"quad_id","n_pixels","manual_excluded","metric_method","pca_euclidean_mean","pca_euclidean_median","pca_euclidean_sd","rao_q_pca","rao_q_distance","alpha_hull_area","alpha_hull_method","alpha_hull_n_points","alpha_hull_alpha","pca_convex_hull_area","pca_hull_volume_3d","pca_hull_area_3d","pca_hull_3d_method","pca_hull_3d_n_points"
"0_a",4447,FALSE,"all_pixels",8.53603237660035,8.10231085122425,4.12808808506114,179.802255851583,"squared_euclidean_pc1_pc3",506.509390608393,"all_pixels",4430,1,1088.61900183921,9662.29630632562,2855.25043506913,"all_pixels",4430
"0_b",3350,FALSE,"all_pixels",7.77160775838731,7.32842003319471,3.68039318561862,147.878275559261,"squared_euclidean_pc1_pc3",423.451847446917,"all_pixels",3331,1,680.977059974412,4248.79811463894,1687.73279746925,"all_pixels",3331
"0_c",6145,FALSE,"all_pixels",8.32866670040126,7.98698827549152,3.83778357050336,168.185749800493,"squared_euclidean_pc1_pc3",580.371401041329,"all_pixels",6130,1,996.269458230373,8118.52096212824,2552.95669424913,"all_pixels",6130
"0_d",7842,FALSE,"all_pixels",7.74974062544128,6.93430632311877,4.46632456855903,160.007982334908,"squared_euclidean_pc1_pc3",672.96396854064,"all_pixels",7836,1,1217.78277227517,9977.59848212308,3099.86568275786,"all_pixels",7836
"1_a",9428,FALSE,"all_pixels",7.3090157819624,6.20548921316713,4.7495885012286,151.955819818278,"squared_euclidean_pc1_pc3",740.697902695791,"all_pixels",9428,1,1227.17222413226,10610.8901225756,3129.50863961963,"all_pixels",9428
"1_b",9385,FALSE,"all_pixels",8.26082257783609,7.02310370135183,5.10682626626684,188.636170616994,"squared_euclidean_pc1_pc3",782.782324613778,"all_pixels",9379,1,1749.17819174476,16178.9552735716,4431.59464964808,"all_pixels",9379
"1_c",4712,FALSE,"all_pixels",9.34907731673371,8.61406377612066,5.25456051927649,230.019586662296,"squared_euclidean_pc1_pc3",555.921824501246,"all_pixels",4705,1,967.952553109996,7589.00364778158,2544.47860005675,"all_pixels",4705
"1_d",7184,FALSE,"all_pixels",9.41342347703121,8.16901765675033,5.28903729924883,233.16512638313,"squared_euclidean_pc1_pc3",705.714875098205,"all_pixels",7165,1,1299.12880990492,10936.8853107534,3285.98143268254,"all_pixels",7165
"10_a",9159,FALSE,"all_pixels",8.75924913260344,8.23897394611234,4.18874621076577,188.53624903627,"squared_euclidean_pc1_pc3",701.589526419312,"all_pixels",9129,1,1264.16623161869,10637.7973585306,3265.96659097689,"all_pixels",9129
"10_b",7511,FALSE,"all_pixels",7.30202939568151,6.57607081236723,4.15606548589308,141.180427881159,"squared_euclidean_pc1_pc3",568.699405623214,"all_pixels",7419,1,1572.27355746767,10465.6790317293,3578.56986330998,"all_pixels",7419
"10_c",7047,FALSE,"all_pixels",5.8650983746195,5.13864073791571,3.45591474323034,92.6820616870237,"squared_euclidean_pc1_pc3",428.879193526933,"all_pixels",6979,1,889.074724977536,5534.70754527271,2147.65060839084,"all_pixels",6979
"10_d",7086,FALSE,"all_pixels",6.49679474813457,5.81491351442208,3.67666467307638,111.448594863239,"squared_euclidean_pc1_pc3",405.078449525982,"all_pixels",7047,1,936.708858143855,5679.11955794216,2221.79036958725,"all_pixels",7047
"100_a",7809,FALSE,"all_pixels",8.55075386378876,7.90683129650215,4.44939152795399,185.819882890997,"squared_euclidean_pc1_pc3",695.440835391985,"all_pixels",7809,1,1080.82317871983,8264.72056706388,2702.85441418028,"all_pixels",7809
"100_b",7035,FALSE,"all_pixels",7.61164405869636,7.02754377783486,3.89923390162801,146.277978196613,"squared_euclidean_pc1_pc3",514.269202120588,"all_pixels",7026,1,852.560591329874,7061.451586039,2278.55155596681,"all_pixels",7026
"100_c",8911,FALSE,"all_pixels",7.98474341558437,7.19882366045898,4.31138843030626,164.684223281295,"squared_euclidean_pc1_pc3",634.396561963608,"all_pixels",8911,1,1086.27938190873,9523.20752646515,2829.43663598294,"all_pixels",8911
"100_d",7619,FALSE,"all_pixels",9.06813500927635,8.34495161172014,4.7499443614807,209.580165412733,"squared_euclidean_pc1_pc3",685.280192668975,"all_pixels",7565,1,1471.84057691606,13812.0769349261,3759.67952790574,"all_pixels",7565
"1000_a",7586,FALSE,"all_pixels",6.37253027258903,6.06367606300572,3.36303816503638,103.835353733739,"squared_euclidean_pc1_pc3",406.003882315189,"all_pixels",7341,1,769.739815064841,4395.21573966088,1862.65797729932,"all_pixels",7341
"1000_b",8134,FALSE,"all_pixels",8.37489800789773,7.94530123244578,4.28748694181874,177.038401910624,"squared_euclidean_pc1_pc3",599.839949365484,"all_pixels",7977,1,1373.63711176538,10738.6118962539,3411.48251886724,"all_pixels",7977
"1000_c",7126,FALSE,"all_pixels",9.05210040957894,8.85150413236898,3.88050067190156,193.993388285471,"squared_euclidean_pc1_pc3",612.384881213771,"all_pixels",6890,1,1234.76407034428,7220.76091919678,2879.97552817718,"all_pixels",6890
"1000_d",7424,FALSE,"all_pixels",6.59507450478288,5.88917905518721,3.9370504086127,117.98657154206,"squared_euclidean_pc1_pc3",479.114230147129,"all_pixels",7380,1,923.448161365806,5029.3864137551,2171.46977406564,"all_pixels",7380
"1001_a",6928,FALSE,"all_pixels",6.52677198990328,6.10198523385613,3.30008951471995,106.975542891711,"squared_euclidean_pc1_pc3",434.000088641099,"all_pixels",6912,1,820.772108167057,5191.62039912755,2064.09314992949,"all_pixels",6912
"1001_b",7555,FALSE,"all_pixels",7.88479775617431,7.19507568446278,4.2075390862129,159.742155100773,"squared_euclidean_pc1_pc3",613.013223341544,"all_pixels",7544,1,978.527317196296,7599.55874456692,2536.28065445626,"all_pixels",7544
"1001_c",8660,FALSE,"all_pixels",9.34129962960518,8.86745955530183,4.30409625440304,211.565968326981,"squared_euclidean_pc1_pc3",743.830575734521,"all_pixels",8641,1,1166.39290195538,9615.74985637943,2866.30474988833,"all_pixels",8641
"1001_d",8740,FALSE,"all_pixels",6.00473677678532,5.36806934998841,3.5008955969372,96.6234628398254,"squared_euclidean_pc1_pc3",485.895012222742,"all_pixels",8740,1,896.22508820533,5438.24299737437,2153.2057437544,"all_pixels",8740
"1002_a",9024,FALSE,"all_pixels",8.82832149646308,7.94973707757521,4.6275095517907,198.701464217444,"squared_euclidean_pc1_pc3",703.371952483296,"all_pixels",9023,1,1116.97461839581,8035.29947759489,2729.33554625802,"all_pixels",9023
"1002_b",8827,FALSE,"all_pixels",8.60564903287377,7.6332324645913,5.21507366888103,202.502215069694,"squared_euclidean_pc1_pc3",687.999391579998,"all_pixels",8789,1,1027.31061943598,9659.27467792152,2839.14725129939,"all_pixels",8789
"1002_c",7501,FALSE,"all_pixels",10.0236610461391,9.0707583219883,5.33551046857379,257.875315089152,"squared_euclidean_pc1_pc3",882.705271921722,"all_pixels",7490,1,1722.5125891255,17802.5467681962,4385.19828037769,"all_pixels",7490
"1002_d",8618,FALSE,"all_pixels",8.85964490654642,8.01389852068577,4.70029877896121,201.167105831933,"squared_euclidean_pc1_pc3",794.974584011806,"all_pixels",8580,1,1310.5961154607,10431.778561173,3173.30459053116,"all_pixels",8580
"1003_a",9162,FALSE,"all_pixels",8.43414312936123,7.61544998230646,4.61108834854139,184.789170794891,"squared_euclidean_pc1_pc3",691.512350503602,"all_pixels",8949,1,1452.47757942124,15973.4825174565,3856.72859217569,"all_pixels",8949
"1003_b",8560,FALSE,"all_pixels",8.31568034124757,7.35497214192212,4.65781937687313,181.686572779803,"squared_euclidean_pc1_pc3",634.830314734706,"all_pixels",8504,1,967.11597568158,10325.7643963335,2982.773199053,"all_pixels",8504
"1003_c",7175,FALSE,"all_pixels",7.41112326828398,6.68421011934132,4.0333762849372,142.381210038406,"squared_euclidean_pc1_pc3",528.549947005455,"all_pixels",7152,1,976.664331638016,7644.20281039652,2503.8369370441,"all_pixels",7152
"1003_d",9306,FALSE,"all_pixels",7.55074517272777,6.29585662533943,5.03229989380122,164.670147249965,"squared_euclidean_pc1_pc3",720.477146260135,"all_pixels",9279,1,1233.76995616879,12584.460076404,3380.13541938321,"all_pixels",9279
"1004_a",9158,FALSE,"all_pixels",5.74640221205981,4.99686367150048,3.53669468171553,91.0559636623929,"squared_euclidean_pc1_pc3",542.84881915188,"all_pixels",9041,1,954.622264929271,7231.78856410547,2424.25912776334,"all_pixels",9041
"1004_b",5435,FALSE,"all_pixels",7.90234062326873,7.2793028558641,3.7960856855398,153.709204950274,"squared_euclidean_pc1_pc3",457.489138033256,"all_pixels",5433,1,735.013208012735,6397.83212138579,2073.8004742474,"all_pixels",5433
"1004_c",6893,FALSE,"all_pixels",7.9410871383243,7.44124500859224,4.22940706700051,161.892307994375,"squared_euclidean_pc1_pc3",529.908823197857,"all_pixels",6893,1,770.707606480991,6641.93274724357,2139.82052489202,"all_pixels",6893
"1004_d",8100,FALSE,"all_pixels",7.58863771951747,6.88529713595498,4.06322206354843,148.190315464287,"squared_euclidean_pc1_pc3",637.278103967201,"all_pixels",8002,1,1032.65414685376,8176.64752108798,2578.73594601004,"all_pixels",8002
"1005_a",7610,FALSE,"all_pixels",7.95068809919077,7.45449472755083,4.07242929680877,159.591884601739,"squared_euclidean_pc1_pc3",667.211585003105,"all_pixels",7517,1,980.697511663159,7453.91607195766,2462.24930206904,"all_pixels",7517
"1005_b",8322,FALSE,"all_pixels",8.66646688000539,8.24115503786593,4.4239880672848,189.353933605624,"squared_euclidean_pc1_pc3",536.310798976739,"all_pixels",8235,1,852.521648218175,6628.73521015664,2274.33287003119,"all_pixels",8235
"1005_c",7573,FALSE,"all_pixels",7.98854771749075,7.43847505636352,4.19974636678669,162.904870266823,"squared_euclidean_pc1_pc3",541.906142180355,"all_pixels",7549,1,935.620499387922,7048.17415107161,2422.422526549,"all_pixels",7549
"1005_d",7128,FALSE,"all_pixels",7.38164421381039,6.81275405718392,3.99136215177428,140.834816282145,"squared_euclidean_pc1_pc3",433.284912218104,"all_pixels",6911,1,759.465774377144,4597.21978879779,1892.37814368272,"all_pixels",6911
"1006_a",7391,FALSE,"all_pixels",7.88972945596212,7.24914917425625,4.19416676820384,159.672971412473,"squared_euclidean_pc1_pc3",547.127831128875,"all_pixels",7341,1,829.105830077555,6020.99472309374,2103.88583959469,"all_pixels",7341
"1006_b",8041,FALSE,"all_pixels",7.68349001249416,7.03313200096932,4.31193402026144,155.25296304115,"squared_euclidean_pc1_pc3",506.422004830252,"all_pixels",7768,1,1008.73706968736,7502.13905322593,2560.6932130074,"all_pixels",7768
"1006_c",8559,FALSE,"all_pixels",8.96598610296462,7.85340537818379,4.98828276866001,210.537929101207,"squared_euclidean_pc1_pc3",732.362947704298,"all_pixels",8535,1,1309.54867854036,13162.150937396,3614.08236865105,"all_pixels",8535
"1006_d",8257,FALSE,"all_pixels",7.77912446477235,7.12583439117313,4.13219498369238,155.17548975007,"squared_euclidean_pc1_pc3",629.81306544216,"all_pixels",8233,1,1120.86978190151,11212.7477371371,3048.69527389371,"all_pixels",8233
"1007_a",8143,FALSE,"all_pixels",8.94672026379232,8.49039571278788,4.4272933913931,199.284646325793,"squared_euclidean_pc1_pc3",701.994665078469,"all_pixels",8121,1,1587.29560676567,17380.5070595208,4190.65011040843,"all_pixels",8121
"1007_b",7968,FALSE,"all_pixels",8.39780786549932,7.73993337201216,4.48411980195197,181.255967667518,"squared_euclidean_pc1_pc3",683.70896004872,"all_pixels",7907,1,1084.10763908191,8770.08469519897,2755.91682523904,"all_pixels",7907
"1007_c",6227,FALSE,"all_pixels",9.06799147727687,8.39208759925973,4.70980236871493,208.814291034078,"squared_euclidean_pc1_pc3",653.919281149419,"all_pixels",6192,1,1492.93734553987,14443.1318201902,3741.87235776773,"all_pixels",6192
"1007_d",8287,FALSE,"all_pixels",8.68570994246429,8.12161008313247,4.65017491104506,194.126149008896,"squared_euclidean_pc1_pc3",765.390310049005,"all_pixels",8255,1,1570.2652403088,12454.7041140373,3780.72226700771,"all_pixels",8255
"1008_a",5961,FALSE,"all_pixels",9.39704496346505,8.71681266949566,4.70996475861491,220.969001176918,"squared_euclidean_pc1_pc3",568.95276041394,"all_pixels",5898,1,941.103575637189,9227.6458556798,2630.91143270259,"all_pixels",5898
"1008_b",7981,FALSE,"all_pixels",8.28333005590962,7.72693285168118,4.07407100724975,170.419063382298,"squared_euclidean_pc1_pc3",541.819416523643,"all_pixels",7775,1,765.789530922666,6351.19521343485,2111.47253492586,"all_pixels",7775
"1008_c",6769,FALSE,"all_pixels",9.84252174466579,9.28835054856989,5.05251108541989,244.798662543171,"squared_euclidean_pc1_pc3",685.838230544583,"all_pixels",6728,1,1213.17051905556,11010.4820329753,3226.48402649035,"all_pixels",6728
"1008_d",7119,FALSE,"all_pixels",9.74813669011351,8.93848571006138,5.30563259656843,246.343904017527,"squared_euclidean_pc1_pc3",680.245057797879,"all_pixels",7119,1,1128.09360088505,9303.63315271772,2884.24576471251,"all_pixels",7119
"1009_a",NA,TRUE,"manual_excluded",NA,NA,NA,NA,"squared_euclidean_pc1_pc3",NA,"manual_excluded",NA,1,NA,NA,NA,"manual_excluded",NA
"1009_b",NA,TRUE,"manual_excluded",NA,NA,NA,NA,"squared_euclidean_pc1_pc3",NA,"manual_excluded",NA,1,NA,NA,NA,"manual_excluded",NA
"1009_c",NA,TRUE,"manual_excluded",NA,NA,NA,NA,"squared_euclidean_pc1_pc3",NA,"manual_excluded",NA,1,NA,NA,NA,"manual_excluded",NA
"1009_d",NA,TRUE,"manual_excluded",NA,NA,NA,NA,"squared_euclidean_pc1_pc3",NA,"manual_excluded",NA,1,NA,NA,NA,"manual_excluded",NA
"101_a",8757,FALSE,"all_pixels",8.44722424880346,7.13490977375201,5.0962216208647,194.648213045258,"squared_euclidean_pc1_pc3",767.080161924245,"all_pixels",8757,1,1424.83190341363,11421.2057124437,3535.32262646053,"all_pixels",8757
"101_b",9262,FALSE,"all_pixels",8.26463383700951,7.22108494364985,4.85899773259488,183.822964629946,"squared_euclidean_pc1_pc3",729.758336031881,"all_pixels",9262,1,1392.70164360041,9678.66168403551,3314.05242780602,"all_pixels",9262
"101_c",9272,FALSE,"all_pixels",8.84504056530317,7.36518936158302,5.88885109998983,225.81913948175,"squared_euclidean_pc1_pc3",903.525366447718,"all_pixels",9270,1,1563.26224493142,12332.4605555401,3775.30444945586,"all_pixels",9270
"101_d",7769,FALSE,"all_pixels",10.2907432620359,8.79598738160325,6.31611592831764,291.575164737492,"squared_euclidean_pc1_pc3",813.977393097803,"all_pixels",7743,1,1397.42020294171,10274.0106765432,3466.92449998549,"all_pixels",7743
"1010_a",NA,TRUE,"manual_excluded",NA,NA,NA,NA,"squared_euclidean_pc1_pc3",NA,"manual_excluded",NA,1,NA,NA,NA,"manual_excluded",NA
"1010_b",NA,TRUE,"manual_excluded",NA,NA,NA,NA,"squared_euclidean_pc1_pc3",NA,"manual_excluded",NA,1,NA,NA,NA,"manual_excluded",NA
"1010_c",NA,TRUE,"manual_excluded",NA,NA,NA,NA,"squared_euclidean_pc1_pc3",NA,"manual_excluded",NA,1,NA,NA,NA,"manual_excluded",NA
"1010_d",NA,TRUE,"manual_excluded",NA,NA,NA,NA,"squared_euclidean_pc1_pc3",NA,"manual_excluded",NA,1,NA,NA,NA,"manual_excluded",NA
"1011_a",7687,FALSE,"all_pixels",7.24400155878601,6.28808212658293,4.35412910021696,142.863065012151,"squared_euclidean_pc1_pc3",525.77816604577,"all_pixels",7424,1,1278.59124146556,8123.38668058411,3016.53326146249,"all_pixels",7424
"1011_b",8671,FALSE,"all_pixels",9.50106625800528,8.3242582769448,5.1667380801492,233.92472750771,"squared_euclidean_pc1_pc3",756.285688542402,"all_pixels",8238,1,1517.59842976136,17657.0751798326,4477.9714781462,"all_pixels",8238
"1011_c",8880,FALSE,"all_pixels",8.16035645190761,7.4038942216233,4.32137666367726,170.527221460546,"squared_euclidean_pc1_pc3",673.151487012288,"all_pixels",8592,1,1061.16595204603,9218.63092263272,2768.43732156428,"all_pixels",8592
"1011_d",8415,FALSE,"all_pixels",7.60101235915509,6.96569105300176,4.08154950769501,148.864911166275,"squared_euclidean_pc1_pc3",549.043757541805,"all_pixels",8391,1,939.181309243874,6271.87627501923,2261.14825860257,"all_pixels",8391
"1012_a",9103,FALSE,"all_pixels",7.35476985114324,6.00001056030276,5.01150709157117,158.410167778523,"squared_euclidean_pc1_pc3",683.889097297377,"all_pixels",9080,1,1506.86360082133,14568.4562317304,3919.39006050521,"all_pixels",9080
"1012_b",9167,FALSE,"all_pixels",7.85710541236946,6.95686336558608,4.57904842731725,165.399005320426,"squared_euclidean_pc1_pc3",751.476626910226,"all_pixels",9157,1,1616.99669840101,13244.1195322318,3991.26957457406,"all_pixels",9157
"1012_c",9377,FALSE,"all_pixels",12.75310266459,11.6800726647496,7.85659604921093,448.722292681738,"squared_euclidean_pc1_pc3",931.67854339459,"all_pixels",9189,1,1710.40926349627,14449.0889717516,4376.06842056691,"all_pixels",9189
"1012_d",9424,FALSE,"all_pixels",8.43968044407662,7.07617998360709,5.57570151779591,204.62670910932,"squared_euclidean_pc1_pc3",606.345766546946,"all_pixels",9364,1,1334.68349939886,12633.3926456499,3781.10163721031,"all_pixels",9364
"1013_a",NA,TRUE,"manual_excluded",NA,NA,NA,NA,"squared_euclidean_pc1_pc3",NA,"manual_excluded",NA,1,NA,NA,NA,"manual_excluded",NA
"1013_b",NA,TRUE,"manual_excluded",NA,NA,NA,NA,"squared_euclidean_pc1_pc3",NA,"manual_excluded",NA,1,NA,NA,NA,"manual_excluded",NA
"1013_c",NA,TRUE,"manual_excluded",NA,NA,NA,NA,"squared_euclidean_pc1_pc3",NA,"manual_excluded",NA,1,NA,NA,NA,"manual_excluded",NA
"1013_d",NA,TRUE,"manual_excluded",NA,NA,NA,NA,"squared_euclidean_pc1_pc3",NA,"manual_excluded",NA,1,NA,NA,NA,"manual_excluded",NA
"1014_a",NA,TRUE,"manual_excluded",NA,NA,NA,NA,"squared_euclidean_pc1_pc3",NA,"manual_excluded",NA,1,NA,NA,NA,"manual_excluded",NA
"1014_b",NA,TRUE,"manual_excluded",NA,NA,NA,NA,"squared_euclidean_pc1_pc3",NA,"manual_excluded",NA,1,NA,NA,NA,"manual_excluded",NA
"1014_c",NA,TRUE,"manual_excluded",NA,NA,NA,NA,"squared_euclidean_pc1_pc3",NA,"manual_excluded",NA,1,NA,NA,NA,"manual_excluded",NA
"1014_d",NA,TRUE,"manual_excluded",NA,NA,NA,NA,"squared_euclidean_pc1_pc3",NA,"manual_excluded",NA,1,NA,NA,NA,"manual_excluded",NA
"1015_a",5129,FALSE,"all_pixels",5.30238643101956,4.87700235946308,2.82891107480264,72.2329588819244,"squared_euclidean_pc1_pc3",302.997219939926,"all_pixels",5115,1,425.384629924483,1896.77829030652,1044.83138441347,"all_pixels",5115
"1015_b",4428,FALSE,"all_pixels",4.51394276440796,4.02953383307707,2.64299151290134,54.719011729486,"squared_euclidean_pc1_pc3",265.59363940638,"all_pixels",4415,1,518.746922240795,2243.69635041946,1206.30179423603,"all_pixels",4415
"1015_c",3443,FALSE,"all_pixels",4.19377129230625,3.76653067156546,2.46612855440721,47.3354825545916,"squared_euclidean_pc1_pc3",213.941807407636,"all_pixels",3432,1,491.130145518455,2865.46452118112,1273.81012473045,"all_pixels",3432
"1015_d",3668,FALSE,"all_pixels",3.63798489838355,3.37903180950111,1.81491437601085,33.0559005988676,"squared_euclidean_pc1_pc3",153.716719071607,"all_pixels",3610,1,209.678391626038,909.257808101239,571.60504041118,"all_pixels",3610
"1016_a",1177,FALSE,"all_pixels",3.72132589070414,3.46716345215929,1.7237458117458,33.6340830793342,"squared_euclidean_pc1_pc3",92.7414725907235,"all_pixels",1177,1,168.998677008468,656.479817907394,468.257291140739,"all_pixels",1177
"1016_b",3459,FALSE,"all_pixels",3.60414714010714,3.39592239134451,1.75203067514594,32.117201333526,"squared_euclidean_pc1_pc3",152.084472106189,"all_pixels",3431,1,251.184327068148,1197.42773906569,690.017872557411,"all_pixels",3431
"1016_c",5061,FALSE,"all_pixels",3.55838146539741,3.31157668702782,1.7805277752954,31.6634627965924,"squared_euclidean_pc1_pc3",157.935819416025,"all_pixels",5061,1,252.31051048013,1305.79272068678,717.922144952427,"all_pixels",5061
"1016_d",5267,FALSE,"all_pixels",3.70479585896005,3.42457122496834,1.83745947588271,34.2022573222643,"squared_euclidean_pc1_pc3",159.10501048153,"all_pixels",5246,1,216.534967579578,875.879609666256,564.599278087209,"all_pixels",5246
"1017_a",4329,FALSE,"all_pixels",5.20554667830242,4.44982305410803,3.2940459015837,75.8918961972969,"squared_euclidean_pc1_pc3",265.82244468283,"all_pixels",4325,1,383.304519560391,1695.1340565789,951.465443629445,"all_pixels",4325
"1017_b",4401,FALSE,"all_pixels",3.84332417439347,3.49017858687776,2.03563167158676,37.8279909078958,"squared_euclidean_pc1_pc3",163.259116858231,"all_pixels",4375,1,223.224939182938,859.841824017947,587.237974686275,"all_pixels",4375
"1017_c",6969,FALSE,"all_pixels",3.67877449919825,3.25686667599883,2.16532067627165,36.4426453312661,"squared_euclidean_pc1_pc3",175.627402312236,"all_pixels",6969,1,226.657770789548,925.424392508206,604.949407888197,"all_pixels",6969
"1017_d",6878,FALSE,"all_pixels",4.81702529876929,4.47187800902583,2.5510702278669,59.4214916742327,"squared_euclidean_pc1_pc3",241.272753538733,"all_pixels",6788,1,457.900384221139,2631.16073316433,1182.80945913353,"all_pixels",6788
"1018_a",5184,FALSE,"all_pixels",2.88437029594554,2.63889766474246,1.49560696903854,21.1120014414647,"squared_euclidean_pc1_pc3",111.402733049013,"all_pixels",5184,1,143.580539698954,527.285475615152,391.05109188407,"all_pixels",5184
"1018_b",4436,FALSE,"all_pixels",8.18991713206608,8.05574746423241,4.62010163528728,176.830539813377,"squared_euclidean_pc1_pc3",280.58085847246,"all_pixels",4430,1,562.513800348165,2395.18221403777,1385.09913859122,"all_pixels",4430
"1018_c",4161,FALSE,"all_pixels",8.26845409146473,5.79702643100288,6.886292315535,231.553916746221,"squared_euclidean_pc1_pc3",395.014177190469,"all_pixels",4158,1,1354.30501414124,7493.45995184026,3050.52717377467,"all_pixels",4158
"1018_d",6240,FALSE,"all_pixels",5.85904354375052,5.1696819619746,3.47427262859137,92.7940543181563,"squared_euclidean_pc1_pc3",285.993685231523,"all_pixels",6231,1,693.013124154493,3908.02321525722,1732.42258620743,"all_pixels",6231
"1019_a",6534,FALSE,"all_pixels",7.04857604280485,6.16804188912934,4.2312661496929,135.166594782749,"squared_euclidean_pc1_pc3",448.569648752858,"all_pixels",6478,1,691.503700423666,4291.14936882707,1722.39034016726,"all_pixels",6478
"1019_b",7882,FALSE,"all_pixels",7.98400867973594,7.34366079244396,4.25969376675813,163.774167010221,"squared_euclidean_pc1_pc3",512.967257005098,"all_pixels",7822,1,766.126735955427,4484.1242047545,1888.26606244399,"all_pixels",7822
"1019_c",7598,FALSE,"all_pixels",7.21653072011897,6.66742014128546,3.49717339725042,128.613855483109,"squared_euclidean_pc1_pc3",511.333475180086,"all_pixels",7572,1,778.465873702131,4946.89900270398,1901.81629258247,"all_pixels",7572
"1019_d",6989,FALSE,"all_pixels",7.52122029370084,6.79514691721388,4.23690453228298,149.035092411631,"squared_euclidean_pc1_pc3",398.654962411173,"all_pixels",6871,1,527.195268109672,3089.0471057511,1403.74710052083,"all_pixels",6871
"102_a",5286,FALSE,"all_pixels",9.4463519525661,8.74937241934671,5.03213088735224,229.102232049849,"squared_euclidean_pc1_pc3",584.979540459095,"all_pixels",5281,1,987.662421383171,6386.38750216458,2408.43822587754,"all_pixels",5281
"102_b",5853,FALSE,"all_pixels",8.11317136950827,7.43837248210245,4.57076914574961,173.423821630084,"squared_euclidean_pc1_pc3",549.497089499338,"all_pixels",5850,1,984.32025367833,7700.20165368295,2552.39837844858,"all_pixels",5850
"102_c",5277,FALSE,"all_pixels",8.62977828672327,7.71815531466605,4.93007611929699,197.548235720269,"squared_euclidean_pc1_pc3",471.455454803249,"all_pixels",5277,1,998.455201336051,6462.64871540385,2414.46114398105,"all_pixels",5277
"102_d",7148,FALSE,"all_pixels",7.80537483391051,7.23873231103803,4.14520136700586,156.208333648856,"squared_euclidean_pc1_pc3",457.943238082868,"all_pixels",7134,1,771.775484785579,5738.07092229733,2067.21004190826,"all_pixels",7134
"1020_a",7266,FALSE,"all_pixels",5.71518815418766,5.11795622773494,3.35462042203292,87.8306100556222,"squared_euclidean_pc1_pc3",338.553406701389,"all_pixels",7155,1,520.072889923655,2199.01647778531,1253.13587242572,"all_pixels",7155
"1020_b",7202,FALSE,"all_pixels",6.44130515422122,5.94929749792525,3.44627348144282,106.731127802187,"squared_euclidean_pc1_pc3",426.387646820393,"all_pixels",7154,1,647.398023885455,3291.44564259023,1561.5186710039,"all_pixels",7154
"1020_c",7382,FALSE,"all_pixels",7.14603507790156,6.79748403032503,3.48666767712021,126.442044003437,"squared_euclidean_pc1_pc3",465.121236682169,"all_pixels",7356,1,776.521527379263,4887.48102134337,1907.59753002448,"all_pixels",7356
"1020_d",6971,FALSE,"all_pixels",6.88705121719809,6.43527003240828,3.53581520350158,119.863340386509,"squared_euclidean_pc1_pc3",435.180672205214,"all_pixels",6970,1,760.01618515141,4614.18802628901,1829.38727300288,"all_pixels",6970
"1021_a",6804,FALSE,"all_pixels",7.19043289625525,6.61398812668052,3.90563636006175,133.908157393492,"squared_euclidean_pc1_pc3",504.534182750175,"all_pixels",6801,1,1081.51540303583,6746.8043996718,2541.26041162101,"all_pixels",6801
"1021_b",6499,FALSE,"all_pixels",6.47810983908469,6.03031809287079,3.41626175295799,107.269911322353,"squared_euclidean_pc1_pc3",385.846804612513,"all_pixels",6497,1,621.91873448154,3629.74228592054,1556.44835994579,"all_pixels",6497
"1021_c",7396,FALSE,"all_pixels",6.45215906029068,6.026923744048,3.37440397560048,106.030838335236,"squared_euclidean_pc1_pc3",403.324968730145,"all_pixels",7388,1,623.652099196364,3459.50748394362,1522.05530771211,"all_pixels",7388
"1021_d",6058,FALSE,"all_pixels",6.73315146217805,6.16110316680544,3.6179201431536,116.845028207323,"squared_euclidean_pc1_pc3",414.145818832034,"all_pixels",5940,1,1055.80738882052,6232.83229416462,2499.93594926716,"all_pixels",5940
"1022_a",7025,FALSE,"all_pixels",7.28538214366857,6.68126394155442,3.94313145099735,137.245730680069,"squared_euclidean_pc1_pc3",523.559617837729,"all_pixels",7016,1,794.081366361684,5162.16378792534,1947.54821665114,"all_pixels",7016
"1022_b",6887,FALSE,"all_pixels",7.23252790852254,6.79863043067267,3.65404001981628,131.319059375225,"squared_euclidean_pc1_pc3",513.329572918639,"all_pixels",6877,1,848.619607275096,4366.45377972904,1961.00815496091,"all_pixels",6877
"1022_c",7643,FALSE,"all_pixels",7.76267891077498,6.89787506166421,4.53940874464055,161.725439061264,"squared_euclidean_pc1_pc3",513.440431164242,"all_pixels",7632,1,809.520151104301,5565.35542666854,2090.42576895075,"all_pixels",7632
"1022_d",7136,FALSE,"all_pixels",6.23368772273658,5.63350096137699,3.39262721528689,100.734338218727,"squared_euclidean_pc1_pc3",446.102568519684,"all_pixels",7135,1,648.022658825673,3777.74695699577,1601.95413407091,"all_pixels",7135
"1023_a",8477,FALSE,"all_pixels",6.6425236189337,6.33734635491091,3.30369721658644,110.072495588404,"squared_euclidean_pc1_pc3",444.915551053783,"all_pixels",8462,1,624.052246969472,3586.69281493372,1556.50979853574,"all_pixels",8462
"1023_b",8864,FALSE,"all_pixels",6.98177926972465,6.00871648770718,4.03445656630801,130.040490541012,"squared_euclidean_pc1_pc3",480.031168447416,"all_pixels",8851,1,738.080652020123,5667.87298974699,2025.35649806749,"all_pixels",8851
"1023_c",8166,FALSE,"all_pixels",7.44722615473577,6.55215533457677,4.24900241170858,147.025976034993,"squared_euclidean_pc1_pc3",538.733260357644,"all_pixels",8147,1,914.249506717929,8004.01657782233,2524.29500972266,"all_pixels",8147
"1023_d",7237,FALSE,"all_pixels",7.93580865386912,7.4391810211499,4.13261646704047,160.106435930356,"squared_euclidean_pc1_pc3",557.96416342495,"all_pixels",7231,1,819.417414083132,5640.33030230817,2077.28205978346,"all_pixels",7231
"1024_a",7733,FALSE,"all_pixels",7.82696256365581,6.88717377310774,4.32731137591015,159.969090391423,"squared_euclidean_pc1_pc3",639.17254472793,"all_pixels",7733,1,1193.94319212499,9213.48291236241,2939.65302140675,"all_pixels",7733
"1024_b",6282,FALSE,"all_pixels",9.0253917982843,8.21157859372429,4.69905719431237,207.070641285039,"squared_euclidean_pc1_pc3",798.743822719084,"all_pixels",6279,1,1266.9059043449,11471.1578076211,3288.38218481095,"all_pixels",6279
"1024_c",6205,FALSE,"all_pixels",7.83767901660524,7.15393124313371,4.41398508061765,161.818673458936,"squared_euclidean_pc1_pc3",660.765193561569,"all_pixels",6203,1,1122.54922194435,10018.8564132317,2924.15074215965,"all_pixels",6203
"1024_d",7811,FALSE,"all_pixels",6.45620829053364,5.70776006014884,3.7634147885888,111.688206224697,"squared_euclidean_pc1_pc3",463.117065320332,"all_pixels",7810,1,966.330711110188,7097.83740068901,2398.30409757932,"all_pixels",7810
"103_a",7116,FALSE,"all_pixels",6.98300714837113,6.3515764342662,3.90861670305028,128.075052946834,"squared_euclidean_pc1_pc3",490.821401609618,"all_pixels",7095,1,912.828917323031,7603.74210445925,2423.32174479884,"all_pixels",7095
"103_b",6618,FALSE,"all_pixels",9.58696571444092,9.01400906169741,5.18949332011472,237.673366394235,"squared_euclidean_pc1_pc3",571.097755654623,"all_pixels",6601,1,1262.84820785323,8959.44161157639,3004.49186703391,"all_pixels",6601
"103_c",6621,FALSE,"all_pixels",8.04183796150957,7.15159117257415,4.29406991919895,166.214818675778,"squared_euclidean_pc1_pc3",564.993226143098,"all_pixels",6603,1,1011.26948049765,8335.15319047907,2674.40527438265,"all_pixels",6603
"103_d",7054,FALSE,"all_pixels",7.99386386734614,7.3653293339287,4.27436220061978,164.338883414975,"squared_euclidean_pc1_pc3",576.946698304465,"all_pixels",6874,1,1038.78428081122,7108.04386050462,2562.79396065339,"all_pixels",6874
"104_a",5827,FALSE,"all_pixels",8.38149244004916,7.6825199979336,4.72878528102913,185.213976411167,"squared_euclidean_pc1_pc3",499.561532088704,"all_pixels",5827,1,1226.70568427731,9901.62853734922,3085.26024019537,"all_pixels",5827
"104_b",5579,FALSE,"all_pixels",7.6847311514513,7.17848478768221,4.05399715509863,150.974079908779,"squared_euclidean_pc1_pc3",462.848742021541,"all_pixels",5527,1,831.303964067683,7592.75116954058,2397.48145121272,"all_pixels",5527
"104_c",7448,FALSE,"all_pixels",7.19954876526099,6.68238291880826,3.63206978068456,130.047324221326,"squared_euclidean_pc1_pc3",463.867346927484,"all_pixels",7447,1,724.979203682977,5470.11888900539,1898.52569216266,"all_pixels",7447
"104_d",7943,FALSE,"all_pixels",6.67778434419796,5.91789931418032,3.74209184006907,117.188584239131,"squared_euclidean_pc1_pc3",492.066368700494,"all_pixels",7943,1,900.870972657406,6553.2501364802,2342.02118942008,"all_pixels",7943
"105_a",8027,FALSE,"all_pixels",8.53009785447908,7.83749064686458,4.38529030785815,183.98188946098,"squared_euclidean_pc1_pc3",674.900085397706,"all_pixels",8027,1,1147.99189405836,7785.62747621427,2857.39835222607,"all_pixels",8027
"105_b",7017,FALSE,"all_pixels",9.45200357712268,8.79551045653245,4.76289648218187,224.044643265616,"squared_euclidean_pc1_pc3",744.166095590187,"all_pixels",7017,1,1304.35999409161,8931.69769159187,3156.20721668195,"all_pixels",7017
"105_c",7273,FALSE,"all_pixels",10.0412742889596,9.66741337196354,4.92202911163928,250.100457841809,"squared_euclidean_pc1_pc3",860.557672090002,"all_pixels",7268,1,1738.10842442737,12896.7261458716,4063.85741603317,"all_pixels",7268
"105_d",6731,FALSE,"all_pixels",8.52674603758362,7.62965497426737,5.22328147965504,199.96802823791,"squared_euclidean_pc1_pc3",688.724005456702,"all_pixels",6709,1,1303.56675925578,10553.5335977666,3397.79633650375,"all_pixels",6709
"106_a",6919,FALSE,"all_pixels",9.05563289624244,8.50498390208186,4.40531001180472,202.816877203476,"squared_euclidean_pc1_pc3",765.790498518789,"all_pixels",6919,1,1446.34170506944,11274.3270432208,3448.64562277664,"all_pixels",6919
"106_b",7876,FALSE,"all_pixels",10.2097151376572,8.80708288539223,6.11609539235039,283.280313192389,"squared_euclidean_pc1_pc3",926.741854052672,"all_pixels",7854,1,1698.05492912714,15381.098768869,4197.89098031687,"all_pixels",7854
"106_c",5803,FALSE,"all_pixels",7.37162251189672,6.87155692830314,3.64743878830535,135.284671195711,"squared_euclidean_pc1_pc3",422.743298589957,"all_pixels",5803,1,843.903371996478,6042.43018271842,2155.806555184,"all_pixels",5803
"106_d",6677,FALSE,"all_pixels",8.01673850611366,7.65166234321115,3.83648239203677,157.968978094039,"squared_euclidean_pc1_pc3",486.12596010605,"all_pixels",6674,1,712.658775801264,5414.18812456541,1919.10025145508,"all_pixels",6674
"107_a",6298,FALSE,"all_pixels",8.33254584487863,7.81563661195649,4.40126097598776,177.598685363677,"squared_euclidean_pc1_pc3",614.183091589958,"all_pixels",6256,1,1093.69079614953,9532.71151832809,2834.29900611562,"all_pixels",6256
"107_b",6473,FALSE,"all_pixels",10.0695313909658,9.50313334280102,5.01939808469365,253.17185468727,"squared_euclidean_pc1_pc3",628.643123155451,"all_pixels",6445,1,1134.50067739934,9210.72835863826,2839.33014647758,"all_pixels",6445
"107_c",8264,FALSE,"all_pixels",6.41644296363573,5.83023505329437,3.58119703572344,107.988321211441,"squared_euclidean_pc1_pc3",459.965397085497,"all_pixels",8233,1,895.32803105272,5142.57484982859,2147.90489166545,"all_pixels",8233
"107_d",7581,FALSE,"all_pixels",6.52133854080483,6.15000589850966,3.42427068762239,108.503878786191,"squared_euclidean_pc1_pc3",399.542138575117,"all_pixels",7489,1,707.381920422861,4508.16729346925,1820.54896772259,"all_pixels",7489
"108_a",7856,FALSE,"all_pixels",6.88208741954726,6.21945690653162,3.81585565961663,123.844056417599,"squared_euclidean_pc1_pc3",467.640117741028,"all_pixels",7856,1,945.693556937062,6242.78727985722,2244.57310369747,"all_pixels",7856
"108_b",8053,FALSE,"all_pixels",6.56676684999612,5.97410224816422,3.61054228036124,112.313647285881,"squared_euclidean_pc1_pc3",350.604244837454,"all_pixels",7982,1,633.007477900277,3981.43660925144,1629.83623284033,"all_pixels",7982
"108_c",7680,FALSE,"all_pixels",7.49243259230886,7.04343056079257,3.95346034251154,143.528719387113,"squared_euclidean_pc1_pc3",465.175336654188,"all_pixels",7680,1,951.84082968538,6578.96528512471,2384.07284501438,"all_pixels",7680
"108_d",8224,FALSE,"all_pixels",6.98775090665153,6.38089255700675,3.80298275674507,126.579163974827,"squared_euclidean_pc1_pc3",463.398472794411,"all_pixels",8216,1,893.102666700644,5294.60735723456,2114.93387976319,"all_pixels",8216
"109_a",8703,FALSE,"all_pixels",7.59459827119201,6.54405314170031,5.00000607581325,165.350222158609,"squared_euclidean_pc1_pc3",618.886655693329,"all_pixels",8702,1,1342.07168794589,7582.82930565793,3157.64301559294,"all_pixels",8702
"109_b",8297,FALSE,"all_pixels",7.99855104739818,6.95579963692705,4.72745166339031,172.645848975046,"squared_euclidean_pc1_pc3",679.247915856013,"all_pixels",8294,1,1226.99082070997,8124.01525075574,2935.29537428819,"all_pixels",8294
"109_c",8922,FALSE,"all_pixels",7.99494982165508,7.15652437836794,4.77859742725811,173.503313239204,"squared_euclidean_pc1_pc3",725.444454754633,"all_pixels",8921,1,1518.51751059354,9619.74146639052,3463.21392877736,"all_pixels",8921
"109_d",8308,FALSE,"all_pixels",8.12617912880982,7.14673948413631,4.84746003140746,179.059655294371,"squared_euclidean_pc1_pc3",598.575497638616,"all_pixels",8308,1,1403.51426598733,10389.5927977499,3378.8450494327,"all_pixels",8308
"11_a",7247,FALSE,"all_pixels",6.18569075595196,5.41992342410844,3.72986958517901,104.345555139725,"squared_euclidean_pc1_pc3",446.005436924423,"all_pixels",7195,1,828.684452271892,3933.66565193131,1884.32312910051,"all_pixels",7195
"11_b",7332,FALSE,"all_pixels",6.36705399638069,5.83551974425942,3.61633824241603,107.230990403544,"squared_euclidean_pc1_pc3",405.956627938832,"all_pixels",7290,1,882.646392667282,5157.14063236606,2075.71081887429,"all_pixels",7290
"11_c",6199,FALSE,"all_pixels",7.05277111162202,6.47494759715194,3.78210369025878,128.08716231623,"squared_euclidean_pc1_pc3",442.102091295661,"all_pixels",6172,1,987.367042927954,4914.04893615317,2230.70375270647,"all_pixels",6172
"11_d",7782,FALSE,"all_pixels",5.09318181461748,4.62659101039165,2.86478265001718,68.292852035994,"squared_euclidean_pc1_pc3",322.261156696278,"all_pixels",7712,1,569.849966556252,2598.98770501434,1334.15509068894,"all_pixels",7712
"110_a",7237,FALSE,"all_pixels",18.2977068620843,16.6826827901561,10.267188801638,880.41335231554,"squared_euclidean_pc1_pc3",1552.02295734648,"all_pixels",7237,1,3786.85709431023,36511.3309587112,9478.81109224901,"all_pixels",7237
"110_b",9160,FALSE,"all_pixels",8.89922280816991,6.98215358952559,7.01142055969748,256.701636080358,"squared_euclidean_pc1_pc3",926.330303258979,"all_pixels",9160,1,2655.22165469878,24033.3421331146,6274.53209006252,"all_pixels",9160
"110_c",6647,FALSE,"all_pixels",9.60472988687743,8.01522144456997,6.61392437883945,271.976501751081,"squared_euclidean_pc1_pc3",688.258307671881,"all_pixels",6601,1,1277.2246979033,9171.71406856399,3101.03438938109,"all_pixels",6601
"110_d",7202,FALSE,"all_pixels",11.9743609516503,11.2577477765512,6.86169478616358,380.923276138745,"squared_euclidean_pc1_pc3",923.153329724434,"all_pixels",7169,1,2538.62309801471,18562.0585218195,5822.14227362189,"all_pixels",7169
"1100_a",6574,FALSE,"all_pixels",7.22236479254669,6.67481102879583,3.96963584047551,135.836329765447,"squared_euclidean_pc1_pc3",507.710820915971,"all_pixels",6535,1,1018.69063256033,6945.20172892311,2523.41333675233,"all_pixels",6535
"1100_b",6685,FALSE,"all_pixels",6.75732611175938,6.22732943184483,3.50339528014361,115.866797303746,"squared_euclidean_pc1_pc3",381.176318428526,"all_pixels",6600,1,738.719679237612,4459.93828803513,1809.34495352626,"all_pixels",6600
"1100_c",6635,FALSE,"all_pixels",7.11836588614304,6.51548433562952,3.75688838026024,129.566431909647,"squared_euclidean_pc1_pc3",454.560566505274,"all_pixels",6620,1,716.497001533974,4171.26324699084,1775.65084182366,"all_pixels",6620
"1100_d",5288,FALSE,"all_pixels",8.12553565792949,7.00605996412859,5.56131607180654,193.893434840066,"squared_euclidean_pc1_pc3",460.318512138,"all_pixels",5282,1,1433.06171012525,10006.0349770697,3448.18056991855,"all_pixels",5282
"1101_a",6845,FALSE,"all_pixels",6.38849876581095,5.87052582878109,3.3435980030418,103.981861658421,"squared_euclidean_pc1_pc3",400.374155187601,"all_pixels",6845,1,593.267995839903,3567.5913136488,1515.7572875749,"all_pixels",6845
"1101_b",7402,FALSE,"all_pixels",7.11060935395502,6.63257999270881,3.71748477214016,128.757182788323,"squared_euclidean_pc1_pc3",427.123169965822,"all_pixels",7402,1,734.710770352037,3996.86626471588,1755.84026801935,"all_pixels",7402
"1101_c",7022,FALSE,"all_pixels",6.45882963402449,5.79511340246058,3.57489910978326,108.989127811801,"squared_euclidean_pc1_pc3",396.042388401862,"all_pixels",7021,1,937.745192051785,5862.96444941189,2265.91805493594,"all_pixels",7021
"1101_d",7122,FALSE,"all_pixels",7.68182545042767,6.585248397543,4.858241649901,165.219280302075,"squared_euclidean_pc1_pc3",492.505753323149,"all_pixels",7107,1,721.229146566128,5301.04120579447,1998.86544973178,"all_pixels",7107
"1102_a",7992,FALSE,"all_pixels",8.17999143112928,7.40166470110003,4.67635805547741,177.555696399034,"squared_euclidean_pc1_pc3",570.104235302328,"all_pixels",7896,1,975.18849347558,8122.87320764887,2591.14782677501,"all_pixels",7896
"1102_b",8842,FALSE,"all_pixels",7.04136553944202,6.13055841258832,4.23934294986069,135.101649463038,"squared_euclidean_pc1_pc3",490.754637392632,"all_pixels",8809,1,1317.65356934443,9163.4274198288,3118.46370752754,"all_pixels",8809
"1102_c",8006,FALSE,"all_pixels",8.39907109404723,7.67829315310678,4.21043344278749,176.539861422024,"squared_euclidean_pc1_pc3",584.045436453842,"all_pixels",7883,1,1037.01112689426,9516.87820468782,2792.47567387963,"all_pixels",7883
"1102_d",7319,FALSE,"all_pixels",8.43581363308992,7.38797847953706,4.8221569683302,188.825944758082,"squared_euclidean_pc1_pc3",559.424520584003,"all_pixels",7287,1,951.472065246613,7441.64404391425,2558.57488986028,"all_pixels",7287
"1103_a",8019,FALSE,"all_pixels",7.78217377765649,6.9624262444619,4.42539995125638,160.287902427813,"squared_euclidean_pc1_pc3",612.427561876999,"all_pixels",8012,1,1277.96924246828,9280.40255120721,3078.66873155139,"all_pixels",8012
"1103_b",8706,FALSE,"all_pixels",12.4825334319928,10.9989386030839,7.16518896933389,414.295353544618,"squared_euclidean_pc1_pc3",1108.80191059135,"all_pixels",8676,1,2196.93841212347,19165.5207823314,5289.31778470922,"all_pixels",8676
"1103_c",9373,FALSE,"all_pixels",13.318606691229,11.2451514475059,7.8029784294239,476.530521245703,"squared_euclidean_pc1_pc3",938.208662753787,"all_pixels",9346,1,2069.60804419627,15735.0784739611,4976.40501446713,"all_pixels",9346
"1103_d",8983,FALSE,"all_pixels",5.64197791312651,4.63731062313553,4.203717961242,99.0023845648887,"squared_euclidean_pc1_pc3",537.819487918891,"all_pixels",8931,1,1568.96641043705,9586.76002155644,3735.15607214125,"all_pixels",8931
"1104_a",8690,FALSE,"all_pixels",7.67461042219738,6.1777135815284,5.70015002440184,182.775232912339,"squared_euclidean_pc1_pc3",714.908579570635,"all_pixels",8645,1,1999.37564971302,16986.4420915907,4736.48567638874,"all_pixels",8645
"1104_b",9423,FALSE,"all_pixels",6.34467153076444,5.50060227820386,4.14804100581924,114.918550071148,"squared_euclidean_pc1_pc3",570.671493888663,"all_pixels",9356,1,1385.63818604367,9548.37575987492,3366.75156743256,"all_pixels",9356
"1104_c",9386,FALSE,"all_pixels",6.92323444090291,6.22913979308438,3.8586409457244,125.637397522537,"squared_euclidean_pc1_pc3",590.676189413509,"all_pixels",9322,1,1210.67916374822,8184.19836941542,2899.21325979831,"all_pixels",9322
"1104_d",9275,FALSE,"all_pixels",6.95419259540848,5.98599871633171,4.33205174550555,134.250887237748,"squared_euclidean_pc1_pc3",592.890693910931,"all_pixels",8949,1,1155.20682268065,7569.21185740032,2831.66357739891,"all_pixels",8949
"1105_a",9065,FALSE,"all_pixels",7.33455040284205,6.23002954395626,4.88415040110066,155.295846421486,"squared_euclidean_pc1_pc3",647.58993357778,"all_pixels",8845,1,1627.52160521505,13781.8822553778,4103.49296962931,"all_pixels",8845
"1105_b",8282,FALSE,"all_pixels",8.61236455879293,8.27924715979189,4.48201556770163,188.51772257123,"squared_euclidean_pc1_pc3",702.737639926454,"all_pixels",7921,1,1528.63987644277,9395.74980752539,3515.68411842391,"all_pixels",7921
"1105_c",6637,FALSE,"all_pixels",7.30818197504148,6.84825062480826,3.65761868304244,133.571365029701,"squared_euclidean_pc1_pc3",417.199043440583,"all_pixels",6470,1,718.287117373437,5270.43070678974,1897.73751176104,"all_pixels",6470
"1105_d",7916,FALSE,"all_pixels",7.12661734614198,6.42370856264662,4.02782742952589,134.020038313984,"squared_euclidean_pc1_pc3",553.010826888415,"all_pixels",7871,1,1118.71692377195,7935.94752890736,2700.84319439731,"all_pixels",7871
"1106_a",5908,FALSE,"all_pixels",7.2303763298569,6.58385022412062,3.90563528830807,135.05949391203,"squared_euclidean_pc1_pc3",419.42566314101,"all_pixels",5883,1,580.660304398869,3645.84766253615,1535.70145943559,"all_pixels",5883
"1106_b",7186,FALSE,"all_pixels",7.5043709835774,6.93178996198098,4.06373694526713,145.654487491477,"squared_euclidean_pc1_pc3",416.520685793257,"all_pixels",7174,1,665.094210295023,4027.85402521502,1682.20137500085,"all_pixels",7174
"1106_c",6445,FALSE,"all_pixels",8.74475615441748,7.91422460911562,4.94602038606812,201.860164371642,"squared_euclidean_pc1_pc3",630.401958019317,"all_pixels",6422,1,1002.6185049678,7915.98232636508,2633.40400933848,"all_pixels",6422
"1106_d",6056,FALSE,"all_pixels",6.75158666930902,6.31625815493328,3.54863761296804,116.349344128502,"squared_euclidean_pc1_pc3",421.870334266804,"all_pixels",6028,1,611.679446149114,4230.19675808928,1660.66050040348,"all_pixels",6028
"1107_a",8943,FALSE,"all_pixels",7.67543423472441,6.98534247945949,4.38573529148908,156.289627861609,"squared_euclidean_pc1_pc3",508.655541548958,"all_pixels",8942,1,770.750491036346,5112.67216714983,1975.56747387749,"all_pixels",8942
"1107_b",8921,FALSE,"all_pixels",7.96315239085077,6.99462944544335,4.467749602083,166.740690002663,"squared_euclidean_pc1_pc3",773.166451067967,"all_pixels",8884,1,1282.45023846598,11447.4035605395,3311.41582117384,"all_pixels",8884
"1107_c",7936,FALSE,"all_pixels",9.46242760561384,8.83388230169591,4.85979149981416,226.304267216867,"squared_euclidean_pc1_pc3",807.202489791357,"all_pixels",7935,1,1519.14116318394,12019.8586650108,3671.86221163436,"all_pixels",7935
"1107_d",6786,FALSE,"all_pixels",8.62388924491118,7.73718709680449,4.97251004268796,198.187356352336,"squared_euclidean_pc1_pc3",670.729542683039,"all_pixels",6785,1,1077.06473134041,7503.02402078004,2650.49993102981,"all_pixels",6785
"1108_a",7185,FALSE,"all_pixels",13.475316538615,10.5183686617783,10.8482578068355,598.504948078391,"squared_euclidean_pc1_pc3",1070.47070874002,"all_pixels",7145,1,3334.20711469677,41024.0102310879,9079.80362854,"all_pixels",7145
"1108_b",7005,FALSE,"all_pixels",10.2625812859531,9.39476419879166,5.70237138152945,275.665944096079,"squared_euclidean_pc1_pc3",844.798299218315,"all_pixels",6994,1,1947.40724819242,20677.8590139426,5038.04974513997,"all_pixels",6994
"1108_c",5320,FALSE,"all_pixels",9.0064416402144,8.34276181468664,4.63863670806331,205.257793976822,"squared_euclidean_pc1_pc3",591.934665425169,"all_pixels",5296,1,951.40484812564,8054.52498315179,2527.98728510602,"all_pixels",5296
"1108_d",8765,FALSE,"all_pixels",9.04783076249147,8.35046241727608,4.83779650968851,210.529692758056,"squared_euclidean_pc1_pc3",761.744203904876,"all_pixels",8666,1,1779.43114080288,18611.4294445095,4587.05072562521,"all_pixels",8666
"1109_a",4749,FALSE,"all_pixels",10.0276180686034,9.08772962717578,5.26292070005302,256.49125193734,"squared_euclidean_pc1_pc3",659.419899057386,"all_pixels",4743,1,1320.30601412861,13709.164423852,3621.43222808416,"all_pixels",4743
"1109_b",5936,FALSE,"all_pixels",9.0250902142391,8.21331083488252,4.50344687134101,203.459740963905,"squared_euclidean_pc1_pc3",645.409035236812,"all_pixels",5936,1,1183.90355044952,11767.3719256138,3256.94145443739,"all_pixels",5936
"1109_c",7425,FALSE,"all_pixels",9.90301656792399,9.37221958324416,4.5364921567563,237.293453095787,"squared_euclidean_pc1_pc3",774.930146386657,"all_pixels",7387,1,1136.95704483506,11495.2785271648,3176.97837385972,"all_pixels",7387
"1109_d",6274,FALSE,"all_pixels",6.8250239119178,6.25703415743416,5.65713619577178,157.158080825829,"squared_euclidean_pc1_pc3",418.511965004371,"all_pixels",6127,1,3181.09950604454,21517.8022952119,7384.11175472156,"all_pixels",6127
"111_a",5088,FALSE,"all_pixels",7.11148168009712,6.32751298192158,4.10065320956448,134.770447052896,"squared_euclidean_pc1_pc3",460.592270501719,"all_pixels",5043,1,1498.86116191538,8164.41023243342,3319.73173301308,"all_pixels",5043
"111_b",7414,FALSE,"all_pixels",5.56269875424787,5.07168842581127,3.05721976183961,80.5778988693545,"squared_euclidean_pc1_pc3",323.754088188767,"all_pixels",7338,1,510.503570456647,2256.5724364195,1240.50489181585,"all_pixels",7338
"111_c",5294,FALSE,"all_pixels",7.8419467104157,6.95529818096595,4.16303902312555,157.647496862047,"squared_euclidean_pc1_pc3",643.684340747219,"all_pixels",5243,1,976.748278622884,7086.53339627546,2375.19077460232,"all_pixels",5243
"111_d",7595,FALSE,"all_pixels",8.95589444016981,7.68041308957271,5.4326284281842,219.435221913526,"squared_euclidean_pc1_pc3",747.0337235091,"all_pixels",7483,1,1715.57215140007,10335.4502841433,3805.26016179285,"all_pixels",7483
"1110_a",NA,TRUE,"manual_excluded",NA,NA,NA,NA,"squared_euclidean_pc1_pc3",NA,"manual_excluded",NA,1,NA,NA,NA,"manual_excluded",NA
"1110_b",NA,TRUE,"manual_excluded",NA,NA,NA,NA,"squared_euclidean_pc1_pc3",NA,"manual_excluded",NA,1,NA,NA,NA,"manual_excluded",NA
"1110_c",NA,TRUE,"manual_excluded",NA,NA,NA,NA,"squared_euclidean_pc1_pc3",NA,"manual_excluded",NA,1,NA,NA,NA,"manual_excluded",NA
"1110_d",NA,TRUE,"manual_excluded",NA,NA,NA,NA,"squared_euclidean_pc1_pc3",NA,"manual_excluded",NA,1,NA,NA,NA,"manual_excluded",NA
"1111_a",NA,TRUE,"manual_excluded",NA,NA,NA,NA,"squared_euclidean_pc1_pc3",NA,"manual_excluded",NA,1,NA,NA,NA,"manual_excluded",NA
"1111_b",NA,TRUE,"manual_excluded",NA,NA,NA,NA,"squared_euclidean_pc1_pc3",NA,"manual_excluded",NA,1,NA,NA,NA,"manual_excluded",NA
"1111_c",NA,TRUE,"manual_excluded",NA,NA,NA,NA,"squared_euclidean_pc1_pc3",NA,"manual_excluded",NA,1,NA,NA,NA,"manual_excluded",NA
"1111_d",NA,TRUE,"manual_excluded",NA,NA,NA,NA,"squared_euclidean_pc1_pc3",NA,"manual_excluded",NA,1,NA,NA,NA,"manual_excluded",NA
"1112_a",NA,TRUE,"manual_excluded",NA,NA,NA,NA,"squared_euclidean_pc1_pc3",NA,"manual_excluded",NA,1,NA,NA,NA,"manual_excluded",NA
"1112_b",NA,TRUE,"manual_excluded",NA,NA,NA,NA,"squared_euclidean_pc1_pc3",NA,"manual_excluded",NA,1,NA,NA,NA,"manual_excluded",NA
"1112_c",NA,TRUE,"manual_excluded",NA,NA,NA,NA,"squared_euclidean_pc1_pc3",NA,"manual_excluded",NA,1,NA,NA,NA,"manual_excluded",NA
"1112_d",NA,TRUE,"manual_excluded",NA,NA,NA,NA,"squared_euclidean_pc1_pc3",NA,"manual_excluded",NA,1,NA,NA,NA,"manual_excluded",NA
"1113_a",NA,TRUE,"manual_excluded",NA,NA,NA,NA,"squared_euclidean_pc1_pc3",NA,"manual_excluded",NA,1,NA,NA,NA,"manual_excluded",NA
"1113_b",NA,TRUE,"manual_excluded",NA,NA,NA,NA,"squared_euclidean_pc1_pc3",NA,"manual_excluded",NA,1,NA,NA,NA,"manual_excluded",NA
"1113_c",NA,TRUE,"manual_excluded",NA,NA,NA,NA,"squared_euclidean_pc1_pc3",NA,"manual_excluded",NA,1,NA,NA,NA,"manual_excluded",NA
"1113_d",NA,TRUE,"manual_excluded",NA,NA,NA,NA,"squared_euclidean_pc1_pc3",NA,"manual_excluded",NA,1,NA,NA,NA,"manual_excluded",NA
"1114_a",NA,TRUE,"manual_excluded",NA,NA,NA,NA,"squared_euclidean_pc1_pc3",NA,"manual_excluded",NA,1,NA,NA,NA,"manual_excluded",NA
"1114_b",NA,TRUE,"manual_excluded",NA,NA,NA,NA,"squared_euclidean_pc1_pc3",NA,"manual_excluded",NA,1,NA,NA,NA,"manual_excluded",NA
"1114_c",NA,TRUE,"manual_excluded",NA,NA,NA,NA,"squared_euclidean_pc1_pc3",NA,"manual_excluded",NA,1,NA,NA,NA,"manual_excluded",NA
"1114_d",NA,TRUE,"manual_excluded",NA,NA,NA,NA,"squared_euclidean_pc1_pc3",NA,"manual_excluded",NA,1,NA,NA,NA,"manual_excluded",NA
"1115_a",NA,TRUE,"manual_excluded",NA,NA,NA,NA,"squared_euclidean_pc1_pc3",NA,"manual_excluded",NA,1,NA,NA,NA,"manual_excluded",NA
"1115_b",NA,TRUE,"manual_excluded",NA,NA,NA,NA,"squared_euclidean_pc1_pc3",NA,"manual_excluded",NA,1,NA,NA,NA,"manual_excluded",NA
"1115_c",NA,TRUE,"manual_excluded",NA,NA,NA,NA,"squared_euclidean_pc1_pc3",NA,"manual_excluded",NA,1,NA,NA,NA,"manual_excluded",NA
"1115_d",NA,TRUE,"manual_excluded",NA,NA,NA,NA,"squared_euclidean_pc1_pc3",NA,"manual_excluded",NA,1,NA,NA,NA,"manual_excluded",NA
"1116_a",1207,FALSE,"all_pixels",4.13259469485238,3.76959255001112,2.09915164571201,42.9622516164285,"squared_euclidean_pc1_pc3",144.306773093261,"all_pixels",1188,1,222.842074450356,762.558201170444,551.870927360338,"all_pixels",1188
"1116_b",2274,FALSE,"all_pixels",3.66905664595687,3.44815111377205,1.83171813326943,33.6313850661281,"squared_euclidean_pc1_pc3",139.03229534683,"all_pixels",2265,1,176.877748483858,689.456031645798,472.277598468587,"all_pixels",2265
"1116_c",2526,FALSE,"all_pixels",4.62344350360641,4.05822718212686,2.59214195444794,56.185539454498,"squared_euclidean_pc1_pc3",221.114445439971,"all_pixels",2523,1,455.800450150654,1847.46322682006,1068.35389834488,"all_pixels",2523
"1116_d",3469,FALSE,"all_pixels",5.05529019253448,4.6074122444599,2.56842945311537,64.3017742692692,"squared_euclidean_pc1_pc3",274.498235350135,"all_pixels",3440,1,408.466118026717,1808.17314272245,981.582272132698,"all_pixels",3440
"1117_a",2859,FALSE,"all_pixels",4.06251397949628,3.67357290097375,2.20160987804388,42.6988210211592,"squared_euclidean_pc1_pc3",146.601051872088,"all_pixels",2859,1,212.942285678723,678.208208934056,534.70975083923,"all_pixels",2859
"1117_b",4963,FALSE,"all_pixels",7.67907883599083,7.38564040435767,3.68154677286356,145.038614887328,"squared_euclidean_pc1_pc3",512.079509135883,"all_pixels",4946,1,809.179024388037,5620.95606358268,2041.9078843381,"all_pixels",4946
"1117_c",6605,FALSE,"all_pixels",5.64905947698432,5.24316423402339,3.0120494207093,81.9658822310112,"squared_euclidean_pc1_pc3",307.447469216085,"all_pixels",6603,1,417.836114058305,2418.34807261422,1120.54171639226,"all_pixels",6603
"1117_d",384,FALSE,"all_pixels",4.34726227952901,3.73742553609952,2.61375911789663,51.4252701446904,"squared_euclidean_pc1_pc3",91.3866004137295,"all_pixels",384,1,256.030513348277,990.247205272612,655.722184176876,"all_pixels",384
"1118_a",2308,FALSE,"all_pixels",5.53580467345116,5.26386394098552,2.77590611172831,76.694898903672,"squared_euclidean_pc1_pc3",190.644393765313,"all_pixels",2307,1,291.35775029872,1203.36344778824,746.502210322723,"all_pixels",2307
"1118_b",5739,FALSE,"all_pixels",4.3403346974961,3.77507028603775,2.42050409621934,49.3926489688051,"squared_euclidean_pc1_pc3",203.832542175849,"all_pixels",5731,1,344.64576285672,1885.97480477278,945.789369747586,"all_pixels",5731
"1118_c",6346,FALSE,"all_pixels",5.17967405509872,4.69480603074063,2.92349191727829,70.7489630110666,"squared_euclidean_pc1_pc3",266.653059698969,"all_pixels",6340,1,349.687138604659,1903.55790666264,954.30989058861,"all_pixels",6340
"1118_d",6688,FALSE,"all_pixels",4.53331357413827,4.15349976837681,2.5244448007572,53.8456012790009,"squared_euclidean_pc1_pc3",203.830654244428,"all_pixels",6492,1,568.783431674012,2730.48942794678,1347.36047755321,"all_pixels",6492
"1119_a",NA,TRUE,"manual_excluded",NA,NA,NA,NA,"squared_euclidean_pc1_pc3",NA,"manual_excluded",NA,1,NA,NA,NA,"manual_excluded",NA
"1119_b",NA,TRUE,"manual_excluded",NA,NA,NA,NA,"squared_euclidean_pc1_pc3",NA,"manual_excluded",NA,1,NA,NA,NA,"manual_excluded",NA
"1119_c",NA,TRUE,"manual_excluded",NA,NA,NA,NA,"squared_euclidean_pc1_pc3",NA,"manual_excluded",NA,1,NA,NA,NA,"manual_excluded",NA
"1119_d",NA,TRUE,"manual_excluded",NA,NA,NA,NA,"squared_euclidean_pc1_pc3",NA,"manual_excluded",NA,1,NA,NA,NA,"manual_excluded",NA
"112_a",8130,FALSE,"all_pixels",7.5398498331653,5.96237433071094,5.17676802378203,167.289932755459,"squared_euclidean_pc1_pc3",646.281751577217,"all_pixels",8069,1,1485.72248747191,7524.51525942382,3271.71674424285,"all_pixels",8069
"112_b",7340,FALSE,"all_pixels",8.61672796541386,6.39976906687073,8.07558014800594,278.908221360294,"squared_euclidean_pc1_pc3",686.373752228296,"all_pixels",7205,1,2224.66228152767,12463.984572451,5128.50119311809,"all_pixels",7205
"112_c",7756,FALSE,"all_pixels",5.95752173057537,5.36984429632549,3.28124418461102,92.5144808200768,"squared_euclidean_pc1_pc3",407.627748582238,"all_pixels",7691,1,825.930911209858,4994.45057903161,1959.55878570595,"all_pixels",7691
"112_d",6131,FALSE,"all_pixels",7.4822150495365,6.93606240390151,3.94099901623046,143.024964048551,"squared_euclidean_pc1_pc3",485.779903534161,"all_pixels",6131,1,878.573155417805,5402.84860366238,2113.88304245074,"all_pixels",6131
"1120_a",NA,TRUE,"manual_excluded",NA,NA,NA,NA,"squared_euclidean_pc1_pc3",NA,"manual_excluded",NA,1,NA,NA,NA,"manual_excluded",NA
"1120_b",NA,TRUE,"manual_excluded",NA,NA,NA,NA,"squared_euclidean_pc1_pc3",NA,"manual_excluded",NA,1,NA,NA,NA,"manual_excluded",NA
"1120_c",NA,TRUE,"manual_excluded",NA,NA,NA,NA,"squared_euclidean_pc1_pc3",NA,"manual_excluded",NA,1,NA,NA,NA,"manual_excluded",NA
"1120_d",NA,TRUE,"manual_excluded",NA,NA,NA,NA,"squared_euclidean_pc1_pc3",NA,"manual_excluded",NA,1,NA,NA,NA,"manual_excluded",NA
"1121_a",7750,FALSE,"all_pixels",6.7698156647213,6.15407949169739,3.81590548049624,120.77931982861,"squared_euclidean_pc1_pc3",478.549049397932,"all_pixels",7722,1,809.977514181406,3695.32621440838,1873.90815693754,"all_pixels",7722
"1121_b",7113,FALSE,"all_pixels",6.66516690448333,6.13399842419926,3.42255999199968,112.273439862665,"squared_euclidean_pc1_pc3",459.912178764816,"all_pixels",7065,1,807.927367647476,5050.88978723196,1957.09802419538,"all_pixels",7065
"1121_c",5808,FALSE,"all_pixels",7.47436943086772,6.9868504173183,3.84720382413985,141.329254551876,"squared_euclidean_pc1_pc3",532.613972351692,"all_pixels",5797,1,920.304459464523,5308.40621954264,2111.8709762904,"all_pixels",5797
"1121_d",6344,FALSE,"all_pixels",7.70458109372518,7.38193317699838,3.95652400736313,150.024369018589,"squared_euclidean_pc1_pc3",588.908773085723,"all_pixels",6339,1,1089.79331082071,5416.02049558718,2436.05263546162,"all_pixels",6339
"1122_a",7120,FALSE,"all_pixels",7.30070583108903,6.75573897493279,3.9565837187095,137.905323363677,"squared_euclidean_pc1_pc3",586.262606152312,"all_pixels",7107,1,1186.3932048656,6849.21926374797,2699.18892865564,"all_pixels",7107
"1122_b",6329,FALSE,"all_pixels",8.63096451446716,8.32791572200597,4.06103575485135,181.965908134933,"squared_euclidean_pc1_pc3",688.401661192925,"all_pixels",6277,1,1215.33498411641,8626.46289324915,2906.20126433494,"all_pixels",6277
"1122_c",8312,FALSE,"all_pixels",7.21135030272762,6.57150204010046,3.96756333149103,135.486476285538,"squared_euclidean_pc1_pc3",492.125352613565,"all_pixels",8298,1,798.272734106576,3790.6152668773,1837.01648210673,"all_pixels",8298
"1122_d",6673,FALSE,"all_pixels",7.87674889448324,7.08340664233711,4.43180680577047,163.362282739711,"squared_euclidean_pc1_pc3",566.119831587815,"all_pixels",6661,1,952.504876631382,5632.37972677938,2249.42271115475,"all_pixels",6661
"1123_a",5699,FALSE,"all_pixels",6.36088645932653,5.56828276490034,4.01467567057896,113.151338278909,"squared_euclidean_pc1_pc3",409.824250218175,"all_pixels",5694,1,621.756051566313,3524.32259922883,1545.93870125209,"all_pixels",5694
"1123_b",6765,FALSE,"all_pixels",8.11490862276153,7.72935120601107,4.17334930734193,166.532023689674,"squared_euclidean_pc1_pc3",527.689940211917,"all_pixels",6759,1,677.74186806855,3603.41640229139,1668.79389617202,"all_pixels",6759
"1123_c",8028,FALSE,"all_pixels",9.6086033959007,8.8965063706478,5.02495103929131,235.144493817549,"squared_euclidean_pc1_pc3",702.228973959401,"all_pixels",8025,1,1393.30095280345,9665.02831481403,3279.32960012795,"all_pixels",8025
"1123_d",7933,FALSE,"all_pixels",8.80967854634021,8.07362275641099,4.68951475844035,199.198425198099,"squared_euclidean_pc1_pc3",550.641645733486,"all_pixels",7919,1,1392.83918069925,10833.4769328497,3398.70407477847,"all_pixels",7919
"1124_a",8301,FALSE,"all_pixels",7.16525231204437,6.24719510919638,4.36879878800394,140.849888511473,"squared_euclidean_pc1_pc3",398.114147194295,"all_pixels",8301,1,734.44515331835,4650.56805354573,1865.72761036508,"all_pixels",8301
"1124_b",8472,FALSE,"all_pixels",7.88245760119078,6.88629780186725,4.60965399212722,166.759079255721,"squared_euclidean_pc1_pc3",528.494398509046,"all_pixels",8471,1,1597.19425385793,10019.8681639067,3757.51403643054,"all_pixels",8471
"1124_c",7749,FALSE,"all_pixels",7.4644807043202,6.71951875054933,4.29337542485718,148.298331912051,"squared_euclidean_pc1_pc3",529.669347953583,"all_pixels",7749,1,1218.14745628398,9508.54922837323,3031.64809868017,"all_pixels",7749
"1124_d",7025,FALSE,"all_pixels",7.85852985121801,7.40453566940795,4.11556344530555,157.383885622388,"squared_euclidean_pc1_pc3",456.842304384114,"all_pixels",7025,1,848.26605410268,5717.83959808732,2116.74024492317,"all_pixels",7025
"113_a",7431,FALSE,"all_pixels",6.32459434242203,5.67019163086965,3.53633080656957,105.008892537852,"squared_euclidean_pc1_pc3",332.4454727,"all_pixels",7431,1,707.220801691684,3605.38488816189,1660.68594095722,"all_pixels",7431
"113_b",7326,FALSE,"all_pixels",6.17548275675188,5.52923376855036,3.61704815992958,102.4356776676,"squared_euclidean_pc1_pc3",399.135743477541,"all_pixels",7326,1,1126.21571017145,6040.23556268532,2536.98821353132,"all_pixels",7326
"113_c",6624,FALSE,"all_pixels",7.26930114634192,6.64935469794614,4.14300780107105,140.009323069653,"squared_euclidean_pc1_pc3",490.729854569097,"all_pixels",6624,1,1249.01374028434,6716.90439829459,2789.59645862372,"all_pixels",6624
"113_d",7802,FALSE,"all_pixels",6.12691644852842,5.66105279551244,3.26346888594659,96.3759385456198,"squared_euclidean_pc1_pc3",381.018550916453,"all_pixels",7801,1,963.744330559046,4789.30358617531,2159.53703818744,"all_pixels",7801
"114_a",7770,FALSE,"all_pixels",7.58867386904969,6.98508427569659,4.13985291323381,149.448295044041,"squared_euclidean_pc1_pc3",562.989479506048,"all_pixels",7745,1,1225.51781368632,8360.64413741428,2920.52794761338,"all_pixels",7745
"114_b",7239,FALSE,"all_pixels",9.45415081338389,8.46886436248005,5.48249533278805,238.869140958226,"squared_euclidean_pc1_pc3",772.019865919677,"all_pixels",7238,1,1895.32057688005,13432.0158830737,4358.02206119211,"all_pixels",7238
"114_c",8565,FALSE,"all_pixels",7.49544398110721,6.60541624071376,4.31870559184192,149.661441708569,"squared_euclidean_pc1_pc3",600.208839821812,"all_pixels",8559,1,1368.12757906047,11802.065180004,3494.00978863284,"all_pixels",8559
"114_d",7311,FALSE,"all_pixels",7.98692151263875,7.28373419498537,4.2562795980136,163.808706734014,"squared_euclidean_pc1_pc3",689.951836465995,"all_pixels",7274,1,1465.32856299522,11534.3106953499,3516.73668955419,"all_pixels",7274
"115_a",8447,FALSE,"all_pixels",7.81532146590179,7.30521472326218,4.01526699183647,154.39941996165,"squared_euclidean_pc1_pc3",539.557534813177,"all_pixels",8264,1,758.161194880129,5532.02072951822,1979.88942360791,"all_pixels",8264
"115_b",8653,FALSE,"all_pixels",6.98037443462397,6.20242939558443,3.90850376242659,128.000526925505,"squared_euclidean_pc1_pc3",593.958120976594,"all_pixels",8612,1,1091.03496477332,6083.51399141377,2466.72246369263,"all_pixels",8612
"115_c",8736,FALSE,"all_pixels",6.48404253436156,5.89209485123731,3.46056086663334,108.033836558628,"squared_euclidean_pc1_pc3",437.90138381718,"all_pixels",8549,1,877.082053465584,4769.98565794394,2026.55597110429,"all_pixels",8549
"115_d",8388,FALSE,"all_pixels",7.15398691628217,6.22118218360993,4.17585118735531,137.230366093636,"squared_euclidean_pc1_pc3",536.579929977187,"all_pixels",8237,1,824.053859000782,5591.94332848099,2061.245441087,"all_pixels",8237
"116_a",8638,FALSE,"all_pixels",5.69199834074553,5.10556481771427,3.17351782648655,84.937789172518,"squared_euclidean_pc1_pc3",353.135619197885,"all_pixels",8477,1,639.851104797105,4429.10407150799,1642.20952391374,"all_pixels",8477
"116_b",8546,FALSE,"all_pixels",6.08832685054145,5.31149994497303,3.67279591086791,101.111150384736,"squared_euclidean_pc1_pc3",442.000016190032,"all_pixels",8530,1,804.503247359796,5003.90022051685,1980.89954590047,"all_pixels",8530
"116_c",8877,FALSE,"all_pixels",6.77144797763807,5.81183002088471,4.14178044891046,126.009841104682,"squared_euclidean_pc1_pc3",555.017524180119,"all_pixels",8781,1,1022.24697389938,6054.76437654297,2405.77793306878,"all_pixels",8781
"116_d",8480,FALSE,"all_pixels",6.46968105803685,5.82389936385723,3.48275822708364,107.969894966214,"squared_euclidean_pc1_pc3",499.06000304277,"all_pixels",8466,1,908.579129169991,5609.3850909272,2159.12404653162,"all_pixels",8466
"117_a",8696,FALSE,"all_pixels",7.23644563464795,6.14276135310068,5.25611535732545,159.979434247422,"squared_euclidean_pc1_pc3",536.47599879669,"all_pixels",8696,1,2198.94415407727,14496.9368724398,5017.06304402412,"all_pixels",8696
"117_b",9053,FALSE,"all_pixels",8.04583437113782,7.48297726188467,4.16713436839032,164.197082844691,"squared_euclidean_pc1_pc3",675.66908746379,"all_pixels",9047,1,1373.64868884006,10271.4241475847,3352.67119768391,"all_pixels",9047
"117_c",8541,FALSE,"all_pixels",7.538749100678,6.76669951641002,4.44336554720427,153.147847549592,"squared_euclidean_pc1_pc3",609.160697670358,"all_pixels",8541,1,1788.09468412764,12722.7413162448,4092.23636784504,"all_pixels",8541
"117_d",8663,FALSE,"all_pixels",10.5916521559293,8.76424261261421,8.44748766566276,367.069811834046,"squared_euclidean_pc1_pc3",1032.31355763396,"all_pixels",8663,1,2211.21140279368,15383.9477029249,5067.55813722412,"all_pixels",8663
"118_a",9116,FALSE,"all_pixels",6.26686499651783,5.68754353112103,3.47956378160276,102.759265700897,"squared_euclidean_pc1_pc3",541.707932909578,"all_pixels",9116,1,1078.40407403239,6350.34362857823,2493.86736195633,"all_pixels",9116
"118_b",8393,FALSE,"all_pixels",8.05581053130955,7.38173120181057,4.17495111103205,164.648446678856,"squared_euclidean_pc1_pc3",550.145431858214,"all_pixels",8393,1,1174.89012223286,7917.05201501189,2814.3666956926,"all_pixels",8393
"118_c",7323,FALSE,"all_pixels",8.37950040929844,7.55186824091682,4.59664093298303,182.684499337131,"squared_euclidean_pc1_pc3",639.101907523971,"all_pixels",7253,1,1441.66556396962,9915.12200746117,3360.13294586958,"all_pixels",7253
"118_d",9087,FALSE,"all_pixels",9.08183432767034,8.51648627660093,4.41659232200924,203.967711758773,"squared_euclidean_pc1_pc3",668.552116268099,"all_pixels",9078,1,1338.25193438669,8720.53529063831,3080.93308107331,"all_pixels",9078
"119_a",8308,FALSE,"all_pixels",9.2951481777783,8.2978581963717,5.22375252279702,227.368171141132,"squared_euclidean_pc1_pc3",738.886209824038,"all_pixels",8299,1,1419.2416630498,12634.2877685336,3602.39692008005,"all_pixels",8299
"119_b",8545,FALSE,"all_pixels",7.86292312139801,7.37174382566112,4.0875554842779,157.063429083435,"squared_euclidean_pc1_pc3",589.761509856808,"all_pixels",8541,1,793.600002539396,5238.28214311776,2027.35318351586,"all_pixels",8541
"119_c",7583,FALSE,"all_pixels",7.75741682008117,7.26752927764598,3.96714824278957,151.827410867778,"squared_euclidean_pc1_pc3",516.062680018477,"all_pixels",7579,1,1143.16045415198,8261.71863319938,2756.18758707887,"all_pixels",7579
"119_d",6881,FALSE,"all_pixels",8.58362135068689,7.91884012204766,4.60906002946674,189.837805174887,"squared_euclidean_pc1_pc3",610.674971655974,"all_pixels",6854,1,1230.04669200714,7400.65510383448,2815.26836657485,"all_pixels",6854
"12_a",6659,FALSE,"all_pixels",6.86147793200818,6.30553800818267,4.08474085477225,127.524963228817,"squared_euclidean_pc1_pc3",432.529567168025,"all_pixels",6619,1,1259.05134955206,6291.95251140038,2858.42369831899,"all_pixels",6619
"12_b",7172,FALSE,"all_pixels",7.57562697200158,6.92975106056829,4.33756257911027,152.403899653764,"squared_euclidean_pc1_pc3",534.723593299199,"all_pixels",7118,1,1383.8540109159,6125.30823750304,3103.27670285737,"all_pixels",7118
"12_c",7907,FALSE,"all_pixels",7.59571300121865,6.99162632010523,4.30723403427959,152.489549427937,"squared_euclidean_pc1_pc3",481.318846581768,"all_pixels",7680,1,1501.61206517768,7190.85246210019,3345.79255290209,"all_pixels",7680
"12_d",7543,FALSE,"all_pixels",6.72664552889466,6.27517292825131,3.65946663366152,117.275361467314,"squared_euclidean_pc1_pc3",400.228814586397,"all_pixels",7430,1,776.886880255646,3822.51810103677,1774.64231033336,"all_pixels",7430
"120_a",7517,FALSE,"all_pixels",8.77969439901141,8.23872991388923,4.40217880583006,192.919267863346,"squared_euclidean_pc1_pc3",564.509429539076,"all_pixels",7516,1,824.587073732328,4225.6810657999,1933.69602977579,"all_pixels",7516
"120_b",6953,FALSE,"all_pixels",6.90214410302719,6.21903911860976,3.78741291668217,123.964053509181,"squared_euclidean_pc1_pc3",445.372342583813,"all_pixels",6926,1,674.678059520839,5408.70936609292,1902.12291247456,"all_pixels",6926
"120_c",7332,FALSE,"all_pixels",8.13571859304606,7.60318188568121,4.30392482362913,169.422318969702,"squared_euclidean_pc1_pc3",493.349907710729,"all_pixels",7265,1,1050.40061021917,6699.66630413633,2497.29053336518,"all_pixels",7265
"120_d",7068,FALSE,"all_pixels",9.02115747731765,8.15999504627361,4.94227530532639,211.607823109529,"squared_euclidean_pc1_pc3",674.899982087333,"all_pixels",7067,1,1084.22125920779,6920.83277807294,2572.67397657606,"all_pixels",7067
"1200_a",6569,FALSE,"all_pixels",7.31738884031351,6.89981775601938,3.77321806522222,135.558373361061,"squared_euclidean_pc1_pc3",511.829132078525,"all_pixels",6564,1,1006.29880121245,5920.79573022965,2324.75980325156,"all_pixels",6564
"1200_b",6459,FALSE,"all_pixels",7.49997529562657,6.91278886666394,3.77966458985247,141.066564140587,"squared_euclidean_pc1_pc3",565.939733365933,"all_pixels",6440,1,1019.1441096057,7212.43663349196,2465.3282542635,"all_pixels",6440
"1200_c",4450,FALSE,"all_pixels",6.98974539390307,6.47212139408883,3.80923593428032,126.727116675764,"squared_euclidean_pc1_pc3",396.560256423233,"all_pixels",4450,1,669.697032905484,3023.79552578233,1543.93768339988,"all_pixels",4450
"1200_d",6906,FALSE,"all_pixels",7.17231161825557,6.65552931554831,3.87913617712164,132.975144998037,"squared_euclidean_pc1_pc3",445.413584003441,"all_pixels",6898,1,566.152873649575,2784.11095785747,1390.10712133639,"all_pixels",6898
"1201_a",5838,FALSE,"all_pixels",7.49207303701205,7.04433283741094,3.89228733803011,142.556928127829,"squared_euclidean_pc1_pc3",448.109669326831,"all_pixels",5799,1,747.073174635605,4235.85132024262,1800.0891830629,"all_pixels",5799
"1201_b",4732,FALSE,"all_pixels",7.45715140725129,6.78351844185729,4.08096873663982,144.51978686675,"squared_euclidean_pc1_pc3",446.655060110335,"all_pixels",4728,1,631.292882769006,3905.90924106016,1663.26969986208,"all_pixels",4728
"1201_c",7881,FALSE,"all_pixels",7.89843243143994,7.21878123585016,4.43149099176709,164.041710908225,"squared_euclidean_pc1_pc3",445.463908404583,"all_pixels",7792,1,615.236280518573,3259.17724529365,1573.86023062472,"all_pixels",7792
"1201_d",6829,FALSE,"all_pixels",7.90316224670821,7.4039718536934,4.06957078550912,158.037909435425,"squared_euclidean_pc1_pc3",563.321123633341,"all_pixels",6699,1,1338.68233173763,8686.31016620158,3127.71990998432,"all_pixels",6699
"1202_a",6077,FALSE,"all_pixels",7.2104578596319,6.58174514836632,4.0631437533301,136.994246093368,"squared_euclidean_pc1_pc3",525.490095214798,"all_pixels",6051,1,940.345952502109,7825.15741795214,2573.74319502833,"all_pixels",6051
"1202_b",7602,FALSE,"all_pixels",7.03914201409566,6.36487976660341,4.00399623424467,131.158794443217,"squared_euclidean_pc1_pc3",586.041347545829,"all_pixels",7541,1,1366.72090489409,8974.26154086852,3193.73378706429,"all_pixels",7541
"1202_c",7625,FALSE,"all_pixels",6.04883121593579,5.55130963154728,3.3052802080374,95.0236071234714,"squared_euclidean_pc1_pc3",391.670439075649,"all_pixels",7623,1,911.701733312349,5297.71133165547,2259.19783470563,"all_pixels",7623
"1202_d",7577,FALSE,"all_pixels",7.12316776200043,6.39323592265567,4.01878785321797,133.77608647556,"squared_euclidean_pc1_pc3",541.404924669263,"all_pixels",7538,1,1001.04952731332,7221.45936479478,2529.53697018491,"all_pixels",7538
"1203_a",6912,FALSE,"all_pixels",7.50998582514761,6.7637681565233,4.36595271271995,150.917344874457,"squared_euclidean_pc1_pc3",535.565963238401,"all_pixels",6866,1,1052.96892943711,7424.35306465033,2588.39307070236,"all_pixels",6866
"1203_b",6852,FALSE,"all_pixels",7.98105813926121,7.74109560353092,3.70226476593466,154.80410603181,"squared_euclidean_pc1_pc3",556.566058685565,"all_pixels",6806,1,894.624825417868,5136.30984982857,2117.35838956129,"all_pixels",6806
"1203_c",8995,FALSE,"all_pixels",8.14723816767164,7.79404571800562,3.21827747118697,153.467296380821,"squared_euclidean_pc1_pc3",557.139576550478,"all_pixels",8954,1,973.903376266733,6175.26713979847,2328.61789067399,"all_pixels",8954
"1203_d",8279,FALSE,"all_pixels",7.85830970531537,7.32998620369206,4.18298789984171,158.496611457086,"squared_euclidean_pc1_pc3",576.37142230989,"all_pixels",8059,1,724.556922385455,4686.5313114679,1877.50810074957,"all_pixels",8059
"1204_a",8641,FALSE,"all_pixels",7.35404746638365,6.64060144422795,4.21870464774176,143.754846777706,"squared_euclidean_pc1_pc3",489.601898767938,"all_pixels",8401,1,962.144824387296,5341.01957389005,2312.82759291887,"all_pixels",8401
"1204_b",8809,FALSE,"all_pixels",9.21824090785649,6.94367384436768,8.83730728188647,326.130199448469,"squared_euclidean_pc1_pc3",715.6731331916,"all_pixels",8503,1,2865.03218816661,22022.7441641405,6707.38591545238,"all_pixels",8503
"1204_c",9011,FALSE,"all_pixels",10.9039324739093,8.52494022258501,8.23809394973176,373.508807674669,"squared_euclidean_pc1_pc3",1106.74229604898,"all_pixels",8781,1,2103.79171535032,19529.2089517955,5205.24328972013,"all_pixels",8781
"1204_d",8767,FALSE,"all_pixels",7.57187587865942,6.54867960805531,4.55260785889631,156.114357037811,"squared_euclidean_pc1_pc3",628.966509790043,"all_pixels",8626,1,1580.38568396108,12643.9374761317,3853.71741147919,"all_pixels",8626
"1205_a",8950,FALSE,"all_pixels",6.88278805077858,5.92005645894566,4.08241055719011,128.073970356011,"squared_euclidean_pc1_pc3",603.179772290127,"all_pixels",8742,1,1000.60068820765,9009.42036968421,2660.06121323241,"all_pixels",8742
"1205_b",9382,FALSE,"all_pixels",8.05398023759734,6.87065088943975,5.67866557728895,194.220806533601,"squared_euclidean_pc1_pc3",709.792121774326,"all_pixels",9266,1,1834.90073131447,19932.8022889342,5243.40806246456,"all_pixels",9266
"1205_c",7010,FALSE,"all_pixels",6.54105859901757,5.8795895563509,3.89231031802804,115.866731995928,"squared_euclidean_pc1_pc3",425.519411667819,"all_pixels",6881,1,1069.88832342143,6733.51008529196,2608.40977169825,"all_pixels",6881
"1205_d",7476,FALSE,"all_pixels",7.20716620862701,6.65618265975351,3.67389100571796,130.877828879821,"squared_euclidean_pc1_pc3",453.754201707958,"all_pixels",7327,1,730.236037073089,4639.39252453163,1828.77666912588,"all_pixels",7327
"1206_a",5126,FALSE,"all_pixels",5.93650338956485,5.27492756076478,3.60951315682764,96.5362321131805,"squared_euclidean_pc1_pc3",364.490558384029,"all_pixels",5116,1,1007.15548048097,7147.39059640134,2569.46516862842,"all_pixels",5116
"1206_b",5651,FALSE,"all_pixels",6.44398625327524,5.86039581579203,3.53723833978233,108.069599547373,"squared_euclidean_pc1_pc3",393.257223468732,"all_pixels",5629,1,994.169439455115,5392.6508135512,2337.94493193415,"all_pixels",5629
"1206_c",6870,FALSE,"all_pixels",7.22486946958787,6.68052518546043,4.0791499310815,137.67156193128,"squared_euclidean_pc1_pc3",507.987771994461,"all_pixels",6862,1,1385.1173061521,8216.59600605793,3133.00878568745,"all_pixels",6862
"1206_d",5843,FALSE,"all_pixels",7.48834047624143,6.91945689917064,3.91838808174449,142.852761055505,"squared_euclidean_pc1_pc3",489.359797758218,"all_pixels",5843,1,1073.55878370708,7036.96444622516,2605.77537196509,"all_pixels",5843
"1207_a",7249,FALSE,"all_pixels",6.33213166479324,5.95851103592841,3.27011060464461,101.576079201758,"squared_euclidean_pc1_pc3",357.243109389586,"all_pixels",7229,1,663.253299726916,3709.10387877103,1623.25886369719,"all_pixels",7229
"1207_b",6733,FALSE,"all_pixels",7.30006490943721,6.71811480033716,3.74448263829784,134.62003091675,"squared_euclidean_pc1_pc3",431.12933869582,"all_pixels",6733,1,676.570892097787,5456.43906424732,1878.87484670488,"all_pixels",6733
"1207_c",7674,FALSE,"all_pixels",8.27869787918814,7.60628174779415,4.51654810907355,177.866774345983,"squared_euclidean_pc1_pc3",591.573574043296,"all_pixels",7630,1,896.788604070699,6690.8051909287,2274.23051462017,"all_pixels",7630
"1207_d",7907,FALSE,"all_pixels",7.24996079769842,6.60194092926088,4.0125048896695,137.32018172516,"squared_euclidean_pc1_pc3",449.59004822857,"all_pixels",7898,1,699.508140744784,3974.87138000869,1698.94989507078,"all_pixels",7898
"1208_a",5198,FALSE,"all_pixels",11.5234249445831,8.78609199270098,10.2725344796208,476.58797203581,"squared_euclidean_pc1_pc3",600.270186090786,"all_pixels",5198,1,2644.68059207833,20894.6202065395,6316.38864328878,"all_pixels",5198
"1208_b",5509,FALSE,"all_pixels",9.12381095128681,8.04732555038202,6.25382546797174,244.694319812324,"squared_euclidean_pc1_pc3",556.845443755937,"all_pixels",5506,1,2718.98853711561,19357.676801665,6309.62555619146,"all_pixels",5506
"1208_c",7797,FALSE,"all_pixels",10.2640549646981,9.44528131574392,5.87949825100816,279.829780875603,"squared_euclidean_pc1_pc3",985.573472999123,"all_pixels",7797,1,2180.37047913212,21087.1171970325,5443.59060600724,"all_pixels",7797
"1208_d",7610,FALSE,"all_pixels",11.5373301710484,9.27560630233835,9.65548227073785,452.652149178366,"squared_euclidean_pc1_pc3",870.567818180996,"all_pixels",7610,1,3127.71376658522,35143.4256784155,8064.74284565848,"all_pixels",7610
"1209_a",7158,FALSE,"all_pixels",7.90206925347487,7.36336933212368,4.25546024942308,161.098221065251,"squared_euclidean_pc1_pc3",554.316604924763,"all_pixels",7158,1,1865.42764469931,17973.2545454755,4880.88403560805,"all_pixels",7158
"1209_b",8126,FALSE,"all_pixels",8.33581653606068,7.60449949259973,4.73738036264319,183.851696351461,"squared_euclidean_pc1_pc3",728.511518125852,"all_pixels",8125,1,1520.83748560353,14637.9225666359,4036.15597772255,"all_pixels",8125
"1209_c",8206,FALSE,"all_pixels",8.1567531557084,7.40843278433409,4.95292510689568,182.122199405503,"squared_euclidean_pc1_pc3",646.836508888707,"all_pixels",8004,1,2584.88106534179,23692.924024107,6171.94772241246,"all_pixels",8004
"1209_d",8342,FALSE,"all_pixels",8.34126935397091,7.65519182199066,4.45033097458562,178.759692069016,"squared_euclidean_pc1_pc3",719.176411818318,"all_pixels",8340,1,1555.79755159297,16647.1621944616,4238.02954881949,"all_pixels",8340
"121_a",8772,FALSE,"all_pixels",8.26547056344308,7.1109732344545,4.99127946479006,186.45606857248,"squared_euclidean_pc1_pc3",615.125211706717,"all_pixels",8756,1,1181.51665405311,8085.88128937413,2780.61681521648,"all_pixels",8756
"121_b",7779,FALSE,"all_pixels",7.8863335851766,7.28472696287067,4.19249645014317,159.538048705628,"squared_euclidean_pc1_pc3",481.446908653358,"all_pixels",7774,1,901.862285186346,6038.41667851914,2213.13794106718,"all_pixels",7774
"121_c",7687,FALSE,"all_pixels",6.67468320987025,5.96529870641588,3.72465599992002,116.84530705298,"squared_euclidean_pc1_pc3",396.836214039709,"all_pixels",7670,1,689.15880463056,3814.98854842375,1685.9774889738,"all_pixels",7670
"121_d",7740,FALSE,"all_pixels",7.07593340095348,6.39057119508132,3.78618072704574,128.804291808291,"squared_euclidean_pc1_pc3",477.376384811105,"all_pixels",7721,1,993.874236010468,6655.12467876608,2459.28905532812,"all_pixels",7721
"1210_a",6175,FALSE,"all_pixels",8.34855930714439,7.70188254763662,4.25720015108611,175.638521221131,"squared_euclidean_pc1_pc3",628.869483602943,"all_pixels",6140,1,1002.20818809843,8650.81596590425,2657.84257481737,"all_pixels",6140
"1210_b",7923,FALSE,"all_pixels",6.96858697557872,6.40341756534945,3.7849686414504,125.770767802108,"squared_euclidean_pc1_pc3",444.064687859504,"all_pixels",7880,1,1366.13333393245,10331.9788062124,3348.95649297712,"all_pixels",7880
"1210_c",5756,FALSE,"all_pixels",5.91590301499533,5.33341206394238,3.35028732856281,92.4407672552754,"squared_euclidean_pc1_pc3",325.186384314914,"all_pixels",5751,1,531.6697262893,2792.10811648099,1317.64203518528,"all_pixels",5751
"1210_d",5194,FALSE,"all_pixels",7.28045120930912,6.50547934288636,4.47065791522515,145.975807908151,"squared_euclidean_pc1_pc3",473.760535951204,"all_pixels",5170,1,1199.33016298368,8446.7368915867,2944.97515312978,"all_pixels",5170
"1211_a",NA,TRUE,"manual_excluded",NA,NA,NA,NA,"squared_euclidean_pc1_pc3",NA,"manual_excluded",NA,1,NA,NA,NA,"manual_excluded",NA
"1211_b",NA,TRUE,"manual_excluded",NA,NA,NA,NA,"squared_euclidean_pc1_pc3",NA,"manual_excluded",NA,1,NA,NA,NA,"manual_excluded",NA
"1211_c",NA,TRUE,"manual_excluded",NA,NA,NA,NA,"squared_euclidean_pc1_pc3",NA,"manual_excluded",NA,1,NA,NA,NA,"manual_excluded",NA
"1211_d",NA,TRUE,"manual_excluded",NA,NA,NA,NA,"squared_euclidean_pc1_pc3",NA,"manual_excluded",NA,1,NA,NA,NA,"manual_excluded",NA
"1212_a",NA,TRUE,"manual_excluded",NA,NA,NA,NA,"squared_euclidean_pc1_pc3",NA,"manual_excluded",NA,1,NA,NA,NA,"manual_excluded",NA
"1212_b",NA,TRUE,"manual_excluded",NA,NA,NA,NA,"squared_euclidean_pc1_pc3",NA,"manual_excluded",NA,1,NA,NA,NA,"manual_excluded",NA
"1212_c",NA,TRUE,"manual_excluded",NA,NA,NA,NA,"squared_euclidean_pc1_pc3",NA,"manual_excluded",NA,1,NA,NA,NA,"manual_excluded",NA
"1212_d",NA,TRUE,"manual_excluded",NA,NA,NA,NA,"squared_euclidean_pc1_pc3",NA,"manual_excluded",NA,1,NA,NA,NA,"manual_excluded",NA
"1213_a",NA,TRUE,"manual_excluded",NA,NA,NA,NA,"squared_euclidean_pc1_pc3",NA,"manual_excluded",NA,1,NA,NA,NA,"manual_excluded",NA
"1213_b",NA,TRUE,"manual_excluded",NA,NA,NA,NA,"squared_euclidean_pc1_pc3",NA,"manual_excluded",NA,1,NA,NA,NA,"manual_excluded",NA
"1213_c",NA,TRUE,"manual_excluded",NA,NA,NA,NA,"squared_euclidean_pc1_pc3",NA,"manual_excluded",NA,1,NA,NA,NA,"manual_excluded",NA
"1213_d",NA,TRUE,"manual_excluded",NA,NA,NA,NA,"squared_euclidean_pc1_pc3",NA,"manual_excluded",NA,1,NA,NA,NA,"manual_excluded",NA
"1214_a",NA,TRUE,"manual_excluded",NA,NA,NA,NA,"squared_euclidean_pc1_pc3",NA,"manual_excluded",NA,1,NA,NA,NA,"manual_excluded",NA
"1214_b",NA,TRUE,"manual_excluded",NA,NA,NA,NA,"squared_euclidean_pc1_pc3",NA,"manual_excluded",NA,1,NA,NA,NA,"manual_excluded",NA
"1214_c",NA,TRUE,"manual_excluded",NA,NA,NA,NA,"squared_euclidean_pc1_pc3",NA,"manual_excluded",NA,1,NA,NA,NA,"manual_excluded",NA
"1214_d",NA,TRUE,"manual_excluded",NA,NA,NA,NA,"squared_euclidean_pc1_pc3",NA,"manual_excluded",NA,1,NA,NA,NA,"manual_excluded",NA
"1215_a",NA,TRUE,"manual_excluded",NA,NA,NA,NA,"squared_euclidean_pc1_pc3",NA,"manual_excluded",NA,1,NA,NA,NA,"manual_excluded",NA
"1215_b",NA,TRUE,"manual_excluded",NA,NA,NA,NA,"squared_euclidean_pc1_pc3",NA,"manual_excluded",NA,1,NA,NA,NA,"manual_excluded",NA
"1215_c",NA,TRUE,"manual_excluded",NA,NA,NA,NA,"squared_euclidean_pc1_pc3",NA,"manual_excluded",NA,1,NA,NA,NA,"manual_excluded",NA
"1215_d",NA,TRUE,"manual_excluded",NA,NA,NA,NA,"squared_euclidean_pc1_pc3",NA,"manual_excluded",NA,1,NA,NA,NA,"manual_excluded",NA
"1216_a",NA,TRUE,"manual_excluded",NA,NA,NA,NA,"squared_euclidean_pc1_pc3",NA,"manual_excluded",NA,1,NA,NA,NA,"manual_excluded",NA
"1216_b",NA,TRUE,"manual_excluded",NA,NA,NA,NA,"squared_euclidean_pc1_pc3",NA,"manual_excluded",NA,1,NA,NA,NA,"manual_excluded",NA
"1216_c",NA,TRUE,"manual_excluded",NA,NA,NA,NA,"squared_euclidean_pc1_pc3",NA,"manual_excluded",NA,1,NA,NA,NA,"manual_excluded",NA
"1216_d",NA,TRUE,"manual_excluded",NA,NA,NA,NA,"squared_euclidean_pc1_pc3",NA,"manual_excluded",NA,1,NA,NA,NA,"manual_excluded",NA
"1217_a",2656,FALSE,"all_pixels",4.48276063181404,4.1144292469358,2.40796159713771,51.7824776968777,"squared_euclidean_pc1_pc3",207.061581524275,"all_pixels",2625,1,350.855673392333,1198.36850122731,821.559913701024,"all_pixels",2625
"1217_b",3917,FALSE,"all_pixels",4.76621484968632,4.2736415988739,2.86407944619339,61.8353217504398,"squared_euclidean_pc1_pc3",278.268344774877,"all_pixels",3905,1,472.531020341163,2278.46378409007,1170.17049383781,"all_pixels",3905
"1217_c",1679,FALSE,"all_pixels",3.55371793191342,3.29744974172399,1.72984551065642,31.238988799109,"squared_euclidean_pc1_pc3",118.746475893291,"all_pixels",1671,1,205.675939995029,798.52215259623,529.606791931428,"all_pixels",1671
"1217_d",1564,FALSE,"all_pixels",3.99158982691284,3.74447390343525,1.96961364820513,39.619373697686,"squared_euclidean_pc1_pc3",130.223787146605,"all_pixels",1534,1,198.936878748073,689.171398933192,504.196101744046,"all_pixels",1534
"1218_a",3006,FALSE,"all_pixels",4.85666313718024,4.34556222732401,2.63024757545469,61.0061553434474,"squared_euclidean_pc1_pc3",179.977342183782,"all_pixels",2980,1,239.318752717152,985.952966073852,641.986080498798,"all_pixels",2980
"1218_b",3704,FALSE,"all_pixels",3.16161997087517,2.66091209484733,2.15982251638741,29.318829476583,"squared_euclidean_pc1_pc3",153.867039034739,"all_pixels",3552,1,220.667990968698,859.465236056204,582.453569880465,"all_pixels",3552
"1218_c",4838,FALSE,"all_pixels",5.60436531075042,5.15050403907124,2.86978312594447,79.2857268824479,"squared_euclidean_pc1_pc3",223.631609699093,"all_pixels",4759,1,370.843225019465,1503.37390890109,915.460268721627,"all_pixels",4759
"1218_d",2395,FALSE,"all_pixels",4.82580709694838,4.5050705721946,2.38164841904109,57.9165899152163,"squared_euclidean_pc1_pc3",181.124136212595,"all_pixels",2385,1,245.980704553446,851.051142604784,607.490484360614,"all_pixels",2385
"1219_a",NA,TRUE,"manual_excluded",NA,NA,NA,NA,"squared_euclidean_pc1_pc3",NA,"manual_excluded",NA,1,NA,NA,NA,"manual_excluded",NA
"1219_b",NA,TRUE,"manual_excluded",NA,NA,NA,NA,"squared_euclidean_pc1_pc3",NA,"manual_excluded",NA,1,NA,NA,NA,"manual_excluded",NA
"122_a",8493,FALSE,"all_pixels",7.90386856683894,7.19636858673519,4.37929161942228,163.29415058387,"squared_euclidean_pc1_pc3",471.482379074475,"all_pixels",8472,1,907.225003024809,6452.22871929154,2363.65371174672,"all_pixels",8472
"122_b",7225,FALSE,"all_pixels",6.5623174972922,5.97650275345385,3.51190848041306,110.791610102157,"squared_euclidean_pc1_pc3",411.217343194543,"all_pixels",7216,1,866.052617211633,5479.61369887601,2120.0061638027,"all_pixels",7216
"122_c",7643,FALSE,"all_pixels",7.17629914268456,6.52476841983334,3.8365276733694,132.432576333207,"squared_euclidean_pc1_pc3",466.772149985715,"all_pixels",7621,1,1108.37043450534,7195.80075071707,2665.25723600622,"all_pixels",7621
"122_d",7767,FALSE,"all_pixels",8.1993979096187,7.54450281447583,4.46702624812422,174.363760931502,"squared_euclidean_pc1_pc3",459.928777227011,"all_pixels",7765,1,1371.9177515864,9097.9677858398,3324.80975851361,"all_pixels",7765
"1220_c",NA,TRUE,"manual_excluded",NA,NA,NA,NA,"squared_euclidean_pc1_pc3",NA,"manual_excluded",NA,1,NA,NA,NA,"manual_excluded",NA
"1221_a",NA,TRUE,"manual_excluded",NA,NA,NA,NA,"squared_euclidean_pc1_pc3",NA,"manual_excluded",NA,1,NA,NA,NA,"manual_excluded",NA
"1221_b",NA,TRUE,"manual_excluded",NA,NA,NA,NA,"squared_euclidean_pc1_pc3",NA,"manual_excluded",NA,1,NA,NA,NA,"manual_excluded",NA
"1221_c",NA,TRUE,"manual_excluded",NA,NA,NA,NA,"squared_euclidean_pc1_pc3",NA,"manual_excluded",NA,1,NA,NA,NA,"manual_excluded",NA
"1221_d",NA,TRUE,"manual_excluded",NA,NA,NA,NA,"squared_euclidean_pc1_pc3",NA,"manual_excluded",NA,1,NA,NA,NA,"manual_excluded",NA
"1222_a",7682,FALSE,"all_pixels",6.64753502083516,5.86694188058809,3.52869527049995,113.279582547086,"squared_euclidean_pc1_pc3",482.659933710398,"all_pixels",7680,1,813.700578978969,5384.48636319842,2027.99694264025,"all_pixels",7680
"1222_b",5467,FALSE,"all_pixels",8.03503349142518,7.12172917172214,4.61963845299004,171.797838060716,"squared_euclidean_pc1_pc3",530.983995336932,"all_pixels",5454,1,724.142111463891,4696.60946916605,1881.21146219443,"all_pixels",5454
"1222_c",7670,FALSE,"all_pixels",8.36565159490039,7.92755008006638,4.10463322680812,173.659887843783,"squared_euclidean_pc1_pc3",606.985825449674,"all_pixels",7664,1,833.704338162973,5638.7687382963,2127.64808370444,"all_pixels",7664
"1222_d",5632,FALSE,"all_pixels",7.4526268184238,6.66637745634945,4.21928458750369,146.681695988413,"squared_euclidean_pc1_pc3",473.642765173682,"all_pixels",5619,1,1027.30977074315,7181.48148863957,2523.11167255724,"all_pixels",5619
"1223_a",7362,FALSE,"all_pixels",6.18509703620465,5.66276543291092,3.40476407981264,99.6925383149703,"squared_euclidean_pc1_pc3",472.724505091807,"all_pixels",7353,1,889.294282875939,5973.31499236468,2240.86686394052,"all_pixels",7353
"1223_b",6482,FALSE,"all_pixels",5.44168673428848,4.66747799193038,3.56641926447474,84.6586772553767,"squared_euclidean_pc1_pc3",402.864522277306,"all_pixels",6472,1,703.805767474583,4271.81704776919,1744.24332281099,"all_pixels",6472
"1223_c",7304,FALSE,"all_pixels",7.29372620195632,6.73827635011368,3.67579980020533,133.416192405886,"squared_euclidean_pc1_pc3",495.496370666983,"all_pixels",7301,1,1003.8201592968,7926.70378538008,2521.26741552509,"all_pixels",7301
"1223_d",8022,FALSE,"all_pixels",7.53689993608513,6.94385109285866,3.70727843209907,141.094121484018,"squared_euclidean_pc1_pc3",511.481161211619,"all_pixels",7972,1,719.120936775702,6013.79968068657,1991.94806676395,"all_pixels",7972
"1224_a",6662,FALSE,"all_pixels",7.28159925457249,6.60071426396362,3.91747743897567,136.732027164253,"squared_euclidean_pc1_pc3",480.4974552103,"all_pixels",6662,1,757.045776834199,5860.95571970369,2019.6885426722,"all_pixels",6662
"1224_b",8095,FALSE,"all_pixels",7.09841041970563,6.10944596334245,4.08893830257618,134.20956305687,"squared_euclidean_pc1_pc3",471.515131615081,"all_pixels",8091,1,1080.81097999987,7124.59756503136,2608.54702457597,"all_pixels",8091
"1224_c",6681,FALSE,"all_pixels",6.459000900309,5.86956390311276,3.62960355652291,109.781485487853,"squared_euclidean_pc1_pc3",406.567364088018,"all_pixels",6681,1,904.349620798028,4526.21925600356,2076.76260413141,"all_pixels",6681
"1224_d",6472,FALSE,"all_pixels",7.17383170944276,6.58073719632249,4.17675028625776,137.812817708533,"squared_euclidean_pc1_pc3",511.043056257231,"all_pixels",6469,1,1051.68739241239,7530.62134119729,2634.56165383791,"all_pixels",6469
"123_a",6926,FALSE,"all_pixels",8.02367197002665,7.39700644368369,4.41561705851875,167.748341495997,"squared_euclidean_pc1_pc3",472.291721424568,"all_pixels",6896,1,1340.81153514485,7198.14190474154,3017.10209841354,"all_pixels",6896
"123_b",7999,FALSE,"all_pixels",10.1435935421852,9.45427214372741,5.2735856873799,261.399438356706,"squared_euclidean_pc1_pc3",769.867533725399,"all_pixels",7931,1,1111.06827615855,8783.95016282189,2873.06507898416,"all_pixels",7931
"123_c",6996,FALSE,"all_pixels",8.17612252822138,7.07788605737185,4.95254408926438,182.746333186109,"squared_euclidean_pc1_pc3",658.284924423565,"all_pixels",6964,1,1809.31342301976,12348.4359322607,4078.48103567911,"all_pixels",6964
"123_d",7687,FALSE,"all_pixels",6.86259809624747,5.87527000326349,4.24125816061502,130.162366651478,"squared_euclidean_pc1_pc3",577.373228017993,"all_pixels",7655,1,1105.17284492117,7193.11888370173,2616.02278881808,"all_pixels",7655
"124_a",7899,FALSE,"all_pixels",7.8870490314261,7.32957444086348,4.04401437672014,157.115048615927,"squared_euclidean_pc1_pc3",672.9227680282,"all_pixels",7899,1,1122.84993855205,8907.15840208306,2809.79113413279,"all_pixels",7899
"124_b",6641,FALSE,"all_pixels",8.49972549152933,7.60116955220258,5.16812002671957,197.901552275823,"squared_euclidean_pc1_pc3",606.123659778817,"all_pixels",6613,1,2040.60958633592,13710.7826452478,4571.68110013188,"all_pixels",6613
"124_c",6848,FALSE,"all_pixels",7.24080880033309,6.54209702205763,3.98844516449941,136.669367887489,"squared_euclidean_pc1_pc3",524.900537245786,"all_pixels",6848,1,887.72446613257,5433.72301213053,2141.59675256108,"all_pixels",6848
"124_d",6386,FALSE,"all_pixels",7.45436121134825,6.83643021299037,3.92483933563204,141.938905342453,"squared_euclidean_pc1_pc3",590.105603332611,"all_pixels",6386,1,1070.37264236135,7775.03163023944,2587.03355642138,"all_pixels",6386
"13_a",7947,FALSE,"all_pixels",7.77958473021387,6.83769741878522,5.21399334852602,175.408488667792,"squared_euclidean_pc1_pc3",525.043649306596,"all_pixels",7897,1,2603.35313694299,15276.5491870227,5873.66509535201,"all_pixels",7897
"13_b",8008,FALSE,"all_pixels",7.80359071754133,7.07366533781603,4.38397579948768,160.22574378384,"squared_euclidean_pc1_pc3",529.612558028753,"all_pixels",7832,1,898.331382900099,5628.96181416449,2207.77157256459,"all_pixels",7832
"13_c",8066,FALSE,"all_pixels",7.12960128624663,6.48052732322114,3.97742745117662,133.298364639784,"squared_euclidean_pc1_pc3",528.800697457007,"all_pixels",8027,1,927.674412257146,5339.03887642436,2173.57541720205,"all_pixels",8027
"13_d",7178,FALSE,"all_pixels",7.08580099763506,6.39131702378919,4.07152928068894,133.567233990146,"squared_euclidean_pc1_pc3",484.798935445475,"all_pixels",7178,1,1128.97995885493,6353.467114594,2551.21855948129,"all_pixels",7178
"1300_a",7307,FALSE,"all_pixels",7.03030181698464,6.40092873534127,3.96624750428034,130.308220039344,"squared_euclidean_pc1_pc3",478.493617154317,"all_pixels",7300,1,829.45162240543,5884.26561327389,2123.59895701435,"all_pixels",7300
"1300_b",6918,FALSE,"all_pixels",7.30435117073912,6.76030598285669,3.83945495865483,136.185659053926,"squared_euclidean_pc1_pc3",482.649789386472,"all_pixels",6894,1,1119.64979886386,8908.28393236656,2848.82056747663,"all_pixels",6894
"1300_c",6481,FALSE,"all_pixels",7.75215477754726,7.24244509500088,3.94950809588168,151.384222144715,"squared_euclidean_pc1_pc3",470.202790797028,"all_pixels",6448,1,1007.43795785423,6911.63682208156,2439.89678249042,"all_pixels",6448
"1300_d",6545,FALSE,"all_pixels",6.69847588142596,5.97690193376497,3.8569597874514,119.486890069588,"squared_euclidean_pc1_pc3",468.732206130547,"all_pixels",6455,1,1163.56127720641,7322.52826923567,2764.56453607543,"all_pixels",6455
"1301_a",5629,FALSE,"all_pixels",7.2363395299389,6.60893067112169,3.86485930979305,134.598187345899,"squared_euclidean_pc1_pc3",479.541235563628,"all_pixels",5580,1,743.8188630807,4469.80125101986,1856.92832321674,"all_pixels",5580
"1301_b",7611,FALSE,"all_pixels",8.03600775279676,7.51531447907386,4.17213764576214,163.963732177708,"squared_euclidean_pc1_pc3",611.260663654906,"all_pixels",7490,1,1261.58699262658,9371.92076920937,3104.32405159295,"all_pixels",7490
"1301_c",7184,FALSE,"all_pixels",9.27662859637689,8.04945978667498,5.84627529775099,240.460030650753,"squared_euclidean_pc1_pc3",799.467767376541,"all_pixels",7174,1,1474.7746964408,12886.2095098991,3786.99283157257,"all_pixels",7174
"1301_d",6294,FALSE,"all_pixels",6.556657385663,5.7371560990908,4.18092635093831,120.934247907409,"squared_euclidean_pc1_pc3",513.819148870028,"all_pixels",6273,1,1244.98076300556,8132.4270983619,2970.56154714083,"all_pixels",6273
"1302_a",6333,FALSE,"all_pixels",7.53772105195866,7.0565715226063,3.87435491829119,143.650988932864,"squared_euclidean_pc1_pc3",545.979710086847,"all_pixels",6257,1,1111.92451056908,7907.72087192729,2786.75822702611,"all_pixels",6257
"1302_b",7402,FALSE,"all_pixels",7.05145897039852,6.47988647874234,3.73321604677121,127.316185613643,"squared_euclidean_pc1_pc3",490.722738110557,"all_pixels",7382,1,887.889344446306,6846.08646699724,2284.15700787812,"all_pixels",7382
"1302_c",7231,FALSE,"all_pixels",5.95545565956104,5.130069847121,3.71134473570584,98.4792539902404,"squared_euclidean_pc1_pc3",427.243516327683,"all_pixels",7165,1,1039.55998403531,9057.85286886204,2731.23727036964,"all_pixels",7165
"1302_d",6777,FALSE,"all_pixels",6.13445057592765,5.53603979826863,3.28536105329184,96.8469768765285,"squared_euclidean_pc1_pc3",423.80544780565,"all_pixels",6693,1,780.85080459206,6082.56124976797,2055.77633880013,"all_pixels",6693
"1303_a",6546,FALSE,"all_pixels",5.27058622981577,4.77312423443274,3.00344200132155,73.5967300381698,"squared_euclidean_pc1_pc3",276.690485009569,"all_pixels",6279,1,660.716854646389,3441.44498926776,1607.49955295777,"all_pixels",6279
"1303_b",6956,FALSE,"all_pixels",8.17733144653099,7.31291753457331,4.80217014968194,179.852544977588,"squared_euclidean_pc1_pc3",424.769362446652,"all_pixels",6849,1,621.777113125075,3026.28129446385,1533.84597551091,"all_pixels",6849
"1303_c",7660,FALSE,"all_pixels",7.59787946101235,6.84860353085079,4.54587536741476,156.780114763402,"squared_euclidean_pc1_pc3",408.236606741991,"all_pixels",7406,1,840.965074534946,4005.25020233607,1971.42518238931,"all_pixels",7406
"1303_d",6527,FALSE,"all_pixels",5.84594978608841,5.37014323754469,3.16467101468923,88.3774742304824,"squared_euclidean_pc1_pc3",323.316295874435,"all_pixels",6293,1,678.913103491404,3485.77742901083,1664.14570958145,"all_pixels",6293
"1304_a",6161,FALSE,"all_pixels",5.96960034791053,5.46762975278245,3.35388636346915,93.76571257062,"squared_euclidean_pc1_pc3",325.924485765573,"all_pixels",6110,1,505.897909845366,2444.35996971531,1238.23489178634,"all_pixels",6110
"1304_b",8073,FALSE,"all_pixels",5.91983293327963,5.38480050532863,3.2485431395954,91.1922945737921,"squared_euclidean_pc1_pc3",441.77935814415,"all_pixels",7923,1,616.521378928565,3134.59322813473,1470.71879809731,"all_pixels",7923
"1304_c",8232,FALSE,"all_pixels",6.98172461494925,6.32794657828733,3.86838403762403,127.41411165857,"squared_euclidean_pc1_pc3",463.783616710184,"all_pixels",8097,1,1023.016398923,7039.57905269313,2506.27511153257,"all_pixels",8097
"1304_d",7515,FALSE,"all_pixels",6.37401111640497,5.80933295101514,3.45861884860761,105.176940592528,"squared_euclidean_pc1_pc3",380.257022786614,"all_pixels",7254,1,581.761016819179,3060.66450502925,1424.76563372682,"all_pixels",7254
"1305_a",8546,FALSE,"all_pixels",5.51925172943062,4.91020562582834,3.1985622718074,81.3834862290371,"squared_euclidean_pc1_pc3",385.296384789105,"all_pixels",8492,1,826.316382259658,5481.97755572914,2076.81135079693,"all_pixels",8492
"1305_b",8327,FALSE,"all_pixels",6.78015251769724,6.1011127530175,3.55497945875742,117.213658832996,"squared_euclidean_pc1_pc3",507.127209552851,"all_pixels",8039,1,862.134520192632,5707.81623479829,2113.75529693186,"all_pixels",8039
"1305_c",8027,FALSE,"all_pixels",7.35014581654893,6.88143425171955,3.9203628255369,138.783947029777,"squared_euclidean_pc1_pc3",459.252333632829,"all_pixels",7990,1,814.688503736873,5584.64218215162,2048.50806102383,"all_pixels",7990
"1305_d",6533,FALSE,"all_pixels",7.44346835915042,7.07235648092206,3.67445036707231,137.809480078199,"squared_euclidean_pc1_pc3",475.048135745843,"all_pixels",6530,1,682.632351479669,5190.9579964504,1846.02464983219,"all_pixels",6530
"1306_a",6059,FALSE,"all_pixels",6.6319850386623,6.11205746471633,3.45905113284501,111.89257107727,"squared_euclidean_pc1_pc3",394.497902435212,"all_pixels",6053,1,699.925592309574,3772.56417239411,1702.749000552,"all_pixels",6053
"1306_b",6770,FALSE,"all_pixels",5.34200013175193,4.77461854392219,3.01700125030666,75.2758348946604,"squared_euclidean_pc1_pc3",329.970348204791,"all_pixels",6770,1,633.719464884492,3408.58666187981,1568.76223666575,"all_pixels",6770
"1306_c",4846,FALSE,"all_pixels",5.94322254536153,5.41528399582933,3.17843582158907,90.8445275921041,"squared_euclidean_pc1_pc3",335.539792986575,"all_pixels",4839,1,684.142904480698,4391.47587999409,1743.12816533336,"all_pixels",4839
"1306_d",5446,FALSE,"all_pixels",5.5266162601245,4.90796894342444,3.11428700366884,80.4809798549998,"squared_euclidean_pc1_pc3",335.681192988815,"all_pixels",5432,1,501.326665123196,2692.8537120255,1303.03709028943,"all_pixels",5432
"1307_a",6569,FALSE,"all_pixels",7.17561616958814,6.88596141155542,3.49920252202741,127.46404346703,"squared_euclidean_pc1_pc3",356.627835024064,"all_pixels",6569,1,891.961146509081,4516.0999693926,2162.96632262133,"all_pixels",6569
"1307_b",6194,FALSE,"all_pixels",6.44795207793581,5.47483953623791,3.66447595081738,110.004604054115,"squared_euclidean_pc1_pc3",366.881317964928,"all_pixels",6178,1,907.236910966251,5753.70619480196,2139.96535234831,"all_pixels",6178
"1307_c",5895,FALSE,"all_pixels",7.32111873316383,6.92565931351374,3.61090395261171,133.270390097626,"squared_euclidean_pc1_pc3",442.176250451074,"all_pixels",5823,1,888.674486037024,6626.95704847553,2296.74966565035,"all_pixels",5823
"1307_d",6233,FALSE,"all_pixels",6.02472661008723,5.52238579756394,3.28250851543446,94.1409284004776,"squared_euclidean_pc1_pc3",339.929168142927,"all_pixels",6188,1,621.067083808912,2958.79667930677,1465.50655600883,"all_pixels",6188
"1308_a",6666,FALSE,"all_pixels",6.95379691476932,6.64274951066983,3.77040129064355,125.138169644395,"squared_euclidean_pc1_pc3",382.350804546567,"all_pixels",6665,1,1004.87987860295,6543.59590770859,2421.98604931683,"all_pixels",6665
"1308_b",5872,FALSE,"all_pixels",7.86883660911912,7.35216366252602,3.94171285454037,154.906087689454,"squared_euclidean_pc1_pc3",493.572972156929,"all_pixels",5872,1,913.384902344732,7995.69851394669,2452.23554042885,"all_pixels",5872
"1308_c",7253,FALSE,"all_pixels",7.13824155289599,6.64862495369951,3.68195478714596,129.018828786592,"squared_euclidean_pc1_pc3",443.335456054536,"all_pixels",7253,1,833.882207671221,4978.5482601655,2042.70316205471,"all_pixels",7253
"1308_d",6378,FALSE,"all_pixels",7.31977695417058,6.55219453246032,4.10020643430145,140.776383149657,"squared_euclidean_pc1_pc3",513.962322968517,"all_pixels",6378,1,1156.21157109768,7257.47820015813,2675.49907666589,"all_pixels",6378
"1309_a",6410,FALSE,"all_pixels",6.27536757930468,5.90624497768606,3.12450581905063,98.2825037040744,"squared_euclidean_pc1_pc3",438.184697767355,"all_pixels",6384,1,710.945814758678,4679.2856118656,1819.11059006378,"all_pixels",6384
"1309_b",7283,FALSE,"all_pixels",7.38770965701901,6.77175009005216,3.95771256730022,140.47918409985,"squared_euclidean_pc1_pc3",510.648955599047,"all_pixels",7282,1,1195.75264720558,11084.9253180558,3173.02674672057,"all_pixels",7282
"1309_c",6588,FALSE,"all_pixels",8.2224604986226,7.84586081160552,3.91180307094892,165.817474356973,"squared_euclidean_pc1_pc3",594.640563953345,"all_pixels",6487,1,1227.2357960089,8251.3058413619,2860.10200183058,"all_pixels",6487
"1309_d",6288,FALSE,"all_pixels",8.73860575289206,8.31508149268839,3.99126675154756,184.581814712198,"squared_euclidean_pc1_pc3",569.614061683629,"all_pixels",6158,1,1111.27855985115,7739.08094998805,2681.44506338257,"all_pixels",6158
"1310_a",7512,FALSE,"all_pixels",7.29690557791792,6.75653758787076,3.88708807740331,136.704546717824,"squared_euclidean_pc1_pc3",460.662075972524,"all_pixels",7452,1,707.252992678669,5414.65293656231,1932.1281761821,"all_pixels",7452
"1310_b",8333,FALSE,"all_pixels",8.27619029615228,7.7718082914044,4.2219804925056,172.636611994691,"squared_euclidean_pc1_pc3",570.483798530399,"all_pixels",8236,1,793.31408981604,8085.68927753821,2372.00382763776,"all_pixels",8236
"1310_c",7407,FALSE,"all_pixels",10.0059068431142,9.3074934335786,5.36994518414222,257.901179835256,"squared_euclidean_pc1_pc3",776.049756133697,"all_pixels",7313,1,1761.19645176583,19401.5313916329,4698.21666519673,"all_pixels",7313
"1310_d",8205,FALSE,"all_pixels",8.43911389624189,7.73176182081935,4.36699571516129,180.573941316005,"squared_euclidean_pc1_pc3",586.710277648403,"all_pixels",8100,1,1046.50630334729,8592.31499426891,2663.24110671073,"all_pixels",8100
"1311_a",8211,FALSE,"all_pixels",7.83784540138051,7.06253367866208,4.08946535526401,156.307021362356,"squared_euclidean_pc1_pc3",580.750171601142,"all_pixels",8123,1,782.807232193692,6186.05770743961,2093.4565682588,"all_pixels",8123
"1311_b",6338,FALSE,"all_pixels",5.97756786714784,5.55143844596603,3.06444061769775,90.2412644803945,"squared_euclidean_pc1_pc3",335.924174641107,"all_pixels",6236,1,599.553119304861,3363.40402225244,1500.0819640626,"all_pixels",6236
"1311_c",6739,FALSE,"all_pixels",6.70244922594199,5.73666487097835,4.35953122620661,127.851035822383,"squared_euclidean_pc1_pc3",431.925189130131,"all_pixels",6652,1,664.495505734202,3819.55530017474,1655.07924455965,"all_pixels",6652
"1311_d",6387,FALSE,"all_pixels",7.40489538594756,6.66833447371865,4.1551294742265,144.189746923181,"squared_euclidean_pc1_pc3",490.840391781538,"all_pixels",6330,1,834.007853638362,5449.89839871613,2066.69185582776,"all_pixels",6330
"1312_a",6034,FALSE,"all_pixels",6.90856406843348,6.29821295676144,3.91112635566588,126.04526347683,"squared_euclidean_pc1_pc3",464.958925635183,"all_pixels",6021,1,885.160232157021,5634.72452442955,2181.67131692172,"all_pixels",6021
"1312_b",7522,FALSE,"all_pixels",7.77464332473717,7.17275469987757,4.21269129669003,156.378974946035,"squared_euclidean_pc1_pc3",431.612179751445,"all_pixels",7479,1,637.470594292959,3675.85672522789,1617.68174160686,"all_pixels",7479
"1312_c",4943,FALSE,"all_pixels",7.49306949296854,7.04444987053419,3.87652118502035,142.340933566923,"squared_euclidean_pc1_pc3",381.32347818218,"all_pixels",4924,1,852.097426299909,5276.68287692417,2086.64444078398,"all_pixels",4924
"1312_d",6561,FALSE,"all_pixels",6.24557400120093,5.83380170924097,3.41202027249186,101.294605075351,"squared_euclidean_pc1_pc3",416.274240541135,"all_pixels",6555,1,945.754554119259,4893.07818262955,2166.00653358072,"all_pixels",6555
"1313_a",NA,TRUE,"manual_excluded",NA,NA,NA,NA,"squared_euclidean_pc1_pc3",NA,"manual_excluded",NA,1,NA,NA,NA,"manual_excluded",NA
"1313_b",NA,TRUE,"manual_excluded",NA,NA,NA,NA,"squared_euclidean_pc1_pc3",NA,"manual_excluded",NA,1,NA,NA,NA,"manual_excluded",NA
"1313_c",NA,TRUE,"manual_excluded",NA,NA,NA,NA,"squared_euclidean_pc1_pc3",NA,"manual_excluded",NA,1,NA,NA,NA,"manual_excluded",NA
"1313_d",NA,TRUE,"manual_excluded",NA,NA,NA,NA,"squared_euclidean_pc1_pc3",NA,"manual_excluded",NA,1,NA,NA,NA,"manual_excluded",NA
"1314_a",NA,TRUE,"manual_excluded",NA,NA,NA,NA,"squared_euclidean_pc1_pc3",NA,"manual_excluded",NA,1,NA,NA,NA,"manual_excluded",NA
"1314_b",NA,TRUE,"manual_excluded",NA,NA,NA,NA,"squared_euclidean_pc1_pc3",NA,"manual_excluded",NA,1,NA,NA,NA,"manual_excluded",NA
"1314_c",NA,TRUE,"manual_excluded",NA,NA,NA,NA,"squared_euclidean_pc1_pc3",NA,"manual_excluded",NA,1,NA,NA,NA,"manual_excluded",NA
"1314_d",NA,TRUE,"manual_excluded",NA,NA,NA,NA,"squared_euclidean_pc1_pc3",NA,"manual_excluded",NA,1,NA,NA,NA,"manual_excluded",NA
"1315_a",NA,TRUE,"manual_excluded",NA,NA,NA,NA,"squared_euclidean_pc1_pc3",NA,"manual_excluded",NA,1,NA,NA,NA,"manual_excluded",NA
"1315_b",NA,TRUE,"manual_excluded",NA,NA,NA,NA,"squared_euclidean_pc1_pc3",NA,"manual_excluded",NA,1,NA,NA,NA,"manual_excluded",NA
"1315_c",NA,TRUE,"manual_excluded",NA,NA,NA,NA,"squared_euclidean_pc1_pc3",NA,"manual_excluded",NA,1,NA,NA,NA,"manual_excluded",NA
"1315_d",NA,TRUE,"manual_excluded",NA,NA,NA,NA,"squared_euclidean_pc1_pc3",NA,"manual_excluded",NA,1,NA,NA,NA,"manual_excluded",NA
"1316_a",NA,TRUE,"manual_excluded",NA,NA,NA,NA,"squared_euclidean_pc1_pc3",NA,"manual_excluded",NA,1,NA,NA,NA,"manual_excluded",NA
"1316_b",NA,TRUE,"manual_excluded",NA,NA,NA,NA,"squared_euclidean_pc1_pc3",NA,"manual_excluded",NA,1,NA,NA,NA,"manual_excluded",NA
"1316_c",NA,TRUE,"manual_excluded",NA,NA,NA,NA,"squared_euclidean_pc1_pc3",NA,"manual_excluded",NA,1,NA,NA,NA,"manual_excluded",NA
"1316_d",NA,TRUE,"manual_excluded",NA,NA,NA,NA,"squared_euclidean_pc1_pc3",NA,"manual_excluded",NA,1,NA,NA,NA,"manual_excluded",NA
"1317_a",NA,TRUE,"manual_excluded",NA,NA,NA,NA,"squared_euclidean_pc1_pc3",NA,"manual_excluded",NA,1,NA,NA,NA,"manual_excluded",NA
"1317_b",NA,TRUE,"manual_excluded",NA,NA,NA,NA,"squared_euclidean_pc1_pc3",NA,"manual_excluded",NA,1,NA,NA,NA,"manual_excluded",NA
"1317_c",NA,TRUE,"manual_excluded",NA,NA,NA,NA,"squared_euclidean_pc1_pc3",NA,"manual_excluded",NA,1,NA,NA,NA,"manual_excluded",NA
"1317_d",NA,TRUE,"manual_excluded",NA,NA,NA,NA,"squared_euclidean_pc1_pc3",NA,"manual_excluded",NA,1,NA,NA,NA,"manual_excluded",NA
"1318_a",NA,TRUE,"manual_excluded",NA,NA,NA,NA,"squared_euclidean_pc1_pc3",NA,"manual_excluded",NA,1,NA,NA,NA,"manual_excluded",NA
"1318_b",NA,TRUE,"manual_excluded",NA,NA,NA,NA,"squared_euclidean_pc1_pc3",NA,"manual_excluded",NA,1,NA,NA,NA,"manual_excluded",NA
"1318_c",NA,TRUE,"manual_excluded",NA,NA,NA,NA,"squared_euclidean_pc1_pc3",NA,"manual_excluded",NA,1,NA,NA,NA,"manual_excluded",NA
"1321_c",NA,TRUE,"manual_excluded",NA,NA,NA,NA,"squared_euclidean_pc1_pc3",NA,"manual_excluded",NA,1,NA,NA,NA,"manual_excluded",NA
"1322_a",NA,TRUE,"manual_excluded",NA,NA,NA,NA,"squared_euclidean_pc1_pc3",NA,"manual_excluded",NA,1,NA,NA,NA,"manual_excluded",NA
"1322_b",NA,TRUE,"manual_excluded",NA,NA,NA,NA,"squared_euclidean_pc1_pc3",NA,"manual_excluded",NA,1,NA,NA,NA,"manual_excluded",NA
"1322_c",NA,TRUE,"manual_excluded",NA,NA,NA,NA,"squared_euclidean_pc1_pc3",NA,"manual_excluded",NA,1,NA,NA,NA,"manual_excluded",NA
"1322_d",NA,TRUE,"manual_excluded",NA,NA,NA,NA,"squared_euclidean_pc1_pc3",NA,"manual_excluded",NA,1,NA,NA,NA,"manual_excluded",NA
"1323_a",6575,FALSE,"all_pixels",7.28790780812214,6.81857748853014,3.60843780923718,132.264886578895,"squared_euclidean_pc1_pc3",480.64414414018,"all_pixels",6575,1,940.423828312366,6477.30453282232,2279.80188322131,"all_pixels",6575
"1323_b",5932,FALSE,"all_pixels",7.54953015053464,6.80346366531894,4.05413279003121,146.85725487855,"squared_euclidean_pc1_pc3",490.287790231913,"all_pixels",5932,1,1077.09179375528,7204.08446668731,2529.70917454186,"all_pixels",5932
"1323_c",7884,FALSE,"all_pixels",7.29017621298603,6.77210350453754,3.84297112883621,135.826446196902,"squared_euclidean_pc1_pc3",543.047462622929,"all_pixels",7884,1,733.285648055298,5024.80313788197,1937.50095585212,"all_pixels",7884
"1323_d",8371,FALSE,"all_pixels",6.75082107136472,6.14188547153196,3.40729069720999,114.363656292034,"squared_euclidean_pc1_pc3",545.592342020319,"all_pixels",8358,1,776.193530898421,5221.00583245734,1964.28399862015,"all_pixels",8358
"1324_a",7660,FALSE,"all_pixels",6.87694474613879,6.5286058195418,3.46712387959278,118.623495447057,"squared_euclidean_pc1_pc3",539.064928753814,"all_pixels",7576,1,817.284339947937,4381.15861190615,1925.54059556269,"all_pixels",7576
"1324_b",6973,FALSE,"all_pixels",6.10561759650846,5.51584059593891,3.43536023719718,98.1571474176291,"squared_euclidean_pc1_pc3",418.15238532126,"all_pixels",6973,1,599.431814793238,4018.86383218335,1561.51041158315,"all_pixels",6973
"1324_c",6381,FALSE,"all_pixels",6.94063057785439,6.47142034646573,3.46833547670791,120.399637229023,"squared_euclidean_pc1_pc3",484.450580821649,"all_pixels",6324,1,913.267972880045,6143.74751351066,2252.65308519237,"all_pixels",6324
"1324_d",5916,FALSE,"all_pixels",7.37413302271176,6.92117798905312,3.66975335596318,135.685302291843,"squared_euclidean_pc1_pc3",526.442281156559,"all_pixels",5861,1,740.71013083427,3667.79062331936,1728.40707185195,"all_pixels",5861
"14_a",7629,FALSE,"all_pixels",8.29242431089298,7.45260375911103,4.81734347186175,183.936114318061,"squared_euclidean_pc1_pc3",579.153564127313,"all_pixels",7621,1,1480.59807651617,10881.514401899,3441.87916564982,"all_pixels",7621
"14_b",6476,FALSE,"all_pixels",7.89737854485736,7.09221515712705,4.71686467520018,169.227929330997,"squared_euclidean_pc1_pc3",538.883235398065,"all_pixels",6474,1,1562.93635341616,11430.5301338846,3804.52409177995,"all_pixels",6474
"14_c",8116,FALSE,"all_pixels",7.93634445885311,7.10089442185101,4.7290846588941,170.694099012341,"squared_euclidean_pc1_pc3",582.435571561922,"all_pixels",8109,1,1638.41314566681,13598.0263861911,4073.81577524339,"all_pixels",8109
"14_d",8253,FALSE,"all_pixels",8.12438358526651,7.5542617064305,4.09859212089577,165.604061155048,"squared_euclidean_pc1_pc3",620.400969523189,"all_pixels",8214,1,1142.74686964283,9690.78769897277,2900.31545331814,"all_pixels",8214
"1400_a",6408,FALSE,"all_pixels",7.40787214222015,6.8552967449961,3.99725386129484,141.704229310855,"squared_euclidean_pc1_pc3",439.636568283157,"all_pixels",6352,1,824.232003993402,4605.87774923574,1969.25903283888,"all_pixels",6352
"1400_b",6806,FALSE,"all_pixels",7.98150974788494,7.52055418685459,4.08553259629098,160.787243942548,"squared_euclidean_pc1_pc3",537.555209127302,"all_pixels",6805,1,899.46054528588,5327.63150005344,2153.76202291363,"all_pixels",6805
"1400_c",6570,FALSE,"all_pixels",8.66749023237603,8.06045336826367,4.82815062197199,196.865754507042,"squared_euclidean_pc1_pc3",547.260588956509,"all_pixels",6514,1,931.31019064672,6606.02144035017,2379.58905857212,"all_pixels",6514
"1400_d",6284,FALSE,"all_pixels",6.64988685635492,6.09541924503228,3.45166884685839,112.266234203392,"squared_euclidean_pc1_pc3",394.572170390371,"all_pixels",6250,1,592.608878871765,3648.69811366909,1530.46053512942,"all_pixels",6250
"1401_a",4556,FALSE,"all_pixels",6.81419333801884,6.0851095573451,4.06029337755032,125.831189277079,"squared_euclidean_pc1_pc3",382.988227443947,"all_pixels",4466,1,914.146366958163,7069.2296695493,2364.96213013811,"all_pixels",4466
"1401_b",3804,FALSE,"all_pixels",6.83334981590335,6.0171945635897,3.85358852127473,123.081820748667,"squared_euclidean_pc1_pc3",427.711443448806,"all_pixels",3789,1,635.145232229653,4322.64978945624,1728.0817664219,"all_pixels",3789
"1401_c",5208,FALSE,"all_pixels",8.24233899689278,7.56493919139099,4.45481306168742,175.555402002795,"squared_euclidean_pc1_pc3",595.533587242015,"all_pixels",5125,1,1225.29318935594,8878.23551548017,2966.19626010982,"all_pixels",5125
"1401_d",7198,FALSE,"all_pixels",6.1821640608328,5.66321253550687,3.27654860633219,97.9068635022656,"squared_euclidean_pc1_pc3",426.201205356414,"all_pixels",7183,1,738.225405194159,5138.32393167524,1962.39433916441,"all_pixels",7183
"1402_a",5031,FALSE,"all_pixels",6.79156531693423,6.16656383035619,3.72819493934096,120.044068403025,"squared_euclidean_pc1_pc3",199.360494240486,"all_pixels",4820,1,635.574837145572,3638.97920689631,1582.0209329855,"all_pixels",4820
"1402_b",6315,FALSE,"all_pixels",7.39464459041756,6.83213628346814,4.08374123547507,142.710140501826,"squared_euclidean_pc1_pc3",528.840057461212,"all_pixels",6284,1,1235.14036837832,7643.42714281693,2866.12261392106,"all_pixels",6284
"1402_c",7717,FALSE,"all_pixels",6.44664307395509,6.01490096434697,3.38118612037704,105.980290089083,"squared_euclidean_pc1_pc3",423.540377792583,"all_pixels",7418,1,764.158005255854,4960.92226960209,1927.04524274308,"all_pixels",7418
"1402_d",8446,FALSE,"all_pixels",6.57629609892026,6.01331744997917,3.50703226189807,111.090978883587,"squared_euclidean_pc1_pc3",452.694859385255,"all_pixels",8163,1,680.994557566128,3795.39635521784,1703.04079212429,"all_pixels",8163
"1403_a",7784,FALSE,"all_pixels",7.18634362370956,6.62671962580792,3.87644606514868,133.336876593786,"squared_euclidean_pc1_pc3",479.180820530624,"all_pixels",7694,1,886.610940196321,6530.91535714815,2292.5562734771,"all_pixels",7694
"1403_b",6573,FALSE,"all_pixels",5.74704353596317,5.18412339277473,3.24573764399955,87.1234390350013,"squared_euclidean_pc1_pc3",370.529521612442,"all_pixels",6380,1,817.12201496037,4567.18583629352,1926.24079859567,"all_pixels",6380
"1403_c",6557,FALSE,"all_pixels",6.12323498862829,5.67513182406097,3.1540279049758,94.8807632211165,"squared_euclidean_pc1_pc3",337.287353554409,"all_pixels",6500,1,636.376892333232,3048.14094785947,1510.67167348542,"all_pixels",6500
"1403_d",6423,FALSE,"all_pixels",6.34841813953998,6.146638486428,3.00306642494711,98.638833493512,"squared_euclidean_pc1_pc3",374.130867371283,"all_pixels",6236,1,602.763425661074,3227.04003284796,1444.96430738492,"all_pixels",6236
"1404_a",6452,FALSE,"all_pixels",7.18728290638834,6.41401226690877,4.23530872399008,139.184190731165,"squared_euclidean_pc1_pc3",476.175441109685,"all_pixels",6323,1,802.684368721478,5280.17947953581,2049.68224827225,"all_pixels",6323
"1404_b",6752,FALSE,"all_pixels",5.82825114632485,5.26543061418794,3.41338405768028,91.2359531176388,"squared_euclidean_pc1_pc3",287.348146626564,"all_pixels",6501,1,490.101807541531,1946.4479994516,1159.93847466662,"all_pixels",6501
"1404_c",6354,FALSE,"all_pixels",6.6425038809326,6.15572587874348,3.40888430530374,111.483042336815,"squared_euclidean_pc1_pc3",424.812358622941,"all_pixels",6278,1,865.639805503806,6136.47561779209,2186.00697261756,"all_pixels",6278
"1404_d",7674,FALSE,"all_pixels",8.38354262913338,8.00523320088459,4.00669117221053,172.670538441003,"squared_euclidean_pc1_pc3",570.545132492396,"all_pixels",7658,1,968.826678004434,6731.01661148188,2367.49458456298,"all_pixels",7658
"1405_a",7894,FALSE,"all_pixels",7.58264189011475,6.90608928363858,4.21876228056122,150.584317191044,"squared_euclidean_pc1_pc3",560.908039782893,"all_pixels",7835,1,929.431772375921,7212.42506807584,2437.73255382977,"all_pixels",7835
"1405_b",7463,FALSE,"all_pixels",6.83509402983619,6.23100650712247,3.70380058894685,120.869622091977,"squared_euclidean_pc1_pc3",480.079825310748,"all_pixels",7463,1,820.869465216664,4945.03555884704,1981.25340524771,"all_pixels",7463
"1405_c",6249,FALSE,"all_pixels",6.69014582315039,6.27701838798875,3.60547258206813,115.510806866033,"squared_euclidean_pc1_pc3",406.115881732513,"all_pixels",6240,1,599.918822382319,3438.82093880886,1532.03180286364,"all_pixels",6240
"1405_d",7130,FALSE,"all_pixels",7.87371602389471,7.40342717927233,3.85799171796981,153.75483317858,"squared_euclidean_pc1_pc3",545.081087266212,"all_pixels",7048,1,1045.72756122607,7143.18388761491,2519.39318589081,"all_pixels",7048
"1406_a",6474,FALSE,"all_pixels",8.90391185838157,8.77847408000613,4.2245988703015,194.248250482405,"squared_euclidean_pc1_pc3",584.576031255307,"all_pixels",6442,1,1271.99996408919,7759.93347186899,2956.8282428983,"all_pixels",6442
"1406_b",5930,FALSE,"all_pixels",5.39069055653024,4.71709789409335,3.23378823078842,79.0303350525899,"squared_euclidean_pc1_pc3",356.113741010275,"all_pixels",5908,1,613.809157028436,3882.71454862031,1592.20710119001,"all_pixels",5908
"1406_c",5893,FALSE,"all_pixels",7.77188101199719,6.83247245025197,4.5379901487643,161.983989019541,"squared_euclidean_pc1_pc3",597.804719965925,"all_pixels",5891,1,1146.41452130613,10121.0171488846,3026.89779483538,"all_pixels",5891
"1406_d",2960,FALSE,"all_pixels",5.93815101899733,5.23778350306159,3.604058568116,96.492974861387,"squared_euclidean_pc1_pc3",329.927402281317,"all_pixels",2955,1,961.526499938613,4969.40943719768,2205.98756164236,"all_pixels",2955
"1407_a",4934,FALSE,"all_pixels",7.18248461594458,6.56769894783756,4.05573171043519,136.067422334468,"squared_euclidean_pc1_pc3",481.564459185302,"all_pixels",4934,1,868.790098694365,5349.76687804293,2119.51292275435,"all_pixels",4934
"1407_b",6247,FALSE,"all_pixels",9.06414601412624,8.52302395700739,4.74304054465377,209.303150831394,"squared_euclidean_pc1_pc3",565.769054645399,"all_pixels",6247,1,1530.42485034358,10213.3044671815,3552.5323659813,"all_pixels",6247
"1407_c",6520,FALSE,"all_pixels",8.04416321253541,7.60774419349973,4.10987104052876,163.194022218766,"squared_euclidean_pc1_pc3",516.955484378267,"all_pixels",6520,1,1016.25057017606,6017.80819268287,2366.31641841988,"all_pixels",6520
"1407_d",7480,FALSE,"all_pixels",7.32309430909141,6.66422535144677,4.01502294528985,139.491928752249,"squared_euclidean_pc1_pc3",536.357506263363,"all_pixels",7480,1,745.156712200427,5402.73207135913,1989.58353870922,"all_pixels",7480
"1408_a",5622,FALSE,"all_pixels",7.48914611281227,7.08150343486679,3.74637204923368,140.240233067587,"squared_euclidean_pc1_pc3",509.633004469487,"all_pixels",5622,1,794.313086016028,5554.40906187997,2027.88981532089,"all_pixels",5622
"1408_b",7553,FALSE,"all_pixels",6.78332067254259,6.18941718205904,3.7723733916871,120.484712454412,"squared_euclidean_pc1_pc3",427.302963715411,"all_pixels",7553,1,1012.1871260153,6175.95622157018,2345.94722207433,"all_pixels",7553
"1408_c",6425,FALSE,"all_pixels",7.41800273197183,6.75901013275204,4.33710510597441,147.668635061069,"squared_euclidean_pc1_pc3",438.023097846457,"all_pixels",6425,1,1373.03692326953,8847.5013136546,3284.06026581479,"all_pixels",6425
"1408_d",6445,FALSE,"all_pixels",6.93995362023141,6.44149103513352,3.74862539134199,124.425936501868,"squared_euclidean_pc1_pc3",411.511494119558,"all_pixels",6344,1,826.78934945662,4944.87423910534,1985.55228476715,"all_pixels",6344
"1409_a",5718,FALSE,"all_pixels",6.72785966678597,6.18335585888015,3.71561706032974,118.134982775191,"squared_euclidean_pc1_pc3",397.353082018583,"all_pixels",5703,1,1056.66101032807,7050.73794041443,2570.79401411151,"all_pixels",5703
"1409_b",6308,FALSE,"all_pixels",6.54067866225479,6.04297394159334,3.42314279117817,108.993052610782,"squared_euclidean_pc1_pc3",391.578125231577,"all_pixels",6187,1,1058.98747498473,7164.67033439973,2617.03496799862,"all_pixels",6187
"1409_c",6501,FALSE,"all_pixels",8.15004825087739,7.65855284324396,4.20185643837515,168.152336384781,"squared_euclidean_pc1_pc3",517.1479777142,"all_pixels",6443,1,817.1431126841,8096.27537213642,2471.46573207508,"all_pixels",6443
"1409_d",4849,FALSE,"all_pixels",9.22833551914376,8.71841934085116,4.80387639348318,216.469291370118,"squared_euclidean_pc1_pc3",533.893190002572,"all_pixels",4794,1,1279.23786297394,10921.4268643818,3251.08940816076,"all_pixels",4794
"1410_a",7817,FALSE,"all_pixels",7.02650048865751,6.268629571352,4.05848747691334,131.681845204056,"squared_euclidean_pc1_pc3",494.913991608609,"all_pixels",7765,1,838.456925682575,7546.36461829577,2445.46115632738,"all_pixels",7765
"1410_b",6576,FALSE,"all_pixels",7.79426870459464,7.22291239192638,4.00391490932913,153.559042771106,"squared_euclidean_pc1_pc3",459.673492140754,"all_pixels",6499,1,885.405033449591,7302.38579358908,2368.49189600755,"all_pixels",6499
"1410_c",8642,FALSE,"all_pixels",6.79056444822543,6.19349176065141,3.76559255950457,120.579624123994,"squared_euclidean_pc1_pc3",455.165317928615,"all_pixels",8436,1,768.459555111749,6583.78652496058,2154.94102949607,"all_pixels",8436
"1410_d",7848,FALSE,"all_pixels",6.92241327632883,6.42901065184249,3.72140197170805,123.533747142474,"squared_euclidean_pc1_pc3",418.518428133174,"all_pixels",7781,1,632.546146210526,4741.20488240397,1740.73925964093,"all_pixels",7781
"1411_a",6734,FALSE,"all_pixels",8.34950958159218,7.84703005912135,3.83343562772268,168.814713442695,"squared_euclidean_pc1_pc3",586.243233109965,"all_pixels",6733,1,967.127436767904,9107.70051719802,2689.16625470685,"all_pixels",6733
"1411_b",7161,FALSE,"all_pixels",7.96219662171723,7.3732668027513,4.25106236781044,162.931165386958,"squared_euclidean_pc1_pc3",592.232193399787,"all_pixels",7127,1,1114.25624740695,7090.25999423746,2643.29810461756,"all_pixels",7127
"1411_c",7185,FALSE,"all_pixels",7.27938681668279,6.65998231886775,3.80929141414889,134.99630784438,"squared_euclidean_pc1_pc3",531.692999026667,"all_pixels",7166,1,941.157475398436,8279.09074322373,2474.3897509616,"all_pixels",7166
"1411_d",7317,FALSE,"all_pixels",7.85504269529266,7.47041274433298,3.5475481503598,148.57014728683,"squared_euclidean_pc1_pc3",551.801035086231,"all_pixels",7171,1,805.350751551687,6376.2855417157,2123.14789836735,"all_pixels",7171
"1412_a",7419,FALSE,"all_pixels",7.2371567531523,6.57369598560673,4.04157071996944,137.417060140347,"squared_euclidean_pc1_pc3",539.705709300573,"all_pixels",7368,1,1277.20492429291,8974.33248965193,3068.4471980385,"all_pixels",7368
"1412_b",6375,FALSE,"all_pixels",6.4232318571919,5.70842957233867,3.59165097689818,108.311681416945,"squared_euclidean_pc1_pc3",455.287965896574,"all_pixels",6348,1,1006.31771247886,6824.30532751561,2475.67375120126,"all_pixels",6348
"1412_c",4966,FALSE,"all_pixels",8.43438780981593,8.10286303497472,3.92858801299198,173.139187215517,"squared_euclidean_pc1_pc3",448.500454570052,"all_pixels",4964,1,1017.38480875594,6365.41853029288,2414.04119008814,"all_pixels",4964
"1412_d",5758,FALSE,"all_pixels",8.08396317681823,7.69906253851335,4.02308957407476,163.065798899964,"squared_euclidean_pc1_pc3",558.586117677385,"all_pixels",5622,1,957.619468176825,6259.3435612288,2264.47078814537,"all_pixels",5622
"1413_a",6573,FALSE,"all_pixels",7.59943207022287,7.08440951991975,4.01438771077825,147.728449478164,"squared_euclidean_pc1_pc3",549.55767950352,"all_pixels",6472,1,998.207016019481,5910.8521964181,2328.3313325104,"all_pixels",6472
"1413_b",7847,FALSE,"all_pixels",7.47487748603282,6.77491886295368,4.05699683617848,144.661838484031,"squared_euclidean_pc1_pc3",588.840876361135,"all_pixels",7847,1,1323.21652127137,8116.58901372862,3062.75962048858,"all_pixels",7847
"1413_c",6837,FALSE,"all_pixels",8.10854978981955,7.46468486884077,4.58112856076767,173.464498002551,"squared_euclidean_pc1_pc3",562.643264949062,"all_pixels",6835,1,1127.95334267332,7283.27234559194,2776.51919840097,"all_pixels",6835
"1413_d",6339,FALSE,"all_pixels",7.96183442400541,7.21578003480858,4.50511033047104,167.367249430286,"squared_euclidean_pc1_pc3",544.029299471015,"all_pixels",6315,1,1198.68776217841,10438.9198322602,3144.01294300867,"all_pixels",6315
"1414_a",NA,TRUE,"manual_excluded",NA,NA,NA,NA,"squared_euclidean_pc1_pc3",NA,"manual_excluded",NA,1,NA,NA,NA,"manual_excluded",NA
"1414_b",NA,TRUE,"manual_excluded",NA,NA,NA,NA,"squared_euclidean_pc1_pc3",NA,"manual_excluded",NA,1,NA,NA,NA,"manual_excluded",NA
"1414_c",NA,TRUE,"manual_excluded",NA,NA,NA,NA,"squared_euclidean_pc1_pc3",NA,"manual_excluded",NA,1,NA,NA,NA,"manual_excluded",NA
"1414_d",NA,TRUE,"manual_excluded",NA,NA,NA,NA,"squared_euclidean_pc1_pc3",NA,"manual_excluded",NA,1,NA,NA,NA,"manual_excluded",NA
"1415_a",7524,FALSE,"all_pixels",8.11078649177094,7.5759192262178,4.21653913679195,167.123393616965,"squared_euclidean_pc1_pc3",603.809016456095,"all_pixels",7524,1,1084.78497140862,6608.1057870646,2497.403915007,"all_pixels",7524
"1415_b",8154,FALSE,"all_pixels",8.85685525760015,7.89511485238788,5.2013673277663,210.989578448808,"squared_euclidean_pc1_pc3",762.46711139265,"all_pixels",8089,1,1367.0285094744,10008.9924016805,3310.97681382248,"all_pixels",8089
"1415_c",7996,FALSE,"all_pixels",8.74899620073931,7.91122870139411,4.64385855106563,196.215319473126,"squared_euclidean_pc1_pc3",764.037343347685,"all_pixels",7996,1,1211.69367915317,10442.7955908592,3083.70100182589,"all_pixels",7996
"1415_d",7649,FALSE,"all_pixels",7.75201336262152,7.18235079388692,4.16987450853979,154.958582744129,"squared_euclidean_pc1_pc3",561.118405072304,"all_pixels",7649,1,1199.02587636271,9309.99508327631,2998.4876921894,"all_pixels",7649
"1416_a",7980,FALSE,"all_pixels",7.77906077454264,7.09148426255344,4.22539056773749,156.730949299873,"squared_euclidean_pc1_pc3",656.155536601555,"all_pixels",7980,1,1089.24687778372,7206.78690063246,2632.59783625505,"all_pixels",7980
"1416_b",7900,FALSE,"all_pixels",8.67287240383973,7.54775324249828,5.08604578750338,202.166606145971,"squared_euclidean_pc1_pc3",779.640011080301,"all_pixels",7900,1,1318.83550441629,10522.1754249029,3342.95630756064,"all_pixels",7900
"1416_c",8666,FALSE,"all_pixels",9.14292798340254,8.15907345309446,5.48657404793177,227.384306522277,"squared_euclidean_pc1_pc3",912.413250920712,"all_pixels",8666,1,2132.96809320236,17097.0891552402,4942.36599517402,"all_pixels",8666
"1416_d",8612,FALSE,"all_pixels",9.15958867674675,7.9892339713587,5.41735799546344,226.484849204226,"squared_euclidean_pc1_pc3",796.60029833772,"all_pixels",8612,1,1428.17333970387,11301.3962896169,3553.00764770783,"all_pixels",8612
"1417_a",8438,FALSE,"all_pixels",8.45822118534223,7.5823908700657,4.91574096051008,191.406302077767,"squared_euclidean_pc1_pc3",777.55493673707,"all_pixels",8375,1,1515.2711921552,10263.8202105458,3474.48414023286,"all_pixels",8375
"1417_b",9086,FALSE,"all_pixels",7.90146191850308,6.7868994550205,4.86424508663841,172.182753218791,"squared_euclidean_pc1_pc3",697.293419643461,"all_pixels",9082,1,1506.85952308485,10595.7161430121,3548.73382618281,"all_pixels",9082
"1417_c",7513,FALSE,"all_pixels",9.29444589698329,8.18947372398836,5.26424224956967,228.19056484287,"squared_euclidean_pc1_pc3",815.894040205768,"all_pixels",7434,1,1596.19190234905,14584.2863233383,3987.29829140206,"all_pixels",7434
"1417_d",8364,FALSE,"all_pixels",10.5395113427132,9.19174501040891,5.75771968538527,288.457343488578,"squared_euclidean_pc1_pc3",879.890118009466,"all_pixels",8322,1,1863.76803426858,13748.5004986607,4310.80484147869,"all_pixels",8322
"1418_a",NA,TRUE,"manual_excluded",NA,NA,NA,NA,"squared_euclidean_pc1_pc3",NA,"manual_excluded",NA,1,NA,NA,NA,"manual_excluded",NA
"1418_b",NA,TRUE,"manual_excluded",NA,NA,NA,NA,"squared_euclidean_pc1_pc3",NA,"manual_excluded",NA,1,NA,NA,NA,"manual_excluded",NA
"1418_c",NA,TRUE,"manual_excluded",NA,NA,NA,NA,"squared_euclidean_pc1_pc3",NA,"manual_excluded",NA,1,NA,NA,NA,"manual_excluded",NA
"1418_d",NA,TRUE,"manual_excluded",NA,NA,NA,NA,"squared_euclidean_pc1_pc3",NA,"manual_excluded",NA,1,NA,NA,NA,"manual_excluded",NA
"1419_a",NA,TRUE,"manual_excluded",NA,NA,NA,NA,"squared_euclidean_pc1_pc3",NA,"manual_excluded",NA,1,NA,NA,NA,"manual_excluded",NA
"1422_c",NA,TRUE,"manual_excluded",NA,NA,NA,NA,"squared_euclidean_pc1_pc3",NA,"manual_excluded",NA,1,NA,NA,NA,"manual_excluded",NA
"1423_a",NA,TRUE,"manual_excluded",NA,NA,NA,NA,"squared_euclidean_pc1_pc3",NA,"manual_excluded",NA,1,NA,NA,NA,"manual_excluded",NA
"1423_b",NA,TRUE,"manual_excluded",NA,NA,NA,NA,"squared_euclidean_pc1_pc3",NA,"manual_excluded",NA,1,NA,NA,NA,"manual_excluded",NA
"1423_c",NA,TRUE,"manual_excluded",NA,NA,NA,NA,"squared_euclidean_pc1_pc3",NA,"manual_excluded",NA,1,NA,NA,NA,"manual_excluded",NA
"1423_d",NA,TRUE,"manual_excluded",NA,NA,NA,NA,"squared_euclidean_pc1_pc3",NA,"manual_excluded",NA,1,NA,NA,NA,"manual_excluded",NA
"1424_a",NA,TRUE,"manual_excluded",NA,NA,NA,NA,"squared_euclidean_pc1_pc3",NA,"manual_excluded",NA,1,NA,NA,NA,"manual_excluded",NA
"1424_b",NA,TRUE,"manual_excluded",NA,NA,NA,NA,"squared_euclidean_pc1_pc3",NA,"manual_excluded",NA,1,NA,NA,NA,"manual_excluded",NA
"1424_c",NA,TRUE,"manual_excluded",NA,NA,NA,NA,"squared_euclidean_pc1_pc3",NA,"manual_excluded",NA,1,NA,NA,NA,"manual_excluded",NA
"15_a",8173,FALSE,"all_pixels",8.61057985259703,7.26899606611373,7.13866946438446,250.192903762991,"squared_euclidean_pc1_pc3",607.988096994229,"all_pixels",8171,1,3492.70478227101,34512.3973935302,9301.40007322525,"all_pixels",8171
"15_b",8406,FALSE,"all_pixels",7.30506419573058,6.57964233104207,3.86765784808848,136.641921195818,"squared_euclidean_pc1_pc3",592.841203028007,"all_pixels",8390,1,854.883978098652,4935.2634108941,2035.06045844708,"all_pixels",8390
"15_c",9006,FALSE,"all_pixels",10.0076815437703,8.83544117739184,5.88347325162524,269.530207613544,"squared_euclidean_pc1_pc3",959.12246225503,"all_pixels",9006,1,2218.77645386903,17860.9246457325,5198.52153705178,"all_pixels",9006
"15_d",8448,FALSE,"all_pixels",8.08414537971319,7.41750380593635,4.67689010603975,174.448236830301,"squared_euclidean_pc1_pc3",553.734995743853,"all_pixels",8313,1,1259.34831080956,8250.33948557467,2941.23679855388,"all_pixels",8313
"1500_a",8419,FALSE,"all_pixels",10.1243876718509,9.47661255528842,5.63827954303843,268.579291858343,"squared_euclidean_pc1_pc3",659.757888835631,"all_pixels",8389,1,1549.82235560046,15965.4324579689,4289.32495924089,"all_pixels",8389
"1500_b",6476,FALSE,"all_pixels",7.9541261316902,7.28433014835942,4.38215433518552,164.936867674354,"squared_euclidean_pc1_pc3",503.303821101232,"all_pixels",6461,1,801.000116905453,5199.41662075081,1994.57870270338,"all_pixels",6461
"1500_c",6116,FALSE,"all_pixels",6.98852832295314,6.33217900896838,3.90101552495412,128.109924063569,"squared_euclidean_pc1_pc3",409.331223160768,"all_pixels",6098,1,1032.66901808312,7779.62436166143,2641.93996316883,"all_pixels",6098
"1500_d",7896,FALSE,"all_pixels",10.1271289789409,8.525299104801,6.58801577548535,291.910393026104,"squared_euclidean_pc1_pc3",782.008703446595,"all_pixels",7819,1,1798.28415261113,15911.0682263991,4478.47938667753,"all_pixels",7819
"1501_a",7942,FALSE,"all_pixels",7.75374944748353,7.09464679950918,4.48912565019523,160.54068434021,"squared_euclidean_pc1_pc3",547.199481616708,"all_pixels",7790,1,983.932249811818,7605.18285886845,2574.56871561256,"all_pixels",7790
"1501_b",6500,FALSE,"all_pixels",7.133010845699,6.68401496964381,3.73762231854114,129.695030235496,"squared_euclidean_pc1_pc3",490.477050490564,"all_pixels",6469,1,991.431026356169,7209.22714875997,2481.71382906468,"all_pixels",6469
"1501_c",7151,FALSE,"all_pixels",7.5560368452194,7.14555481831183,3.51307255950582,138.867291494244,"squared_euclidean_pc1_pc3",521.604197643484,"all_pixels",6975,1,694.064586445966,6207.17778707345,2013.43675801558,"all_pixels",6975
"1501_d",7494,FALSE,"all_pixels",6.85588565460619,6.27621697532834,3.86643284989594,123.900952511045,"squared_euclidean_pc1_pc3",357.38483725056,"all_pixels",7409,1,557.922992456057,2942.92501045614,1439.55043271412,"all_pixels",7409
"1502_a",6159,FALSE,"all_pixels",7.63835658358847,6.73912579371927,4.29845969415735,153.636494160007,"squared_euclidean_pc1_pc3",444.309763935764,"all_pixels",6152,1,667.691872312478,4202.20958183644,1757.05577510422,"all_pixels",6152
"1502_b",4312,FALSE,"all_pixels",7.35074454386352,6.73561533866281,3.74177517751187,136.062159741024,"squared_euclidean_pc1_pc3",405.288357417694,"all_pixels",4194,1,680.578354525549,3756.4924781545,1649.35274393124,"all_pixels",4194
"1502_c",7309,FALSE,"all_pixels",7.45605401242719,6.75591322287178,4.39106851242546,149.74317214087,"squared_euclidean_pc1_pc3",535.771603697843,"all_pixels",7190,1,927.773979357065,6064.48563247414,2286.39731483981,"all_pixels",7190
"1502_d",7435,FALSE,"all_pixels",6.91567403596968,6.22064547562736,3.94396268975552,126.758593918902,"squared_euclidean_pc1_pc3",427.274629324528,"all_pixels",7411,1,740.473955551544,4909.88779685995,1982.01242478599,"all_pixels",7411
"1503_a",7037,FALSE,"all_pixels",6.23355348391518,5.3782010647759,4.01781822895144,109.995516719623,"squared_euclidean_pc1_pc3",418.169473399245,"all_pixels",6990,1,1238.55307881843,7446.70792892343,2878.83591907201,"all_pixels",6990
"1503_b",7166,FALSE,"all_pixels",6.33673242504712,5.77293597670314,3.40662213178923,103.515265424184,"squared_euclidean_pc1_pc3",432.952068756855,"all_pixels",7115,1,717.6169004124,5050.23364898614,1846.17125417409,"all_pixels",7115
"1503_c",8485,FALSE,"all_pixels",5.51737848719832,4.97086467168198,3.10299265143066,80.1377879822476,"squared_euclidean_pc1_pc3",418.278615822741,"all_pixels",8439,1,661.247054392377,4187.64038639251,1679.2375783128,"all_pixels",8439
"1503_d",8308,FALSE,"all_pixels",7.66877312557728,6.87116150680606,4.35061279785573,155.471269405417,"squared_euclidean_pc1_pc3",594.499935407982,"all_pixels",8274,1,1238.57602556351,10090.678822516,3243.06164881182,"all_pixels",8274
"1504_a",7306,FALSE,"all_pixels",6.47790464369822,5.80330653610722,3.80086721354448,112.815725575849,"squared_euclidean_pc1_pc3",498.206828751408,"all_pixels",7287,1,758.665573252957,4916.5597631064,1903.69495069197,"all_pixels",7287
"1504_b",8440,FALSE,"all_pixels",8.2064147949456,7.47718382860009,4.5874967467971,176.775753380374,"squared_euclidean_pc1_pc3",707.466748296533,"all_pixels",8405,1,1037.69093546618,7311.77129524013,2575.61071763188,"all_pixels",8405
"1504_c",7966,FALSE,"all_pixels",6.78888993161554,6.09252571601275,4.09502293030331,125.712268410066,"squared_euclidean_pc1_pc3",490.794023727214,"all_pixels",7923,1,975.716431685143,5918.25953052182,2341.91501264171,"all_pixels",7923
"1504_d",7338,FALSE,"all_pixels",6.91727585242376,6.30331283362175,3.74538132512271,123.749349625447,"squared_euclidean_pc1_pc3",494.64415212786,"all_pixels",7322,1,813.545700305996,5083.33430424566,1994.07733922685,"all_pixels",7322
"1505_a",7667,FALSE,"all_pixels",6.82872421607508,6.08435366694215,3.92000967321242,123.991892042989,"squared_euclidean_pc1_pc3",507.346455591342,"all_pixels",7667,1,1207.39912734817,7722.29363571305,2850.12635844177,"all_pixels",7667
"1505_b",7470,FALSE,"all_pixels",7.67065275526055,6.94242143225667,4.25414527166197,153.868485919386,"squared_euclidean_pc1_pc3",647.043641990705,"all_pixels",7431,1,1329.29298051854,11195.1331279022,3295.78020985768,"all_pixels",7431
"1505_c",6423,FALSE,"all_pixels",7.37153604525042,6.38834626888391,4.36097884325371,146.709438389595,"squared_euclidean_pc1_pc3",501.650790962516,"all_pixels",6355,1,800.166338279855,5152.53612046639,2016.29448622464,"all_pixels",6355
"1505_d",7487,FALSE,"all_pixels",7.3922936049853,6.69509836481048,4.06683294880307,142.365851858797,"squared_euclidean_pc1_pc3",589.733085181141,"all_pixels",7457,1,1196.43635614485,7972.53826649525,2785.77876459927,"all_pixels",7457
"1506_a",6840,FALSE,"all_pixels",6.86160351540882,6.19285499598263,3.86130823346511,123.978248591216,"squared_euclidean_pc1_pc3",518.941732971947,"all_pixels",6748,1,1268.93522735269,9536.9985406035,3060.75725669579,"all_pixels",6748
"1506_b",6516,FALSE,"all_pixels",8.74015507381268,7.99483986947247,5.53741689750625,214.097181624281,"squared_euclidean_pc1_pc3",597.210966829202,"all_pixels",6509,1,1981.07712917287,12146.8551508046,4387.75603253694,"all_pixels",6509
"1506_c",5741,FALSE,"all_pixels",7.49372454412234,6.80194479886302,4.26520220576269,148.689377244066,"squared_euclidean_pc1_pc3",488.742247352382,"all_pixels",5714,1,1128.30248929554,7429.74597905506,2743.99099165402,"all_pixels",5714
"1506_d",7017,FALSE,"all_pixels",5.73737658052273,5.22431783359651,3.2633619285721,87.1310068555725,"squared_euclidean_pc1_pc3",289.250260932715,"all_pixels",7008,1,702.35599214466,3829.68156366222,1680.59980134024,"all_pixels",7008
"1507_a",7272,FALSE,"all_pixels",6.10960126918503,5.60215512711208,3.11999450621109,94.1205095561348,"squared_euclidean_pc1_pc3",384.031596757587,"all_pixels",7144,1,531.259176340533,2969.14019932092,1357.78560380059,"all_pixels",7144
"1507_b",5234,FALSE,"all_pixels",6.46135371142223,5.89712978865392,3.40064714543988,106.622566630412,"squared_euclidean_pc1_pc3",389.67039086283,"all_pixels",5234,1,933.290569949078,6229.83808524111,2308.10259547991,"all_pixels",5234
"1507_c",5961,FALSE,"all_pixels",7.07789381948948,6.54768902069123,3.74040027531218,128.169656236362,"squared_euclidean_pc1_pc3",459.101537721058,"all_pixels",5961,1,696.152843556659,3579.20149513214,1655.54997692333,"all_pixels",5961
"1507_d",8216,FALSE,"all_pixels",8.81269092142072,7.42252864123603,5.83869192745103,223.499390879552,"squared_euclidean_pc1_pc3",713.650234538046,"all_pixels",8104,1,1731.92935899136,10245.5325260406,3896.43601087484,"all_pixels",8104
"1508_a",8470,FALSE,"all_pixels",13.7000942648289,12.1680064307527,7.77694051502318,496.332492097282,"squared_euclidean_pc1_pc3",1121.92321647666,"all_pixels",8387,1,2433.18110997065,19480.4499137399,5711.36157834372,"all_pixels",8387
"1508_b",7162,FALSE,"all_pixels",6.53305635910879,5.95254167367839,3.58240351821198,111.025296909592,"squared_euclidean_pc1_pc3",450.183922610348,"all_pixels",7076,1,1129.7176514004,6718.81517740531,2648.33495283473,"all_pixels",7076
"1508_c",4505,FALSE,"all_pixels",7.19450984276014,6.69888327584693,3.83900853869373,132.991373929163,"squared_euclidean_pc1_pc3",473.641447067902,"all_pixels",4451,1,851.385864352221,5311.03640522127,2080.04012782034,"all_pixels",4451
"1508_d",8274,FALSE,"all_pixels",8.58075791889635,7.71541422990446,4.76585948329197,192.680155843371,"squared_euclidean_pc1_pc3",817.791135384485,"all_pixels",8274,1,1346.64493448333,10753.1295618136,3322.65309707506,"all_pixels",8274
"1509_a",7283,FALSE,"all_pixels",11.871395713134,11.1764762507938,6.09897436529272,356.244834091862,"squared_euclidean_pc1_pc3",907.378505015826,"all_pixels",7254,1,1672.43780281079,12586.7357906171,3944.16863396289,"all_pixels",7254
"1509_b",6686,FALSE,"all_pixels",10.0555540341341,9.50195029856935,5.17642880733596,255.811148881658,"squared_euclidean_pc1_pc3",778.365599432863,"all_pixels",6625,1,1690.53270531952,14393.4374556045,4111.33971862762,"all_pixels",6625
"1509_c",3385,FALSE,"all_pixels",6.96855929026334,6.35825954761631,3.48804910947351,121.44742187337,"squared_euclidean_pc1_pc3",348.190836136511,"all_pixels",3344,1,866.41171131393,6626.73525803699,2239.46105412022,"all_pixels",3344
"1509_d",7691,FALSE,"all_pixels",9.95289945100974,9.85832361141536,4.58721924664859,240.200103796318,"squared_euclidean_pc1_pc3",591.667661665339,"all_pixels",7584,1,969.326377248689,7121.59416104796,2392.63495426187,"all_pixels",7584
"1510_a",6794,FALSE,"all_pixels",8.84658872881622,8.1093108530137,4.86395132540227,203.833344878443,"squared_euclidean_pc1_pc3",537.547462085407,"all_pixels",6773,1,861.977583790458,7641.35464623166,2393.7724344179,"all_pixels",6773
"1510_b",5345,FALSE,"all_pixels",7.48637166064446,6.95928060682102,3.8339610776676,141.484536182827,"squared_euclidean_pc1_pc3",474.601261657782,"all_pixels",5314,1,746.641371166635,5474.80519150008,1944.81333495873,"all_pixels",5314
"1510_c",7774,FALSE,"all_pixels",7.83030983958977,7.24301216400792,4.2684735312743,159.062549557128,"squared_euclidean_pc1_pc3",507.306138138935,"all_pixels",7774,1,814.766901217872,7250.27153302701,2386.35522858564,"all_pixels",7774
"1510_d",7623,FALSE,"all_pixels",7.31208830286332,6.76169411889513,3.96607843742958,138.388700115502,"squared_euclidean_pc1_pc3",440.601107697645,"all_pixels",7608,1,732.912467436456,6052.15767661685,2017.59208270247,"all_pixels",7608
"1511_a",7895,FALSE,"all_pixels",7.53755094321797,6.99765625093334,3.95243691252988,144.86890615827,"squared_euclidean_pc1_pc3",612.912061534254,"all_pixels",7805,1,1065.29196380851,10255.2165572545,2995.89509747058,"all_pixels",7805
"1511_b",7382,FALSE,"all_pixels",8.89892254856275,8.4008727408919,4.90764076523585,206.544995496788,"squared_euclidean_pc1_pc3",576.858681476303,"all_pixels",7317,1,902.950031514451,9595.4162612163,2711.75848389131,"all_pixels",7317
"1511_c",6613,FALSE,"all_pixels",7.17705311372232,6.80812913120933,3.25062123833378,124.150063977787,"squared_euclidean_pc1_pc3",465.732220345072,"all_pixels",6570,1,823.213941196121,6360.69605698436,2159.8407600728,"all_pixels",6570
"1511_d",5771,FALSE,"all_pixels",9.27694308639397,8.42206458535903,5.12975826080236,224.743066149381,"squared_euclidean_pc1_pc3",568.260809808787,"all_pixels",5704,1,952.938487191776,5663.13059725251,2247.42902128006,"all_pixels",5704
"1512_a",8275,FALSE,"all_pixels",9.29849037643078,8.68438560952455,4.9821747749878,222.561978247448,"squared_euclidean_pc1_pc3",639.507146409872,"all_pixels",7953,1,1475.71609344812,9682.49605825112,3415.87659166623,"all_pixels",7953
"1512_b",7877,FALSE,"all_pixels",9.81125661785793,9.07328087628447,5.20116207024897,246.618817978057,"squared_euclidean_pc1_pc3",595.108006624228,"all_pixels",7712,1,1305.00263968584,7473.08511407948,2948.3364660863,"all_pixels",7712
"1512_c",7413,FALSE,"all_pixels",7.99968787133231,7.57599703605205,3.92213021447776,158.752072611138,"squared_euclidean_pc1_pc3",564.487396880214,"all_pixels",7015,1,882.970527690837,6886.70894295641,2283.49027276189,"all_pixels",7015
"1512_d",7885,FALSE,"all_pixels",10.9912106102121,10.0870385358367,5.79604568620854,308.79319152316,"squared_euclidean_pc1_pc3",699.032744672813,"all_pixels",7790,1,1205.6616979116,8925.6592569685,2958.90166418319,"all_pixels",7790
"1513_a",8700,FALSE,"all_pixels",9.14613948445482,8.5317965453274,4.89740186549661,215.267311314033,"squared_euclidean_pc1_pc3",637.490917359536,"all_pixels",8676,1,1062.14204236858,7434.31106947848,2618.02078106051,"all_pixels",8676
"1513_b",8258,FALSE,"all_pixels",7.70138682574672,7.01612762547045,4.2942554630013,155.499511917638,"squared_euclidean_pc1_pc3",622.221589700879,"all_pixels",8218,1,1140.42959618632,9753.68263376878,3004.7085235391,"all_pixels",8218
"1513_c",7703,FALSE,"all_pixels",8.3324928774934,7.23495030570893,5.26882053537652,194.374607071518,"squared_euclidean_pc1_pc3",656.341646523291,"all_pixels",7678,1,1670.21153225721,15097.0528656497,4297.30718891935,"all_pixels",7678
"1513_d",6716,FALSE,"all_pixels",6.66009736469619,5.96574479608877,3.73906108064523,116.670785979625,"squared_euclidean_pc1_pc3",505.825518489988,"all_pixels",6692,1,1034.51839900306,7604.61122040371,2533.15945027498,"all_pixels",6692
"1514_a",7027,FALSE,"all_pixels",5.976219586278,5.30323713293655,3.4885330771806,95.7666634044226,"squared_euclidean_pc1_pc3",485.721129020289,"all_pixels",7013,1,711.282615270214,4903.48779540279,1889.56137855297,"all_pixels",7013
"1514_b",8569,FALSE,"all_pixels",6.0767192802528,5.22614749596592,3.64337608889454,100.398314883587,"squared_euclidean_pc1_pc3",475.474798804825,"all_pixels",8533,1,764.617909882629,4612.01131789492,1915.09515991746,"all_pixels",8533
"1514_c",7602,FALSE,"all_pixels",7.14072406172669,6.51631246825016,3.9391570169689,133.009713924413,"squared_euclidean_pc1_pc3",536.14720496421,"all_pixels",7557,1,775.101040841635,4593.40847909302,1916.69584484514,"all_pixels",7557
"1514_d",7252,FALSE,"all_pixels",7.1235084874987,6.51698058041389,4.00350644821531,133.540453789269,"squared_euclidean_pc1_pc3",469.894546237505,"all_pixels",7132,1,1155.68760145074,9207.47183703988,2870.55680105063,"all_pixels",7132
"1515_a",6499,FALSE,"all_pixels",8.12938161715985,7.58580371894964,4.06327314205719,165.188987369053,"squared_euclidean_pc1_pc3",619.207307637894,"all_pixels",6492,1,997.693108286203,6407.62889062515,2385.81070447863,"all_pixels",6492
"1515_b",6596,FALSE,"all_pixels",8.03746535178566,7.39260598822271,4.44201134620641,168.658645304231,"squared_euclidean_pc1_pc3",535.578891177764,"all_pixels",6596,1,919.772082224725,5324.8474202419,2219.64141029208,"all_pixels",6596
"1515_c",7528,FALSE,"all_pixels",7.41521858435988,6.73319988826255,3.88391363980423,140.136495983095,"squared_euclidean_pc1_pc3",481.337691136477,"all_pixels",7528,1,842.026629942719,6381.33424151151,2207.87052770971,"all_pixels",7528
"1515_d",5040,FALSE,"all_pixels",8.04710747110955,7.52822830159116,4.04254634494346,162.189754212765,"squared_euclidean_pc1_pc3",511.428816136913,"all_pixels",5040,1,998.449822202509,6406.70738176276,2383.88867103792,"all_pixels",5040
"1516_a",8127,FALSE,"all_pixels",4.93002701558264,4.43060956018532,2.90005028407687,65.4288463329298,"squared_euclidean_pc1_pc3",298.885556019676,"all_pixels",8120,1,585.486816381024,2637.80262796397,1356.5806377831,"all_pixels",8120
"1516_b",7623,FALSE,"all_pixels",7.61117770246623,6.96591585523826,3.95815378510728,147.189904359839,"squared_euclidean_pc1_pc3",561.719020349887,"all_pixels",7619,1,966.957660804871,7018.40845490934,2431.82125866737,"all_pixels",7619
"1516_c",8358,FALSE,"all_pixels",8.69314374034474,8.08611699014266,4.32539776024127,188.555150825098,"squared_euclidean_pc1_pc3",723.035198617596,"all_pixels",8345,1,1214.88538358481,9825.9159000149,3066.08404917017,"all_pixels",8345
"1516_d",7199,FALSE,"all_pixels",7.59466271439221,6.47280996709402,4.09043664608368,148.816499069751,"squared_euclidean_pc1_pc3",524.726415167088,"all_pixels",7161,1,1232.38298678594,7837.24896300157,2805.90184415158,"all_pixels",7161
"1517_a",8832,FALSE,"all_pixels",7.64571024420023,6.78191531847174,4.3334822278386,154.467654208133,"squared_euclidean_pc1_pc3",605.867148376056,"all_pixels",8832,1,1269.81321982511,9436.97264292135,3135.34338416879,"all_pixels",8832
"1517_b",8864,FALSE,"all_pixels",8.13720498215841,7.19269752515886,4.76254837737458,177.786826187209,"squared_euclidean_pc1_pc3",705.922223480266,"all_pixels",8852,1,1019.53066598257,8206.14577137143,2713.94012911497,"all_pixels",8852
"1517_c",8769,FALSE,"all_pixels",9.64320175381256,8.62947407046668,5.32718938646759,242.734101086356,"squared_euclidean_pc1_pc3",910.252876466622,"all_pixels",8752,1,1761.6516613085,12940.9376919074,4157.51087242298,"all_pixels",8752
"1517_d",9014,FALSE,"all_pixels",6.81487889934082,5.96787521428684,4.05135359863707,125.708439015834,"squared_euclidean_pc1_pc3",616.050063975955,"all_pixels",8990,1,968.078265564408,6962.36397077474,2402.36973289058,"all_pixels",8990
"1518_a",8791,FALSE,"all_pixels",8.39634375299078,7.9010844372588,4.22125007352229,176.631027295296,"squared_euclidean_pc1_pc3",670.858729418832,"all_pixels",8744,1,972.541261068829,7510.50262566552,2458.39645033916,"all_pixels",8744
"1518_b",8856,FALSE,"all_pixels",8.1216823522652,7.17552532983438,4.6652572772943,175.447784161818,"squared_euclidean_pc1_pc3",679.274222844197,"all_pixels",8769,1,1490.62388363051,11349.5220495717,3626.14214269701,"all_pixels",8769
"1518_c",9494,FALSE,"all_pixels",11.3665293189319,10.2362816116813,7.3400339479545,366.136824725924,"squared_euclidean_pc1_pc3",1054.56942296161,"all_pixels",9483,1,2342.03474036745,18131.1163805583,5498.39536517869,"all_pixels",9483
"1518_d",9093,FALSE,"all_pixels",5.69206916543574,4.82833446320928,3.68368945214273,91.9354541093706,"squared_euclidean_pc1_pc3",541.472706651565,"all_pixels",9049,1,1021.19925557595,6339.09274329239,2406.56842428057,"all_pixels",9049
"1519_a",NA,TRUE,"manual_excluded",NA,NA,NA,NA,"squared_euclidean_pc1_pc3",NA,"manual_excluded",NA,1,NA,NA,NA,"manual_excluded",NA
"1519_b",NA,TRUE,"manual_excluded",NA,NA,NA,NA,"squared_euclidean_pc1_pc3",NA,"manual_excluded",NA,1,NA,NA,NA,"manual_excluded",NA
"1519_d",NA,TRUE,"manual_excluded",NA,NA,NA,NA,"squared_euclidean_pc1_pc3",NA,"manual_excluded",NA,1,NA,NA,NA,"manual_excluded",NA
"1520_a",NA,TRUE,"manual_excluded",NA,NA,NA,NA,"squared_euclidean_pc1_pc3",NA,"manual_excluded",NA,1,NA,NA,NA,"manual_excluded",NA
"16_a",9120,FALSE,"all_pixels",7.13806233607647,6.1683379051873,4.44732750358151,141.456974236634,"squared_euclidean_pc1_pc3",630.027252651768,"all_pixels",9037,1,1363.06949993859,9261.47543943219,3243.59468776955,"all_pixels",9037
"16_b",8785,FALSE,"all_pixels",11.0780987804605,8.67390079284003,9.90129542808265,441.497528614279,"squared_euclidean_pc1_pc3",852.42561873735,"all_pixels",8742,1,3427.5046946129,26227.7752131346,7874.18783019359,"all_pixels",8742
"16_c",9015,FALSE,"all_pixels",10.9887865148091,9.28546025501033,7.11348494139154,342.698968053971,"squared_euclidean_pc1_pc3",945.715863867016,"all_pixels",8967,1,2687.03632620159,19700.7872321636,6033.03227013421,"all_pixels",8967
"16_d",8884,FALSE,"all_pixels",9.25207231445114,8.06680745030131,5.44422581897619,230.47420118094,"squared_euclidean_pc1_pc3",885.761884075999,"all_pixels",8869,1,1902.91138841813,12236.0383839247,4276.61740833294,"all_pixels",8869
"1600_a",8528,FALSE,"all_pixels",8.86016983513464,7.72668180994321,5.263406554555,212.405619075508,"squared_euclidean_pc1_pc3",668.106702012909,"fallback_sampled_pixels",5000,1,2280.93149746896,22643.0318202083,5887.31489698144,"all_pixels",8464
"1600_b",9087,FALSE,"all_pixels",9.37273685474919,7.72165121817695,6.54436767250155,261.34446238456,"squared_euclidean_pc1_pc3",827.506829141176,"all_pixels",9030,1,1912.92517711392,15993.5068753599,4667.1037281889,"all_pixels",9030
"1600_c",8710,FALSE,"all_pixels",9.33216348192117,8.41219066646348,5.49917738424113,234.653510351903,"squared_euclidean_pc1_pc3",885.223594341596,"all_pixels",8632,1,2440.58222059266,22035.3522695397,5944.9667334593,"all_pixels",8632
"1600_d",8484,FALSE,"all_pixels",9.28739834837983,7.94442825027694,5.57419239641351,234.64745315005,"squared_euclidean_pc1_pc3",716.592968062979,"fallback_sampled_pixels",5000,1,1669.24493444684,15788.6387328175,4399.03720125788,"all_pixels",8367
"1601_a",9101,FALSE,"all_pixels",9.59580154842106,7.66781036290963,6.79380116518618,276.460140254723,"squared_euclidean_pc1_pc3",921.725803703151,"all_pixels",9086,1,1961.53463166206,17573.2899747816,4946.55087229633,"all_pixels",9086
"1601_b",8504,FALSE,"all_pixels",9.41315468683397,8.67954284025026,5.05635654684919,228.342432499957,"squared_euclidean_pc1_pc3",768.475208791862,"all_pixels",8394,1,1628.83659776789,10726.9925820101,3728.5937037327,"all_pixels",8394
"1601_c",7029,FALSE,"all_pixels",7.75094045485613,7.11863842948627,4.00691233782485,152.260280519505,"squared_euclidean_pc1_pc3",542.386066980703,"all_pixels",6998,1,910.901600666295,7109.95907775269,2361.78527983647,"all_pixels",6998
"1601_d",8360,FALSE,"all_pixels",10.0348813943317,9.39680324307783,4.37406655826279,239.658028565713,"squared_euclidean_pc1_pc3",774.062778366602,"all_pixels",8338,1,1377.15540803464,13325.9859039172,3563.00402946055,"all_pixels",8338
"1602_a",6962,FALSE,"all_pixels",6.6675202118159,6.18310137371641,3.54882236310696,114.096313913574,"squared_euclidean_pc1_pc3",514.908150248085,"all_pixels",6927,1,886.238787514449,5315.10193784743,2115.20819970081,"all_pixels",6927
"1602_b",5953,FALSE,"all_pixels",5.90239973714627,5.25592674973949,3.42299973296384,93.1065631797339,"squared_euclidean_pc1_pc3",328.114306494658,"all_pixels",5940,1,760.690120337552,4037.17879939464,1836.64066761081,"all_pixels",5940
"1602_c",5839,FALSE,"all_pixels",8.60393700268343,8.1706194476093,4.14569512627956,182.423153158048,"squared_euclidean_pc1_pc3",617.785808553313,"all_pixels",5758,1,1240.04371945638,6429.65813563738,2757.4616849072,"all_pixels",5758
"1602_d",5994,FALSE,"all_pixels",7.4990453938568,6.85491734628505,3.82393534051284,141.71144757556,"squared_euclidean_pc1_pc3",519.358710627861,"all_pixels",5959,1,1037.38218643434,7168.12242560908,2511.52335687888,"all_pixels",5959
"1603_a",7524,FALSE,"all_pixels",7.38464250595323,6.82909121252696,3.97495181033915,140.662173712527,"squared_euclidean_pc1_pc3",508.091231991796,"all_pixels",7524,1,1187.45113263416,7265.96059604992,2820.81192609398,"all_pixels",7524
"1603_b",8960,FALSE,"all_pixels",8.10357620502961,7.45872331390725,4.48498389349813,171.561565697988,"squared_euclidean_pc1_pc3",693.569691514684,"all_pixels",8907,1,1306.97664653025,8613.162517833,3139.0840774963,"all_pixels",8907
"1603_c",7659,FALSE,"all_pixels",7.44852751113853,6.75485248882794,4.25179546067566,147.111932787959,"squared_euclidean_pc1_pc3",535.45116582795,"all_pixels",7651,1,1065.88094671736,7239.85180207752,2618.02436779777,"all_pixels",7651
"1603_d",7062,FALSE,"all_pixels",6.84622685568838,6.48924787444812,3.54312977702908,118.845626251615,"squared_euclidean_pc1_pc3",411.865538549879,"all_pixels",7044,1,684.911585760263,3888.21874618858,1685.31122595194,"all_pixels",7044
"1604_a",6412,FALSE,"all_pixels",6.37066104890549,5.80611520848357,3.46913845140306,105.236733715606,"squared_euclidean_pc1_pc3",431.992736062186,"all_pixels",6412,1,814.790956688513,4808.66166476576,1940.35511673343,"all_pixels",6412
"1604_b",6765,FALSE,"all_pixels",6.37457411861061,5.8275048729096,3.38886794717356,104.235847066199,"squared_euclidean_pc1_pc3",468.498157711891,"all_pixels",6752,1,921.401544807697,5239.29320495402,2115.78808274951,"all_pixels",6752
"1604_c",7229,FALSE,"all_pixels",7.29683516660824,6.65805585101883,3.99877840257658,138.463640411462,"squared_euclidean_pc1_pc3",527.002968300753,"all_pixels",7166,1,1032.08050445938,6861.04774968127,2437.79209351779,"all_pixels",7166
"1604_d",7514,FALSE,"all_pixels",6.61661338392756,5.9111786081355,3.83809820783848,117.017220103771,"squared_euclidean_pc1_pc3",502.831115134745,"all_pixels",7514,1,884.233345627648,5858.95939823718,2184.49531392576,"all_pixels",7514
"1605_a",7242,FALSE,"all_pixels",6.65627390951518,6.004614969946,3.71583011021301,116.222938389197,"squared_euclidean_pc1_pc3",536.956306273191,"all_pixels",7242,1,1124.80834116204,9046.95741528519,2856.49871612692,"all_pixels",7242
"1605_b",7956,FALSE,"all_pixels",6.68725252331885,6.12240794608496,3.71141305970499,116.984403729238,"squared_euclidean_pc1_pc3",504.195187779748,"all_pixels",7952,1,950.06370752381,6372.0166408654,2309.53185999582,"all_pixels",7952
"1605_c",8145,FALSE,"all_pixels",6.49599864983426,5.95754487673595,3.52273016825645,109.212205417107,"squared_euclidean_pc1_pc3",537.873030148806,"all_pixels",8139,1,985.600796126148,6688.53851363144,2427.63763864425,"all_pixels",8139
"1605_d",7605,FALSE,"all_pixels",8.24867371825411,7.79038565680036,4.23443753145605,171.93744319588,"squared_euclidean_pc1_pc3",623.496096761389,"all_pixels",7603,1,1264.65134774279,10996.9147095987,3176.40966803221,"all_pixels",7603
"1606_a",6771,FALSE,"all_pixels",8.81471894561187,8.34283311566609,4.69783249092464,199.531281537094,"squared_euclidean_pc1_pc3",661.966359551282,"all_pixels",6746,1,1109.40685229259,7571.91695114954,2673.59730105568,"all_pixels",6746
"1606_b",8001,FALSE,"all_pixels",7.17418130426259,6.69099778680976,3.70027379187127,130.318384463769,"squared_euclidean_pc1_pc3",572.759738351096,"all_pixels",7980,1,1020.52152635218,6910.16773718073,2394.07333955058,"all_pixels",7980
"1606_c",7594,FALSE,"all_pixels",7.59734651844738,7.20709354503476,3.42827140758617,138.942342580639,"squared_euclidean_pc1_pc3",576.15153015236,"all_pixels",7519,1,876.21359929302,5599.60676652239,2119.88995109902,"all_pixels",7519
"1606_d",7666,FALSE,"all_pixels",8.29091783500074,7.88662534173499,4.55149957427353,178.905529160099,"squared_euclidean_pc1_pc3",641.511457634688,"all_pixels",7601,1,951.681320749056,5716.73626439533,2297.05335568409,"all_pixels",7601
"1607_a",6403,FALSE,"all_pixels",8.16731661391168,7.35416847230788,5.00264588381425,183.455235915137,"squared_euclidean_pc1_pc3",425.865065355557,"all_pixels",6328,1,674.946304744991,3717.20891198642,1726.59786178329,"all_pixels",6328
"1607_b",6856,FALSE,"all_pixels",7.11054046781657,6.65931860967023,3.64746148956833,127.723641151719,"squared_euclidean_pc1_pc3",494.210798260169,"all_pixels",6764,1,718.933118242072,4636.80496976751,1798.56590881451,"all_pixels",6764
"1607_c",8188,FALSE,"all_pixels",12.0655546530411,11.0500633165793,5.89109327308419,360.556701040728,"squared_euclidean_pc1_pc3",832.667249609901,"all_pixels",8110,1,1774.63480261367,12224.7320364495,4277.18186831275,"all_pixels",8110
"1607_d",7925,FALSE,"all_pixels",7.19979287969471,6.62734006193808,3.9517092141428,134.902105499474,"squared_euclidean_pc1_pc3",440.763786825831,"all_pixels",7903,1,762.941566996189,4089.31588224381,1819.57889803868,"all_pixels",7903
"1608_a",7915,FALSE,"all_pixels",7.08483388427259,6.60809904667684,3.82037965317925,129.576655714043,"squared_euclidean_pc1_pc3",413.391554664275,"all_pixels",7915,1,768.642751686272,5840.01026363959,2070.98075767129,"all_pixels",7915
"1608_b",8136,FALSE,"all_pixels",8.84583700204634,8.00041563130069,5.08131388863333,208.130819165118,"squared_euclidean_pc1_pc3",664.559335539717,"all_pixels",8136,1,1040.03168592521,6951.92100648839,2514.79956289431,"all_pixels",8136
"1608_c",9068,FALSE,"all_pixels",9.2592330492762,8.34896432553423,5.16602757456913,224.836588965918,"squared_euclidean_pc1_pc3",816.39638732963,"all_pixels",9068,1,1450.75147264043,11857.4023867367,3607.32797655579,"all_pixels",9068
"1608_d",7445,FALSE,"all_pixels",7.35021687857178,6.74163344903129,4.03437907806654,140.599433027107,"squared_euclidean_pc1_pc3",447.341355881575,"all_pixels",7395,1,699.433320560395,4130.55113492696,1741.22060273696,"all_pixels",7395
"1609_a",8076,FALSE,"all_pixels",7.83663699151202,7.05734618662895,4.51502247405355,163.591566158675,"squared_euclidean_pc1_pc3",541.426997371652,"all_pixels",7963,1,1014.77495840029,6169.16660229408,2396.52912661018,"all_pixels",7963
"1609_b",9372,FALSE,"all_pixels",6.95676825569106,5.90132719247444,4.50146160657664,137.315238127267,"squared_euclidean_pc1_pc3",653.925120767846,"all_pixels",9261,1,1503.55686199345,10989.0753669166,3549.42627268922,"all_pixels",9261
"1609_c",9357,FALSE,"all_pixels",7.71281212864778,6.58009912228748,4.69424022304807,163.042014373595,"squared_euclidean_pc1_pc3",659.594928212306,"all_pixels",9224,1,1467.59887379145,11993.9017863698,3714.12247019229,"all_pixels",9224
"1609_d",8921,FALSE,"all_pixels",7.98617587841399,7.35603663287098,4.3202713635316,164.883315179808,"squared_euclidean_pc1_pc3",650.310199445194,"all_pixels",8918,1,1234.87453304786,9417.47051454184,3025.38774186455,"all_pixels",8918
"1610_a",9388,FALSE,"all_pixels",9.92824311245795,9.03070600739793,5.30387727860528,253.396257979074,"squared_euclidean_pc1_pc3",821.277557826616,"all_pixels",9207,1,1555.26384086997,14690.7694837736,4251.31364728051,"all_pixels",9207
"1610_b",9489,FALSE,"all_pixels",8.10269952963011,6.68558081400545,5.4889297184514,191.557828079902,"squared_euclidean_pc1_pc3",738.404669699304,"all_pixels",9391,1,1801.11484264369,13940.490868257,4312.10222560137,"all_pixels",9391
"1610_c",9336,FALSE,"all_pixels",6.82532661467982,5.98067928435952,4.18620369671103,128.215015439997,"squared_euclidean_pc1_pc3",607.77736757827,"all_pixels",9107,1,1079.62072887444,8366.56488300338,2788.69559322397,"all_pixels",9107
"1610_d",9500,FALSE,"all_pixels",6.52012189392076,5.44907777401624,4.42841129012295,124.241503537082,"squared_euclidean_pc1_pc3",584.82875397665,"all_pixels",9126,1,1083.59636428368,9253.72545636644,2969.59673355949,"all_pixels",9126
"1611_a",9376,FALSE,"all_pixels",7.24617335211745,6.29679163289285,4.63495567328977,147.975102173057,"squared_euclidean_pc1_pc3",772.87152509002,"all_pixels",9312,1,1599.27543462393,13110.6198070288,3972.99993165704,"all_pixels",9312
"1611_b",9441,FALSE,"all_pixels",6.016258896781,4.97371093810595,4.21516753401018,107.922252974517,"squared_euclidean_pc1_pc3",465.897128717055,"fallback_sampled_pixels",5000,1,1050.30733500466,7581.90530012833,2695.54042354333,"all_pixels",9087
"1611_c",8679,FALSE,"all_pixels",7.36087237101515,6.70432138743457,4.15641448878483,142.912465876469,"squared_euclidean_pc1_pc3",640.677042466293,"all_pixels",8556,1,1332.18392128748,10787.6887842742,3288.98658027113,"all_pixels",8556
"1611_d",8877,FALSE,"all_pixels",10.0952266737566,9.14460177442225,5.10387351417457,255.920383893569,"squared_euclidean_pc1_pc3",857.040835634136,"all_pixels",8624,1,1570.47080267876,11997.8778506423,3683.12769377132,"all_pixels",8624
"1612_a",9192,FALSE,"all_pixels",9.24502658211812,8.37474468192059,5.0287334370648,221.511850759634,"squared_euclidean_pc1_pc3",749.487248474672,"all_pixels",8860,1,1329.99218655209,9916.25704154467,3181.01399607193,"all_pixels",8860
"1612_b",6521,FALSE,"all_pixels",8.52378018006778,8.0149897447015,3.99065701783981,177.155459658757,"squared_euclidean_pc1_pc3",605.301092285626,"all_pixels",6291,1,1037.72906282649,7048.58066665585,2459.43972279833,"all_pixels",6291
"1612_c",6615,FALSE,"all_pixels",9.94597689755556,8.88656867571432,5.63001826795607,261.229540885373,"squared_euclidean_pc1_pc3",609.712642567,"all_pixels",6590,1,1269.17794879393,8499.59589666446,2975.71205391097,"all_pixels",6590
"1612_d",5781,FALSE,"all_pixels",8.21812108336088,7.29683236220975,4.57726367139237,176.970465370941,"squared_euclidean_pc1_pc3",574.016264668713,"all_pixels",5754,1,1004.69584420674,8828.25939026816,2630.58584639724,"all_pixels",5754
"1613_a",6172,FALSE,"all_pixels",8.27706634145188,7.61642805464902,4.08333694998858,170.361532741499,"squared_euclidean_pc1_pc3",516.800117763249,"all_pixels",6150,1,1030.99224966239,8458.34118090137,2679.00005520682,"all_pixels",6150
"1613_b",8546,FALSE,"all_pixels",10.0516895292288,9.15671753709751,5.47716102518773,262.064489912711,"squared_euclidean_pc1_pc3",764.647654892057,"all_pixels",8531,1,1260.9431616577,10704.8551737182,3190.77612606354,"all_pixels",8531
"1613_c",7668,FALSE,"all_pixels",8.18829055893753,7.53087521725957,4.39601924664399,172.741134565004,"squared_euclidean_pc1_pc3",561.316684273277,"all_pixels",7637,1,1014.39558288188,9602.51442527542,2846.46707441989,"all_pixels",7637
"1613_d",7205,FALSE,"all_pixels",9.48049820336869,8.90224075872448,4.36244423080777,217.816249003936,"squared_euclidean_pc1_pc3",644.394395016795,"all_pixels",7205,1,1104.91300948529,10747.4867621735,3015.69094809486,"all_pixels",7205
"1614_a",8450,FALSE,"all_pixels",8.53631916095986,7.67333536358569,4.76464219164399,191.135746853627,"squared_euclidean_pc1_pc3",672.605396119148,"all_pixels",8414,1,1359.43262951968,9514.36949670877,3188.51542659325,"all_pixels",8414
"1614_b",6533,FALSE,"all_pixels",8.77477808850362,8.18599468065903,4.41947305835519,193.050965822221,"squared_euclidean_pc1_pc3",620.142553512397,"all_pixels",6532,1,939.4886305532,7205.81804653314,2409.72569903712,"all_pixels",6532
"1614_c",7588,FALSE,"all_pixels",6.4897000714842,5.9399665740889,3.58666834894619,109.957403059507,"squared_euclidean_pc1_pc3",431.661249954183,"all_pixels",7547,1,690.626282587785,4151.80192832308,1700.0448238538,"all_pixels",7547
"1614_d",7715,FALSE,"all_pixels",8.34875958371315,7.32853009280259,4.88778410522114,187.178246849155,"squared_euclidean_pc1_pc3",673.608747200613,"all_pixels",7666,1,1345.90677501278,7940.22290962164,3097.82301688888,"all_pixels",7666
"1615_a",7366,FALSE,"all_pixels",7.05289497742486,6.43737966461445,3.78420573123226,128.123192965241,"squared_euclidean_pc1_pc3",562.703294042151,"all_pixels",7229,1,969.183799260196,6353.17319985172,2358.85065486065,"all_pixels",7229
"1615_b",7464,FALSE,"all_pixels",7.41177307474842,6.75920850061292,4.07930448485793,143.145751453945,"squared_euclidean_pc1_pc3",589.222619402552,"all_pixels",7402,1,987.449784813403,6922.52064967928,2431.72391054886,"all_pixels",7402
"1615_c",5933,FALSE,"all_pixels",6.93640032334276,6.36328893135694,3.61299274953777,122.330331731358,"squared_euclidean_pc1_pc3",494.933668784565,"all_pixels",5928,1,991.578036725994,4835.52521006512,2239.12559591608,"all_pixels",5928
"1615_d",5350,FALSE,"all_pixels",7.94481415396388,7.44396742629293,3.88470028553739,156.416295042394,"squared_euclidean_pc1_pc3",558.784330888288,"all_pixels",5322,1,933.280526631564,7060.3107855011,2354.46742438065,"all_pixels",5322
"1616_a",8664,FALSE,"all_pixels",4.79764846515363,4.25940942799935,2.79798390150116,61.6904822341576,"squared_euclidean_pc1_pc3",359.198481975193,"all_pixels",8663,1,618.386993783555,3055.61488991963,1480.23568107249,"all_pixels",8663
"1616_b",7671,FALSE,"all_pixels",7.03159567909904,6.44919347925583,3.54615966665183,124.033893704995,"squared_euclidean_pc1_pc3",398.982752014726,"all_pixels",7659,1,621.85236610993,3874.03106260543,1579.83618432006,"all_pixels",7659
"1616_c",6552,FALSE,"all_pixels",7.11865379880643,6.48280600416591,3.77750281976048,129.885163143478,"squared_euclidean_pc1_pc3",477.550807570562,"all_pixels",6552,1,764.305802298508,4495.12778347471,1856.33410119371,"all_pixels",6552
"1616_d",8288,FALSE,"all_pixels",7.19036632401947,6.72460211472955,3.81628140403737,132.527228777119,"squared_euclidean_pc1_pc3",437.118778849496,"all_pixels",8286,1,817.972156008221,5588.22698869128,2160.82008726102,"all_pixels",8286
"1617_a",6646,FALSE,"all_pixels",8.15994567064527,7.70688486584732,4.32456420986047,170.567509902685,"squared_euclidean_pc1_pc3",611.319152428511,"all_pixels",6615,1,1208.22576555577,8396.29055887142,2960.13159773296,"all_pixels",6615
"1617_b",8213,FALSE,"all_pixels",7.56214824775016,7.12294086755226,3.84033935610391,143.864993552208,"squared_euclidean_pc1_pc3",579.488226508614,"all_pixels",8213,1,985.776867586342,7089.92467308012,2455.29463136059,"all_pixels",8213
"1617_c",8620,FALSE,"all_pixels",7.18658153532209,6.48598246086278,3.94569348716879,134.427290336737,"squared_euclidean_pc1_pc3",561.433559128832,"all_pixels",8620,1,964.631403664131,6632.07902903235,2362.55426187155,"all_pixels",8620
"1617_d",8154,FALSE,"all_pixels",7.2203294941139,6.54721619642122,3.70157493062268,131.666269220796,"squared_euclidean_pc1_pc3",471.731124877408,"all_pixels",8141,1,701.335113175404,4908.6023180817,1824.70472936023,"all_pixels",8141
"1618_a",8504,FALSE,"all_pixels",6.86707591108778,6.2822912998958,3.72907725935127,122.1222270847,"squared_euclidean_pc1_pc3",571.394771610525,"all_pixels",8307,1,956.287611249191,5348.01257549743,2201.60646802684,"all_pixels",8307
"1618_b",8772,FALSE,"all_pixels",8.15023347266851,7.42378651716671,4.46505435503459,172.721486571233,"squared_euclidean_pc1_pc3",637.72754986308,"all_pixels",8708,1,1012.29583279851,7606.62742904503,2505.16957236223,"all_pixels",8708
"1618_c",8235,FALSE,"all_pixels",7.53498445889962,6.89088683530972,4.09853918173138,147.143948774415,"squared_euclidean_pc1_pc3",611.431915450802,"all_pixels",7930,1,1109.80094784918,6681.48014033479,2591.64865448717,"all_pixels",7930
"1618_d",8701,FALSE,"all_pixels",6.13040527449334,5.28041286182838,3.75397182736697,103.345107382502,"squared_euclidean_pc1_pc3",528.471163836026,"all_pixels",8577,1,1154.60912305077,8595.3030190383,2883.02183603511,"all_pixels",8577
"1619_a",8387,FALSE,"all_pixels",6.0816653109424,5.47756993887818,3.38474315792373,96.8835464360053,"squared_euclidean_pc1_pc3",475.116042424008,"all_pixels",8230,1,865.574879175974,5074.51844505742,2070.4187746685,"all_pixels",8230
"1619_b",8971,FALSE,"all_pixels",6.20765993822646,5.42347479565277,3.85038591053227,106.71772193803,"squared_euclidean_pc1_pc3",558.679486334218,"all_pixels",8862,1,953.764323535715,6027.48349822303,2285.79942799697,"all_pixels",8862
"1619_c",9481,FALSE,"all_pixels",4.42345510092376,3.9488457461467,2.62353304949427,52.8983094424911,"squared_euclidean_pc1_pc3",325.166371423601,"all_pixels",9334,1,529.893225623434,2630.90398643849,1304.39543101767,"all_pixels",9334
"1619_d",9363,FALSE,"all_pixels",5.47865872263957,5.00245617404932,2.97013332666207,77.6729023816539,"squared_euclidean_pc1_pc3",422.206284260067,"all_pixels",9253,1,673.624068059616,3785.87681033506,1602.4192000882,"all_pixels",9253
"1620_a",NA,TRUE,"manual_excluded",NA,NA,NA,NA,"squared_euclidean_pc1_pc3",NA,"manual_excluded",NA,1,NA,NA,NA,"manual_excluded",NA
"1620_b",NA,TRUE,"manual_excluded",NA,NA,NA,NA,"squared_euclidean_pc1_pc3",NA,"manual_excluded",NA,1,NA,NA,NA,"manual_excluded",NA
"1620_c",NA,TRUE,"manual_excluded",NA,NA,NA,NA,"squared_euclidean_pc1_pc3",NA,"manual_excluded",NA,1,NA,NA,NA,"manual_excluded",NA
"1620_d",NA,TRUE,"manual_excluded",NA,NA,NA,NA,"squared_euclidean_pc1_pc3",NA,"manual_excluded",NA,1,NA,NA,NA,"manual_excluded",NA
"1621_a",NA,TRUE,"manual_excluded",NA,NA,NA,NA,"squared_euclidean_pc1_pc3",NA,"manual_excluded",NA,1,NA,NA,NA,"manual_excluded",NA
"1621_d",NA,TRUE,"manual_excluded",NA,NA,NA,NA,"squared_euclidean_pc1_pc3",NA,"manual_excluded",NA,1,NA,NA,NA,"manual_excluded",NA
"17_a",9032,FALSE,"all_pixels",9.4786576626738,8.61555452389601,5.33646894751807,236.63939782691,"squared_euclidean_pc1_pc3",727.969902812723,"all_pixels",8936,1,1292.63242474995,8834.96770759179,3046.9709861543,"all_pixels",8936
"17_b",8696,FALSE,"all_pixels",9.15667873610266,8.19680472134234,5.25045907926021,222.817831808245,"squared_euclidean_pc1_pc3",704.233559772836,"all_pixels",8673,1,1802.32707780794,12040.254145365,4076.36333803946,"all_pixels",8673
"17_c",8655,FALSE,"all_pixels",9.5362991943983,8.24882778486458,6.24787642534917,259.944903861708,"squared_euclidean_pc1_pc3",713.7651927577,"all_pixels",8554,1,2432.352324898,17927.3420784267,5567.81447919236,"all_pixels",8554
"17_d",8277,FALSE,"all_pixels",8.49926563064782,7.27405667816303,5.07887580705498,196.058758517924,"squared_euclidean_pc1_pc3",669.866242371652,"all_pixels",8271,1,1706.07056199848,12967.4022443677,4003.36498998435,"all_pixels",8271
"1700_a",7999,FALSE,"all_pixels",8.64342599907361,7.72368709003643,5.01366402347591,199.684994891157,"squared_euclidean_pc1_pc3",608.082242818699,"all_pixels",7967,1,1619.86894472672,11569.870887331,3841.3244425639,"all_pixels",7967
"1700_b",8200,FALSE,"all_pixels",7.53857111318564,6.78144981493831,4.08906431756388,147.096924685659,"squared_euclidean_pc1_pc3",525.684075761216,"all_pixels",8076,1,849.118848265586,6034.39974949613,2124.98196205268,"all_pixels",8076
"1700_c",8926,FALSE,"all_pixels",6.88504753566919,6.07462644697807,4.03484700897411,127.3640921401,"squared_euclidean_pc1_pc3",567.910285324597,"all_pixels",8902,1,1091.30691943195,9314.45917189277,2824.16979352869,"all_pixels",8902
"1700_d",8349,FALSE,"all_pixels",9.10000750216549,8.41178339289038,4.97831976698884,215.181671564879,"squared_euclidean_pc1_pc3",779.500596957768,"all_pixels",8330,1,1825.93444796049,15826.9241711658,4440.93890994164,"all_pixels",8330
"1701_a",8890,FALSE,"all_pixels",9.17917303184757,8.21850685231249,5.26251142612763,223.896257740275,"squared_euclidean_pc1_pc3",725.413992899387,"all_pixels",8767,1,1311.57633751529,11481.9150810328,3319.6174398244,"all_pixels",8767
"1701_b",9299,FALSE,"all_pixels",7.16730477252954,6.33302701567746,4.24035246431892,138.697826238794,"squared_euclidean_pc1_pc3",610.206861391919,"all_pixels",9271,1,1369.58670770154,13265.2028095617,3519.65939540537,"all_pixels",9271
"1701_c",8789,FALSE,"all_pixels",9.06994153035583,8.20566053209121,4.95424122655357,213.611105711467,"squared_euclidean_pc1_pc3",814.900575785495,"all_pixels",8665,1,1469.45873508034,14092.8475642298,3716.03848549329,"all_pixels",8665
"1701_d",8797,FALSE,"all_pixels",9.40189720506193,8.56838636054962,5.0653279269437,228.100602874763,"squared_euclidean_pc1_pc3",731.875660291258,"all_pixels",8711,1,1759.46804729009,18334.7242618369,4572.36947199962,"all_pixels",8711
"1702_a",8226,FALSE,"all_pixels",10.6646894498094,10.3994447236766,4.61475751800636,270.057998295766,"squared_euclidean_pc1_pc3",742.178260557724,"all_pixels",8186,1,1317.2657490923,12648.1200945056,3355.79153839946,"all_pixels",8186
"1702_b",7413,FALSE,"all_pixels",9.03269078967902,8.09740433185827,4.96205687587075,212.416379755788,"squared_euclidean_pc1_pc3",618.021400200502,"all_pixels",7356,1,1194.78572516914,10296.9970071206,3071.96488284899,"all_pixels",7356
"1702_c",4023,FALSE,"all_pixels",4.66503708948504,4.04297845691372,2.96387125720932,61.0898405958934,"squared_euclidean_pc1_pc3",241.331515458791,"all_pixels",4017,1,586.519453427207,3392.19069038827,1508.3419210549,"all_pixels",4017
"1702_d",6905,FALSE,"all_pixels",6.51208429427056,5.74727627714917,3.8990249436749,115.214871433514,"squared_euclidean_pc1_pc3",403.35952992257,"all_pixels",6904,1,738.892798324976,4710.76454836044,1879.07717836017,"all_pixels",6904
"1703_a",6572,FALSE,"all_pixels",7.39997159013948,6.79551084670829,3.98233381028663,141.232297995648,"squared_euclidean_pc1_pc3",434.835981750897,"all_pixels",6572,1,955.791352793793,5734.75597078608,2269.48043760164,"all_pixels",6572
"1703_b",6651,FALSE,"all_pixels",6.93016413241102,6.55432342450403,3.34612337315597,118.44406618643,"squared_euclidean_pc1_pc3",405.258435324342,"all_pixels",6646,1,681.993447946483,3785.14879827542,1658.64286761701,"all_pixels",6646
"1703_c",5742,FALSE,"all_pixels",6.64799869377388,5.92127798986609,4.01769115676232,120.669835350835,"squared_euclidean_pc1_pc3",467.44160327924,"all_pixels",5742,1,995.651650380527,6163.96580604686,2353.26967915109,"all_pixels",5742
"1703_d",7021,FALSE,"all_pixels",7.49150629807849,7.07162824111658,3.76229018401854,140.550955945836,"squared_euclidean_pc1_pc3",426.892366894249,"all_pixels",7011,1,652.392656924691,3988.41393453791,1657.68294711463,"all_pixels",7011
"1704_a",6843,FALSE,"all_pixels",6.9632805558359,6.40184077054436,3.7027362591599,124.391056719128,"squared_euclidean_pc1_pc3",470.513788162776,"all_pixels",6836,1,938.717788609055,6347.10648431643,2372.29564320698,"all_pixels",6836
"1704_b",6895,FALSE,"all_pixels",7.12026777490435,6.60200750014438,3.61019628707467,127.459680264473,"squared_euclidean_pc1_pc3",516.601798453976,"all_pixels",6888,1,841.42973399308,6040.64761691402,2147.4578877296,"all_pixels",6888
"1704_c",6390,FALSE,"all_pixels",6.145364296248,5.54395582068457,3.42374813608288,98.9714383922152,"squared_euclidean_pc1_pc3",403.325338812446,"all_pixels",6305,1,751.662155679952,3923.75803209179,1755.03328674706,"all_pixels",6305
"1704_d",6269,FALSE,"all_pixels",7.11635590397284,6.61335486902999,3.72585713688695,129.044636732843,"squared_euclidean_pc1_pc3",469.459829511091,"all_pixels",6269,1,1025.21343212321,6267.12335962491,2415.80555229155,"all_pixels",6269
"1705_a",7511,FALSE,"all_pixels",8.17714684201914,7.36714818097397,4.58943737255685,175.851723188241,"squared_euclidean_pc1_pc3",620.322335467218,"all_pixels",7511,1,1484.33227880451,11336.5151432602,3781.29160090975,"all_pixels",7511
"1705_b",7239,FALSE,"all_pixels",7.59325716317983,7.04759113846686,4.02004077718122,147.632099486602,"squared_euclidean_pc1_pc3",568.139964289885,"all_pixels",7239,1,1350.39663056653,11468.4426758395,3533.42912003661,"all_pixels",7239
"1705_c",7794,FALSE,"all_pixels",7.59940505915009,6.98465068096186,4.13945089083379,149.767624875518,"squared_euclidean_pc1_pc3",598.861069755469,"all_pixels",7785,1,1180.44163538208,9556.55427160162,3004.45958070639,"all_pixels",7785
"1705_d",8006,FALSE,"all_pixels",7.55039969970864,6.64379190499544,4.45608568909237,153.725510133212,"squared_euclidean_pc1_pc3",625.826544633309,"all_pixels",8004,1,1316.33957688981,10916.1228417651,3391.5908688196,"all_pixels",8004
"1706_a",8362,FALSE,"all_pixels",7.29600788294679,6.45195006429202,4.07379768064511,139.651147797636,"squared_euclidean_pc1_pc3",506.926886642471,"all_pixels",8353,1,765.261792546907,5376.01415244954,1948.97153176681,"all_pixels",8353
"1706_b",7341,FALSE,"all_pixels",8.64040243897107,8.03486787616533,4.62879828483694,192.158818448005,"squared_euclidean_pc1_pc3",705.273637750161,"all_pixels",7338,1,1185.11351621375,10903.2751047353,3094.58250372133,"all_pixels",7338
"1706_c",8229,FALSE,"all_pixels",9.25177036240101,8.96521821962019,4.23590398730697,207.071913966403,"squared_euclidean_pc1_pc3",595.901997733743,"all_pixels",8196,1,982.752882385856,7673.76972897075,2481.7761645431,"all_pixels",8196
"1706_d",8098,FALSE,"all_pixels",8.79032060556529,8.16546341046247,4.39428895313463,193.154254481218,"squared_euclidean_pc1_pc3",627.241428068283,"all_pixels",8098,1,1092.93677030545,9744.84649020088,2825.38179170195,"all_pixels",8098
"1707_a",6298,FALSE,"all_pixels",9.90540416429709,8.99046089329195,5.47621165307116,256.202328147509,"squared_euclidean_pc1_pc3",649.006141466976,"all_pixels",6298,1,2076.72901097003,15273.1393545611,4915.25416668901,"all_pixels",6298
"1707_b",6073,FALSE,"all_pixels",8.99374521857997,8.24015215433765,4.75662989060206,207.018510759262,"squared_euclidean_pc1_pc3",457.07572987863,"all_pixels",6063,1,673.612854004935,4452.62747561736,1795.51608116151,"all_pixels",6063
"1707_c",8573,FALSE,"all_pixels",6.94389142963442,6.36552882200761,3.81014906546963,125.466341441157,"squared_euclidean_pc1_pc3",420.345380812803,"all_pixels",8573,1,813.744107225096,4751.57573705573,1979.87634659444,"all_pixels",8573
"1707_d",7136,FALSE,"all_pixels",8.99592950896084,8.8471048628494,3.78709421442031,190.533640996195,"squared_euclidean_pc1_pc3",579.309536257353,"all_pixels",7128,1,1054.06396196986,6800.12429677933,2545.89860787139,"all_pixels",7128
"1708_a",6182,FALSE,"all_pixels",10.1381564851299,9.82985664665804,3.68956975891302,232.785879793645,"squared_euclidean_pc1_pc3",608.339371816828,"all_pixels",6088,1,1215.68657486508,7235.91796943496,2825.35790880497,"all_pixels",6088
"1708_b",7164,FALSE,"all_pixels",7.46373880140427,6.90367302077286,3.90648201019804,141.931736825361,"squared_euclidean_pc1_pc3",538.031069992486,"all_pixels",7132,1,1134.2900112025,7101.84114132665,2746.72892001229,"all_pixels",7132
"1708_c",7744,FALSE,"all_pixels",6.82332829507237,6.1274074263551,3.98010366716589,124.793977221928,"squared_euclidean_pc1_pc3",362.749830619329,"all_pixels",7631,1,507.968438005174,2697.82979971835,1326.69630134347,"all_pixels",7631
"1708_d",5956,FALSE,"all_pixels",6.71930148602045,6.24619814900199,3.30303535999218,112.114446551917,"squared_euclidean_pc1_pc3",367.859987110083,"all_pixels",5942,1,548.900543933801,3669.85786516386,1477.13871457428,"all_pixels",5942
"1709_a",7657,FALSE,"all_pixels",7.67828455136125,7.12833266808228,3.85085805230108,147.566449434616,"squared_euclidean_pc1_pc3",535.862385564874,"all_pixels",7546,1,1049.08556526991,6908.63029019813,2497.12269139381,"all_pixels",7546
"1709_b",8317,FALSE,"all_pixels",7.53910368456855,6.96273025040803,4.12185770116313,147.651505012353,"squared_euclidean_pc1_pc3",546.675089465414,"all_pixels",8313,1,1027.58553479815,5869.8459001225,2364.25005453025,"all_pixels",8313
"1709_c",8629,FALSE,"all_pixels",10.4682535526177,9.66566214119752,4.94991097746856,268.16622335244,"squared_euclidean_pc1_pc3",854.099759981011,"all_pixels",8493,1,1365.61235359489,11982.1672563655,3503.14254406585,"all_pixels",8493
"1709_d",8533,FALSE,"all_pixels",10.6453788434836,10.0072491108455,5.30618498012452,282.952780302865,"squared_euclidean_pc1_pc3",849.600283342144,"all_pixels",8238,1,1535.33176584399,9810.76353138114,3560.2796976791,"all_pixels",8238
"1710_a",8972,FALSE,"all_pixels",7.31012846806149,6.31013319323442,4.45914099007639,146.639400735092,"squared_euclidean_pc1_pc3",529.093179213171,"all_pixels",8874,1,1097.97795368958,7797.75587845168,2660.12584412977,"all_pixels",8874
"1710_b",9430,FALSE,"all_pixels",6.76937112408856,5.76679195062452,4.38820345504536,130.157345899861,"squared_euclidean_pc1_pc3",565.56957313985,"all_pixels",9094,1,924.220125554174,6656.8746019029,2338.91307843675,"all_pixels",9094
"1710_c",9272,FALSE,"all_pixels",7.05869255129283,6.00439783242441,4.54467278863017,140.953927434101,"squared_euclidean_pc1_pc3",692.901808401007,"all_pixels",9194,1,1224.80038931366,10984.9111062828,3185.72861054968,"all_pixels",9194
"1710_d",7938,FALSE,"all_pixels",8.70672814391946,7.88220922489264,4.83005544201976,198.267223177491,"squared_euclidean_pc1_pc3",638.301780133009,"fallback_sampled_pixels",5000,1,965.266501287677,7005.88055486533,2446.55162414525,"all_pixels",7810
"1711_a",9331,FALSE,"all_pixels",8.20377954915219,7.0736473296364,5.24700668597194,189.660255115232,"squared_euclidean_pc1_pc3",735.35342868398,"all_pixels",9037,1,2197.03354443532,19516.5590217741,5359.44094540875,"all_pixels",9037
"1711_b",9405,FALSE,"all_pixels",7.65736948163426,6.89418476094461,4.26125715858741,153.583378482938,"squared_euclidean_pc1_pc3",715.932397548262,"all_pixels",9196,1,1319.84703973421,10477.8370572029,3278.07234435181,"all_pixels",9196
"1711_c",9450,FALSE,"all_pixels",8.5349099001258,7.07008813297294,6.11700314794119,220.516909934606,"squared_euclidean_pc1_pc3",788.599856456139,"all_pixels",9166,1,1583.70385024124,10775.85377971,3768.41640783789,"all_pixels",9166
"1711_d",8185,FALSE,"all_pixels",9.62527406874443,7.76133166724826,7.55382071839557,299.398274059637,"squared_euclidean_pc1_pc3",802.864534709721,"all_pixels",8104,1,2858.35990698502,21685.4158235305,6453.63665731252,"all_pixels",8104
"1712_a",6817,FALSE,"all_pixels",6.339488851284,5.84967030162349,3.28843959076611,102.002735067176,"squared_euclidean_pc1_pc3",397.163243521239,"all_pixels",6770,1,601.789029492607,4391.09782147347,1652.59801446398,"all_pixels",6770
"1712_b",7853,FALSE,"all_pixels",9.92748313212285,9.22192239499414,5.23594856384281,251.933175318427,"squared_euclidean_pc1_pc3",761.551337634369,"all_pixels",7800,1,1298.28937204388,8964.31447652589,3038.73766802987,"all_pixels",7800
"1712_c",8180,FALSE,"all_pixels",5.99834856284429,5.51032052981489,3.3258205621962,94.0798313654788,"squared_euclidean_pc1_pc3",383.941140492809,"all_pixels",8143,1,849.665638395592,5439.21458773769,2123.79315044422,"all_pixels",8143
"1712_d",6980,FALSE,"all_pixels",5.37715358175247,4.92125664504181,2.97590257867768,75.537016064352,"squared_euclidean_pc1_pc3",309.601322778557,"all_pixels",6966,1,680.329588651711,4903.27369994624,1861.89930044312,"all_pixels",6966
"1713_a",5920,FALSE,"all_pixels",5.90240027362335,5.33021428059894,3.59343593316166,95.4978591653271,"squared_euclidean_pc1_pc3",367.990188223362,"all_pixels",5908,1,731.625134783592,4829.11630136331,1876.34131202829,"all_pixels",5908
"1713_b",4100,FALSE,"all_pixels",6.70495481995393,6.08894301211099,3.83267029790808,119.284395957931,"squared_euclidean_pc1_pc3",392.435535692164,"all_pixels",4099,1,663.852545147038,4002.45807338986,1653.82169691596,"all_pixels",4099
"1713_c",8165,FALSE,"all_pixels",8.41473382656037,7.3553951789618,4.98569029115748,191.323617404869,"squared_euclidean_pc1_pc3",569.635955638455,"all_pixels",8139,1,758.285270965245,4814.26248178665,1941.10243561225,"all_pixels",8139
"1713_d",5821,FALSE,"all_pixels",6.39294091031818,5.59378497650744,4.01509265750885,113.975786162197,"squared_euclidean_pc1_pc3",408.115876881221,"all_pixels",5807,1,900.893785715881,4887.204077557,2131.64590741015,"all_pixels",5807
"1714_a",6754,FALSE,"all_pixels",8.06465305588742,7.44070137863187,4.41438414650967,169.045062166171,"squared_euclidean_pc1_pc3",627.707965207995,"all_pixels",6677,1,1087.95587638205,5950.05009578954,2482.85443159023,"all_pixels",6677
"1714_b",8928,FALSE,"all_pixels",7.69773565845337,7.06345550638634,4.09624295190403,152.064922394118,"squared_euclidean_pc1_pc3",615.985764435721,"all_pixels",8762,1,1021.51524465583,6392.00895691506,2436.7503404552,"all_pixels",8762
"1714_c",6486,FALSE,"all_pixels",8.360659753366,7.37494786031781,4.66361284816648,183.293126085806,"squared_euclidean_pc1_pc3",677.858995366973,"all_pixels",6398,1,1142.57761309119,7239.12559916214,2735.48714410814,"all_pixels",6398
"1714_d",7638,FALSE,"all_pixels",10.1140108207915,9.84310494417488,4.79784257715712,250.618988985604,"squared_euclidean_pc1_pc3",556.315866323738,"all_pixels",7493,1,936.74564238229,6071.26162215313,2304.71874896574,"all_pixels",7493
"1715_a",8130,FALSE,"all_pixels",7.36638672741605,6.58440439545268,4.09534356464561,142.066858747039,"squared_euclidean_pc1_pc3",587.244266142229,"all_pixels",7939,1,982.852541781579,8058.84283060285,2579.52728793584,"all_pixels",7939
"1715_b",6580,FALSE,"all_pixels",6.24987041488304,5.50344864683597,3.74092200968397,106.106501724085,"squared_euclidean_pc1_pc3",447.643426613332,"all_pixels",6480,1,860.499513087651,6190.13062827201,2170.96344852461,"all_pixels",6480
"1715_c",4926,FALSE,"all_pixels",7.9893733685508,7.30830981684862,4.32718161248703,165.101572744571,"squared_euclidean_pc1_pc3",532.738951804648,"all_pixels",4855,1,1149.33881595017,7347.37082292627,2658.30317910651,"all_pixels",4855
"1715_d",6398,FALSE,"all_pixels",7.33516628960808,6.76494553179123,3.82626493175412,136.885359123394,"squared_euclidean_pc1_pc3",484.255283441946,"all_pixels",6222,1,817.149803917776,6033.74542011059,2125.67006887652,"all_pixels",6222
"1716_a",5690,FALSE,"all_pixels",8.574393176314,7.08210526430553,5.48857389001163,207.278734819739,"squared_euclidean_pc1_pc3",643.92857356532,"all_pixels",5648,1,944.798883135228,6553.60431461005,2464.93450326295,"all_pixels",5648
"1716_b",7236,FALSE,"all_pixels",7.50508101276258,6.55509699498227,4.47791367242773,152.75036152305,"squared_euclidean_pc1_pc3",580.107789981446,"all_pixels",7235,1,1038.35079845642,7894.63174686078,2671.70878758817,"all_pixels",7235
"1716_c",8641,FALSE,"all_pixels",6.80622733193591,6.16013111351204,3.61059883671161,118.719291565807,"squared_euclidean_pc1_pc3",498.247704060999,"all_pixels",8641,1,815.753304709148,5588.00895871007,2055.52562339236,"all_pixels",8641
"1716_d",3198,FALSE,"all_pixels",7.14489444085692,6.59071632648374,3.82984637375333,131.425306574888,"squared_euclidean_pc1_pc3",380.143943337576,"all_pixels",3190,1,648.176447146467,4630.26859510648,1747.56599228019,"all_pixels",3190
"1717_a",5363,FALSE,"all_pixels",7.2820450080159,6.90119512061642,3.71607861209161,133.669689680803,"squared_euclidean_pc1_pc3",447.772682033148,"all_pixels",5254,1,812.593160313788,6106.34938149828,2108.75866650572,"all_pixels",5254
"1717_b",5932,FALSE,"all_pixels",7.88346020066815,7.50679260138481,4.11218956709078,158.112394226492,"squared_euclidean_pc1_pc3",552.848241618459,"all_pixels",5928,1,965.778989097057,6577.18189945787,2391.23349782283,"all_pixels",5928
"1717_c",5958,FALSE,"all_pixels",7.07450193549205,6.75020201250892,3.30848455257814,121.98562092897,"squared_euclidean_pc1_pc3",467.204236192916,"all_pixels",5851,1,730.297986138952,4302.03433939134,1816.35307967254,"all_pixels",5851
"1717_d",3929,FALSE,"all_pixels",7.55789872823666,7.08340683023684,3.78139104991495,142.834224262049,"squared_euclidean_pc1_pc3",428.785142985539,"all_pixels",3881,1,939.970413604258,7609.92651802369,2448.46019442466,"all_pixels",3881
"1718_a",6896,FALSE,"all_pixels",6.2189512967,5.69175391848843,3.61395550379761,103.468271329708,"squared_euclidean_pc1_pc3",399.125264436457,"all_pixels",6799,1,1140.38898568835,7911.63384535321,2834.91266424114,"all_pixels",6799
"1718_b",6108,FALSE,"all_pixels",7.71862500348947,6.99062178446202,4.02006508442681,151.470898731635,"squared_euclidean_pc1_pc3",528.722724017731,"all_pixels",6014,1,794.447782345637,5236.90497443825,1997.94705683741,"all_pixels",6014
"1718_c",7681,FALSE,"all_pixels",6.24043893508677,5.63687565277301,3.4412488278507,101.567459692403,"squared_euclidean_pc1_pc3",440.61314224281,"all_pixels",7567,1,725.495498210816,3895.1567599577,1727.19840588279,"all_pixels",7567
"1718_d",6245,FALSE,"all_pixels",6.80893716456747,6.30685487491808,3.58260440231369,118.389248723229,"squared_euclidean_pc1_pc3",396.236030749494,"all_pixels",6176,1,690.838360976634,4829.93101538824,1825.00641264595,"all_pixels",6176
"1719_a",7913,FALSE,"all_pixels",5.20632358476781,4.53384917562287,3.21481663845739,74.8790904075831,"squared_euclidean_pc1_pc3",427.689951083997,"all_pixels",7770,1,718.546465590049,4675.95888994668,1818.69227013656,"all_pixels",7770
"1719_b",8278,FALSE,"all_pixels",5.43235156818856,4.90012440025874,3.12898070829534,78.5995622352407,"squared_euclidean_pc1_pc3",396.971982515679,"all_pixels",8220,1,644.937098062047,3575.80231807004,1563.6602993003,"all_pixels",8220
"1719_c",8909,FALSE,"all_pixels",6.3357997828519,5.7961259242023,3.3360551569272,102.540747365193,"squared_euclidean_pc1_pc3",460.024400760764,"all_pixels",8706,1,956.186564609015,6083.67327110569,2270.90302686994,"all_pixels",8706
"1719_d",8395,FALSE,"all_pixels",6.16903270435035,5.39627535124647,4.09319249730537,109.618387177656,"squared_euclidean_pc1_pc3",459.306271674598,"all_pixels",8176,1,857.122169945379,4904.66605869738,2093.95239878892,"all_pixels",8176
"1720_a",8591,FALSE,"all_pixels",10.3951450370735,8.76264871027312,6.72678792861125,306.606898152014,"squared_euclidean_pc1_pc3",891.39554661562,"all_pixels",8514,1,1519.18758945986,9818.52672743196,3507.19913589332,"all_pixels",8514
"1720_b",9390,FALSE,"all_pixels",6.0491679611948,5.02323878146155,3.70971952402916,100.705972731974,"squared_euclidean_pc1_pc3",402.691286691168,"all_pixels",9091,1,618.259760746554,3376.00861243765,1505.60047242531,"all_pixels",9091
"1720_c",9422,FALSE,"all_pixels",6.23153996350281,5.7298825991926,3.25387751088875,98.8373708990413,"squared_euclidean_pc1_pc3",519.225043708063,"all_pixels",9363,1,734.992627777695,4197.80438657744,1767.02437924873,"all_pixels",9363
"1720_d",9190,FALSE,"all_pixels",5.61877401652396,4.92142753016154,3.16640955825393,83.191359909312,"squared_euclidean_pc1_pc3",473.9844040709,"all_pixels",9131,1,720.289441293768,4804.71834349219,1834.26118644688,"all_pixels",9131
"1721_a",NA,TRUE,"manual_excluded",NA,NA,NA,NA,"squared_euclidean_pc1_pc3",NA,"manual_excluded",NA,1,NA,NA,NA,"manual_excluded",NA
"1721_b",NA,TRUE,"manual_excluded",NA,NA,NA,NA,"squared_euclidean_pc1_pc3",NA,"manual_excluded",NA,1,NA,NA,NA,"manual_excluded",NA
"1721_c",NA,TRUE,"manual_excluded",NA,NA,NA,NA,"squared_euclidean_pc1_pc3",NA,"manual_excluded",NA,1,NA,NA,NA,"manual_excluded",NA
"1721_d",NA,TRUE,"manual_excluded",NA,NA,NA,NA,"squared_euclidean_pc1_pc3",NA,"manual_excluded",NA,1,NA,NA,NA,"manual_excluded",NA
"1722_a",NA,TRUE,"manual_excluded",NA,NA,NA,NA,"squared_euclidean_pc1_pc3",NA,"manual_excluded",NA,1,NA,NA,NA,"manual_excluded",NA
"1722_b",NA,TRUE,"manual_excluded",NA,NA,NA,NA,"squared_euclidean_pc1_pc3",NA,"manual_excluded",NA,1,NA,NA,NA,"manual_excluded",NA
"1722_c",NA,TRUE,"manual_excluded",NA,NA,NA,NA,"squared_euclidean_pc1_pc3",NA,"manual_excluded",NA,1,NA,NA,NA,"manual_excluded",NA
"1722_d",NA,TRUE,"manual_excluded",NA,NA,NA,NA,"squared_euclidean_pc1_pc3",NA,"manual_excluded",NA,1,NA,NA,NA,"manual_excluded",NA
"1723_a",NA,TRUE,"manual_excluded",NA,NA,NA,NA,"squared_euclidean_pc1_pc3",NA,"manual_excluded",NA,1,NA,NA,NA,"manual_excluded",NA
"18_a",8583,FALSE,"all_pixels",6.92505917587908,6.10152096557995,4.15775532622797,130.482719705601,"squared_euclidean_pc1_pc3",523.046776721787,"all_pixels",8583,1,1052.09763570835,7749.69073205296,2607.83092545936,"all_pixels",8583
"18_b",8413,FALSE,"all_pixels",8.28359933173054,7.50080591810721,4.46235914472375,177.056600269445,"squared_euclidean_pc1_pc3",622.875108101092,"all_pixels",8413,1,1679.84582508867,13060.5469837749,3900.48396966461,"all_pixels",8413
"18_c",7212,FALSE,"all_pixels",7.43850893499855,6.72771886489274,3.9910000127674,142.514575450795,"squared_euclidean_pc1_pc3",496.78867755062,"all_pixels",7210,1,1004.37513057493,7501.72081133056,2472.33742966314,"all_pixels",7210
"18_d",6068,FALSE,"all_pixels",8.45642673959464,7.62202879133597,4.76764324413306,188.475658711741,"squared_euclidean_pc1_pc3",564.148100138272,"all_pixels",6068,1,1559.04477095874,10826.6631723172,3630.72731619264,"all_pixels",6068
"1800_a",7647,FALSE,"all_pixels",7.03969855572894,6.50226982915524,3.63649543791339,125.559451013863,"squared_euclidean_pc1_pc3",498.778548718139,"all_pixels",7555,1,900.914020487348,6016.52414630077,2216.03125202101,"all_pixels",7555
"1800_b",7744,FALSE,"all_pixels",8.69146432245773,7.97205030527986,4.78651915152502,196.898718276376,"squared_euclidean_pc1_pc3",669.603339002784,"all_pixels",7729,1,1747.50924965854,14152.7853719314,4332.19787783449,"all_pixels",7729
"1800_c",7710,FALSE,"all_pixels",8.71451656883777,8.0964117259936,4.40277669547138,190.649454927681,"squared_euclidean_pc1_pc3",596.249018824365,"all_pixels",7610,1,1098.57842414715,7187.45674621643,2646.40330989696,"all_pixels",7610
"1800_d",7357,FALSE,"all_pixels",8.38084095477083,7.84193332528153,4.37890974110155,178.821478577815,"squared_euclidean_pc1_pc3",595.117430303346,"all_pixels",7269,1,986.193328713852,5342.54418818898,2295.85325264482,"all_pixels",7269
"1801_a",7388,FALSE,"all_pixels",7.58965220636981,7.05499692013445,3.850414143899,144.853005935089,"squared_euclidean_pc1_pc3",512.243060843807,"all_pixels",7323,1,1047.90660736817,7596.12683892731,2780.56487940404,"all_pixels",7323
"1801_b",7867,FALSE,"all_pixels",8.27462886818535,7.19200213288049,4.86947495667807,184.356510355014,"squared_euclidean_pc1_pc3",559.789811915158,"all_pixels",7784,1,1057.230896656,9465.14497800558,2876.20521640378,"all_pixels",7784
"1801_c",7865,FALSE,"all_pixels",7.69934168532617,6.8101460984156,4.36260954581062,156.619609111711,"squared_euclidean_pc1_pc3",611.013701880017,"all_pixels",7811,1,1136.59710328608,7999.80996731227,2736.73847012096,"all_pixels",7811
"1801_d",7753,FALSE,"all_pixels",8.51275721097505,7.60166511739379,4.91356817959153,193.214147096969,"squared_euclidean_pc1_pc3",652.995427070712,"all_pixels",7690,1,1572.87575946501,11275.5674664657,3722.58872422641,"all_pixels",7690
"1802_a",8221,FALSE,"all_pixels",7.17623595788535,6.23234605986995,4.13941950721211,137.262144217391,"squared_euclidean_pc1_pc3",583.867484843554,"all_pixels",8134,1,1566.53868443614,13007.209758752,3861.9731697731,"all_pixels",8134
"1802_b",9112,FALSE,"all_pixels",6.49627505164967,5.58059326928771,4.01082311510215,116.573052331842,"squared_euclidean_pc1_pc3",591.606610451351,"all_pixels",9098,1,1164.18769851366,9498.05295342534,2941.64648618608,"all_pixels",9098
"1802_c",8592,FALSE,"all_pixels",7.19850351994755,6.62960101330481,3.88018634264012,133.745093340958,"squared_euclidean_pc1_pc3",505.272736766408,"all_pixels",8566,1,910.083235553619,5781.99081880137,2191.16601517679,"all_pixels",8566
"1802_d",7821,FALSE,"all_pixels",8.76858200457701,7.9583278495272,4.7278221797318,198.474949897831,"squared_euclidean_pc1_pc3",720.314528409226,"all_pixels",7817,1,1855.52867682345,17367.6773802059,4699.51489250492,"all_pixels",7817
"1803_a",4312,FALSE,"all_pixels",7.4455054421175,6.9862098757703,3.61952931625888,137.067010992597,"squared_euclidean_pc1_pc3",483.443391018597,"all_pixels",4304,1,1057.16491118468,6272.02310629691,2470.4126640037,"all_pixels",4304
"1803_b",6124,FALSE,"all_pixels",7.25680194656677,6.93565262552942,3.57378128680205,130.862003253719,"squared_euclidean_pc1_pc3",415.565484526057,"all_pixels",6117,1,716.6626859969,4058.11781064422,1733.86751261476,"all_pixels",6117
"1803_c",5295,FALSE,"all_pixels",6.84690907220734,6.58497066740427,3.27918020891618,115.262311795101,"squared_euclidean_pc1_pc3",419.421111240544,"all_pixels",5259,1,619.275506518407,4162.4716181504,1648.42970484001,"all_pixels",5259
"1803_d",6893,FALSE,"all_pixels",6.53080445000574,5.96556667555352,3.48034948771206,109.52496411024,"squared_euclidean_pc1_pc3",472.297895554583,"all_pixels",6885,1,1153.55458241866,8126.93920630999,2855.44898604732,"all_pixels",6885
"1804_a",5591,FALSE,"all_pixels",5.7686571925758,5.15990422465401,3.23146995328746,87.4358722976624,"squared_euclidean_pc1_pc3",359.884559955666,"all_pixels",5591,1,556.809116892865,3195.71639400326,1421.81899970958,"all_pixels",5591
"1804_b",5979,FALSE,"all_pixels",6.59647463657925,5.98887116708006,3.64181397240643,113.548136817336,"squared_euclidean_pc1_pc3",472.497045165703,"all_pixels",5979,1,1120.41923445459,7794.14650465336,2681.71700304348,"all_pixels",5979
"1804_c",7384,FALSE,"all_pixels",7.43090016675716,6.92839329869449,4.12080469970725,144.394017910267,"squared_euclidean_pc1_pc3",564.435719203396,"all_pixels",7384,1,1063.244100644,7873.85350470152,2671.3506804643,"all_pixels",7384
"1804_d",7251,FALSE,"all_pixels",7.25823012701133,6.56757792105856,3.93496461588888,136.327431365462,"squared_euclidean_pc1_pc3",426.773041662566,"all_pixels",7251,1,768.713679228869,4420.45475922052,1872.82013379661,"all_pixels",7251
"1805_a",6198,FALSE,"all_pixels",8.33582320854767,7.27209714238226,5.33876671129173,195.967559824389,"squared_euclidean_pc1_pc3",557.516697583416,"all_pixels",6198,1,1850.56827062831,13441.5032508325,4270.8907846693,"all_pixels",6198
"1805_b",7713,FALSE,"all_pixels",8.02461925043216,7.34438506757056,4.3349123147112,166.367085107932,"squared_euclidean_pc1_pc3",544.713495988233,"all_pixels",7713,1,1323.4229498004,10497.5939023718,3370.4531485544,"all_pixels",7713
"1805_c",7098,FALSE,"all_pixels",8.41184328163725,7.62785539950412,4.922824980406,189.979797904719,"squared_euclidean_pc1_pc3",612.581252333022,"all_pixels",7096,1,1976.41495292427,17941.4740255991,4910.86831127066,"all_pixels",7096
"1805_d",4842,FALSE,"all_pixels",7.9056267764324,7.1629547262622,4.4950717693712,165.400863878346,"squared_euclidean_pc1_pc3",456.572264630928,"all_pixels",4842,1,1412.9868120643,9518.43255897075,3339.36371174615,"all_pixels",4842
"1806_a",7875,FALSE,"all_pixels",6.20259969362478,5.72782136482514,3.29615964759288,98.6710634826784,"squared_euclidean_pc1_pc3",381.57743091457,"all_pixels",7875,1,874.899822144578,5983.59663781132,2130.5751740715,"all_pixels",7875
"1806_b",7159,FALSE,"all_pixels",6.04592920408061,5.44470138827468,3.60425116227899,99.0841435896172,"squared_euclidean_pc1_pc3",402.861894362084,"all_pixels",7158,1,910.609346089222,6909.78915337337,2462.05830181675,"all_pixels",7158
"1806_c",8207,FALSE,"all_pixels",6.6690283388129,6.03670281513247,3.81055496894506,117.988997787473,"squared_euclidean_pc1_pc3",545.967134037694,"all_pixels",8112,1,948.022127637659,6110.38050466798,2269.72765444451,"all_pixels",8112
"1806_d",7906,FALSE,"all_pixels",6.26233625655402,5.42928734248542,3.80276026141727,107.35202376132,"squared_euclidean_pc1_pc3",488.858365183278,"all_pixels",7893,1,1235.42267814338,7720.60369392243,2913.556736242,"all_pixels",7893
"1807_a",5704,FALSE,"all_pixels",6.40055605349342,5.92184474259107,3.39743838817395,105.015363600095,"squared_euclidean_pc1_pc3",412.002494769628,"all_pixels",5653,1,836.576008737188,4705.52761263153,1998.4737830399,"all_pixels",5653
"1807_b",6505,FALSE,"all_pixels",6.27291452476397,5.70797259706715,3.51009502826793,103.336659393585,"squared_euclidean_pc1_pc3",471.704291133008,"all_pixels",6505,1,1018.50448910034,5761.77531219114,2419.50479925295,"all_pixels",6505
"1807_c",6086,FALSE,"all_pixels",7.15657264418418,6.7749486834238,3.47598392151593,126.594021891767,"squared_euclidean_pc1_pc3",516.510323511719,"all_pixels",6004,1,857.634522089744,4294.53408888535,1994.48017748358,"all_pixels",6004
"1807_d",6561,FALSE,"all_pixels",6.83734294150227,5.97728706952219,4.53572628249986,134.637871575866,"squared_euclidean_pc1_pc3",498.559647907282,"all_pixels",6511,1,1032.69365859736,6031.29879558128,2469.32549938247,"all_pixels",6511
"1808_a",6120,FALSE,"all_pixels",7.50182585858279,6.76576988207238,4.59838230638395,154.838111926452,"squared_euclidean_pc1_pc3",526.715165704649,"all_pixels",6087,1,1130.06854772537,7316.80876334702,2779.92761260593,"all_pixels",6087
"1808_b",6668,FALSE,"all_pixels",8.38644496623125,7.83034629203511,4.19787112011454,175.903876645968,"squared_euclidean_pc1_pc3",629.431962570299,"all_pixels",6626,1,1007.0537256146,6473.81068738386,2396.62260359718,"all_pixels",6626
"1808_c",6793,FALSE,"all_pixels",6.65341849423961,6.1193094834827,3.49362509184884,112.943194356233,"squared_euclidean_pc1_pc3",404.729180945374,"all_pixels",6718,1,607.624142679838,4410.51566099379,1647.32480405464,"all_pixels",6718
"1808_d",6643,FALSE,"all_pixels",6.61104018351589,5.99496411084696,3.70024106673614,114.79115035116,"squared_euclidean_pc1_pc3",397.505671827544,"all_pixels",6454,1,548.341303090685,2340.08501268052,1309.78907954038,"all_pixels",6454
"1809_a",8021,FALSE,"all_pixels",6.77729231707837,6.20800851106172,3.65117646275663,118.522237379867,"squared_euclidean_pc1_pc3",472.77369095123,"all_pixels",7900,1,1035.46280947387,6848.62675498067,2576.52831220484,"all_pixels",7900
"1809_b",5747,FALSE,"all_pixels",7.66845935548788,7.39072337949001,3.55685011943764,142.908500609362,"squared_euclidean_pc1_pc3",490.735754867142,"all_pixels",5498,1,764.625225261749,3689.50263918543,1791.19717193133,"all_pixels",5498
"1809_c",7806,FALSE,"all_pixels",7.24208949560919,6.63649649928715,3.8467559947482,134.486992568597,"squared_euclidean_pc1_pc3",503.792945755616,"all_pixels",7707,1,1038.46909780899,5050.94089339914,2424.39681008877,"all_pixels",7707
"1809_d",6360,FALSE,"all_pixels",6.70329764352196,6.30380810265056,3.52431393899175,114.706070168028,"squared_euclidean_pc1_pc3",307.13319288936,"all_pixels",6320,1,436.655762414079,2103.637297058,1119.29948525667,"all_pixels",6320
"1810_a",7329,FALSE,"all_pixels",7.22331092779866,6.36326782680754,4.0046896841506,136.423143991505,"squared_euclidean_pc1_pc3",454.239062597247,"all_pixels",7115,1,791.335235714865,4302.41653641537,1905.41788684573,"all_pixels",7115
"1810_b",7872,FALSE,"all_pixels",7.81707433191493,7.26667700763873,4.02822179694392,154.662321307733,"squared_euclidean_pc1_pc3",567.200350284118,"all_pixels",7778,1,917.118658831879,5681.87043769557,2211.03898052279,"all_pixels",7778
"1810_c",7881,FALSE,"all_pixels",7.71131384807658,7.07043458870993,4.21648098758555,154.481634573547,"squared_euclidean_pc1_pc3",531.735146766955,"all_pixels",7640,1,1011.59422221157,7056.21947787446,2530.18596415059,"all_pixels",7640
"1810_d",7294,FALSE,"all_pixels",7.08848433557769,6.37689721528882,3.80037487977541,129.374958605164,"squared_euclidean_pc1_pc3",510.004197773514,"all_pixels",7201,1,878.474077531277,5727.13237995303,2165.56709873536,"all_pixels",7201
"1811_a",8455,FALSE,"all_pixels",8.28816484887345,7.54636342314178,4.42516689387981,176.546925125406,"squared_euclidean_pc1_pc3",595.194495004509,"all_pixels",8364,1,1226.1790989686,10162.6232100777,3100.07977301095,"all_pixels",8364
"1811_b",8255,FALSE,"all_pixels",7.81563611265924,7.30637220195032,4.03016306627181,154.648829250905,"squared_euclidean_pc1_pc3",531.16305797581,"all_pixels",8188,1,767.058062896896,6321.28906570831,2064.79375439039,"all_pixels",8188
"1811_c",7792,FALSE,"all_pixels",10.0038496785546,9.12759494897662,5.46659879554257,259.913751210264,"squared_euclidean_pc1_pc3",786.603728898687,"all_pixels",7674,1,1954.33018500096,15492.3607398483,4599.34578263161,"all_pixels",7674
"1811_d",7738,FALSE,"all_pixels",8.09190802761109,5.5090800342492,10.867182139906,367.118722819961,"squared_euclidean_pc1_pc3",472.574748345563,"all_pixels",7552,1,3594.46638724991,21407.5367391663,8059.46764352871,"all_pixels",7552
"1812_a",5262,FALSE,"all_pixels",5.96145436069458,5.62886011668139,2.96320901549387,88.6357541631623,"squared_euclidean_pc1_pc3",353.053945477907,"all_pixels",5261,1,526.609284947336,2997.77990932021,1343.24595225979,"all_pixels",5261
"1812_b",5088,FALSE,"all_pixels",6.11440840209209,5.67569162554319,3.31202677685355,96.7067110375607,"squared_euclidean_pc1_pc3",374.228575134172,"all_pixels",5077,1,695.619124749256,4624.93927349163,1777.19531066923,"all_pixels",5077
"1812_c",5650,FALSE,"all_pixels",5.50297204260864,4.97966518626324,3.1396128160711,80.2762506099068,"squared_euclidean_pc1_pc3",381.511349417018,"all_pixels",5645,1,769.879681235792,4027.00329580313,1858.34746927495,"all_pixels",5645
"1812_d",5801,FALSE,"all_pixels",6.74594658029596,6.15382397518649,3.76493363627254,119.360154105766,"squared_euclidean_pc1_pc3",437.935574593078,"all_pixels",5762,1,1092.20798078556,6178.80323921362,2533.34456824568,"all_pixels",5762
"1813_a",4706,FALSE,"all_pixels",7.20642833946926,6.852504791214,3.57039673879584,129.35526691759,"squared_euclidean_pc1_pc3",380.777266496551,"all_pixels",4697,1,807.949314014727,4437.52356291,1919.46990783893,"all_pixels",4697
"1813_b",3288,FALSE,"all_pixels",5.9577041480266,5.33044639075985,3.73410069289628,98.8670119476583,"squared_euclidean_pc1_pc3",313.138138984064,"all_pixels",3274,1,1232.88688659973,6951.10096735679,2803.4293892396,"all_pixels",3274
"1813_c",7685,FALSE,"all_pixels",11.640000219744,10.9852561326977,5.88225215285068,340.171986224663,"squared_euclidean_pc1_pc3",1107.71291519758,"all_pixels",7648,1,1980.76065259202,16057.9881412196,4722.17262514174,"all_pixels",7648
"1813_d",6460,FALSE,"all_pixels",8.12669376510609,7.26542393406202,4.86757149272011,179.465472204902,"squared_euclidean_pc1_pc3",538.84517052545,"all_pixels",6353,1,839.305046350165,6480.07606168845,2299.34634786221,"all_pixels",6353
"1814_a",4818,FALSE,"all_pixels",7.80906313591661,7.1738261392027,4.40606589157104,160.781708699733,"squared_euclidean_pc1_pc3",466.660604972095,"all_pixels",4728,1,906.962256590612,5318.47980693327,2161.27593968427,"all_pixels",4728
"1814_b",8075,FALSE,"all_pixels",8.5884688243997,7.8287268266382,4.40920255817005,186.400912768315,"squared_euclidean_pc1_pc3",649.925378714494,"all_pixels",7929,1,1049.23915322564,5419.16546715929,2379.878747381,"all_pixels",7929
"1814_c",7016,FALSE,"all_pixels",7.09705930606847,6.53580532540073,3.42201544044932,124.153542798605,"squared_euclidean_pc1_pc3",435.620525588864,"all_pixels",6895,1,997.16099288541,6671.33117329593,2403.9715976368,"all_pixels",6895
"1814_d",7053,FALSE,"all_pixels",7.26105771837659,6.7311919540236,3.60642740281808,131.454867436443,"squared_euclidean_pc1_pc3",398.146608886476,"all_pixels",6866,1,632.023369046193,4603.08832350407,1722.96451237578,"all_pixels",6866
"1815_a",8119,FALSE,"all_pixels",7.96667714950679,7.35808503115918,4.30688370084818,164.029814691382,"squared_euclidean_pc1_pc3",480.724774459064,"all_pixels",7883,1,868.070406538903,6183.10129866854,2241.09043696596,"all_pixels",7883
"1815_b",7182,FALSE,"all_pixels",7.33782991816456,6.72679323326063,3.75399665964348,135.86855326526,"squared_euclidean_pc1_pc3",519.608252419006,"all_pixels",6973,1,895.37782500723,7138.50486467981,2352.40545768341,"all_pixels",6973
"1815_c",6580,FALSE,"all_pixels",8.71247471391746,7.7280114975451,5.06035925858001,203.02111957874,"squared_euclidean_pc1_pc3",598.765756546111,"all_pixels",6439,1,1333.76156469877,8593.11760383963,3133.82427115651,"all_pixels",6439
"1815_d",5577,FALSE,"all_pixels",9.13478688049895,8.19495536649931,5.13468793468787,219.60924816622,"squared_euclidean_pc1_pc3",508.986351270318,"all_pixels",5531,1,863.869089421561,5641.41979768576,2153.02537095873,"all_pixels",5531
"1816_a",6536,FALSE,"all_pixels",8.25083864967112,7.44506936297107,4.47990953380006,176.285714462643,"squared_euclidean_pc1_pc3",552.035103540476,"all_pixels",6511,1,835.120488950947,5992.56112614938,2138.72847667355,"all_pixels",6511
"1816_b",7663,FALSE,"all_pixels",9.91828771963491,9.32072699401131,4.99743719606633,246.687101463521,"squared_euclidean_pc1_pc3",697.891361981922,"all_pixels",7626,1,1384.95373589831,12042.2829781442,3417.84503673751,"all_pixels",7626
"1816_c",5193,FALSE,"all_pixels",7.13646217928592,6.69069141370302,3.7435569571557,129.881224905919,"squared_euclidean_pc1_pc3",486.502646090745,"all_pixels",5101,1,759.867550992308,6207.99353334738,2100.1607224601,"all_pixels",5101
"1816_d",5240,FALSE,"all_pixels",7.57618828132685,7.13932506166555,3.66532576989651,141.661356032278,"squared_euclidean_pc1_pc3",542.191154248545,"all_pixels",5183,1,1196.34104701288,8586.77910309779,2856.37880656304,"all_pixels",5183
"1817_a",3731,FALSE,"all_pixels",8.17327713017012,7.5611555929573,3.87769643388652,163.669917038443,"squared_euclidean_pc1_pc3",491.348448360868,"all_pixels",3686,1,1042.40039224753,6582.09818837212,2487.12919938371,"all_pixels",3686
"1817_b",5628,FALSE,"all_pixels",6.49986700080878,5.98642897792766,3.3433473275826,106.848512490843,"squared_euclidean_pc1_pc3",425.073875687115,"all_pixels",5490,1,707.964219178465,5122.71850959519,1850.76057180246,"all_pixels",5490
"1817_c",6321,FALSE,"all_pixels",7.01616878823648,6.60585260938839,3.5929754668095,124.268109710367,"squared_euclidean_pc1_pc3",486.817794930201,"all_pixels",6236,1,755.650678335421,4841.65571506091,1848.67061284614,"all_pixels",6236
"1817_d",7572,FALSE,"all_pixels",7.80066607604954,7.37949387529817,3.93291918648851,152.632403575253,"squared_euclidean_pc1_pc3",547.975424945284,"all_pixels",7471,1,880.21005768335,6077.37447572494,2194.15611034651,"all_pixels",7471
"1818_a",6236,FALSE,"all_pixels",7.51062854109242,6.93677415634336,4.09988206945021,146.431757165024,"squared_euclidean_pc1_pc3",527.317981312595,"all_pixels",6174,1,855.463511593122,5196.21619493859,2082.6937243333,"all_pixels",6174
"1818_b",4432,FALSE,"all_pixels",7.57850213665985,7.16147809823335,3.84928426159356,144.494681556795,"squared_euclidean_pc1_pc3",471.223884154902,"all_pixels",4381,1,776.976062474795,4378.11082251877,1864.70175119345,"all_pixels",4381
"1818_c",5525,FALSE,"all_pixels",7.68797106013306,7.20654811125882,4.01170032852283,150.391451306563,"squared_euclidean_pc1_pc3",413.961557493481,"all_pixels",5444,1,700.522423653994,5121.88714935525,1920.35282221104,"all_pixels",5444
"1818_d",6140,FALSE,"all_pixels",7.98347912712714,7.63164008273245,3.90175742015636,157.914341014533,"squared_euclidean_pc1_pc3",498.623857771665,"all_pixels",5983,1,782.371465911789,5219.03740211623,1956.89993248134,"all_pixels",5983
"1819_a",8004,FALSE,"all_pixels",7.33359666671856,6.42846399373175,4.05001231277471,140.364381006832,"squared_euclidean_pc1_pc3",523.038115241996,"all_pixels",7926,1,879.26890504623,5968.41055175103,2230.30460954332,"all_pixels",7926
"1819_b",7010,FALSE,"all_pixels",4.78749826577693,4.33993977379529,2.71887097999539,60.622689040185,"squared_euclidean_pc1_pc3",303.314331256865,"all_pixels",6820,1,606.022109421776,3782.30428548949,1573.60284131002,"all_pixels",6820
"1819_c",7436,FALSE,"all_pixels",5.94889023288955,5.19450930287098,4.06830365383979,103.876327633306,"squared_euclidean_pc1_pc3",429.842381415425,"all_pixels",7364,1,1195.47493691099,7293.29838589522,2920.27728524732,"all_pixels",7364
"1819_d",7423,FALSE,"all_pixels",8.97726826373098,7.89904833926367,5.3768590440223,218.996127847825,"squared_euclidean_pc1_pc3",553.889207869229,"all_pixels",7391,1,953.833311102963,6762.34856292146,2484.85224311563,"all_pixels",7391
"1820_a",7696,FALSE,"all_pixels",6.92025632565272,6.22281482702607,3.97940039831633,127.447034997894,"squared_euclidean_pc1_pc3",561.778007986508,"all_pixels",7639,1,1201.55511516411,7157.57858560918,2827.19087307052,"all_pixels",7639
"1820_b",8110,FALSE,"all_pixels",7.47916868926371,6.82211939765451,4.52581341114947,152.836851338506,"squared_euclidean_pc1_pc3",650.357901703392,"all_pixels",8051,1,1341.73113618532,8618.03439919477,3103.32643479502,"all_pixels",8051
"1820_c",8979,FALSE,"all_pixels",6.49010263376449,5.79403966610184,3.82854631736819,113.555133302427,"squared_euclidean_pc1_pc3",619.745464513948,"all_pixels",8915,1,1241.53646637925,8236.00733822955,2977.41586336824,"all_pixels",8915
"1820_d",8585,FALSE,"all_pixels",6.71288203443513,5.89136746002196,4.00725249057519,122.237974502524,"squared_euclidean_pc1_pc3",529.464419942794,"all_pixels",8527,1,1055.68025459056,5948.43781940193,2474.65361520524,"all_pixels",8527
"1821_a",9011,FALSE,"all_pixels",8.02515843965435,7.23314954732224,4.19351131516487,163.973507137286,"squared_euclidean_pc1_pc3",655.869941263097,"all_pixels",8844,1,1122.24975093404,8153.43888450246,2696.38534672934,"all_pixels",8844
"1821_b",9019,FALSE,"all_pixels",6.83126560655584,5.78164144790831,4.36042989543688,131.354861033078,"squared_euclidean_pc1_pc3",608.191223267276,"all_pixels",8922,1,1718.09909764828,12527.4607819211,4055.47075736036,"all_pixels",8922
"1821_c",9211,FALSE,"all_pixels",10.7778640873395,8.71453520028608,7.36234420390046,340.721163493236,"squared_euclidean_pc1_pc3",937.53734471264,"all_pixels",9103,1,2032.10607197097,19527.6210535575,5126.01749710497,"all_pixels",9103
"1821_d",9108,FALSE,"all_pixels",6.26287780605869,5.30403396917582,4.02602401785002,110.861456351998,"squared_euclidean_pc1_pc3",605.059878113768,"all_pixels",9078,1,1306.96337809039,9188.83436272371,3210.82166041924,"all_pixels",9078
"1822_a",NA,TRUE,"manual_excluded",NA,NA,NA,NA,"squared_euclidean_pc1_pc3",NA,"manual_excluded",NA,1,NA,NA,NA,"manual_excluded",NA
"1822_b",NA,TRUE,"manual_excluded",NA,NA,NA,NA,"squared_euclidean_pc1_pc3",NA,"manual_excluded",NA,1,NA,NA,NA,"manual_excluded",NA
"1822_c",NA,TRUE,"manual_excluded",NA,NA,NA,NA,"squared_euclidean_pc1_pc3",NA,"manual_excluded",NA,1,NA,NA,NA,"manual_excluded",NA
"1822_d",NA,TRUE,"manual_excluded",NA,NA,NA,NA,"squared_euclidean_pc1_pc3",NA,"manual_excluded",NA,1,NA,NA,NA,"manual_excluded",NA
"1823_b",NA,TRUE,"manual_excluded",NA,NA,NA,NA,"squared_euclidean_pc1_pc3",NA,"manual_excluded",NA,1,NA,NA,NA,"manual_excluded",NA
"19_a",6148,FALSE,"all_pixels",10.8389084091202,10.3309010262561,5.38636722584884,292.980336610361,"squared_euclidean_pc1_pc3",890.892682170422,"all_pixels",6062,1,1364.89959162998,12159.8478731804,3509.73692372487,"all_pixels",6062
"19_b",7843,FALSE,"all_pixels",7.4235732624587,7.04553902228118,3.74226210889127,138.224360132922,"squared_euclidean_pc1_pc3",491.521985850973,"all_pixels",7837,1,777.830935045571,5534.70449126136,1989.73740228714,"all_pixels",7837
"19_c",7445,FALSE,"all_pixels",8.01655769970214,7.47525792058099,4.25525324559672,164.739890821062,"squared_euclidean_pc1_pc3",556.785517287148,"all_pixels",7445,1,1462.89230376074,13601.2680860462,3668.25191130672,"all_pixels",7445
"19_d",7141,FALSE,"all_pixels",7.44977044962906,6.76461660621049,4.05004475299114,143.799290510856,"squared_euclidean_pc1_pc3",478.639592850633,"all_pixels",7140,1,1153.68984833662,10355.6165049157,2953.6466649372,"all_pixels",7140
"1900_a",7553,FALSE,"all_pixels",7.68387293074107,7.02195236496602,4.2071291919505,153.478991644626,"squared_euclidean_pc1_pc3",532.536512694895,"all_pixels",7463,1,879.743382374875,6494.290934666,2285.87882539636,"all_pixels",7463
"1900_b",6667,FALSE,"all_pixels",7.24646105049479,6.63417328604438,3.80194793540242,133.927675494078,"squared_euclidean_pc1_pc3",454.83113158563,"all_pixels",6563,1,768.671600106808,5258.24110493799,1975.36755246574,"all_pixels",6563
"1900_c",7339,FALSE,"all_pixels",7.08267981724939,6.36549897263001,4.02028448903681,132.649676930833,"squared_euclidean_pc1_pc3",545.763944378339,"all_pixels",7272,1,1079.73837102109,5614.00958358209,2423.9033978944,"all_pixels",7272
"1900_d",6916,FALSE,"all_pixels",6.79044215148607,6.0679580691728,3.73660557453839,120.140614006742,"squared_euclidean_pc1_pc3",410.877146837456,"all_pixels",6882,1,776.799005669999,4627.95840062208,1878.62763057395,"all_pixels",6882
"1901_a",8101,FALSE,"all_pixels",7.29075172089333,6.48119748133242,4.31268397680941,143.504015640269,"squared_euclidean_pc1_pc3",478.354524349078,"all_pixels",8024,1,778.938791709214,4370.43085596977,1879.42613021196,"all_pixels",8024
"1901_b",7065,FALSE,"all_pixels",7.47135062601526,7.03694780364067,3.93582676760684,142.619239839161,"squared_euclidean_pc1_pc3",468.871813128554,"all_pixels",7045,1,832.847603699676,4823.49588816949,1977.95935458381,"all_pixels",7045
"1901_c",5763,FALSE,"all_pixels",9.75635362458838,8.56299498907745,6.11555736513175,265.159976502903,"squared_euclidean_pc1_pc3",550.945643927904,"all_pixels",5728,1,2207.07460070564,14577.7487211446,4970.29352083708,"all_pixels",5728
"1901_d",7266,FALSE,"all_pixels",7.24555856110848,6.67034724146285,4.09125635463146,138.468387527658,"squared_euclidean_pc1_pc3",447.814994061211,"all_pixels",7255,1,812.646549424093,4467.66661562583,1936.46302845033,"all_pixels",7255
"1902_a",7162,FALSE,"all_pixels",6.68054970010483,6.15505585901427,3.59647593592077,115.125154887702,"squared_euclidean_pc1_pc3",498.297621426173,"all_pixels",7154,1,970.800609969085,6459.48595496873,2349.15009670754,"all_pixels",7154
"1902_b",7576,FALSE,"all_pixels",6.94400811637905,6.06501083538197,4.63023895929018,139.311063336261,"squared_euclidean_pc1_pc3",547.510738014547,"all_pixels",7573,1,1780.72007169242,15058.3951347556,4412.53603716541,"all_pixels",7573
"1902_c",7502,FALSE,"all_pixels",7.1069361892323,6.34600763015804,4.20788558519625,136.42496577033,"squared_euclidean_pc1_pc3",540.526108092702,"all_pixels",7479,1,1655.25689822138,12987.9766118707,4034.10967275352,"all_pixels",7479
"1902_d",7308,FALSE,"all_pixels",8.69657996321897,8.27469868340106,4.15198133062394,185.734186223529,"squared_euclidean_pc1_pc3",705.551780760247,"all_pixels",7226,1,1296.49843673354,9361.53588591188,3144.70549597465,"all_pixels",7226
"1903_a",5572,FALSE,"all_pixels",7.46048086147388,6.89388946388743,3.95586038663869,142.609595212868,"squared_euclidean_pc1_pc3",459.171029842474,"all_pixels",5557,1,821.15448011222,4501.83893053812,1946.30629941507,"all_pixels",5557
"1903_b",5700,FALSE,"all_pixels",6.18443393060124,5.62343565023044,3.34631381933651,98.8861493806008,"squared_euclidean_pc1_pc3",380.815722799272,"all_pixels",5700,1,669.554129014628,4309.2395892978,1726.25675868582,"all_pixels",5700
"1903_c",6843,FALSE,"all_pixels",9.91303296664148,9.15803198658014,5.48849888198143,256.774880935945,"squared_euclidean_pc1_pc3",608.705577627398,"all_pixels",6807,1,1449.79895817553,12792.2683979533,3708.82123437094,"all_pixels",6807
"1903_d",7149,FALSE,"all_pixels",8.03281425635368,7.28689148682373,4.43868797949081,168.450599906589,"squared_euclidean_pc1_pc3",658.634784485989,"all_pixels",7007,1,1143.24961462509,8913.5146770909,2787.27146500122,"all_pixels",7007
"1904_a",6567,FALSE,"all_pixels",6.65056107555243,6.18234089013413,3.54996645004068,113.660610774636,"squared_euclidean_pc1_pc3",519.036899447314,"all_pixels",6562,1,958.899710799728,5561.83799151887,2250.55803877687,"all_pixels",6562
"1904_b",6183,FALSE,"all_pixels",6.43381182286226,5.87730622955367,3.48539093665549,107.079839638755,"squared_euclidean_pc1_pc3",486.03962432357,"all_pixels",6183,1,834.842774413436,6634.74970610047,2240.0645455392,"all_pixels",6183
"1904_c",5780,FALSE,"all_pixels",5.7223754511184,5.31500109586522,3.06070221997759,84.2237162786518,"squared_euclidean_pc1_pc3",285.340678677118,"all_pixels",5780,1,720.575962515611,4313.24948216997,1816.09351681925,"all_pixels",5780
"1904_d",5102,FALSE,"all_pixels",6.29884471886847,5.81757898264894,3.16866306626312,99.4278049615014,"squared_euclidean_pc1_pc3",405.156973282336,"all_pixels",5101,1,594.586369211619,3791.62377282474,1535.91475036477,"all_pixels",5101
"1905_a",7468,FALSE,"all_pixels",5.93000626511724,5.53662124802843,3.05543537353428,88.998819068813,"squared_euclidean_pc1_pc3",464.943599706337,"all_pixels",7468,1,703.901490771485,4457.62600477459,1779.0442056843,"all_pixels",7468
"1905_b",5323,FALSE,"all_pixels",7.18786578274348,6.40531821380362,4.5027128214328,143.872056858296,"squared_euclidean_pc1_pc3",495.713274396614,"all_pixels",5323,1,973.631303032814,5511.0836369776,2253.14936193697,"all_pixels",5323
"1905_c",6688,FALSE,"all_pixels",7.62328147950509,7.0425540166472,4.07373001772134,149.414430843868,"squared_euclidean_pc1_pc3",428.844135484973,"all_pixels",6688,1,581.738919689542,3132.2835595962,1471.68423663192,"all_pixels",6688
"1905_d",6208,FALSE,"all_pixels",8.63024932989047,8.29916946408061,4.15567794761577,183.496161721882,"squared_euclidean_pc1_pc3",562.646475287375,"all_pixels",6208,1,1123.60086696981,6701.45705937056,2607.43098066609,"all_pixels",6208
"1906_a",6882,FALSE,"all_pixels",8.07005263299346,7.55890482359944,4.01228022939031,162.443605871581,"squared_euclidean_pc1_pc3",554.119574808367,"all_pixels",6868,1,884.067400127621,6855.89871018337,2262.57472300151,"all_pixels",6868
"1906_b",7169,FALSE,"all_pixels",6.72958296535232,6.32721610924059,3.3573613444243,113.115179553428,"squared_euclidean_pc1_pc3",389.196727647695,"all_pixels",7169,1,548.467494433538,3193.85856464136,1389.50039553499,"all_pixels",7169
"1906_c",5489,FALSE,"all_pixels",7.74549189255614,7.12986492519368,3.73515328941211,147.882946113844,"squared_euclidean_pc1_pc3",485.310856854207,"all_pixels",5477,1,1278.72223425238,10135.2706754938,3080.32230316889,"all_pixels",5477
"1906_d",7254,FALSE,"all_pixels",7.55736097037256,6.95371085147342,3.76537870198841,142.579654174915,"squared_euclidean_pc1_pc3",450.239477865208,"all_pixels",7228,1,736.291352764243,5920.51019039065,1985.02990934011,"all_pixels",7228
"1907_a",5196,FALSE,"all_pixels",6.56630587756003,6.00854292837667,3.34364370181111,108.588348872454,"squared_euclidean_pc1_pc3",384.471496282401,"all_pixels",5162,1,571.839050272551,3596.31011580365,1523.41398278492,"all_pixels",5162
"1907_b",6202,FALSE,"all_pixels",6.81361909513585,6.26734816331367,3.67556699405237,119.866039210432,"squared_euclidean_pc1_pc3",476.199730245556,"all_pixels",6150,1,1321.68546195163,7226.35916614437,2953.16445493137,"all_pixels",6150
"1907_c",7150,FALSE,"all_pixels",7.01530766177166,6.54216598061285,3.65226733017721,125.103465276126,"squared_euclidean_pc1_pc3",492.53475909323,"all_pixels",7126,1,928.318150361046,5456.15161712478,2239.69232064386,"all_pixels",7126
"1907_d",6896,FALSE,"all_pixels",7.61311298280029,7.11114953725279,3.96354586449603,147.33381404141,"squared_euclidean_pc1_pc3",518.496007334596,"all_pixels",6720,1,828.421489097749,4558.50189538385,1999.84476049862,"all_pixels",6720
"1908_a",7214,FALSE,"all_pixels",7.43323646358447,6.98518555124178,3.70896056000179,138.01497171514,"squared_euclidean_pc1_pc3",519.486163433378,"all_pixels",7007,1,852.068430224614,5296.53161976534,2129.65173585161,"all_pixels",7007
"1908_b",5674,FALSE,"all_pixels",7.98420117412375,7.41366985086877,4.32157510634708,164.840376563115,"squared_euclidean_pc1_pc3",529.953257495167,"all_pixels",5531,1,1015.51422586767,6531.6337029818,2426.68153852347,"all_pixels",5531
"1908_c",6508,FALSE,"all_pixels",7.4999425416128,6.90765439167052,4.00373220569538,144.553093199676,"squared_euclidean_pc1_pc3",481.317720417786,"all_pixels",6359,1,626.419723520248,3106.10113420957,1540.11933886143,"all_pixels",6359
"1908_d",7156,FALSE,"all_pixels",7.76363941894549,7.0519304199412,4.21576526594327,156.088580400044,"squared_euclidean_pc1_pc3",604.500936923459,"all_pixels",7131,1,856.183977770074,5976.63918975703,2161.14386716991,"all_pixels",7131
"1909_a",5560,FALSE,"all_pixels",6.21711919523154,5.53012800097337,3.71302928171067,104.873355865357,"squared_euclidean_pc1_pc3",410.540441869629,"all_pixels",5427,1,625.561328955478,3715.77292825083,1585.39006272226,"all_pixels",5427
"1909_b",6721,FALSE,"all_pixels",7.72485709826093,7.12339868820047,4.29672408070303,156.265016251427,"squared_euclidean_pc1_pc3",547.177754689014,"all_pixels",6693,1,795.823443820253,4823.46403497233,1927.30350296046,"all_pixels",6693
"1909_c",6733,FALSE,"all_pixels",7.2027122421893,6.68698836158138,3.52618298536253,128.622366739884,"squared_euclidean_pc1_pc3",421.328363408132,"all_pixels",6562,1,674.163718191644,5173.63171013757,1876.62003409537,"all_pixels",6562
"1909_d",4380,FALSE,"all_pixels",7.4978400790457,6.95598959224148,3.63445571945665,138.847716825875,"squared_euclidean_pc1_pc3",431.709056146349,"all_pixels",4300,1,737.540644552604,5045.57455107242,1911.00621122412,"all_pixels",4300
"1910_a",5748,FALSE,"all_pixels",6.47505433868821,6.00761404087585,3.47525798653774,108.003291221179,"squared_euclidean_pc1_pc3",369.669656728641,"all_pixels",5723,1,721.126902786128,3903.69555021583,1761.44749045577,"all_pixels",5723
"1910_b",6186,FALSE,"all_pixels",6.77230022000062,6.26658947402804,3.88426464056987,121.898246181579,"squared_euclidean_pc1_pc3",442.556696147696,"all_pixels",6083,1,1092.694438775,5821.52377550415,2500.62295726017,"all_pixels",6083
"1910_c",7265,FALSE,"all_pixels",6.16178062273496,5.48581565999362,3.5107715195699,100.582721088396,"squared_euclidean_pc1_pc3",354.485049305259,"all_pixels",7216,1,836.341717632505,5016.35567436972,2019.91822904505,"all_pixels",7216
"1910_d",6721,FALSE,"all_pixels",6.52206976118001,5.91626174789276,3.69462789124176,112.37127647142,"squared_euclidean_pc1_pc3",365.995777185809,"all_pixels",6594,1,549.8773658841,2659.21995534059,1341.68806085534,"all_pixels",6594
"1911_a",5986,FALSE,"all_pixels",5.75423975606691,5.1791291343322,3.30359282229615,88.0463549948374,"squared_euclidean_pc1_pc3",278.381326801684,"all_pixels",5939,1,458.690872161485,2144.13796299831,1112.94337803816,"all_pixels",5939
"1911_b",4454,FALSE,"all_pixels",5.76389353343165,5.25558316816194,3.23548704548355,87.3769895094899,"squared_euclidean_pc1_pc3",260.482623113022,"all_pixels",4347,1,460.547437265338,2115.88805030785,1149.35999229354,"all_pixels",4347
"1911_c",7596,FALSE,"all_pixels",6.26368660139177,5.46548926584182,3.73289135852951,106.332826571212,"squared_euclidean_pc1_pc3",406.571935892117,"all_pixels",7545,1,970.543024738292,5025.47081612859,2195.72833939757,"all_pixels",7545
"1911_d",6325,FALSE,"all_pixels",7.23647549669349,6.72076327374928,3.77866964218429,133.285328866554,"squared_euclidean_pc1_pc3",NA,"fallback_sampled_pixels_alpha_failed",5000,1,797.782495534028,4863.69233730047,1950.7744012656,"all_pixels",6282
"1912_a",6671,FALSE,"all_pixels",7.717724026655,7.14912031321456,3.88446966370522,149.300213648802,"squared_euclidean_pc1_pc3",523.955429663414,"all_pixels",6581,1,830.199232379065,5147.52193684966,2031.4364877451,"all_pixels",6581
"1912_b",4568,FALSE,"all_pixels",7.05706636056183,6.61194706906245,3.44573981018451,123.345418523693,"squared_euclidean_pc1_pc3",411.510031110342,"all_pixels",4548,1,597.025212755118,3774.39994379314,1552.75490999872,"all_pixels",4548
"1912_c",5467,FALSE,"all_pixels",7.25286008412212,6.74403395126954,3.70824815532244,132.705136977504,"squared_euclidean_pc1_pc3",435.783662396234,"all_pixels",5457,1,775.564294681879,4258.98273419668,1840.36174413254,"all_pixels",5457
"1912_d",3154,FALSE,"all_pixels",7.02341995437604,6.49482474658679,3.68684790602337,125.833931241312,"squared_euclidean_pc1_pc3",373.975170891828,"all_pixels",3131,1,1057.64778923784,6515.82725167222,2540.41520886652,"all_pixels",3131
"1913_a",3052,FALSE,"all_pixels",8.06348688924959,7.49612487108296,3.97136090351234,161.572721152126,"squared_euclidean_pc1_pc3",466.623907272675,"all_pixels",3018,1,888.043300612451,5760.54762452686,2194.92076748687,"all_pixels",3018
"1913_b",5998,FALSE,"all_pixels",6.3451392026248,5.8315867179873,3.34147340700846,102.848749005,"squared_euclidean_pc1_pc3",381.337820331248,"all_pixels",5856,1,668.878961042774,3977.37235242013,1675.00849432754,"all_pixels",5856
"1913_c",6483,FALSE,"all_pixels",7.36610046783112,7.05268170031199,3.28969412506068,130.159708472488,"squared_euclidean_pc1_pc3",483.101586746964,"all_pixels",6396,1,805.025827844097,5645.04235266771,2030.9597142561,"all_pixels",6396
"1913_d",5396,FALSE,"all_pixels",7.8118523600833,7.21291832052554,4.05829588433042,154.983501126078,"squared_euclidean_pc1_pc3",486.519509582616,"all_pixels",5284,1,679.305111966525,3640.12691535348,1609.35003002668,"all_pixels",5284
"1914_a",6009,FALSE,"all_pixels",6.99549150908875,6.39544841782358,3.76859798297846,126.273737402362,"squared_euclidean_pc1_pc3",424.187837286563,"all_pixels",5803,1,655.268545612012,3654.97163913513,1603.43700327265,"all_pixels",5803
"1914_b",5067,FALSE,"all_pixels",6.22174571311568,5.77101213187471,3.20909682167217,98.0127794071313,"squared_euclidean_pc1_pc3",NA,"fallback_sampled_pixels_alpha_failed",4952,1,480.439812357885,2894.43857062091,1282.57192251331,"all_pixels",4952
"1914_c",6599,FALSE,"all_pixels",7.94988215976246,7.39491129541194,4.18938277309032,161.497789478165,"squared_euclidean_pc1_pc3",409.192386283979,"all_pixels",6384,1,663.070266425296,5416.74561448074,1865.55441064826,"all_pixels",6384
"1914_d",4874,FALSE,"all_pixels",6.36438736016383,5.67750952239283,3.57103768582006,106.510240457141,"squared_euclidean_pc1_pc3",348.898983073972,"all_pixels",4813,1,540.901936029302,3336.05757841854,1452.26489837184,"all_pixels",4813
"1915_a",6227,FALSE,"all_pixels",7.27922257848785,6.85922406983282,3.69872167863412,133.330852863162,"squared_euclidean_pc1_pc3",375.925338921292,"all_pixels",6207,1,633.434545759158,4274.41955009964,1646.32114859645,"all_pixels",6207
"1915_b",6145,FALSE,"all_pixels",8.0845265195614,7.51598844466465,3.87246201076079,160.706181436885,"squared_euclidean_pc1_pc3",478.834111708271,"all_pixels",6076,1,1021.68318199619,8764.80666129843,2741.1548653147,"all_pixels",6076
"1915_c",6915,FALSE,"all_pixels",7.57633031606133,7.1736359014128,3.31834339024252,136.821183039751,"squared_euclidean_pc1_pc3",460.651323077538,"all_pixels",6886,1,684.027646075098,4477.53756552234,1708.22457370106,"all_pixels",6886
"1915_d",4988,FALSE,"all_pixels",7.0515238481818,6.39823158334349,3.49708350800166,123.902259680949,"squared_euclidean_pc1_pc3",374.886822530133,"all_pixels",4983,1,596.279147676391,4090.26657061965,1631.93342884356,"all_pixels",4983
"1916_a",6341,FALSE,"all_pixels",7.1151825893118,6.70650528540466,3.66423096912417,128.100588899719,"squared_euclidean_pc1_pc3",404.461662852141,"all_pixels",6216,1,894.830842360777,5873.90728427864,2193.67195290657,"all_pixels",6216
"1916_b",7739,FALSE,"all_pixels",6.69212222319422,6.15976218918322,3.41479383796838,112.887620091653,"squared_euclidean_pc1_pc3",409.899932322157,"all_pixels",7710,1,586.318836169018,3768.40812250578,1568.62713337814,"all_pixels",7710
"1916_c",6361,FALSE,"all_pixels",6.75043614478424,6.45084163078971,3.42477031035189,114.591191845766,"squared_euclidean_pc1_pc3",472.449708555959,"all_pixels",6284,1,835.510113381597,5426.2703624566,2044.3267628771,"all_pixels",6284
"1916_d",4187,FALSE,"all_pixels",5.87008608515233,5.366653109477,3.10079140875968,88.1410432725263,"squared_euclidean_pc1_pc3",348.468279982867,"all_pixels",4090,1,631.66823970081,3321.86736970304,1493.54737644212,"all_pixels",4090
"1917_a",7211,FALSE,"all_pixels",7.72677262725688,7.24136856931155,3.96229253138445,150.801200282698,"squared_euclidean_pc1_pc3",568.856854588494,"all_pixels",7147,1,888.498389045754,5868.51421131414,2189.97878710532,"all_pixels",7147
"1917_b",6572,FALSE,"all_pixels",6.95198184828817,6.43766346152858,3.62828916678457,122.985061560274,"squared_euclidean_pc1_pc3",471.268600063821,"all_pixels",6317,1,804.545811943453,4403.16000659941,1922.65186944315,"all_pixels",6317
"1917_c",5452,FALSE,"all_pixels",7.15535484541702,6.73219348574004,3.73751035323698,130.33104885674,"squared_euclidean_pc1_pc3",520.805719376353,"all_pixels",5394,1,834.925260821282,4166.93259858034,1918.44968545902,"all_pixels",5394
"1917_d",4597,FALSE,"all_pixels",8.1282553023008,7.41783040980474,4.46933478433299,172.078284917634,"squared_euclidean_pc1_pc3",553.238151140775,"all_pixels",4523,1,1587.24257289847,10469.3396861599,3662.76848482201,"all_pixels",4523
"1918_a",5379,FALSE,"all_pixels",8.02655036878122,7.63848162367836,3.55866845360182,154.174555243524,"squared_euclidean_pc1_pc3",525.416742185513,"all_pixels",5297,1,948.219400689218,7526.21169971836,2498.34468084647,"all_pixels",5297
"1918_b",7611,FALSE,"all_pixels",7.45858997759675,7.07526843670952,3.80571966244468,140.224327266712,"squared_euclidean_pc1_pc3",573.148920926292,"all_pixels",7387,1,829.616938152753,5439.25193416087,2020.95099945811,"all_pixels",7387
"1918_c",6554,FALSE,"all_pixels",7.53234729107007,7.31505216992417,3.56061506115261,138.824601877793,"squared_euclidean_pc1_pc3",424.117095085129,"all_pixels",6387,1,579.40834030509,3040.59262607906,1410.85999863265,"all_pixels",6387
"1918_d",5980,FALSE,"all_pixels",6.46817318875284,5.73303931569896,4.02741681382025,116.109276405896,"squared_euclidean_pc1_pc3",479.154055074319,"all_pixels",5859,1,843.561831552337,5751.09852918397,2113.99285462264,"all_pixels",5859
"1919_a",4967,FALSE,"all_pixels",5.21877145398845,4.70146741047683,3.00997965223657,72.5874579234327,"squared_euclidean_pc1_pc3",293.886376867589,"all_pixels",4922,1,470.780664348616,2483.09933996029,1198.00856870301,"all_pixels",4922
"1919_b",6255,FALSE,"all_pixels",4.87412329708082,4.37052942924088,2.94763827983154,64.8885205673875,"squared_euclidean_pc1_pc3",291.969912579818,"all_pixels",6223,1,647.500217210156,3478.08597117135,1635.48064661105,"all_pixels",6223
"1919_c",6857,FALSE,"all_pixels",5.69350217686715,5.13800131937221,3.27611088551962,86.2946086492976,"squared_euclidean_pc1_pc3",398.063417767489,"all_pixels",6809,1,833.615773885195,4668.58767709259,1977.36153486306,"all_pixels",6809
"1919_d",6276,FALSE,"all_pixels",6.83336797593086,6.13629511569941,3.66685517639602,120.277204718609,"squared_euclidean_pc1_pc3",513.148047708428,"all_pixels",6268,1,915.273464242474,5128.13164590009,2148.6425241992,"all_pixels",6268
"1920_a",5917,FALSE,"all_pixels",7.06078022239505,6.56664391496736,4.13605970577385,133.917432158677,"squared_euclidean_pc1_pc3",440.062594943076,"all_pixels",5838,1,1228.5286293269,8224.39013231828,3032.26803384254,"all_pixels",5838
"1920_b",7317,FALSE,"all_pixels",7.07696332471163,6.38497677170642,4.2647192137681,136.537508353286,"squared_euclidean_pc1_pc3",544.89839461962,"all_pixels",7291,1,1332.85989282904,6605.86853908011,3006.84241968749,"all_pixels",7291
"1920_c",7416,FALSE,"all_pixels",7.7262085313763,7.20167957680564,3.89225773336317,149.683851394883,"squared_euclidean_pc1_pc3",510.606931725655,"all_pixels",7315,1,776.791001863959,5516.3700716136,2016.43225388429,"all_pixels",7315
"1920_d",7278,FALSE,"all_pixels",7.00257922635972,6.22821597988691,4.0924105892087,131.563278189184,"squared_euclidean_pc1_pc3",399.230361822052,"all_pixels",7266,1,1171.71245048836,7587.7838637486,2884.41539943069,"all_pixels",7266
"1921_a",NA,TRUE,"manual_excluded",NA,NA,NA,NA,"squared_euclidean_pc1_pc3",NA,"manual_excluded",NA,1,NA,NA,NA,"manual_excluded",NA
"1921_b",NA,TRUE,"manual_excluded",NA,NA,NA,NA,"squared_euclidean_pc1_pc3",NA,"manual_excluded",NA,1,NA,NA,NA,"manual_excluded",NA
"1921_c",NA,TRUE,"manual_excluded",NA,NA,NA,NA,"squared_euclidean_pc1_pc3",NA,"manual_excluded",NA,1,NA,NA,NA,"manual_excluded",NA
"1921_d",NA,TRUE,"manual_excluded",NA,NA,NA,NA,"squared_euclidean_pc1_pc3",NA,"manual_excluded",NA,1,NA,NA,NA,"manual_excluded",NA
"1922_b",NA,TRUE,"manual_excluded",NA,NA,NA,NA,"squared_euclidean_pc1_pc3",NA,"manual_excluded",NA,1,NA,NA,NA,"manual_excluded",NA
"2_a",8273,FALSE,"all_pixels",7.81848719768599,7.15493509631918,4.35889402148945,160.252805057118,"squared_euclidean_pc1_pc3",578.254826111118,"all_pixels",8273,1,959.614841703775,6797.44266110032,2428.20357926476,"all_pixels",8273
"2_b",7786,FALSE,"all_pixels",7.31224831739195,6.77001280198988,3.72143741267647,134.632586307835,"squared_euclidean_pc1_pc3",434.218735283832,"all_pixels",7784,1,720.030064729294,4733.68831986252,1844.74525894337,"all_pixels",7784
"2_c",6135,FALSE,"all_pixels",7.98498533726723,7.47445065623217,4.17189491907243,162.323722198127,"squared_euclidean_pc1_pc3",501.517146161932,"all_pixels",6132,1,848.872011967555,6241.93121505839,2222.63852361102,"all_pixels",6132
"2_d",5100,FALSE,"all_pixels",8.4607692169283,7.68316956602674,4.97649676986962,192.690559716622,"squared_euclidean_pc1_pc3",557.407596217922,"all_pixels",5096,1,1094.3451825819,6448.3728323291,2539.57769595123,"all_pixels",5096
"20_a",8494,FALSE,"all_pixels",7.27080066740899,6.53052131678735,4.11318371681548,139.561661683168,"squared_euclidean_pc1_pc3",555.665549279486,"all_pixels",8487,1,1162.03382623955,8476.93740861495,2814.86800935934,"all_pixels",8487
"20_b",7734,FALSE,"all_pixels",6.75020566229808,6.06335933853224,3.63687517349284,117.580854576724,"squared_euclidean_pc1_pc3",409.563771639722,"all_pixels",7734,1,1068.4747383217,6729.00520407084,2511.42157542938,"all_pixels",7734
"20_c",7443,FALSE,"all_pixels",8.06003018907789,7.38176730556988,4.14301181693981,164.252654862569,"squared_euclidean_pc1_pc3",468.639994124066,"all_pixels",7435,1,878.369715194204,5579.79207251201,2148.4458020295,"all_pixels",7435
"20_d",7563,FALSE,"all_pixels",7.84323320482757,7.3606735241267,4.0217114543013,155.376663072124,"squared_euclidean_pc1_pc3",521.528019295084,"all_pixels",7540,1,880.944803620141,5300.16857974441,2094.99393861337,"all_pixels",7540
"200_a",5888,FALSE,"all_pixels",8.63379056619251,8.0744067566135,4.33082633147379,186.590421565346,"squared_euclidean_pc1_pc3",531.514987604789,"all_pixels",5883,1,938.111600225625,9171.29145739611,2690.28334691912,"all_pixels",5883
"200_b",6570,FALSE,"all_pixels",8.8473831081798,8.13684554084482,4.98205759880629,206.186615732563,"squared_euclidean_pc1_pc3",488.463101707834,"all_pixels",6570,1,719.02721476316,5243.29507336301,2018.36355358369,"all_pixels",6570
"200_c",8465,FALSE,"all_pixels",8.39833719515917,7.80986516223441,4.34491069031733,178.816172793967,"squared_euclidean_pc1_pc3",539.605006151852,"all_pixels",8465,1,812.795876860142,6689.25445623227,2276.66949154719,"all_pixels",8465
"200_d",7096,FALSE,"all_pixels",7.81630977771618,7.15617351463323,4.17272636710607,157.007780298338,"squared_euclidean_pc1_pc3",498.62888824623,"all_pixels",7092,1,793.761968814805,5476.62583742025,2014.39828462573,"all_pixels",7092
"201_a",8762,FALSE,"all_pixels",7.22578881927479,6.3932373334895,4.13217267177597,138.569852622287,"squared_euclidean_pc1_pc3",508.036044055849,"all_pixels",8727,1,772.49794668271,4820.08337332924,1898.38904341397,"all_pixels",8727
"201_b",8570,FALSE,"all_pixels",8.46400359024996,7.78734372728473,4.57865181376979,185.201925987365,"squared_euclidean_pc1_pc3",633.457230559947,"all_pixels",8536,1,1214.73806776295,8722.31779921418,2927.48521946075,"all_pixels",8536
"201_c",5458,FALSE,"all_pixels",8.46763097796758,7.46122070326666,5.26072445967907,198.741851280796,"squared_euclidean_pc1_pc3",567.746951417855,"all_pixels",5449,1,1171.76290216742,7754.50307925566,2850.8267221652,"all_pixels",5449
"201_d",7408,FALSE,"all_pixels",8.80760260898982,8.1835736245462,4.78399430515723,200.914751571225,"squared_euclidean_pc1_pc3",607.276541054309,"all_pixels",7359,1,977.344688463059,6536.17131388107,2398.45832288303,"all_pixels",7359
"202_a",6161,FALSE,"all_pixels",6.85689540731168,6.38622881668879,3.28453660570955,115.606888594561,"squared_euclidean_pc1_pc3",NA,"fallback_sampled_pixels_alpha_failed",5000,1,723.833010411417,7241.92108063082,2205.03648897491,"all_pixels",6115
"202_b",4835,FALSE,"all_pixels",7.99993110218806,7.48242952971416,4.02026868449132,160.316230219927,"squared_euclidean_pc1_pc3",516.726811957365,"all_pixels",4824,1,923.629376903746,6574.82184135856,2308.57181948343,"all_pixels",4824
"202_c",6198,FALSE,"all_pixels",8.14973643828189,7.76693497795824,4.13817205772115,167.079818181081,"squared_euclidean_pc1_pc3",552.610496132817,"all_pixels",6130,1,746.269423949889,5124.14869756804,1931.75484576969,"all_pixels",6130
"202_d",5463,FALSE,"all_pixels",8.1373214802428,7.40751870023639,4.33744750952667,170.052015951875,"squared_euclidean_pc1_pc3",516.879882465193,"all_pixels",5381,1,1000.24330242657,9321.14772498091,2763.26642137135,"all_pixels",5381
"203_a",7514,FALSE,"all_pixels",10.0065556260097,9.4158811068285,5.12203532717969,252.725819748024,"squared_euclidean_pc1_pc3",712.853540795918,"all_pixels",7489,1,1212.75101848875,10292.5894969298,3138.37760765499,"all_pixels",7489
"203_b",8010,FALSE,"all_pixels",9.04636958935539,8.22495263337009,4.92652786589631,212.208899027248,"squared_euclidean_pc1_pc3",612.912770450582,"all_pixels",7905,1,1448.95711706369,13445.8444582332,3785.37922606687,"all_pixels",7905
"203_c",7998,FALSE,"all_pixels",8.40068895972137,7.47660045312391,4.85209145957617,188.222845890478,"squared_euclidean_pc1_pc3",673.976603010089,"all_pixels",7992,1,1160.58589513778,10844.1855622378,3078.5185986781,"all_pixels",7992
"203_d",8148,FALSE,"all_pixels",7.99062846897528,7.35829140433284,4.29969235233203,164.670457420142,"squared_euclidean_pc1_pc3",603.683727912639,"all_pixels",8148,1,1167.80402361075,8831.85230290973,2837.40676558961,"all_pixels",8148
"204_a",7381,FALSE,"all_pixels",7.53632328730938,7.02816969817381,4.16962188668908,148.359119791471,"squared_euclidean_pc1_pc3",477.205680381123,"all_pixels",7381,1,903.209478944104,6119.20513449285,2346.38246768381,"all_pixels",7381
"204_b",6305,FALSE,"all_pixels",9.09414223436464,8.41266599695854,4.97523248553368,214.904870683905,"squared_euclidean_pc1_pc3",649.189744612864,"all_pixels",6305,1,1271.17777443931,9097.02218664151,3097.22156148598,"all_pixels",6305
"204_c",7163,FALSE,"all_pixels",8.94581046674466,8.04148902394671,5.2261690846303,214.673110325579,"squared_euclidean_pc1_pc3",626.774406469867,"all_pixels",7162,1,1114.15563766647,7870.02946850308,2886.11626786355,"all_pixels",7162
"204_d",7147,FALSE,"all_pixels",8.27519924187111,7.71569417311519,4.39306413085817,175.550469309848,"squared_euclidean_pc1_pc3",565.983676339956,"all_pixels",7134,1,909.343309291359,6420.51811000677,2254.21023222522,"all_pixels",7134
"205_a",6037,FALSE,"all_pixels",8.0916986923041,7.57798224459441,4.13317635777624,165.111809580904,"squared_euclidean_pc1_pc3",565.068843779293,"all_pixels",6032,1,1597.52968830504,11420.1372078283,3905.86988343226,"all_pixels",6032
"205_b",7898,FALSE,"all_pixels",9.67236203846408,8.56190374143821,5.28018995299536,242.862926567679,"squared_euclidean_pc1_pc3",739.768059512821,"all_pixels",7848,1,1251.17326096906,7575.3193842228,2944.52158206734,"all_pixels",7848
"205_c",7984,FALSE,"all_pixels",8.7272388814575,8.02306430692346,4.35374492276783,190.234838422847,"squared_euclidean_pc1_pc3",666.706500629465,"all_pixels",7983,1,990.210938389052,8559.90435613518,2679.56449148244,"all_pixels",7983
"205_d",7308,FALSE,"all_pixels",7.26828575561614,6.51377776682285,3.98353057383459,137.388644536561,"squared_euclidean_pc1_pc3",500.62132525729,"all_pixels",7281,1,890.843226115114,5092.34379801571,2098.24777346014,"all_pixels",7281
"206_a",6636,FALSE,"all_pixels",8.53119933879151,8.06113650625356,4.41298454152661,184.505720115218,"squared_euclidean_pc1_pc3",589.787966786219,"all_pixels",6626,1,1068.50918725885,8176.83736520873,2714.95377515662,"all_pixels",6626
"206_b",6716,FALSE,"all_pixels",10.0330318509684,9.28506533883718,5.57878017203198,263.559764409404,"squared_euclidean_pc1_pc3",735.417663482155,"all_pixels",6714,1,1479.54018151587,11963.1527343008,3572.10479008838,"all_pixels",6714
"206_c",4484,FALSE,"all_pixels",6.5093275235529,5.92741847268901,3.40936820643213,107.985088188238,"squared_euclidean_pc1_pc3",375.20179985782,"all_pixels",4465,1,980.576290742226,6585.60742596934,2430.31203689825,"all_pixels",4465
"206_d",5934,FALSE,"all_pixels",5.9167472560968,5.37918158429875,3.19160956393697,90.3851061796338,"squared_euclidean_pc1_pc3",364.401898683097,"all_pixels",5932,1,641.267521507024,4468.97327051206,1709.76525342958,"all_pixels",5932
"207_a",6996,FALSE,"all_pixels",6.31869685417663,5.83770918324698,3.40083019321463,102.979845516489,"squared_euclidean_pc1_pc3",458.700026299931,"all_pixels",6996,1,784.174212600275,5186.73414273632,1971.70781863704,"all_pixels",6996
"207_b",5962,FALSE,"all_pixels",6.74006201823718,6.29333994786117,3.44617484737669,114.605130238113,"squared_euclidean_pc1_pc3",426.455859139209,"all_pixels",5962,1,875.248854844028,4886.48711708771,2011.86803121304,"all_pixels",5962
"207_c",6902,FALSE,"all_pixels",6.50949332447987,6.05394661224819,3.31189413371799,106.681113793341,"squared_euclidean_pc1_pc3",438.007959738381,"all_pixels",6902,1,732.614430083705,4806.68995361604,1836.15310902278,"all_pixels",6902
"207_d",6955,FALSE,"all_pixels",6.82860493949687,6.17902182860487,3.9452176815371,124.384700106293,"squared_euclidean_pc1_pc3",535.945265038549,"all_pixels",6951,1,963.262086192803,6292.80083488745,2356.37703504147,"all_pixels",6951
"208_a",8864,FALSE,"all_pixels",8.58796844592692,8.13233532283098,4.38022942638962,185.874894648503,"squared_euclidean_pc1_pc3",598.062453230952,"all_pixels",8816,1,868.611354541297,6353.22768819605,2252.82632862724,"all_pixels",8816
"208_b",6765,FALSE,"all_pixels",6.95946861865616,6.3351342507263,3.82610175469784,126.142188302565,"squared_euclidean_pc1_pc3",451.616402449502,"all_pixels",6757,1,938.242525217939,5911.77884257214,2274.26711368367,"all_pixels",6757
"208_c",6805,FALSE,"all_pixels",7.94671250062102,7.39770553691656,4.10853782924706,160.055684241294,"squared_euclidean_pc1_pc3",496.334211272112,"all_pixels",6794,1,803.385216691438,5006.46921999454,1997.80922050772,"all_pixels",6794
"208_d",6816,FALSE,"all_pixels",8.57314545802408,7.50038231324939,5.04366802074364,197.867355921672,"squared_euclidean_pc1_pc3",634.736149073031,"all_pixels",6816,1,1101.53338014162,8541.79183365632,2729.68869470898,"all_pixels",6816
"209_a",8051,FALSE,"all_pixels",8.0752028685479,7.26935141728299,4.15765499152611,164.985698644972,"squared_euclidean_pc1_pc3",593.613900374556,"all_pixels",8051,1,989.222513932135,8627.92483023025,2618.28569097777,"all_pixels",8051
"209_b",8389,FALSE,"all_pixels",8.18284779911908,7.35967099723524,4.57109309094635,175.702798801604,"squared_euclidean_pc1_pc3",578.390989201243,"all_pixels",8389,1,1106.32629953299,9655.96754716487,3004.69181380246,"all_pixels",8389
"209_c",8032,FALSE,"all_pixels",7.40418884948314,6.31157560585362,4.54943692101217,151.033623905,"squared_euclidean_pc1_pc3",543.469424018367,"all_pixels",8032,1,1038.72177959524,5960.80903222956,2441.70003053787,"all_pixels",8032
"209_d",7819,FALSE,"all_pixels",7.63021378058723,6.91394025287315,4.14350669126282,150.773228555939,"squared_euclidean_pc1_pc3",578.161790829912,"all_pixels",7770,1,980.643008002926,5643.19810199748,2329.40163512986,"all_pixels",7770
"21_a",8105,FALSE,"all_pixels",8.03280759502233,7.12638277739782,4.45418543421592,168.726635795969,"squared_euclidean_pc1_pc3",499.39690168214,"all_pixels",8105,1,670.576091533583,4497.49582301754,1797.51892309827,"all_pixels",8105
"21_b",7677,FALSE,"all_pixels",8.70024833165218,7.95514221718819,5.03309542052777,202.046141623298,"squared_euclidean_pc1_pc3",560.483874931359,"all_pixels",7655,1,945.727114459436,5322.53434796684,2230.56847780593,"all_pixels",7655
"21_c",8007,FALSE,"all_pixels",8.06821854812602,7.39671996232978,4.49401561727386,170.579609187211,"squared_euclidean_pc1_pc3",574.351446575763,"all_pixels",8005,1,1049.36427056241,5584.69365154548,2394.13787012672,"all_pixels",8005
"21_d",8318,FALSE,"all_pixels",7.52099512435968,6.51657709420276,4.47114045344507,153.108122522539,"squared_euclidean_pc1_pc3",522.856416507061,"all_pixels",8318,1,746.579000996817,4866.65274966712,1907.50279549319,"all_pixels",8318
"210_a",7262,FALSE,"all_pixels",6.29788081633254,5.78852983801524,3.47686337530637,103.500434144673,"squared_euclidean_pc1_pc3",425.527053444545,"all_pixels",7210,1,884.991121225713,6569.83219331379,2301.88277479174,"all_pixels",7210
"210_b",7544,FALSE,"all_pixels",6.40822076005882,5.69759218712258,3.75724837974643,110.360674839062,"squared_euclidean_pc1_pc3",438.79068473504,"all_pixels",7543,1,883.855425098667,5532.93586690846,2128.28611729858,"all_pixels",7543
"210_c",8895,FALSE,"all_pixels",7.07817292710073,6.04162991422541,4.27486056583153,136.745820763978,"squared_euclidean_pc1_pc3",591.382245685008,"all_pixels",8835,1,1373.84959771585,9447.75138035148,3260.42134607939,"all_pixels",8835
"210_d",7892,FALSE,"all_pixels",6.72204528754631,6.03002295157884,3.78715282007592,119.053203960793,"squared_euclidean_pc1_pc3",543.044336162319,"all_pixels",7884,1,1245.37945960131,9881.45445418303,3141.76162592148,"all_pixels",7884
"211_a",8168,FALSE,"all_pixels",6.82645592700753,6.16847939004128,4.0833014947077,126.543620637008,"squared_euclidean_pc1_pc3",506.784199528876,"all_pixels",8141,1,1306.21676053395,8872.00632587067,3213.1562427423,"all_pixels",8141
"211_b",7953,FALSE,"all_pixels",6.82109524620624,5.99569474973347,4.12709006866826,127.116142202451,"squared_euclidean_pc1_pc3",465.168068418524,"all_pixels",7834,1,989.75441398246,6218.81968754267,2346.22348493354,"all_pixels",7834
"211_c",7125,FALSE,"all_pixels",8.09418511158396,7.3934844882589,4.33436212108758,168.599781776368,"squared_euclidean_pc1_pc3",538.632459593506,"all_pixels",7067,1,840.232355576932,4907.80608221011,2036.75352499322,"all_pixels",7067
"211_d",6830,FALSE,"all_pixels",6.17169554168622,5.64540573358749,3.39687138697744,99.2537433188612,"squared_euclidean_pc1_pc3",382.749969303128,"all_pixels",6828,1,553.467154150711,3218.50903829909,1443.72002757677,"all_pixels",6828
"212_a",6721,FALSE,"all_pixels",6.28622976003882,5.68952474702811,3.43236114663005,102.59206951481,"squared_euclidean_pc1_pc3",382.240613980985,"all_pixels",6663,1,619.355908874499,3107.95577676337,1492.52013220446,"all_pixels",6663
"212_b",7618,FALSE,"all_pixels",9.22385397430835,8.34504193025015,5.36623180122574,227.744291661703,"squared_euclidean_pc1_pc3",615.091655959946,"all_pixels",7616,1,1033.5505351003,6732.15341162621,2532.8498608929,"all_pixels",7616
"212_c",7347,FALSE,"all_pixels",6.18788315128442,5.55427153579878,3.56989931552697,102.064688813504,"squared_euclidean_pc1_pc3",387.121829548697,"all_pixels",7347,1,576.147319042885,2801.02392660206,1409.30043799988,"all_pixels",7347
"212_d",7159,FALSE,"all_pixels",6.99179823367399,6.3943446766094,3.77537934758004,126.27348153937,"squared_euclidean_pc1_pc3",417.719112873879,"all_pixels",7159,1,630.709944236844,3810.21718021559,1618.02168625008,"all_pixels",7159
"213_a",6741,FALSE,"all_pixels",6.83182642083196,6.10075770268855,3.87159295989917,123.321721399519,"squared_euclidean_pc1_pc3",447.969623678342,"all_pixels",6703,1,1300.89785965587,8621.8251093531,3046.19327149635,"all_pixels",6703
"213_b",6455,FALSE,"all_pixels",6.52429010414152,5.98797253255648,3.52761468465953,110.016997816795,"squared_euclidean_pc1_pc3",368.316440438447,"all_pixels",6455,1,742.178485432548,3316.41570629062,1666.75464540821,"all_pixels",6455
"213_c",8081,FALSE,"all_pixels",5.91354205235093,5.33359735829213,3.25523742502186,91.1304780074114,"squared_euclidean_pc1_pc3",347.344621021754,"all_pixels",8031,1,508.501862784666,2952.89831931493,1314.97276192793,"all_pixels",8031
"213_d",6922,FALSE,"all_pixels",6.71691371376864,6.04651014101164,3.8415198878188,119.74414589738,"squared_euclidean_pc1_pc3",428.549795887186,"all_pixels",6917,1,1214.84000005128,6821.07804473066,2736.74712945009,"all_pixels",6917
"214_a",7224,FALSE,"all_pixels",6.07720873179311,5.67593104543762,3.2905089419187,95.5168325006183,"squared_euclidean_pc1_pc3",340.100063990986,"all_pixels",7224,1,830.061420880392,4782.36093936147,2010.42540415712,"all_pixels",7224
"214_b",7796,FALSE,"all_pixels",5.28511802215154,4.72983411754859,3.00897854569856,73.9705260758281,"squared_euclidean_pc1_pc3",328.811235598749,"all_pixels",7789,1,655.77695349864,3233.78909608625,1532.03983399464,"all_pixels",7789
"214_c",8224,FALSE,"all_pixels",6.96798046839696,6.20150147077286,3.97274140673835,128.667013986551,"squared_euclidean_pc1_pc3",562.801318102727,"all_pixels",8120,1,870.105443854396,6205.37443721645,2198.08304532912,"all_pixels",8120
"214_d",7363,FALSE,"all_pixels",7.11908279093537,6.39566338047181,4.37170608099468,139.581116373886,"squared_euclidean_pc1_pc3",452.550782129465,"all_pixels",7330,1,1250.01015340236,7137.74272313438,2872.15666872506,"all_pixels",7330
"215_a",7368,FALSE,"all_pixels",6.60396558757532,5.93341518834741,3.76295933843139,115.540605318118,"squared_euclidean_pc1_pc3",503.123465519773,"all_pixels",7275,1,1024.55182055185,6181.76288594963,2377.28283235733,"all_pixels",7275
"215_b",8517,FALSE,"all_pixels",6.34139823130935,5.67099454643975,3.57559331276909,105.993395933018,"squared_euclidean_pc1_pc3",446.475038077943,"all_pixels",8420,1,1049.85975555833,5720.02236572263,2370.11013439657,"all_pixels",8420
"215_c",7072,FALSE,"all_pixels",8.22007818680055,7.36155828147585,4.66023227325563,178.568758573793,"squared_euclidean_pc1_pc3",584.109382593794,"all_pixels",7006,1,1089.91214429066,5784.32635151561,2441.94756351189,"all_pixels",7006
"215_d",6853,FALSE,"all_pixels",7.06476003777378,6.29367008787973,3.97293309602148,131.385457046241,"squared_euclidean_pc1_pc3",533.626576998328,"all_pixels",6784,1,823.146124967684,5552.66122213816,2084.51109797564,"all_pixels",6784
"216_a",8583,FALSE,"all_pixels",6.49131995832309,5.92234892495036,3.75839618209958,112.522261809668,"squared_euclidean_pc1_pc3",425.455878631888,"all_pixels",8583,1,1240.88488532325,6663.05266020202,2779.50063505441,"all_pixels",8583
"216_b",7773,FALSE,"all_pixels",6.93599706874549,6.11402077245192,4.20850932717181,131.634654990888,"squared_euclidean_pc1_pc3",529.417400067634,"all_pixels",7738,1,1277.31398860589,8077.72115751288,2984.9906925864,"all_pixels",7738
"216_c",8001,FALSE,"all_pixels",6.95033448226692,6.4440291381846,3.64115081398455,123.126943250585,"squared_euclidean_pc1_pc3",466.143890774455,"all_pixels",8001,1,727.365718591995,4913.84805735997,1855.70421634301,"all_pixels",8001
"216_d",7645,FALSE,"all_pixels",7.57168365446519,6.5310444900375,4.68641034256424,158.579924954227,"squared_euclidean_pc1_pc3",644.017261346286,"all_pixels",7645,1,1886.88017133416,15208.7302875437,4492.81257501465,"all_pixels",7645
"217_a",8638,FALSE,"all_pixels",7.78069961348438,7.24083430903677,4.03368574088444,153.616047043565,"squared_euclidean_pc1_pc3",667.67817895163,"all_pixels",8635,1,1417.37138427659,11392.7140466534,3396.41358955888,"all_pixels",8635
"217_b",7356,FALSE,"all_pixels",7.71642737292723,7.14443423231918,4.59182028334095,161.250397147845,"squared_euclidean_pc1_pc3",598.23587936998,"all_pixels",7355,1,1800.12200024167,14819.6370084229,4402.76706664742,"all_pixels",7355
"217_c",8733,FALSE,"all_pixels",7.88670244856437,6.93447792319866,4.68686146207918,168.328461026618,"squared_euclidean_pc1_pc3",628.768327717126,"all_pixels",8732,1,1987.98296564146,14343.182485016,4644.04671013523,"all_pixels",8732
"217_d",7850,FALSE,"all_pixels",7.7088412306812,6.81071303514032,4.31749445507571,156.129233741119,"squared_euclidean_pc1_pc3",548.603207246778,"all_pixels",7813,1,1005.92166728881,7647.86233108771,2544.36740227867,"all_pixels",7813
"218_a",8453,FALSE,"all_pixels",7.747893597663,6.86739438854493,4.77098950043703,165.579006403744,"squared_euclidean_pc1_pc3",530.028143414945,"all_pixels",8427,1,1669.26975931079,9202.74325773342,3780.98818605974,"all_pixels",8427
"218_b",8774,FALSE,"all_pixels",5.82414569532842,5.22581213938239,3.4578233878056,91.7517058748332,"squared_euclidean_pc1_pc3",384.877307946481,"all_pixels",8770,1,624.204096153841,3513.24310533447,1534.73685061283,"all_pixels",8770
"218_c",9101,FALSE,"all_pixels",6.50401621700789,5.56603126792921,4.13678698515248,118.826706336176,"squared_euclidean_pc1_pc3",501.072789059555,"all_pixels",9077,1,1027.72460670741,5121.77464598451,2314.2987098687,"all_pixels",9077
"218_d",8543,FALSE,"all_pixels",8.65405715187473,7.51209075642192,4.84427483738865,196.713913921828,"squared_euclidean_pc1_pc3",568.642400689913,"all_pixels",8543,1,982.175821701712,7279.18889958063,2495.93713832002,"all_pixels",8543
"219_a",7355,FALSE,"all_pixels",10.0950388648368,8.82691764132712,6.12760286514032,278.904443045111,"squared_euclidean_pc1_pc3",779.813470034542,"all_pixels",7311,1,2734.15883140991,23366.4802426809,6403.94487110641,"all_pixels",7311
"219_b",7555,FALSE,"all_pixels",8.92812455662098,8.07844375815528,4.81953252149931,205.872454636419,"squared_euclidean_pc1_pc3",703.025266056588,"all_pixels",7514,1,1402.83873824683,10665.5337486131,3345.52355865202,"all_pixels",7514
"219_c",7462,FALSE,"all_pixels",8.282148647403,7.41460259055144,4.64492398395952,180.332827351431,"squared_euclidean_pc1_pc3",634.066111798432,"all_pixels",7450,1,1360.55366622217,9314.76467152997,3263.56196752306,"all_pixels",7450
"219_d",7468,FALSE,"all_pixels",6.872263648941,5.79311100824436,4.26877455221952,130.896007538228,"squared_euclidean_pc1_pc3",484.20389566604,"all_pixels",7460,1,849.125566557262,5538.18158876348,2180.22610430969,"all_pixels",7460
"22_a",8182,FALSE,"all_pixels",8.98366584744512,7.59242757584919,5.54657535936323,222.933980507731,"squared_euclidean_pc1_pc3",598.983958244643,"fallback_sampled_pixels",5000,1,919.563970646274,7874.08363819157,2674.0369374115,"all_pixels",8165
"22_b",8094,FALSE,"all_pixels",7.07972088906137,6.49501490892075,3.93163967213011,131.156657189251,"squared_euclidean_pc1_pc3",501.090264787953,"all_pixels",8094,1,729.299003026386,4171.40825558852,1798.28994619759,"all_pixels",8094
"22_c",7136,FALSE,"all_pixels",8.79988873051834,7.7037825681156,5.13963239907507,207.700322196921,"squared_euclidean_pc1_pc3",772.976383960149,"all_pixels",7125,1,1774.6820103422,17618.1728748425,4446.14184013569,"all_pixels",7125
"22_d",7778,FALSE,"all_pixels",7.34642487683272,6.46558660309057,4.35198674449831,145.814624098256,"squared_euclidean_pc1_pc3",511.085354861604,"all_pixels",7770,1,1911.54888541962,15564.436777601,4624.12022801815,"all_pixels",7770
"220_a",7169,FALSE,"all_pixels",7.48632879107013,6.64030928329606,4.30035095120463,149.071114980474,"squared_euclidean_pc1_pc3",554.941957647791,"all_pixels",7162,1,859.744694610861,5413.36773889703,2163.24551720622,"all_pixels",7162
"220_b",8373,FALSE,"all_pixels",8.63334610583804,8.02159056570624,4.66395968546299,192.569173989191,"squared_euclidean_pc1_pc3",619.727565026253,"all_pixels",8373,1,921.459896979298,5570.46993782049,2254.37916243139,"all_pixels",8373
"220_c",5907,FALSE,"all_pixels",10.7591679702925,10.2898673583805,5.32911517210173,288.308712330763,"squared_euclidean_pc1_pc3",798.609532278864,"all_pixels",5891,1,1397.64128471997,11073.4232286001,3424.98883742703,"all_pixels",5891
"220_d",7562,FALSE,"all_pixels",9.42630724597285,8.77926336807391,5.18458115505308,231.463190898535,"squared_euclidean_pc1_pc3",696.242870503457,"all_pixels",7514,1,1116.09234780304,8872.10030402302,2835.11758082937,"all_pixels",7514
"221_a",7711,FALSE,"all_pixels",8.32848795046097,7.61553802847583,4.33869631437504,176.371112048759,"squared_euclidean_pc1_pc3",530.445236436692,"all_pixels",7645,1,842.208177567677,5605.60331553349,2125.23259194685,"all_pixels",7645
"221_b",9009,FALSE,"all_pixels",7.58491878170621,6.38967793749038,4.70392790335422,159.310949104982,"squared_euclidean_pc1_pc3",605.511684243229,"all_pixels",8954,1,941.902730516213,5663.7118652126,2262.97296211947,"all_pixels",8954
"221_c",7676,FALSE,"all_pixels",8.43844925935808,7.88408660731833,4.24192698838952,178.398052590254,"squared_euclidean_pc1_pc3",553.538422698693,"all_pixels",7635,1,916.075663764106,6709.11305324143,2325.02824985035,"all_pixels",7635
"221_d",7690,FALSE,"all_pixels",7.82419665706521,7.27004640217191,4.30396699251127,159.479552682511,"squared_euclidean_pc1_pc3",539.267123368884,"all_pixels",7648,1,841.485133311569,4991.4888531943,2036.27971675858,"all_pixels",7648
"222_a",7403,FALSE,"all_pixels",7.48173025287342,6.7715836972791,4.09087441226908,145.418560858886,"squared_euclidean_pc1_pc3",462.379902962165,"all_pixels",7347,1,1005.90074277956,8083.01267860394,2593.18204348055,"all_pixels",7347
"222_b",8370,FALSE,"all_pixels",6.58009151673125,5.88501604200415,3.71777779901893,114.235649545606,"squared_euclidean_pc1_pc3",393.447934522214,"all_pixels",8359,1,618.604287620033,4081.3396508565,1680.23614636059,"all_pixels",8359
"222_c",6127,FALSE,"all_pixels",8.33434711913859,7.64563703353865,4.5307561866818,179.971486299593,"squared_euclidean_pc1_pc3",471.693714765697,"all_pixels",6091,1,1845.70587416665,9962.88356438974,4094.48460496479,"all_pixels",6091
"222_d",7274,FALSE,"all_pixels",7.2935068992561,6.03806691926285,4.66421905093499,149.894382927653,"squared_euclidean_pc1_pc3",485.74639786381,"all_pixels",7194,1,762.862279585962,4571.47656183885,1913.76827528956,"all_pixels",7194
"223_a",7727,FALSE,"all_pixels",6.65316710501119,6.05696692614947,3.54873455978297,113.713039392445,"squared_euclidean_pc1_pc3",439.595125667247,"all_pixels",7724,1,769.953146586725,4641.69727623476,1854.39228616081,"all_pixels",7724
"223_b",7821,FALSE,"all_pixels",7.63708652590271,6.99907235309612,4.03464492201642,149.202737770737,"squared_euclidean_pc1_pc3",479.321790757509,"all_pixels",7765,1,852.500480611363,5120.00731798854,2081.81007924763,"all_pixels",7765
"223_c",8182,FALSE,"all_pixels",6.9481963804972,6.2388775181946,3.82257461121512,125.775447438933,"squared_euclidean_pc1_pc3",443.19894013826,"all_pixels",8063,1,686.886636003724,4303.79449062296,1744.08291487639,"all_pixels",8063
"223_d",7496,FALSE,"all_pixels",6.23025728656677,5.61512160010523,3.34175218139379,99.9638474595455,"squared_euclidean_pc1_pc3",386.091042197616,"all_pixels",7496,1,650.592717852107,3858.8395924228,1624.2305024917,"all_pixels",7496
"224_a",6634,FALSE,"all_pixels",8.10947598803686,7.38988459342231,4.28489167237829,168.242259677597,"squared_euclidean_pc1_pc3",602.881195260144,"all_pixels",6634,1,1088.79679420133,6830.30198092767,2554.37524298378,"all_pixels",6634
"224_b",7850,FALSE,"all_pixels",7.92865065874137,7.35562405497102,4.14028161323398,160.006498839318,"squared_euclidean_pc1_pc3",527.534520903603,"all_pixels",7850,1,972.61335741996,6514.77375051005,2355.0195059862,"all_pixels",7850
"224_c",7569,FALSE,"all_pixels",9.01936975236867,8.2003620405751,4.97402783381845,212.173429800125,"squared_euclidean_pc1_pc3",708.515291540074,"all_pixels",7569,1,1163.73574048787,7937.65838032134,2808.89039531869,"all_pixels",7569
"224_d",7825,FALSE,"all_pixels",9.21051028715348,8.29435795935388,4.82265203407014,216.177000253213,"squared_euclidean_pc1_pc3",627.369927056255,"all_pixels",7824,1,1520.68738994352,10859.4171103453,3507.06534786583,"all_pixels",7824
"23_a",7339,FALSE,"all_pixels",5.85065613735389,4.72215290424263,4.78604281221004,114.266523752305,"squared_euclidean_pc1_pc3",454.315963423879,"all_pixels",7294,1,2265.12753542305,16430.1312724607,5159.18389252683,"all_pixels",7294
"23_b",6661,FALSE,"all_pixels",8.82683470357058,8.23363742487639,4.5022625228014,196.360671133072,"squared_euclidean_pc1_pc3",703.715653527219,"all_pixels",6642,1,1158.01508140422,7124.18113305654,2693.19746408487,"all_pixels",6642
"23_c",6929,FALSE,"all_pixels",7.6358788388852,6.98849849531272,4.12814097942209,150.691468270783,"squared_euclidean_pc1_pc3",587.255737853127,"all_pixels",6898,1,934.139649920384,6000.78356934563,2276.96026651555,"all_pixels",6898
"23_d",6958,FALSE,"all_pixels",6.68480170839679,6.00307190198847,3.78270356555298,117.986727371558,"squared_euclidean_pc1_pc3",519.345289218998,"all_pixels",6956,1,923.860887979785,6093.26122732879,2278.38845783957,"all_pixels",6956
"24_a",NA,TRUE,"manual_excluded",NA,NA,NA,NA,"squared_euclidean_pc1_pc3",NA,"manual_excluded",NA,1,NA,NA,NA,"manual_excluded",NA
"24_b",NA,TRUE,"manual_excluded",NA,NA,NA,NA,"squared_euclidean_pc1_pc3",NA,"manual_excluded",NA,1,NA,NA,NA,"manual_excluded",NA
"24_c",NA,TRUE,"manual_excluded",NA,NA,NA,NA,"squared_euclidean_pc1_pc3",NA,"manual_excluded",NA,1,NA,NA,NA,"manual_excluded",NA
"24_d",NA,TRUE,"manual_excluded",NA,NA,NA,NA,"squared_euclidean_pc1_pc3",NA,"manual_excluded",NA,1,NA,NA,NA,"manual_excluded",NA
"3_a",7974,FALSE,"all_pixels",7.86676655006176,6.87667134286644,4.56906511702515,165.519507887217,"squared_euclidean_pc1_pc3",462.745204385812,"all_pixels",7972,1,895.009468225467,6205.96061897561,2261.13762384639,"all_pixels",7972
"3_b",7302,FALSE,"all_pixels",8.35758265825245,7.57379643395384,4.64285786221377,182.804729865263,"squared_euclidean_pc1_pc3",593.269093286488,"all_pixels",7302,1,1193.17147221136,8704.76394167335,2927.89119856324,"all_pixels",7302
"3_c",7704,FALSE,"all_pixels",7.89466063771064,7.30591916967065,4.05380100559813,157.513672181123,"squared_euclidean_pc1_pc3",559.937141181026,"all_pixels",7702,1,1047.18428685363,7674.50111705832,2581.0809989351,"all_pixels",7702
"3_d",7647,FALSE,"all_pixels",8.35149499901753,7.81930543139025,4.12759298775929,173.56452931114,"squared_euclidean_pc1_pc3",445.750304391457,"all_pixels",7599,1,796.764878227008,6834.60672436387,2256.78019433793,"all_pixels",7599
"300_a",7170,FALSE,"all_pixels",6.72987794792854,5.93884411982706,4.0165110517791,122.842736484922,"squared_euclidean_pc1_pc3",469.671831611835,"all_pixels",7152,1,774.750178766464,5283.80608074315,1962.6023982878,"all_pixels",7152
"300_b",5886,FALSE,"all_pixels",8.31680066878708,7.87505277298888,3.76453655311575,166.677002243658,"squared_euclidean_pc1_pc3",506.529718366276,"all_pixels",5883,1,710.269645210464,5492.63772342617,1951.55398562912,"all_pixels",5883
"300_c",6332,FALSE,"all_pixels",5.71387969542084,5.27477884676903,3.06068381683151,84.0294543297641,"squared_euclidean_pc1_pc3",344.145421804163,"all_pixels",6323,1,455.400626026698,2287.63357719464,1145.94974106904,"all_pixels",6323
"300_d",4499,FALSE,"all_pixels",6.52202187560759,6.11841286399603,3.38857565323416,108.033324164,"squared_euclidean_pc1_pc3",382.818218813349,"all_pixels",4499,1,590.490879970054,3606.73629820518,1520.1060433133,"all_pixels",4499
"301_a",7436,FALSE,"all_pixels",6.276352678859,5.85215576934278,3.4121720649582,102.06791080028,"squared_euclidean_pc1_pc3",362.400088869159,"all_pixels",7436,1,708.854976870726,4808.2625761494,1829.26825685304,"all_pixels",7436
"301_b",6917,FALSE,"all_pixels",6.37089005681441,5.68204235963917,3.81933565765988,110.346912145398,"squared_euclidean_pc1_pc3",365.373064324947,"all_pixels",6917,1,825.211882702224,4557.98911414154,1936.76114223437,"all_pixels",6917
"301_c",6137,FALSE,"all_pixels",7.77085656184759,7.03786924879698,4.09807462047825,154.355381496948,"squared_euclidean_pc1_pc3",491.96793724753,"all_pixels",6137,1,889.043196058235,5828.64549217515,2192.15157929725,"all_pixels",6137
"301_d",7573,FALSE,"all_pixels",7.51369551705796,6.6951681411273,4.52123525136432,153.7889785034,"squared_euclidean_pc1_pc3",577.406381342647,"all_pixels",7573,1,1158.96047743025,8414.80655336014,2863.57647852475,"all_pixels",7573
"302_a",7477,FALSE,"all_pixels",6.02113868489506,5.30454797993594,3.57083004097371,98.0064658085197,"squared_euclidean_pc1_pc3",344.749054204297,"all_pixels",7366,1,578.179578808508,2922.91295427823,1395.47638096256,"all_pixels",7366
"302_b",6039,FALSE,"all_pixels",7.44983810058864,6.93055991550645,3.8430364998404,140.533143344357,"squared_euclidean_pc1_pc3",454.182537372757,"all_pixels",6019,1,836.729619422404,6898.41278738773,2275.49486170327,"all_pixels",6019
"302_c",5963,FALSE,"all_pixels",8.10861716816382,7.3888982509718,4.582462163793,173.490220639349,"squared_euclidean_pc1_pc3",603.34407064746,"all_pixels",5902,1,921.710348861031,5616.50336047904,2236.44170665938,"all_pixels",5902
"302_d",7293,FALSE,"all_pixels",6.627573893538,6.0437288362349,3.62495031500368,114.126397473121,"squared_euclidean_pc1_pc3",340.820232580487,"all_pixels",7173,1,669.085352231768,3938.49055547173,1689.3746157989,"all_pixels",7173
"303_a",7684,FALSE,"all_pixels",7.2922225388287,6.5315925952083,4.07028367111464,139.483125306803,"squared_euclidean_pc1_pc3",487.317858050044,"all_pixels",7664,1,1040.30759738491,7932.46339970896,2616.87433662617,"all_pixels",7664
"303_b",7494,FALSE,"all_pixels",8.12411154581294,7.14754668545695,4.82293392443513,178.517552279199,"squared_euclidean_pc1_pc3",614.65323514696,"all_pixels",7486,1,1689.58194078697,16919.8263496913,4384.53613989314,"all_pixels",7486
"303_c",8471,FALSE,"all_pixels",9.3448878654862,8.49263435964549,5.04076723482103,225.46652793378,"squared_euclidean_pc1_pc3",740.771792000024,"all_pixels",8464,1,1173.70168125413,10866.5111892702,3098.43908111129,"all_pixels",8464
"303_d",8604,FALSE,"all_pixels",7.83788739653561,6.93751529443547,4.67111578433512,166.498531120811,"squared_euclidean_pc1_pc3",680.773051172292,"all_pixels",8569,1,1450.70632821111,12483.5897092015,3588.70121904166,"all_pixels",8569
"304_a",8972,FALSE,"all_pixels",7.85838387822947,6.92954022477331,4.36837543945621,161.669548480284,"squared_euclidean_pc1_pc3",719.857193302273,"all_pixels",8692,1,1102.50252438902,11595.5700243289,3133.6965076242,"all_pixels",8692
"304_b",6874,FALSE,"all_pixels",8.70056500266783,7.95765517993206,4.61039277361189,193.904921403069,"squared_euclidean_pc1_pc3",646.406448397607,"all_pixels",6872,1,1030.87296885125,8055.43857856814,2631.04944845246,"all_pixels",6872
"304_c",7082,FALSE,"all_pixels",7.96145173470987,7.55013205266596,4.09925489361251,160.372463292609,"squared_euclidean_pc1_pc3",479.161246773147,"all_pixels",7076,1,715.491573000544,4476.58754000633,1804.90389369709,"all_pixels",7076
"304_d",9130,FALSE,"all_pixels",7.21211082080683,6.18086798754711,4.36454816113,142.123473386564,"squared_euclidean_pc1_pc3",678.409731704269,"all_pixels",8899,1,1249.22870941247,11761.842514389,3285.23651577038,"all_pixels",8899
"305_a",9147,FALSE,"all_pixels",9.06550226150256,7.03806793715935,6.4041388331888,246.383683367061,"squared_euclidean_pc1_pc3",888.596260813545,"all_pixels",9136,1,2058.78699526638,15443.4023194103,4654.10853010208,"all_pixels",9136
"305_b",5875,FALSE,"all_pixels",7.13799604804083,6.64794590553918,3.84821953780103,131.514521094478,"squared_euclidean_pc1_pc3",503.794950566969,"all_pixels",5875,1,903.435397097178,5432.45741202252,2190.72455453999,"all_pixels",5875
"305_c",7361,FALSE,"all_pixels",5.75214347901009,5.33086209660209,2.94841896542247,83.5582960428292,"squared_euclidean_pc1_pc3",378.328212386508,"all_pixels",7361,1,564.023080582441,3670.94161383199,1495.93274017845,"all_pixels",7361
"305_d",7028,FALSE,"all_pixels",8.61944410102215,8.06347925091327,4.21491666820981,184.115622620184,"squared_euclidean_pc1_pc3",637.76446766248,"all_pixels",6937,1,1282.70613486266,11339.1007252887,3245.64736013125,"all_pixels",6937
"306_a",6047,FALSE,"all_pixels",8.01831777572293,7.53900126867791,3.6456199639348,155.16353399955,"squared_euclidean_pc1_pc3",488.338127215425,"all_pixels",6016,1,960.897775507821,6757.22847418907,2349.51555916058,"all_pixels",6016
"306_b",6447,FALSE,"all_pixels",8.30026711272301,7.7256775476146,4.01697508005497,170.056040106018,"squared_euclidean_pc1_pc3",609.674815331704,"all_pixels",6447,1,1087.52967724317,6025.61005269632,2465.47775822012,"all_pixels",6447
"306_c",5092,FALSE,"all_pixels",7.35568016800777,6.87287150885546,3.88419983388057,138.380152397895,"squared_euclidean_pc1_pc3",421.574386080396,"all_pixels",5092,1,855.760433837138,5352.31911871774,2082.26831844018,"all_pixels",5092
"306_d",5957,FALSE,"all_pixels",7.62567178030453,6.93396808150878,4.15405944983488,150.808366436686,"squared_euclidean_pc1_pc3",529.874786777779,"all_pixels",5916,1,1083.63316902545,7056.11702049565,2600.89097523243,"all_pixels",5916
"307_a",7496,FALSE,"all_pixels",6.42194401863707,6.11762142757612,3.14683912671471,102.285280834344,"squared_euclidean_pc1_pc3",388.540773398621,"all_pixels",7439,1,780.546443028758,4186.16219277568,1870.84707335719,"all_pixels",7439
"307_b",7655,FALSE,"all_pixels",5.85442239215604,5.36039108661117,3.17715315316002,88.7344900993131,"squared_euclidean_pc1_pc3",471.215007191419,"all_pixels",7565,1,729.626583417303,4183.15780693856,1761.04363927349,"all_pixels",7565
"307_c",6905,FALSE,"all_pixels",6.5463819605975,6.12980083759002,3.30286280326284,107.524879231291,"squared_euclidean_pc1_pc3",465.71315387797,"all_pixels",6853,1,800.804508871714,4812.41394156912,1923.10782916395,"all_pixels",6853
"307_d",7256,FALSE,"all_pixels",6.48776795041582,5.51119003295489,3.95721510844192,115.497052481709,"squared_euclidean_pc1_pc3",501.815045342647,"all_pixels",7252,1,838.886247609294,4586.07244864062,1988.88535230317,"all_pixels",7252
"308_a",7465,FALSE,"all_pixels",8.10684428339382,7.70377163376548,3.81639288840115,160.567655656287,"squared_euclidean_pc1_pc3",589.061657834722,"all_pixels",7465,1,871.698390521037,7018.0923439791,2300.60665743702,"all_pixels",7465
"308_b",6254,FALSE,"all_pixels",6.47432091523371,5.77650119138412,3.69262127347362,111.100205811641,"squared_euclidean_pc1_pc3",468.050211137542,"all_pixels",6254,1,823.259463541182,5177.62964408623,2010.81820784128,"all_pixels",6254
"308_c",6086,FALSE,"all_pixels",7.78546446802154,6.93715953960669,4.63241294330678,164.13836131579,"squared_euclidean_pc1_pc3",544.199503605189,"all_pixels",6086,1,1148.32733763573,8906.983383532,2874.71971624036,"all_pixels",6086
"308_d",8384,FALSE,"all_pixels",6.72899687756659,6.21468280348121,3.63336482794566,116.958328727895,"squared_euclidean_pc1_pc3",513.677594003471,"all_pixels",8382,1,1006.29654957718,7674.39876470291,2509.21656468669,"all_pixels",8382
"309_a",6915,FALSE,"all_pixels",7.92294500352736,7.35687206591549,4.18031218374122,160.491080732095,"squared_euclidean_pc1_pc3",588.462993274749,"all_pixels",6890,1,1252.85004010022,9178.27596108637,2995.65616884829,"all_pixels",6890
"309_b",6642,FALSE,"all_pixels",8.40992698101925,7.53083482486263,4.49507928827101,181.859135034833,"squared_euclidean_pc1_pc3",622.974172392524,"all_pixels",6642,1,1366.84088746551,10407.4708553902,3291.76291198628,"all_pixels",6642
"309_c",7545,FALSE,"all_pixels",6.8105608165458,6.21511861742994,3.8388004767333,122.236349205911,"squared_euclidean_pc1_pc3",378.395923587068,"all_pixels",7506,1,646.461092030947,4475.14247996509,1698.81975601225,"all_pixels",7506
"309_d",7590,FALSE,"all_pixels",7.4082651266204,6.28904048948524,4.1855142447934,144.797227146032,"squared_euclidean_pc1_pc3",561.764379588416,"all_pixels",7554,1,1088.45447482859,9050.40346963721,2849.56017781274,"all_pixels",7554
"310_a",8084,FALSE,"all_pixels",8.34171500528549,7.28380738039617,4.91339947022414,187.445434506156,"squared_euclidean_pc1_pc3",655.596402299542,"all_pixels",8023,1,1163.56956695547,7670.56912735532,2795.60715415831,"all_pixels",8023
"310_b",7709,FALSE,"all_pixels",8.08946369171163,6.82455898759691,5.61563808500506,193.941446394616,"squared_euclidean_pc1_pc3",650.209685391404,"all_pixels",7692,1,2442.23083439584,18094.0014956187,5577.62959942635,"all_pixels",7692
"310_c",7993,FALSE,"all_pixels",9.90543401556072,8.27806786221197,6.82153499416468,289.290281903479,"squared_euclidean_pc1_pc3",789.042749391843,"all_pixels",7993,1,1556.38312417197,9752.39384571218,3679.60163819411,"all_pixels",7993
"310_d",7386,FALSE,"all_pixels",8.2228903205052,7.1622028935197,5.06196060572952,186.47180241191,"squared_euclidean_pc1_pc3",576.242178299985,"all_pixels",7338,1,960.40146887858,5330.31871334475,2312.63154792529,"all_pixels",7338
"311_a",6088,FALSE,"all_pixels",6.12766241228139,5.50439102342106,3.68407784450341,102.23689365828,"squared_euclidean_pc1_pc3",302.198770878733,"all_pixels",6041,1,505.245775903054,2041.36032359512,1199.85655866927,"all_pixels",6041
"311_b",7673,FALSE,"all_pixels",7.87422730391124,6.63977229801859,5.28237560247323,179.80662211497,"squared_euclidean_pc1_pc3",579.701205109896,"all_pixels",7610,1,1520.9710954399,11327.2703794075,3937.54570478658,"all_pixels",7610
"311_c",6066,FALSE,"all_pixels",7.30257557382083,6.81253400374189,3.85159774382828,136.319939250654,"squared_euclidean_pc1_pc3",418.572744981214,"all_pixels",6065,1,639.965046673068,3496.03446735031,1614.70566679468,"all_pixels",6065
"311_d",7521,FALSE,"all_pixels",8.16370470522348,7.42705168996122,4.45311777673188,172.947391591534,"squared_euclidean_pc1_pc3",634.710426225564,"all_pixels",7468,1,999.25273874174,7395.28059767196,2537.45273552929,"all_pixels",7468
"312_a",8408,FALSE,"all_pixels",10.0599887487279,9.34014133276298,5.49869639594817,262.870879241169,"squared_euclidean_pc1_pc3",829.898817246936,"all_pixels",8349,1,1175.64359086813,8206.09192395148,2990.34737559532,"all_pixels",8349
"312_b",7387,FALSE,"all_pixels",9.04426613920476,7.71505311393604,5.44486175475126,222.882512376479,"squared_euclidean_pc1_pc3",733.052737600519,"all_pixels",7357,1,1057.77061497957,7609.22110197534,2677.56902436848,"all_pixels",7357
"312_c",6941,FALSE,"all_pixels",7.13370163022235,6.58681209412287,3.77389044731709,130.259792311547,"squared_euclidean_pc1_pc3",517.641286982245,"all_pixels",6917,1,890.124183740088,6304.89747390798,2266.20987225526,"all_pixels",6917
"312_d",6762,FALSE,"all_pixels",9.00051625361823,8.09255597026495,4.77771451476806,207.664946211074,"squared_euclidean_pc1_pc3",659.951990116243,"all_pixels",6730,1,1107.76157609938,8648.38424140212,2749.60206335563,"all_pixels",6730
"313_a",8388,FALSE,"all_pixels",7.2415941360407,6.63920471355738,3.89807024083127,135.267651445822,"squared_euclidean_pc1_pc3",496.665013666532,"all_pixels",8376,1,721.28419994847,5652.80184870182,1957.06120175046,"all_pixels",8376
"313_b",7872,FALSE,"all_pixels",7.41432481114533,6.70942760790004,4.09254926274407,143.438088421236,"squared_euclidean_pc1_pc3",584.854969411536,"all_pixels",7856,1,896.262158186638,6387.21483904292,2293.24825469042,"all_pixels",7856
"313_c",7725,FALSE,"all_pixels",7.29179049154423,6.44338155826169,3.80524215372663,135.296404009046,"squared_euclidean_pc1_pc3",509.436528721395,"all_pixels",7723,1,845.861153451801,5916.21701792277,2121.33258752056,"all_pixels",7723
"313_d",5920,FALSE,"all_pixels",7.76617675622607,7.27418875426251,4.00401096274703,152.685794146209,"squared_euclidean_pc1_pc3",456.731056676218,"all_pixels",5920,1,747.651844245812,4096.91581445454,1809.79021169699,"all_pixels",5920
"314_a",7824,FALSE,"all_pixels",6.8033230550583,6.06576692250612,3.86039067941289,122.371832116153,"squared_euclidean_pc1_pc3",454.396818234469,"all_pixels",7786,1,663.612117590247,3881.40504800946,1672.66331333578,"all_pixels",7786
"314_b",7805,FALSE,"all_pixels",6.49222962878753,5.88846203122971,3.58086652843966,109.940015553597,"squared_euclidean_pc1_pc3",420.761113715087,"all_pixels",7804,1,614.338930253738,4053.14876146824,1605.8608467654,"all_pixels",7804
"314_c",7065,FALSE,"all_pixels",6.32564144993856,5.6900874294206,3.58044514155418,105.663025288697,"squared_euclidean_pc1_pc3",336.407828324254,"all_pixels",7018,1,610.8390861354,3522.56139266072,1567.09467308731,"all_pixels",7018
"314_d",7156,FALSE,"all_pixels",6.03052412442202,5.46734072883036,3.2075586572108,93.3084320391222,"squared_euclidean_pc1_pc3",341.698720451646,"all_pixels",6911,1,713.567596155943,4210.87511162837,1786.04951271866,"all_pixels",6911
"315_a",7610,FALSE,"all_pixels",6.74424388419722,5.9095774723346,4.13332855206124,125.13397098948,"squared_euclidean_pc1_pc3",393.678649918057,"all_pixels",7466,1,797.112945404123,3682.77632119648,1842.16975932606,"all_pixels",7466
"315_b",8338,FALSE,"all_pixels",6.53267722652112,5.97227934869167,3.42809788948182,108.852634904887,"squared_euclidean_pc1_pc3",480.90351473973,"all_pixels",8124,1,735.811561404474,5346.46785502758,1876.66838120898,"all_pixels",8124
"315_c",8556,FALSE,"all_pixels",7.24031629827661,6.5596709368944,3.97828388251416,136.494145932087,"squared_euclidean_pc1_pc3",515.393231823921,"all_pixels",8556,1,887.689176172462,6559.1585738268,2236.02726796054,"all_pixels",8556
"315_d",7218,FALSE,"all_pixels",7.27685279701537,6.55913543818096,4.04219323159846,138.579298118779,"squared_euclidean_pc1_pc3",530.053987272879,"all_pixels",7111,1,1063.31078690572,7060.30446621401,2509.24542489739,"all_pixels",7111
"316_a",8078,FALSE,"all_pixels",9.01995161474927,7.93786313329195,5.03781251142773,213.471880442034,"squared_euclidean_pc1_pc3",682.573568586775,"all_pixels",8013,1,997.176362681755,7123.67590972573,2527.41231877705,"all_pixels",8013
"316_b",8599,FALSE,"all_pixels",7.67791761554215,6.86995443148882,4.54719109524298,159.249922383923,"squared_euclidean_pc1_pc3",670.886625259421,"all_pixels",8598,1,1072.06600670728,6416.66845616742,2523.11292706016,"all_pixels",8598
"316_c",7837,FALSE,"all_pixels",8.6029336785144,7.70311669109794,4.71817694903484,192.537642148821,"squared_euclidean_pc1_pc3",634.972358928346,"all_pixels",7835,1,1242.11200347118,7966.08831604064,2950.23618346389,"all_pixels",7835
"316_d",8731,FALSE,"all_pixels",7.9004612072896,6.85960897203475,4.8386887980886,171.655029977414,"squared_euclidean_pc1_pc3",604.961607978613,"all_pixels",8706,1,925.454172256072,5620.52872204494,2251.27709021827,"all_pixels",8706
"317_a",7500,FALSE,"all_pixels",8.4308988987194,8.00951717028353,4.00073870896617,174.167664672972,"squared_euclidean_pc1_pc3",519.949495313982,"fallback_sampled_pixels",5000,1,667.60684811585,5177.17142215009,1857.93530303884,"all_pixels",7474
"317_b",7828,FALSE,"all_pixels",6.46742415327964,5.85656620115872,3.69295667449401,110.927523959449,"squared_euclidean_pc1_pc3",421.293894069839,"all_pixels",7823,1,669.252442392567,3570.57521335142,1651.84405734245,"all_pixels",7823
"317_c",7471,FALSE,"all_pixels",7.99244010796899,7.19628557846056,4.67094009547906,171.387719877906,"squared_euclidean_pc1_pc3",578.327447364396,"all_pixels",7364,1,1546.962228912,11932.2933738428,3680.52967752549,"all_pixels",7364
"317_d",9098,FALSE,"all_pixels",6.96311026164974,6.34062104029068,3.760991695133,125.256816606026,"squared_euclidean_pc1_pc3",517.537528592923,"all_pixels",9096,1,856.782308060313,7462.02168349335,2389.46602960564,"all_pixels",9096
"318_a",8447,FALSE,"all_pixels",8.58967862237683,8.01111346914183,4.39343789391538,186.165180513363,"squared_euclidean_pc1_pc3",706.739911089618,"all_pixels",8424,1,1280.19447905569,12076.4276156127,3244.56649096551,"all_pixels",8424
"318_b",8226,FALSE,"all_pixels",8.46908039713162,7.17447950233098,5.88651338356591,212.744300415489,"squared_euclidean_pc1_pc3",623.49932245763,"all_pixels",8224,1,2050.53913447984,16090.2495339516,4726.09966678205,"all_pixels",8224
"318_c",7832,FALSE,"all_pixels",8.13020391266103,7.29782092354491,4.39361207291045,170.803155941594,"squared_euclidean_pc1_pc3",574.555334558796,"all_pixels",7814,1,1540.33704810099,12674.3010375062,3906.2812844915,"all_pixels",7814
"318_d",7793,FALSE,"all_pixels",7.14254981284898,6.24234874595693,3.80091258148449,130.922200892156,"squared_euclidean_pc1_pc3",543.660805931972,"all_pixels",7780,1,855.089035120905,5643.88024299337,2083.94637822585,"all_pixels",7780
"319_a",8342,FALSE,"all_pixels",9.59524997250793,9.20190509082758,4.55944637629356,225.709762517549,"squared_euclidean_pc1_pc3",649.264534255628,"all_pixels",8298,1,1188.28109945801,9244.97944273064,2958.36386345411,"all_pixels",8298
"319_b",8709,FALSE,"all_pixels",8.31071315212819,7.5146459558737,4.58276617670061,180.134574856296,"squared_euclidean_pc1_pc3",530.662187512785,"all_pixels",8695,1,1287.27817550539,8995.77492066008,3105.61579356711,"all_pixels",8695
"319_c",8983,FALSE,"all_pixels",8.28527924844928,7.67611153022425,4.69049879274762,181.288363984748,"squared_euclidean_pc1_pc3",506.392392240751,"all_pixels",8917,1,1387.98106305883,10303.9752340622,3461.06012329181,"all_pixels",8917
"319_d",8602,FALSE,"all_pixels",7.13723353729404,6.00131445539193,4.85994848704337,149.112912188491,"squared_euclidean_pc1_pc3",477.046782824817,"all_pixels",8578,1,1630.18650677465,7686.29552536305,3541.53875018671,"all_pixels",8578
"320_a",8631,FALSE,"all_pixels",8.17388261444081,7.26326713014308,4.76042251596256,178.942707834309,"squared_euclidean_pc1_pc3",556.672345729479,"all_pixels",8524,1,1455.36623803237,10414.6726027001,3406.87008887325,"all_pixels",8524
"320_b",6500,FALSE,"all_pixels",7.43919106999393,6.33600386795769,4.73247897869396,155.468950932459,"squared_euclidean_pc1_pc3",493.688829511795,"all_pixels",6414,1,1181.96135198979,7223.92797369354,2746.85894084556,"all_pixels",6414
"320_c",8434,FALSE,"all_pixels",7.2386831065586,6.40914333057633,4.07235410386984,137.961269459307,"squared_euclidean_pc1_pc3",540.259145231889,"all_pixels",8371,1,822.504186276358,5550.46884270173,2160.57668560758,"all_pixels",8371
"320_d",8435,FALSE,"all_pixels",7.87557380230206,6.89372845447417,4.52633827288976,165.019943960171,"squared_euclidean_pc1_pc3",578.018796699861,"all_pixels",8354,1,999.375061214669,8311.63146271705,2588.2327340994,"all_pixels",8354
"321_a",7518,FALSE,"all_pixels",9.60180501867078,9.00293169611074,4.9617647667969,233.620989057809,"squared_euclidean_pc1_pc3",646.700318006764,"all_pixels",7489,1,1324.12747397556,9829.69033978645,3149.288469036,"all_pixels",7489
"321_b",7405,FALSE,"all_pixels",7.52349446209279,6.91660308491209,4.00103674474922,145.218204263105,"squared_euclidean_pc1_pc3",541.007347202301,"all_pixels",7343,1,1092.28102491807,7470.84362270883,2667.18620422488,"all_pixels",7343
"321_c",6568,FALSE,"all_pixels",8.71737818534874,8.11122380541213,4.41301582442293,190.928852006749,"squared_euclidean_pc1_pc3",562.36414005424,"all_pixels",6525,1,837.800184749409,7461.47723061954,2416.47341264632,"all_pixels",6525
"321_d",7915,FALSE,"all_pixels",8.79513301761785,7.97317304735702,4.80832700385712,200.942904673044,"squared_euclidean_pc1_pc3",639.920342051452,"all_pixels",7792,1,1597.70024660696,11180.3589174904,3789.4089860506,"all_pixels",7792
"322_a",8933,FALSE,"all_pixels",7.28720530579415,6.66356157328683,3.7159553220248,133.820278716991,"squared_euclidean_pc1_pc3",474.224565444891,"all_pixels",8913,1,741.195697281921,5631.46036969944,1986.31505667645,"all_pixels",8913
"322_b",6299,FALSE,"all_pixels",8.6743663656493,7.71115239814324,4.9506681755473,199.499712552996,"squared_euclidean_pc1_pc3",613.894861167465,"all_pixels",6230,1,1284.66111983854,8802.56456839886,3087.15718140102,"all_pixels",6230
"322_c",8287,FALSE,"all_pixels",7.73878595890969,6.67241184377163,4.824334806498,166.32041184575,"squared_euclidean_pc1_pc3",499.092078409859,"all_pixels",8278,1,775.520107622497,5920.55609720627,2154.54258088947,"all_pixels",8278
"322_d",8176,FALSE,"all_pixels",7.15650347204352,6.40527253338252,4.01421339032721,134.65496041831,"squared_euclidean_pc1_pc3",553.586432769494,"all_pixels",8125,1,793.30163902331,5347.01743664019,1998.85635740758,"all_pixels",8125
"323_a",7442,FALSE,"all_pixels",7.69500673689423,6.89589078614596,4.2639125029687,154.783270988986,"squared_euclidean_pc1_pc3",522.962911493929,"all_pixels",7440,1,1575.0862488879,11688.8727797026,3762.16270933812,"all_pixels",7440
"323_b",7536,FALSE,"all_pixels",7.058054546263,6.28045769011634,3.97084694798179,131.163334310658,"squared_euclidean_pc1_pc3",546.337833924488,"all_pixels",7536,1,1177.55787526757,7239.48707020518,2762.69337021962,"all_pixels",7536
"323_c",8617,FALSE,"all_pixels",7.17448387895331,6.32918822680443,4.1791159439174,137.872404386846,"squared_euclidean_pc1_pc3",477.745979669297,"all_pixels",8617,1,897.592232133277,6120.21868922626,2248.81208019437,"all_pixels",8617
"323_d",8053,FALSE,"all_pixels",8.41363725734911,7.40463576713041,4.7006206462917,185.76476511395,"squared_euclidean_pc1_pc3",605.20956100187,"all_pixels",7985,1,1108.10270668206,8974.93216618977,2834.39949822619,"all_pixels",7985
"324_a",7168,FALSE,"all_pixels",8.06476807314084,7.31014811202542,4.44960925277231,169.673488870985,"squared_euclidean_pc1_pc3",568.184006111373,"all_pixels",7166,1,977.344886097831,6184.63961817869,2350.28133113009,"all_pixels",7166
"324_b",6909,FALSE,"all_pixels",7.73584421180731,7.21962850353728,3.77341778561648,148.15981313041,"squared_euclidean_pc1_pc3",471.605503604502,"all_pixels",6909,1,970.803262609831,6600.4472839612,2409.09859845279,"all_pixels",6909
"324_c",8147,FALSE,"all_pixels",7.72955066891115,7.01752629560145,3.6022646011374,145.441342056537,"squared_euclidean_pc1_pc3",493.843559619876,"all_pixels",8147,1,1064.36974503901,8873.43945789511,2755.41973681296,"all_pixels",8147
"324_d",7836,FALSE,"all_pixels",8.28955025259486,7.63210694512296,4.37476699554492,175.705574526557,"squared_euclidean_pc1_pc3",566.348383521176,"all_pixels",7831,1,1218.20076470505,7933.59307518234,2893.5734284708,"all_pixels",7831
"4_a",6707,FALSE,"all_pixels",8.53699189607427,7.91991447421258,4.35579339448267,183.700675806079,"squared_euclidean_pc1_pc3",581.843301524926,"all_pixels",6661,1,999.220879444448,8993.95841430211,2645.54194494811,"all_pixels",6661
"4_b",7809,FALSE,"all_pixels",8.50218504344805,7.93006045577922,4.54239493005204,185.835719921695,"squared_euclidean_pc1_pc3",675.477560138648,"all_pixels",7725,1,1196.09454736891,10558.8154129261,3040.98943348553,"all_pixels",7725
"4_c",5833,FALSE,"all_pixels",9.92879969885132,9.23581036307466,5.15689558910784,250.340152836539,"squared_euclidean_pc1_pc3",792.17656385541,"all_pixels",5787,1,1326.13793309702,9807.68516660149,3123.28711167777,"all_pixels",5787
"4_d",7940,FALSE,"all_pixels",8.98279256313023,8.26207230330574,4.90690629314591,209.530518284649,"squared_euclidean_pc1_pc3",712.293928776825,"all_pixels",7860,1,1230.50558359443,8638.82539822799,2995.57588404233,"all_pixels",7860
"400_a",8099,FALSE,"all_pixels",8.91496491405352,8.25618259265837,4.50594435434763,199.555254049172,"squared_euclidean_pc1_pc3",798.864046473346,"all_pixels",8082,1,1249.64475018367,12037.0861288537,3279.37724129817,"all_pixels",8082
"400_b",7483,FALSE,"all_pixels",9.02115552695203,8.41508525427731,4.64745126259534,205.954327793513,"squared_euclidean_pc1_pc3",761.469531765724,"all_pixels",7442,1,1225.61460289417,12517.3215415346,3363.88583287769,"all_pixels",7442
"400_c",4845,FALSE,"all_pixels",8.2474119822626,7.6697830497327,4.23338006991578,171.875224504227,"squared_euclidean_pc1_pc3",492.577423969367,"all_pixels",4795,1,1079.48869150854,8108.10768431411,2769.59442511517,"all_pixels",4795
"400_d",8215,FALSE,"all_pixels",7.79748741098672,7.17141667436438,4.01815987697351,153.888906679887,"squared_euclidean_pc1_pc3",599.921181100842,"all_pixels",8214,1,1209.36824782159,10176.233012291,2996.61595529121,"all_pixels",8214
"401_a",6831,FALSE,"all_pixels",9.05405272118574,8.29603928202119,4.89936921671308,211.952350891682,"squared_euclidean_pc1_pc3",657.572852994298,"all_pixels",6762,1,1307.73318837791,9911.20217267231,3144.96558254447,"all_pixels",6762
"401_b",7542,FALSE,"all_pixels",9.80074066758945,9.11684461958612,5.23647315068594,246.943065928917,"squared_euclidean_pc1_pc3",797.290242015282,"all_pixels",7540,1,1443.49582656136,10115.2885735753,3433.31218958372,"all_pixels",7540
"401_c",6247,FALSE,"all_pixels",7.22657492405871,6.5564100224468,4.00847277145615,136.577334002605,"squared_euclidean_pc1_pc3",452.371845018391,"all_pixels",6180,1,938.595639462611,6135.27499899466,2291.94693267533,"all_pixels",6180
"401_d",5282,FALSE,"all_pixels",7.73318089294334,7.19754158374111,3.7878877737406,148.294928192754,"squared_euclidean_pc1_pc3",477.647909255192,"all_pixels",5125,1,1052.13279688208,8174.35459791312,2655.99895237292,"all_pixels",5125
"402_a",6598,FALSE,"all_pixels",8.80499656204944,7.98106295849488,4.96719441150237,204.394490619556,"squared_euclidean_pc1_pc3",543.404114201888,"all_pixels",6592,1,1058.56196664645,8429.04676339384,2725.20948780425,"all_pixels",6592
"402_b",6969,FALSE,"all_pixels",8.34227888943172,7.78219095364271,4.37828674473512,177.520522443368,"squared_euclidean_pc1_pc3",497.168379297914,"all_pixels",6827,1,794.449789957768,5633.89120102538,2086.38000884008,"all_pixels",6827
"402_c",7065,FALSE,"all_pixels",9.43795254299745,8.45391119519488,5.33729433847368,235.115253940164,"squared_euclidean_pc1_pc3",630.582415093218,"all_pixels",7065,1,1225.45539117726,6712.98934187837,2864.32032168884,"all_pixels",7065
"402_d",7978,FALSE,"all_pixels",10.6900405425624,9.72121538691601,5.92112766245508,298.664650085192,"squared_euclidean_pc1_pc3",707.432655283341,"all_pixels",7978,1,1518.74478574484,13896.2913857188,4121.07970379562,"all_pixels",7978
"403_a",8396,FALSE,"all_pixels",7.05334402502351,5.93621942082551,4.55820861049228,141.048906019348,"squared_euclidean_pc1_pc3",489.54621358776,"all_pixels",8331,1,1021.45634513866,5614.59408485921,2400.90639085249,"all_pixels",8331
"403_b",7531,FALSE,"all_pixels",8.12524047171754,7.42222052239797,4.89301067107852,179.91581416709,"squared_euclidean_pc1_pc3",658.74331248219,"all_pixels",7519,1,1323.37203983132,8142.77526932383,3082.16754776192,"all_pixels",7519
"403_c",8192,FALSE,"all_pixels",9.46137951161264,8.8666908893327,4.90410510651986,227.130026674807,"squared_euclidean_pc1_pc3",738.352458680563,"all_pixels",8131,1,1227.4856527933,10659.2265389755,3175.69737969264,"all_pixels",8131
"403_d",7821,FALSE,"all_pixels",7.36652073978285,6.4093136068116,4.3936064017661,147.133873650414,"squared_euclidean_pc1_pc3",477.806331607649,"all_pixels",7695,1,753.514573190015,4688.27831527467,1914.23629799216,"all_pixels",7695
"404_a",8336,FALSE,"all_pixels",9.02130313487047,8.3758542482618,4.69471049049483,206.843145700144,"squared_euclidean_pc1_pc3",567.477402084761,"all_pixels",8293,1,856.687677395909,7117.67565672017,2350.05033623215,"all_pixels",8293
"404_b",9193,FALSE,"all_pixels",7.86627340858452,7.03438689895329,4.32121223112181,161.098202558352,"squared_euclidean_pc1_pc3",576.150251431125,"all_pixels",8955,1,828.450741456557,6967.91687750178,2307.54919600393,"all_pixels",8955
"404_c",9560,FALSE,"all_pixels",8.15008742039269,7.38370535180062,4.50742357354703,173.477334072179,"squared_euclidean_pc1_pc3",702.848075400227,"all_pixels",9514,1,2139.37293041532,19919.9810971437,5057.41296076241,"all_pixels",9514
"404_d",8960,FALSE,"all_pixels",8.11637792207186,7.01728458579794,5.08577845527629,183.475692670789,"squared_euclidean_pc1_pc3",733.589406951346,"all_pixels",8921,1,2183.76113827314,18116.1873813514,5084.50885362132,"all_pixels",8921
"405_a",9331,FALSE,"all_pixels",6.24316055437393,5.07157219589577,4.49404336083579,118.34262998579,"squared_euclidean_pc1_pc3",573.361882353465,"all_pixels",9239,1,1527.21768475442,14598.0503140535,4009.36309449248,"all_pixels",9239
"405_b",9174,FALSE,"all_pixels",10.5360147601536,8.75023057115304,6.47604557135381,305.884403487746,"squared_euclidean_pc1_pc3",1040.07172122255,"all_pixels",9124,1,2816.16337002054,24149.4834641414,6513.91460466592,"all_pixels",9124
"405_c",9022,FALSE,"all_pixels",8.15619456659649,7.35054920864456,4.50166993728502,173.572591705696,"squared_euclidean_pc1_pc3",765.321845397939,"all_pixels",8976,1,1173.52733768654,11786.7797367214,3100.34372896447,"all_pixels",8976
"405_d",9449,FALSE,"all_pixels",7.18827658885466,6.18957779098711,4.43808526468808,142.731673235102,"squared_euclidean_pc1_pc3",672.714824901901,"all_pixels",9431,1,1798.79602988076,16061.3389628373,4474.07759288116,"all_pixels",9431
"406_a",8748,FALSE,"all_pixels",8.78923539751929,7.9152167865086,5.34789457069413,211.694731792538,"squared_euclidean_pc1_pc3",884.6587462829,"all_pixels",8693,1,2210.19628864435,17125.3700323772,5318.16624414022,"all_pixels",8693
"406_b",7281,FALSE,"all_pixels",9.56145147276651,9.29173938036793,4.53223973593997,223.919460169265,"squared_euclidean_pc1_pc3",737.235066968345,"all_pixels",7197,1,1524.26583802374,12486.354045423,3615.11942819203,"all_pixels",7197
"406_c",6564,FALSE,"all_pixels",7.5460086619535,6.99106826561615,4.27454076309928,150.422323678153,"squared_euclidean_pc1_pc3",483.432944109717,"all_pixels",6473,1,1029.30391364913,5643.28356964875,2438.4721384642,"all_pixels",6473
"406_d",6784,FALSE,"all_pixels",9.88401078502839,8.85784839402809,5.79609264030315,262.56681409217,"squared_euclidean_pc1_pc3",729.167423628764,"all_pixels",6679,1,2119.09174738164,18100.8859724071,5205.17122268669,"all_pixels",6679
"407_a",6981,FALSE,"all_pixels",7.83915573632977,7.45252805223454,4.00159286681555,154.925628738382,"squared_euclidean_pc1_pc3",572.158927750782,"all_pixels",6954,1,890.604536431637,6071.98585371219,2228.98553199282,"all_pixels",6954
"407_b",5378,FALSE,"all_pixels",8.29585301290797,7.6441895472994,4.43522239490117,176.977434375626,"squared_euclidean_pc1_pc3",564.083510203371,"all_pixels",5357,1,996.102238774562,8673.04646601232,2787.96043970487,"all_pixels",5357
"407_c",5595,FALSE,"all_pixels",7.99218131942748,7.37639091721569,4.16660925337014,162.464984058934,"squared_euclidean_pc1_pc3",595.550243584653,"all_pixels",5535,1,900.195658368644,8643.25580549495,2569.86492843771,"all_pixels",5535
"407_d",6502,FALSE,"all_pixels",7.48399333673981,7.18283864267555,3.19630137624204,132.449854981199,"squared_euclidean_pc1_pc3",513.882029939767,"all_pixels",6495,1,667.12830361153,4428.57790178166,1701.35234179921,"all_pixels",6495
"408_a",5996,FALSE,"all_pixels",7.7975574195844,6.69282138520269,4.78006412923769,167.294208164042,"squared_euclidean_pc1_pc3",582.93660904122,"all_pixels",5962,1,1316.66052993567,9610.85757943146,3148.15716605029,"all_pixels",5962
"408_b",5367,FALSE,"all_pixels",7.75993032526349,7.20763536991561,3.98988750955046,152.265509730095,"squared_euclidean_pc1_pc3",508.011737402291,"all_pixels",5363,1,815.063429730138,6881.37973580446,2206.18838544104,"all_pixels",5363
"408_c",7007,FALSE,"all_pixels",7.52232942833419,6.85656000538926,4.04446619187663,145.881624649685,"squared_euclidean_pc1_pc3",565.458307011991,"all_pixels",6967,1,1215.96491808557,7905.16590140113,2868.13779985737,"all_pixels",6967
"408_d",7125,FALSE,"all_pixels",9.55651653768589,8.7392282788787,5.04234106268019,233.497286555711,"squared_euclidean_pc1_pc3",825.932423999641,"all_pixels",7051,1,1621.04075503856,12391.2476619117,3775.57741499281,"all_pixels",7051
"409_a",6856,FALSE,"all_pixels",8.42370032967359,7.59312941865354,4.53534976360327,183.050249037053,"squared_euclidean_pc1_pc3",583.994706668982,"all_pixels",6816,1,1173.76210337569,9135.37544825727,2851.76702568135,"all_pixels",6816
"409_b",6679,FALSE,"all_pixels",6.28659523634657,5.77984488836173,3.38077350309855,101.898395732704,"squared_euclidean_pc1_pc3",423.084786421492,"all_pixels",6637,1,706.051652468598,5074.24071649469,1893.30757085674,"all_pixels",6637
"409_c",7197,FALSE,"all_pixels",8.41286881282806,7.82677744186231,4.62098133321592,184.253726296051,"squared_euclidean_pc1_pc3",524.318548394103,"all_pixels",7196,1,845.329261714239,6429.23216960193,2229.72038144863,"all_pixels",7196
"409_d",5989,FALSE,"all_pixels",9.15553920071882,8.20207845763618,5.13325084079566,220.339524946943,"squared_euclidean_pc1_pc3",673.312448990711,"all_pixels",5980,1,1327.57803722863,10548.8567027713,3250.5290716811,"all_pixels",5980
"410_a",7655,FALSE,"all_pixels",8.42215466454246,7.27744504589764,4.96326899238201,191.127020503351,"squared_euclidean_pc1_pc3",615.753990566822,"all_pixels",7587,1,922.736659304997,6934.86088531829,2351.08305672527,"all_pixels",7587
"410_b",8374,FALSE,"all_pixels",6.78602547527296,6.07012439621825,4.00301946456233,124.144786046238,"squared_euclidean_pc1_pc3",463.362136080384,"all_pixels",8324,1,904.023818400666,6284.15263085522,2246.6361489042,"all_pixels",8324
"410_c",7644,FALSE,"all_pixels",7.54667079624546,6.56932817822404,4.4922412746228,154.259663533906,"squared_euclidean_pc1_pc3",524.935107217771,"all_pixels",7567,1,956.031350247882,7277.50847054709,2469.29274334611,"all_pixels",7567
"410_d",8271,FALSE,"all_pixels",8.61243902112649,7.57498765616408,4.95479846950407,197.442331121,"squared_euclidean_pc1_pc3",694.623678819543,"all_pixels",8200,1,1293.14277573602,10974.6674866831,3312.91089230183,"all_pixels",8200
"411_a",8064,FALSE,"all_pixels",9.08166491824911,8.38426587499853,5.10975765004552,217.166046258108,"squared_euclidean_pc1_pc3",620.624704660837,"all_pixels",8029,1,1254.78517976435,12327.6385839972,3436.41771074569,"all_pixels",8029
"411_b",7378,FALSE,"all_pixels",5.68182465330191,5.14989588882637,3.19044061050448,84.9213260997396,"squared_euclidean_pc1_pc3",294.794154236426,"all_pixels",7316,1,564.32936326631,3515.93644717584,1552.78517302808,"all_pixels",7316
"411_c",6833,FALSE,"all_pixels",6.07692610515287,5.42706329093193,3.65473456328067,100.56832164969,"squared_euclidean_pc1_pc3",321.711087605959,"all_pixels",6833,1,866.901034362735,3834.46197552656,1956.3594890987,"all_pixels",6833
"411_d",6402,FALSE,"all_pixels",6.2064136791915,5.62173198950405,3.3997842639354,100.152596683951,"squared_euclidean_pc1_pc3",362.908343900338,"all_pixels",6372,1,825.606927997957,4613.42411408105,1957.65758858048,"all_pixels",6372
"412_a",6834,FALSE,"all_pixels",5.06099862336851,4.55828886241694,2.68100849306625,65.6009236682307,"squared_euclidean_pc1_pc3",334.798037251414,"all_pixels",6748,1,467.811519397123,3150.52933780712,1296.25697231241,"all_pixels",6748
"412_b",8068,FALSE,"all_pixels",7.17592332846954,6.42586612434406,4.19366428798813,138.157031904809,"squared_euclidean_pc1_pc3",564.587705926282,"all_pixels",7985,1,1350.34782816547,9707.66902315083,3131.96543883801,"all_pixels",7985
"412_c",5997,FALSE,"all_pixels",7.53442233444299,6.94101010566375,4.16092199785084,148.155809594292,"squared_euclidean_pc1_pc3",470.712233413675,"all_pixels",5986,1,749.330282159766,3839.01349770592,1813.40703036769,"all_pixels",5986
"412_d",7005,FALSE,"all_pixels",6.79169961581375,6.28415230466749,3.48237452565846,116.504769652106,"squared_euclidean_pc1_pc3",411.674629646565,"all_pixels",6973,1,521.298031843352,3090.35704462199,1376.34054486694,"all_pixels",6973
"413_a",6480,FALSE,"all_pixels",5.74522088004237,5.312012711135,3.04102841661036,84.5079793063395,"squared_euclidean_pc1_pc3",354.854153951592,"all_pixels",6445,1,537.277435556158,2393.20770762365,1269.34683856913,"all_pixels",6445
"413_b",7815,FALSE,"all_pixels",5.88322893478654,5.3884857757966,3.28841221997163,90.8493078450462,"squared_euclidean_pc1_pc3",367.738805346581,"all_pixels",7802,1,893.348965954828,4387.76624977729,2038.59195149857,"all_pixels",7802
"413_c",7442,FALSE,"all_pixels",7.81549477117053,7.19257375229251,4.13292042669462,156.321389102088,"squared_euclidean_pc1_pc3",513.223486707418,"all_pixels",7407,1,795.398613929845,4728.76089774466,1961.4919302721,"all_pixels",7407
"413_d",7277,FALSE,"all_pixels",7.46838961601518,6.76832623021657,4.09574623853535,145.099350960058,"squared_euclidean_pc1_pc3",448.408684428523,"all_pixels",7028,1,914.433965564703,4923.60931633868,2159.58999173277,"all_pixels",7028
"414_a",7485,FALSE,"all_pixels",8.36271261260882,7.85482264393572,4.38943952994489,178.399135045334,"squared_euclidean_pc1_pc3",525.314922276685,"all_pixels",7311,1,920.927963592704,7415.95808028814,2482.16825420086,"all_pixels",7311
"414_b",7028,FALSE,"all_pixels",7.15756851499781,6.60234125054534,4.00101491960815,134.473259341054,"squared_euclidean_pc1_pc3",429.827183506076,"all_pixels",6800,1,603.938740466273,3216.54491367289,1489.94487661601,"all_pixels",6800
"414_c",8389,FALSE,"all_pixels",6.7922733940961,6.15532333663331,3.69639856213081,119.593422933325,"squared_euclidean_pc1_pc3",432.319504333097,"all_pixels",8237,1,680.559535212479,4969.5966775258,1772.5552067512,"all_pixels",8237
"414_d",8307,FALSE,"all_pixels",7.97925808294025,7.06363771221988,4.51081815194116,168.027181032355,"squared_euclidean_pc1_pc3",599.35894405728,"all_pixels",8176,1,1018.21894574017,7789.97868998053,2546.46671470008,"all_pixels",8176
"415_a",8361,FALSE,"all_pixels",8.67379584510986,8.01087462073484,4.43887130748197,189.871912483088,"squared_euclidean_pc1_pc3",562.050177127456,"all_pixels",8196,1,1020.3492776303,6997.65320751743,2531.58170666417,"all_pixels",8196
"415_b",7696,FALSE,"all_pixels",5.95848612326264,5.43663281292128,3.10671224103663,90.3079274315433,"squared_euclidean_pc1_pc3",319.324766054629,"all_pixels",7474,1,591.791201606674,3396.18568746015,1485.29422385975,"all_pixels",7474
"415_c",8214,FALSE,"all_pixels",5.64899938254645,4.95999266321638,3.27816103678905,85.3124510231311,"squared_euclidean_pc1_pc3",345.590022432635,"all_pixels",8042,1,630.58238731121,2718.7516800735,1460.1577345351,"all_pixels",8042
"415_d",7424,FALSE,"all_pixels",7.37468124519646,6.58352783035929,4.20918317761907,144.201520023219,"squared_euclidean_pc1_pc3",543.282134504554,"all_pixels",7378,1,855.021254896983,6292.30115017101,2161.17409527975,"all_pixels",7378
"416_a",8467,FALSE,"all_pixels",6.72931900852762,6.08522134419235,3.83441934860234,119.969539159978,"squared_euclidean_pc1_pc3",442.836310179816,"all_pixels",8419,1,734.922173412267,4513.89794782739,1876.45064607102,"all_pixels",8419
"416_b",7899,FALSE,"all_pixels",7.67817898787925,7.05009642275897,4.35243593719797,155.791465834436,"squared_euclidean_pc1_pc3",547.792853091148,"all_pixels",7819,1,904.984478617268,6084.7942358556,2300.52441701302,"all_pixels",7819
"416_c",7558,FALSE,"all_pixels",6.57035966654668,6.25200682840442,3.33311036188263,108.555561832663,"squared_euclidean_pc1_pc3",474.338888238443,"all_pixels",7532,1,666.439809158708,4250.80632720359,1681.84987710664,"all_pixels",7532
"416_d",8054,FALSE,"all_pixels",7.67934080224274,7.04834552595802,4.26094431415594,154.25133473128,"squared_euclidean_pc1_pc3",517.252277687494,"all_pixels",8028,1,1138.81342627104,6600.60020757421,2650.75596372417,"all_pixels",8028
"417_a",7806,FALSE,"all_pixels",9.9139134125222,8.92284503530393,5.10471897528821,248.680993492621,"squared_euclidean_pc1_pc3",939.667295647971,"all_pixels",7804,1,1692.40557062509,13597.016825863,3995.08578398277,"all_pixels",7804
"417_b",7635,FALSE,"all_pixels",8.27013042464731,7.52686514657816,4.70783649497129,181.111757586389,"squared_euclidean_pc1_pc3",712.754240502397,"all_pixels",7614,1,1048.42802829356,7954.59778724009,2603.91777485595,"all_pixels",7614
"417_c",8807,FALSE,"all_pixels",7.42113612310226,6.66617610993876,3.91335340041263,140.771714624027,"squared_euclidean_pc1_pc3",565.137490302807,"all_pixels",8807,1,925.971307561467,7664.60887344785,2469.81773590666,"all_pixels",8807
"417_d",8164,FALSE,"all_pixels",7.24887231739987,6.61248726358724,3.92244807159317,135.85972836412,"squared_euclidean_pc1_pc3",482.751309635239,"all_pixels",8163,1,900.006266480538,5354.19776908835,2147.12243841607,"all_pixels",8163
"418_a",8537,FALSE,"all_pixels",6.67263793807743,5.76414230558591,4.19960890168266,124.317492129859,"squared_euclidean_pc1_pc3",494.596395282236,"all_pixels",8537,1,930.273865217013,6411.09989594227,2303.84454942155,"all_pixels",8537
"418_b",7571,FALSE,"all_pixels",8.42115096349842,7.65639101513635,4.50486658942004,182.41385214107,"squared_euclidean_pc1_pc3",642.158058008509,"all_pixels",7564,1,1468.37434514021,10417.6335786646,3432.39965224858,"all_pixels",7564
"418_c",6627,FALSE,"all_pixels",7.63071916869281,6.75789681182266,4.70938609847928,160.805691591528,"squared_euclidean_pc1_pc3",571.94563973207,"all_pixels",6626,1,1640.19011142217,11294.4447089307,3781.11603272337,"all_pixels",6626
"418_d",6087,FALSE,"all_pixels",7.08694290972968,6.33645329710063,4.15990836047676,135.053508912077,"squared_euclidean_pc1_pc3",445.161179352411,"all_pixels",6087,1,997.360510030729,5856.12877081999,2359.09186929487,"all_pixels",6087
"419_a",5936,FALSE,"all_pixels",7.91245918905789,7.23732194855556,4.38574891573151,163.677127215103,"squared_euclidean_pc1_pc3",592.54915792913,"all_pixels",5928,1,1106.84985711954,8426.86265759417,2815.91388875871,"all_pixels",5928
"419_b",7260,FALSE,"all_pixels",7.77472068892934,7.11299794504058,4.15780141676196,155.462426479113,"squared_euclidean_pc1_pc3",545.500143058465,"all_pixels",7231,1,908.983214530878,6432.96941815548,2321.05969650268,"all_pixels",7231
"419_c",7492,FALSE,"all_pixels",8.21984382562327,7.31101724329405,4.96474447753708,184.422460487681,"squared_euclidean_pc1_pc3",578.483400560903,"all_pixels",7434,1,2019.95205607548,16844.6714602905,4671.77933793276,"all_pixels",7434
"419_d",5253,FALSE,"all_pixels",11.4080732446321,10.0387801399559,8.24910440953588,396.357809290972,"squared_euclidean_pc1_pc3",880.442896024463,"all_pixels",5252,1,4328.81459595372,40970.5483063818,10107.9134682337,"all_pixels",5252
"420_a",7179,FALSE,"all_pixels",8.03015101203185,6.58942198422723,4.89211896027711,176.82563894058,"squared_euclidean_pc1_pc3",614.70015280806,"all_pixels",7165,1,1485.53966416982,12623.9373025034,3623.08049961067,"all_pixels",7165
"420_b",8239,FALSE,"all_pixels",7.31445620245078,6.55337761077285,3.90403022479655,137.48174323683,"squared_euclidean_pc1_pc3",475.225238580247,"all_pixels",8215,1,823.681273824977,4555.36410411485,1970.22653705639,"all_pixels",8215
"420_c",8860,FALSE,"all_pixels",8.54388651839797,7.695908397502,4.66871833164195,189.584935098525,"squared_euclidean_pc1_pc3",652.264251853641,"all_pixels",8725,1,1138.90283653734,8114.63063452001,2748.37576413704,"all_pixels",8725
"420_d",8328,FALSE,"all_pixels",7.83279873872411,6.81564019956963,4.49440994460516,163.100062625403,"squared_euclidean_pc1_pc3",619.558015979693,"all_pixels",8309,1,1315.10937088795,8183.43219910209,3086.28351680271,"all_pixels",8309
"421_a",9081,FALSE,"all_pixels",7.70383086043986,6.5681391216189,5.18435571236718,172.447188645258,"squared_euclidean_pc1_pc3",573.846500608199,"all_pixels",9064,1,2050.92838576485,14427.741000288,4782.70742612813,"all_pixels",9064
"421_b",9289,FALSE,"all_pixels",8.01147587084582,7.15424085022751,4.59038723642986,170.506264314109,"squared_euclidean_pc1_pc3",578.594205550385,"all_pixels",9285,1,1408.70070481743,9961.62196685145,3394.24783691308,"all_pixels",9285
"421_c",8794,FALSE,"all_pixels",7.05028963866425,6.21659421408975,4.19651013523872,134.630557446435,"squared_euclidean_pc1_pc3",517.717087418826,"all_pixels",8727,1,1310.88870070191,9955.87120104496,3266.19045201419,"all_pixels",8727
"421_d",8777,FALSE,"all_pixels",7.12068494130211,5.68699460537375,4.94909438002744,150.389797131381,"squared_euclidean_pc1_pc3",609.495870511698,"all_pixels",8743,1,1768.34689146403,12534.9046634754,4087.52269760265,"all_pixels",8743
"422_a",9024,FALSE,"all_pixels",6.42753776282732,5.70868319686088,3.67628887147214,109.653687750284,"squared_euclidean_pc1_pc3",441.074513603055,"all_pixels",9022,1,802.300863636815,5129.7910343615,2001.42712998793,"all_pixels",9022
"422_b",8629,FALSE,"all_pixels",7.457924385794,6.7555469686356,3.96474001546621,142.675955735187,"squared_euclidean_pc1_pc3",609.032955540908,"all_pixels",8602,1,980.338352563634,6497.57008993038,2357.3789606812,"all_pixels",8602
"422_c",7358,FALSE,"all_pixels",8.21144310025278,6.92647221850184,5.39456819156548,193.050417394902,"squared_euclidean_pc1_pc3",727.585813084078,"all_pixels",7358,1,1568.10363872365,11355.2604585437,3665.10986469878,"all_pixels",7358
"422_d",8658,FALSE,"all_pixels",7.54892535437376,6.16481233967656,5.59895516024813,176.661904320468,"squared_euclidean_pc1_pc3",548.945035081902,"all_pixels",8654,1,1864.42986828016,10404.7354057143,4178.77499608145,"all_pixels",8654
"423_a",8305,FALSE,"all_pixels",6.41178654128213,5.87478978674734,3.41962546905941,105.606873903283,"squared_euclidean_pc1_pc3",495.688654681397,"all_pixels",8284,1,769.732747056846,4027.63213161072,1831.11944426084,"all_pixels",8284
"423_b",7139,FALSE,"all_pixels",7.21554265372191,6.58258329076248,4.09425692440386,137.649294942359,"squared_euclidean_pc1_pc3",497.048654699162,"all_pixels",7131,1,1246.22082803029,7076.51393895077,2855.26217122089,"all_pixels",7131
"423_c",7224,FALSE,"all_pixels",10.3574257612688,9.66853534142142,5.28565753693372,270.421153174285,"squared_euclidean_pc1_pc3",748.746102136027,"all_pixels",7196,1,1536.05672121227,11834.7144508084,3639.96418168806,"all_pixels",7196
"423_d",8505,FALSE,"all_pixels",8.19464942363217,7.51373982342645,4.45563392427844,174.005237215658,"squared_euclidean_pc1_pc3",687.97860862663,"all_pixels",8500,1,1426.08992347101,11719.5258006658,3471.64642346399,"all_pixels",8500
"424_a",6279,FALSE,"all_pixels",6.40945727957892,5.68241214038435,3.80445424584544,111.105419207431,"squared_euclidean_pc1_pc3",380.368467246526,"all_pixels",6276,1,641.552634724824,3552.21667284568,1607.99833740115,"all_pixels",6276
"424_b",6114,FALSE,"all_pixels",7.03766341241933,6.33011828500792,3.98832116916736,130.865620738672,"squared_euclidean_pc1_pc3",510.79692188546,"all_pixels",6092,1,1109.13296940916,8142.77512693971,2692.04737752756,"all_pixels",6092
"424_c",7789,FALSE,"all_pixels",7.46984690786904,6.71454361359878,4.25851933123615,147.862542879437,"squared_euclidean_pc1_pc3",500.388438631674,"all_pixels",7785,1,1029.09126512133,6076.97197750298,2400.31900909094,"all_pixels",7785
"424_d",6716,FALSE,"all_pixels",6.87921133939078,6.47004048857004,3.69393266054059,121.933310833364,"squared_euclidean_pc1_pc3",371.648041940119,"all_pixels",6695,1,1272.05743456471,7127.07843409636,2979.39613399442,"all_pixels",6695
"5_a",7500,FALSE,"all_pixels",9.71288969623627,9.21485146851376,4.56183506540233,230.295581406597,"squared_euclidean_pc1_pc3",848.038360707533,"all_pixels",7497,1,1491.35320609079,12412.2880812386,3583.41379252873,"all_pixels",7497
"5_b",7967,FALSE,"all_pixels",9.38537552141399,8.75035066901286,4.78330520557469,221.924821040356,"squared_euclidean_pc1_pc3",789.860671969605,"all_pixels",7920,1,1289.88411096419,10168.4956515275,3132.55773120345,"all_pixels",7920
"5_c",6821,FALSE,"all_pixels",8.83651002989557,8.17637653970832,4.58739961592158,198.250119063978,"squared_euclidean_pc1_pc3",693.695764887617,"all_pixels",6821,1,1470.0575422245,11160.8870410768,3451.25243921392,"all_pixels",6821
"5_d",6776,FALSE,"all_pixels",10.2935294526155,9.96638332080066,4.39983029042379,250.624796507867,"squared_euclidean_pc1_pc3",874.687783870582,"all_pixels",6776,1,1395.47696686552,10111.2535878672,3279.55480754883,"all_pixels",6776
"500_a",4975,FALSE,"all_pixels",6.66408370487102,6.38649678135084,3.26073021397944,110.08047199158,"squared_euclidean_pc1_pc3",378.246205644684,"all_pixels",4970,1,529.058636182967,2880.99391999146,1311.63290306437,"all_pixels",4970
"500_b",6556,FALSE,"all_pixels",6.43035986212927,5.71395670394399,3.84677446398431,112.289889227998,"squared_euclidean_pc1_pc3",479.672414748644,"all_pixels",6556,1,818.928201777281,6584.63658215203,2238.25524093852,"all_pixels",6556
"500_c",6734,FALSE,"all_pixels",7.37186105938037,6.7317620997543,4.08800888997672,142.107340912156,"squared_euclidean_pc1_pc3",535.106875908886,"all_pixels",6718,1,1387.23719523947,10954.9920835858,3314.68556445624,"all_pixels",6718
"500_d",7282,FALSE,"all_pixels",7.58392732465213,6.9447559789545,4.03462390244443,147.583816597575,"squared_euclidean_pc1_pc3",498.623502536868,"all_pixels",7260,1,983.853387987775,8828.49014673688,2656.14799029705,"all_pixels",7260
"501_a",7780,FALSE,"all_pixels",9.11593895139311,8.06471472708339,5.00797060156829,216.353777781868,"squared_euclidean_pc1_pc3",704.018629282351,"all_pixels",7761,1,1335.69792180476,14393.7109433283,3642.96038191711,"all_pixels",7761
"501_b",6482,FALSE,"all_pixels",11.6217040112742,10.2143786069391,5.97340846192489,341.480216113125,"squared_euclidean_pc1_pc3",867.176671894605,"all_pixels",6416,1,1454.48446153266,18006.4076751298,4226.41770087995,"all_pixels",6416
"501_c",7352,FALSE,"all_pixels",10.1197528866243,9.25931427075189,5.15035377423814,257.86386893748,"squared_euclidean_pc1_pc3",728.555742688195,"all_pixels",7333,1,1356.84161978596,18251.9245042225,4154.37393596465,"all_pixels",7333
"501_d",7491,FALSE,"all_pixels",9.14284300253553,8.06167359200931,5.35172048487579,224.457333881828,"squared_euclidean_pc1_pc3",762.17728536016,"all_pixels",7464,1,2057.26407515931,24151.8942514731,5571.35318716901,"all_pixels",7464
"502_a",7798,FALSE,"all_pixels",8.32167448384057,7.58089274619641,4.62078432636441,181.198351825921,"squared_euclidean_pc1_pc3",602.285131883832,"all_pixels",7741,1,956.131341189486,5937.86844055952,2300.00056384162,"all_pixels",7741
"502_b",8441,FALSE,"all_pixels",9.66689126030743,8.94939045448422,4.90948472266584,235.097942817137,"squared_euclidean_pc1_pc3",653.376691802731,"all_pixels",8438,1,936.589395208522,9083.68934740951,2710.28556410717,"all_pixels",8438
"502_c",8517,FALSE,"all_pixels",9.67141899801814,8.74667054872319,5.08844760394807,238.851208761342,"squared_euclidean_pc1_pc3",575.375028327055,"all_pixels",8474,1,939.054241303787,6855.1078154523,2546.71348608091,"all_pixels",8474
"502_d",7015,FALSE,"all_pixels",7.4153269828749,6.8458413118942,3.88744658401211,140.194321862482,"squared_euclidean_pc1_pc3",435.250969108205,"all_pixels",6924,1,658.270979904493,3767.26043436343,1698.37827807522,"all_pixels",6924
"503_a",7521,FALSE,"all_pixels",7.10105896038026,6.57537110753613,3.77195597280826,129.301596992356,"squared_euclidean_pc1_pc3",488.323029406315,"all_pixels",7438,1,816.629757368567,5510.47897651422,2052.61177104626,"all_pixels",7438
"503_b",7102,FALSE,"all_pixels",7.81510533588267,7.01141990013834,4.69999592479378,166.325445435949,"squared_euclidean_pc1_pc3",438.519172281335,"all_pixels",7028,1,606.981062106577,4192.36284316091,1676.29039368419,"all_pixels",7028
"503_c",7403,FALSE,"all_pixels",7.86097747279483,7.25809297785262,4.18020884367335,158.533504780719,"squared_euclidean_pc1_pc3",435.66132674759,"all_pixels",7384,1,669.323116891964,4586.26677550273,1768.9209483636,"all_pixels",7384
"503_d",7346,FALSE,"all_pixels",6.75908473064122,6.16641116049339,3.5317986994045,116.314260872599,"squared_euclidean_pc1_pc3",412.262742667956,"all_pixels",7343,1,884.107399970997,6177.06225671866,2241.88913318202,"all_pixels",7343
"504_a",7330,FALSE,"all_pixels",6.45312191222404,5.95682486586486,3.46743920671174,107.328553604663,"squared_euclidean_pc1_pc3",364.27314889525,"all_pixels",7282,1,619.124918944949,4105.62685312297,1651.54561754466,"all_pixels",7282
"504_b",7384,FALSE,"all_pixels",8.14985441205735,7.4557247210077,4.56347252871837,174.48517626573,"squared_euclidean_pc1_pc3",445.823415876108,"all_pixels",7373,1,882.934649245412,5779.94700127793,2270.96157185476,"all_pixels",7373
"504_c",7952,FALSE,"all_pixels",9.47846634984703,8.60447575324671,5.13531286541615,232.418892486293,"squared_euclidean_pc1_pc3",669.980028051387,"all_pixels",7872,1,1100.96571626637,7928.86404144524,2701.10647527208,"all_pixels",7872
"504_d",8094,FALSE,"all_pixels",7.52536153754832,6.70146747937036,4.02820581867362,145.711007277898,"squared_euclidean_pc1_pc3",475.531897067682,"all_pixels",8054,1,745.469786348422,6506.2792555913,2118.71500512127,"all_pixels",8054
"505_a",8900,FALSE,"all_pixels",9.63771446263586,8.49311262909733,5.50441304979952,246.36139750636,"squared_euclidean_pc1_pc3",829.741582037278,"all_pixels",8888,1,1615.8358611702,14257.4564591851,4063.32593244322,"all_pixels",8888
"505_b",8039,FALSE,"all_pixels",10.6101055372621,9.03606084031384,6.74011109520363,315.995571998768,"squared_euclidean_pc1_pc3",951.708402524114,"all_pixels",7997,1,2032.59915321744,15289.3665482819,4678.22226242083,"all_pixels",7997
"505_c",9224,FALSE,"all_pixels",8.65766180315356,7.24284814515702,5.25113830514014,205.053143945574,"squared_euclidean_pc1_pc3",832.500071866076,"all_pixels",9197,1,2100.14968070825,17749.935927373,4890.38167238428,"all_pixels",9197
"505_d",8463,FALSE,"all_pixels",11.2966534931272,10.363813914565,6.04687550391621,328.349525933592,"squared_euclidean_pc1_pc3",1058.25561993092,"all_pixels",8374,1,2085.68905403967,20450.2494699535,5325.61478721173,"all_pixels",8374
"506_a",9449,FALSE,"all_pixels",9.59396566195913,8.5356365170885,5.48036859137921,244.150876872521,"squared_euclidean_pc1_pc3",1029.80428787151,"all_pixels",9333,1,2651.46729141471,22275.2162106165,6283.96638422024,"all_pixels",9333
"506_b",9464,FALSE,"all_pixels",9.30403585383746,8.00404760562164,5.82532153363471,240.991737026068,"squared_euclidean_pc1_pc3",937.669341356145,"all_pixels",9363,1,1785.10931067071,17850.905806141,4582.85548263808,"all_pixels",9363
"506_c",8962,FALSE,"all_pixels",9.24611662290851,7.90029398695682,5.96519300743036,242.140459461482,"squared_euclidean_pc1_pc3",876.844667788579,"all_pixels",8785,1,1495.86210585276,10787.9433297076,3553.98035408018,"all_pixels",8785
"506_d",9515,FALSE,"all_pixels",9.88996298873592,8.64893386380354,5.97367384977347,266.984793622236,"squared_euclidean_pc1_pc3",990.147755906903,"all_pixels",9218,1,2882.70633274917,23472.1703460092,6825.33581309342,"all_pixels",9218
"507_a",6540,FALSE,"all_pixels",10.462604331864,8.76826866840334,6.12474560607409,293.945724573316,"squared_euclidean_pc1_pc3",774.595900282854,"all_pixels",6518,1,1642.18724513489,15050.9453556851,4173.82284296682,"all_pixels",6518
"507_b",7833,FALSE,"all_pixels",10.7237455988721,10.3838352904076,3.99434505012494,261.902950360209,"squared_euclidean_pc1_pc3",840.640298050796,"all_pixels",7657,1,1219.04457087443,9375.44915359023,3032.97801982589,"all_pixels",7657
"507_c",6191,FALSE,"all_pixels",8.33233795987897,8.07610557009877,3.84713934639088,168.451892767038,"squared_euclidean_pc1_pc3",594.293530269773,"all_pixels",6155,1,939.764862060711,5477.02388812407,2203.70465669654,"all_pixels",6155
"507_d",6331,FALSE,"all_pixels",7.80954468567597,7.15806861380625,4.2452605100355,158.016756661058,"squared_euclidean_pc1_pc3",606.613401506394,"all_pixels",6243,1,1224.37461320564,7979.78001307725,2868.28027353128,"all_pixels",6243
"508_a",7735,FALSE,"all_pixels",9.26270889904211,9.11510957013678,3.45659481715496,195.488558410216,"squared_euclidean_pc1_pc3",717.897021010154,"all_pixels",7704,1,996.740209124036,6262.71660114664,2365.17350253317,"all_pixels",7704
"508_b",6791,FALSE,"all_pixels",9.05812374584425,8.35917549039645,4.33798718311675,201.729935111778,"squared_euclidean_pc1_pc3",646.825640995779,"all_pixels",6704,1,951.262339593568,6075.01322453559,2311.5496914293,"all_pixels",6704
"508_c",8227,FALSE,"all_pixels",7.86698238310047,7.13569111311317,4.3006018577287,160.764680095413,"squared_euclidean_pc1_pc3",473.854696661675,"all_pixels",8167,1,845.686862303883,6080.91935980872,2123.16610270925,"all_pixels",8167
"508_d",6673,FALSE,"all_pixels",8.37595248201719,7.90168226064869,4.3206500408387,177.643598423121,"squared_euclidean_pc1_pc3",671.822374238629,"all_pixels",6569,1,1027.75964363328,7230.44267759631,2542.13631300863,"all_pixels",6569
"509_a",6911,FALSE,"all_pixels",7.36608423011271,6.72465778343263,4.02049674542565,140.84250405605,"squared_euclidean_pc1_pc3",502.262250059729,"all_pixels",6896,1,1140.49590372531,7329.02825677038,2709.01221252336,"all_pixels",6896
"509_b",7294,FALSE,"all_pixels",8.74704916094709,8.13545730521935,4.33319927169563,190.569821394509,"squared_euclidean_pc1_pc3",503.605048567002,"all_pixels",7223,1,879.128702287833,7054.28889314739,2319.71234365362,"all_pixels",7223
"509_c",8118,FALSE,"all_pixels",9.11182127192945,8.38527408202975,4.86860971332221,213.451455159989,"squared_euclidean_pc1_pc3",717.394094324165,"all_pixels",8059,1,1181.11812323072,8500.33864280824,2889.03658398471,"all_pixels",8059
"509_d",6911,FALSE,"all_pixels",8.48465095479453,7.74080612055304,4.81592483350317,190.358155706544,"squared_euclidean_pc1_pc3",631.668117940083,"all_pixels",6879,1,1431.55030290389,8508.08662872422,3300.16294744735,"all_pixels",6879
"510_a",8886,FALSE,"all_pixels",7.00045108827205,6.22930140027007,4.01823949158921,130.301494015097,"squared_euclidean_pc1_pc3",484.158582091238,"all_pixels",8879,1,837.14342803165,5765.32596743396,2133.63159890405,"all_pixels",8879
"510_b",9234,FALSE,"all_pixels",7.42448038319863,6.57824084266304,4.44094570107927,149.685543756211,"squared_euclidean_pc1_pc3",615.585175248401,"all_pixels",9197,1,1084.47916915813,8075.52490351227,2665.29587684785,"all_pixels",9197
"510_c",8936,FALSE,"all_pixels",8.17574345397399,7.07685787690597,4.95975615100045,182.878418569298,"squared_euclidean_pc1_pc3",707.353804822726,"all_pixels",8922,1,1345.16569546385,11668.4496916999,3369.99975454808,"all_pixels",8922
"510_d",7972,FALSE,"all_pixels",10.775013022536,9.66099006317457,6.6815096827508,321.475754710669,"squared_euclidean_pc1_pc3",912.400350415861,"all_pixels",7859,1,2298.31852384222,21379.5494285128,5742.15670342625,"all_pixels",7859
"511_a",8632,FALSE,"all_pixels",6.89777216685214,6.21653171192,3.98240233144057,126.873903801016,"squared_euclidean_pc1_pc3",589.5879827885,"all_pixels",8624,1,1747.84328027111,12461.3302583254,4067.10466617011,"all_pixels",8624
"511_b",8445,FALSE,"all_pixels",8.70842760553413,7.60048183516769,4.87419129143399,199.183277749467,"squared_euclidean_pc1_pc3",801.39800726931,"all_pixels",8293,1,1228.69187253819,10328.6262629845,3178.24321883675,"all_pixels",8293
"511_c",7120,FALSE,"all_pixels",8.65217520425578,7.9216704214483,4.80284723874391,195.84847513736,"squared_euclidean_pc1_pc3",678.097151804977,"all_pixels",7098,1,2010.14956628597,16241.9775808903,4659.39406462178,"all_pixels",7098
"511_d",8601,FALSE,"all_pixels",7.18666297044092,6.15692076933014,4.41387357082767,142.25627886392,"squared_euclidean_pc1_pc3",592.373054649496,"all_pixels",8469,1,1891.5776910138,15818.3961259281,4578.22655397816,"all_pixels",8469
"512_a",8122,FALSE,"all_pixels",7.13077925926618,6.51101961616884,3.99419124085238,133.599224544192,"squared_euclidean_pc1_pc3",553.847797384473,"all_pixels",7839,1,814.351006184887,6224.07602468364,2174.83993848953,"all_pixels",7839
"512_b",6987,FALSE,"all_pixels",8.29764605140391,7.73357673232785,3.92513022507096,168.510744466899,"squared_euclidean_pc1_pc3",530.572353621985,"all_pixels",6835,1,773.62020048324,5386.98856347409,1993.58369587178,"all_pixels",6835
"512_c",7980,FALSE,"all_pixels",8.46551712420233,7.72361148336696,4.266517987349,179.731749633638,"squared_euclidean_pc1_pc3",555.397369067819,"all_pixels",7929,1,859.2067890084,5442.74813772231,2089.82417672319,"all_pixels",7929
"512_d",6582,FALSE,"all_pixels",6.94859929415004,6.40454784298563,3.94348613606271,127.663504775315,"squared_euclidean_pc1_pc3",389.791404388404,"all_pixels",6549,1,638.276676951882,3701.82972460608,1645.50504504173,"all_pixels",6549
"513_a",7199,FALSE,"all_pixels",8.00050947231143,7.42078325629323,4.05460358199637,160.891356799079,"squared_euclidean_pc1_pc3",478.348283987853,"all_pixels",7199,1,844.929134116945,6078.78376622045,2190.61297367947,"all_pixels",7199
"513_b",7662,FALSE,"all_pixels",7.27870441508679,6.74496580313063,3.85878018598704,135.735558210123,"squared_euclidean_pc1_pc3",431.68929404548,"all_pixels",7480,1,637.394333191476,3645.7648804663,1583.90451615663,"all_pixels",7480
"513_c",8358,FALSE,"all_pixels",8.37901784158035,7.62510824683736,4.45719730562723,180.144341707334,"squared_euclidean_pc1_pc3",608.589071400406,"all_pixels",8239,1,1150.5135775804,8546.90860310729,2826.22725621819,"all_pixels",8239
"513_d",8338,FALSE,"all_pixels",7.37935065684184,6.69480507066492,4.15240691560398,143.390462738902,"squared_euclidean_pc1_pc3",610.445172046775,"all_pixels",8252,1,967.80946172765,7215.50985895724,2444.84039630437,"all_pixels",8252
"514_a",7568,FALSE,"all_pixels",8.08901561612942,7.43328503254074,4.2144814518002,166.383361155085,"squared_euclidean_pc1_pc3",618.510649203446,"all_pixels",7508,1,873.349407379365,5571.03670666266,2122.10151882069,"all_pixels",7508
"514_b",8903,FALSE,"all_pixels",8.91221625841091,7.96479297954406,4.77205840868582,204.395164484533,"squared_euclidean_pc1_pc3",836.530884147041,"all_pixels",8889,1,1455.16761896913,13642.369444634,3678.15921431994,"all_pixels",8889
"514_c",8905,FALSE,"all_pixels",6.7323088661361,5.70180085509799,4.413301422601,129.598049783635,"squared_euclidean_pc1_pc3",594.680649211451,"all_pixels",8884,1,1092.90246828886,6848.82054024952,2602.85738323593,"all_pixels",8884
"514_d",8585,FALSE,"all_pixels",8.27603123647187,7.20506188060469,5.08493507398502,188.692491806434,"squared_euclidean_pc1_pc3",759.280029090548,"all_pixels",8542,1,1954.41430315971,13317.9423919656,4482.92094003051,"all_pixels",8542
"515_a",8577,FALSE,"all_pixels",8.85810804917254,7.54747648599615,6.06221783023575,230.424556921118,"squared_euclidean_pc1_pc3",811.229456669546,"all_pixels",8574,1,2269.4349169788,18690.9812845717,5297.39838204541,"all_pixels",8574
"515_b",9364,FALSE,"all_pixels",7.3035785525024,6.25803049637792,4.43705893198519,146.055298344892,"squared_euclidean_pc1_pc3",689.355548967588,"all_pixels",9341,1,1275.99430365925,9638.78756908341,3107.09198301869,"all_pixels",9341
"515_c",8985,FALSE,"all_pixels",7.64810501419256,6.68491666852766,4.51053921947069,157.672420066128,"squared_euclidean_pc1_pc3",675.815436619102,"all_pixels",8932,1,1355.70400967421,10455.1921648661,3273.70060601608,"all_pixels",8932
"515_d",9437,FALSE,"all_pixels",6.06593367161723,5.24315481967262,3.72614709297456,101.356504436871,"squared_euclidean_pc1_pc3",484.920622894046,"all_pixels",9364,1,991.726616383836,6969.9286052511,2442.35160166069,"all_pixels",9364
"516_a",9078,FALSE,"all_pixels",6.949613404823,6.00316917581182,4.07424154407741,129.789484201208,"squared_euclidean_pc1_pc3",558.287116572536,"all_pixels",9060,1,1034.12534065826,8674.36339126536,2692.20122277773,"all_pixels",9060
"516_b",8326,FALSE,"all_pixels",6.69290122940612,6.03404437567803,3.49092975624693,113.960107501462,"squared_euclidean_pc1_pc3",506.630450403261,"all_pixels",8265,1,733.050894592388,5110.76833200804,1876.1643142835,"all_pixels",8265
"516_c",7684,FALSE,"all_pixels",7.57689067889349,6.79996996338007,4.38718834048346,153.308378049436,"squared_euclidean_pc1_pc3",533.898780848828,"all_pixels",7679,1,1086.45806845689,7349.7038141124,2615.70016785789,"all_pixels",7679
"516_d",7951,FALSE,"all_pixels",7.51986715589909,7.02204197640816,3.92746304440039,143.94285600847,"squared_euclidean_pc1_pc3",548.438731915544,"all_pixels",7938,1,1141.94290256408,9535.723973686,2885.24599248838,"all_pixels",7938
"517_a",7187,FALSE,"all_pixels",7.40899805844253,6.80385563431119,4.04166268562345,142.452033270835,"squared_euclidean_pc1_pc3",475.406456144342,"all_pixels",7187,1,1306.69051829756,8470.78993219063,3042.11111430533,"all_pixels",7187
"517_b",7286,FALSE,"all_pixels",7.13974541944811,6.50896546050161,4.09939530393432,135.557400057053,"squared_euclidean_pc1_pc3",466.489942834639,"all_pixels",7278,1,1046.02951397946,6726.62100758464,2531.77525748829,"all_pixels",7278
"517_c",8208,FALSE,"all_pixels",6.58699890767518,5.79050485753744,3.7598471892462,115.046566438084,"squared_euclidean_pc1_pc3",418.889356095524,"all_pixels",8208,1,795.250282544063,4818.0831129995,1956.99146567605,"all_pixels",8208
"517_d",8273,FALSE,"all_pixels",6.69624538923387,6.07020437087117,3.89132550546139,119.960572321832,"squared_euclidean_pc1_pc3",503.030354985068,"all_pixels",8273,1,1243.39468087792,6984.39022555078,2869.42370092389,"all_pixels",8273
"518_a",7739,FALSE,"all_pixels",6.6341330221111,6.04579148985735,3.72450698029795,115.76376145575,"squared_euclidean_pc1_pc3",428.188256614214,"all_pixels",7739,1,880.882806124655,5551.67916697856,2155.62385853919,"all_pixels",7739
"518_b",7612,FALSE,"all_pixels",7.27928206537651,6.59188863451751,4.06609718871926,139.037843501758,"squared_euclidean_pc1_pc3",510.531111948863,"all_pixels",7612,1,1142.00285829664,6848.44019853684,2688.86678564371,"all_pixels",7612
"518_c",7413,FALSE,"all_pixels",7.63261825553443,6.98324440277159,4.2989209879743,153.470180160731,"squared_euclidean_pc1_pc3",566.359028125284,"all_pixels",7413,1,1160.48152602142,7930.72989595189,2752.93280739378,"all_pixels",7413
"518_d",7346,FALSE,"all_pixels",6.37323286117525,5.80953396448601,3.59521440547172,107.083808372022,"squared_euclidean_pc1_pc3",427.579675314088,"all_pixels",7346,1,842.489016988344,4898.02667719843,2063.31205795015,"all_pixels",7346
"519_a",5715,FALSE,"all_pixels",8.10864779485302,6.78965647107912,5.43493910394065,190.567127044114,"squared_euclidean_pc1_pc3",598.738888525556,"all_pixels",5703,1,1760.83909334322,11319.8091282107,3974.9216552646,"all_pixels",5703
"519_b",7268,FALSE,"all_pixels",8.48540914229822,7.82823256330246,4.50089681338137,184.51490628049,"squared_euclidean_pc1_pc3",683.902798432979,"all_pixels",7268,1,1412.66675423538,10384.2472405986,3350.00490079935,"all_pixels",7268
"519_c",7191,FALSE,"all_pixels",11.9487090995488,10.9888981674253,6.15280475723585,361.246782056257,"squared_euclidean_pc1_pc3",1043.2003421426,"all_pixels",7177,1,2522.08952295483,25211.5279033421,6008.09466464343,"all_pixels",7177
"519_d",8079,FALSE,"all_pixels",8.94460024475556,7.71533379689144,5.38157054138214,217.927180534406,"squared_euclidean_pc1_pc3",772.594310545578,"all_pixels",8065,1,2316.47518461658,17014.3440232079,5324.45057522527,"all_pixels",8065
"520_a",6791,FALSE,"all_pixels",8.03245401961223,7.44580147538986,4.18037147868106,163.986499887528,"squared_euclidean_pc1_pc3",623.545609777715,"all_pixels",6786,1,1289.71585258619,8692.741373139,3011.8426670323,"all_pixels",6786
"520_b",8356,FALSE,"all_pixels",10.2202832233442,9.41988013583136,5.13704201835827,261.680463499471,"squared_euclidean_pc1_pc3",804.751342227295,"all_pixels",8343,1,1593.15047430703,14873.362957907,3980.03314509835,"all_pixels",8343
"520_c",8852,FALSE,"all_pixels",7.75618393349674,6.92202900921997,4.18689629152993,155.37301882295,"squared_euclidean_pc1_pc3",575.898707909228,"all_pixels",8833,1,1046.57731589544,8168.92882128145,2644.07121110791,"all_pixels",8833
"520_d",8445,FALSE,"all_pixels",8.50744218613373,7.96163587039074,4.37119432878252,182.963299695884,"squared_euclidean_pc1_pc3",619.275798342889,"all_pixels",8352,1,1508.97329435352,10601.7438957922,3485.86122602608,"all_pixels",8352
"521_a",8655,FALSE,"all_pixels",6.76610234117846,6.0251818853683,3.77611037703132,120.075005965431,"squared_euclidean_pc1_pc3",431.866296652402,"all_pixels",8620,1,835.198233462802,4483.93151459044,1975.56442642377,"all_pixels",8620
"521_b",8384,FALSE,"all_pixels",7.49441289215599,6.38920641508308,4.95932836175368,161.516457682592,"squared_euclidean_pc1_pc3",468.332202735608,"all_pixels",8311,1,2130.33854389335,15065.4175344534,4916.7762572007,"all_pixels",8311
"521_c",8996,FALSE,"all_pixels",7.06152496931619,5.45077262112194,5.83095962434145,167.722891130839,"squared_euclidean_pc1_pc3",641.278836255203,"all_pixels",8975,1,2032.33324715109,15071.0889377638,4837.57532116938,"all_pixels",8975
"521_d",8174,FALSE,"all_pixels",7.25241802654597,6.43053876635835,4.18681383210088,140.249665527535,"squared_euclidean_pc1_pc3",484.382702393082,"all_pixels",8174,1,829.286039036613,5188.17390943738,2034.20282131496,"all_pixels",8174
"522_a",8898,FALSE,"all_pixels",7.34437987315467,6.30063782703973,4.58761194732199,149.967467658367,"squared_euclidean_pc1_pc3",534.851972396502,"all_pixels",8842,1,1325.72668881295,7368.94266719334,3016.84699116992,"all_pixels",8842
"522_b",9120,FALSE,"all_pixels",8.25634594837762,7.20291070603922,5.48219026898114,196.436726249788,"squared_euclidean_pc1_pc3",627.380079018313,"all_pixels",9119,1,2270.66734980436,17100.7279633623,5433.07950885408,"all_pixels",9119
"522_c",9215,FALSE,"all_pixels",7.765678941108,6.91234276918618,4.57833191096818,162.529235658243,"squared_euclidean_pc1_pc3",660.95276598625,"all_pixels",9152,1,1446.21607684569,9876.06792250012,3327.43934456431,"all_pixels",9152
"522_d",9162,FALSE,"all_pixels",5.96654195713683,5.21207394195176,3.61559726543454,97.3414793800919,"squared_euclidean_pc1_pc3",484.069336057766,"all_pixels",9153,1,820.555469328141,4988.65469870057,1962.96433952747,"all_pixels",9153
"523_a",9096,FALSE,"all_pixels",6.30764880090889,5.30452441291179,3.81232634563027,108.637335468878,"squared_euclidean_pc1_pc3",553.820753980453,"all_pixels",9086,1,1233.14022012249,7945.04350449478,2914.82568097628,"all_pixels",9086
"523_b",8369,FALSE,"all_pixels",7.79141815134698,6.71530990386127,4.54133947427057,162.654993450448,"squared_euclidean_pc1_pc3",638.779383443282,"all_pixels",8369,1,1245.62900706842,8298.84221970907,2924.5303520919,"all_pixels",8369
"523_c",6685,FALSE,"all_pixels",8.57776322559197,8.05857585361768,4.59062397829529,189.297396118511,"squared_euclidean_pc1_pc3",539.466161054755,"all_pixels",6676,1,826.662873899741,5454.43151658093,2089.7970495424,"all_pixels",6676
"523_d",8751,FALSE,"all_pixels",6.51165409441089,5.50617234661915,4.61700170066873,127.431815665606,"squared_euclidean_pc1_pc3",473.653320461807,"all_pixels",8684,1,1547.82432637461,11071.4024668389,3662.87514188746,"all_pixels",8684
"524_a",6274,FALSE,"all_pixels",7.44121881423019,6.95803401649931,4.41103204051094,149.651679719715,"squared_euclidean_pc1_pc3",413.74672196388,"all_pixels",6244,1,1191.68878468025,6616.3211412071,2688.21268041522,"all_pixels",6244
"524_b",7155,FALSE,"all_pixels",6.22198722436465,5.72559534793618,3.44741134366832,101.192217932118,"squared_euclidean_pc1_pc3",348.136793756636,"all_pixels",7127,1,529.656266116374,2719.55279100057,1299.79368596008,"all_pixels",7127
"524_c",7821,FALSE,"all_pixels",7.60220891908201,6.96005082972972,4.20501870144784,150.947003738759,"squared_euclidean_pc1_pc3",514.61399075633,"all_pixels",7807,1,697.584998524774,4839.95885803808,1821.00839375044,"all_pixels",7807
"524_d",6300,FALSE,"all_pixels",7.87305054615635,7.43328237940149,4.14839531460086,158.382753944154,"squared_euclidean_pc1_pc3",472.560542115879,"all_pixels",6265,1,934.224715984268,5278.8927498209,2225.92980150502,"all_pixels",6265
"6_a",7734,FALSE,"all_pixels",9.32396948569377,8.67683806081306,4.67923166716662,217.657569864386,"squared_euclidean_pc1_pc3",814.061181058607,"all_pixels",7726,1,1425.32032053111,11589.427850818,3497.98158590987,"all_pixels",7726
"6_b",7788,FALSE,"all_pixels",8.53707978253112,7.71534136687335,4.80325464521554,191.900047978604,"squared_euclidean_pc1_pc3",656.797208623008,"all_pixels",7684,1,1412.2281428879,9743.54325662487,3365.27097938785,"all_pixels",7684
"6_c",6064,FALSE,"all_pixels",7.23020360884967,6.54634712751632,3.99145890506668,136.409922299473,"squared_euclidean_pc1_pc3",530.831328685064,"all_pixels",6038,1,1054.41523952528,7906.05514037003,2652.89460626126,"all_pixels",6038
"6_d",6877,FALSE,"all_pixels",7.05260780026498,6.58988655525413,3.64595442712382,126.060655012878,"squared_euclidean_pc1_pc3",526.321512117773,"all_pixels",6875,1,1128.01386170034,7663.64237419422,2732.75874544946,"all_pixels",6875
"600_a",7064,FALSE,"all_pixels",7.43076283318844,6.77452476467772,3.94152213223176,141.499267477118,"squared_euclidean_pc1_pc3",470.312918208174,"all_pixels",7055,1,1058.81932840335,7463.38432000071,2580.13323631279,"all_pixels",7055
"600_b",6421,FALSE,"all_pixels",5.3734500360226,4.9665372711152,2.85790396668103,74.0806167126969,"squared_euclidean_pc1_pc3",286.282320962344,"all_pixels",6397,1,532.078897426257,2542.55140491497,1267.22718084444,"all_pixels",6397
"600_c",5812,FALSE,"all_pixels",7.80138288531221,7.22092635116677,4.01628502802981,153.978689926551,"squared_euclidean_pc1_pc3",509.13180445856,"all_pixels",5799,1,829.419431605408,6612.14146925515,2276.77179301858,"all_pixels",5799
"600_d",6839,FALSE,"all_pixels",6.81794196567223,6.22442589334087,3.49951798294946,117.458336112096,"squared_euclidean_pc1_pc3",433.817398095657,"all_pixels",6815,1,701.32482025341,5268.80541908803,1877.30897029142,"all_pixels",6815
"601_a",6359,FALSE,"all_pixels",5.22497884591699,4.77485268607899,3.03889727557024,73.0676966712614,"squared_euclidean_pc1_pc3",276.636537495543,"all_pixels",6329,1,518.816682576348,3379.0965759705,1427.41672787017,"all_pixels",6329
"601_b",7173,FALSE,"all_pixels",9.03167857619764,8.65269919819395,4.47119967480582,203.120114738873,"squared_euclidean_pc1_pc3",544.812037963372,"all_pixels",7146,1,1323.57038425343,9354.42168701487,3126.33031183071,"all_pixels",7146
"601_c",7349,FALSE,"all_pixels",8.58164161914204,7.96597149701787,4.4782093762395,187.39240648262,"squared_euclidean_pc1_pc3",599.712707599542,"all_pixels",7320,1,985.928989726464,8332.4394459451,2647.05890985256,"all_pixels",7320
"601_d",7024,FALSE,"all_pixels",7.19428726286744,6.56853802806283,4.07850224199519,136.779163133253,"squared_euclidean_pc1_pc3",453.395014777206,"all_pixels",6918,1,667.402090996209,3745.91141395621,1646.68537900639,"all_pixels",6918
"602_a",7491,FALSE,"all_pixels",7.19664034501221,6.37702138686051,4.18817055674106,138.660126576466,"squared_euclidean_pc1_pc3",497.887376091865,"all_pixels",7313,1,879.246524221628,5298.44517963684,2105.42571737879,"all_pixels",7313
"602_b",7711,FALSE,"all_pixels",8.20446607147159,7.52068935669484,4.2738888518541,171.154041191687,"squared_euclidean_pc1_pc3",607.104383242807,"all_pixels",7603,1,895.70175004078,6602.70498211317,2247.7924265541,"all_pixels",7603
"602_c",7838,FALSE,"all_pixels",8.13966425218993,7.68578661127292,4.19348421200381,167.674400756288,"squared_euclidean_pc1_pc3",580.837676404308,"all_pixels",7744,1,937.441796954089,7378.69882362224,2463.03055310723,"all_pixels",7744
"602_d",7354,FALSE,"all_pixels",6.67123417584084,6.08969644166994,3.7434596272416,117.033899698916,"squared_euclidean_pc1_pc3",502.433896218701,"all_pixels",7299,1,942.144271601336,7575.53360882387,2442.30157591503,"all_pixels",7299
"603_a",7554,FALSE,"all_pixels",5.97340773212793,5.34769095625181,3.27581570620146,92.8222958150481,"squared_euclidean_pc1_pc3",433.999279964477,"all_pixels",7498,1,615.974732623287,4193.27005941532,1592.79202153454,"all_pixels",7498
"603_b",7583,FALSE,"all_pixels",7.1513379772986,6.49914152313942,3.81960971796737,131.45825859845,"squared_euclidean_pc1_pc3",528.583346206024,"all_pixels",7576,1,873.711811063605,7649.78796579036,2484.03519751617,"all_pixels",7576
"603_c",7236,FALSE,"all_pixels",6.13832454400093,5.46175249356382,3.58082996895354,100.999198906271,"squared_euclidean_pc1_pc3",372.883842819828,"all_pixels",7180,1,648.572178045888,3719.62954624052,1594.71974803157,"all_pixels",7180
"603_d",7968,FALSE,"all_pixels",5.38887024102713,4.92665533106772,2.98397491195671,75.8858225331951,"squared_euclidean_pc1_pc3",319.692962255982,"all_pixels",7897,1,707.297037272561,3528.94815399529,1638.1024487697,"all_pixels",7897
"604_a",6188,FALSE,"all_pixels",5.67288266898104,5.1385314919643,3.19063715443815,84.7202361619657,"squared_euclidean_pc1_pc3",330.528740354284,"all_pixels",6174,1,549.223380043659,3617.74448645019,1458.43637327078,"all_pixels",6174
"604_b",4961,FALSE,"all_pixels",6.88742937481914,6.38884934785812,3.22630905960329,115.687310722735,"squared_euclidean_pc1_pc3",380.574743591221,"all_pixels",4930,1,557.850900417852,2974.2704995991,1389.26539123676,"all_pixels",4930
"604_c",8006,FALSE,"all_pixels",8.98922587690686,8.08978956438255,4.99572237566823,211.520613207071,"squared_euclidean_pc1_pc3",579.206241336082,"all_pixels",7998,1,1124.7262899687,8416.97528671358,2777.98546998025,"all_pixels",7998
"604_d",6139,FALSE,"all_pixels",9.21388352499166,8.48940172863851,4.82446365658355,216.334615556965,"squared_euclidean_pc1_pc3",583.946139377233,"all_pixels",6103,1,991.976881227435,8244.63139985584,2628.59044196419,"all_pixels",6103
"605_a",7949,FALSE,"all_pixels",8.36823169594661,7.7641597581844,4.40102372429402,178.787749757819,"squared_euclidean_pc1_pc3",603.035802204393,"all_pixels",7857,1,978.969196499833,6198.76987397926,2366.8358532441,"all_pixels",7857
"605_b",9137,FALSE,"all_pixels",9.607260921105,8.99711202935262,4.52832782371398,225.605942061534,"squared_euclidean_pc1_pc3",792.126324068015,"all_pixels",9078,1,1273.99859880592,9227.32918685568,3109.51865623624,"all_pixels",9078
"605_c",9095,FALSE,"all_pixels",10.3815531831827,9.69026262781553,5.14568811666648,268.503682815299,"squared_euclidean_pc1_pc3",905.133740798805,"all_pixels",9011,1,1430.73575930038,13816.3750665975,3721.81366398685,"all_pixels",9011
"605_d",8035,FALSE,"all_pixels",11.2424311604288,10.1854929376461,6.32045110017949,332.670777490867,"squared_euclidean_pc1_pc3",748.304910543833,"all_pixels",7889,1,1264.47507321531,10947.0154139452,3402.98869291661,"all_pixels",7889
"606_a",8042,FALSE,"all_pixels",10.2076880834409,9.19936910912252,5.42348266385202,267.214805291266,"squared_euclidean_pc1_pc3",797.657835873874,"all_pixels",7935,1,1757.56895326418,17863.3369045235,4596.13390117468,"all_pixels",7935
"606_b",8317,FALSE,"all_pixels",10.9637147863821,9.90931523657413,5.72106121366147,305.859295898568,"squared_euclidean_pc1_pc3",973.674591305933,"all_pixels",8094,1,1746.73794853124,17150.584785379,4450.64413524417,"all_pixels",8094
"606_c",9038,FALSE,"all_pixels",13.5410144278349,11.8241911130266,7.62114896874369,482.869113853242,"squared_euclidean_pc1_pc3",1212.5590459082,"all_pixels",8961,1,2917.37977859403,37212.2804400791,7561.70626375843,"all_pixels",8961
"606_d",7529,FALSE,"all_pixels",10.5773628676322,8.80982368179368,7.11777916218635,325.073312833458,"squared_euclidean_pc1_pc3",860.364571721232,"all_pixels",7436,1,1606.48432251313,11878.6143083793,3877.83111678697,"all_pixels",7436
"607_a",7664,FALSE,"all_pixels",10.0521191903246,9.0320619462114,5.98531359313323,273.728809411798,"squared_euclidean_pc1_pc3",752.676108420696,"all_pixels",7657,1,1960.67331192388,19164.3867527163,4960.62425111441,"all_pixels",7657
"607_b",7224,FALSE,"all_pixels",14.1211327963021,11.76559180461,9.02489248373285,561.687602117833,"squared_euclidean_pc1_pc3",1079.50122124414,"all_pixels",7089,1,2654.33856060209,30399.0540410615,7082.124153053,"all_pixels",7089
"607_c",6327,FALSE,"all_pixels",8.51750591616535,7.71724956753468,4.55187060618664,186.528316536982,"squared_euclidean_pc1_pc3",611.391389317498,"all_pixels",6300,1,1231.06434354112,9987.89181202127,3038.65393237111,"all_pixels",6300
"607_d",6805,FALSE,"all_pixels",7.24228990217473,6.67197789588678,3.64323162694691,131.443898434104,"squared_euclidean_pc1_pc3",507.921856173176,"all_pixels",6702,1,910.861233271975,7280.09715097119,2360.37508199891,"all_pixels",6702
"608_a",6475,FALSE,"all_pixels",7.51381134567253,7.06465456693441,3.88389298998943,143.079312048538,"squared_euclidean_pc1_pc3",520.292288192907,"all_pixels",6451,1,873.758006201784,7304.71978510631,2321.22082232806,"all_pixels",6451
"608_b",6607,FALSE,"all_pixels",8.17264778087634,7.57699932783909,4.07763545618269,166.833532147325,"squared_euclidean_pc1_pc3",577.587393363341,"all_pixels",6526,1,1142.41087501407,10090.0501717008,2971.12703489346,"all_pixels",6526
"608_c",7798,FALSE,"all_pixels",8.41702876656744,7.67409475535133,4.57744778861776,183.593429080207,"squared_euclidean_pc1_pc3",560.794671286985,"all_pixels",7779,1,987.814260788783,7911.00214614735,2644.505259469,"all_pixels",7779
"608_d",6672,FALSE,"all_pixels",7.44401474859187,6.91795844301831,3.84708971275168,140.422473189833,"squared_euclidean_pc1_pc3",505.397051024796,"all_pixels",6577,1,816.335867156193,6152.53840937311,2114.20809875869,"all_pixels",6577
"609_a",6035,FALSE,"all_pixels",7.57564535549048,6.95913072704294,3.98658510156783,146.561259751721,"squared_euclidean_pc1_pc3",487.157764868545,"all_pixels",6023,1,966.390197941246,6565.76811619213,2343.52589405953,"all_pixels",6023
"609_b",6043,FALSE,"all_pixels",7.45993808410644,6.91881006390472,3.76890391362172,139.705924670567,"squared_euclidean_pc1_pc3",454.229941032522,"all_pixels",6024,1,861.229153430155,6098.49390720915,2206.76303252551,"all_pixels",6024
"609_c",7418,FALSE,"all_pixels",8.34755710712342,7.79661924834979,4.35582675808099,177.304757350083,"squared_euclidean_pc1_pc3",562.501209676284,"all_pixels",7406,1,911.663436556402,6165.84242500513,2244.59368823713,"all_pixels",7406
"609_d",7855,FALSE,"all_pixels",10.20933705388,9.84093998086814,4.69900644247924,252.616827187057,"squared_euclidean_pc1_pc3",691.36621798954,"all_pixels",7780,1,1177.63824231995,8280.12734742279,2843.90453643267,"all_pixels",7780
"610_a",8328,FALSE,"all_pixels",8.2706014515978,7.65229579093467,4.31774555310463,174.087072897267,"squared_euclidean_pc1_pc3",564.494704255144,"all_pixels",8267,1,1103.54957905389,6360.12011268651,2509.27883820926,"all_pixels",8267
"610_b",8629,FALSE,"all_pixels",7.77531996603998,6.9005329287811,4.57795544417206,162.821695748034,"squared_euclidean_pc1_pc3",531.237233675356,"all_pixels",8521,1,1142.95675132834,7624.05373199849,2777.92235151946,"all_pixels",8521
"610_c",7742,FALSE,"all_pixels",10.410892513891,9.14315101287983,7.17890910963914,319.833524334646,"squared_euclidean_pc1_pc3",904.694116855065,"all_pixels",7716,1,2285.12814793691,20274.3374807997,5727.7502709672,"all_pixels",7716
"610_d",7763,FALSE,"all_pixels",7.81733073427459,7.29246483655342,4.28664945121205,158.967312564978,"squared_euclidean_pc1_pc3",516.466851147427,"all_pixels",7724,1,1021.60977568999,6842.32776985585,2557.18237237177,"all_pixels",7724
"611_a",7946,FALSE,"all_pixels",6.46271247511888,5.94596675766966,3.61836803958931,109.715184221252,"squared_euclidean_pc1_pc3",456.897232475109,"all_pixels",7655,1,774.294259566443,4719.77314899676,1951.62844516769,"all_pixels",7655
"611_b",7932,FALSE,"all_pixels",7.88118848821312,7.22795939385766,4.04484129168642,156.943620873456,"squared_euclidean_pc1_pc3",579.419293868466,"all_pixels",7873,1,1508.86429614635,10887.082624168,3658.7729592561,"all_pixels",7873
"611_c",8162,FALSE,"all_pixels",7.28991312699225,6.78476287137905,3.74998130357122,134.406940540209,"squared_euclidean_pc1_pc3",485.036343587138,"all_pixels",7810,1,822.681990219594,6604.88262685093,2166.51050423912,"all_pixels",7810
"611_d",7884,FALSE,"all_pixels",6.74463874770631,6.1777204510766,3.61353459659642,117.092255797294,"squared_euclidean_pc1_pc3",454.655927990585,"all_pixels",7800,1,904.932521379905,6249.14765041771,2241.18183848584,"all_pixels",7800
"612_a",7383,FALSE,"all_pixels",8.24621639268573,7.08085002900872,5.12219429556382,188.466811018122,"squared_euclidean_pc1_pc3",675.557719598581,"all_pixels",7325,1,1297.48068909483,10050.8978789777,3163.26410269577,"all_pixels",7325
"612_b",7850,FALSE,"all_pixels",7.94621708288951,7.32237217928728,4.43326928390125,165.587477586894,"squared_euclidean_pc1_pc3",636.156725084378,"all_pixels",7785,1,1101.84435420141,6889.52031912645,2655.94440068307,"all_pixels",7785
"612_c",6950,FALSE,"all_pixels",7.55079231519459,7.17639988272409,3.76142235035818,142.321453917261,"squared_euclidean_pc1_pc3",547.197336466233,"all_pixels",6868,1,898.180128025542,5794.0826633192,2175.51101237087,"all_pixels",6868
"612_d",6820,FALSE,"all_pixels",8.73810520640518,8.20804375872018,4.39233023231576,191.288437292184,"squared_euclidean_pc1_pc3",716.48980686745,"all_pixels",6813,1,1328.3656921825,8958.27609765746,3099.39204410243,"all_pixels",6813
"613_a",7732,FALSE,"all_pixels",9.25302806217608,8.75441054032252,4.32071170738939,208.569327049822,"squared_euclidean_pc1_pc3",704.042986300304,"all_pixels",7668,1,1176.58883698482,7916.78954865522,2815.07045380274,"all_pixels",7668
"613_b",5122,FALSE,"all_pixels",10.2045871847075,7.7133905998177,8.70675582754627,359.852792521827,"squared_euclidean_pc1_pc3",562.615738452334,"all_pixels",5122,1,2486.2805422205,18212.5443795028,5858.31014035512,"all_pixels",5122
"613_c",8099,FALSE,"all_pixels",5.17707666341911,4.57357027011249,3.0613537036226,72.345704223436,"squared_euclidean_pc1_pc3",299.285606836329,"all_pixels",8067,1,543.991539508307,2397.38771336811,1294.46455358647,"all_pixels",8067
"613_d",6865,FALSE,"all_pixels",6.86890613153655,6.38010790926774,3.50505204131588,118.930943374786,"squared_euclidean_pc1_pc3",354.006088524819,"all_pixels",6800,1,572.060367290583,3456.82979804981,1477.89563178073,"all_pixels",6800
"614_a",7102,FALSE,"all_pixels",6.21137882213356,5.39075173808695,3.68201195113458,104.273059903187,"squared_euclidean_pc1_pc3",398.767254997779,"all_pixels",7095,1,672.304778507422,4656.36642263279,1750.0693644144,"all_pixels",7095
"614_b",8004,FALSE,"all_pixels",7.53024392781781,6.66217047343607,4.36695591819516,151.544990014392,"squared_euclidean_pc1_pc3",515.628550032846,"all_pixels",7953,1,898.509867402076,5292.08750391116,2146.47617279555,"all_pixels",7953
"614_c",8336,FALSE,"all_pixels",8.4381924639459,7.72431474762124,4.71662571694463,186.893962958706,"squared_euclidean_pc1_pc3",618.767000644928,"all_pixels",8335,1,1050.07328908117,6704.4839973596,2449.9995349971,"all_pixels",8335
"614_d",7314,FALSE,"all_pixels",4.84451805266219,4.50765479898976,2.51337123580365,59.5710528813449,"squared_euclidean_pc1_pc3",308.343430075382,"all_pixels",7269,1,414.434938415981,2342.64255202845,1100.44653549715,"all_pixels",7269
"615_a",8202,FALSE,"all_pixels",6.00073395265207,5.14480715837374,3.44956317640172,95.81368655102,"squared_euclidean_pc1_pc3",382.840795979695,"all_pixels",8170,1,711.035412848488,4698.35536331093,1816.45122159542,"all_pixels",8170
"615_b",7902,FALSE,"all_pixels",6.98695719211395,6.30125400065381,3.74397977744151,125.666362949871,"squared_euclidean_pc1_pc3",518.334635459543,"all_pixels",7807,1,1029.86703913087,8763.47920797096,2654.6207280342,"all_pixels",7807
"615_c",8789,FALSE,"all_pixels",6.42869479160315,5.72358646024966,3.52208236948133,107.46353902064,"squared_euclidean_pc1_pc3",484.573677386929,"all_pixels",8787,1,990.10180885927,6778.5694130034,2422.12787089636,"all_pixels",8787
"615_d",8186,FALSE,"all_pixels",6.6870725785232,6.05731661148199,3.54655053463929,114.586847673767,"squared_euclidean_pc1_pc3",451.325327648292,"all_pixels",8186,1,711.31728858477,5255.21859268503,1881.31931576978,"all_pixels",8186
"616_a",9193,FALSE,"all_pixels",6.44232252429863,5.59243628456408,3.86015330389828,112.805364306035,"squared_euclidean_pc1_pc3",563.410282410706,"all_pixels",9036,1,1435.84117022403,10951.3781964803,3461.10157593149,"all_pixels",9036
"616_b",9442,FALSE,"all_pixels",6.74443898154185,6.00346367682893,3.87213201421608,120.958551126237,"squared_euclidean_pc1_pc3",613.832256237739,"all_pixels",9442,1,1306.92113467174,10132.4712040427,3168.50461726912,"all_pixels",9442
"616_c",7523,FALSE,"all_pixels",8.62875325931066,7.9922550777675,4.6628191098092,192.388749612188,"squared_euclidean_pc1_pc3",695.950341280788,"all_pixels",7480,1,1370.77298333916,11112.6270102904,3371.69933099815,"all_pixels",7480
"616_d",9161,FALSE,"all_pixels",8.87396661141961,7.4290701221029,5.83287575479269,225.532018313502,"squared_euclidean_pc1_pc3",823.877019742601,"all_pixels",9115,1,2423.86587447609,21374.6299367881,5747.07614138381,"all_pixels",9115
"617_a",7211,FALSE,"all_pixels",9.2665629168922,8.51748975565338,5.23107718357834,226.4591240238,"squared_euclidean_pc1_pc3",598.0210057038,"all_pixels",7196,1,1071.74526982556,6465.69829637432,2507.03702435978,"all_pixels",7196
"617_b",7449,FALSE,"all_pixels",7.81004297448282,7.38845546996277,4.08217566660547,155.317384672515,"squared_euclidean_pc1_pc3",516.056520724577,"all_pixels",7449,1,818.735857863439,5653.96004393048,2090.69921219624,"all_pixels",7449
"617_c",7599,FALSE,"all_pixels",6.57838898893725,5.97865458694571,3.69535990544859,113.85817896696,"squared_euclidean_pc1_pc3",433.497630653878,"all_pixels",7494,1,936.325943412753,5807.00350407966,2297.61094395826,"all_pixels",7494
"617_d",7984,FALSE,"all_pixels",7.99291663397155,7.2168850091227,4.50016458764493,168.271322250663,"squared_euclidean_pc1_pc3",595.349138025484,"all_pixels",7984,1,969.148790752067,5688.92719320529,2301.10077373266,"all_pixels",7984
"618_a",7646,FALSE,"all_pixels",6.53251746696948,5.68105090064904,3.95012868472454,116.550520679428,"squared_euclidean_pc1_pc3",414.222391587433,"all_pixels",7642,1,721.377931251141,4681.28107827306,1847.54404607996,"all_pixels",7642
"618_b",7554,FALSE,"all_pixels",7.33914699769064,6.64472396093882,4.25812413095709,143.98459900159,"squared_euclidean_pc1_pc3",493.315127722496,"all_pixels",7554,1,750.831415003994,4809.23789411077,1930.40191218025,"all_pixels",7554
"618_c",7992,FALSE,"all_pixels",5.91842396887993,5.16291365803312,3.47408274025887,94.1909659900994,"squared_euclidean_pc1_pc3",376.472781636743,"all_pixels",7989,1,755.705088768637,4533.60435232503,1869.35739108116,"all_pixels",7989
"618_d",8143,FALSE,"all_pixels",8.07798473628685,7.43913469807238,4.4653440125321,170.381371814567,"squared_euclidean_pc1_pc3",540.20406554954,"all_pixels",8133,1,947.707518664897,6697.26191222363,2417.67811921512,"all_pixels",8133
"619_a",6898,FALSE,"all_pixels",8.32539267221462,7.36693350201385,4.86257391371613,185.906720924221,"squared_euclidean_pc1_pc3",604.99545820221,"all_pixels",6898,1,1809.10777750653,13282.8308340883,4259.07663925618,"all_pixels",6898
"619_b",7399,FALSE,"all_pixels",6.97017500597167,6.28764667074459,4.04614534244984,129.904838220643,"squared_euclidean_pc1_pc3",370.414194320505,"all_pixels",7349,1,715.215400415653,4187.40202368977,1802.95474612566,"all_pixels",7349
"619_c",7188,FALSE,"all_pixels",7.01412641594435,6.31748487264783,3.99146034340143,130.255017227776,"squared_euclidean_pc1_pc3",439.920758982322,"all_pixels",7188,1,776.224883824211,4758.63531332424,1947.37940972828,"all_pixels",7188
"619_d",7212,FALSE,"all_pixels",7.33488341180507,6.229781689614,4.62119146898408,150.305928327385,"squared_euclidean_pc1_pc3",526.659479474432,"all_pixels",7201,1,1365.45579992641,8432.65670976624,3155.86479275706,"all_pixels",7201
"620_a",6853,FALSE,"all_pixels",7.26670668746685,6.03888223122524,6.05696371457569,178.972964254619,"squared_euclidean_pc1_pc3",526.726605249479,"all_pixels",6842,1,2215.0286275293,12733.1943487602,4982.47767253873,"all_pixels",6842
"620_b",6601,FALSE,"all_pixels",9.8131348298118,8.97939419451736,5.48221818496715,252.695556721248,"squared_euclidean_pc1_pc3",794.230706268073,"all_pixels",6587,1,2067.34306459,15762.4080046765,4855.65575478554,"all_pixels",6587
"620_c",7475,FALSE,"all_pixels",8.41846152908593,7.62166456588437,4.88595103222638,189.479636716378,"squared_euclidean_pc1_pc3",606.671116483881,"all_pixels",7449,1,1865.09696939109,12933.3449020575,4314.77516778412,"all_pixels",7449
"620_d",6143,FALSE,"all_pixels",8.80561629686196,8.10844727984816,4.61072418274506,197.588390412344,"squared_euclidean_pc1_pc3",651.214621196956,"all_pixels",6124,1,1166.94111891997,7000.14461158507,2721.97391355145,"all_pixels",6124
"621_a",8528,FALSE,"all_pixels",7.10898037956135,6.30579055162035,4.15446531611944,135.590320455269,"squared_euclidean_pc1_pc3",518.246367749739,"all_pixels",8445,1,726.290957760203,4340.67097437602,1802.56279667565,"all_pixels",8445
"621_b",8285,FALSE,"all_pixels",7.230978389512,6.44541027626434,4.16467158131971,139.258888737853,"squared_euclidean_pc1_pc3",554.507062640362,"all_pixels",8285,1,961.034054549101,6250.14191611462,2289.86203129111,"all_pixels",8285
"621_c",8508,FALSE,"all_pixels",7.51802888302173,6.81794662278261,4.20226766758904,148.355472507581,"squared_euclidean_pc1_pc3",540.760786196885,"all_pixels",8459,1,1287.75126616499,8670.22604803497,3028.25204002772,"all_pixels",8459
"621_d",7497,FALSE,"all_pixels",7.6560347462233,6.85977501966067,4.26315272254655,153.573829877247,"squared_euclidean_pc1_pc3",537.505014166309,"all_pixels",7437,1,1050.42880726316,6984.96956288631,2538.47393508176,"all_pixels",7437
"622_a",8000,FALSE,"all_pixels",7.09593658322693,6.42183334256883,4.01969611863435,133.016506269463,"squared_euclidean_pc1_pc3",549.488490399512,"all_pixels",7982,1,1043.87968009812,9083.32494891434,2700.72469172223,"all_pixels",7982
"622_b",8221,FALSE,"all_pixels",6.93033360941096,6.06538461671746,4.1256490620468,130.096867387842,"squared_euclidean_pc1_pc3",490.245678350284,"all_pixels",8190,1,894.36293397312,5540.25252347266,2145.61865075859,"all_pixels",8190
"622_c",9015,FALSE,"all_pixels",6.42662468812071,5.60617071043113,3.88168216083158,112.734579806972,"squared_euclidean_pc1_pc3",508.772222141912,"all_pixels",9003,1,1271.49837064003,6676.03366763301,2868.90497897631,"all_pixels",9003
"622_d",8394,FALSE,"all_pixels",8.12248954286773,6.69205818273636,5.98854338094532,203.666431568844,"squared_euclidean_pc1_pc3",667.488396598376,"all_pixels",8375,1,1873.41305373094,15208.9062564869,4481.73045577611,"all_pixels",8375
"623_a",8471,FALSE,"all_pixels",8.59718780923535,7.6693757012954,4.6848689241767,191.714088213942,"squared_euclidean_pc1_pc3",608.060993706553,"all_pixels",8390,1,1661.74038283569,12894.7103751625,3975.26595204247,"all_pixels",8390
"623_b",8991,FALSE,"all_pixels",7.46577539943563,6.76205725116776,3.9490658082749,142.662377094366,"squared_euclidean_pc1_pc3",606.296823319214,"all_pixels",8954,1,1060.41983079137,7010.76457107292,2530.390129322,"all_pixels",8954
"623_c",9075,FALSE,"all_pixels",6.32427920913494,5.49089159281822,3.7590115100434,108.250236008962,"squared_euclidean_pc1_pc3",525.190736306824,"all_pixels",8984,1,1023.92850686822,7312.77512101916,2563.17755438332,"all_pixels",8984
"623_d",9375,FALSE,"all_pixels",6.21122618431968,5.51435806428377,3.75472179160358,105.35152533062,"squared_euclidean_pc1_pc3",458.621360060881,"all_pixels",9296,1,1368.96770291231,8067.63439742399,3242.32510918282,"all_pixels",9296
"624_a",9109,FALSE,"all_pixels",7.89315055740963,6.80697447853996,4.96901706145303,173.98049129748,"squared_euclidean_pc1_pc3",573.175421417453,"all_pixels",9040,1,2078.18850063077,14603.9751257198,4864.40085954086,"all_pixels",9040
"624_b",8382,FALSE,"all_pixels",7.47564980719962,6.58842094578401,4.41389369897846,150.730946609778,"squared_euclidean_pc1_pc3",560.728039932615,"all_pixels",8376,1,1486.16608606316,9974.61477344782,3561.20571256865,"all_pixels",8376
"624_c",7460,FALSE,"all_pixels",9.42786650588052,8.47943994266856,5.23535041097389,232.579773327842,"squared_euclidean_pc1_pc3",572.813122917726,"all_pixels",7411,1,1068.94390371951,6807.11955844399,2581.93410008049,"all_pixels",7411
"624_d",9172,FALSE,"all_pixels",6.93245828923581,6.00581234974184,4.51212659315414,136.832089206113,"squared_euclidean_pc1_pc3",537.137378802053,"all_pixels",9147,1,1088.05242665363,6446.59018618391,2504.14366315886,"all_pixels",9147
"7_a",7782,FALSE,"all_pixels",8.18729773956568,7.54507108561273,4.17559455472555,168.930387318648,"squared_euclidean_pc1_pc3",633.275028985464,"all_pixels",7782,1,1162.3183673755,8190.43632474865,2804.31089046222,"all_pixels",7782
"7_b",7620,FALSE,"all_pixels",8.47809192960631,7.89008629162744,4.50673180026798,184.37201769839,"squared_euclidean_pc1_pc3",607.096202022413,"all_pixels",7618,1,1077.81290447567,9775.41129310578,2846.91022571788,"all_pixels",7618
"7_c",8851,FALSE,"all_pixels",7.58376241210501,6.78173647605202,4.0135384214288,147.240246041502,"squared_euclidean_pc1_pc3",544.990311434908,"all_pixels",8851,1,877.157328237821,5979.63161497216,2180.21078022903,"all_pixels",8851
"7_d",8684,FALSE,"all_pixels",7.93573738285123,7.24344275543536,4.06237509178648,158.953837633865,"squared_euclidean_pc1_pc3",526.386169887732,"all_pixels",8660,1,865.360183705408,8155.60305528734,2443.49749588279,"all_pixels",8660
"700_a",4745,FALSE,"all_pixels",6.53294015208025,6.04398333755183,3.58963674056462,111.124166732422,"squared_euclidean_pc1_pc3",403.655234418317,"all_pixels",4728,1,822.101850035,5905.47173508814,2125.87794715658,"all_pixels",4728
"700_b",5315,FALSE,"all_pixels",8.27426604791832,7.71226958796206,4.17673712276059,171.810658758453,"squared_euclidean_pc1_pc3",513.833009329129,"all_pixels",5283,1,1090.93306887706,9142.85846996508,2905.37504483875,"all_pixels",5283
"700_c",7623,FALSE,"all_pixels",7.0635682739211,6.25078750129548,3.97505408467201,131.385957846437,"squared_euclidean_pc1_pc3",463.87652001411,"all_pixels",7587,1,908.581727404968,6488.53511148047,2299.1909008356,"all_pixels",7587
"700_d",5899,FALSE,"all_pixels",9.71961264841018,8.4277349654449,5.78591608898668,255.884040047864,"squared_euclidean_pc1_pc3",705.791245002619,"all_pixels",5876,1,1349.80768024394,10712.8061650054,3323.12812738984,"all_pixels",5876
"701_a",6228,FALSE,"all_pixels",6.03440487249445,5.4861016007832,3.30904818323598,94.7241677749398,"squared_euclidean_pc1_pc3",329.322076295232,"all_pixels",6070,1,544.709378727541,2816.21992164148,1361.45514235427,"all_pixels",6070
"701_b",6940,FALSE,"all_pixels",6.50264105339525,5.73640734086537,3.84651833050893,114.155823981054,"squared_euclidean_pc1_pc3",330.769066099526,"all_pixels",6887,1,521.544323591006,2566.98763336023,1299.72837747681,"all_pixels",6887
"701_c",7412,FALSE,"all_pixels",7.21062530266421,6.40788291550841,4.11647640558408,137.872418089143,"squared_euclidean_pc1_pc3",406.951893407618,"all_pixels",7214,1,603.945230748774,4275.7500338797,1708.17865529001,"all_pixels",7214
"701_d",7195,FALSE,"all_pixels",6.15873838258177,5.70960420372323,3.2548474876081,97.0452364336141,"squared_euclidean_pc1_pc3",340.050287265349,"all_pixels",7132,1,513.180471488106,3034.78344058003,1314.18730246823,"all_pixels",7132
"702_a",6309,FALSE,"all_pixels",5.99956719369407,5.52512555073624,3.21786471525738,92.6956371724542,"squared_euclidean_pc1_pc3",340.872576190804,"all_pixels",6276,1,509.128634313218,3093.91802639477,1338.60313465418,"all_pixels",6276
"702_b",7009,FALSE,"all_pixels",6.66552942026115,5.96780062107253,3.92411747001543,119.651566763119,"squared_euclidean_pc1_pc3",439.019477400811,"all_pixels",6985,1,1064.40961452655,7105.7980880391,2569.81041938432,"all_pixels",6985
"702_c",8091,FALSE,"all_pixels",7.32525911698385,6.58599260934493,4.03100082559998,139.812761020269,"squared_euclidean_pc1_pc3",561.987499241746,"all_pixels",8045,1,959.32985884395,8376.84314012543,2538.52366348328,"all_pixels",8045
"702_d",7749,FALSE,"all_pixels",7.55641342886612,6.88453463619013,3.84464320479009,143.757515543689,"squared_euclidean_pc1_pc3",500.112360214881,"all_pixels",7720,1,783.74361521339,6391.46515661319,2103.09545870031,"all_pixels",7720
"703_a",6106,FALSE,"all_pixels",8.25253680212523,7.81530730112707,4.11383605855099,170.050478289783,"squared_euclidean_pc1_pc3",492.933745038283,"fallback_sampled_pixels",5000,1,1073.53474790359,8275.57003475561,2746.16230789435,"all_pixels",6032
"703_b",7584,FALSE,"all_pixels",7.71231988410241,7.13650639292266,4.08187293761466,152.27873544239,"squared_euclidean_pc1_pc3",626.485473790498,"all_pixels",7552,1,1000.20331756883,7466.97932679573,2501.01953923316,"all_pixels",7552
"703_c",7976,FALSE,"all_pixels",5.64774369660829,5.03438628517455,3.30570839382591,85.6466935477409,"squared_euclidean_pc1_pc3",421.355827709321,"all_pixels",7942,1,906.762162322437,5458.86618284491,2160.01272558035,"all_pixels",7942
"703_d",5608,FALSE,"all_pixels",10.1773402115718,9.60176336474552,4.99486592588544,257.044981265197,"squared_euclidean_pc1_pc3",654.137618396878,"all_pixels",5544,1,1439.99505240091,14887.2678713069,3879.02192863354,"all_pixels",5544
"704_a",6687,FALSE,"all_pixels",10.0872622121196,9.04410963611996,5.68206857987106,268.067868245599,"squared_euclidean_pc1_pc3",666.869457269155,"all_pixels",6593,1,1082.27681965742,9053.11263285007,2846.90675037435,"all_pixels",6593
"704_b",6780,FALSE,"all_pixels",6.73541524291607,6.2196070317422,3.40083262240322,113.859550340356,"squared_euclidean_pc1_pc3",407.982752230541,"all_pixels",6757,1,654.015536277528,4693.32338590374,1755.39905305606,"all_pixels",6757
"704_c",4459,FALSE,"all_pixels",7.37724762893909,6.84155059332333,3.79098505661971,137.584254461897,"squared_euclidean_pc1_pc3",402.882949715316,"all_pixels",4438,1,588.561862103193,3131.69672600679,1468.45186196601,"all_pixels",4438
"704_d",5593,FALSE,"all_pixels",7.19539957760685,7.03587381168078,3.16946496686518,123.634974343515,"squared_euclidean_pc1_pc3",476.673989881173,"all_pixels",5530,1,918.9638086283,5427.44390915824,2162.61324912402,"all_pixels",5530
"705_a",5003,FALSE,"all_pixels",8.10579023845336,7.58229111852807,4.33115553887001,168.917988319498,"squared_euclidean_pc1_pc3",500.501782211151,"all_pixels",4846,1,954.849711805062,7632.0343297581,2519.74284424133,"all_pixels",4846
"705_b",8039,FALSE,"all_pixels",7.98413982819477,7.05829397792657,4.53982321470559,168.707839731759,"squared_euclidean_pc1_pc3",557.370226897764,"all_pixels",7941,1,1050.95982325127,5976.58675252575,2439.56835292346,"all_pixels",7941
"705_c",6983,FALSE,"all_pixels",9.84632495992539,8.85187705684382,5.59066465703204,256.402341155562,"squared_euclidean_pc1_pc3",715.048565883767,"all_pixels",6776,1,1179.47351929272,9358.84117523136,3028.50621663194,"all_pixels",6776
"705_d",7244,FALSE,"all_pixels",7.55967898675041,6.87981886159633,4.13888396768815,148.55348423062,"squared_euclidean_pc1_pc3",517.122774360216,"all_pixels",7194,1,1020.95483066192,7030.62442882671,2556.435314933,"all_pixels",7194
"706_a",6541,FALSE,"all_pixels",8.80934949592311,8.37688383801342,4.27342448445306,191.728006827657,"squared_euclidean_pc1_pc3",674.341488472324,"all_pixels",6488,1,1167.69583565348,11617.0145554516,3287.85894491594,"all_pixels",6488
"706_b",8019,FALSE,"all_pixels",8.79692785262295,7.76348255778579,5.18883070411268,208.6130923976,"squared_euclidean_pc1_pc3",639.037727237158,"all_pixels",7940,1,1283.62486018261,13480.0416426093,3534.13801516401,"all_pixels",7940
"706_c",7911,FALSE,"all_pixels",9.59180273861393,9.00047016954237,4.77571692767027,229.614537884476,"squared_euclidean_pc1_pc3",649.169886236887,"all_pixels",7875,1,1087.58152724936,11109.8165063077,3119.79592108068,"all_pixels",7875
"706_d",7999,FALSE,"all_pixels",7.67805950897113,6.87133001259987,4.69160028463726,161.92191864198,"squared_euclidean_pc1_pc3",644.293908072067,"all_pixels",7938,1,1021.46505983703,8532.37649916535,2788.65183855861,"all_pixels",7938
"707_a",7497,FALSE,"all_pixels",9.0092468851868,8.79998354520208,3.69434759141813,189.625826151439,"squared_euclidean_pc1_pc3",691.118286914788,"all_pixels",7401,1,1044.67452909024,9143.15735918639,2828.03765622603,"all_pixels",7401
"707_b",7005,FALSE,"all_pixels",9.49827716227529,8.69202407850649,4.74826677700331,225.520175746968,"squared_euclidean_pc1_pc3",667.709243301735,"all_pixels",6868,1,1081.54810325054,8394.72685652479,2750.41489574994,"all_pixels",6868
"707_c",6062,FALSE,"all_pixels",7.48944605734877,6.987925447028,3.60014717295222,138.101447659534,"squared_euclidean_pc1_pc3",516.450305074034,"all_pixels",6003,1,973.243928143579,6650.28580794416,2367.63762959734,"all_pixels",6003
"707_d",6349,FALSE,"all_pixels",7.31382166160918,6.79002322465487,3.69138217828456,134.232286943205,"squared_euclidean_pc1_pc3",477.88147594545,"all_pixels",6331,1,780.484611875316,6206.5515565147,2132.97360731072,"all_pixels",6331
"708_a",7133,FALSE,"all_pixels",8.18259833893943,7.65815723303285,4.28237508356217,170.582161923397,"squared_euclidean_pc1_pc3",585.60615740979,"all_pixels",7108,1,866.301469621636,6100.79059146844,2239.42246970665,"all_pixels",7108
"708_b",6327,FALSE,"all_pixels",7.25089927399148,6.72116249718791,3.79497261084136,133.95016230247,"squared_euclidean_pc1_pc3",470.93909511594,"all_pixels",6305,1,1079.12906296544,6967.00305902445,2593.63199048871,"all_pixels",6305
"708_c",7543,FALSE,"all_pixels",7.99124930961532,7.58577617605876,3.93182331688286,158.634501285378,"squared_euclidean_pc1_pc3",548.758250808235,"all_pixels",7517,1,887.426592605235,6294.44929805851,2199.51006477283,"all_pixels",7517
"708_d",6290,FALSE,"all_pixels",8.92063147513593,8.46563049435566,4.46258101730473,198.978258346797,"squared_euclidean_pc1_pc3",647.752532574874,"all_pixels",6279,1,958.676895190093,8483.56427557153,2573.56886893147,"all_pixels",6279
"709_a",7137,FALSE,"all_pixels",8.18772471564022,7.55907278386287,4.22527807232992,169.778618679888,"squared_euclidean_pc1_pc3",566.345525333616,"all_pixels",7011,1,1495.45523860317,13062.0600358928,3745.988258469,"all_pixels",7011
"709_b",6453,FALSE,"all_pixels",7.57299253533313,7.12617398524046,3.91714056005293,145.383656600351,"squared_euclidean_pc1_pc3",447.014474503353,"all_pixels",6420,1,696.713232870106,4410.11361910119,1741.63645353729,"all_pixels",6420
"709_c",6590,FALSE,"all_pixels",7.23665171848764,6.8198409878719,3.87623812386684,134.784140168543,"squared_euclidean_pc1_pc3",480.957650137835,"all_pixels",6517,1,923.622750326005,7308.05210174528,2394.27489573147,"all_pixels",6517
"709_d",6826,FALSE,"all_pixels",6.63165162712611,5.98223655322824,3.66119397676922,114.762361841527,"squared_euclidean_pc1_pc3",427.354772724846,"all_pixels",6819,1,1112.03417048116,7772.1005392448,2665.8371323928,"all_pixels",6819
"710_a",6826,FALSE,"all_pixels",7.02450546364824,6.47888429709962,3.78630485185651,127.355362439238,"squared_euclidean_pc1_pc3",431.56722001645,"all_pixels",6665,1,670.522985302426,4725.71331950091,1777.41315066905,"all_pixels",6665
"710_b",6549,FALSE,"all_pixels",6.96610590327519,6.41310419197079,3.52995029488784,121.97055575127,"squared_euclidean_pc1_pc3",418.438085531656,"all_pixels",6543,1,827.469550436735,6912.03849896548,2200.10260321442,"all_pixels",6543
"710_c",7274,FALSE,"all_pixels",6.51276231476054,5.78819303586293,3.78603984333961,113.496400140682,"squared_euclidean_pc1_pc3",462.847705770885,"all_pixels",7016,1,637.421689925785,4215.71562706667,1687.91527336145,"all_pixels",7016
"710_d",6783,FALSE,"all_pixels",7.0706845161645,6.64102407535052,3.76415418519507,128.322694758909,"squared_euclidean_pc1_pc3",448.061031457366,"all_pixels",6675,1,980.552527835746,5735.27448571776,2315.69642411643,"all_pixels",6675
"711_a",6697,FALSE,"all_pixels",7.50111397240837,7.09357415113973,4.09851594472084,146.124071027685,"squared_euclidean_pc1_pc3",466.085047094842,"all_pixels",6631,1,1041.83294464914,6165.79529657078,2478.98378123895,"all_pixels",6631
"711_b",6808,FALSE,"all_pixels",6.95080856734612,6.19582028127267,3.92757165149701,127.474585960841,"squared_euclidean_pc1_pc3",496.855377066995,"all_pixels",6721,1,910.355923921816,5948.34848943531,2236.91383684038,"all_pixels",6721
"711_c",8647,FALSE,"all_pixels",5.25122724563948,4.62311767250423,3.18985297452502,75.4987457140254,"squared_euclidean_pc1_pc3",364.477943908855,"all_pixels",8486,1,704.148219954988,3993.23780926275,1713.6251438841,"all_pixels",8486
"711_d",8643,FALSE,"all_pixels",8.40647292526317,7.80177389156282,4.39064413388306,179.888625012593,"squared_euclidean_pc1_pc3",580.466375046537,"all_pixels",8640,1,970.005455491028,7648.73014203841,2507.9750436867,"all_pixels",8640
"712_a",7607,FALSE,"all_pixels",9.02588615909675,8.25039846617291,5.08152600535937,214.570266014685,"squared_euclidean_pc1_pc3",669.602974156214,"all_pixels",7583,1,1317.37907319785,10448.3234671439,3242.88578365874,"all_pixels",7583
"712_b",7468,FALSE,"all_pixels",11.7568830988738,11.2606877889607,5.94894652547187,347.219052164628,"squared_euclidean_pc1_pc3",874.064251610155,"all_pixels",7468,1,1441.3510323462,12733.8666381994,3612.56011567171,"all_pixels",7468
"712_c",5808,FALSE,"all_pixels",11.232469045547,9.19542326845148,7.90947868072075,377.43488507079,"squared_euclidean_pc1_pc3",954.4594062158,"all_pixels",5781,1,3205.3854181044,34136.7584786546,8263.87090116269,"all_pixels",5781
"712_d",3947,FALSE,"all_pixels",21.9567047591283,21.1228608037462,12.6694952791374,1285.14465326117,"squared_euclidean_pc1_pc3",1372.90529060756,"all_pixels",3925,1,4055.17275460974,43514.2731715115,10432.6541408118,"all_pixels",3925
"713_a",8040,FALSE,"all_pixels",13.9895249089358,10.9134123710027,13.7564122050142,769.844293516543,"squared_euclidean_pc1_pc3",1132.41532644111,"all_pixels",7986,1,4963.57563236014,53614.4723135718,12723.9755839497,"all_pixels",7986
"713_b",7281,FALSE,"all_pixels",14.0918217977463,13.7203224112581,6.26671064961785,475.691420454503,"squared_euclidean_pc1_pc3",1035.78647932406,"all_pixels",7227,1,2350.8554404358,21193.4416293782,5541.12208124352,"all_pixels",7227
"713_c",6547,FALSE,"all_pixels",5.51734621991491,4.9615702412468,3.18347375086362,81.1481329423331,"squared_euclidean_pc1_pc3",355.251467770304,"all_pixels",6523,1,631.912934675273,2805.04679177415,1485.2048711293,"all_pixels",6523
"713_d",7118,FALSE,"all_pixels",6.20652055658163,5.71310516679237,3.39074847614702,100.032914844494,"squared_euclidean_pc1_pc3",399.57418771316,"all_pixels",7089,1,541.805587962098,2743.78949214033,1340.91554666995,"all_pixels",7089
"714_a",6726,FALSE,"all_pixels",8.06400138090028,7.87419584779874,3.74042269591151,158.033600227725,"squared_euclidean_pc1_pc3",491.79991994366,"all_pixels",6677,1,809.116252416685,4592.84668043065,1927.79094323848,"all_pixels",6677
"714_b",6197,FALSE,"all_pixels",4.9893740954477,4.58499383160066,2.61541476093186,63.4662888250038,"squared_euclidean_pc1_pc3",299.337625008429,"all_pixels",6160,1,567.302184050618,2805.3190904911,1331.64491000574,"all_pixels",6160
"714_c",6617,FALSE,"all_pixels",4.74375316873864,4.30902840268264,2.66419004523664,59.2000600906344,"squared_euclidean_pc1_pc3",328.188819685146,"all_pixels",6582,1,517.431540954123,2510.36219932229,1271.4447731896,"all_pixels",6582
"714_d",5372,FALSE,"all_pixels",4.94436475236689,4.51691011510102,2.89415574263266,65.6426420912855,"squared_euclidean_pc1_pc3",278.807904906955,"all_pixels",5372,1,415.548891156624,2244.42378334774,1153.95798788482,"all_pixels",5372
"715_a",5823,FALSE,"all_pixels",6.97333352755271,6.39026830672262,3.53633485409867,122.261794108555,"squared_euclidean_pc1_pc3",425.10895697124,"all_pixels",5811,1,868.137444410668,5107.50012090926,2155.48009268122,"all_pixels",5811
"715_b",6200,FALSE,"all_pixels",7.88775603670245,7.26967595495949,4.00494161821638,156.507331268952,"squared_euclidean_pc1_pc3",484.889414261896,"all_pixels",6200,1,1041.34286765565,5406.71361081158,2393.84738086035,"all_pixels",6200
"715_c",7352,FALSE,"all_pixels",7.68897066688071,7.2858092547601,3.47228102449203,142.350731006518,"squared_euclidean_pc1_pc3",532.470104892694,"all_pixels",7333,1,926.814763048952,5842.25281059684,2242.52192627356,"all_pixels",7333
"715_d",8132,FALSE,"all_pixels",5.22245816941216,4.65597134390442,3.05993472488124,73.2722368997213,"squared_euclidean_pc1_pc3",340.400223201733,"all_pixels",8093,1,677.167652857485,4609.0135600823,1766.62249516665,"all_pixels",8093
"716_a",8331,FALSE,"all_pixels",7.7487956696051,6.90081876920673,4.22072705541972,155.712465724963,"squared_euclidean_pc1_pc3",566.955265977842,"all_pixels",8313,1,891.219430940544,7917.49155516449,2542.70491740077,"all_pixels",8313
"716_b",8634,FALSE,"all_pixels",8.24365282501801,7.23109056643044,4.85225138251719,182.998856890218,"squared_euclidean_pc1_pc3",670.926498829503,"all_pixels",8597,1,1496.20532114393,14939.9157165003,4022.39707099441,"all_pixels",8597
"716_c",7955,FALSE,"all_pixels",9.12159620948268,7.99671471322216,5.625686419564,229.69577335606,"squared_euclidean_pc1_pc3",730.437391839958,"all_pixels",7934,1,2658.88231326467,24041.3154389249,6359.93368439505,"all_pixels",7934
"716_d",7475,FALSE,"all_pixels",6.36194777337487,5.73251440043561,3.63230980393356,107.332577885666,"squared_euclidean_pc1_pc3",510.78454831486,"all_pixels",7468,1,1513.33740340205,9933.18189159416,3481.19560871962,"all_pixels",7468
"717_a",6834,FALSE,"all_pixels",6.14124104470024,5.56715299805349,3.17221136729686,95.5525880968201,"squared_euclidean_pc1_pc3",383.314679975174,"all_pixels",6807,1,1110.89218988582,8919.63035810592,2877.01947846698,"all_pixels",6807
"717_b",8938,FALSE,"all_pixels",10.0450214749596,9.20154710206554,5.55768264357287,263.57367402142,"squared_euclidean_pc1_pc3",762.904993531854,"all_pixels",8930,1,1821.03057968771,14428.3985029506,4265.5506170296,"all_pixels",8930
"717_c",7353,FALSE,"all_pixels",7.4209500971505,6.65469047639053,4.14838011370247,144.554434998108,"squared_euclidean_pc1_pc3",507.507778458492,"all_pixels",7339,1,813.770769318931,5392.3048345922,2041.49295226997,"all_pixels",7339
"717_d",5795,FALSE,"all_pixels",8.17442417637739,7.55200290266898,4.11683778786113,167.533278671524,"squared_euclidean_pc1_pc3",443.701252688619,"all_pixels",5781,1,623.085276850744,4034.49760039728,1644.45197436517,"all_pixels",5781
"718_a",7356,FALSE,"all_pixels",5.82306300089583,5.28482669409095,3.09916442719743,87.0231542936886,"squared_euclidean_pc1_pc3",403.88652376028,"all_pixels",7353,1,688.286283386123,4885.59835430606,1771.73427275095,"all_pixels",7353
"718_b",6853,FALSE,"all_pixels",7.3123343031147,6.59995584144519,4.03034387199422,139.423068772358,"squared_euclidean_pc1_pc3",440.941354279095,"all_pixels",6833,1,759.954746661181,5045.29246360742,1908.4112703742,"all_pixels",6833
"718_c",7676,FALSE,"all_pixels",7.98528544263267,7.12468771556782,4.04629956678427,160.270381664795,"squared_euclidean_pc1_pc3",495.057610053982,"all_pixels",7674,1,942.189473204916,7089.99717521736,2392.02429898104,"all_pixels",7674
"718_d",6534,FALSE,"all_pixels",6.81267521874628,6.26338965058688,3.64714698275782,119.424377972182,"squared_euclidean_pc1_pc3",473.320916905525,"all_pixels",6495,1,1030.97233428238,7345.54213408968,2558.80106361527,"all_pixels",6495
"719_a",7978,FALSE,"all_pixels",6.41571687409295,5.7698381581762,3.53548718057433,107.319051690432,"squared_euclidean_pc1_pc3",404.602401907553,"all_pixels",7896,1,689.159667939343,4065.35189061109,1728.16163878988,"all_pixels",7896
"719_b",7914,FALSE,"all_pixels",5.29723014297339,4.79731039743995,2.88647748974644,72.7826933998934,"squared_euclidean_pc1_pc3",288.153868275245,"all_pixels",7914,1,509.016511475342,2495.7045147137,1269.38459356379,"all_pixels",7914
"719_c",7082,FALSE,"all_pixels",5.80837714203348,5.18865849597145,3.25772222535198,88.6970011368039,"squared_euclidean_pc1_pc3",355.014469827907,"all_pixels",7038,1,542.598371918182,3218.48614327987,1455.02518152485,"all_pixels",7038
"719_d",7262,FALSE,"all_pixels",7.50412252607028,6.93858222821283,4.10400828615544,146.304839163125,"squared_euclidean_pc1_pc3",430.426334634123,"all_pixels",7238,1,990.707922260536,5597.3115557338,2316.28994797923,"all_pixels",7238
"720_a",8448,FALSE,"all_pixels",7.50749258845299,6.24980942618294,4.71017044512816,157.091048877938,"squared_euclidean_pc1_pc3",525.35116848958,"all_pixels",8420,1,1123.99965256895,8886.6076821684,2845.84101460281,"all_pixels",8420
"720_b",6815,FALSE,"all_pixels",7.75688378358666,7.21542898518185,4.00777045450542,152.458226310675,"squared_euclidean_pc1_pc3",566.95097447304,"all_pixels",6774,1,979.042099492215,5488.88655804865,2252.15538625388,"all_pixels",6774
"720_c",7538,FALSE,"all_pixels",8.4157795114569,7.419561695958,4.66818706844554,185.228848685731,"squared_euclidean_pc1_pc3",643.281568069369,"all_pixels",7520,1,1198.95075137241,8096.14921865803,2864.99424703792,"all_pixels",7520
"720_d",7611,FALSE,"all_pixels",6.9427673839687,6.25577360969384,3.85917720950891,126.18662175304,"squared_euclidean_pc1_pc3",437.082722167627,"all_pixels",7569,1,743.309129342822,4101.75955285541,1800.36291848305,"all_pixels",7569
"721_a",6826,FALSE,"all_pixels",8.59198427986219,7.89860471663763,4.36096919444811,185.674920121471,"squared_euclidean_pc1_pc3",542.454509386727,"all_pixels",6806,1,814.164028759065,5447.3716178452,2034.70254116516,"all_pixels",6806
"721_b",7714,FALSE,"all_pixels",7.47643653513118,6.96826714256173,3.70283633855783,139.212645593404,"squared_euclidean_pc1_pc3",483.582940183156,"all_pixels",7644,1,816.584403704439,6073.48380089451,2125.44314445713,"all_pixels",7644
"721_c",8743,FALSE,"all_pixels",6.7736184154797,6.02223009710455,3.84945587050461,121.397044120773,"squared_euclidean_pc1_pc3",529.481571616736,"all_pixels",8700,1,900.469553923164,6528.19978420152,2333.77597538023,"all_pixels",8700
"721_d",7300,FALSE,"all_pixels",8.45086095048173,7.5396333911727,4.76711183819014,188.278586039645,"squared_euclidean_pc1_pc3",632.891653707121,"all_pixels",7300,1,914.551737013512,6166.43312457017,2286.60438381699,"all_pixels",7300
"722_a",8781,FALSE,"all_pixels",8.28181219665033,7.29074326327575,4.78730005658459,183.008090223025,"squared_euclidean_pc1_pc3",641.716932622115,"all_pixels",8615,1,996.372914569491,6445.12513842695,2413.57742549496,"all_pixels",8615
"722_b",8515,FALSE,"all_pixels",9.09412983217008,8.64955626444149,4.11772499514607,199.313730541187,"squared_euclidean_pc1_pc3",633.292132758349,"all_pixels",8501,1,904.064921998912,7830.77231599046,2395.55152676381,"all_pixels",8501
"722_c",9110,FALSE,"all_pixels",9.1866562599715,8.73574464335974,4.30163157838299,205.793312593447,"squared_euclidean_pc1_pc3",621.469494569265,"all_pixels",8951,1,866.9550336171,6040.19420982641,2166.54341594308,"all_pixels",8951
"722_d",9012,FALSE,"all_pixels",8.03081009572482,6.8510724385324,4.8037599320558,175.134919360772,"squared_euclidean_pc1_pc3",640.025486036324,"all_pixels",8854,1,1084.17568071832,7113.15983981264,2571.6736708601,"all_pixels",8854
"723_a",8526,FALSE,"all_pixels",8.2975116182775,7.37184529198002,4.87116948289589,185.148416271255,"squared_euclidean_pc1_pc3",623.098550336364,"all_pixels",8477,1,1097.00507356757,7072.58344779564,2623.9288797697,"all_pixels",8477
"723_b",8575,FALSE,"all_pixels",8.79521664900521,7.99767662380029,4.71210889929444,199.114433594918,"squared_euclidean_pc1_pc3",659.549010730938,"all_pixels",8566,1,1341.87090008667,9452.813138192,3180.34297202704,"all_pixels",8566
"723_c",8538,FALSE,"all_pixels",8.56102462125172,7.57003910881859,4.69037506763183,190.576368339182,"squared_euclidean_pc1_pc3",622.614063938311,"all_pixels",8485,1,1355.42934193141,8615.20472551773,3127.55477424071,"all_pixels",8485
"723_d",7719,FALSE,"all_pixels",7.26835098904519,6.28979123630139,4.52610146526843,146.623733311347,"squared_euclidean_pc1_pc3",536.442552589934,"all_pixels",7653,1,1518.99254911248,11419.2545011848,3722.66137821739,"all_pixels",7653
"724_a",8458,FALSE,"all_pixels",8.7735817881304,7.94178920779543,5.09915149646775,205.948018410073,"squared_euclidean_pc1_pc3",608.275762091221,"all_pixels",8429,1,1807.3328709812,10916.9892756818,4077.4043884606,"all_pixels",8429
"724_b",9157,FALSE,"all_pixels",6.6143795235951,5.42212986327336,4.70317824604901,131.73497294089,"squared_euclidean_pc1_pc3",515.495597833177,"all_pixels",9113,1,1464.81326610586,9242.98345101932,3349.38116248195,"all_pixels",9113
"724_c",8667,FALSE,"all_pixels",7.6720084042756,6.73662493998209,4.72438204921511,162.353846882752,"squared_euclidean_pc1_pc3",568.92315916528,"all_pixels",8647,1,1264.95334757334,7926.86587936651,3018.82933891762,"all_pixels",8647
"724_d",9032,FALSE,"all_pixels",7.52078185032677,6.54667850683173,4.69569557523468,157.218550609572,"squared_euclidean_pc1_pc3",641.706588877274,"all_pixels",8956,1,1422.69658966867,11507.8000219026,3507.93945461371,"all_pixels",8956
"8_a",8418,FALSE,"all_pixels",7.81917971216071,7.0947519998344,4.07679719296406,155.515744700434,"squared_euclidean_pc1_pc3",570.186919304647,"all_pixels",8400,1,1247.40451540907,8139.63341353694,2962.14175017669,"all_pixels",8400
"8_b",8849,FALSE,"all_pixels",8.0035379555133,7.40778559108005,4.32257662219655,165.478353919039,"squared_euclidean_pc1_pc3",617.450733853317,"all_pixels",8830,1,1203.10978468916,8956.75064383838,2998.24220223708,"all_pixels",8830
"8_c",8635,FALSE,"all_pixels",7.44480360286029,6.47825013972614,4.44040899708924,150.280098676263,"squared_euclidean_pc1_pc3",585.812194976883,"all_pixels",8635,1,1460.83754171219,11136.8890228897,3448.58923951369,"all_pixels",8635
"8_d",7481,FALSE,"all_pixels",7.51283100371903,6.95580291652596,3.94510877546461,144.008864971541,"squared_euclidean_pc1_pc3",552.911430776696,"all_pixels",7481,1,1117.4513514328,7543.65953524969,2708.1538972351,"all_pixels",7481
"800_a",3976,FALSE,"all_pixels",9.83248369106192,8.48511116781758,7.46465907259379,304.769712470136,"squared_euclidean_pc1_pc3",564.806676333892,"all_pixels",3900,1,3189.35446699371,18163.8245964783,6951.47526707798,"all_pixels",3900
"800_b",7664,FALSE,"all_pixels",8.40558609001786,7.78380218379153,4.2491974029839,177.414400356543,"squared_euclidean_pc1_pc3",580.096409715371,"all_pixels",7620,1,812.31225317934,7534.80455557871,2339.76793582077,"all_pixels",7620
"800_c",6238,FALSE,"all_pixels",8.39889279171709,7.62074654515921,4.58116406920825,183.050199931713,"squared_euclidean_pc1_pc3",531.624962058055,"all_pixels",6090,1,839.310205364973,5974.18586753659,2190.62629004018,"all_pixels",6090
"800_d",6441,FALSE,"all_pixels",19.849341811357,14.4798708496204,18.2661368684159,1455.19265040912,"squared_euclidean_pc1_pc3",998.586441291118,"all_pixels",6371,1,4022.31336597452,50391.683121076,10928.8040231212,"all_pixels",6371
"801_a",7074,FALSE,"all_pixels",12.583693245824,9.98450526625819,12.1910667629157,613.900869789631,"squared_euclidean_pc1_pc3",750.679700711417,"all_pixels",7058,1,3883.4142776382,43662.7668710094,9791.60128453969,"all_pixels",7058
"801_b",3467,FALSE,"all_pixels",8.6653769011694,8.25290137787869,4.38471585058692,188.61788915674,"squared_euclidean_pc1_pc3",507.744498498862,"all_pixels",3439,1,800.368937105722,5777.76137230678,2150.76582305593,"all_pixels",3439
"801_c",8398,FALSE,"all_pixels",5.76118237974735,5.04537741204735,3.5018418987168,90.9053177599928,"squared_euclidean_pc1_pc3",344.639601840327,"all_pixels",8372,1,1218.77765994941,8037.54981419864,2971.70412731694,"all_pixels",8372
"801_d",5482,FALSE,"all_pixels",20.2749298120506,14.4464291636236,19.5198617439679,1584.0565532879,"squared_euclidean_pc1_pc3",788.114359157895,"all_pixels",5460,1,3641.15139119048,40017.281101668,9400.75026475355,"all_pixels",5460
"802_a",6289,FALSE,"all_pixels",8.60957137979976,8.11691662275618,4.38981800517477,186.784314604886,"squared_euclidean_pc1_pc3",539.379668036564,"all_pixels",6257,1,906.613858982815,5795.64752812521,2208.00027402692,"all_pixels",6257
"802_b",6389,FALSE,"all_pixels",6.05763627110347,5.65979727715468,3.08164722887342,92.380040891192,"squared_euclidean_pc1_pc3",342.00679002886,"all_pixels",6360,1,428.263369598064,2596.12477291401,1189.56268217222,"all_pixels",6360
"802_c",5681,FALSE,"all_pixels",11.3776649854993,8.80990336416827,12.9685132197177,595.207982596476,"squared_euclidean_pc1_pc3",564.559168304126,"all_pixels",5645,1,2691.79495709882,21042.9161015695,6400.36174131189,"all_pixels",5645
"802_d",4139,FALSE,"all_pixels",8.21426480824225,7.48760420280247,4.71417867938675,179.384515347388,"squared_euclidean_pc1_pc3",463.522969174172,"all_pixels",4066,1,1760.33274173769,11249.8124803678,4053.9931857899,"all_pixels",4066
"803_a",6745,FALSE,"all_pixels",10.0129153727349,9.30674886367548,5.10890305244019,252.710989991574,"squared_euclidean_pc1_pc3",768.5951732531,"all_pixels",6588,1,1548.5542110326,13875.74429387,3819.24028323195,"all_pixels",6588
"803_b",6839,FALSE,"all_pixels",11.3369961200894,8.94013311090415,9.36095939103467,432.284457654801,"squared_euclidean_pc1_pc3",671.928380181698,"all_pixels",6730,1,2939.39793948886,20445.2084297992,6632.712205749,"all_pixels",6730
"803_c",7870,FALSE,"all_pixels",10.7268177594772,9.61630241963838,6.27332551078882,308.828463246406,"squared_euclidean_pc1_pc3",772.184442320387,"all_pixels",7670,1,2306.81616472358,17152.9055522044,5248.49482785926,"all_pixels",7670
"803_d",8033,FALSE,"all_pixels",10.890072676091,9.86638619901413,5.97593837177296,308.602153344233,"squared_euclidean_pc1_pc3",910.559059455424,"all_pixels",7910,1,2732.34096837295,26186.4271215269,6488.5341963349,"all_pixels",7910
"804_a",7805,FALSE,"all_pixels",17.552770079211,14.8240724540002,16.3664226524567,1151.85041778615,"squared_euclidean_pc1_pc3",1462.11559482407,"all_pixels",7769,1,3734.17329808994,44837.6251810112,10018.6364893146,"all_pixels",7769
"804_b",8663,FALSE,"all_pixels",10.1419196985498,9.67343025080689,4.70534119359441,249.992430392232,"squared_euclidean_pc1_pc3",798.273037776043,"all_pixels",8621,1,1160.92840591769,9146.12569290127,2850.18443478501,"all_pixels",8621
"804_c",7614,FALSE,"all_pixels",9.36261373924134,8.71096570470066,4.69390686391084,219.376807920493,"squared_euclidean_pc1_pc3",704.149870162529,"all_pixels",7501,1,982.645965435776,7722.10836513337,2480.69582950203,"all_pixels",7501
"804_d",8833,FALSE,"all_pixels",8.97066272455398,7.13508552291169,8.10583557241371,292.339843021532,"squared_euclidean_pc1_pc3",654.024076600381,"all_pixels",8777,1,3597.04599230571,34481.565418102,8593.43903284249,"all_pixels",8777
"805_a",7422,FALSE,"all_pixels",8.61590384769984,8.137663788781,4.4682124988846,188.392064165266,"squared_euclidean_pc1_pc3",657.969228424159,"all_pixels",7385,1,959.414387884601,9631.43911267326,2651.29440810169,"all_pixels",7385
"805_b",7273,FALSE,"all_pixels",8.0846940224151,7.51188846891064,4.18682502124255,165.778741956387,"squared_euclidean_pc1_pc3",626.180440034191,"all_pixels",7233,1,1153.15427782645,7481.31518549918,2752.12885385365,"all_pixels",7233
"805_c",7331,FALSE,"all_pixels",8.02485715499756,7.51915112341467,4.16720335636853,163.523094767166,"squared_euclidean_pc1_pc3",558.803175925633,"all_pixels",7250,1,992.853014932482,8043.08297750792,2607.67541607466,"all_pixels",7250
"805_d",7326,FALSE,"all_pixels",8.89228927204682,8.47892690087139,4.20632796107904,193.527176580786,"squared_euclidean_pc1_pc3",621.968191429753,"all_pixels",7297,1,929.938629928995,9656.82455979405,2722.4871396884,"all_pixels",7297
"806_a",7923,FALSE,"all_pixels",8.95534624717644,8.26610361146785,4.64401822543054,203.524819243864,"squared_euclidean_pc1_pc3",575.084939415288,"all_pixels",7832,1,810.570551801092,6936.23535266674,2277.10403927836,"all_pixels",7832
"806_b",6669,FALSE,"all_pixels",9.63914354989042,9.22821270760051,4.17128149546859,220.620137329189,"squared_euclidean_pc1_pc3",648.910772023523,"all_pixels",6611,1,1225.79302096519,10564.7394739755,3139.59278986643,"all_pixels",6611
"806_c",8434,FALSE,"all_pixels",8.12493262470468,7.80000185672454,3.95578783570465,163.321864358353,"squared_euclidean_pc1_pc3",666.223568912816,"all_pixels",8333,1,962.640359595934,6100.69332602405,2308.84845229334,"all_pixels",8333
"806_d",7413,FALSE,"all_pixels",9.29941118619005,8.60498187994915,5.08364943169747,224.638107429974,"squared_euclidean_pc1_pc3",681.479223923589,"all_pixels",7335,1,1112.94813168874,9865.34514360177,3069.28602504653,"all_pixels",7335
"807_a",8519,FALSE,"all_pixels",8.47569729036809,7.63266264568417,4.64142394536165,186.755464004327,"squared_euclidean_pc1_pc3",581.408367826851,"all_pixels",8492,1,896.970388107643,6650.19921480886,2400.58066281327,"all_pixels",8492
"807_b",8656,FALSE,"all_pixels",8.61034546509853,8.12746828941905,4.41229837631202,187.208353741228,"squared_euclidean_pc1_pc3",698.862216593689,"all_pixels",8571,1,1150.92166578739,7447.97112245896,2735.66392143747,"all_pixels",8571
"807_c",8272,FALSE,"all_pixels",8.16842312914931,7.42711973288554,4.63529648649699,176.413025001234,"squared_euclidean_pc1_pc3",602.358784306303,"all_pixels",8155,1,1308.93922432938,10900.3917961773,3462.96987912915,"all_pixels",8155
"807_d",7866,FALSE,"all_pixels",8.79975471553884,8.29311524539879,4.46538199205639,194.745568948544,"squared_euclidean_pc1_pc3",632.902984277101,"all_pixels",7850,1,1071.65114116043,8531.86792811089,2717.45651071889,"all_pixels",7850
"808_a",8422,FALSE,"all_pixels",7.7670078241906,7.04092621963159,4.29936391514353,157.617491649688,"squared_euclidean_pc1_pc3",547.44114846965,"all_pixels",8258,1,944.372501758477,7181.63186772527,2378.6645774213,"all_pixels",8258
"808_b",6949,FALSE,"all_pixels",7.00204702234285,6.37598840117536,3.81754548182563,127.200437557172,"squared_euclidean_pc1_pc3",468.734629792799,"all_pixels",6907,1,814.341147870843,6824.78045074924,2328.9027272697,"all_pixels",6907
"808_c",6658,FALSE,"all_pixels",7.88492373282922,7.20424325382649,4.25404632318306,160.532428644624,"squared_euclidean_pc1_pc3",618.422031078177,"all_pixels",6527,1,1064.40175845024,8685.51720554285,2739.56460629419,"all_pixels",6527
"808_d",7057,FALSE,"all_pixels",8.19383367094824,7.54692868682173,4.27912301839213,170.894418640216,"squared_euclidean_pc1_pc3",669.878344512405,"all_pixels",7006,1,1257.9831064832,12188.676272539,3308.34715622697,"all_pixels",7006
"809_a",6919,FALSE,"all_pixels",7.26814030810554,6.46411422923598,4.16358449136636,140.317587744416,"squared_euclidean_pc1_pc3",488.026387945618,"all_pixels",6830,1,803.843433262019,5843.41891660629,2159.07982176863,"all_pixels",6830
"809_b",7581,FALSE,"all_pixels",8.28582617992106,7.83260324584813,4.01431776164402,169.535073799335,"squared_euclidean_pc1_pc3",575.483805395432,"all_pixels",7453,1,1003.48066607381,9585.09148944949,2799.98328663051,"all_pixels",7453
"809_c",8868,FALSE,"all_pixels",5.87071560012956,5.26968436492257,3.30880259872557,90.8244834480987,"squared_euclidean_pc1_pc3",433.338367285635,"all_pixels",8696,1,641.436178018757,4056.37983210678,1703.82074850826,"all_pixels",8696
"809_d",7544,FALSE,"all_pixels",7.49932256850394,7.00565956862553,3.49150289053035,136.85763097773,"squared_euclidean_pc1_pc3",546.674878124484,"all_pixels",7193,1,840.755479604496,5312.78307819022,2033.61495558073,"all_pixels",7193
"810_a",6253,FALSE,"all_pixels",9.44450750285044,8.83160200575292,4.79557895753503,224.385243324623,"squared_euclidean_pc1_pc3",639.072792900176,"all_pixels",6168,1,1100.68242233951,7998.90549821224,2666.05161158934,"all_pixels",6168
"810_b",7992,FALSE,"all_pixels",6.36351099197725,5.56248174708876,3.83840825090844,110.451613059808,"squared_euclidean_pc1_pc3",440.128914210722,"all_pixels",7837,1,919.287570509315,5676.50362368926,2182.98086945017,"all_pixels",7837
"810_c",7388,FALSE,"all_pixels",5.27364104277365,4.55898607196287,3.68294885671089,82.7471323275752,"squared_euclidean_pc1_pc3",383.516671970359,"all_pixels",7315,1,901.051576862444,6621.97762574611,2330.60027248105,"all_pixels",7315
"810_d",6560,FALSE,"all_pixels",6.28579988725646,5.59328196482199,3.63134262912036,105.391838705495,"squared_euclidean_pc1_pc3",394.229173796354,"all_pixels",6514,1,948.415598877339,7502.99526563797,2449.14013726593,"all_pixels",6514
"811_a",6181,FALSE,"all_pixels",8.24830282871671,7.69891984377871,3.85362693541602,165.765075032881,"squared_euclidean_pc1_pc3",505.166790970545,"all_pixels",6167,1,1242.7776058277,11575.7269730638,3283.72033853278,"all_pixels",6167
"811_b",5857,FALSE,"all_pixels",7.49301146258531,7.07249416294387,3.71077233721089,139.825402225778,"squared_euclidean_pc1_pc3",464.178334622973,"all_pixels",5834,1,693.431603052392,4729.42555382165,1759.80903774862,"all_pixels",5834
"811_c",7466,FALSE,"all_pixels",9.08380258939651,8.40560752001801,5.16235832711229,218.32368694613,"squared_euclidean_pc1_pc3",760.485229782017,"all_pixels",7453,1,1936.75958898801,13745.4417128373,4429.50286719276,"all_pixels",7453
"811_d",5814,FALSE,"all_pixels",7.61107657576152,6.8545336926415,4.09541189348809,149.396000779905,"squared_euclidean_pc1_pc3",525.385440371359,"all_pixels",5794,1,940.403941459865,7940.41503907879,2560.61432664121,"all_pixels",5794
"812_a",6605,FALSE,"all_pixels",6.13137507421111,5.39506804584487,3.76464682907962,103.52836063093,"squared_euclidean_pc1_pc3",472.650657338732,"all_pixels",6556,1,821.631571369345,6847.41848898717,2219.14916810083,"all_pixels",6556
"812_b",5040,FALSE,"all_pixels",14.5206984260787,14.0868939847355,7.14922373039081,523.903883155048,"squared_euclidean_pc1_pc3",1202.54964397268,"all_pixels",5014,1,2583.58988434406,21698.5246705619,6023.13187376967,"all_pixels",5014
"812_c",8376,FALSE,"all_pixels",16.0545597518759,14.2276761943752,9.21472724550899,685.299899191173,"squared_euclidean_pc1_pc3",1335.28587527228,"all_pixels",8294,1,2779.49200632094,24535.2351341572,6741.74150513244,"all_pixels",8294
"812_d",6347,FALSE,"all_pixels",5.65553779184222,5.39767300586149,2.84871211303667,80.1979796715989,"squared_euclidean_pc1_pc3",371.161525869682,"all_pixels",6235,1,552.375745250795,3219.92423255887,1417.32158504655,"all_pixels",6235
"813_a",7938,FALSE,"all_pixels",5.25203800791951,4.7076853854516,2.90803048416794,72.0789583939221,"squared_euclidean_pc1_pc3",339.949851673672,"all_pixels",7797,1,523.122057405826,2924.90898897635,1304.43630992978,"all_pixels",7797
"813_b",6973,FALSE,"all_pixels",7.58728872611331,7.13987283566275,3.76193795557227,143.434195654101,"squared_euclidean_pc1_pc3",476.29625882883,"all_pixels",6904,1,912.302658819051,5932.92250888022,2207.02441728858,"all_pixels",6904
"813_c",5756,FALSE,"all_pixels",5.85897127198845,5.39281584684752,3.08368388794869,87.6699973060413,"squared_euclidean_pc1_pc3",380.244222630959,"all_pixels",5685,1,684.623091483081,3817.53853162452,1642.58145649252,"all_pixels",5685
"813_d",7828,FALSE,"all_pixels",5.07517623906575,4.70378516119838,2.62918741692025,65.3383145333603,"squared_euclidean_pc1_pc3",337.118346564377,"all_pixels",7736,1,498.491925689629,2477.46656963351,1265.64570762724,"all_pixels",7736
"814_a",7018,FALSE,"all_pixels",6.40560919599879,5.96826030274128,3.25622123848116,103.266590199633,"squared_euclidean_pc1_pc3",410.517252758415,"all_pixels",7018,1,576.230604514598,3322.18861276173,1477.94788061892,"all_pixels",7018
"814_b",5836,FALSE,"all_pixels",5.61490193740913,5.2316296121198,2.88895289309732,79.7434849755781,"squared_euclidean_pc1_pc3",408.026667014253,"all_pixels",5836,1,720.17511869892,4171.36094208127,1756.7308281145,"all_pixels",5836
"814_c",5031,FALSE,"all_pixels",4.40273121248038,3.94846008970835,2.37626208403005,50.0590825114326,"squared_euclidean_pc1_pc3",278.670189059138,"all_pixels",5025,1,430.935107185085,2286.91234530882,1126.74928056202,"all_pixels",5025
"814_d",5461,FALSE,"all_pixels",3.39564272793575,3.06271714043688,1.94347625083049,30.6135956469111,"squared_euclidean_pc1_pc3",198.895006189094,"all_pixels",5414,1,326.87999745127,1553.85946192389,857.541681915881,"all_pixels",5414
"815_a",6687,FALSE,"all_pixels",4.37301100495409,4.01756504819266,2.40215678510856,49.7854390960414,"squared_euclidean_pc1_pc3",279.466457212477,"all_pixels",6662,1,459.662742415495,2039.3577444916,1126.58819036871,"all_pixels",6662
"815_b",4258,FALSE,"all_pixels",3.38606699289345,3.13605858551871,1.84105382939508,29.7082657139532,"squared_euclidean_pc1_pc3",161.969800519749,"all_pixels",4232,1,295.454175871227,1195.34581437436,762.011282055209,"all_pixels",4232
"815_c",5804,FALSE,"all_pixels",6.1178718204093,5.40207818029211,3.59026711282263,100.632305334265,"squared_euclidean_pc1_pc3",357.757629345507,"all_pixels",5709,1,587.604380246382,3099.69446298842,1424.92172559564,"all_pixels",5709
"815_d",7755,FALSE,"all_pixels",5.90910573334973,5.4355291100773,3.28674115424676,91.437609978124,"squared_euclidean_pc1_pc3",427.105961112477,"all_pixels",7739,1,779.471404448755,4241.39738889471,1828.30105082352,"all_pixels",7739
"816_a",7028,FALSE,"all_pixels",7.3278053913022,6.63691945019163,4.01930441221781,139.698482351407,"squared_euclidean_pc1_pc3",495.779949995539,"all_pixels",7003,1,912.653467413826,5007.52401252059,2136.84853003522,"all_pixels",7003
"816_b",8125,FALSE,"all_pixels",5.94371975623665,5.32867495373392,3.3178044377612,92.6685520370332,"squared_euclidean_pc1_pc3",384.173428189812,"all_pixels",8120,1,860.428388643822,4835.55085140995,2030.68861208371,"all_pixels",8120
"816_c",6132,FALSE,"all_pixels",5.59063475773871,5.24105542942358,2.91256403687957,79.4736857200446,"squared_euclidean_pc1_pc3",300.514826925276,"all_pixels",6112,1,575.33610350632,3267.30215058519,1473.2445906714,"all_pixels",6112
"816_d",6882,FALSE,"all_pixels",5.1193970929411,4.78880108743392,2.69720901792279,66.9642119706283,"squared_euclidean_pc1_pc3",275.514596920878,"all_pixels",6881,1,367.197296921022,1424.50494312627,867.750720435568,"all_pixels",6881
"817_a",4347,FALSE,"all_pixels",3.21700270069485,2.69218805979893,2.37863688304742,32.0114364605736,"squared_euclidean_pc1_pc3",152.795519753932,"all_pixels",4310,1,470.585455141803,2126.09892874477,1152.88667915156,"all_pixels",4310
"817_b",5144,FALSE,"all_pixels",3.81171585773295,3.5696167212736,2.12390449834777,38.078542319905,"squared_euclidean_pc1_pc3",163.052805627701,"all_pixels",5141,1,466.260345930014,2412.29514385587,1233.22130135552,"all_pixels",5141
"817_c",6494,FALSE,"all_pixels",5.21357072871954,4.45759883721523,3.7716423441117,82.808830375396,"squared_euclidean_pc1_pc3",396.424973063442,"all_pixels",6465,1,911.177134070825,4975.43943933618,2141.44153031867,"all_pixels",6465
"817_d",7337,FALSE,"all_pixels",6.6561743234572,6.0075182125916,4.02444247860188,120.997172854768,"squared_euclidean_pc1_pc3",349.782870080965,"all_pixels",7337,1,1420.7554795928,7699.64424468249,3235.21634673603,"all_pixels",7337
"818_a",8266,FALSE,"all_pixels",8.51384857037086,7.99464409180218,4.02565242187446,177.379068708886,"squared_euclidean_pc1_pc3",726.83007603205,"all_pixels",8219,1,1050.17356316586,8126.35925245458,2595.71736217269,"all_pixels",8219
"818_b",8147,FALSE,"all_pixels",7.06098610794173,6.26641896904276,3.935334684997,130.6849659433,"squared_euclidean_pc1_pc3",547.39637133513,"all_pixels",8044,1,1268.27105966181,8418.15802696754,2933.25917953576,"all_pixels",8044
"818_c",6211,FALSE,"all_pixels",6.45030296202056,5.93940654084171,3.2402483375134,104.207854337784,"squared_euclidean_pc1_pc3",420.197075070521,"all_pixels",6174,1,718.736677133114,4595.3542771578,1796.47136729099,"all_pixels",6174
"818_d",6186,FALSE,"all_pixels",8.14632455339714,7.66143223932644,4.20749047013288,168.125436009471,"squared_euclidean_pc1_pc3",623.570749617446,"all_pixels",6143,1,1121.6435422517,7995.2654856249,2736.47384824172,"all_pixels",6143
"819_a",5725,FALSE,"all_pixels",9.79249671432448,8.1542883113687,6.29444006814059,271.012094303368,"squared_euclidean_pc1_pc3",578.111587533207,"all_pixels",5703,1,1325.99381073698,9600.60295118313,3190.89016893211,"all_pixels",5703
"819_b",6437,FALSE,"all_pixels",10.6418610196282,9.60618444066645,6.0080192663519,298.679787677718,"squared_euclidean_pc1_pc3",691.14216697123,"all_pixels",6413,1,1208.71937062384,8936.28661598921,2975.95602207217,"all_pixels",6413
"819_c",8508,FALSE,"all_pixels",6.2023542599369,5.3179809945363,3.76008689743806,105.211580164227,"squared_euclidean_pc1_pc3",372.140258383008,"fallback_sampled_pixels",5000,1,609.036958269168,4202.94790599153,1697.91879202568,"all_pixels",8479
"819_d",7992,FALSE,"all_pixels",6.85744472100451,6.00415547128737,4.02246853327586,126.405553293266,"squared_euclidean_pc1_pc3",500.197254692613,"all_pixels",7949,1,959.369941034448,6913.77074306066,2385.02447604164,"all_pixels",7949
"820_a",7467,FALSE,"all_pixels",5.54351499414721,5.01147504406999,3.03938801947887,79.9344017250162,"squared_euclidean_pc1_pc3",326.146472050931,"all_pixels",7430,1,754.307108402977,4471.81895211737,1874.52368387129,"all_pixels",7430
"820_b",6557,FALSE,"all_pixels",6.78459292321755,6.20264575380861,3.62461326826908,118.333037690644,"squared_euclidean_pc1_pc3",441.043842305356,"all_pixels",6532,1,581.361950745733,3581.78386019642,1539.09958341105,"all_pixels",6532
"820_c",7866,FALSE,"all_pixels",7.45958456670326,6.81873674016819,3.98388641458921,143.029470313078,"squared_euclidean_pc1_pc3",476.577083394632,"all_pixels",7852,1,878.931038949188,5519.62148088859,2157.72288313019,"all_pixels",7852
"820_d",8078,FALSE,"all_pixels",6.04410736995292,5.41632429488317,3.44339221959555,96.773432139735,"squared_euclidean_pc1_pc3",332.02162620746,"all_pixels",8043,1,607.652602652092,3563.43757461708,1552.46995991119,"all_pixels",8043
"821_a",6874,FALSE,"all_pixels",8.00144633431495,7.31360465928469,4.22738032695226,163.782576220941,"squared_euclidean_pc1_pc3",453.609006906762,"all_pixels",6811,1,1017.56641366204,6302.34787688033,2398.85600654236,"all_pixels",6811
"821_b",7231,FALSE,"all_pixels",8.16381169739757,7.65369611104221,4.14370909779592,167.631543948157,"squared_euclidean_pc1_pc3",514.730436369215,"all_pixels",7223,1,1186.23849218727,6800.00022765399,2746.96971059546,"all_pixels",7223
"821_c",8064,FALSE,"all_pixels",8.25149455181389,7.30691831897701,4.68519643796825,180.071011789215,"squared_euclidean_pc1_pc3",660.213276883048,"all_pixels",7942,1,1296.97666728381,8378.22544018245,3031.51046558484,"all_pixels",7942
"821_d",7565,FALSE,"all_pixels",7.38511873626879,6.80377035806604,4.08471673369296,142.445368006416,"squared_euclidean_pc1_pc3",490.1829631703,"all_pixels",7514,1,745.615175162403,4142.43549558756,1848.6635076309,"all_pixels",7514
"822_a",7516,FALSE,"all_pixels",8.65518901172056,8.25154385274442,4.46664369880706,189.721096605508,"squared_euclidean_pc1_pc3",573.789657863391,"all_pixels",7466,1,789.313163488959,4292.44431954458,1865.58878891322,"all_pixels",7466
"822_b",8286,FALSE,"all_pixels",7.90820854892366,7.0049197665705,4.83208666740679,171.77201224316,"squared_euclidean_pc1_pc3",663.097921529788,"all_pixels",8237,1,1124.73488487068,6408.21649639299,2587.28198685659,"all_pixels",8237
"822_c",8993,FALSE,"all_pixels",7.08072320997065,6.18264475935686,4.39104060362514,138.831469463187,"squared_euclidean_pc1_pc3",552.914226872458,"all_pixels",8945,1,995.655142693025,6324.07565824524,2370.28217524336,"all_pixels",8945
"822_d",7498,FALSE,"all_pixels",7.80231910368108,7.24135101999903,4.08239159749368,155.079763670818,"squared_euclidean_pc1_pc3",531.015248535281,"all_pixels",7429,1,729.30199545165,4689.1910366995,1847.30250457222,"all_pixels",7429
"823_a",8478,FALSE,"all_pixels",7.91232799694065,7.14061495198401,4.33267361288483,162.749561516689,"squared_euclidean_pc1_pc3",599.13916777463,"all_pixels",8425,1,1129.36034843801,9415.12935348837,2862.04051343826,"all_pixels",8425
"823_b",8568,FALSE,"all_pixels",7.40922426655314,6.47212860977709,4.34244649894288,147.50248996614,"squared_euclidean_pc1_pc3",552.807841819471,"all_pixels",8486,1,968.835563643362,7025.15508186673,2429.17465340102,"all_pixels",8486
"823_c",7938,FALSE,"all_pixels",6.64777381368069,5.67596180440104,4.43775042103944,127.768089092962,"squared_euclidean_pc1_pc3",486.308557054868,"all_pixels",7895,1,1159.11877506891,7065.56175942723,2710.29983184984,"all_pixels",7895
"823_d",8480,FALSE,"all_pixels",7.42101743536255,6.64796853210605,4.38964353534509,148.676395718221,"squared_euclidean_pc1_pc3",608.659402422052,"all_pixels",8426,1,947.785598043096,6384.95849442566,2321.93011618358,"all_pixels",8426
"824_a",7730,FALSE,"all_pixels",9.24280868199241,8.29958560571177,5.05971138802245,222.053759603601,"squared_euclidean_pc1_pc3",768.248426466896,"all_pixels",7631,1,1733.11648865045,13703.4434449454,4097.67520704747,"all_pixels",7631
"824_b",8511,FALSE,"all_pixels",7.89425719141381,6.87133156383474,4.50220993804213,165.173618638058,"squared_euclidean_pc1_pc3",568.291218925105,"all_pixels",8444,1,1171.77270543599,7318.28354202411,2762.6121314537,"all_pixels",8444
"824_c",8659,FALSE,"all_pixels",8.71086814786947,7.07173690789637,5.4609868446273,211.396314233055,"squared_euclidean_pc1_pc3",614.588204648664,"all_pixels",8572,1,1642.34663949037,12394.456933829,3866.63989989959,"all_pixels",8572
"824_d",8864,FALSE,"all_pixels",7.01965848003773,5.89818722613366,4.72328541002242,143.165026766751,"squared_euclidean_pc1_pc3",575.514308466246,"all_pixels",8835,1,911.147134405618,6766.19502945252,2364.52684329274,"all_pixels",8835
"9_a",8790,FALSE,"all_pixels",7.80658607093634,6.61801392301038,5.08897561956167,173.675025348063,"squared_euclidean_pc1_pc3",792.410628173889,"all_pixels",8790,1,2201.72584285087,17012.8107334549,5087.3415761529,"all_pixels",8790
"9_b",8946,FALSE,"all_pixels",7.27250803622692,6.4664944964638,4.24554502464929,141.824021730335,"squared_euclidean_pc1_pc3",698.775493763789,"all_pixels",8946,1,1453.65062313545,11452.2193530228,3462.42937333131,"all_pixels",8946
"9_c",9118,FALSE,"all_pixels",5.98209480515752,4.99908001490427,3.93721661291937,102.570865594159,"squared_euclidean_pc1_pc3",556.60473695043,"all_pixels",9118,1,1153.70688931477,9159.66263895687,2891.59555898255,"all_pixels",9118
"9_d",9244,FALSE,"all_pixels",6.00158887670915,5.04167404431928,4.05436464742161,104.910327037085,"squared_euclidean_pc1_pc3",550.955881381301,"all_pixels",9244,1,1603.58632599934,14232.2378979568,4025.86316548078,"all_pixels",9244
"900_a",4466,FALSE,"all_pixels",8.81184022541578,8.43843929939901,4.50596777213652,195.895454857118,"squared_euclidean_pc1_pc3",484.488976327477,"all_pixels",4448,1,1061.37214784162,8694.49682106946,2827.45389867948,"all_pixels",4448
"900_b",2842,FALSE,"all_pixels",7.76837130365298,7.33788969933492,3.81583088524622,149.806069409167,"squared_euclidean_pc1_pc3",439.476981456216,"all_pixels",2793,1,1066.04298843406,6737.3637415572,2500.44992609971,"all_pixels",2793
"900_c",4996,FALSE,"all_pixels",7.70311729769365,7.2245715071593,3.93792760269354,149.684371936343,"squared_euclidean_pc1_pc3",457.217232085259,"all_pixels",4965,1,778.502723394676,4185.58541376442,1845.39115776605,"all_pixels",4965
"900_d",6369,FALSE,"all_pixels",8.82193073766201,8.2504516091568,4.30567425284432,192.724763840516,"squared_euclidean_pc1_pc3",559.049297054635,"all_pixels",6291,1,927.448935987679,7977.59526149908,2511.80294205579,"all_pixels",6291
"901_a",3711,FALSE,"all_pixels",8.50678705617173,7.93190575383345,4.20214631365284,180.037402730311,"squared_euclidean_pc1_pc3",549.557582809232,"all_pixels",3667,1,927.192082459964,6487.30217895965,2332.05252361859,"all_pixels",3667
"901_b",6703,FALSE,"all_pixels",6.48642294262525,5.90256547901948,3.56689695866404,109.589076871458,"squared_euclidean_pc1_pc3",475.13867175256,"all_pixels",6683,1,819.804758447419,6658.50704086928,2161.84486555639,"all_pixels",6683
"901_c",7136,FALSE,"all_pixels",8.6573391282479,8.00320710223246,4.35223894744946,187.777700422399,"squared_euclidean_pc1_pc3",592.723621962358,"all_pixels",7111,1,1009.16106985998,8372.04846079908,2724.82977104472,"all_pixels",7111
"901_d",5789,FALSE,"all_pixels",7.46948940327973,6.9699604055978,4.02443407106529,143.973087612449,"squared_euclidean_pc1_pc3",492.85565586694,"all_pixels",5693,1,889.737447628128,7736.02615649927,2515.03908301038,"all_pixels",5693
"902_a",6772,FALSE,"all_pixels",7.50327502789728,6.78812385045404,4.17245296261982,147.411858166808,"squared_euclidean_pc1_pc3",569.37159967852,"all_pixels",6614,1,1143.37140730149,8081.33996027604,2899.06452186055,"all_pixels",6614
"902_b",7603,FALSE,"all_pixels",8.22335839979662,7.58611632140329,4.62644512830399,178.049605385818,"squared_euclidean_pc1_pc3",560.456499241579,"all_pixels",7472,1,887.812549849069,6055.73439667393,2245.57610563929,"all_pixels",7472
"902_c",6609,FALSE,"all_pixels",9.09996769807614,8.38888167274023,4.82219055532527,212.11883078986,"squared_euclidean_pc1_pc3",551.084270050137,"all_pixels",6474,1,776.988189639187,5652.11501756501,2107.7720556235,"all_pixels",6474
"902_d",6375,FALSE,"all_pixels",7.54929916759151,7.11077477904951,3.99551782102898,145.907152795161,"squared_euclidean_pc1_pc3",481.3263783788,"all_pixels",6269,1,1107.21813420459,11083.353299316,3056.63435928931,"all_pixels",6269
"903_a",7022,FALSE,"all_pixels",8.47044839899798,7.62732714461382,5.09767852848394,195.46224351658,"squared_euclidean_pc1_pc3",598.253219896678,"all_pixels",7015,1,1146.70109866255,10480.8213586992,3102.73222758745,"all_pixels",7015
"903_b",5428,FALSE,"all_pixels",7.21381738801462,6.76609935449823,3.72845094714852,131.875893457965,"squared_euclidean_pc1_pc3",378.053337846662,"all_pixels",5324,1,559.61599251171,3457.64833879302,1523.68054460992,"all_pixels",5324
"903_c",6925,FALSE,"all_pixels",9.11241692048024,8.52212853208074,4.53920884528412,207.275167413386,"squared_euclidean_pc1_pc3",652.773106181479,"all_pixels",6903,1,1111.56412934231,9134.49854685142,2920.85998405233,"all_pixels",6903
"903_d",6377,FALSE,"all_pixels",7.99123142282863,7.29851482015162,4.24134909569459,163.692001758431,"squared_euclidean_pc1_pc3",444.726901613132,"all_pixels",6358,1,650.625114050057,5013.00369158142,1883.17208517199,"all_pixels",6358
"904_a",6459,FALSE,"all_pixels",8.97007508967359,8.04530364634758,4.42444273173544,200.069819677043,"squared_euclidean_pc1_pc3",494.114962917984,"all_pixels",6455,1,685.447966891295,6435.1761987529,2087.22321601217,"all_pixels",6455
"904_b",8363,FALSE,"all_pixels",10.4839123810235,10.014868500922,4.58691319213122,261.899351257433,"squared_euclidean_pc1_pc3",881.656138859601,"all_pixels",8327,1,1636.87167275099,13073.1646654099,4105.59352443736,"all_pixels",8327
"904_c",8351,FALSE,"all_pixels",8.25378479786018,7.35327982195155,4.8148520734157,182.609975854865,"squared_euclidean_pc1_pc3",571.803426685413,"all_pixels",8332,1,845.8084962332,5562.69773751566,2091.39426143651,"all_pixels",8332
"904_d",8020,FALSE,"all_pixels",8.84155631643533,8.20915704568029,4.63499488898392,199.307234034306,"squared_euclidean_pc1_pc3",565.870794557574,"all_pixels",8020,1,887.87140714183,8381.26418714483,2446.1403105414,"all_pixels",8020
"905_a",8028,FALSE,"all_pixels",8.56172525807949,7.88051357473143,4.56612144605745,188.300014723352,"squared_euclidean_pc1_pc3",630.895986767767,"all_pixels",8028,1,963.773541239183,8929.03505262325,2676.72010156723,"all_pixels",8028
"905_b",6011,FALSE,"all_pixels",8.42944908665804,7.76356533093588,4.59919436376348,184.409363440462,"squared_euclidean_pc1_pc3",582.350312463469,"all_pixels",6008,1,1603.54756780887,13306.2560237177,3870.77877067033,"all_pixels",6008
"905_c",5841,FALSE,"all_pixels",15.2827538833454,10.8583544037846,16.4210098797159,1006.33193352559,"squared_euclidean_pc1_pc3",703.832830013797,"all_pixels",5817,1,4412.55945185531,52021.8293808274,11660.2177663001,"all_pixels",5817
"905_d",7487,FALSE,"all_pixels",12.7773068171587,10.010328725221,12.682687209347,648.177280740798,"squared_euclidean_pc1_pc3",835.381611282936,"all_pixels",7486,1,4197.9577859118,42380.4971966546,10044.7117558018,"all_pixels",7486
"906_a",8052,FALSE,"all_pixels",8.14741858547933,7.55262997430656,4.12848112686611,166.845338472914,"squared_euclidean_pc1_pc3",564.310559158974,"all_pixels",7976,1,866.536407454994,8095.97174064137,2451.12599299088,"all_pixels",7976
"906_b",7650,FALSE,"all_pixels",7.57067438173056,7.02437998346785,3.90626497428588,145.144044030565,"squared_euclidean_pc1_pc3",528.847359940303,"all_pixels",7596,1,830.243076540536,6662.324016925,2245.92413662853,"all_pixels",7596
"906_c",8091,FALSE,"all_pixels",7.97935394211611,7.45675381176644,4.13220887470722,161.486258259329,"squared_euclidean_pc1_pc3",572.25113915073,"all_pixels",8047,1,828.017134269157,6670.72248414246,2268.72169615317,"all_pixels",8047
"906_d",8957,FALSE,"all_pixels",7.45012291220178,6.69179072990184,3.99445537661099,142.916447598103,"squared_euclidean_pc1_pc3",545.575279848512,"all_pixels",8805,1,994.688195738049,8427.45721833522,2657.19605877743,"all_pixels",8805
"907_a",7866,FALSE,"all_pixels",8.25560431480634,7.488704667393,4.43400295601499,175.62577080731,"squared_euclidean_pc1_pc3",572.724047849603,"all_pixels",7851,1,1030.37960637615,8859.66088297608,2746.12377898349,"all_pixels",7851
"907_b",7261,FALSE,"all_pixels",7.42319182899639,6.85086341826111,3.99488857331013,142.12142743613,"squared_euclidean_pc1_pc3",493.640439906114,"all_pixels",7221,1,887.862939858255,5193.53628237765,2102.26031819686,"all_pixels",7221
"907_c",7049,FALSE,"all_pixels",8.13388601341483,7.42211782174421,4.51690854402336,173.119340194786,"squared_euclidean_pc1_pc3",540.159727690339,"all_pixels",7039,1,1276.93081784046,9670.36153817986,3125.34843416836,"all_pixels",7039
"907_d",8068,FALSE,"all_pixels",6.95993097718615,6.32776178465738,3.83888252798109,126.351663339123,"squared_euclidean_pc1_pc3",502.419771386259,"all_pixels",8054,1,903.650098343281,7329.8259590886,2392.06336820567,"all_pixels",8054
"908_a",NA,TRUE,"manual_excluded",NA,NA,NA,NA,"squared_euclidean_pc1_pc3",NA,"manual_excluded",NA,1,NA,NA,NA,"manual_excluded",NA
"908_b",NA,TRUE,"manual_excluded",NA,NA,NA,NA,"squared_euclidean_pc1_pc3",NA,"manual_excluded",NA,1,NA,NA,NA,"manual_excluded",NA
"908_c",NA,TRUE,"manual_excluded",NA,NA,NA,NA,"squared_euclidean_pc1_pc3",NA,"manual_excluded",NA,1,NA,NA,NA,"manual_excluded",NA
"908_d",NA,TRUE,"manual_excluded",NA,NA,NA,NA,"squared_euclidean_pc1_pc3",NA,"manual_excluded",NA,1,NA,NA,NA,"manual_excluded",NA
"909_a",NA,TRUE,"manual_excluded",NA,NA,NA,NA,"squared_euclidean_pc1_pc3",NA,"manual_excluded",NA,1,NA,NA,NA,"manual_excluded",NA
"909_b",NA,TRUE,"manual_excluded",NA,NA,NA,NA,"squared_euclidean_pc1_pc3",NA,"manual_excluded",NA,1,NA,NA,NA,"manual_excluded",NA
"909_c",NA,TRUE,"manual_excluded",NA,NA,NA,NA,"squared_euclidean_pc1_pc3",NA,"manual_excluded",NA,1,NA,NA,NA,"manual_excluded",NA
"909_d",NA,TRUE,"manual_excluded",NA,NA,NA,NA,"squared_euclidean_pc1_pc3",NA,"manual_excluded",NA,1,NA,NA,NA,"manual_excluded",NA
"910_a",8221,FALSE,"all_pixels",8.77383008365257,8.11082147671714,4.30949219479327,191.09911650984,"squared_euclidean_pc1_pc3",687.627691206071,"all_pixels",8219,1,1088.98075607512,10890.0246393542,2978.71714630078,"all_pixels",8219
"910_b",6677,FALSE,"all_pixels",8.52927775485558,7.72542954050671,4.48253464026713,185.677373035137,"squared_euclidean_pc1_pc3",620.141462737083,"all_pixels",6634,1,1029.31633905638,9949.91889561195,2872.74618628319,"all_pixels",6634
"910_c",6094,FALSE,"all_pixels",7.78639825839884,7.25542785891174,3.94092061576961,152.312609179146,"squared_euclidean_pc1_pc3",558.226729023753,"all_pixels",6043,1,1163.03959072305,10694.2584834195,3063.93886382917,"all_pixels",6043
"910_d",9025,FALSE,"all_pixels",7.29175426852826,6.63699776468288,3.7461800640708,134.403980772283,"squared_euclidean_pc1_pc3",606.760356115234,"all_pixels",9025,1,930.483499181365,8402.05182854377,2525.33601137785,"all_pixels",9025
"911_a",8689,FALSE,"all_pixels",8.39881177478593,7.27435329354368,4.64828167742829,184.288150257231,"squared_euclidean_pc1_pc3",599.835815023029,"all_pixels",8528,1,961.134291085247,10385.7901388332,2907.11784029567,"all_pixels",8528
"911_b",7919,FALSE,"all_pixels",8.11345202862665,7.38189194570504,4.32553049982606,169.07191045332,"squared_euclidean_pc1_pc3",677.227143332183,"all_pixels",7801,1,1250.20159608861,11047.8904460332,3179.83021670207,"all_pixels",7801
"911_c",6565,FALSE,"all_pixels",8.24112915111867,7.35526271086026,4.39426081177543,174.445592967066,"squared_euclidean_pc1_pc3",463.853915976201,"all_pixels",6432,1,825.51081887219,6486.15945612329,2216.30086149024,"all_pixels",6432
"911_d",8933,FALSE,"all_pixels",7.12183090659217,6.28045414738879,4.26941284015895,137.892641901334,"squared_euclidean_pc1_pc3",480.151323694372,"all_pixels",8391,1,1096.1429254443,9884.99502810973,2967.29210473759,"all_pixels",8391
"912_a",9069,FALSE,"all_pixels",8.0462802632066,7.28542631847474,4.60549688053019,171.90177757592,"squared_euclidean_pc1_pc3",587.672237336035,"fallback_sampled_pixels",5000,1,1224.94592443661,10705.5005348805,3152.67825367571,"all_pixels",8771
"912_b",6429,FALSE,"all_pixels",7.24245165956358,6.89196928780783,3.62188834903563,131.138281601096,"squared_euclidean_pc1_pc3",446.49912935011,"all_pixels",6166,1,921.097418613892,6445.47048751731,2294.97090839068,"all_pixels",6166
"912_c",5587,FALSE,"all_pixels",10.057560172065,9.61529766791914,4.48538027526547,242.539103710873,"squared_euclidean_pc1_pc3",653.997565312573,"all_pixels",5533,1,1241.33054506427,8225.72665842061,2943.09465527774,"all_pixels",5533
"912_d",9079,FALSE,"all_pixels",7.52813104037984,6.90973767350084,3.75041292774309,141.473609689035,"squared_euclidean_pc1_pc3",621.238880276794,"all_pixels",8823,1,1206.92766374783,8671.82383142826,2935.20418942765,"all_pixels",8823
"913_a",1894,FALSE,"all_pixels",6.20526319126915,5.47405381494322,3.82750295647701,106.29467063805,"squared_euclidean_pc1_pc3",260.656096520006,"all_pixels",1697,1,636.79017374189,4566.89881417023,1668.04884854347,"all_pixels",1697
"913_b",4579,FALSE,"all_pixels",6.27232580548386,5.78313986594106,2.88527905816345,95.3301764140909,"squared_euclidean_pc1_pc3",369.465505251955,"all_pixels",4518,1,622.528281791906,5302.37592888557,1777.99955749714,"all_pixels",4518
"913_c",7135,FALSE,"all_pixels",7.39348317955735,7.004557694927,3.8384323395614,138.790182763051,"squared_euclidean_pc1_pc3",585.620299115411,"all_pixels",7135,1,934.935042843862,6444.79058014528,2355.90435386212,"all_pixels",7135
"913_d",5614,FALSE,"all_pixels",5.53303605079711,5.16147946205546,2.81691223242926,77.0961380697927,"squared_euclidean_pc1_pc3",356.32601922683,"all_pixels",5520,1,503.772173099024,3254.99733489985,1380.95741951985,"all_pixels",5520
"914_a",7220,FALSE,"all_pixels",6.76179888281307,5.94107778114804,4.16614796734823,126.152618060143,"squared_euclidean_pc1_pc3",556.300784099717,"all_pixels",7140,1,1146.80084685273,8194.81600362281,2784.47711182817,"all_pixels",7140
"914_b",5546,FALSE,"all_pixels",5.55376611730773,5.01755889211517,3.00310366828823,79.7226471551336,"squared_euclidean_pc1_pc3",358.345470352078,"all_pixels",5476,1,599.812129394538,3975.87558447981,1574.36150745178,"all_pixels",5476
"914_c",5194,FALSE,"all_pixels",5.96643887912685,5.37622725807706,3.32687447613363,93.3287114799157,"squared_euclidean_pc1_pc3",289.360658067306,"all_pixels",5158,1,513.7249539887,2354.3352160544,1245.90592908605,"all_pixels",5158
"914_d",6400,FALSE,"all_pixels",4.29633088574866,3.72758459665622,2.9044291472206,53.7856993431651,"squared_euclidean_pc1_pc3",314.654941066422,"all_pixels",6363,1,496.583510117145,2928.67983909141,1322.87889986684,"all_pixels",6363
"915_a",6456,FALSE,"all_pixels",4.98242845987793,4.77260676746099,2.34035274533096,60.6019918667778,"squared_euclidean_pc1_pc3",285.479316825147,"all_pixels",6431,1,420.284166096076,1880.99812878996,1006.26240116391,"all_pixels",6431
"915_b",6899,FALSE,"all_pixels",5.05634992076119,4.77749375751266,2.47030467018091,63.3363902999209,"squared_euclidean_pc1_pc3",323.671689476334,"all_pixels",6877,1,474.399662393691,2219.78508110245,1147.75220356774,"all_pixels",6877
"915_c",7655,FALSE,"all_pixels",5.8807192058992,5.40058276224643,3.23155057868918,90.0488266508395,"squared_euclidean_pc1_pc3",430.393002118739,"all_pixels",7633,1,692.49305236031,3647.54814106793,1660.91612669024,"all_pixels",7633
"915_d",5795,FALSE,"all_pixels",4.93717180308378,4.53871828101775,2.6453426082718,62.7445907271805,"squared_euclidean_pc1_pc3",300.790562501633,"all_pixels",5728,1,529.724589901497,2340.12648497198,1252.93657177193,"all_pixels",5728
"916_a",5896,FALSE,"all_pixels",6.72558313673774,6.36930773525541,3.31911085835418,112.496193899188,"squared_euclidean_pc1_pc3",306.252707870759,"all_pixels",5861,1,398.858600339245,1682.62989351335,998.603446386736,"all_pixels",5861
"916_b",7575,FALSE,"all_pixels",6.0182513061689,5.62078620327208,3.05310771664543,91.0791699139593,"squared_euclidean_pc1_pc3",359.21916089839,"all_pixels",7567,1,477.392470910854,2889.94290765824,1271.13597541661,"all_pixels",7567
"916_c",5316,FALSE,"all_pixels",4.14498816150231,3.77371663898522,2.25255880530508,44.5079870986375,"squared_euclidean_pc1_pc3",211.38258913873,"all_pixels",5290,1,283.974009979984,1505.15867064967,801.631269064791,"all_pixels",5290
"916_d",3331,FALSE,"all_pixels",3.00157187879585,2.75791164699836,1.5305416527258,22.7025764693995,"squared_euclidean_pc1_pc3",118.339763433968,"all_pixels",3317,1,200.00449052188,959.752894097972,556.550576098916,"all_pixels",3317
"917_a",3093,FALSE,"all_pixels",3.49886015961185,3.22448598162722,1.83625710886877,31.2255448687584,"squared_euclidean_pc1_pc3",151.12523529018,"all_pixels",3090,1,217.853308248491,864.362517359105,558.113901895711,"all_pixels",3090
"917_b",1595,FALSE,"all_pixels",2.71804738384178,2.38964803387684,1.64266988060474,20.1689083059615,"squared_euclidean_pc1_pc3",103.287585139047,"all_pixels",1589,1,149.711882724185,607.628883930902,423.825765693897,"all_pixels",1589
"917_c",7705,FALSE,"all_pixels",4.10524040665292,3.66624850830914,2.35834349777718,44.8281220180684,"squared_euclidean_pc1_pc3",212.647176022604,"all_pixels",7704,1,440.377685337949,1941.50560730237,1067.31121841284,"all_pixels",7704
"917_d",5724,FALSE,"all_pixels",3.73565108711066,3.43932156511823,1.96825094797155,35.6568480746411,"squared_euclidean_pc1_pc3",186.596956195414,"all_pixels",5713,1,262.375140097241,1141.33893470838,672.662101580492,"all_pixels",5713
"918_a",5396,FALSE,"all_pixels",5.17446011701063,4.53563438038363,3.42152224878954,76.9593649316422,"squared_euclidean_pc1_pc3",314.091859257984,"all_pixels",5390,1,636.539895738777,3014.69983754135,1545.48345253948,"all_pixels",5390
"918_b",6810,FALSE,"all_pixels",7.04390951466415,6.37707353299571,4.24482874772019,135.265172898817,"squared_euclidean_pc1_pc3",515.315943520774,"all_pixels",6803,1,817.862406823817,5137.78703134167,2007.13487631549,"all_pixels",6803
"918_c",5658,FALSE,"all_pixels",8.56868305362056,7.11217483160382,6.34556742966281,227.36287717773,"squared_euclidean_pc1_pc3",588.151545197614,"all_pixels",5595,1,2081.86288166309,14753.4404625465,4848.72177330678,"all_pixels",5595
"918_d",2286,FALSE,"all_pixels",8.36036020750214,7.76291903854994,4.89056283724614,187.605530039881,"squared_euclidean_pc1_pc3",437.685102859064,"all_pixels",2283,1,755.760544364667,4508.61046995356,1819.03657295278,"all_pixels",2283
"919_a",7203,FALSE,"all_pixels",7.62984631740278,6.93642526232264,4.1881343454014,151.50517792135,"squared_euclidean_pc1_pc3",503.528526453242,"fallback_sampled_pixels",5000,1,925.849286430331,5627.8869222943,2218.75685213249,"all_pixels",7150
"919_b",8026,FALSE,"all_pixels",11.438463859912,10.5484540599781,7.05066700037888,361.088333533279,"squared_euclidean_pc1_pc3",885.42548393057,"all_pixels",7981,1,2715.35538288407,21963.2670942376,6324.09933343496,"all_pixels",7981
"919_c",6508,FALSE,"all_pixels",8.08433911747421,7.2772344074024,4.57348285453453,172.540140763819,"squared_euclidean_pc1_pc3",604.299377006899,"all_pixels",6470,1,1639.37452410257,10668.5512720791,3852.69973824168,"all_pixels",6470
"919_d",8207,FALSE,"all_pixels",4.93365701944553,4.38914277687764,3.04566513647973,67.2318348903123,"squared_euclidean_pc1_pc3",364.003418271258,"all_pixels",8107,1,551.775853695106,3133.89301150198,1394.88340208809,"all_pixels",8107
"920_a",4421,FALSE,"all_pixels",7.57583547668011,7.05343427778191,3.60526207363448,140.776515499629,"squared_euclidean_pc1_pc3",414.285402884736,"all_pixels",4400,1,705.393848371349,4319.4582597317,1738.80948694532,"all_pixels",4400
"920_b",7418,FALSE,"all_pixels",5.41337499392049,4.79213066052372,3.13698649066001,78.2879729440913,"squared_euclidean_pc1_pc3",372.098859449512,"all_pixels",7389,1,672.98912063959,3723.43969566072,1672.13470204149,"all_pixels",7389
"920_c",6111,FALSE,"all_pixels",5.99377717386878,5.65193535917251,3.22163284967287,92.605169257532,"squared_euclidean_pc1_pc3",400.685323724375,"all_pixels",6098,1,940.406355600779,4654.46928563366,2147.80201591985,"all_pixels",6098
"920_d",7371,FALSE,"all_pixels",7.04193709457997,6.65320968895337,3.27637521590786,120.644112531785,"squared_euclidean_pc1_pc3",525.452810733177,"all_pixels",7316,1,758.365442523504,4859.15396207774,1861.90471509685,"all_pixels",7316
"921_a",8083,FALSE,"all_pixels",6.30074982960042,5.79714185913226,3.32964526182975,101.569228795708,"squared_euclidean_pc1_pc3",458.332017879655,"all_pixels",8058,1,766.73009527366,3922.83455345687,1797.2234041021,"all_pixels",8058
"921_b",7563,FALSE,"all_pixels",5.4737055642956,4.96816866321598,3.08427666526404,78.9459146993933,"squared_euclidean_pc1_pc3",325.265626437675,"all_pixels",7505,1,539.167260585871,2368.64778916124,1254.60629617989,"all_pixels",7505
"921_c",7418,FALSE,"all_pixels",6.44806668394224,5.83225110605394,3.54192122834225,108.242157527865,"squared_euclidean_pc1_pc3",341.546718323001,"all_pixels",7349,1,572.160334899251,2731.84747560814,1380.21461369869,"all_pixels",7349
"921_d",7579,FALSE,"all_pixels",6.6523401579263,6.1024614971057,3.47219780089528,112.61639282667,"squared_euclidean_pc1_pc3",425.46123236336,"all_pixels",7577,1,791.117061002771,4414.95423675099,1888.38325389544,"all_pixels",7577
"922_a",6927,FALSE,"all_pixels",6.89167840123547,6.16741266636377,3.82145994892388,124.193358238764,"squared_euclidean_pc1_pc3",474.093839747196,"all_pixels",6879,1,934.107485553808,5315.16935283331,2165.29620863466,"all_pixels",6879
"922_b",7636,FALSE,"all_pixels",6.27623476696457,5.55611391024287,3.62051412466075,104.995057510648,"squared_euclidean_pc1_pc3",419.56059215547,"all_pixels",7474,1,953.861312077795,5330.16094978526,2227.1977928728,"all_pixels",7474
"922_c",7815,FALSE,"all_pixels",7.95381843412158,7.40044468952673,4.13194374393155,160.668004292614,"squared_euclidean_pc1_pc3",560.927433923637,"all_pixels",7744,1,785.075310004667,4978.4486317922,1982.74808739218,"all_pixels",7744
"922_d",7994,FALSE,"all_pixels",7.75267479156472,7.15630516195608,4.02791175599202,152.652020013068,"squared_euclidean_pc1_pc3",565.359729447158,"all_pixels",7884,1,871.791760595032,6341.55548241846,2237.38335205419,"all_pixels",7884
"923_a",7051,FALSE,"all_pixels",9.03149607747127,8.37551047629661,4.57973260404223,205.07779503073,"squared_euclidean_pc1_pc3",657.018770180863,"all_pixels",7047,1,966.263399126368,6071.46413941515,2304.879986329,"all_pixels",7047
"923_b",7129,FALSE,"all_pixels",7.03905934233472,6.30828490338719,3.83208058959191,128.462276392102,"squared_euclidean_pc1_pc3",467.876549450034,"all_pixels",7061,1,700.274784613247,4130.68286854066,1735.82305308055,"all_pixels",7061
"923_c",7192,FALSE,"all_pixels",8.92732598450387,8.19473491902097,4.81883193850519,205.830123478306,"squared_euclidean_pc1_pc3",617.043703026664,"all_pixels",7180,1,972.455943444695,7864.39476934066,2525.74830402708,"all_pixels",7180
"923_d",8132,FALSE,"all_pixels",8.39864662031788,7.63263211307987,4.74389137960633,186.07800614684,"squared_euclidean_pc1_pc3",597.233270663004,"all_pixels",8115,1,935.920574639737,8687.13241749343,2579.66115792357,"all_pixels",8115
"924_a",7108,FALSE,"all_pixels",8.45741736661019,7.47387620195464,4.92412147313395,191.542939144663,"squared_euclidean_pc1_pc3",584.90475010422,"all_pixels",7091,1,844.579910725182,6523.22293702432,2213.90366405171,"all_pixels",7091
"924_b",7228,FALSE,"all_pixels",8.30962729248635,7.23462377474189,4.97095896243365,187.513840073262,"squared_euclidean_pc1_pc3",722.057639309067,"all_pixels",7213,1,1512.19540297985,11279.7625079009,3624.85742661561,"all_pixels",7213
"924_c",7748,FALSE,"all_pixels",8.35160643580481,7.34190596887357,4.86374123297457,186.804511335278,"squared_euclidean_pc1_pc3",661.414629100575,"all_pixels",7726,1,1319.18825514352,10937.9969163644,3336.78730680272,"all_pixels",7726
"924_d",7112,FALSE,"all_pixels",5.95848573226035,5.28932671753598,3.47960211362073,95.2189613357517,"squared_euclidean_pc1_pc3",404.464624282486,"all_pixels",7112,1,718.11666390387,4223.23974429329,1755.22415744519,"all_pixels",7112
