"quad_id","standardized_PCA_n_pixels","standardized_PCA_manual_excluded","standardized_PCA_metric_method","standardized_PCA_pca_euclidean_mean","standardized_PCA_pca_euclidean_median","standardized_PCA_pca_euclidean_sd","standardized_PCA_rao_q_pca","standardized_PCA_rao_q_distance","standardized_PCA_alpha_hull_area","standardized_PCA_alpha_hull_method","standardized_PCA_alpha_hull_n_points","standardized_PCA_alpha_hull_alpha","standardized_PCA_pca_convex_hull_area","standardized_PCA_pca_hull_volume_3d","standardized_PCA_pca_hull_area_3d","standardized_PCA_pca_hull_3d_method","standardized_PCA_pca_hull_3d_n_points"
"0_a",4447,FALSE,"all_pixels",7.24448332808458,6.25690935128485,4.82827980046946,151.579164544997,"squared_euclidean_pc1_pc3",519.590123973146,"all_pixels",4430,1,2417.79078320823,43053.8693584889,6951.69165636831,"all_pixels",4430
"0_b",3350,FALSE,"all_pixels",6.99679980320841,6.41694791532754,3.68553974045068,125.068711954205,"squared_euclidean_pc1_pc3",444.978692201073,"all_pixels",3331,1,1226.15999495504,17648.9344500237,3804.53551465708,"all_pixels",3331
"0_c",6145,FALSE,"all_pixels",7.41725736729784,6.8135901059566,4.01885439577511,142.328538320891,"squared_euclidean_pc1_pc3",600.940844853767,"all_pixels",6130,1,1534.31023135157,23464.9261241472,4517.3303350697,"all_pixels",6130
"0_d",7842,FALSE,"all_pixels",7.1105702388288,6.03880939481146,4.52029206347199,141.981287739904,"squared_euclidean_pc1_pc3",698.861019227282,"all_pixels",7836,1,2127.65628808513,34634.5532417433,6027.73130816484,"all_pixels",7836
"1_a",9428,FALSE,"all_pixels",5.97795818385586,5.1307213669369,3.8419387512399,100.989823628901,"squared_euclidean_pc1_pc3",602.136883683985,"all_pixels",9428,1,2194.88470292168,31160.753679156,5874.88826471109,"all_pixels",9428
"1_b",9385,FALSE,"all_pixels",7.67022972168634,6.51963790318917,4.86630086308944,165.021569608127,"squared_euclidean_pc1_pc3",758.283722300319,"all_pixels",9379,1,2269.82162739386,34845.9180435772,6324.25793074529,"all_pixels",9379
"1_c",4712,FALSE,"all_pixels",6.92103517481755,6.28141014749289,3.50009234578964,120.297548875196,"squared_euclidean_pc1_pc3",496.545142327923,"all_pixels",4705,1,1042.02106284588,14003.4804261848,3180.24962255542,"all_pixels",4705
"1_d",7184,FALSE,"all_pixels",7.06597730018703,6.42597609826859,3.81112034494411,128.901303373271,"squared_euclidean_pc1_pc3",618.109597044281,"all_pixels",7165,1,1454.01056111784,20240.3039136167,4133.15372148199,"all_pixels",7165
"10_a",9159,FALSE,"all_pixels",8.31333553737919,7.67945003024833,4.2949230492491,175.111795481912,"squared_euclidean_pc1_pc3",788.221779885768,"all_pixels",9129,1,1968.16073556483,31076.2701607609,5526.67655429195,"all_pixels",9129
"10_b",7511,FALSE,"all_pixels",7.68975589544094,6.14841913316704,6.45316469490845,201.54027199626,"squared_euclidean_pc1_pc3",631.499286755339,"all_pixels",7419,1,5328.27158559597,110233.054620543,14550.0471631998,"all_pixels",7419
"10_c",7047,FALSE,"all_pixels",6.24559832082625,5.4028845854974,4.02595256754361,110.426984867357,"squared_euclidean_pc1_pc3",485.259529161676,"all_pixels",6979,1,1520.22222989856,20224.2986936049,4214.31554478897,"all_pixels",6979
"10_d",7086,FALSE,"all_pixels",6.01403466989726,5.28105750892167,4.14436686431674,106.683931627532,"squared_euclidean_pc1_pc3",438.749908153815,"all_pixels",7047,1,2068.22080872834,28324.489555961,5734.59626424483,"all_pixels",7047
"100_a",7809,FALSE,"all_pixels",6.71364208125152,5.72094259661515,4.06108928043126,123.126648319024,"squared_euclidean_pc1_pc3",566.898200255488,"all_pixels",7809,1,1338.16923491558,16293.7739467201,3622.24486909348,"all_pixels",7809
"100_b",7035,FALSE,"all_pixels",6.71296345148464,6.01669554166737,3.56425684447144,115.53199867345,"squared_euclidean_pc1_pc3",539.357782725632,"all_pixels",7026,1,1123.8168237894,16560.5511950212,3512.05422817053,"all_pixels",7026
"100_c",8911,FALSE,"all_pixels",6.11625264074809,5.4346443473484,3.41746104261769,98.1725514229333,"squared_euclidean_pc1_pc3",525.363486984396,"all_pixels",8911,1,1324.80708804774,20143.7330347136,3982.62103523996,"all_pixels",8911
"100_d",7619,FALSE,"all_pixels",6.87845958462781,5.77141610404543,5.24292178681921,149.595654534949,"squared_euclidean_pc1_pc3",578.941040901858,"all_pixels",7565,1,2893.55867316911,42624.4262358646,7564.08798506752,"all_pixels",7565
"1000_a",7586,FALSE,"all_pixels",6.2983155829654,5.45760055576725,3.61580407142684,105.482189645015,"squared_euclidean_pc1_pc3",475.787827465653,"all_pixels",7341,1,958.107741612656,13305.9296440892,3034.2697699559,"all_pixels",7341
"1000_b",8134,FALSE,"all_pixels",7.44649882904375,6.38643181295788,4.72756495706127,155.594935049035,"squared_euclidean_pc1_pc3",701.536476870985,"all_pixels",7977,1,2150.92684601059,29940.3406147875,5886.64852690385,"all_pixels",7977
"1000_c",7126,FALSE,"all_pixels",9.4491206698103,8.37071542684535,5.1144004117748,230.878604698062,"squared_euclidean_pc1_pc3",751.750758189469,"all_pixels",6890,1,1652.91037935773,21197.2665039006,4646.7057554888,"all_pixels",6890
"1000_d",7424,FALSE,"all_pixels",8.39038632777836,7.48800114929726,5.0826951040284,192.457784965954,"squared_euclidean_pc1_pc3",686.463623424553,"all_pixels",7380,1,1371.01533690497,17913.9158434006,3934.28350032707,"all_pixels",7380
"1001_a",6928,FALSE,"all_pixels",6.1428469831252,5.50797301557661,3.39896818880763,98.5717724559731,"squared_euclidean_pc1_pc3",488.501859561055,"all_pixels",6912,1,1175.00262829017,13909.3391361517,3311.91361817211,"all_pixels",6912
"1001_b",7555,FALSE,"all_pixels",7.18264370211934,6.13894489171665,4.43456814405605,142.506324423318,"squared_euclidean_pc1_pc3",696.599989210191,"all_pixels",7544,1,1791.03876803769,28752.0446415453,5318.15377280088,"all_pixels",7544
"1001_c",8660,FALSE,"all_pixels",8.33417733995596,7.42190158539768,4.72936222730491,183.645592463571,"squared_euclidean_pc1_pc3",843.768469915635,"all_pixels",8641,1,2623.26671931875,44156.6368835042,7382.74909428468,"all_pixels",8641
"1001_d",8740,FALSE,"all_pixels",6.23434257712819,5.39680118294402,4.01570756722532,109.982179129966,"squared_euclidean_pc1_pc3",561.546566714283,"all_pixels",8740,1,1790.35826876985,23049.9053946181,4856.67710033842,"all_pixels",8740
"1002_a",9024,FALSE,"all_pixels",6.76745796274337,6.0031655096239,3.72758287185488,119.383643150397,"squared_euclidean_pc1_pc3",632.666651472616,"all_pixels",9023,1,1358.70782052506,19521.3253305898,4017.75842482928,"all_pixels",9023
"1002_b",8827,FALSE,"all_pixels",6.08644655561421,5.15116247893701,3.77733261884906,102.622913912343,"squared_euclidean_pc1_pc3",557.712034149914,"all_pixels",8789,1,1552.7055553501,21595.101573681,4340.27961889353,"all_pixels",8789
"1002_c",7501,FALSE,"all_pixels",8.84331557551622,7.37032849038966,6.42554790914814,238.972784025413,"squared_euclidean_pc1_pc3",779.191001086748,"all_pixels",7490,1,4456.96700212313,113632.389769836,13556.3902424631,"all_pixels",7490
"1002_d",8618,FALSE,"all_pixels",7.85689942179074,6.88838312976445,4.64221995106839,166.55714798828,"squared_euclidean_pc1_pc3",780.064601647395,"all_pixels",8580,1,1908.1030813702,30255.0574260339,5359.18700778095,"all_pixels",8580
"1003_a",9162,FALSE,"all_pixels",8.5923132325457,7.70415539682425,4.97899120556861,197.230988663259,"squared_euclidean_pc1_pc3",779.606341648537,"all_pixels",8949,1,3008.29356271958,57080.8069558648,8435.22354595868,"all_pixels",8949
"1003_b",8560,FALSE,"all_pixels",7.55959926451948,6.89110220817259,3.9563744167711,145.597221912327,"squared_euclidean_pc1_pc3",662.581056407692,"all_pixels",8504,1,1307.2733687879,20113.340836115,4055.98144488915,"all_pixels",8504
"1003_c",7175,FALSE,"all_pixels",6.1821553092304,5.54037101834484,3.57061690213595,101.933144845271,"squared_euclidean_pc1_pc3",494.064911155893,"all_pixels",7152,1,1614.25919177998,24956.9810958265,4684.51149361281,"all_pixels",7152
"1003_d",9306,FALSE,"all_pixels",7.65894679344876,6.13518948692332,5.31513020985653,173.814078782486,"squared_euclidean_pc1_pc3",817.251998880328,"all_pixels",9279,1,2281.54225453574,37819.7859486758,6418.99583334465,"all_pixels",9279
"1004_a",9158,FALSE,"all_pixels",6.43244853780308,5.58840580565069,3.92608176249279,113.577658131586,"squared_euclidean_pc1_pc3",619.158885160653,"all_pixels",9041,1,1745.02209395248,29104.4775315534,5330.7167403513,"all_pixels",9041
"1004_b",5435,FALSE,"all_pixels",6.73196541799815,6.23226152857147,3.20211073488886,111.14196995331,"squared_euclidean_pc1_pc3",502.356257114303,"all_pixels",5433,1,964.790342272659,13023.7291243916,3008.50606802386,"all_pixels",5433
"1004_c",6893,FALSE,"all_pixels",6.55862055157631,5.96699011304769,3.47443288317308,110.170872206313,"squared_euclidean_pc1_pc3",556.847483002968,"all_pixels",6893,1,1053.09669712626,14583.8067734984,3320.86529425541,"all_pixels",6893
"1004_d",8100,FALSE,"all_pixels",7.85071343127176,6.88239466403324,4.70558349879916,167.546967600326,"squared_euclidean_pc1_pc3",804.049707163383,"all_pixels",8002,1,1877.79374071872,32913.3033802026,5663.90852998899,"all_pixels",8002
"1005_a",7610,FALSE,"all_pixels",7.32802387997745,6.32630269782052,4.41055920296677,146.300820444678,"squared_euclidean_pc1_pc3",662.776898687545,"all_pixels",7517,1,1683.43880282581,27742.3045461768,5128.04437340254,"all_pixels",7517
"1005_b",8322,FALSE,"all_pixels",6.68286611174927,6.18980631214891,3.35070491430761,111.773147577486,"squared_euclidean_pc1_pc3",533.994839954628,"all_pixels",8235,1,1073.80538607779,14734.8081138594,3272.02286087241,"all_pixels",8235
"1005_c",7573,FALSE,"all_pixels",6.98933958117764,6.39711383245205,3.64771664345544,124.309894963922,"squared_euclidean_pc1_pc3",568.907042875741,"all_pixels",7549,1,1301.31140189005,17957.6624063867,3802.26182821756,"all_pixels",7549
"1005_d",7128,FALSE,"all_pixels",6.16541722535742,5.55213544549321,3.42732952643775,99.5146185910287,"squared_euclidean_pc1_pc3",465.712371821644,"all_pixels",6911,1,1186.85601616733,14589.394865027,3407.61769495566,"all_pixels",6911
"1006_a",7391,FALSE,"all_pixels",6.51145755947968,5.78005451650111,3.75855626242331,113.04782676496,"squared_euclidean_pc1_pc3",547.900924197502,"all_pixels",7341,1,1242.05696536558,17157.8206724939,3644.06432262432,"all_pixels",7341
"1006_b",8041,FALSE,"all_pixels",6.03848148712685,5.06366725054263,4.2739093595902,109.454576477795,"squared_euclidean_pc1_pc3",482.301395236471,"all_pixels",7768,1,1858.76267468905,26806.1363374322,5247.37739877684,"all_pixels",7768
"1006_c",8559,FALSE,"all_pixels",7.63591069479311,6.64857215292271,4.5033718858996,157.170242008035,"squared_euclidean_pc1_pc3",648.980233114951,"all_pixels",8535,1,1726.6903722324,29366.5811238087,5202.67385112042,"all_pixels",8535
"1006_d",8257,FALSE,"all_pixels",7.06779575703003,6.34417083613069,4.08724638665882,133.314593371699,"squared_euclidean_pc1_pc3",627.682331214208,"all_pixels",8233,1,1811.97219109451,28992.4779773858,5243.69918472557,"all_pixels",8233
"1007_a",8143,FALSE,"all_pixels",7.3710990198855,6.29902807147222,4.90200518057507,156.719609185751,"squared_euclidean_pc1_pc3",669.128705832687,"all_pixels",8121,1,3033.79903478967,65968.8851034861,9267.7011403024,"all_pixels",8121
"1007_b",7968,FALSE,"all_pixels",7.34384466237014,6.54898169396647,4.16193993501726,142.503249068113,"squared_euclidean_pc1_pc3",671.832336505096,"all_pixels",7907,1,1642.56346624911,29995.2261570413,5317.11708504781,"all_pixels",7907
"1007_c",6227,FALSE,"all_pixels",7.99496600424211,6.65828285687281,6.80186409222083,220.354813479102,"squared_euclidean_pc1_pc3",649.262140209266,"all_pixels",6192,1,4681.67490373106,92409.5498254834,13064.0569279747,"all_pixels",6192
"1007_d",8287,FALSE,"all_pixels",7.55280482575151,6.58240099688905,4.99722109114164,164.02813189758,"squared_euclidean_pc1_pc3",688.262279819026,"all_pixels",8255,1,2920.59237640316,57975.6487165238,8479.71854036434,"all_pixels",8255
"1008_a",5961,FALSE,"all_pixels",7.11145177615927,6.30972878071597,4.06001367562511,134.107384303083,"squared_euclidean_pc1_pc3",528.227113717015,"all_pixels",5898,1,1706.10792828305,29942.8030755374,5263.19940238223,"all_pixels",5898
"1008_b",7981,FALSE,"all_pixels",6.6481206530465,6.16095395785343,3.34209892573657,110.731467839685,"squared_euclidean_pc1_pc3",478.828169371567,"all_pixels",7775,1,954.297446186776,11336.4732973965,2829.84577482744,"all_pixels",7775
"1008_c",6769,FALSE,"all_pixels",8.38321039822203,7.69952656605713,4.46002358318574,180.33417656071,"squared_euclidean_pc1_pc3",643.067664702163,"all_pixels",6728,1,1500.48881917118,20243.3711516815,4374.45566935842,"all_pixels",6728
"1008_d",7119,FALSE,"all_pixels",7.80783622007758,7.00650568162328,4.26212530341787,158.250933638286,"squared_euclidean_pc1_pc3",628.909500008799,"all_pixels",7119,1,1298.27279481229,18415.9729619382,3981.58562812583,"all_pixels",7119
"1009_a",NA,TRUE,"manual_excluded",NA,NA,NA,NA,"squared_euclidean_pc1_pc3",NA,"manual_excluded",NA,1,NA,NA,NA,"manual_excluded",NA
"1009_b",NA,TRUE,"manual_excluded",NA,NA,NA,NA,"squared_euclidean_pc1_pc3",NA,"manual_excluded",NA,1,NA,NA,NA,"manual_excluded",NA
"1009_c",NA,TRUE,"manual_excluded",NA,NA,NA,NA,"squared_euclidean_pc1_pc3",NA,"manual_excluded",NA,1,NA,NA,NA,"manual_excluded",NA
"1009_d",NA,TRUE,"manual_excluded",NA,NA,NA,NA,"squared_euclidean_pc1_pc3",NA,"manual_excluded",NA,1,NA,NA,NA,"manual_excluded",NA
"101_a",8757,FALSE,"all_pixels",8.16989902117915,7.10376679482783,5.24827707146307,188.577033637234,"squared_euclidean_pc1_pc3",718.397580046939,"all_pixels",8757,1,2578.36048993892,37011.9438273174,6697.13797484232,"all_pixels",8757
"101_b",9262,FALSE,"all_pixels",6.10518370074533,5.38461419208737,3.43674393222219,98.16640328485,"squared_euclidean_pc1_pc3",549.213535818075,"all_pixels",9262,1,1554.84126862579,20714.2187189524,4265.37243114315,"all_pixels",9262
"101_c",9272,FALSE,"all_pixels",8.4646466334882,7.35673821325029,5.0423919404381,194.146433813422,"squared_euclidean_pc1_pc3",832.076662327328,"all_pixels",9270,1,2025.98256655102,32417.2184490566,5791.31592982766,"all_pixels",9270
"101_d",7769,FALSE,"all_pixels",8.55120255535832,7.3469079989464,4.98743115588823,195.988665835988,"squared_euclidean_pc1_pc3",769.743893044212,"all_pixels",7743,1,1819.27549703971,27568.6293633676,5237.29381299302,"all_pixels",7743
"1010_a",NA,TRUE,"manual_excluded",NA,NA,NA,NA,"squared_euclidean_pc1_pc3",NA,"manual_excluded",NA,1,NA,NA,NA,"manual_excluded",NA
"1010_b",NA,TRUE,"manual_excluded",NA,NA,NA,NA,"squared_euclidean_pc1_pc3",NA,"manual_excluded",NA,1,NA,NA,NA,"manual_excluded",NA
"1010_c",NA,TRUE,"manual_excluded",NA,NA,NA,NA,"squared_euclidean_pc1_pc3",NA,"manual_excluded",NA,1,NA,NA,NA,"manual_excluded",NA
"1010_d",NA,TRUE,"manual_excluded",NA,NA,NA,NA,"squared_euclidean_pc1_pc3",NA,"manual_excluded",NA,1,NA,NA,NA,"manual_excluded",NA
"1011_a",7687,FALSE,"all_pixels",6.68322303248653,5.65313317833597,5.31958014286307,145.919443453895,"squared_euclidean_pc1_pc3",527.297887485655,"all_pixels",7424,1,2420.96891026552,32107.8254523108,6704.74218071676,"all_pixels",7424
"1011_b",8671,FALSE,"all_pixels",8.71117903267938,7.78886374238666,4.94615795568817,200.692594496544,"squared_euclidean_pc1_pc3",729.565587044967,"all_pixels",8238,1,2035.34067574309,28045.2207746838,5610.96371176534,"all_pixels",8238
"1011_c",8880,FALSE,"all_pixels",7.00862150003272,6.21894868389098,3.87198925725241,128.222775633672,"squared_euclidean_pc1_pc3",621.623176319879,"all_pixels",8592,1,1925.90777118472,30960.0233738607,5637.29443977479,"all_pixels",8592
"1011_d",8415,FALSE,"all_pixels",5.85101734908036,5.09616877696469,3.52892033473314,93.372405715224,"squared_euclidean_pc1_pc3",510.645973664813,"all_pixels",8391,1,1618.92508684407,24823.7424228809,4705.36130745611,"all_pixels",8391
"1012_a",9103,FALSE,"all_pixels",7.50281007483673,6.51132112098445,5.03328858913184,163.246740005309,"squared_euclidean_pc1_pc3",695.399544408626,"all_pixels",9080,1,2560.69501276468,41083.9066101701,7146.95553970637,"all_pixels",9080
"1012_b",9167,FALSE,"all_pixels",8.07344971889017,6.72297063466809,5.79088740196801,197.422618206163,"squared_euclidean_pc1_pc3",821.04937748651,"all_pixels",9157,1,2846.3618843814,48692.1876094728,7788.21270335699,"all_pixels",9157
"1012_c",9377,FALSE,"all_pixels",12.5086519388046,11.1439688089941,7.32399787033615,420.203195300879,"squared_euclidean_pc1_pc3",1201.97395121844,"all_pixels",9189,1,3301.20553347566,51288.5713911941,8674.84179725458,"all_pixels",9189
"1012_d",9424,FALSE,"all_pixels",9.35852030655158,8.36882654682675,5.32379833244115,231.843446993729,"squared_euclidean_pc1_pc3",875.921399607438,"all_pixels",9364,1,2156.08945679339,33664.9484967051,6164.17822067243,"all_pixels",9364
"1013_a",NA,TRUE,"manual_excluded",NA,NA,NA,NA,"squared_euclidean_pc1_pc3",NA,"manual_excluded",NA,1,NA,NA,NA,"manual_excluded",NA
"1013_b",NA,TRUE,"manual_excluded",NA,NA,NA,NA,"squared_euclidean_pc1_pc3",NA,"manual_excluded",NA,1,NA,NA,NA,"manual_excluded",NA
"1013_c",NA,TRUE,"manual_excluded",NA,NA,NA,NA,"squared_euclidean_pc1_pc3",NA,"manual_excluded",NA,1,NA,NA,NA,"manual_excluded",NA
"1013_d",NA,TRUE,"manual_excluded",NA,NA,NA,NA,"squared_euclidean_pc1_pc3",NA,"manual_excluded",NA,1,NA,NA,NA,"manual_excluded",NA
"1014_a",NA,TRUE,"manual_excluded",NA,NA,NA,NA,"squared_euclidean_pc1_pc3",NA,"manual_excluded",NA,1,NA,NA,NA,"manual_excluded",NA
"1014_b",NA,TRUE,"manual_excluded",NA,NA,NA,NA,"squared_euclidean_pc1_pc3",NA,"manual_excluded",NA,1,NA,NA,NA,"manual_excluded",NA
"1014_c",NA,TRUE,"manual_excluded",NA,NA,NA,NA,"squared_euclidean_pc1_pc3",NA,"manual_excluded",NA,1,NA,NA,NA,"manual_excluded",NA
"1014_d",NA,TRUE,"manual_excluded",NA,NA,NA,NA,"squared_euclidean_pc1_pc3",NA,"manual_excluded",NA,1,NA,NA,NA,"manual_excluded",NA
"1015_a",5129,FALSE,"all_pixels",7.31049345072528,6.73080450854384,3.78051742700233,135.465679880081,"squared_euclidean_pc1_pc3",533.43357859868,"all_pixels",5115,1,1322.65505684413,17769.5342799626,3822.36822281984,"all_pixels",5115
"1015_b",4428,FALSE,"all_pixels",7.4795536968512,6.6992599844703,4.14521516233803,146.245303512757,"squared_euclidean_pc1_pc3",525.656378372151,"all_pixels",4415,1,1989.47409867999,30557.959296069,5632.31497479836,"all_pixels",4415
"1015_c",3443,FALSE,"all_pixels",7.5452619221916,6.70051305902675,4.5918881417366,156.020580068213,"squared_euclidean_pc1_pc3",455.31808676486,"all_pixels",3432,1,2135.66981846468,38689.2084241401,6550.97014133399,"all_pixels",3432
"1015_d",3668,FALSE,"all_pixels",6.5999444005871,5.94094274065876,3.51475865236115,111.818853111563,"squared_euclidean_pc1_pc3",418.845390055433,"all_pixels",3610,1,930.507651225528,14277.6461905155,3228.98493651651,"all_pixels",3610
"1016_a",1177,FALSE,"all_pixels",7.9664630197913,7.22614463181916,3.97060457067729,158.433677768991,"squared_euclidean_pc1_pc3",298.594087058586,"all_pixels",1177,1,1054.02669641515,16730.9527478693,3616.99776122884,"all_pixels",1177
"1016_b",3459,FALSE,"all_pixels",7.05199045781307,6.4111724239054,3.82230160837213,128.672670482736,"squared_euclidean_pc1_pc3",433.542522984913,"all_pixels",3431,1,1426.98160567184,20420.1121657986,4352.40089657917,"all_pixels",3431
"1016_c",5061,FALSE,"all_pixels",5.73416460781826,5.20053081667329,3.15331595545753,85.6441611073354,"squared_euclidean_pc1_pc3",365.764196072706,"all_pixels",5061,1,1202.51240470812,15846.0672821596,3756.67272444302,"all_pixels",5061
"1016_d",5267,FALSE,"all_pixels",5.35272978533385,4.86095366028478,2.93008993200729,74.4710262464978,"squared_euclidean_pc1_pc3",340.94448222348,"all_pixels",5246,1,740.582261484919,10223.5257487776,2742.02991676504,"all_pixels",5246
"1017_a",4329,FALSE,"all_pixels",6.61462912923913,6.08079079727373,3.26631740061839,108.839366753829,"squared_euclidean_pc1_pc3",472.744136625402,"all_pixels",4325,1,889.503134913257,11440.9386217617,2747.54159554354,"all_pixels",4325
"1017_b",4401,FALSE,"all_pixels",5.08080384207327,4.58914981768099,2.78323772669801,67.1184395534764,"squared_euclidean_pc1_pc3",315.875497937881,"all_pixels",4375,1,729.760390112676,8381.78977753855,2349.53524446858,"all_pixels",4375
"1017_c",6969,FALSE,"all_pixels",4.95349596440149,4.51012908232333,2.6487269396321,63.1037399223273,"squared_euclidean_pc1_pc3",316.832023861934,"all_pixels",6969,1,604.231091922546,6359.36037391742,1936.24137699996,"all_pixels",6969
"1017_d",6878,FALSE,"all_pixels",5.93631225615406,5.39487375696237,3.44038336522246,94.1486400372418,"squared_euclidean_pc1_pc3",430.43781349692,"all_pixels",6788,1,1818.54340969604,24776.1134427614,5045.74241424648,"all_pixels",6788
"1018_a",5184,FALSE,"all_pixels",5.21974542018421,4.7162593861835,2.76734638363846,69.8049419623551,"squared_euclidean_pc1_pc3",331.557056854769,"all_pixels",5184,1,562.111398477468,5804.53374572882,1804.68423266356,"all_pixels",5184
"1018_b",4436,FALSE,"all_pixels",17.1756584184604,17.8979438468215,8.72933262963794,742.374624695218,"squared_euclidean_pc1_pc3",1071.94009494083,"all_pixels",4430,1,2683.44968271514,32510.1122879514,7216.25642436517,"all_pixels",4430
"1018_c",4161,FALSE,"all_pixels",9.71804225870355,7.26603165788855,8.55752760834314,335.308049334715,"squared_euclidean_pc1_pc3",493.836939013179,"all_pixels",4158,1,2883.33838069424,37282.2736514223,7570.99974651364,"all_pixels",4158
"1018_d",6240,FALSE,"all_pixels",6.10892158449236,5.55851424670577,3.46306862205578,98.6196905527414,"squared_euclidean_pc1_pc3",431.128111174533,"all_pixels",6231,1,1689.86146229512,17737.1089253131,4501.18944068199,"all_pixels",6231
"1019_a",6534,FALSE,"all_pixels",6.51446761839704,5.87623001864028,3.55375560756539,110.13106885817,"squared_euclidean_pc1_pc3",498.796388374047,"all_pixels",6478,1,1521.08661081658,18260.9487858814,4124.77914258956,"all_pixels",6478
"1019_b",7882,FALSE,"all_pixels",6.42616334546224,5.84027023622387,3.48099801962521,106.822770421936,"squared_euclidean_pc1_pc3",510.306473403047,"all_pixels",7822,1,1464.48484071747,21340.4008412221,4594.25564614207,"all_pixels",7822
"1019_c",7598,FALSE,"all_pixels",6.62978156394262,5.91849572262094,3.80479507312175,116.857127669104,"squared_euclidean_pc1_pc3",595.757345148901,"all_pixels",7572,1,1640.99295867106,27128.139229773,5030.98280925922,"all_pixels",7572
"1019_d",6989,FALSE,"all_pixels",5.8631629735761,4.99703295282521,3.69102814911134,95.996839095593,"squared_euclidean_pc1_pc3",464.184855057674,"all_pixels",6871,1,1240.14318502856,15071.5803538332,3793.27241624428,"all_pixels",6871
"102_a",5286,FALSE,"all_pixels",6.80196647204053,6.18422867759455,3.71950140879418,120.197642768671,"squared_euclidean_pc1_pc3",530.47273677437,"all_pixels",5281,1,1269.32521433653,16709.3024075556,3681.34167300845,"all_pixels",5281
"102_b",5853,FALSE,"all_pixels",7.40723174552691,6.90932146764423,3.74853285863127,137.832359979509,"squared_euclidean_pc1_pc3",578.997788055146,"all_pixels",5850,1,1311.66763845714,19036.5706361968,4049.121768048,"all_pixels",5850
"102_c",5277,FALSE,"all_pixels",6.12285268902802,5.55668108101456,3.41852408391929,98.3468347797803,"squared_euclidean_pc1_pc3",390.789651308172,"all_pixels",5277,1,1333.19046259196,20498.351873063,4289.41462352181,"all_pixels",5277
"102_d",7148,FALSE,"all_pixels",5.6041507192991,5.08389822548406,3.07449867190407,81.715449928799,"squared_euclidean_pc1_pc3",394.323125940307,"all_pixels",7134,1,957.677788519933,13082.9492344317,3042.84519509485,"all_pixels",7134
"1020_a",7266,FALSE,"all_pixels",5.11209984786376,4.48597619894131,3.06129078025317,71.0075526426594,"squared_euclidean_pc1_pc3",389.404672980962,"all_pixels",7155,1,1069.89169433546,15064.95760903,3362.23396771412,"all_pixels",7155
"1020_b",7202,FALSE,"all_pixels",5.88596143293688,5.25855790872096,3.37228095451993,92.0304835633801,"squared_euclidean_pc1_pc3",463.401456479512,"all_pixels",7154,1,1449.45398952528,20680.0684766204,4283.33749483642,"all_pixels",7154
"1020_c",7382,FALSE,"all_pixels",5.67008787649405,4.94026440521696,3.26534985902246,85.6219236718097,"squared_euclidean_pc1_pc3",465.246892430742,"all_pixels",7356,1,1450.9841862304,17826.8214020251,3990.17800769003,"all_pixels",7356
"1020_d",6971,FALSE,"all_pixels",5.92126395042663,5.13747240433312,3.5607573189431,95.4770812704982,"squared_euclidean_pc1_pc3",470.937244667128,"all_pixels",6970,1,1452.43531147614,21490.0107736987,4332.27887106292,"all_pixels",6970
"1021_a",6804,FALSE,"all_pixels",6.30025151470436,5.35576488057661,4.70276658953496,123.611864602531,"squared_euclidean_pc1_pc3",483.978698623489,"all_pixels",6801,1,3072.02087486755,53865.8803766679,8651.31062739496,"all_pixels",6801
"1021_b",6499,FALSE,"all_pixels",5.26989236874204,4.75295393007962,2.88730159654058,72.2139867001776,"squared_euclidean_pc1_pc3",386.316437290888,"all_pixels",6497,1,932.837005153282,11864.3005807779,2937.05950770418,"all_pixels",6497
"1021_c",7396,FALSE,"all_pixels",4.93140377504654,4.44063522566655,2.72703166709392,63.5088788053402,"squared_euclidean_pc1_pc3",353.586177972206,"all_pixels",7388,1,810.287056372156,9336.5838444111,2504.89697777227,"all_pixels",7388
"1021_d",6058,FALSE,"all_pixels",5.42085889778924,4.79447376488573,3.21582081989065,79.4510153065052,"squared_euclidean_pc1_pc3",386.243712115098,"all_pixels",5940,1,1396.21620284834,21715.7790972385,4332.31052433015,"all_pixels",5940
"1022_a",7025,FALSE,"all_pixels",5.3271315258048,4.86861615220735,2.82359887170366,72.6998119521755,"squared_euclidean_pc1_pc3",384.87416601093,"all_pixels",7016,1,749.677047012963,9115.58947583786,2358.028501406,"all_pixels",7016
"1022_b",6887,FALSE,"all_pixels",6.05416286164411,5.47487088667597,3.47285085106366,97.4236595262132,"squared_euclidean_pc1_pc3",430.015474458664,"all_pixels",6877,1,1211.11519395278,15870.1963242283,3580.71735651963,"all_pixels",6877
"1022_c",7643,FALSE,"all_pixels",5.47319094410139,4.88376499142319,3.03479064871631,78.3291367478119,"squared_euclidean_pc1_pc3",456.00503046473,"all_pixels",7632,1,867.395476434904,9836.31727974073,2555.55846041077,"all_pixels",7632
"1022_d",7136,FALSE,"all_pixels",5.23115345688371,4.79634299933137,2.69505801055727,69.2545726506589,"squared_euclidean_pc1_pc3",369.589345962825,"all_pixels",7135,1,688.934455250669,7439.42863266461,2085.97992457557,"all_pixels",7135
"1023_a",8477,FALSE,"all_pixels",5.42077085165355,4.89809518447985,2.94185052375029,76.0764403860864,"squared_euclidean_pc1_pc3",403.584636652854,"all_pixels",8462,1,692.845755271879,6872.68970550773,2001.82768826647,"all_pixels",8462
"1023_b",8864,FALSE,"all_pixels",5.78568439263137,5.30755382887702,2.93031190990344,84.1198061223171,"squared_euclidean_pc1_pc3",422.421491178649,"all_pixels",8851,1,806.249865280441,9719.71021422315,2471.15561508156,"all_pixels",8851
"1023_c",8166,FALSE,"all_pixels",5.78317597767744,5.19872000393456,3.15318035616712,86.7729063865107,"squared_euclidean_pc1_pc3",454.261681897654,"all_pixels",8147,1,1142.71817065172,14149.7556127754,3273.69360943001,"all_pixels",8147
"1023_d",7237,FALSE,"all_pixels",6.7203613377807,6.1085393494842,3.45473647255626,114.193622825857,"squared_euclidean_pc1_pc3",530.393080595169,"all_pixels",7231,1,1165.03513535483,15391.1232418307,3425.5430000799,"all_pixels",7231
"1024_a",7733,FALSE,"all_pixels",6.2318264823833,5.3890159411186,4.02326189411731,110.040408770898,"squared_euclidean_pc1_pc3",543.361386761135,"all_pixels",7733,1,1722.46318310236,24411.681721369,4797.37552026551,"all_pixels",7733
"1024_b",6282,FALSE,"all_pixels",9.38858725664909,7.71963799270087,6.9276710482698,272.261114247707,"squared_euclidean_pc1_pc3",763.120109511232,"all_pixels",6279,1,2873.25447790785,54859.9043703796,8213.3841753015,"all_pixels",6279
"1024_c",6205,FALSE,"all_pixels",7.24852679909164,6.18492914481879,5.20386371029226,159.233948036427,"squared_euclidean_pc1_pc3",581.286790333921,"all_pixels",6203,1,2473.24999839101,58252.1743673394,8232.62188765122,"all_pixels",6203
"1024_d",7811,FALSE,"all_pixels",5.20183347306748,4.52258899392986,3.15351113475894,74.0048616023413,"squared_euclidean_pc1_pc3",417.006345969803,"all_pixels",7810,1,1504.60252431252,17926.2690187104,4058.08506450569,"all_pixels",7810
"103_a",7116,FALSE,"all_pixels",6.90995909216691,6.42069435369264,3.56730528520613,120.942826671653,"squared_euclidean_pc1_pc3",524.536627935757,"all_pixels",7095,1,1135.05341644523,14150.2098800132,3284.19383973513,"all_pixels",7095
"103_b",6618,FALSE,"all_pixels",6.80161027948729,6.20771097681054,3.767166326072,120.902600273972,"squared_euclidean_pc1_pc3",497.864645603502,"all_pixels",6601,1,1620.65758625623,21248.7074738539,4454.73975118541,"all_pixels",6601
"103_c",6621,FALSE,"all_pixels",6.8784712586845,6.18938023548038,3.76085596423052,122.910536402726,"squared_euclidean_pc1_pc3",523.920930625628,"all_pixels",6603,1,1337.38318871449,19551.3683068496,4095.85564665659,"all_pixels",6603
"103_d",7054,FALSE,"all_pixels",6.83020506216911,6.12336568212308,3.85570505156184,123.032110227484,"squared_euclidean_pc1_pc3",583.666473975322,"all_pixels",6874,1,1740.56251966787,21979.2541094106,4636.2369041029,"all_pixels",6874
"104_a",5827,FALSE,"all_pixels",6.98258466093646,6.39718837225658,3.75794549052254,125.752438569676,"squared_euclidean_pc1_pc3",518.227006125524,"all_pixels",5827,1,1911.09620595661,23289.8220674537,5006.29454231209,"all_pixels",5827
"104_b",5579,FALSE,"all_pixels",6.34902920357212,5.84869571702546,3.33840270928301,102.906213638797,"squared_euclidean_pc1_pc3",466.349925168524,"all_pixels",5527,1,987.885813217924,11789.2625209887,2885.66945100954,"all_pixels",5527
"104_c",7448,FALSE,"all_pixels",6.53062880430747,6.03661208930977,3.33097053400163,107.485975134835,"squared_euclidean_pc1_pc3",529.833359520947,"all_pixels",7447,1,1100.15726772215,12474.5497718865,3039.62326393915,"all_pixels",7447
"104_d",7943,FALSE,"all_pixels",6.88434534739857,6.23047491768249,3.90232340274795,125.240843252024,"squared_euclidean_pc1_pc3",552.317365225029,"all_pixels",7943,1,1575.52905534653,17976.0329175467,4123.65111894831,"all_pixels",7943
"105_a",8027,FALSE,"all_pixels",8.4519109766815,7.81700680345031,4.18411312610066,177.87884164053,"squared_euclidean_pc1_pc3",789.967823135399,"all_pixels",8027,1,1634.28689761262,19384.8975017802,4261.54102820873,"all_pixels",8027
"105_b",7017,FALSE,"all_pixels",8.66038168955734,7.92559125585334,4.51437119977618,190.75770805522,"squared_euclidean_pc1_pc3",788.766614930688,"all_pixels",7017,1,1964.13507632104,30987.8389747991,5519.4320544544,"all_pixels",7017
"105_c",7273,FALSE,"all_pixels",9.44423493569028,8.42718301357909,5.34014680767027,235.41364096886,"squared_euclidean_pc1_pc3",915.715816321121,"all_pixels",7268,1,2794.02982250569,48706.5057532124,7838.34309761593,"all_pixels",7268
"105_d",6731,FALSE,"all_pixels",8.68943489222455,8.03080004153161,4.43118290804188,190.277487108,"squared_euclidean_pc1_pc3",825.594057215367,"all_pixels",6709,1,1894.01111173241,32499.1027639723,5595.04890207001,"all_pixels",6709
"106_a",6919,FALSE,"all_pixels",11.2752383847998,10.8579768158498,5.22656942954143,308.888161035886,"squared_euclidean_pc1_pc3",1014.15437022829,"all_pixels",6919,1,2465.9228837126,42713.2890178335,7124.79761081459,"all_pixels",6919
"106_b",7876,FALSE,"all_pixels",8.47245551685901,7.41334167440652,5.0796987797071,195.165131958347,"squared_euclidean_pc1_pc3",806.04927354667,"all_pixels",7854,1,2215.39774431208,45142.1728938764,6758.65089892262,"all_pixels",7854
"106_c",5803,FALSE,"all_pixels",5.90060225153065,5.34728972007625,3.23005302771151,90.4971031752465,"squared_euclidean_pc1_pc3",441.789787985014,"all_pixels",5803,1,1080.20023477928,14129.5945858797,3185.28247960055,"all_pixels",5803
"106_d",6677,FALSE,"all_pixels",6.94898217711533,6.54803914641927,3.5295068670569,121.487812603054,"squared_euclidean_pc1_pc3",534.069412871105,"all_pixels",6674,1,1477.25976754142,23389.4101400298,4595.2643482455,"all_pixels",6674
"107_a",6298,FALSE,"all_pixels",7.52530224408347,6.66349241875496,4.74673498412253,158.316178622208,"squared_euclidean_pc1_pc3",631.822072736884,"all_pixels",6256,1,2354.34982447841,46706.8107531382,7341.93169878898,"all_pixels",6256
"107_b",6473,FALSE,"all_pixels",7.06256774367637,6.41274748728489,3.89040509233159,130.025553407214,"squared_euclidean_pc1_pc3",614.138092934362,"all_pixels",6445,1,1802.61517465878,26531.8133960411,5030.35933111266,"all_pixels",6445
"107_c",8264,FALSE,"all_pixels",5.72033093477104,5.04500682477475,3.51443373106949,90.1438717382047,"squared_euclidean_pc1_pc3",471.795648111375,"all_pixels",8233,1,1321.36176350605,17640.3540055212,3827.39145217357,"all_pixels",8233
"107_d",7581,FALSE,"all_pixels",5.88089214949105,5.3514899769369,3.04518089821709,87.7135919410913,"squared_euclidean_pc1_pc3",457.058994963616,"all_pixels",7489,1,1017.54764801909,12662.7922458296,2954.85018738199,"all_pixels",7489
"108_a",7856,FALSE,"all_pixels",5.70623876712893,5.22148197497321,3.02322212106072,83.3997388701899,"squared_euclidean_pc1_pc3",451.867379039986,"all_pixels",7856,1,1452.18648541508,15030.3839364906,3750.64835062573,"all_pixels",7856
"108_b",8053,FALSE,"all_pixels",5.37786653827113,4.87652041620821,2.95798216963748,75.3400410203169,"squared_euclidean_pc1_pc3",385.115680157398,"all_pixels",7982,1,910.583687938465,9328.67620763614,2534.32965505946,"all_pixels",7982
"108_c",7680,FALSE,"all_pixels",6.24934468367163,5.61140376394489,3.5872007547215,103.841285415942,"squared_euclidean_pc1_pc3",484.910885682793,"all_pixels",7680,1,1608.75259871369,20102.3575865925,4362.34187056504,"all_pixels",7680
"108_d",8224,FALSE,"all_pixels",5.96013005878615,5.4874453492913,3.08522433930766,90.0812042461318,"squared_euclidean_pc1_pc3",459.041375927723,"all_pixels",8216,1,1062.63226760038,14313.8648655554,3377.63738187714,"all_pixels",8216
"109_a",8703,FALSE,"all_pixels",6.49168703552909,5.55086648250175,4.16121273982437,118.911404820092,"squared_euclidean_pc1_pc3",586.675503489249,"all_pixels",8702,1,1500.69997741659,15780.4050789232,3897.78383385712,"all_pixels",8702
"109_b",8297,FALSE,"all_pixels",6.55753716279097,5.63919042088839,4.1037998997081,119.680874935015,"squared_euclidean_pc1_pc3",589.363989274978,"all_pixels",8294,1,1825.99597946906,22375.6852142556,4700.28106036572,"all_pixels",8294
"109_c",8922,FALSE,"all_pixels",6.41906938488514,5.60888097339245,3.86455133979576,112.275069802176,"squared_euclidean_pc1_pc3",628.487803186782,"all_pixels",8921,1,1955.49889210892,25839.8983921139,5249.30434401365,"all_pixels",8921
"109_d",8308,FALSE,"all_pixels",6.44125747826671,5.74360259668915,3.73091021198159,110.815626909774,"squared_euclidean_pc1_pc3",535.883895332998,"all_pixels",8308,1,1969.44479395215,28280.2362758657,5379.72799145663,"all_pixels",8308
"11_a",7247,FALSE,"all_pixels",5.53707899134602,4.83729732078485,3.42762179793441,84.8124275598333,"squared_euclidean_pc1_pc3",445.170973506327,"all_pixels",7195,1,1386.28027353781,17099.3558065895,3920.48443270471,"all_pixels",7195
"11_b",7332,FALSE,"all_pixels",5.95742326669747,5.32662128764737,3.84957635388783,100.616217820637,"squared_euclidean_pc1_pc3",454.090328746289,"all_pixels",7290,1,1785.3608674124,21156.5865504587,4684.2641842082,"all_pixels",7290
"11_c",6199,FALSE,"all_pixels",5.41936221052225,4.75080191522696,3.48839459563026,83.0728411634804,"squared_euclidean_pc1_pc3",394.352111620433,"all_pixels",6172,1,1565.59540702274,17561.7346361556,4174.85810822155,"all_pixels",6172
"11_d",7782,FALSE,"all_pixels",4.76185997143765,4.14453778065915,3.13432617729015,64.9960971454801,"squared_euclidean_pc1_pc3",348.450223410724,"all_pixels",7712,1,1148.48750751591,11623.4280857424,3055.8068042526,"all_pixels",7712
"110_a",7237,FALSE,"all_pixels",21.0366837372229,19.2969310004468,12.1384218230542,1179.72597514396,"squared_euclidean_pc1_pc3",1477.58676270914,"all_pixels",7237,1,6330.18748081534,108462.610222661,16117.0525312123,"all_pixels",7237
"110_b",9160,FALSE,"all_pixels",9.25110899274903,7.02539410813632,9.9498817542718,369.144713286822,"squared_euclidean_pc1_pc3",752.283230834228,"all_pixels",9160,1,6264.25508082855,135427.103575585,16346.051858584,"all_pixels",9160
"110_c",6647,FALSE,"all_pixels",6.60302879394496,5.82796837532291,4.09738901343982,120.77212048136,"squared_euclidean_pc1_pc3",545.421153854974,"all_pixels",6601,1,1945.50703377134,30354.7360254148,5486.90579329816,"all_pixels",6601
"110_d",7202,FALSE,"all_pixels",9.18242220471588,7.66765615425449,7.18928396150863,271.991009668979,"squared_euclidean_pc1_pc3",761.449487120587,"all_pixels",7169,1,3389.79653797556,56505.2030593038,9009.61513738348,"all_pixels",7169
"1100_a",6574,FALSE,"all_pixels",6.32371852801079,5.49111292652703,4.0987337115318,113.572957191807,"squared_euclidean_pc1_pc3",496.001790834294,"all_pixels",6535,1,2019.71753733627,32906.6814730257,5899.69856545829,"all_pixels",6535
"1100_b",6685,FALSE,"all_pixels",5.73076981162933,5.15909566026046,3.02350567793349,83.9638834819067,"squared_euclidean_pc1_pc3",416.333869600107,"all_pixels",6600,1,1024.99219293655,12654.9557717879,2967.62706362356,"all_pixels",6600
"1100_c",6635,FALSE,"all_pixels",5.45018559974569,4.82359566834413,3.16042406265654,79.3825958696805,"squared_euclidean_pc1_pc3",417.263126279322,"all_pixels",6620,1,1216.92501033393,15828.0385345506,3534.61466727664,"all_pixels",6620
"1100_d",5288,FALSE,"all_pixels",7.55739158092071,5.3272616018501,10.9417065090391,353.624937439645,"squared_euclidean_pc1_pc3",333.870545251543,"all_pixels",5282,1,3920.78899328112,55529.1707340367,10221.5962895991,"all_pixels",5282
"1101_a",6845,FALSE,"all_pixels",5.46092205391372,5.07351649371364,2.62037931432054,73.3741086105202,"squared_euclidean_pc1_pc3",393.042629773115,"all_pixels",6845,1,719.95739763209,8164.59877137513,2225.20277968802,"all_pixels",6845
"1101_b",7402,FALSE,"all_pixels",6.03197758112224,5.42157726931534,3.35752491802829,95.3124083022927,"squared_euclidean_pc1_pc3",461.590620234545,"all_pixels",7402,1,1230.28257121099,15574.6810325563,3528.26074960824,"all_pixels",7402
"1101_c",7022,FALSE,"all_pixels",5.5878823663283,4.9503411607888,3.33138186338041,84.6419079664113,"squared_euclidean_pc1_pc3",404.664054543397,"all_pixels",7021,1,1491.78579039366,19501.6052039853,4242.47858737563,"all_pixels",7021
"1101_d",7122,FALSE,"all_pixels",6.13193167990719,5.46548533456492,3.42279484024429,98.6289313373754,"squared_euclidean_pc1_pc3",478.405071234877,"all_pixels",7107,1,933.139536042172,11362.131102022,2919.18610623118,"all_pixels",7107
"1102_a",7992,FALSE,"all_pixels",5.67057636173287,4.83260141699503,3.41333706631516,87.609696771934,"squared_euclidean_pc1_pc3",472.941194187664,"all_pixels",7896,1,1295.7845842483,17444.8860970935,3837.32663180036,"all_pixels",7896
"1102_b",8842,FALSE,"all_pixels",5.18495033506866,4.38988123084215,3.55845368180738,79.0897409734454,"squared_euclidean_pc1_pc3",441.798634072475,"all_pixels",8809,1,2174.25007164863,31867.9479433636,6017.82623020544,"all_pixels",8809
"1102_c",8006,FALSE,"all_pixels",6.93820973444282,6.46244808804449,3.57702781884863,121.864568287153,"squared_euclidean_pc1_pc3",535.320861233507,"all_pixels",7883,1,1160.52111497959,16227.3703184561,3569.6215832619,"all_pixels",7883
"1102_d",7319,FALSE,"all_pixels",7.07031143217655,6.31274108333698,4.02444335043822,132.366470277058,"squared_euclidean_pc1_pc3",586.11716026046,"all_pixels",7287,1,1536.29451498924,18137.1839775319,4011.94099078203,"all_pixels",7287
"1103_a",8019,FALSE,"all_pixels",6.32111584742273,5.20755883471329,4.27318785625993,116.428725805505,"squared_euclidean_pc1_pc3",588.530428372085,"all_pixels",8012,1,1686.07403832604,25224.0903487608,4831.02470910862,"all_pixels",8012
"1103_b",8706,FALSE,"all_pixels",13.1251227408653,10.8979469132342,8.48393405835927,488.475433073927,"squared_euclidean_pc1_pc3",1115.09695146366,"all_pixels",8676,1,2682.83568562788,47764.1969753225,7893.04042360375,"all_pixels",8676
"1103_c",9373,FALSE,"all_pixels",15.3892897387274,13.3573410198778,8.45888276774284,616.750604849195,"squared_euclidean_pc1_pc3",1133.96116888249,"all_pixels",9346,1,3862.81070328788,58713.9948156988,9865.40510276381,"all_pixels",9346
"1103_d",8983,FALSE,"all_pixels",6.1800779972063,5.09298552840795,4.77986260467368,122.075814403601,"squared_euclidean_pc1_pc3",606.107250187147,"all_pixels",8931,1,3205.11366167413,45039.0065614933,8294.98249753387,"all_pixels",8931
"1104_a",8690,FALSE,"all_pixels",8.03145485345232,6.38251012647985,7.3419091556118,236.803388325853,"squared_euclidean_pc1_pc3",714.5530933248,"all_pixels",8645,1,4703.45730039416,83115.0754546392,12232.9485620053,"all_pixels",8645
"1104_b",9423,FALSE,"all_pixels",7.09523568264868,6.09387556954385,4.81549317985965,147.057766133494,"squared_euclidean_pc1_pc3",703.273131222048,"all_pixels",9356,1,2669.56419723103,41116.5479080799,7238.09096497998,"all_pixels",9356
"1104_c",9386,FALSE,"all_pixels",7.06143610292435,5.92933416289301,4.61210462356123,142.266245185039,"squared_euclidean_pc1_pc3",731.460199855569,"all_pixels",9322,1,2199.74443255237,40353.4122073706,6485.20366850853,"all_pixels",9322
"1104_d",9275,FALSE,"all_pixels",5.9625893995946,4.98803442168325,3.98579550825052,102.874650688923,"squared_euclidean_pc1_pc3",561.141014643456,"all_pixels",8949,1,1544.18188354972,22676.6983646559,4528.66115613717,"all_pixels",8949
"1105_a",9065,FALSE,"all_pixels",7.11148223155335,5.85856671896675,5.26613111509241,156.604514394217,"squared_euclidean_pc1_pc3",718.799743616282,"all_pixels",8845,1,3256.81965671385,52480.4437624789,8550.88478199309,"all_pixels",8845
"1105_b",8282,FALSE,"all_pixels",8.95620123142106,7.57807944388314,5.58199830233453,222.736966650187,"squared_euclidean_pc1_pc3",873.593459808047,"all_pixels",7921,1,2718.30659610588,48206.2011029419,7760.07018971376,"all_pixels",7921
"1105_c",6637,FALSE,"all_pixels",6.07737688536089,5.48694381200309,3.38032802540068,96.7188114240678,"squared_euclidean_pc1_pc3",472.50914701293,"all_pixels",6470,1,1477.87668551282,17970.6395796223,4073.98721079188,"all_pixels",6470
"1105_d",7916,FALSE,"all_pixels",6.47686561393805,5.53298763059626,4.43499697297643,123.233003183579,"squared_euclidean_pc1_pc3",560.114187164838,"all_pixels",7871,1,2554.95656950038,44527.3787800813,7098.94635070855,"all_pixels",7871
"1106_a",5908,FALSE,"all_pixels",5.64835032467814,5.11609189333658,2.99337102745323,81.7252297297827,"squared_euclidean_pc1_pc3",400.574668614778,"all_pixels",5883,1,733.019099329829,7828.6436860559,2202.67286199467,"all_pixels",5883
"1106_b",7186,FALSE,"all_pixels",5.45244694115534,5.05371124271815,2.79033695473702,75.0281489482757,"squared_euclidean_pc1_pc3",366.00009262464,"all_pixels",7174,1,658.152225158222,7597.94811261111,2132.32586498318,"all_pixels",7174
"1106_c",6445,FALSE,"all_pixels",6.8144603209409,6.00219269268229,3.90505276144593,123.367880894737,"squared_euclidean_pc1_pc3",547.017639635114,"all_pixels",6422,1,1619.2298575673,21360.5790402455,4399.92808961307,"all_pixels",6422
"1106_d",6056,FALSE,"all_pixels",5.84925841975126,5.24145999530492,3.14881854201913,88.2544900853916,"squared_euclidean_pc1_pc3",422.376924670455,"all_pixels",6028,1,997.264140845444,12299.7664588322,2986.02848423759,"all_pixels",6028
"1107_a",8943,FALSE,"all_pixels",5.61612222783287,5.02056189390896,3.11680794456666,82.5084687472067,"squared_euclidean_pc1_pc3",413.900270807968,"all_pixels",8942,1,1056.73770525234,12153.4917021803,3030.33472824621,"all_pixels",8942
"1107_b",8921,FALSE,"all_pixels",7.73293413762742,6.94867842091826,4.39815929166429,158.279814373605,"squared_euclidean_pc1_pc3",694.350262985996,"all_pixels",8884,1,1702.92356177185,23112.3328409391,4707.5678746126,"all_pixels",8884
"1107_c",7936,FALSE,"all_pixels",9.09714842283804,7.81940664710428,5.96601913140651,236.694017299982,"squared_euclidean_pc1_pc3",832.116024320321,"all_pixels",7935,1,2642.92744784999,43800.7093858518,7424.95768238473,"all_pixels",7935
"1107_d",6786,FALSE,"all_pixels",7.2156013355761,6.20999405285148,4.40656998097281,142.95980034488,"squared_euclidean_pc1_pc3",619.155500856528,"all_pixels",6785,1,1823.06885539232,28769.0529964958,5286.47150232288,"all_pixels",6785
"1108_a",7185,FALSE,"all_pixels",15.2470276976179,11.4570947437161,14.0817522110531,861.480000745319,"squared_euclidean_pc1_pc3",1078.24474531133,"all_pixels",7145,1,4971.76158318191,107688.730628719,14784.1234007685,"all_pixels",7145
"1108_b",7005,FALSE,"all_pixels",11.5833506639431,9.3505857395962,9.79178361397949,460.078703439391,"squared_euclidean_pc1_pc3",975.002370304389,"all_pixels",6994,1,5021.77394665837,102020.316131363,14901.4283759098,"all_pixels",6994
"1108_c",5320,FALSE,"all_pixels",7.00676618196085,6.2040180525629,3.95537186348198,129.473596247807,"squared_euclidean_pc1_pc3",548.968367650256,"all_pixels",5296,1,1455.07668115849,24125.2784072177,4488.64409532267,"all_pixels",5296
"1108_d",8765,FALSE,"all_pixels",8.51592225942112,7.24847680131801,6.08560697323647,219.10263775488,"squared_euclidean_pc1_pc3",764.05456291604,"all_pixels",8666,1,3318.34283171264,53814.6550050549,9203.49990703321,"all_pixels",8666
"1109_a",4749,FALSE,"all_pixels",9.61768650077791,8.13488175860829,6.55172833278929,270.831997997135,"squared_euclidean_pc1_pc3",737.752300486579,"all_pixels",4743,1,2823.22128958189,55626.4390753624,8364.31906769102,"all_pixels",4743
"1109_b",5936,FALSE,"all_pixels",8.09818215791444,7.24294148948441,4.61238513538702,173.702133977489,"squared_euclidean_pc1_pc3",606.992383557255,"all_pixels",5936,1,1517.09318205075,22288.3801894648,4419.19583184789,"all_pixels",5936
"1109_c",7425,FALSE,"all_pixels",9.09866880880502,8.46418585069321,4.36211563438725,203.622528398744,"squared_euclidean_pc1_pc3",808.047544982231,"all_pixels",7387,1,1451.9010138347,20819.1885605494,4292.35385837022,"all_pixels",7387
"1109_d",6274,FALSE,"all_pixels",6.35323688550767,5.62161223918662,5.60534378503486,143.556979843401,"squared_euclidean_pc1_pc3",481.309351997989,"all_pixels",6127,1,3948.55356831839,46234.3306120328,10125.2612996343,"all_pixels",6127
"111_a",5088,FALSE,"all_pixels",6.75352509021592,5.75857298575529,4.73990406195398,136.144752075135,"squared_euclidean_pc1_pc3",517.90072105258,"all_pixels",5043,1,2179.65186431724,36777.611948801,6186.46494496163,"all_pixels",5043
"111_b",7414,FALSE,"all_pixels",4.558245479359,4.098955315452,2.51592651244075,54.2132685826389,"squared_euclidean_pc1_pc3",317.723741929814,"all_pixels",7338,1,736.04450701471,8543.50898312638,2269.46242857438,"all_pixels",7338
"111_c",5294,FALSE,"all_pixels",10.7613628755329,8.39560533503053,9.45279664222584,410.290833375209,"squared_euclidean_pc1_pc3",659.481631987296,"all_pixels",5243,1,3099.87750458775,54605.5173225355,8779.00182881106,"all_pixels",5243
"111_d",7595,FALSE,"all_pixels",8.7229541906322,6.74367990275718,8.55349029579256,298.48498621971,"squared_euclidean_pc1_pc3",706.266997266058,"all_pixels",7483,1,3485.7919286802,57601.1648917257,9457.66675744294,"all_pixels",7483
"1110_a",NA,TRUE,"manual_excluded",NA,NA,NA,NA,"squared_euclidean_pc1_pc3",NA,"manual_excluded",NA,1,NA,NA,NA,"manual_excluded",NA
"1110_b",NA,TRUE,"manual_excluded",NA,NA,NA,NA,"squared_euclidean_pc1_pc3",NA,"manual_excluded",NA,1,NA,NA,NA,"manual_excluded",NA
"1110_c",NA,TRUE,"manual_excluded",NA,NA,NA,NA,"squared_euclidean_pc1_pc3",NA,"manual_excluded",NA,1,NA,NA,NA,"manual_excluded",NA
"1110_d",NA,TRUE,"manual_excluded",NA,NA,NA,NA,"squared_euclidean_pc1_pc3",NA,"manual_excluded",NA,1,NA,NA,NA,"manual_excluded",NA
"1111_a",NA,TRUE,"manual_excluded",NA,NA,NA,NA,"squared_euclidean_pc1_pc3",NA,"manual_excluded",NA,1,NA,NA,NA,"manual_excluded",NA
"1111_b",NA,TRUE,"manual_excluded",NA,NA,NA,NA,"squared_euclidean_pc1_pc3",NA,"manual_excluded",NA,1,NA,NA,NA,"manual_excluded",NA
"1111_c",NA,TRUE,"manual_excluded",NA,NA,NA,NA,"squared_euclidean_pc1_pc3",NA,"manual_excluded",NA,1,NA,NA,NA,"manual_excluded",NA
"1111_d",NA,TRUE,"manual_excluded",NA,NA,NA,NA,"squared_euclidean_pc1_pc3",NA,"manual_excluded",NA,1,NA,NA,NA,"manual_excluded",NA
"1112_a",NA,TRUE,"manual_excluded",NA,NA,NA,NA,"squared_euclidean_pc1_pc3",NA,"manual_excluded",NA,1,NA,NA,NA,"manual_excluded",NA
"1112_b",NA,TRUE,"manual_excluded",NA,NA,NA,NA,"squared_euclidean_pc1_pc3",NA,"manual_excluded",NA,1,NA,NA,NA,"manual_excluded",NA
"1112_c",NA,TRUE,"manual_excluded",NA,NA,NA,NA,"squared_euclidean_pc1_pc3",NA,"manual_excluded",NA,1,NA,NA,NA,"manual_excluded",NA
"1112_d",NA,TRUE,"manual_excluded",NA,NA,NA,NA,"squared_euclidean_pc1_pc3",NA,"manual_excluded",NA,1,NA,NA,NA,"manual_excluded",NA
"1113_a",NA,TRUE,"manual_excluded",NA,NA,NA,NA,"squared_euclidean_pc1_pc3",NA,"manual_excluded",NA,1,NA,NA,NA,"manual_excluded",NA
"1113_b",NA,TRUE,"manual_excluded",NA,NA,NA,NA,"squared_euclidean_pc1_pc3",NA,"manual_excluded",NA,1,NA,NA,NA,"manual_excluded",NA
"1113_c",NA,TRUE,"manual_excluded",NA,NA,NA,NA,"squared_euclidean_pc1_pc3",NA,"manual_excluded",NA,1,NA,NA,NA,"manual_excluded",NA
"1113_d",NA,TRUE,"manual_excluded",NA,NA,NA,NA,"squared_euclidean_pc1_pc3",NA,"manual_excluded",NA,1,NA,NA,NA,"manual_excluded",NA
"1114_a",NA,TRUE,"manual_excluded",NA,NA,NA,NA,"squared_euclidean_pc1_pc3",NA,"manual_excluded",NA,1,NA,NA,NA,"manual_excluded",NA
"1114_b",NA,TRUE,"manual_excluded",NA,NA,NA,NA,"squared_euclidean_pc1_pc3",NA,"manual_excluded",NA,1,NA,NA,NA,"manual_excluded",NA
"1114_c",NA,TRUE,"manual_excluded",NA,NA,NA,NA,"squared_euclidean_pc1_pc3",NA,"manual_excluded",NA,1,NA,NA,NA,"manual_excluded",NA
"1114_d",NA,TRUE,"manual_excluded",NA,NA,NA,NA,"squared_euclidean_pc1_pc3",NA,"manual_excluded",NA,1,NA,NA,NA,"manual_excluded",NA
"1115_a",NA,TRUE,"manual_excluded",NA,NA,NA,NA,"squared_euclidean_pc1_pc3",NA,"manual_excluded",NA,1,NA,NA,NA,"manual_excluded",NA
"1115_b",NA,TRUE,"manual_excluded",NA,NA,NA,NA,"squared_euclidean_pc1_pc3",NA,"manual_excluded",NA,1,NA,NA,NA,"manual_excluded",NA
"1115_c",NA,TRUE,"manual_excluded",NA,NA,NA,NA,"squared_euclidean_pc1_pc3",NA,"manual_excluded",NA,1,NA,NA,NA,"manual_excluded",NA
"1115_d",NA,TRUE,"manual_excluded",NA,NA,NA,NA,"squared_euclidean_pc1_pc3",NA,"manual_excluded",NA,1,NA,NA,NA,"manual_excluded",NA
"1116_a",1207,FALSE,"all_pixels",7.52261750459779,6.78052051478881,3.83211788162649,142.525469889959,"squared_euclidean_pc1_pc3",316.953612250229,"all_pixels",1188,1,953.529670660574,11953.6685778353,2960.24680932699,"all_pixels",1188
"1116_b",2274,FALSE,"all_pixels",7.07891947475608,6.39548884461507,3.69967063777105,127.585289202299,"squared_euclidean_pc1_pc3",389.503630501587,"all_pixels",2265,1,928.294415199398,13623.3130394333,3187.8150790054,"all_pixels",2265
"1116_c",2526,FALSE,"all_pixels",7.85295855553307,6.86638572069988,5.07142312189448,174.756217428737,"squared_euclidean_pc1_pc3",407.905171857409,"all_pixels",2523,1,3842.40540353017,66215.8483235676,10348.611508207,"all_pixels",2523
"1116_d",3469,FALSE,"all_pixels",7.78877671795881,6.98418927339251,4.22135772577304,156.959533848295,"squared_euclidean_pc1_pc3",519.886945928723,"all_pixels",3440,1,1383.6203105724,26249.2013295755,4786.28342122079,"all_pixels",3440
"1117_a",2859,FALSE,"all_pixels",6.59175647966889,5.78761995977572,3.81009899176138,115.926060431405,"squared_euclidean_pc1_pc3",368.292735821796,"all_pixels",2859,1,1213.61733048752,18787.9907118663,4107.37477407336,"all_pixels",2859
"1117_b",4963,FALSE,"all_pixels",8.95607815700544,7.75892606361191,5.58477188067822,222.789456946709,"squared_euclidean_pc1_pc3",679.8672993984,"all_pixels",4946,1,2554.56656482734,58546.7522133985,7978.76470968597,"all_pixels",4946
"1117_c",6605,FALSE,"all_pixels",6.17330768822652,5.49210341242832,3.59061540479513,102.000589730877,"squared_euclidean_pc1_pc3",475.816830593785,"all_pixels",6603,1,1303.51138933381,21081.2298984554,4181.68882057246,"all_pixels",6603
"1117_d",384,FALSE,"all_pixels",8.7174861162942,7.72821891815735,4.81342596095169,198.206595101808,"squared_euclidean_pc1_pc3",121.103994124579,"all_pixels",384,1,1115.9528157217,17933.6703007924,3720.05496053702,"all_pixels",384
"1118_a",2308,FALSE,"all_pixels",6.30843141702365,5.69256700702357,3.52013688346029,104.364603493022,"squared_euclidean_pc1_pc3",337.747447442712,"all_pixels",2307,1,1028.37247332915,17011.0938815363,3673.43533603733,"all_pixels",2307
"1118_b",5739,FALSE,"all_pixels",5.68014871774096,5.09889156346581,2.97861592231321,82.2693926555254,"squared_euclidean_pc1_pc3",381.505385290058,"all_pixels",5731,1,858.760529277218,11298.4698281741,2867.0668376475,"all_pixels",5731
"1118_c",6346,FALSE,"all_pixels",5.81791839150848,5.36247674996725,2.93243627618158,84.8920037371387,"squared_euclidean_pc1_pc3",426.17686798997,"all_pixels",6340,1,776.0799537091,8730.21984840388,2398.18305716302,"all_pixels",6340
"1118_d",6688,FALSE,"all_pixels",5.42691830541876,4.77579990968046,3.47781391742582,83.0896468933108,"squared_euclidean_pc1_pc3",382.806711585748,"all_pixels",6492,1,2380.75201923695,32653.5654011485,6469.54507607526,"all_pixels",6492
"1119_a",NA,TRUE,"manual_excluded",NA,NA,NA,NA,"squared_euclidean_pc1_pc3",NA,"manual_excluded",NA,1,NA,NA,NA,"manual_excluded",NA
"1119_b",NA,TRUE,"manual_excluded",NA,NA,NA,NA,"squared_euclidean_pc1_pc3",NA,"manual_excluded",NA,1,NA,NA,NA,"manual_excluded",NA
"1119_c",NA,TRUE,"manual_excluded",NA,NA,NA,NA,"squared_euclidean_pc1_pc3",NA,"manual_excluded",NA,1,NA,NA,NA,"manual_excluded",NA
"1119_d",NA,TRUE,"manual_excluded",NA,NA,NA,NA,"squared_euclidean_pc1_pc3",NA,"manual_excluded",NA,1,NA,NA,NA,"manual_excluded",NA
"112_a",8130,FALSE,"all_pixels",5.71265042097156,4.96987266835022,3.98820665490268,97.0764214448334,"squared_euclidean_pc1_pc3",456.914675161426,"all_pixels",8069,1,3179.78540019251,40427.4166183255,8103.70544912099,"all_pixels",8069
"112_b",7340,FALSE,"all_pixels",10.8516367158258,7.47598225451426,11.9651240857743,521.805418283197,"squared_euclidean_pc1_pc3",608.41973739212,"all_pixels",7205,1,3909.12632244639,52901.8037573609,10115.606288662,"all_pixels",7205
"112_c",7756,FALSE,"all_pixels",5.57203543318441,5.02201683462847,3.32342071602547,84.1825600988542,"squared_euclidean_pc1_pc3",446.645202878564,"all_pixels",7691,1,1734.47247194466,18657.2269645578,4435.6176979229,"all_pixels",7691
"112_d",6131,FALSE,"all_pixels",6.19955026129995,5.28069287314555,4.39790680907011,115.54570604861,"squared_euclidean_pc1_pc3",480.751979892012,"all_pixels",6131,1,2615.16656622801,36352.9003795619,6916.33743241712,"all_pixels",6131
"1120_a",NA,TRUE,"manual_excluded",NA,NA,NA,NA,"squared_euclidean_pc1_pc3",NA,"manual_excluded",NA,1,NA,NA,NA,"manual_excluded",NA
"1120_b",NA,TRUE,"manual_excluded",NA,NA,NA,NA,"squared_euclidean_pc1_pc3",NA,"manual_excluded",NA,1,NA,NA,NA,"manual_excluded",NA
"1120_c",NA,TRUE,"manual_excluded",NA,NA,NA,NA,"squared_euclidean_pc1_pc3",NA,"manual_excluded",NA,1,NA,NA,NA,"manual_excluded",NA
"1120_d",NA,TRUE,"manual_excluded",NA,NA,NA,NA,"squared_euclidean_pc1_pc3",NA,"manual_excluded",NA,1,NA,NA,NA,"manual_excluded",NA
"1121_a",7750,FALSE,"all_pixels",5.77029973648274,4.9394874585987,3.67458060490017,93.5943188143944,"squared_euclidean_pc1_pc3",464.478726549374,"all_pixels",7722,1,1483.4496884068,22122.6778463566,4574.71419341714,"all_pixels",7722
"1121_b",7113,FALSE,"all_pixels",6.00271404477525,5.35031191748649,3.40121687286912,95.1984515255796,"squared_euclidean_pc1_pc3",458.49013647008,"all_pixels",7065,1,1285.14563141405,20234.2996668172,4003.36768063167,"all_pixels",7065
"1121_c",5808,FALSE,"all_pixels",6.50139458791086,5.86654046502194,3.61831018224321,110.716092002771,"squared_euclidean_pc1_pc3",515.211971967159,"all_pixels",5797,1,1438.86027092437,21556.3423677214,4304.52593993572,"all_pixels",5797
"1121_d",6344,FALSE,"all_pixels",7.46348998906717,6.73923885714366,3.98146022432399,143.106419183583,"squared_euclidean_pc1_pc3",629.501430926743,"all_pixels",6339,1,1492.71972020292,21944.6228758458,4376.4707964417,"all_pixels",6339
"1122_a",7120,FALSE,"all_pixels",6.65020966506216,5.9534287712249,3.90572135788903,118.955610812849,"squared_euclidean_pc1_pc3",541.201502447757,"all_pixels",7107,1,1571.37855009369,20690.2839437948,4359.1070894082,"all_pixels",7107
"1122_b",6329,FALSE,"all_pixels",6.72901571364828,5.98874520051038,3.87929521450178,120.652412123654,"squared_euclidean_pc1_pc3",537.362916882352,"all_pixels",6277,1,1582.76416789961,19834.4292548751,4295.58991049484,"all_pixels",6277
"1122_c",8312,FALSE,"all_pixels",5.41093710348741,4.95750751675986,2.85128736978953,74.8142038367229,"squared_euclidean_pc1_pc3",394.632307286173,"all_pixels",8298,1,815.554353517212,8686.70087957148,2405.02292797173,"all_pixels",8298
"1122_d",6673,FALSE,"all_pixels",5.95434070997868,5.36309487286146,3.24627678296417,91.9818139909262,"squared_euclidean_pc1_pc3",459.852443283341,"all_pixels",6661,1,1098.94791712333,15435.9986807426,3338.40760625038,"all_pixels",6661
"1123_a",5699,FALSE,"all_pixels",5.47710442478769,5.00382077384804,2.88865814254158,76.6831091346007,"squared_euclidean_pc1_pc3",391.197947357298,"all_pixels",5694,1,790.051652368998,9606.74303079514,2490.10233760253,"all_pixels",5694
"1123_b",6765,FALSE,"all_pixels",5.65750122666024,5.10672279546606,3.08333074745208,83.0256866338142,"squared_euclidean_pc1_pc3",443.999006360779,"all_pixels",6759,1,744.711325264342,8981.14828514434,2349.30411354124,"all_pixels",6759
"1123_c",8028,FALSE,"all_pixels",6.44634711792101,5.55497497590442,4.0968257059539,116.674562698932,"squared_euclidean_pc1_pc3",578.998740390172,"all_pixels",8025,1,1789.73054470733,24530.8271793587,4967.15975306117,"all_pixels",8025
"1123_d",7933,FALSE,"all_pixels",6.13996642051759,5.41273726516916,3.76756461134953,103.783882884948,"squared_euclidean_pc1_pc3",467.5689488711,"all_pixels",7919,1,1919.04818218446,23377.2934957011,5118.38425908767,"all_pixels",7919
"1124_a",8301,FALSE,"all_pixels",5.2823943960817,4.67884291518258,2.99034892596303,73.6896000253207,"squared_euclidean_pc1_pc3",375.133307749831,"all_pixels",8301,1,750.922019511845,7813.07409739035,2201.11092808817,"all_pixels",8301
"1124_b",8472,FALSE,"all_pixels",5.83353054373877,5.16196638046446,3.96392995088366,99.4819291860591,"squared_euclidean_pc1_pc3",482.088828344568,"all_pixels",8471,1,2471.86494442731,28850.9002925636,6333.42013588563,"all_pixels",8471
"1124_c",7749,FALSE,"all_pixels",5.85018139836804,4.98822472308242,3.79943635053231,97.3169521241489,"squared_euclidean_pc1_pc3",492.759056285497,"all_pixels",7749,1,1955.00658772675,26946.634741881,5480.03477055167,"all_pixels",7749
"1124_d",7025,FALSE,"all_pixels",6.0633910232645,5.74449108451209,2.79413494048808,89.1415788457584,"squared_euclidean_pc1_pc3",433.111179834843,"all_pixels",7025,1,937.61896662252,11123.0489294956,2796.24083321663,"all_pixels",7025
"113_a",7431,FALSE,"all_pixels",4.76651471376,4.22707842285408,2.88123191573586,62.0400854494134,"squared_euclidean_pc1_pc3",336.670734565987,"all_pixels",7431,1,1443.06041105208,15445.8672971634,3839.70495603257,"all_pixels",7431
"113_b",7326,FALSE,"all_pixels",5.27167172698136,4.52719918596905,3.88602112284895,85.7792433077175,"squared_euclidean_pc1_pc3",401.748189817882,"all_pixels",7326,1,3481.694377768,39710.9563913649,8538.86073818505,"all_pixels",7326
"113_c",6624,FALSE,"all_pixels",6.90991411501755,5.60297605176162,6.98841476296866,193.154962197292,"squared_euclidean_pc1_pc3",505.67245686845,"all_pixels",6624,1,3617.08734136172,63060.520769972,10171.5795908026,"all_pixels",6624
"113_d",7802,FALSE,"all_pixels",5.32556359387185,4.80330872599348,3.02741020280028,75.0513308047122,"squared_euclidean_pc1_pc3",405.045106170164,"all_pixels",7801,1,1806.40663972044,20219.902230454,4850.30300579584,"all_pixels",7801
"114_a",7770,FALSE,"all_pixels",6.60881064219659,5.59576309109486,5.0961010027979,139.286562322399,"squared_euclidean_pc1_pc3",541.579970691069,"all_pixels",7745,1,2510.24417397249,37552.6660490197,6929.72086838288,"all_pixels",7745
"114_b",7239,FALSE,"all_pixels",8.95532716399371,6.61835919392978,9.41006343646061,337.469892474772,"squared_euclidean_pc1_pc3",675.245081416538,"all_pixels",7238,1,4960.51741993893,82401.5985686627,12898.16163629,"all_pixels",7238
"114_c",8565,FALSE,"all_pixels",6.77746018267864,5.8681393368606,4.45600646559527,131.575283755857,"squared_euclidean_pc1_pc3",620.987084479914,"all_pixels",8559,1,2492.79870525599,39715.2942105006,6794.98115231019,"all_pixels",8559
"114_d",7311,FALSE,"all_pixels",8.03500942061094,6.86258054551734,5.63563059198922,192.634728748537,"squared_euclidean_pc1_pc3",734.238950778332,"all_pixels",7274,1,5020.23418516428,96871.6320422598,13517.4731308534,"all_pixels",7274
"115_a",8447,FALSE,"all_pixels",6.52901846115657,5.9191265133646,3.44314486043668,108.963850220081,"squared_euclidean_pc1_pc3",530.728537701827,"all_pixels",8264,1,1430.72503131293,23385.6105222954,4522.25548063658,"all_pixels",8264
"115_b",8653,FALSE,"all_pixels",7.21318263586407,6.29219021322632,4.83102373914042,150.732193831714,"squared_euclidean_pc1_pc3",646.747879427999,"all_pixels",8612,1,3085.03568935051,49665.2183709246,7991.30504309924,"all_pixels",8612
"115_c",8736,FALSE,"all_pixels",5.74338954035962,5.07476089597116,3.44119988050537,89.6540490120445,"squared_euclidean_pc1_pc3",456.277938676364,"all_pixels",8549,1,1669.30423400505,18326.2175659623,4282.26623525525,"all_pixels",8549
"115_d",8388,FALSE,"all_pixels",6.42105419627962,5.45265604749394,4.1911000615384,117.586325232646,"squared_euclidean_pc1_pc3",586.742543654996,"all_pixels",8237,1,2476.63377042075,47771.8610355539,7463.74411734533,"all_pixels",8237
"116_a",8638,FALSE,"all_pixels",4.68720327017641,4.16611910981803,2.71995363427843,58.7343316064354,"squared_euclidean_pc1_pc3",358.257622920428,"all_pixels",8477,1,1077.90198285208,15184.1434127232,3402.6533281046,"all_pixels",8477
"116_b",8546,FALSE,"all_pixels",5.16535614063502,4.51346241799903,3.25892806445931,74.6005468613035,"squared_euclidean_pc1_pc3",416.052841942664,"all_pixels",8530,1,1220.69956910095,17510.4937089748,3739.76213585203,"all_pixels",8530
"116_c",8877,FALSE,"all_pixels",5.91676360423364,5.281215205497,3.36028308335024,92.5966439066398,"squared_euclidean_pc1_pc3",500.069489069345,"all_pixels",8781,1,1116.17738186107,13683.7335741715,3203.9644192822,"all_pixels",8781
"116_d",8480,FALSE,"all_pixels",5.85537225842634,5.25122175707439,3.30213438931684,90.3763799000159,"squared_euclidean_pc1_pc3",493.422955140699,"all_pixels",8466,1,1479.59772089967,18869.0943682423,4082.04472534601,"all_pixels",8466
"117_a",8696,FALSE,"all_pixels",5.91365016178712,4.64205298212469,7.1042677772053,170.872149994046,"squared_euclidean_pc1_pc3",462.546497293669,"all_pixels",8696,1,3911.40434008004,66013.4608492785,11018.3404403651,"all_pixels",8696
"117_b",9053,FALSE,"all_pixels",6.73124156760611,5.82976153525105,4.02626026271412,123.037188185347,"squared_euclidean_pc1_pc3",629.775533820325,"all_pixels",9047,1,1945.6993406268,21383.3970665771,4933.30157870403,"all_pixels",9047
"117_c",8541,FALSE,"all_pixels",6.15900494580446,5.11307335264574,5.33060614864904,132.690753796558,"squared_euclidean_pc1_pc3",539.34049554431,"all_pixels",8541,1,3505.40788237526,46914.7696820683,8823.43635967177,"all_pixels",8541
"117_d",8663,FALSE,"all_pixels",11.3722014952124,8.26196089801225,11.4872622581605,522.537857521894,"squared_euclidean_pc1_pc3",955.547576537362,"all_pixels",8663,1,3143.65786313003,47870.379131345,8483.35817360801,"all_pixels",8663
"118_a",9116,FALSE,"all_pixels",5.48485878789248,4.92106527870196,3.22427537644721,80.9569744382433,"squared_euclidean_pc1_pc3",480.507098062136,"all_pixels",9116,1,1390.27193741198,15913.5552623775,3855.49809605679,"all_pixels",9116
"118_b",8393,FALSE,"all_pixels",5.83427388491148,5.07852369363876,3.48652118558783,92.3862668243105,"squared_euclidean_pc1_pc3",502.166928226937,"all_pixels",8393,1,1611.79908416361,21002.247246048,4414.4690455414,"all_pixels",8393
"118_c",7323,FALSE,"all_pixels",6.31074895825707,5.31285731712335,4.44315363674592,119.128941633773,"squared_euclidean_pc1_pc3",548.527278554747,"all_pixels",7253,1,1825.977926142,28561.2772025506,5278.2930944476,"all_pixels",7253
"118_d",9087,FALSE,"all_pixels",5.73354510368904,4.97977498090555,3.45757529991239,89.6541016278586,"squared_euclidean_pc1_pc3",525.202797154881,"all_pixels",9078,1,1444.57732446367,16967.7447841706,3900.48293645902,"all_pixels",9078
"119_a",8308,FALSE,"all_pixels",7.16143963467405,6.32130721317977,4.2774366281629,139.160958956869,"squared_euclidean_pc1_pc3",572.007910152828,"all_pixels",8299,1,1972.02553250867,32965.3233495125,5735.8026255093,"all_pixels",8299
"119_b",8545,FALSE,"all_pixels",6.48861809138657,5.78439508006109,3.58584952484545,109.917953548027,"squared_euclidean_pc1_pc3",578.27355399766,"all_pixels",8541,1,1006.8213528835,15192.3957005569,3306.77246348595,"all_pixels",8541
"119_c",7583,FALSE,"all_pixels",5.8198038005477,5.20173218160785,3.34472376770411,90.1116361242465,"squared_euclidean_pc1_pc3",474.174715042002,"all_pixels",7579,1,1540.09536585741,20333.0120988921,4316.91272768337,"all_pixels",7579
"119_d",6881,FALSE,"all_pixels",6.71499911284464,5.89992302168335,4.21862964370013,125.770925565414,"squared_euclidean_pc1_pc3",541.614531847937,"all_pixels",6854,1,2177.4991882353,35056.335138508,6135.91055409602,"all_pixels",6854
"12_a",6659,FALSE,"all_pixels",5.96976980530116,4.89969395789469,5.78799995056203,138.268128057822,"squared_euclidean_pc1_pc3",392.393391791589,"all_pixels",6619,1,2402.73011023245,35799.1625709877,6970.77320520489,"all_pixels",6619
"12_b",7172,FALSE,"all_pixels",5.44587491523964,4.64824045986816,3.8513750986069,88.9771510964355,"squared_euclidean_pc1_pc3",464.832179598195,"all_pixels",7118,1,1416.00955682265,15128.638449314,3862.04870337432,"all_pixels",7118
"12_c",7907,FALSE,"all_pixels",5.35959262842633,4.63370904287101,3.61746758946681,83.619299810398,"squared_euclidean_pc1_pc3",421.280241516939,"all_pixels",7680,1,1816.87402701659,22604.9899186969,4863.27145656025,"all_pixels",7680
"12_d",7543,FALSE,"all_pixels",4.73989546792482,4.09358385798231,2.85296954747962,61.2099304286884,"squared_euclidean_pc1_pc3",355.103579930785,"all_pixels",7430,1,952.095686483434,10704.2088948201,2757.93992970273,"all_pixels",7430
"120_a",7517,FALSE,"all_pixels",6.49835033602757,5.88731779858535,3.55580431753754,109.741238828735,"squared_euclidean_pc1_pc3",558.602040381898,"all_pixels",7516,1,1384.85324862942,19121.5945590984,4069.25623356197,"all_pixels",7516
"120_b",6953,FALSE,"all_pixels",6.21781423572082,5.75069325992473,3.1488779823797,97.1504407049476,"squared_euclidean_pc1_pc3",429.225863428569,"all_pixels",6926,1,1020.1113603286,12671.4639158898,3095.7538761504,"all_pixels",6926
"120_c",7332,FALSE,"all_pixels",5.65132953666616,4.92004705638655,3.71793969824151,91.5174316482357,"squared_euclidean_pc1_pc3",438.701700383637,"all_pixels",7265,1,2134.68567346628,29231.1323243214,5945.2479917157,"all_pixels",7265
"120_d",7068,FALSE,"all_pixels",6.43625460291081,5.63188753788373,3.76714076566869,111.229430061696,"squared_euclidean_pc1_pc3",522.216436241795,"all_pixels",7067,1,2039.65906601623,25593.7323143009,5344.36436306994,"all_pixels",7067
"1200_a",6569,FALSE,"all_pixels",6.51153474467278,5.76670201136772,3.81389926815849,113.887396089797,"squared_euclidean_pc1_pc3",545.976825963294,"all_pixels",6564,1,1666.58644891201,23485.83414606,4742.39939160113,"all_pixels",6564
"1200_b",6459,FALSE,"all_pixels",7.1287694080401,6.38014794853248,4.25549051971323,137.851498241399,"squared_euclidean_pc1_pc3",569.396195474311,"all_pixels",6440,1,2455.80860361105,50323.91208725,7541.66955844745,"all_pixels",6440
"1200_c",4450,FALSE,"all_pixels",5.88424036013835,5.140963979397,3.61714575967211,95.4101757910568,"squared_euclidean_pc1_pc3",405.179863494293,"all_pixels",4450,1,1375.78236442054,19845.0629154957,4080.32671134912,"all_pixels",4450
"1200_d",6906,FALSE,"all_pixels",6.00758120488658,5.52563027471513,3.09730991505713,91.3659430273244,"squared_euclidean_pc1_pc3",440.900958504668,"all_pixels",6898,1,860.542192604397,11125.3281870329,2747.73767560099,"all_pixels",6898
"1201_a",5838,FALSE,"all_pixels",6.34187406660631,5.71709058627983,3.51862499155386,105.195935589989,"squared_euclidean_pc1_pc3",513.789846721667,"all_pixels",5799,1,1328.85005523317,17352.7722746356,3713.97622725305,"all_pixels",5799
"1201_b",4732,FALSE,"all_pixels",5.91170638743656,5.26383915747185,3.34930173936419,92.3274478447177,"squared_euclidean_pc1_pc3",420.760908873855,"all_pixels",4728,1,1046.9972324967,12699.8108885864,3037.09803332053,"all_pixels",4728
"1201_c",7881,FALSE,"all_pixels",5.31982265777783,4.84841562728068,2.86011183270443,72.9594296720403,"squared_euclidean_pc1_pc3",380.117788464097,"all_pixels",7792,1,658.011086518243,6450.74662706132,2059.28889284191,"all_pixels",7792
"1201_d",6829,FALSE,"all_pixels",6.74288601119449,6.00894722293221,4.03270822232583,123.453731887357,"squared_euclidean_pc1_pc3",534.671246652148,"all_pixels",6699,1,1733.45185918332,19884.6110971426,4524.03007404864,"all_pixels",6699
"1202_a",6077,FALSE,"all_pixels",6.91684217982996,6.05167268000891,4.19641957389672,130.899490359531,"squared_euclidean_pc1_pc3",520.604672770834,"all_pixels",6051,1,1440.71185273017,19077.2277654241,4106.92925685015,"all_pixels",6051
"1202_b",7602,FALSE,"all_pixels",7.11862650665011,6.01036429369729,4.9918908053281,151.181078407551,"squared_euclidean_pc1_pc3",623.327697306618,"all_pixels",7541,1,2148.3027225354,32615.0123916374,5992.92634385874,"all_pixels",7541
"1202_c",7625,FALSE,"all_pixels",6.17648938867445,5.53716628194314,3.64895560925735,102.924303986714,"squared_euclidean_pc1_pc3",481.326043450591,"all_pixels",7623,1,1858.94240695152,19633.3536098415,4917.14900378139,"all_pixels",7623
"1202_d",7577,FALSE,"all_pixels",7.13624424186742,6.30366140220244,4.51036365746932,142.533354632649,"squared_euclidean_pc1_pc3",615.799977924477,"all_pixels",7538,1,1885.33870398345,26549.1581624729,5229.23478887107,"all_pixels",7538
"1203_a",6912,FALSE,"all_pixels",6.58185676640067,5.75977473330306,4.00132941778302,118.658318498563,"squared_euclidean_pc1_pc3",533.510522575341,"all_pixels",6866,1,1805.92920167546,26261.471292287,5051.38989849015,"all_pixels",6866
"1203_b",6852,FALSE,"all_pixels",8.46828628790713,7.41056170265341,4.56020883210108,185.00868458472,"squared_euclidean_pc1_pc3",735.504505311731,"all_pixels",6806,1,1542.77456661644,25779.0131461198,4751.77640723435,"all_pixels",6806
"1203_c",8995,FALSE,"all_pixels",10.472732588409,9.8692667819199,4.54898447269513,260.738174143985,"squared_euclidean_pc1_pc3",936.344703688729,"all_pixels",8954,1,2730.38927685138,39159.0552457626,7174.51001931716,"all_pixels",8954
"1203_d",8279,FALSE,"all_pixels",6.89328221791334,5.73963886969052,4.30041767183067,132.017396185179,"squared_euclidean_pc1_pc3",653.822409504516,"all_pixels",8059,1,1326.77083547782,19090.5050744775,3951.47816195378,"all_pixels",8059
"1204_a",8641,FALSE,"all_pixels",6.1299515248369,5.10311880695009,3.82727646558768,104.445311322995,"squared_euclidean_pc1_pc3",543.34636784579,"all_pixels",8401,1,1260.4155930959,16585.9430731708,3670.11008094288,"all_pixels",8401
"1204_b",8809,FALSE,"all_pixels",10.9574065917911,7.87196913972259,13.0514005219777,580.768955736911,"squared_euclidean_pc1_pc3",748.270985298574,"all_pixels",8503,1,7229.68500545507,130188.872253071,18241.0068349626,"all_pixels",8503
"1204_c",9011,FALSE,"all_pixels",14.3758923651986,10.6786401916663,12.5592430598106,728.766725721272,"squared_euclidean_pc1_pc3",1140.13130675652,"all_pixels",8781,1,5465.33849331894,124325.816910294,15028.3127354817,"all_pixels",8781
"1204_d",8767,FALSE,"all_pixels",7.33929142299824,5.95486737176278,6.00211542826647,179.772958004283,"squared_euclidean_pc1_pc3",700.017815509144,"all_pixels",8626,1,3064.19696638079,55489.3703609439,8790.58858164298,"all_pixels",8626
"1205_a",8950,FALSE,"all_pixels",6.66821985598145,5.74614723252133,4.31288746614723,126.128152039047,"squared_euclidean_pc1_pc3",640.588408685801,"all_pixels",8742,1,1934.87871209431,30683.7068049523,5448.06388127761,"all_pixels",8742
"1205_b",9382,FALSE,"all_pixels",7.73778362243058,6.19692895650801,6.72006406565536,210.055486080446,"squared_euclidean_pc1_pc3",710.705808263134,"all_pixels",9266,1,3508.24974089448,60079.1210327739,9488.79635373897,"all_pixels",9266
"1205_c",7010,FALSE,"all_pixels",6.01867550230796,5.35682407375519,3.40027861959955,95.5694002999011,"squared_euclidean_pc1_pc3",505.051485920396,"all_pixels",6881,1,1698.65076617172,21774.5339062037,4595.27948380505,"all_pixels",6881
"1205_d",7476,FALSE,"all_pixels",6.4829719600951,5.88461325749758,3.45906489337636,107.984909799598,"squared_euclidean_pc1_pc3",555.260453139491,"all_pixels",7327,1,1325.0164985474,19807.1148269383,4010.58970020634,"all_pixels",7327
"1206_a",5126,FALSE,"all_pixels",7.21531988473203,6.35793917354999,5.05398990777512,155.197344070976,"squared_euclidean_pc1_pc3",550.424582826172,"all_pixels",5116,1,3339.08106358939,50126.7928722282,8630.64911967748,"all_pixels",5116
"1206_b",5651,FALSE,"all_pixels",6.20352542125703,5.59474590861143,3.3993230995497,100.074160692259,"squared_euclidean_pc1_pc3",464.208497834947,"all_pixels",5629,1,1370.46121207978,18032.2869994671,3917.93466843146,"all_pixels",5629
"1206_c",6870,FALSE,"all_pixels",7.09279474962973,5.94915921374574,5.7797653097738,167.417123702039,"squared_euclidean_pc1_pc3",586.081124112555,"all_pixels",6862,1,3358.62708096172,43094.5327139778,8445.72185917519,"all_pixels",6862
"1206_d",5843,FALSE,"all_pixels",7.3188167559557,6.32921145387588,4.83927513139363,153.959309064001,"squared_euclidean_pc1_pc3",556.643320350113,"all_pixels",5843,1,2342.87543742843,32054.0558305723,6148.15000539103,"all_pixels",5843
"1207_a",7249,FALSE,"all_pixels",5.86799318539728,5.32121333120419,3.24973731586283,89.9853595679649,"squared_euclidean_pc1_pc3",445.986354757477,"all_pixels",7229,1,1330.65494867197,17984.6171931036,4003.49597166614,"all_pixels",7229
"1207_b",6733,FALSE,"all_pixels",6.06872088274576,5.48815769172977,3.32755603612532,95.8007155898775,"squared_euclidean_pc1_pc3",447.949113064114,"all_pixels",6733,1,1013.42046122486,15339.5501785835,3375.85271131,"all_pixels",6733
"1207_c",7674,FALSE,"all_pixels",6.61489379839985,5.67088614019646,4.31742767887628,124.789145443551,"squared_euclidean_pc1_pc3",535.658925620596,"all_pixels",7630,1,1815.87684749863,25767.0349059642,5043.83984655206,"all_pixels",7630
"1207_d",7907,FALSE,"all_pixels",5.77422310410196,5.3285621974146,3.00341165451229,84.7219864003011,"squared_euclidean_pc1_pc3",451.017147940095,"all_pixels",7898,1,841.296576664554,8784.76206975065,2387.02131940116,"all_pixels",7898
"1208_a",5198,FALSE,"all_pixels",16.4263709676512,10.8606352758221,19.4337256292556,1294.84539653659,"squared_euclidean_pc1_pc3",507.21745047718,"all_pixels",5198,1,5685.07739633945,98483.3851731529,15310.9513615888,"all_pixels",5198
"1208_b",5509,FALSE,"all_pixels",8.55150466393173,7.11390305870417,8.01478616089827,274.706737770101,"squared_euclidean_pc1_pc3",537.305634063882,"all_pixels",5506,1,5105.61894496065,72469.7003644458,12869.4747145564,"all_pixels",5506
"1208_c",7797,FALSE,"all_pixels",10.8723250663297,9.14965410549123,7.67629232217027,354.250717419991,"squared_euclidean_pc1_pc3",1030.81627496992,"all_pixels",7797,1,3578.13897622085,60633.0971428875,9718.73685174318,"all_pixels",7797
"1208_d",7610,FALSE,"all_pixels",12.2040624964214,8.90340672729483,13.4313040549109,658.630728781888,"squared_euclidean_pc1_pc3",746.035206021044,"all_pixels",7610,1,5310.48070006195,106372.75093855,14840.5865704084,"all_pixels",7610
"1209_a",7158,FALSE,"all_pixels",6.96083837977043,6.13558064450198,4.48400618392111,137.113546956105,"squared_euclidean_pc1_pc3",588.750191040463,"all_pixels",7158,1,2746.51034320073,36281.3074244783,7337.1007409362,"all_pixels",7158
"1209_b",8126,FALSE,"all_pixels",8.79039186490219,7.55878568961985,6.03649261203433,227.41149583136,"squared_euclidean_pc1_pc3",823.559108400149,"all_pixels",8125,1,3179.62025673724,59813.0985494425,9087.08800912141,"all_pixels",8125
"1209_c",8206,FALSE,"all_pixels",8.0126295543771,7.00356564475893,5.1045735439064,180.511456242836,"squared_euclidean_pc1_pc3",714.809373097296,"all_pixels",8004,1,3910.51449987709,64376.8824720265,10828.0732186848,"all_pixels",8004
"1209_d",8342,FALSE,"all_pixels",9.63000488748403,8.59166694156426,5.44451701045404,244.752412347612,"squared_euclidean_pc1_pc3",834.139509371153,"all_pixels",8340,1,2592.19575649416,46904.7811814968,7624.10800641322,"all_pixels",8340
"121_a",8772,FALSE,"all_pixels",5.64364978139632,4.94183839705143,3.28442640512844,85.2740198110426,"squared_euclidean_pc1_pc3",447.28279157618,"all_pixels",8756,1,1762.78751829466,20118.278282822,4578.33665021062,"all_pixels",8756
"121_b",7779,FALSE,"all_pixels",5.24064212994832,4.68668487420539,3.05313246623548,73.5694989703023,"squared_euclidean_pc1_pc3",386.88077624592,"all_pixels",7774,1,1051.52550178281,13768.9138562951,3186.40308178964,"all_pixels",7774
"121_c",7687,FALSE,"all_pixels",4.80803547227323,4.34696933179087,2.5293561147183,59.0280303798592,"squared_euclidean_pc1_pc3",342.397233887924,"all_pixels",7670,1,863.050781973693,9841.81286348308,2599.36763892015,"all_pixels",7670
"121_d",7740,FALSE,"all_pixels",5.45948703336018,4.79354562962812,3.16584148629409,79.6545121607373,"squared_euclidean_pc1_pc3",446.924553223144,"all_pixels",7721,1,1099.43510663658,13943.3593853149,3210.23940544583,"all_pixels",7721
"1210_a",6175,FALSE,"all_pixels",8.11334835215367,7.33928061945843,4.46332556535187,171.488940936585,"squared_euclidean_pc1_pc3",694.503334519302,"all_pixels",6140,1,1763.01386241247,28782.5814099424,5164.36296824505,"all_pixels",6140
"1210_b",7923,FALSE,"all_pixels",5.92391592374482,5.21555273763223,3.8926097355949,100.486555933022,"squared_euclidean_pc1_pc3",467.311737466114,"all_pixels",7880,1,3219.75123484283,49911.1518198068,8426.79449791752,"all_pixels",7880
"1210_c",5756,FALSE,"all_pixels",5.25864900064812,4.74884157377139,2.87572227136157,71.8434623416995,"squared_euclidean_pc1_pc3",376.782624878587,"all_pixels",5751,1,862.215307930036,9109.94789126499,2438.54787583548,"all_pixels",5751
"1210_d",5194,FALSE,"all_pixels",8.01259271909815,6.93370875045963,5.81104200529206,195.92669976286,"squared_euclidean_pc1_pc3",548.646571677198,"all_pixels",5170,1,2424.60296971498,38132.4293444545,6846.18521679624,"all_pixels",5170
"1211_a",NA,TRUE,"manual_excluded",NA,NA,NA,NA,"squared_euclidean_pc1_pc3",NA,"manual_excluded",NA,1,NA,NA,NA,"manual_excluded",NA
"1211_b",NA,TRUE,"manual_excluded",NA,NA,NA,NA,"squared_euclidean_pc1_pc3",NA,"manual_excluded",NA,1,NA,NA,NA,"manual_excluded",NA
"1211_c",NA,TRUE,"manual_excluded",NA,NA,NA,NA,"squared_euclidean_pc1_pc3",NA,"manual_excluded",NA,1,NA,NA,NA,"manual_excluded",NA
"1211_d",NA,TRUE,"manual_excluded",NA,NA,NA,NA,"squared_euclidean_pc1_pc3",NA,"manual_excluded",NA,1,NA,NA,NA,"manual_excluded",NA
"1212_a",NA,TRUE,"manual_excluded",NA,NA,NA,NA,"squared_euclidean_pc1_pc3",NA,"manual_excluded",NA,1,NA,NA,NA,"manual_excluded",NA
"1212_b",NA,TRUE,"manual_excluded",NA,NA,NA,NA,"squared_euclidean_pc1_pc3",NA,"manual_excluded",NA,1,NA,NA,NA,"manual_excluded",NA
"1212_c",NA,TRUE,"manual_excluded",NA,NA,NA,NA,"squared_euclidean_pc1_pc3",NA,"manual_excluded",NA,1,NA,NA,NA,"manual_excluded",NA
"1212_d",NA,TRUE,"manual_excluded",NA,NA,NA,NA,"squared_euclidean_pc1_pc3",NA,"manual_excluded",NA,1,NA,NA,NA,"manual_excluded",NA
"1213_a",NA,TRUE,"manual_excluded",NA,NA,NA,NA,"squared_euclidean_pc1_pc3",NA,"manual_excluded",NA,1,NA,NA,NA,"manual_excluded",NA
"1213_b",NA,TRUE,"manual_excluded",NA,NA,NA,NA,"squared_euclidean_pc1_pc3",NA,"manual_excluded",NA,1,NA,NA,NA,"manual_excluded",NA
"1213_c",NA,TRUE,"manual_excluded",NA,NA,NA,NA,"squared_euclidean_pc1_pc3",NA,"manual_excluded",NA,1,NA,NA,NA,"manual_excluded",NA
"1213_d",NA,TRUE,"manual_excluded",NA,NA,NA,NA,"squared_euclidean_pc1_pc3",NA,"manual_excluded",NA,1,NA,NA,NA,"manual_excluded",NA
"1214_a",NA,TRUE,"manual_excluded",NA,NA,NA,NA,"squared_euclidean_pc1_pc3",NA,"manual_excluded",NA,1,NA,NA,NA,"manual_excluded",NA
"1214_b",NA,TRUE,"manual_excluded",NA,NA,NA,NA,"squared_euclidean_pc1_pc3",NA,"manual_excluded",NA,1,NA,NA,NA,"manual_excluded",NA
"1214_c",NA,TRUE,"manual_excluded",NA,NA,NA,NA,"squared_euclidean_pc1_pc3",NA,"manual_excluded",NA,1,NA,NA,NA,"manual_excluded",NA
"1214_d",NA,TRUE,"manual_excluded",NA,NA,NA,NA,"squared_euclidean_pc1_pc3",NA,"manual_excluded",NA,1,NA,NA,NA,"manual_excluded",NA
"1215_a",NA,TRUE,"manual_excluded",NA,NA,NA,NA,"squared_euclidean_pc1_pc3",NA,"manual_excluded",NA,1,NA,NA,NA,"manual_excluded",NA
"1215_b",NA,TRUE,"manual_excluded",NA,NA,NA,NA,"squared_euclidean_pc1_pc3",NA,"manual_excluded",NA,1,NA,NA,NA,"manual_excluded",NA
"1215_c",NA,TRUE,"manual_excluded",NA,NA,NA,NA,"squared_euclidean_pc1_pc3",NA,"manual_excluded",NA,1,NA,NA,NA,"manual_excluded",NA
"1215_d",NA,TRUE,"manual_excluded",NA,NA,NA,NA,"squared_euclidean_pc1_pc3",NA,"manual_excluded",NA,1,NA,NA,NA,"manual_excluded",NA
"1216_a",NA,TRUE,"manual_excluded",NA,NA,NA,NA,"squared_euclidean_pc1_pc3",NA,"manual_excluded",NA,1,NA,NA,NA,"manual_excluded",NA
"1216_b",NA,TRUE,"manual_excluded",NA,NA,NA,NA,"squared_euclidean_pc1_pc3",NA,"manual_excluded",NA,1,NA,NA,NA,"manual_excluded",NA
"1216_c",NA,TRUE,"manual_excluded",NA,NA,NA,NA,"squared_euclidean_pc1_pc3",NA,"manual_excluded",NA,1,NA,NA,NA,"manual_excluded",NA
"1216_d",NA,TRUE,"manual_excluded",NA,NA,NA,NA,"squared_euclidean_pc1_pc3",NA,"manual_excluded",NA,1,NA,NA,NA,"manual_excluded",NA
"1217_a",2656,FALSE,"all_pixels",9.53150866105979,8.42807143629868,5.58040288917221,243.957658052494,"squared_euclidean_pc1_pc3",570.747027799092,"all_pixels",2625,1,3126.49180499534,54150.5860938561,8763.44939819361,"all_pixels",2625
"1217_b",3917,FALSE,"all_pixels",8.9872101943613,8.05117559397227,5.07745563379553,213.087842162791,"squared_euclidean_pc1_pc3",628.326467842683,"all_pixels",3905,1,2354.85291484113,43943.5493466955,6839.13967186805,"all_pixels",3905
"1217_c",1679,FALSE,"all_pixels",8.7245108014657,8.04181166329087,4.43158820255001,191.488731788,"squared_euclidean_pc1_pc3",440.96547327478,"all_pixels",1671,1,1462.90763482502,23320.8243678247,4440.21797992695,"all_pixels",1671
"1217_d",1564,FALSE,"all_pixels",8.93782288866069,8.34461153181186,4.55278081382643,201.198476100717,"squared_euclidean_pc1_pc3",403.685986497556,"all_pixels",1534,1,1479.23858161992,20723.6456861429,4259.8038242547,"all_pixels",1534
"1218_a",3006,FALSE,"all_pixels",6.79434372994604,6.04380706594849,3.72583423965394,120.080658915725,"squared_euclidean_pc1_pc3",380.171892297664,"all_pixels",2980,1,994.947338092482,14392.4036837269,3427.54307817819,"all_pixels",2980
"1218_b",3704,FALSE,"all_pixels",6.48257715167289,5.83012360506922,3.53211850256368,108.992598861,"squared_euclidean_pc1_pc3",416.381421469557,"all_pixels",3552,1,888.901951365903,10977.2931077561,2713.71136655592,"all_pixels",3552
"1218_c",4838,FALSE,"all_pixels",5.82461972769182,5.19856006047348,3.21976428838271,88.5818684834436,"squared_euclidean_pc1_pc3",399.761595312807,"all_pixels",4759,1,1033.65889854348,13473.4330391355,3176.45829152555,"all_pixels",4759
"1218_d",2395,FALSE,"all_pixels",6.96849793564069,6.27556398992484,3.72754402266844,124.897492846649,"squared_euclidean_pc1_pc3",404.454618901568,"all_pixels",2385,1,978.984922064674,14721.1181482206,3405.92107556329,"all_pixels",2385
"1219_a",NA,TRUE,"manual_excluded",NA,NA,NA,NA,"squared_euclidean_pc1_pc3",NA,"manual_excluded",NA,1,NA,NA,NA,"manual_excluded",NA
"1219_b",NA,TRUE,"manual_excluded",NA,NA,NA,NA,"squared_euclidean_pc1_pc3",NA,"manual_excluded",NA,1,NA,NA,NA,"manual_excluded",NA
"122_a",8493,FALSE,"all_pixels",4.97746601373985,4.47844124059386,2.66142414713623,63.7150248139067,"squared_euclidean_pc1_pc3",356.357463827145,"all_pixels",8472,1,761.05887222492,6701.97819759271,2079.15284912799,"all_pixels",8472
"122_b",7225,FALSE,"all_pixels",4.81237864125336,4.18076933817714,2.87276492724747,62.8212485219181,"squared_euclidean_pc1_pc3",349.049638047021,"all_pixels",7216,1,946.279271504281,10818.989650109,2673.54084955701,"all_pixels",7216
"122_c",7643,FALSE,"all_pixels",4.83901448918861,4.19750446312485,3.06321592325632,65.5962506431892,"squared_euclidean_pc1_pc3",362.050012647863,"all_pixels",7621,1,1205.25391789576,13194.0548825521,3264.10791170006,"all_pixels",7621
"122_d",7767,FALSE,"all_pixels",5.77844540663321,5.09187368654057,4.34739891449635,104.575750566082,"squared_euclidean_pc1_pc3",381.407735028893,"all_pixels",7765,1,2066.67284549753,21270.9673582685,5258.15879335896,"all_pixels",7765
"1220_c",NA,TRUE,"manual_excluded",NA,NA,NA,NA,"squared_euclidean_pc1_pc3",NA,"manual_excluded",NA,1,NA,NA,NA,"manual_excluded",NA
"1221_a",NA,TRUE,"manual_excluded",NA,NA,NA,NA,"squared_euclidean_pc1_pc3",NA,"manual_excluded",NA,1,NA,NA,NA,"manual_excluded",NA
"1221_b",NA,TRUE,"manual_excluded",NA,NA,NA,NA,"squared_euclidean_pc1_pc3",NA,"manual_excluded",NA,1,NA,NA,NA,"manual_excluded",NA
"1221_c",NA,TRUE,"manual_excluded",NA,NA,NA,NA,"squared_euclidean_pc1_pc3",NA,"manual_excluded",NA,1,NA,NA,NA,"manual_excluded",NA
"1221_d",NA,TRUE,"manual_excluded",NA,NA,NA,NA,"squared_euclidean_pc1_pc3",NA,"manual_excluded",NA,1,NA,NA,NA,"manual_excluded",NA
"1222_a",7682,FALSE,"all_pixels",5.95097709017426,5.24341431824986,3.47357644639295,94.9565820134221,"squared_euclidean_pc1_pc3",485.925777003881,"all_pixels",7680,1,1388.42456358408,21207.2103618524,4273.97766185922,"all_pixels",7680
"1222_b",5467,FALSE,"all_pixels",6.40497366294657,5.60052066597506,3.77310560122168,110.514818907679,"squared_euclidean_pc1_pc3",500.443317453914,"all_pixels",5454,1,1354.51732436532,20689.2966191672,4191.31432819538,"all_pixels",5454
"1222_c",7670,FALSE,"all_pixels",6.1141015792798,5.5624640211645,3.27532106885677,96.2171351301581,"squared_euclidean_pc1_pc3",469.949788907331,"all_pixels",7664,1,987.826906300293,13019.0935945171,3017.32211132185,"all_pixels",7664
"1222_d",5632,FALSE,"all_pixels",6.3059501210886,5.45937082353823,4.26213626651385,115.855174042712,"squared_euclidean_pc1_pc3",446.43973263695,"all_pixels",5619,1,2587.46588534642,46938.9432298779,7637.32721119027,"all_pixels",5619
"1223_a",7362,FALSE,"all_pixels",6.85811036409956,6.16187625234905,3.8240484947233,123.310076656289,"squared_euclidean_pc1_pc3",571.41024534691,"all_pixels",7353,1,1568.77637652192,24686.0631593971,4688.23626573584,"all_pixels",7353
"1223_b",6482,FALSE,"all_pixels",5.71861814059331,5.27905784444229,2.88971546752101,82.1035213364489,"squared_euclidean_pc1_pc3",406.971451984789,"all_pixels",6472,1,1009.15334396404,12236.5364666293,2938.06022982687,"all_pixels",6472
"1223_c",7304,FALSE,"all_pixels",5.73718303961455,5.12308881593201,3.49433462915158,90.247943985017,"squared_euclidean_pc1_pc3",418.800269936929,"all_pixels",7301,1,1808.22566961036,24501.2493003654,5042.81114868126,"all_pixels",7301
"1223_d",8022,FALSE,"all_pixels",5.84690159979597,5.24637020931363,3.27164244450673,89.7771366322925,"squared_euclidean_pc1_pc3",508.483966002025,"all_pixels",7972,1,1123.16671636116,15302.4536166148,3400.48257106218,"all_pixels",7972
"1224_a",6662,FALSE,"all_pixels",5.86957586083604,5.31459854970617,3.09150356209924,88.0157608944218,"squared_euclidean_pc1_pc3",435.607430008965,"all_pixels",6662,1,982.620007173408,14391.9005603045,3259.55601640704,"all_pixels",6662
"1224_b",8095,FALSE,"all_pixels",5.19645422169296,4.76402142523519,2.72917420057563,68.9012163454321,"squared_euclidean_pc1_pc3",372.806067108794,"all_pixels",8091,1,842.302572613975,9642.88323667873,2596.79509999925,"all_pixels",8091
"1224_c",6681,FALSE,"all_pixels",5.1674970570934,4.76533890440983,2.74205736020553,68.4415579791548,"squared_euclidean_pc1_pc3",345.411799846298,"all_pixels",6681,1,1012.32650038063,11546.4585511306,2862.82308633413,"all_pixels",6681
"1224_d",6472,FALSE,"all_pixels",5.96127975210555,5.61325407876804,3.10966840631851,90.4107994915124,"squared_euclidean_pc1_pc3",433.723651061049,"all_pixels",6469,1,1266.13000052262,14438.2669827826,3409.03488345878,"all_pixels",6469
"123_a",6926,FALSE,"all_pixels",5.24473468633398,4.35418392350916,4.07424621972344,88.2086549958177,"squared_euclidean_pc1_pc3",389.275340558576,"all_pixels",6896,1,1780.16249206446,25615.1253885052,5175.43680082897,"all_pixels",6896
"123_b",7999,FALSE,"all_pixels",7.2918844342645,6.47450538266185,4.47757145537998,146.435436693272,"squared_euclidean_pc1_pc3",599.972518793242,"all_pixels",7931,1,2437.43983241809,40733.6367176953,6865.52769556209,"all_pixels",7931
"123_c",6996,FALSE,"all_pixels",7.54170706829939,6.42556897131612,5.95746717128749,184.727374999867,"squared_euclidean_pc1_pc3",562.522275684899,"all_pixels",6964,1,3416.61174616082,60053.4932835208,9508.44912961364,"all_pixels",6964
"123_d",7687,FALSE,"all_pixels",6.27160477523043,5.01672327470927,5.7885849361542,145.672766018048,"squared_euclidean_pc1_pc3",478.060342591141,"all_pixels",7655,1,2892.23526609817,43667.0691014796,7485.01671577535,"all_pixels",7655
"124_a",7899,FALSE,"all_pixels",7.21449845649512,6.21682114275105,4.70586696071968,148.382736576111,"squared_euclidean_pc1_pc3",625.035858095109,"all_pixels",7899,1,2311.98405017383,46948.9052626663,7083.58947743275,"all_pixels",7899
"124_b",6641,FALSE,"all_pixels",7.1234129946261,5.94696342287921,5.95517815508686,172.403638738207,"squared_euclidean_pc1_pc3",575.84722823032,"all_pixels",6613,1,5498.3163102719,91590.6251188066,13682.2539836416,"all_pixels",6613
"124_c",6848,FALSE,"all_pixels",7.22541964618923,6.33012229808665,4.50170832817315,144.938215244247,"squared_euclidean_pc1_pc3",566.121801612244,"all_pixels",6848,1,2358.53708006027,41720.3428225012,6921.60965139059,"all_pixels",6848
"124_d",6386,FALSE,"all_pixels",7.19697665717086,6.29868473944177,4.40178645255684,142.338325767647,"squared_euclidean_pc1_pc3",631.398911397096,"all_pixels",6386,1,2264.0859435528,45786.2454114569,7115.93597958425,"all_pixels",6386
"13_a",7947,FALSE,"all_pixels",5.99358376271975,4.5257610360887,7.45346200312546,182.940303156475,"squared_euclidean_pc1_pc3",401.503352893034,"all_pixels",7897,1,4478.26756850388,67269.8298479435,11959.6259158724,"all_pixels",7897
"13_b",8008,FALSE,"all_pixels",5.69272762650214,4.93269145130361,3.503076078424,89.3543148608523,"squared_euclidean_pc1_pc3",461.747668643472,"all_pixels",7832,1,1563.37262399245,20727.4041940229,4357.43962966496,"all_pixels",7832
"13_c",8066,FALSE,"all_pixels",5.46597607060441,4.81651932928265,3.26604230230194,81.0852085123446,"squared_euclidean_pc1_pc3",452.516413861771,"all_pixels",8027,1,1481.52351460281,20267.1428190612,4263.9269097682,"all_pixels",8027
"13_d",7178,FALSE,"all_pixels",5.3719733615495,4.54598702520564,4.02971230590033,90.1888335890354,"squared_euclidean_pc1_pc3",407.993361452644,"all_pixels",7178,1,2694.12443267657,37808.5742642777,7296.9647792769,"all_pixels",7178
"1300_a",7307,FALSE,"all_pixels",6.53947524235343,5.87643664579405,3.68124647453804,112.628914899635,"squared_euclidean_pc1_pc3",548.392032528648,"all_pixels",7300,1,1209.60057852203,16547.6932901464,3574.47604028736,"all_pixels",7300
"1300_b",6918,FALSE,"all_pixels",6.44450073810359,5.62403632212512,4.09920628407189,116.665305940941,"squared_euclidean_pc1_pc3",510.006566315305,"all_pixels",6894,1,2065.41458471525,27302.640906771,5503.348542291,"all_pixels",6894
"1300_c",6481,FALSE,"all_pixels",6.76675818287978,6.27451371859859,3.62360971505592,117.835075332471,"squared_euclidean_pc1_pc3",508.504563640076,"all_pixels",6448,1,2265.24404094309,29446.8309623109,5818.50078751835,"all_pixels",6448
"1300_d",6545,FALSE,"all_pixels",6.78816034498111,6.14810859070307,4.1033632516721,125.828276512231,"squared_euclidean_pc1_pc3",512.868183462044,"all_pixels",6455,1,2794.82237522057,43441.8077421632,7768.08672484622,"all_pixels",6455
"1301_a",5629,FALSE,"all_pixels",6.81967091001277,6.25143930141999,3.68157990002331,120.119067975953,"squared_euclidean_pc1_pc3",527.399683079922,"all_pixels",5580,1,1270.35237517465,19527.4984305344,3925.37530291105,"all_pixels",5580
"1301_b",7611,FALSE,"all_pixels",7.09010744672516,6.4411441408706,3.86013098402442,130.336554093626,"squared_euclidean_pc1_pc3",588.420650430758,"all_pixels",7490,1,1637.44572646524,25167.3390308247,4840.58075649803,"all_pixels",7490
"1301_c",7184,FALSE,"all_pixels",9.23715632108423,7.91376153536043,5.89507502775881,240.144258158314,"squared_euclidean_pc1_pc3",788.746035581562,"all_pixels",7174,1,2228.16500604099,33920.0512825779,6186.80455700596,"all_pixels",7174
"1301_d",6294,FALSE,"all_pixels",6.56635046868965,5.7890597070738,4.09470031093693,119.761730433168,"squared_euclidean_pc1_pc3",528.69206960077,"all_pixels",6273,1,2323.93766558211,40422.4373930274,6846.76865292995,"all_pixels",6273
"1302_a",6333,FALSE,"all_pixels",7.87505925535604,7.01973362718486,4.47226833168159,164.029168116037,"squared_euclidean_pc1_pc3",671.155333716906,"all_pixels",6257,1,2015.76806487931,36593.6849250513,5988.96026138316,"all_pixels",6257
"1302_b",7402,FALSE,"all_pixels",7.00099368366034,6.37256821593642,3.80803245742457,127.026129350622,"squared_euclidean_pc1_pc3",582.393800125603,"all_pixels",7382,1,1527.67495774135,21621.8554033539,4360.25389497508,"all_pixels",7382
"1302_c",7231,FALSE,"all_pixels",6.41108384055682,5.66848267059615,3.82780555092423,111.504130114787,"squared_euclidean_pc1_pc3",522.789438610178,"all_pixels",7165,1,2197.50441989794,31929.4279199713,6279.56863850711,"all_pixels",7165
"1302_d",6777,FALSE,"all_pixels",6.69077575881157,6.00622157265973,3.71579488597014,117.143149075452,"squared_euclidean_pc1_pc3",539.213135828317,"all_pixels",6693,1,1693.6542902803,25623.4052292152,4877.03034155122,"all_pixels",6693
"1303_a",6546,FALSE,"all_pixels",4.82069125117645,4.3042141932817,2.84420469470309,62.6546573832739,"squared_euclidean_pc1_pc3",307.762269819384,"all_pixels",6279,1,1364.39981133309,17683.2802738719,4031.64493549003,"all_pixels",6279
"1303_b",6956,FALSE,"all_pixels",5.39771591593713,4.95752252247653,2.78594000258472,73.7913660267184,"squared_euclidean_pc1_pc3",386.604633596217,"all_pixels",6849,1,726.323073925253,7956.99087148504,2210.36430326231,"all_pixels",6849
"1303_c",7660,FALSE,"all_pixels",5.1892167959049,4.52829671034909,3.74208683979831,81.8587135513632,"squared_euclidean_pc1_pc3",342.844041384366,"all_pixels",7406,1,1942.3318628831,20993.0082243815,5099.69716211348,"all_pixels",7406
"1303_d",6527,FALSE,"all_pixels",4.937891229956,4.33030223033227,2.98869121766087,66.627352963605,"squared_euclidean_pc1_pc3",353.914943268135,"all_pixels",6293,1,1209.50268588709,12565.7793923141,3305.40901112463,"all_pixels",6293
"1304_a",6161,FALSE,"all_pixels",5.568720370512,5.00278372891102,3.04849952357122,80.604974988868,"squared_euclidean_pc1_pc3",409.522804593834,"all_pixels",6110,1,912.158354186405,12527.535265467,2912.48126026734,"all_pixels",6110
"1304_b",8073,FALSE,"all_pixels",5.15389949112726,4.42242941853449,3.304815838829,74.9662696245786,"squared_euclidean_pc1_pc3",451.616092282334,"all_pixels",7923,1,1217.28225452341,16382.3933538955,3572.12626645307,"all_pixels",7923
"1304_c",8232,FALSE,"all_pixels",6.03146878229781,5.13022788583588,4.44246669195114,112.223457134279,"squared_euclidean_pc1_pc3",462.81023060649,"all_pixels",8097,1,2402.87298603151,33083.5219430979,6373.67495722153,"all_pixels",8097
"1304_d",7515,FALSE,"all_pixels",5.31622008958863,4.74901135042725,2.98351426476774,74.3247378606533,"squared_euclidean_pc1_pc3",388.686612317865,"all_pixels",7254,1,886.68697384089,10392.989499487,2660.97416182243,"all_pixels",7254
"1305_a",8546,FALSE,"all_pixels",5.1819111510128,4.33779496298364,3.58046468695747,79.3408609328548,"squared_euclidean_pc1_pc3",450.151573438518,"all_pixels",8492,1,1783.54930240721,25389.111689202,5185.41121961109,"all_pixels",8492
"1305_b",8327,FALSE,"all_pixels",6.40889968810371,5.68317156564757,3.61274591076856,108.248721609494,"squared_euclidean_pc1_pc3",543.175492507581,"all_pixels",8039,1,1423.4623647565,21549.1052551981,4241.81814188402,"all_pixels",8039
"1305_c",8027,FALSE,"all_pixels",7.33345165319242,6.6354690065512,4.02322591004159,139.927686770492,"squared_euclidean_pc1_pc3",632.338327301,"all_pixels",7990,1,2262.7522758865,34198.200657349,6076.78383870098,"all_pixels",7990
"1305_d",6533,FALSE,"all_pixels",7.23034535173607,6.28982322087363,4.43530855253831,143.893689386749,"squared_euclidean_pc1_pc3",645.072230508999,"all_pixels",6530,1,2042.27313487081,34503.2841897077,5907.89392338348,"all_pixels",6530
"1306_a",6059,FALSE,"all_pixels",6.73849407068119,6.16486488163985,3.56451687896738,116.221971823091,"squared_euclidean_pc1_pc3",496.273372846809,"all_pixels",6053,1,1793.55439225735,28746.9758402962,5352.09569587206,"all_pixels",6053
"1306_b",6770,FALSE,"all_pixels",6.82094349769375,6.29740409370111,3.4892834543813,117.397141667876,"squared_euclidean_pc1_pc3",540.337854999199,"all_pixels",6770,1,1333.90569933568,20225.1729991028,4164.30089615032,"all_pixels",6770
"1306_c",4846,FALSE,"all_pixels",6.63964261999905,6.1601110113728,3.22084420490381,108.913101624998,"squared_euclidean_pc1_pc3",467.085458912539,"all_pixels",4839,1,1165.61987865209,16001.6629986726,3502.36442740131,"all_pixels",4839
"1306_d",5446,FALSE,"all_pixels",6.00906336708049,5.59096734300723,2.98585949151398,90.0451248116944,"squared_euclidean_pc1_pc3",434.312041105633,"all_pixels",5432,1,803.539667129438,9682.23214004475,2472.7594572955,"all_pixels",5432
"1307_a",6569,FALSE,"all_pixels",5.65119686766784,5.24309531632073,2.86492505627455,80.2851442821516,"squared_euclidean_pc1_pc3",391.000790617502,"all_pixels",6569,1,993.038044858227,11602.9208545844,2861.05653157091,"all_pixels",6569
"1307_b",6194,FALSE,"all_pixels",6.1514203927749,5.56795800708675,3.16747784347191,95.7425379155267,"squared_euclidean_pc1_pc3",418.427038854225,"all_pixels",6178,1,1266.60634678322,17463.8892491717,3774.55666764867,"all_pixels",6178
"1307_c",5895,FALSE,"all_pixels",6.19497911126871,5.69566751068978,3.08282760494086,95.7599600932202,"squared_euclidean_pc1_pc3",437.566639514834,"all_pixels",5823,1,1171.58219869002,13832.4979109362,3322.9366676546,"all_pixels",5823
"1307_d",6233,FALSE,"all_pixels",5.70789028226035,5.23388840514382,2.97970626840183,82.914472923674,"squared_euclidean_pc1_pc3",414.475925453786,"all_pixels",6188,1,1141.08566719176,11886.6048772729,3099.41740015161,"all_pixels",6188
"1308_a",6666,FALSE,"all_pixels",5.74584964264874,5.27703273214216,3.22877280469579,86.8763960756118,"squared_euclidean_pc1_pc3",398.685980025004,"all_pixels",6665,1,1502.02864218489,18762.5507635376,4359.72491696312,"all_pixels",6665
"1308_b",5872,FALSE,"all_pixels",6.57064418242363,5.87079750120046,3.69406599411528,113.634329219542,"squared_euclidean_pc1_pc3",492.499657305226,"all_pixels",5872,1,1326.39406615662,16732.4841320767,3765.80672798199,"all_pixels",5872
"1308_c",7253,FALSE,"all_pixels",5.98798876471598,5.45311266930464,3.18775933478001,92.0328359473585,"squared_euclidean_pc1_pc3",429.759837140034,"all_pixels",7253,1,1733.00733263559,19931.0039512454,4820.0430550338,"all_pixels",7253
"1308_d",6378,FALSE,"all_pixels",6.67369218516662,5.75889302155179,5.17931622712292,142.718556098699,"squared_euclidean_pc1_pc3",502.134844206685,"all_pixels",6378,1,2314.13242356232,29404.9146605808,6238.94569522317,"all_pixels",6378
"1309_a",6410,FALSE,"all_pixels",6.15409618784222,5.64455405916044,3.44985342397123,99.545063659206,"squared_euclidean_pc1_pc3",473.132629661157,"all_pixels",6384,1,1223.07494885774,16223.4562424158,3643.52336444408,"all_pixels",6384
"1309_b",7283,FALSE,"all_pixels",6.51876199338646,5.818058972441,3.79585786962879,113.801633026941,"squared_euclidean_pc1_pc3",517.428277176833,"all_pixels",7282,1,1644.74963231162,22762.6120236538,4607.39693529219,"all_pixels",7282
"1309_c",6588,FALSE,"all_pixels",7.34755129348415,6.52227434004841,4.31958782841402,145.28503354281,"squared_euclidean_pc1_pc3",640.013002615248,"all_pixels",6487,1,2274.06719011639,30285.636244635,6007.84062651621,"all_pixels",6487
"1309_d",6288,FALSE,"all_pixels",7.11704811663933,6.32292712178966,3.86372577607894,131.156753323119,"squared_euclidean_pc1_pc3",518.970733635276,"all_pixels",6158,1,1458.5824836496,16445.0610611063,3958.47336115302,"all_pixels",6158
"1310_a",7512,FALSE,"all_pixels",5.49394522830088,4.84034729790123,3.1233068062643,79.8743619653161,"squared_euclidean_pc1_pc3",443.850327107064,"all_pixels",7452,1,978.716813351653,12447.5181062681,2946.8586327195,"all_pixels",7452
"1310_b",8333,FALSE,"all_pixels",6.68396874427677,6.03969939134926,3.53201214950022,114.298101851248,"squared_euclidean_pc1_pc3",547.461459537591,"all_pixels",8236,1,1086.83579473101,16850.6745553513,3571.28590696365,"all_pixels",8236
"1310_c",7407,FALSE,"all_pixels",8.81010371549899,7.28414713337102,7.69119598889194,273.528873842451,"squared_euclidean_pc1_pc3",635.668413000573,"all_pixels",7313,1,3895.58530847942,63458.4647412754,10371.9292255106,"all_pixels",7313
"1310_d",8205,FALSE,"all_pixels",7.04004254448344,6.35524391503509,3.89156022953918,129.409188630108,"squared_euclidean_pc1_pc3",552.705817219422,"all_pixels",8100,1,1854.03462648045,28815.3437936223,5345.81287520558,"all_pixels",8100
"1311_a",8211,FALSE,"all_pixels",6.86647954697498,6.38194553502324,3.49713909548637,118.754067518127,"squared_euclidean_pc1_pc3",598.639911070131,"all_pixels",8123,1,1253.35610875089,20230.0685503996,3971.25630728916,"all_pixels",8123
"1311_b",6338,FALSE,"all_pixels",6.68228761341624,6.16772239147016,3.48952523423045,113.655665747832,"squared_euclidean_pc1_pc3",495.174015126113,"all_pixels",6236,1,1536.58972476734,23137.0195275979,4620.49444672565,"all_pixels",6236
"1311_c",6739,FALSE,"all_pixels",5.58221475700276,5.04740092909217,2.93731866017618,79.5753644393491,"squared_euclidean_pc1_pc3",412.174144722725,"all_pixels",6652,1,851.910464115611,10842.0501323705,2646.80692974786,"all_pixels",6652
"1311_d",6387,FALSE,"all_pixels",6.32963310895244,5.80724887190502,3.30049071296635,101.91157741475,"squared_euclidean_pc1_pc3",498.374513506642,"all_pixels",6330,1,1202.63728247224,19164.3433793653,3874.61106513209,"all_pixels",6330
"1312_a",6034,FALSE,"all_pixels",6.15311674207031,5.34847654488401,4.11019414014772,109.503483521053,"squared_euclidean_pc1_pc3",461.072568337647,"all_pixels",6021,1,1794.27925602869,36255.447511963,5970.64577363322,"all_pixels",6021
"1312_b",7522,FALSE,"all_pixels",5.44774105361709,4.97526592815364,2.9546950146985,76.8138891839315,"squared_euclidean_pc1_pc3",377.748145687654,"all_pixels",7479,1,687.461410254312,7588.74016148188,2215.45417692541,"all_pixels",7479
"1312_c",4943,FALSE,"all_pixels",6.05907595741009,5.37360829672856,3.71169210522263,100.972545273974,"squared_euclidean_pc1_pc3",390.406444932214,"all_pixels",4924,1,1773.65003697077,24175.0184691739,5003.36300232657,"all_pixels",4924
"1312_d",6561,FALSE,"all_pixels",5.94358698023197,5.35673589672661,3.48952328029666,95.0022859657554,"squared_euclidean_pc1_pc3",436.905148271128,"all_pixels",6555,1,1635.66780726808,19696.3408170125,4548.97464263729,"all_pixels",6555
"1313_a",NA,TRUE,"manual_excluded",NA,NA,NA,NA,"squared_euclidean_pc1_pc3",NA,"manual_excluded",NA,1,NA,NA,NA,"manual_excluded",NA
"1313_b",NA,TRUE,"manual_excluded",NA,NA,NA,NA,"squared_euclidean_pc1_pc3",NA,"manual_excluded",NA,1,NA,NA,NA,"manual_excluded",NA
"1313_c",NA,TRUE,"manual_excluded",NA,NA,NA,NA,"squared_euclidean_pc1_pc3",NA,"manual_excluded",NA,1,NA,NA,NA,"manual_excluded",NA
"1313_d",NA,TRUE,"manual_excluded",NA,NA,NA,NA,"squared_euclidean_pc1_pc3",NA,"manual_excluded",NA,1,NA,NA,NA,"manual_excluded",NA
"1314_a",NA,TRUE,"manual_excluded",NA,NA,NA,NA,"squared_euclidean_pc1_pc3",NA,"manual_excluded",NA,1,NA,NA,NA,"manual_excluded",NA
"1314_b",NA,TRUE,"manual_excluded",NA,NA,NA,NA,"squared_euclidean_pc1_pc3",NA,"manual_excluded",NA,1,NA,NA,NA,"manual_excluded",NA
"1314_c",NA,TRUE,"manual_excluded",NA,NA,NA,NA,"squared_euclidean_pc1_pc3",NA,"manual_excluded",NA,1,NA,NA,NA,"manual_excluded",NA
"1314_d",NA,TRUE,"manual_excluded",NA,NA,NA,NA,"squared_euclidean_pc1_pc3",NA,"manual_excluded",NA,1,NA,NA,NA,"manual_excluded",NA
"1315_a",NA,TRUE,"manual_excluded",NA,NA,NA,NA,"squared_euclidean_pc1_pc3",NA,"manual_excluded",NA,1,NA,NA,NA,"manual_excluded",NA
"1315_b",NA,TRUE,"manual_excluded",NA,NA,NA,NA,"squared_euclidean_pc1_pc3",NA,"manual_excluded",NA,1,NA,NA,NA,"manual_excluded",NA
"1315_c",NA,TRUE,"manual_excluded",NA,NA,NA,NA,"squared_euclidean_pc1_pc3",NA,"manual_excluded",NA,1,NA,NA,NA,"manual_excluded",NA
"1315_d",NA,TRUE,"manual_excluded",NA,NA,NA,NA,"squared_euclidean_pc1_pc3",NA,"manual_excluded",NA,1,NA,NA,NA,"manual_excluded",NA
"1316_a",NA,TRUE,"manual_excluded",NA,NA,NA,NA,"squared_euclidean_pc1_pc3",NA,"manual_excluded",NA,1,NA,NA,NA,"manual_excluded",NA
"1316_b",NA,TRUE,"manual_excluded",NA,NA,NA,NA,"squared_euclidean_pc1_pc3",NA,"manual_excluded",NA,1,NA,NA,NA,"manual_excluded",NA
"1316_c",NA,TRUE,"manual_excluded",NA,NA,NA,NA,"squared_euclidean_pc1_pc3",NA,"manual_excluded",NA,1,NA,NA,NA,"manual_excluded",NA
"1316_d",NA,TRUE,"manual_excluded",NA,NA,NA,NA,"squared_euclidean_pc1_pc3",NA,"manual_excluded",NA,1,NA,NA,NA,"manual_excluded",NA
"1317_a",NA,TRUE,"manual_excluded",NA,NA,NA,NA,"squared_euclidean_pc1_pc3",NA,"manual_excluded",NA,1,NA,NA,NA,"manual_excluded",NA
"1317_b",NA,TRUE,"manual_excluded",NA,NA,NA,NA,"squared_euclidean_pc1_pc3",NA,"manual_excluded",NA,1,NA,NA,NA,"manual_excluded",NA
"1317_c",NA,TRUE,"manual_excluded",NA,NA,NA,NA,"squared_euclidean_pc1_pc3",NA,"manual_excluded",NA,1,NA,NA,NA,"manual_excluded",NA
"1317_d",NA,TRUE,"manual_excluded",NA,NA,NA,NA,"squared_euclidean_pc1_pc3",NA,"manual_excluded",NA,1,NA,NA,NA,"manual_excluded",NA
"1318_a",NA,TRUE,"manual_excluded",NA,NA,NA,NA,"squared_euclidean_pc1_pc3",NA,"manual_excluded",NA,1,NA,NA,NA,"manual_excluded",NA
"1318_b",NA,TRUE,"manual_excluded",NA,NA,NA,NA,"squared_euclidean_pc1_pc3",NA,"manual_excluded",NA,1,NA,NA,NA,"manual_excluded",NA
"1318_c",NA,TRUE,"manual_excluded",NA,NA,NA,NA,"squared_euclidean_pc1_pc3",NA,"manual_excluded",NA,1,NA,NA,NA,"manual_excluded",NA
"1321_c",NA,TRUE,"manual_excluded",NA,NA,NA,NA,"squared_euclidean_pc1_pc3",NA,"manual_excluded",NA,1,NA,NA,NA,"manual_excluded",NA
"1322_a",NA,TRUE,"manual_excluded",NA,NA,NA,NA,"squared_euclidean_pc1_pc3",NA,"manual_excluded",NA,1,NA,NA,NA,"manual_excluded",NA
"1322_b",NA,TRUE,"manual_excluded",NA,NA,NA,NA,"squared_euclidean_pc1_pc3",NA,"manual_excluded",NA,1,NA,NA,NA,"manual_excluded",NA
"1322_c",NA,TRUE,"manual_excluded",NA,NA,NA,NA,"squared_euclidean_pc1_pc3",NA,"manual_excluded",NA,1,NA,NA,NA,"manual_excluded",NA
"1322_d",NA,TRUE,"manual_excluded",NA,NA,NA,NA,"squared_euclidean_pc1_pc3",NA,"manual_excluded",NA,1,NA,NA,NA,"manual_excluded",NA
"1323_a",6575,FALSE,"all_pixels",6.78265866345132,6.02285413153812,4.03192237853746,124.516768310925,"squared_euclidean_pc1_pc3",515.048781590369,"all_pixels",6575,1,2168.19854404448,37422.0470883965,6382.50822090869,"all_pixels",6575
"1323_b",5932,FALSE,"all_pixels",6.8310870165643,5.94076608424538,4.32760195904723,130.77746281296,"squared_euclidean_pc1_pc3",521.47587319583,"all_pixels",5932,1,2760.31165215536,48114.4994465159,7657.92445601544,"all_pixels",5932
"1323_c",7884,FALSE,"all_pixels",5.95482801784122,5.29176282440486,3.35611422121265,93.4441014691728,"squared_euclidean_pc1_pc3",492.945498547822,"all_pixels",7884,1,1066.65168961247,13940.4790060599,3274.77434337577,"all_pixels",7884
"1323_d",8371,FALSE,"all_pixels",6.35804103947712,5.63734667968645,3.61901640566096,107.040802005096,"squared_euclidean_pc1_pc3",541.751713426518,"all_pixels",8358,1,1658.29932452712,22440.7485194264,4747.60908943107,"all_pixels",8358
"1324_a",7660,FALSE,"all_pixels",7.05495060446506,6.51298961167049,3.62435523946947,125.81312811443,"squared_euclidean_pc1_pc3",617.019494743907,"all_pixels",7576,1,1639.45576738888,22889.1651990929,4514.96431299576,"all_pixels",7576
"1324_b",6973,FALSE,"all_pixels",5.16663373059482,4.51260566922493,3.13970511552883,73.1008772320012,"squared_euclidean_pc1_pc3",420.370439589046,"all_pixels",6973,1,1026.42652510645,13609.9335627945,3094.30442153984,"all_pixels",6973
"1324_c",6381,FALSE,"all_pixels",7.01866564614633,6.49461238925582,3.47565609870741,122.679919239268,"squared_euclidean_pc1_pc3",553.252199337976,"all_pixels",6324,1,1228.06351329105,18166.2221768757,3761.267870517,"all_pixels",6324
"1324_d",5916,FALSE,"all_pixels",6.7697427888856,6.28472422136162,3.34303020416881,114.006758569165,"squared_euclidean_pc1_pc3",509.809054038782,"all_pixels",5861,1,1114.8494043101,15225.2110613594,3379.43891966488,"all_pixels",5861
"14_a",7629,FALSE,"all_pixels",6.83357177422426,5.39494972580695,6.51326297401942,178.229474120673,"squared_euclidean_pc1_pc3",533.514284199836,"all_pixels",7621,1,4670.53620013594,82430.3396938988,12041.4725450697,"all_pixels",7621
"14_b",6476,FALSE,"all_pixels",6.48161364732234,5.4506623902239,4.84580408290561,130.979013415159,"squared_euclidean_pc1_pc3",521.257497683802,"all_pixels",6474,1,2543.19620897201,37342.3584095071,7072.57118234348,"all_pixels",6474
"14_c",8116,FALSE,"all_pixels",7.35802074514132,6.06235562600619,6.09925417517255,182.673574259049,"squared_euclidean_pc1_pc3",592.050716107673,"all_pixels",8109,1,3263.015354058,56472.5470111628,8973.09740686881,"all_pixels",8109
"14_d",8253,FALSE,"all_pixels",7.24067015348786,6.14282524577292,5.03244698039597,155.499516475322,"squared_euclidean_pc1_pc3",668.872720650773,"all_pixels",8214,1,2365.20792336981,41682.6238660813,6795.7455122413,"all_pixels",8214
"1400_a",6408,FALSE,"all_pixels",6.13225079536759,5.6623511144374,3.32811275195071,97.3582115807303,"squared_euclidean_pc1_pc3",436.728611155701,"all_pixels",6352,1,1477.30713179295,18542.6363914837,4163.94878925248,"all_pixels",6352
"1400_b",6806,FALSE,"all_pixels",7.08689104451437,6.25735163655761,4.17734580429666,135.343357398547,"squared_euclidean_pc1_pc3",597.678278411728,"all_pixels",6805,1,1995.20621638015,28026.5080039454,5411.0978755711,"all_pixels",6805
"1400_c",6570,FALSE,"all_pixels",7.55987901580935,6.96130297604932,3.87332194174666,144.304220187699,"squared_euclidean_pc1_pc3",569.58110299076,"all_pixels",6514,1,1310.76423634595,20794.2575451259,4053.77752977255,"all_pixels",6514
"1400_d",6284,FALSE,"all_pixels",5.70150676094919,5.07147079635332,3.09022712708601,84.1103267769041,"squared_euclidean_pc1_pc3",408.994498642064,"all_pixels",6250,1,785.675834187683,9720.20411608573,2638.92382813551,"all_pixels",6250
"1401_a",4556,FALSE,"all_pixels",7.18400904908551,6.44752955782261,4.0769777480272,136.456170509784,"squared_euclidean_pc1_pc3",478.340478033871,"all_pixels",4466,1,1735.89123739579,34295.7419765933,5978.32237006906,"all_pixels",4466
"1401_b",3804,FALSE,"all_pixels",7.5218002669143,6.7566221222963,4.3147633926542,150.379536565826,"squared_euclidean_pc1_pc3",514.452634847927,"all_pixels",3789,1,1459.21473520066,23917.2847263013,4597.85357989621,"all_pixels",3789
"1401_c",5208,FALSE,"all_pixels",9.6410424015687,8.20005930876239,7.26425606485564,291.417964776519,"squared_euclidean_pc1_pc3",689.73916453941,"all_pixels",5125,1,3553.88264076513,91963.8547238857,11381.1041454105,"all_pixels",5125
"1401_d",7198,FALSE,"all_pixels",6.54170621513125,6.06919524785113,3.29087671462517,107.24457037893,"squared_euclidean_pc1_pc3",506.566071824187,"all_pixels",7183,1,1419.55850796566,20733.0271873082,4218.58613936829,"all_pixels",7183
"1402_a",5031,FALSE,"all_pixels",6.80486783211662,6.16124779878289,3.64707661197542,119.209500368899,"squared_euclidean_pc1_pc3",483.743788868316,"all_pixels",4820,1,1157.52584390266,19574.1850435444,3986.58103410719,"all_pixels",4820
"1402_b",6315,FALSE,"all_pixels",8.23330553811324,7.50550291159499,4.50853978663308,176.222064516965,"squared_euclidean_pc1_pc3",712.499270471521,"all_pixels",6284,1,2313.55254059687,36497.7428603068,6366.35764659233,"all_pixels",6284
"1402_c",7717,FALSE,"all_pixels",6.16324381873097,5.5573351072845,3.53873849957786,101.013243598775,"squared_euclidean_pc1_pc3",492.805934466191,"all_pixels",7418,1,1703.09734400189,26171.3310564535,5008.03571103934,"all_pixels",7418
"1402_d",8446,FALSE,"all_pixels",6.25442267864561,5.65992003554242,3.39507068044283,101.28588647782,"squared_euclidean_pc1_pc3",515.427322300835,"all_pixels",8163,1,1324.42250999981,18645.222312455,3879.54056214765,"all_pixels",8163
"1403_a",7784,FALSE,"all_pixels",6.62300757253117,6.09976449953883,3.45220879412281,111.560887614595,"squared_euclidean_pc1_pc3",514.228110258066,"all_pixels",7694,1,1374.419812486,23818.7338420157,4496.85518017987,"all_pixels",7694
"1403_b",6573,FALSE,"all_pixels",5.66400423517746,5.17107512534011,3.06408580732183,82.9362748979628,"squared_euclidean_pc1_pc3",421.413096527688,"all_pixels",6380,1,1200.84089143013,15268.1149476944,3470.36107059727,"all_pixels",6380
"1403_c",6557,FALSE,"all_pixels",5.43035055560429,5.02704030993524,2.67552385154713,73.2920866278472,"squared_euclidean_pc1_pc3",370.983832701946,"all_pixels",6500,1,761.708077101204,7719.98001757115,2219.46729853015,"all_pixels",6500
"1403_d",6423,FALSE,"all_pixels",5.23274715593421,4.69707135708103,2.86571814589791,71.1854094127459,"squared_euclidean_pc1_pc3",376.685791376595,"all_pixels",6236,1,1105.40653109989,12718.6047900219,3103.88350824207,"all_pixels",6236
"1404_a",6452,FALSE,"all_pixels",6.15388033267141,5.36991799988111,3.9176789710366,106.432145678703,"squared_euclidean_pc1_pc3",486.96224244619,"all_pixels",6323,1,2402.09593155849,38842.9398632373,6712.9398019201,"all_pixels",6323
"1404_b",6752,FALSE,"all_pixels",4.52072682721554,4.09000760255072,2.46455690813281,53.0202244167754,"squared_euclidean_pc1_pc3",304.861015110629,"all_pixels",6501,1,584.589782273477,6194.60553381259,1878.02051801094,"all_pixels",6501
"1404_c",6354,FALSE,"all_pixels",6.57827059580076,5.76646177827801,3.93087632199155,117.446001739363,"squared_euclidean_pc1_pc3",528.881852703353,"all_pixels",6278,1,1546.22429399561,23722.0507670595,4655.51591072554,"all_pixels",6278
"1404_d",7674,FALSE,"all_pixels",7.42542791629727,6.69109151269944,4.14730068510893,144.669682730075,"squared_euclidean_pc1_pc3",664.992421403548,"all_pixels",7658,1,1841.32981156738,35479.0150329945,6149.72790109088,"all_pixels",7658
"1405_a",7894,FALSE,"all_pixels",7.41342467156761,6.16607379017492,5.29773991900511,166.042716491631,"squared_euclidean_pc1_pc3",669.7673296453,"all_pixels",7835,1,2515.77330189614,53751.8599207769,7802.60223448874,"all_pixels",7835
"1405_b",7463,FALSE,"all_pixels",5.72118066961193,5.16971328116048,3.12149362238742,84.9486501699513,"squared_euclidean_pc1_pc3",453.558446689898,"all_pixels",7463,1,892.405767170004,11777.380407828,2776.72603639222,"all_pixels",7463
"1405_c",6249,FALSE,"all_pixels",5.82968891391955,5.16891530714963,3.35091375579916,90.4241979294039,"squared_euclidean_pc1_pc3",472.563417272651,"all_pixels",6240,1,1109.18458019871,15866.5225415057,3486.65208989901,"all_pixels",6240
"1405_d",7130,FALSE,"all_pixels",6.89585937871672,6.07973956065916,4.05401701866606,127.971251004018,"squared_euclidean_pc1_pc3",595.477216775392,"all_pixels",7048,1,1838.88193089579,24347.7215240846,4961.44518985758,"all_pixels",7048
"1406_a",6474,FALSE,"all_pixels",7.2905950126018,6.19029793070687,4.87805088835669,153.888961154575,"squared_euclidean_pc1_pc3",627.434694438478,"all_pixels",6442,1,2671.79282467498,43100.0200372638,7271.12707032002,"all_pixels",6442
"1406_b",5930,FALSE,"all_pixels",6.48375809270179,5.82919096502294,3.65088146541651,110.731613533278,"squared_euclidean_pc1_pc3",500.233666420282,"all_pixels",5908,1,1520.33910871261,26196.8786448924,4957.47260499845,"all_pixels",5908
"1406_c",5893,FALSE,"all_pixels",8.1880126227247,7.26216459314183,4.92840021413464,182.657115377938,"squared_euclidean_pc1_pc3",632.932107679615,"all_pixels",5891,1,2325.99268414445,45338.1609836744,7330.36714745945,"all_pixels",5891
"1406_d",2960,FALSE,"all_pixels",7.58430540077905,6.63026507016942,4.8604068617095,162.274524685885,"squared_euclidean_pc1_pc3",432.251290654185,"all_pixels",2955,1,2737.95453760127,46600.2552117325,7792.40254150246,"all_pixels",2955
"1407_a",4934,FALSE,"all_pixels",7.23180242937273,6.53770431092658,3.93461413931179,135.554034296052,"squared_euclidean_pc1_pc3",538.092843047398,"all_pixels",4934,1,1875.22213300828,29090.4397022124,5346.39457394256,"all_pixels",4934
"1407_b",6247,FALSE,"all_pixels",6.85733481740436,6.36880791073045,3.67728749360626,121.086638957334,"squared_euclidean_pc1_pc3",525.390379913666,"all_pixels",6247,1,1830.63734537421,25591.1727106682,5104.33052679852,"all_pixels",6247
"1407_c",6520,FALSE,"all_pixels",6.53430808878545,5.79903516948299,3.71966319243687,113.061908789328,"squared_euclidean_pc1_pc3",520.557743382568,"all_pixels",6520,1,1496.75377656717,22341.537697627,4454.29567291369,"all_pixels",6520
"1407_d",7480,FALSE,"all_pixels",6.68308256387361,6.17986661557006,3.49736532753932,113.787043107931,"squared_euclidean_pc1_pc3",558.720314905175,"all_pixels",7480,1,1531.13282684422,21743.7359506852,4382.75409932266,"all_pixels",7480
"1408_a",5622,FALSE,"all_pixels",6.73619877665404,6.07015801653003,3.68131222450055,117.852046224348,"squared_euclidean_pc1_pc3",535.995817475227,"all_pixels",5622,1,1563.56877460297,25818.7917868743,4818.56368030691,"all_pixels",5622
"1408_b",7553,FALSE,"all_pixels",5.77570913056558,5.1709022043485,3.29490797584491,88.4275943301782,"squared_euclidean_pc1_pc3",438.111143743736,"all_pixels",7553,1,1262.74858654794,16016.2377995434,3556.50693118074,"all_pixels",7553
"1408_c",6425,FALSE,"all_pixels",5.83331706503486,5.32539824087514,3.26500888972118,89.3724236863238,"squared_euclidean_pc1_pc3",398.171533075139,"all_pixels",6425,1,1506.29216965807,16804.3098285934,4062.54667716219,"all_pixels",6425
"1408_d",6445,FALSE,"all_pixels",5.40086742856873,4.8317851057229,3.00241219061874,76.3648985309333,"squared_euclidean_pc1_pc3",397.028456185978,"all_pixels",6344,1,1127.72193827439,11599.8993353006,3085.75661198605,"all_pixels",6344
"1409_a",5718,FALSE,"all_pixels",6.05014934714363,5.33636441182673,3.92892037110956,104.076045574679,"squared_euclidean_pc1_pc3",424.460513431119,"all_pixels",5703,1,2281.01814413967,30276.9110519349,6049.03106329976,"all_pixels",5703
"1409_b",6308,FALSE,"all_pixels",5.47271081222382,4.90827751209768,3.26051769391545,81.159707900404,"squared_euclidean_pc1_pc3",412.02498272961,"all_pixels",6187,1,1679.69766621938,19756.0140818933,4630.33386059166,"all_pixels",6187
"1409_c",6501,FALSE,"all_pixels",7.72950025670342,7.19278206271635,3.92738612386326,150.334326741152,"squared_euclidean_pc1_pc3",589.400970629956,"all_pixels",6443,1,1182.00819059481,16841.9443369878,3621.59338898899,"all_pixels",6443
"1409_d",4849,FALSE,"all_pixels",6.25977842490584,5.62447182129004,3.525142936608,103.217791863447,"squared_euclidean_pc1_pc3",435.053356613218,"all_pixels",4794,1,1663.81888454012,18658.5885077181,4368.58521872494,"all_pixels",4794
"1410_a",7817,FALSE,"all_pixels",5.44080136743379,4.75529755063025,3.19051580030066,79.5608167597088,"squared_euclidean_pc1_pc3",470.959742262335,"all_pixels",7765,1,1023.20932019899,12146.0716576178,2997.17135341062,"all_pixels",7765
"1410_b",6576,FALSE,"all_pixels",5.79376061702247,5.10273634435604,3.50051524107386,91.638811314597,"squared_euclidean_pc1_pc3",433.391049186104,"all_pixels",6499,1,1254.49606252418,16892.1735058123,3697.4666018232,"all_pixels",6499
"1410_c",8642,FALSE,"all_pixels",5.50193004122843,4.82770103263616,3.25024235132374,81.6681742199409,"squared_euclidean_pc1_pc3",457.265391823934,"all_pixels",8436,1,1279.40975678033,15959.1021220898,3618.09002098302,"all_pixels",8436
"1410_d",7848,FALSE,"all_pixels",5.12671070169619,4.6525804454824,2.69664424769134,67.1082524519588,"squared_euclidean_pc1_pc3",371.36895126565,"all_pixels",7781,1,735.779689056873,8805.93286369124,2316.99064395284,"all_pixels",7781
"1411_a",6734,FALSE,"all_pixels",7.30047096916152,6.8037671968694,3.54101259822945,131.6675691663,"squared_euclidean_pc1_pc3",593.523726353256,"all_pixels",6733,1,1274.64833679683,18857.2758684854,3838.10659629452,"all_pixels",6733
"1411_b",7161,FALSE,"all_pixels",7.82103431057141,6.91111183843281,4.49120729671434,162.673407783585,"squared_euclidean_pc1_pc3",668.911280068835,"all_pixels",7127,1,1447.43030356102,20765.1537441345,4219.9898779919,"all_pixels",7127
"1411_c",7185,FALSE,"all_pixels",6.9534208771313,6.34060896883575,3.51255065159292,121.372713568525,"squared_euclidean_pc1_pc3",576.423110778285,"all_pixels",7166,1,1659.03973953415,24226.8394829827,4675.27268034232,"all_pixels",7166
"1411_d",7317,FALSE,"all_pixels",7.47767456603939,6.89922403691325,3.66145868554846,138.640128823377,"squared_euclidean_pc1_pc3",629.87911919786,"all_pixels",7171,1,1418.96816970985,22557.8326424875,4289.97742469078,"all_pixels",7171
"1412_a",7419,FALSE,"all_pixels",7.21980701481132,6.42148899594695,4.2012626951758,139.547684912376,"squared_euclidean_pc1_pc3",639.635203042195,"all_pixels",7368,1,2403.36428122229,40650.1212355003,6874.14941496107,"all_pixels",7368
"1412_b",6375,FALSE,"all_pixels",6.43653234471383,5.76613956946857,3.68093709660718,109.952242307324,"squared_euclidean_pc1_pc3",502.467394994479,"all_pixels",6348,1,1625.27060233626,22858.5551274573,4689.64209259976,"all_pixels",6348
"1412_c",4966,FALSE,"all_pixels",6.33428632197912,5.48010896185846,3.98625164028919,112.020371098917,"squared_euclidean_pc1_pc3",462.780948699531,"all_pixels",4964,1,1832.56483142375,20466.9795873941,4744.0901447793,"all_pixels",4964
"1412_d",5758,FALSE,"all_pixels",7.21636968718737,6.34456879721855,4.24915686073148,140.256379587746,"squared_euclidean_pc1_pc3",538.928016491756,"all_pixels",5622,1,1825.60716216946,25089.4152838886,5146.88549421892,"all_pixels",5622
"1413_a",6573,FALSE,"all_pixels",6.88326700504404,6.25443043278607,3.79246995480078,123.52000970556,"squared_euclidean_pc1_pc3",542.787922084884,"all_pixels",6472,1,1602.41438454288,24257.6462856349,4658.71899852429,"all_pixels",6472
"1413_b",7847,FALSE,"all_pixels",6.62642312407139,5.8628089706807,3.88789145739851,118.046514201393,"squared_euclidean_pc1_pc3",578.367696017076,"all_pixels",7847,1,2125.48687948853,24030.4472661405,5487.03737355376,"all_pixels",7847
"1413_c",6837,FALSE,"all_pixels",7.91930958709432,7.10535353263575,4.43938226663019,164.841393355762,"squared_euclidean_pc1_pc3",663.527702192863,"all_pixels",6835,1,1602.96976389359,26661.9401589873,4979.00839643378,"all_pixels",6835
"1413_d",6339,FALSE,"all_pixels",7.86500929339261,7.14406349404738,4.48382646972065,163.919798814342,"squared_euclidean_pc1_pc3",611.091969930758,"all_pixels",6315,1,2275.45617252721,34408.2525663266,6253.49464833918,"all_pixels",6315
"1414_a",NA,TRUE,"manual_excluded",NA,NA,NA,NA,"squared_euclidean_pc1_pc3",NA,"manual_excluded",NA,1,NA,NA,NA,"manual_excluded",NA
"1414_b",NA,TRUE,"manual_excluded",NA,NA,NA,NA,"squared_euclidean_pc1_pc3",NA,"manual_excluded",NA,1,NA,NA,NA,"manual_excluded",NA
"1414_c",NA,TRUE,"manual_excluded",NA,NA,NA,NA,"squared_euclidean_pc1_pc3",NA,"manual_excluded",NA,1,NA,NA,NA,"manual_excluded",NA
"1414_d",NA,TRUE,"manual_excluded",NA,NA,NA,NA,"squared_euclidean_pc1_pc3",NA,"manual_excluded",NA,1,NA,NA,NA,"manual_excluded",NA
"1415_a",7524,FALSE,"all_pixels",6.83812605014993,6.20186725055824,3.65449471762524,120.227048976206,"squared_euclidean_pc1_pc3",590.93695641006,"all_pixels",7524,1,1675.98151675297,19579.4362852441,4380.44581510458,"all_pixels",7524
"1415_b",8154,FALSE,"all_pixels",8.63746774022457,7.79849621324803,4.73442746539544,194.035806910104,"squared_euclidean_pc1_pc3",835.645736283307,"all_pixels",8089,1,1933.29871181384,29976.9218815302,5426.22072228352,"all_pixels",8089
"1415_c",7996,FALSE,"all_pixels",7.40627128496665,6.40772971057933,4.34396652760416,147.4410792077,"squared_euclidean_pc1_pc3",686.850419378756,"all_pixels",7996,1,2168.18615437919,36245.3601367132,6162.65042646546,"all_pixels",7996
"1415_d",7649,FALSE,"all_pixels",6.71156667973826,6.06517019867638,3.8239145438703,119.331076141614,"squared_euclidean_pc1_pc3",536.850638908552,"all_pixels",7649,1,2170.72954966684,33178.81743185,6044.06726813301,"all_pixels",7649
"1416_a",7980,FALSE,"all_pixels",6.95439886511924,6.16774843006739,3.99816205379479,128.693920426348,"squared_euclidean_pc1_pc3",615.886762309784,"all_pixels",7980,1,2253.15331937565,35009.4239778593,6306.14360605859,"all_pixels",7980
"1416_b",7900,FALSE,"all_pixels",7.93927809655699,6.99555362322182,4.78593800258643,171.868879732682,"squared_euclidean_pc1_pc3",756.569792521209,"all_pixels",7900,1,2755.83921971014,62686.0484323094,8831.88975395825,"all_pixels",7900
"1416_c",8666,FALSE,"all_pixels",9.88379275513764,8.57867050402657,7.61289055036648,311.277548002656,"squared_euclidean_pc1_pc3",895.357174041813,"all_pixels",8666,1,6004.30839870499,129921.757927165,16124.1129467714,"all_pixels",8666
"1416_d",8612,FALSE,"all_pixels",8.43629984041873,7.5325642708203,4.69362928779683,186.397505624177,"squared_euclidean_pc1_pc3",809.459443083514,"all_pixels",8612,1,1943.62025731187,30169.9113544535,5488.61620669291,"all_pixels",8612
"1417_a",8438,FALSE,"all_pixels",7.7900575570855,6.66666171392051,5.07901934358527,172.956754121659,"squared_euclidean_pc1_pc3",789.082504550835,"all_pixels",8375,1,3764.89701875791,61301.8943168802,9502.96920385734,"all_pixels",8375
"1417_b",9086,FALSE,"all_pixels",8.37503875147814,7.4154654745019,4.65838592369711,183.678890303229,"squared_euclidean_pc1_pc3",810.483989402552,"all_pixels",9082,1,2333.19938765913,38605.4147259395,6627.01609257809,"all_pixels",9082
"1417_c",7513,FALSE,"all_pixels",9.60880114309877,8.66341400307818,5.29621854442399,240.750513517135,"squared_euclidean_pc1_pc3",919.957129687269,"all_pixels",7434,1,2990.64293397895,55174.819294944,8548.57398810038,"all_pixels",7434
"1417_d",8364,FALSE,"all_pixels",9.53404480021221,8.43940566883836,5.7477353663408,247.861044507857,"squared_euclidean_pc1_pc3",904.940923392677,"all_pixels",8322,1,3834.36616783004,80041.2759323036,10796.124296279,"all_pixels",8322
"1418_a",NA,TRUE,"manual_excluded",NA,NA,NA,NA,"squared_euclidean_pc1_pc3",NA,"manual_excluded",NA,1,NA,NA,NA,"manual_excluded",NA
"1418_b",NA,TRUE,"manual_excluded",NA,NA,NA,NA,"squared_euclidean_pc1_pc3",NA,"manual_excluded",NA,1,NA,NA,NA,"manual_excluded",NA
"1418_c",NA,TRUE,"manual_excluded",NA,NA,NA,NA,"squared_euclidean_pc1_pc3",NA,"manual_excluded",NA,1,NA,NA,NA,"manual_excluded",NA
"1418_d",NA,TRUE,"manual_excluded",NA,NA,NA,NA,"squared_euclidean_pc1_pc3",NA,"manual_excluded",NA,1,NA,NA,NA,"manual_excluded",NA
"1419_a",NA,TRUE,"manual_excluded",NA,NA,NA,NA,"squared_euclidean_pc1_pc3",NA,"manual_excluded",NA,1,NA,NA,NA,"manual_excluded",NA
"1422_c",NA,TRUE,"manual_excluded",NA,NA,NA,NA,"squared_euclidean_pc1_pc3",NA,"manual_excluded",NA,1,NA,NA,NA,"manual_excluded",NA
"1423_a",NA,TRUE,"manual_excluded",NA,NA,NA,NA,"squared_euclidean_pc1_pc3",NA,"manual_excluded",NA,1,NA,NA,NA,"manual_excluded",NA
"1423_b",NA,TRUE,"manual_excluded",NA,NA,NA,NA,"squared_euclidean_pc1_pc3",NA,"manual_excluded",NA,1,NA,NA,NA,"manual_excluded",NA
"1423_c",NA,TRUE,"manual_excluded",NA,NA,NA,NA,"squared_euclidean_pc1_pc3",NA,"manual_excluded",NA,1,NA,NA,NA,"manual_excluded",NA
"1423_d",NA,TRUE,"manual_excluded",NA,NA,NA,NA,"squared_euclidean_pc1_pc3",NA,"manual_excluded",NA,1,NA,NA,NA,"manual_excluded",NA
"1424_a",NA,TRUE,"manual_excluded",NA,NA,NA,NA,"squared_euclidean_pc1_pc3",NA,"manual_excluded",NA,1,NA,NA,NA,"manual_excluded",NA
"1424_b",NA,TRUE,"manual_excluded",NA,NA,NA,NA,"squared_euclidean_pc1_pc3",NA,"manual_excluded",NA,1,NA,NA,NA,"manual_excluded",NA
"1424_c",NA,TRUE,"manual_excluded",NA,NA,NA,NA,"squared_euclidean_pc1_pc3",NA,"manual_excluded",NA,1,NA,NA,NA,"manual_excluded",NA
"15_a",8173,FALSE,"all_pixels",8.49179659295827,6.37400542672772,9.8683683833065,338.966777017745,"squared_euclidean_pc1_pc3",632.02304749295,"all_pixels",8171,1,5656.90780046024,100177.022864281,14805.9276686926,"all_pixels",8171
"15_b",8406,FALSE,"all_pixels",7.39004389519692,6.79552475165137,3.56639308471936,134.660790605579,"squared_euclidean_pc1_pc3",609.929628201786,"all_pixels",8390,1,1230.21424365424,15914.4990932005,3547.03377882388,"all_pixels",8390
"15_c",9006,FALSE,"all_pixels",9.72353223329102,7.82100591114411,8.76805408882062,342.834630402859,"squared_euclidean_pc1_pc3",840.579292750659,"all_pixels",9006,1,4742.36834541628,70373.3622814747,12153.28149416,"all_pixels",9006
"15_d",8448,FALSE,"all_pixels",5.89860910858655,4.81950402810944,4.58884422567126,111.697176285208,"squared_euclidean_pc1_pc3",517.046900634522,"all_pixels",8313,1,2152.96633946493,29698.6977809764,5694.58302095658,"all_pixels",8313
"1500_a",8419,FALSE,"all_pixels",7.16098914465963,6.3149666049667,4.41380079301438,141.518177923724,"squared_euclidean_pc1_pc3",673.210611138104,"all_pixels",8389,1,1807.02414116775,25729.7701667523,5235.59944055032,"all_pixels",8389
"1500_b",6476,FALSE,"all_pixels",7.09362795354293,6.58879060712396,3.58946803170915,126.403697501808,"squared_euclidean_pc1_pc3",537.675709884349,"all_pixels",6461,1,1438.28241325691,20979.7566990589,4237.95073635891,"all_pixels",6461
"1500_c",6116,FALSE,"all_pixels",6.33090073247908,5.5609574093346,3.87621944337794,110.205849148161,"squared_euclidean_pc1_pc3",469.126865164736,"all_pixels",6098,1,1705.05230868369,21978.7017090529,4690.85375581378,"all_pixels",6098
"1500_d",7896,FALSE,"all_pixels",9.59087086422597,8.44672092041902,5.64379794675903,247.666450398413,"squared_euclidean_pc1_pc3",936.637430796077,"all_pixels",7819,1,2937.33460523081,47859.9119418858,7851.80090176432,"all_pixels",7819
"1501_a",7942,FALSE,"all_pixels",7.32469096108995,6.51225743780217,4.19485034345604,142.491302839515,"squared_euclidean_pc1_pc3",663.461146564247,"all_pixels",7790,1,1595.84236194801,26239.671424541,4866.29654464905,"all_pixels",7790
"1501_b",6500,FALSE,"all_pixels",6.51730628706898,6.0310351387974,3.57737205535851,110.541806403605,"squared_euclidean_pc1_pc3",493.650043555133,"all_pixels",6469,1,1788.93696384775,22795.7233753861,5085.87684551184,"all_pixels",6469
"1501_c",7151,FALSE,"all_pixels",7.18020949943294,6.63711007529502,3.59447487181921,128.947702569332,"squared_euclidean_pc1_pc3",556.311081169706,"all_pixels",6975,1,1354.84603077939,23280.1889955225,4599.3043419958,"all_pixels",6975
"1501_d",7494,FALSE,"all_pixels",5.89477680529055,5.39513253960064,3.10717526640725,88.8032868359419,"squared_euclidean_pc1_pc3",439.436050293974,"all_pixels",7409,1,813.549936991847,8301.35355691454,2312.76455253002,"all_pixels",7409
"1502_a",6159,FALSE,"all_pixels",5.87174846261793,5.37625926551171,3.03942521066684,87.4280713670554,"squared_euclidean_pc1_pc3",420.021777105367,"all_pixels",6152,1,961.32443622809,12229.3678525804,2912.21230312061,"all_pixels",6152
"1502_b",4312,FALSE,"all_pixels",6.55484746912211,6.16180685100722,3.25598972907772,107.130071725165,"squared_euclidean_pc1_pc3",438.660954577571,"all_pixels",4194,1,1067.70722770557,15880.0099715731,3465.22370387738,"all_pixels",4194
"1502_c",7309,FALSE,"all_pixels",6.2220811828723,5.33969125689168,3.97584075903858,109.038882537911,"squared_euclidean_pc1_pc3",550.750005054031,"all_pixels",7190,1,1536.44037636567,25027.6517900815,4815.74821494512,"all_pixels",7190
"1502_d",7435,FALSE,"all_pixels",5.56346334087032,5.06251228852416,2.95933163033091,79.4171802984834,"squared_euclidean_pc1_pc3",431.850339933943,"all_pixels",7411,1,902.185109467013,10030.1482904616,2615.02154117535,"all_pixels",7411
"1503_a",7037,FALSE,"all_pixels",5.82088514554565,5.23083944425394,3.32502894899956,89.8739005823865,"squared_euclidean_pc1_pc3",440.783795761884,"all_pixels",6990,1,1552.49372655285,18174.7752551559,4144.4585374726,"all_pixels",6990
"1503_b",7166,FALSE,"all_pixels",6.3469023656738,5.73721665584835,3.57328495858701,106.099506473061,"squared_euclidean_pc1_pc3",520.99322171486,"all_pixels",7115,1,1512.82724786982,25129.3451731886,4730.18872826746,"all_pixels",7115
"1503_c",8485,FALSE,"all_pixels",6.03296653649716,5.32932141065904,3.55962987681775,98.1323135067584,"squared_euclidean_pc1_pc3",557.889987454783,"all_pixels",8439,1,1520.98404660569,25186.8732361695,4683.36437577007,"all_pixels",8439
"1503_d",8308,FALSE,"all_pixels",7.19976741394164,6.56536854247468,3.99720427905054,135.624739399706,"squared_euclidean_pc1_pc3",621.492124177422,"all_pixels",8274,1,1928.09088778702,30515.3316243611,5499.55839260593,"all_pixels",8274
"1504_a",7306,FALSE,"all_pixels",6.26606040837788,5.31029252222431,4.28572079865408,115.256803578402,"squared_euclidean_pc1_pc3",558.742665640126,"all_pixels",7287,1,2323.06098004504,37749.3930547583,6428.49155439557,"all_pixels",7287
"1504_b",8440,FALSE,"all_pixels",7.56553632359504,6.36533158732121,5.34814207721368,171.673149210489,"squared_euclidean_pc1_pc3",682.131748050843,"all_pixels",8405,1,3107.57930187596,62841.7557296866,9030.80471041034,"all_pixels",8405
"1504_c",7966,FALSE,"all_pixels",6.04564969634476,4.92590582184509,4.67020152089808,116.715849024997,"squared_euclidean_pc1_pc3",512.255990235994,"all_pixels",7923,1,3517.39316911504,69420.2610012244,9807.72609952809,"all_pixels",7923
"1504_d",7338,FALSE,"all_pixels",6.5151953785461,5.6570023418409,4.05279933924634,117.741429863264,"squared_euclidean_pc1_pc3",555.329730151263,"all_pixels",7322,1,2033.33337762053,37550.2764742443,6191.37356904236,"all_pixels",7322
"1505_a",7667,FALSE,"all_pixels",6.71450059495078,5.64760737041348,4.94872650147817,139.142436061813,"squared_euclidean_pc1_pc3",560.809542094928,"all_pixels",7667,1,5169.46712428845,106449.380322048,14099.1893360065,"all_pixels",7667
"1505_b",7470,FALSE,"all_pixels",8.5907498523369,7.57704948436178,5.12677596706531,200.16259251331,"squared_euclidean_pc1_pc3",784.99580654519,"all_pixels",7431,1,3438.84956190273,70437.1570134011,9806.94534012457,"all_pixels",7431
"1505_c",6423,FALSE,"all_pixels",5.88326876189937,5.06424799607636,3.54796021606311,94.3978263685513,"squared_euclidean_pc1_pc3",489.185156882896,"all_pixels",6355,1,1217.14201898104,21876.9078590242,4338.04445570564,"all_pixels",6355
"1505_d",7487,FALSE,"all_pixels",6.97179683653927,5.93032566921073,4.69580327233724,141.307148643418,"squared_euclidean_pc1_pc3",611.507293314149,"all_pixels",7457,1,2898.31638413328,57253.5222430226,8565.32345688212,"all_pixels",7457
"1506_a",6840,FALSE,"all_pixels",7.33929865047014,6.31111321935644,5.16527515519688,161.082943030067,"squared_euclidean_pc1_pc3",599.640230858881,"all_pixels",6748,1,3646.82980553836,66894.3984565115,10070.5133858316,"all_pixels",6748
"1506_b",6516,FALSE,"all_pixels",7.65144055247487,5.9066829321816,8.29884656470792,254.809654667605,"squared_euclidean_pc1_pc3",518.469034149062,"all_pixels",6509,1,3558.41108026943,48455.3017226993,9069.86514039797,"all_pixels",6509
"1506_c",5741,FALSE,"all_pixels",6.71077316985539,5.8907558857434,4.15010352664609,124.509671513099,"squared_euclidean_pc1_pc3",512.678498127985,"all_pixels",5714,1,2507.48847124558,45603.4857748553,7325.15019904071,"all_pixels",5714
"1506_d",7017,FALSE,"all_pixels",4.88356229502042,4.33632495081809,2.96103159035822,65.2312785464145,"squared_euclidean_pc1_pc3",320.221026744897,"all_pixels",7008,1,1055.70604548578,10738.9576830125,2889.85907849141,"all_pixels",7008
"1507_a",7272,FALSE,"all_pixels",5.18414082338299,4.7821059452832,2.40449264486499,65.3122118169005,"squared_euclidean_pc1_pc3",357.542318301604,"all_pixels",7144,1,595.040869383741,6904.30937377699,1920.09890693276,"all_pixels",7144
"1507_b",5234,FALSE,"all_pixels",6.77423820792152,6.05089914968881,3.93174282782732,122.691902930295,"squared_euclidean_pc1_pc3",489.693295278096,"all_pixels",5234,1,1527.68426896574,28575.2692553988,5099.49098565941,"all_pixels",5234
"1507_c",5961,FALSE,"all_pixels",6.54048566294406,5.85252491715701,3.71716875617236,113.185956623449,"squared_euclidean_pc1_pc3",503.116539945914,"all_pixels",5961,1,1641.29529915538,22037.4064985062,4525.83393040495,"all_pixels",5961
"1507_d",8216,FALSE,"all_pixels",8.39722975111805,6.70773623797913,6.76621399327758,232.579094080625,"squared_euclidean_pc1_pc3",748.423168906503,"all_pixels",8104,1,1928.55881143896,23571.2755198674,5203.04988169027,"all_pixels",8104
"1508_a",8470,FALSE,"all_pixels",11.9591428382869,8.56617809606402,9.77292093983847,477.039609711242,"squared_euclidean_pc1_pc3",996.38703279459,"all_pixels",8387,1,4485.88795885448,68077.6719585671,11258.146563483,"all_pixels",8387
"1508_b",7162,FALSE,"all_pixels",6.36796644595154,5.66548561048477,3.81182737874962,110.15799171066,"squared_euclidean_pc1_pc3",554.27519714032,"all_pixels",7076,1,2050.30591642927,30312.6561463358,5677.38732708903,"all_pixels",7076
"1508_c",4505,FALSE,"all_pixels",7.31416306694749,6.39002211654887,4.30015424468881,143.968406550066,"squared_euclidean_pc1_pc3",547.929706671619,"all_pixels",4451,1,1414.02223197529,21565.5008859275,4211.78705008231,"all_pixels",4451
"1508_d",8274,FALSE,"all_pixels",8.9041119789785,7.5946487286729,5.58685342281935,220.984737781896,"squared_euclidean_pc1_pc3",881.049778065688,"all_pixels",8274,1,2650.31185978371,45520.3408519056,7279.07942840736,"all_pixels",8274
"1509_a",7283,FALSE,"all_pixels",8.1359740044032,6.8080172646686,5.2908828690113,188.367341729787,"squared_euclidean_pc1_pc3",737.518463773333,"all_pixels",7254,1,2308.19814301748,46236.6484347698,7117.29021735709,"all_pixels",7254
"1509_b",6686,FALSE,"all_pixels",8.4916990443584,7.56857386328364,4.8818748772841,191.87618081863,"squared_euclidean_pc1_pc3",706.070689853545,"all_pixels",6625,1,2082.92153522648,27945.3250320334,5692.33098468135,"all_pixels",6625
"1509_c",3385,FALSE,"all_pixels",6.24264453872288,5.72762107828148,3.31314328846922,99.888572949651,"squared_euclidean_pc1_pc3",404.760058589374,"all_pixels",3344,1,1049.5168061581,12605.0155228811,3063.37010477663,"all_pixels",3344
"1509_d",7691,FALSE,"all_pixels",6.67031099138836,6.24861661623212,3.33904008325498,111.281575516905,"squared_euclidean_pc1_pc3",503.424682538256,"all_pixels",7584,1,1290.96921897365,18048.3443428844,3811.53819668913,"all_pixels",7584
"1510_a",6794,FALSE,"all_pixels",6.16613971167024,5.37601321572234,3.90527703034251,106.540445649968,"squared_euclidean_pc1_pc3",533.71141374658,"all_pixels",6773,1,1964.23348465831,33015.8568584737,5875.34512751523,"all_pixels",6773
"1510_b",5345,FALSE,"all_pixels",6.80890827304088,6.29485598058914,3.39087690544247,115.714253761178,"squared_euclidean_pc1_pc3",507.813268418736,"all_pixels",5314,1,1109.1638863554,14256.6102532749,3214.13459566959,"all_pixels",5314
"1510_c",7774,FALSE,"all_pixels",5.66803773729491,4.93242791770472,3.46877605712723,88.3150227006431,"squared_euclidean_pc1_pc3",458.893782235835,"all_pixels",7774,1,964.851275028586,11062.5642361541,2929.46947460384,"all_pixels",7774
"1510_d",7623,FALSE,"all_pixels",5.94507345387482,5.17869304052292,3.59058909353377,96.469074339169,"squared_euclidean_pc1_pc3",476.311639519533,"all_pixels",7608,1,1746.23321972365,28348.4374810068,5370.35735144227,"all_pixels",7608
"1511_a",7895,FALSE,"all_pixels",8.68172131246681,7.83385920154929,4.98817995529811,200.50214521305,"squared_euclidean_pc1_pc3",799.569993382746,"all_pixels",7805,1,2468.34293299003,43355.7474151068,7225.01797530643,"all_pixels",7805
"1511_b",7382,FALSE,"all_pixels",7.92188333427581,7.13681186992261,4.22872778989329,161.271903770683,"squared_euclidean_pc1_pc3",643.003089300425,"all_pixels",7317,1,1429.89120408955,19405.9136393074,4081.06433357955,"all_pixels",7317
"1511_c",6613,FALSE,"all_pixels",6.90526979229023,6.17613008205432,3.92117146083624,126.11202295012,"squared_euclidean_pc1_pc3",584.429077918979,"all_pixels",6570,1,1543.90976048818,18826.5837930173,4233.74213617595,"all_pixels",6570
"1511_d",5771,FALSE,"all_pixels",6.8201291492272,6.27147163531437,3.58276642424479,118.696305201929,"squared_euclidean_pc1_pc3",543.221873730464,"all_pixels",5704,1,1224.96189572106,17406.8136133026,3786.89607170321,"all_pixels",5704
"1512_a",8275,FALSE,"all_pixels",6.31215332458657,5.61087895654943,3.8134720516402,108.768182543137,"squared_euclidean_pc1_pc3",525.40111628937,"all_pixels",7953,1,2174.25855143448,29501.9706214249,5923.57740208735,"all_pixels",7953
"1512_b",7877,FALSE,"all_pixels",6.61812125676696,6.15248886449086,3.36630581616255,110.260210393104,"squared_euclidean_pc1_pc3",523.667274587402,"all_pixels",7712,1,1204.62207338239,15053.2144872,3499.17229201685,"all_pixels",7712
"1512_c",7413,FALSE,"all_pixels",7.43814726276132,6.73310630286964,3.92728835439777,141.495095813621,"squared_euclidean_pc1_pc3",617.432817952274,"all_pixels",7015,1,1632.42131036599,22840.4977079599,4566.74129761053,"all_pixels",7015
"1512_d",7885,FALSE,"all_pixels",6.92992582970007,6.40348694523741,3.65065519749293,122.698930337954,"squared_euclidean_pc1_pc3",539.998301358481,"all_pixels",7790,1,1398.66083896441,19369.7035846183,4023.81793366057,"all_pixels",7790
"1513_a",8700,FALSE,"all_pixels",6.17268087494551,5.43682775383991,3.46035546460314,100.149345593196,"squared_euclidean_pc1_pc3",534.670095172756,"all_pixels",8676,1,1321.00879082726,20458.3361284855,4034.30230306801,"all_pixels",8676
"1513_b",8258,FALSE,"all_pixels",7.86898944639584,7.1750573961935,4.26320592562951,160.187437569643,"squared_euclidean_pc1_pc3",746.455863955715,"all_pixels",8218,1,1804.58997159656,28978.212594043,5275.2294951029,"all_pixels",8218
"1513_c",7703,FALSE,"all_pixels",9.24103577411128,8.12858325974602,6.2219968923194,248.209923540635,"squared_euclidean_pc1_pc3",795.143071067831,"all_pixels",7678,1,3456.79522978091,61250.5389893192,9447.97950703316,"all_pixels",7678
"1513_d",6716,FALSE,"all_pixels",7.33409710404623,6.4134122923302,4.71796306880227,152.089683000049,"squared_euclidean_pc1_pc3",627.635168914403,"all_pixels",6692,1,2529.19437046897,43074.7429835917,6992.1450203032,"all_pixels",6692
"1514_a",7027,FALSE,"all_pixels",7.02144031445698,6.14320473384149,4.11486176392734,132.460603700341,"squared_euclidean_pc1_pc3",626.669368812938,"all_pixels",7013,1,1573.04673511957,26646.2689860223,4927.14188838871,"all_pixels",7013
"1514_b",8569,FALSE,"all_pixels",6.14415679084541,5.65565655958177,3.23820005477997,96.4707571178651,"squared_euclidean_pc1_pc3",507.90831810783,"all_pixels",8533,1,1616.41735530168,30423.697247271,5383.29467942136,"all_pixels",8533
"1514_c",7602,FALSE,"all_pixels",6.53508944003429,5.71795858174627,3.99735734902283,117.36831567167,"squared_euclidean_pc1_pc3",554.648807091787,"all_pixels",7557,1,1817.03973724296,32011.5504261192,5822.01190398024,"all_pixels",7557
"1514_d",7252,FALSE,"all_pixels",7.37171249659788,6.12338688873249,5.29256557453743,164.699065876138,"squared_euclidean_pc1_pc3",586.136373764171,"all_pixels",7132,1,3045.83998247005,64923.3284228548,9037.62352689665,"all_pixels",7132
"1515_a",6499,FALSE,"all_pixels",7.00844082675132,6.24591961280067,3.92258126514019,129.005038127,"squared_euclidean_pc1_pc3",567.310882512753,"all_pixels",6492,1,1422.82031193052,25469.3925628346,4709.53066649097,"all_pixels",6492
"1515_b",6596,FALSE,"all_pixels",6.23211332765384,5.48261222966633,3.50387496560198,102.229030005078,"squared_euclidean_pc1_pc3",486.164506378539,"all_pixels",6596,1,1148.73814983209,14346.0190625932,3398.09656369974,"all_pixels",6596
"1515_c",7528,FALSE,"all_pixels",5.95936279638043,5.40719946157841,3.07975481755866,89.9952694540013,"squared_euclidean_pc1_pc3",441.820609261238,"all_pixels",7528,1,1005.70436632843,12254.6275806211,2958.80671263284,"all_pixels",7528
"1515_d",5040,FALSE,"all_pixels",6.58975798554711,5.88695116605165,3.72803736334822,114.64083059764,"squared_euclidean_pc1_pc3",470.166871093091,"all_pixels",5040,1,1499.95732320538,17789.9467319174,3965.97343267948,"all_pixels",5040
"1516_a",8127,FALSE,"all_pixels",4.12646328401689,3.68822243391611,2.41185702404393,45.6880755396273,"squared_euclidean_pc1_pc3",284.643870214267,"all_pixels",8120,1,687.726375212922,7085.4335864767,2091.69263654067,"all_pixels",8120
"1516_b",7623,FALSE,"all_pixels",6.19098689469712,5.54972918719049,3.55044650771599,101.864670996095,"squared_euclidean_pc1_pc3",545.322398540193,"all_pixels",7619,1,1423.45891318117,21494.0536343284,4306.3210390307,"all_pixels",7619
"1516_c",8358,FALSE,"all_pixels",7.65470849010144,7.05510789790508,4.1293117143325,151.287474390887,"squared_euclidean_pc1_pc3",677.078763053928,"all_pixels",8345,1,2202.55591077829,31495.9357157145,5850.64926942079,"all_pixels",8345
"1516_d",7199,FALSE,"all_pixels",6.23165077689353,5.55575906243815,3.46610433643411,101.691363700161,"squared_euclidean_pc1_pc3",458.800090539143,"all_pixels",7161,1,1966.99248778382,27656.6047923923,5383.14268260476,"all_pixels",7161
"1517_a",8832,FALSE,"all_pixels",6.60707400138647,5.95931079844207,3.57367597477197,112.846281644998,"squared_euclidean_pc1_pc3",591.136464629817,"all_pixels",8832,1,1439.92294731743,18933.4755967612,4049.14080901088,"all_pixels",8832
"1517_b",8864,FALSE,"all_pixels",6.81293849526358,6.02002864010562,3.83853953593579,122.297708872848,"squared_euclidean_pc1_pc3",642.206322676682,"all_pixels",8852,1,1197.75077005116,16285.5460623417,3577.89418525898,"all_pixels",8852
"1517_c",8769,FALSE,"all_pixels",9.35105530340032,8.44649483472248,5.6652606753928,239.067507469175,"squared_euclidean_pc1_pc3",936.58428629964,"all_pixels",8752,1,3637.06563958491,70701.1977306346,10257.3913017306,"all_pixels",8752
"1517_d",9014,FALSE,"all_pixels",6.16520893118783,5.43770308882372,3.55098223377963,101.235754226178,"squared_euclidean_pc1_pc3",605.632699010232,"all_pixels",8990,1,1287.39290036898,17358.7517982689,3678.60829869167,"all_pixels",8990
"1518_a",8791,FALSE,"all_pixels",7.35165427418986,6.47656347935728,4.20219113443284,143.406444411277,"squared_euclidean_pc1_pc3",706.769200158258,"all_pixels",8744,1,2018.66444213717,33117.0084336637,5665.47053609358,"all_pixels",8744
"1518_b",8856,FALSE,"all_pixels",7.98895977579253,7.19998720962594,4.4448992173886,167.156752841016,"squared_euclidean_pc1_pc3",781.375297159502,"all_pixels",8769,1,2582.04817278555,44424.3771024963,7313.6488002099,"all_pixels",8769
"1518_c",9494,FALSE,"all_pixels",13.0076262939496,10.977279646417,9.54733152333362,520.680560113714,"squared_euclidean_pc1_pc3",1202.97040591586,"all_pixels",9483,1,4137.5726047405,58511.1035939861,10463.4056421919,"all_pixels",9483
"1518_d",9093,FALSE,"all_pixels",6.66830949475062,5.78225360806444,4.17031852419419,123.711990959397,"squared_euclidean_pc1_pc3",618.98505095129,"all_pixels",9049,1,2047.91831245247,35031.4669198146,5937.63414654397,"all_pixels",9049
"1519_a",NA,TRUE,"manual_excluded",NA,NA,NA,NA,"squared_euclidean_pc1_pc3",NA,"manual_excluded",NA,1,NA,NA,NA,"manual_excluded",NA
"1519_b",NA,TRUE,"manual_excluded",NA,NA,NA,NA,"squared_euclidean_pc1_pc3",NA,"manual_excluded",NA,1,NA,NA,NA,"manual_excluded",NA
"1519_d",NA,TRUE,"manual_excluded",NA,NA,NA,NA,"squared_euclidean_pc1_pc3",NA,"manual_excluded",NA,1,NA,NA,NA,"manual_excluded",NA
"1520_a",NA,TRUE,"manual_excluded",NA,NA,NA,NA,"squared_euclidean_pc1_pc3",NA,"manual_excluded",NA,1,NA,NA,NA,"manual_excluded",NA
"16_a",9120,FALSE,"all_pixels",6.72436438511393,5.41761162106012,5.59588241451157,153.055085678324,"squared_euclidean_pc1_pc3",611.851201757975,"all_pixels",9037,1,2443.43429755728,36636.4535805253,6792.06105664251,"all_pixels",9037
"16_b",8785,FALSE,"all_pixels",10.9739596412238,8.00094964942667,11.854582900571,521.885858478696,"squared_euclidean_pc1_pc3",793.424481371813,"all_pixels",8742,1,4066.73415998307,60678.9765789252,10913.5503534552,"all_pixels",8742
"16_c",9015,FALSE,"all_pixels",9.50279722566422,7.02134834884867,9.20005214220711,349.869451257092,"squared_euclidean_pc1_pc3",776.873068444444,"all_pixels",8967,1,3840.28319466486,52592.9119352989,9552.85868630186,"all_pixels",8967
"16_d",8884,FALSE,"all_pixels",8.18814344326048,6.83331117848218,6.56640783993342,220.317103111562,"squared_euclidean_pc1_pc3",748.686457977577,"all_pixels",8869,1,3262.87382042746,43556.6862648326,8253.75898594626,"all_pixels",8869
"1600_a",8528,FALSE,"all_pixels",7.38423409724486,6.36143266343724,5.48523911778476,169.222466514807,"squared_euclidean_pc1_pc3",709.216099258632,"all_pixels",8464,1,4396.05484956339,68967.4897221776,11598.7562283036,"all_pixels",8464
"1600_b",9087,FALSE,"all_pixels",7.8856630890494,6.52785996636411,5.44276326989208,183.608188720717,"squared_euclidean_pc1_pc3",751.33606987908,"all_pixels",9030,1,2447.70380768534,39636.2012408032,6729.86085944524,"all_pixels",9030
"1600_c",8710,FALSE,"all_pixels",9.73185333629691,8.01255190376652,7.64345049413429,306.249194628549,"squared_euclidean_pc1_pc3",905.072972131709,"all_pixels",8632,1,4435.69448228275,98409.9048263652,12767.0491297574,"all_pixels",8632
"1600_d",8484,FALSE,"all_pixels",8.05611397658843,6.93526773367433,5.19068434867578,183.682001289501,"squared_euclidean_pc1_pc3",795.929212168567,"all_pixels",8367,1,3159.39345976475,59219.6232526066,8860.47093421092,"all_pixels",8367
"1601_a",9101,FALSE,"all_pixels",9.27481658184911,7.78667677036869,6.09913248556768,246.435104609169,"squared_euclidean_pc1_pc3",974.613525821332,"all_pixels",9086,1,2648.09396416901,47544.2313470864,7500.41865203,"all_pixels",9086
"1601_b",8504,FALSE,"all_pixels",7.96870979850749,7.00657239881812,4.65754186269345,170.38096234816,"squared_euclidean_pc1_pc3",708.432888508613,"all_pixels",8394,1,2751.84266845926,53623.0830597493,8079.63828095893,"all_pixels",8394
"1601_c",7029,FALSE,"all_pixels",6.39776504357551,5.85647177990202,3.55069296171081,107.074048863634,"squared_euclidean_pc1_pc3",530.790673123763,"all_pixels",6998,1,1527.62542931329,20477.891717667,4294.83391557031,"all_pixels",6998
"1601_d",8360,FALSE,"all_pixels",8.39502434627581,7.80178811524334,4.17321183530886,175.780095159157,"squared_euclidean_pc1_pc3",755.373701249657,"all_pixels",8338,1,2124.45283030077,41079.7161428299,6455.08232818748,"all_pixels",8338
"1602_a",6962,FALSE,"all_pixels",5.82900097486617,5.26593332635845,3.24685388742699,89.0355966051934,"squared_euclidean_pc1_pc3",483.554553521118,"all_pixels",6927,1,1066.16697916291,12639.1510670317,3025.81669251088,"all_pixels",6927
"1602_b",5953,FALSE,"all_pixels",5.20593571225562,4.70576787112844,2.89980614899356,71.0184595953319,"squared_euclidean_pc1_pc3",358.712254405406,"all_pixels",5940,1,1008.93983535581,9269.89418771977,2724.54090106495,"all_pixels",5940
"1602_c",5839,FALSE,"all_pixels",8.17266509205068,7.20612713493436,4.72505665176283,178.229582883593,"squared_euclidean_pc1_pc3",658.396707386373,"all_pixels",5758,1,2096.49066690199,21594.4522589794,5397.09719155759,"all_pixels",5758
"1602_d",5994,FALSE,"all_pixels",8.20779841635932,7.37984043698326,4.47207922744171,174.728221749503,"squared_euclidean_pc1_pc3",626.004839447943,"all_pixels",5959,1,1747.49248495781,24061.4487557527,4850.96795458332,"all_pixels",5959
"1603_a",7524,FALSE,"all_pixels",6.21180654192151,5.52743313487806,3.67681367622153,104.207405091515,"squared_euclidean_pc1_pc3",506.493060638847,"all_pixels",7524,1,1806.9884158299,24058.5105491697,4920.83443591146,"all_pixels",7524
"1603_b",8960,FALSE,"all_pixels",6.71172193792331,6.06199100284753,3.78349224513519,118.720854611112,"squared_euclidean_pc1_pc3",580.626232975441,"all_pixels",8907,1,1445.30786220876,17653.9316230605,3954.71519463527,"all_pixels",8907
"1603_c",7659,FALSE,"all_pixels",6.79422755118071,6.09122033226552,3.84405540338462,121.872721256897,"squared_euclidean_pc1_pc3",599.424396137278,"all_pixels",7651,1,1602.78192984355,21846.4278356692,4490.57493938796,"all_pixels",7651
"1603_d",7062,FALSE,"all_pixels",6.37639881095227,6.03636638752253,3.12115275948423,100.797353811739,"squared_euclidean_pc1_pc3",504.180776154221,"all_pixels",7044,1,953.975184556708,11816.6998926098,2835.95495132043,"all_pixels",7044
"1604_a",6412,FALSE,"all_pixels",6.10495013375677,5.31953072643463,4.26420397397596,110.902031645472,"squared_euclidean_pc1_pc3",464.212111851756,"all_pixels",6412,1,2674.93827993999,37775.6244293769,7023.80766500789,"all_pixels",6412
"1604_b",6765,FALSE,"all_pixels",6.62025762971369,5.89279274630765,4.0283596511949,120.106187585597,"squared_euclidean_pc1_pc3",553.674126092835,"all_pixels",6752,1,2177.33711964244,37616.6738111791,6543.7008381736,"all_pixels",6752
"1604_c",7229,FALSE,"all_pixels",6.72281405651792,5.83128928422842,4.34928665249445,128.219813001106,"squared_euclidean_pc1_pc3",590.794430425996,"all_pixels",7166,1,2542.68864488635,43870.5651220913,7191.52151711171,"all_pixels",7166
"1604_d",7514,FALSE,"all_pixels",6.35266936451232,5.39169222127645,4.51893330467902,121.548897144438,"squared_euclidean_pc1_pc3",551.008504380888,"all_pixels",7514,1,2016.07063261575,31870.7078359795,5658.4339478206,"all_pixels",7514
"1605_a",7242,FALSE,"all_pixels",7.05222907880269,6.01690872752313,5.24709251842435,154.524226334713,"squared_euclidean_pc1_pc3",599.106173107931,"all_pixels",7242,1,3828.44286529168,73188.8379712326,10723.4416394995,"all_pixels",7242
"1605_b",7956,FALSE,"all_pixels",6.51344474731717,5.57102024503134,4.46027142889927,124.632966380753,"squared_euclidean_pc1_pc3",573.466974374566,"all_pixels",7952,1,2227.57901675576,38878.0398985931,6590.11508339701,"all_pixels",7952
"1605_c",8145,FALSE,"all_pixels",7.63970110412192,6.73107760649296,4.55527037930865,158.225947107574,"squared_euclidean_pc1_pc3",703.789676404486,"all_pixels",8139,1,2334.33317063685,54620.9091312705,7802.18342676574,"all_pixels",8139
"1605_d",7605,FALSE,"all_pixels",7.12812213688471,6.30141662128186,4.27431599200552,138.155000120585,"squared_euclidean_pc1_pc3",635.195836143531,"all_pixels",7603,1,2280.37471725326,44588.7296872648,6819.4249342993,"all_pixels",7603
"1606_a",6771,FALSE,"all_pixels",7.25828482732378,6.28829757136034,4.65276820650717,148.6555068329,"squared_euclidean_pc1_pc3",606.334322255684,"all_pixels",6746,1,2487.24812402355,50785.5126202357,7649.1078890663,"all_pixels",6746
"1606_b",8001,FALSE,"all_pixels",7.88046042970298,6.89116652886307,4.67076737045791,167.829995490807,"squared_euclidean_pc1_pc3",721.893477125062,"all_pixels",7980,1,2622.99421387962,50967.7120162212,7605.84566749432,"all_pixels",7980
"1606_c",7594,FALSE,"all_pixels",8.33555336377359,7.54150088783508,4.3580585106795,176.943245704582,"squared_euclidean_pc1_pc3",722.960910312948,"all_pixels",7519,1,1945.38786041124,35465.4318065866,5942.1934249857,"all_pixels",7519
"1606_d",7666,FALSE,"all_pixels",6.6041104517708,5.42981686416065,4.40276563640694,125.992182991152,"squared_euclidean_pc1_pc3",620.910766565699,"all_pixels",7601,1,1433.41321284376,21883.0098011729,4293.35825759268,"all_pixels",7601
"1607_a",6403,FALSE,"all_pixels",5.27914490439276,4.81421725744466,2.78936274270964,71.2974005830201,"squared_euclidean_pc1_pc3",366.856500374541,"all_pixels",6328,1,685.111663930108,7540.96560678172,2137.67667611526,"all_pixels",6328
"1607_b",6856,FALSE,"all_pixels",6.10906896489778,5.29543963405731,3.75006475910959,102.763316242893,"squared_euclidean_pc1_pc3",505.94558767942,"all_pixels",6764,1,962.873050219052,9945.36891461229,2667.38229660052,"all_pixels",6764
"1607_c",8188,FALSE,"all_pixels",13.4396800348631,11.9829255750187,6.63482324146339,449.28100523464,"squared_euclidean_pc1_pc3",1021.13650812113,"all_pixels",8110,1,2418.46839015947,32905.1269892117,6566.04920735544,"all_pixels",8110
"1607_d",7925,FALSE,"all_pixels",5.71936630183102,5.2485545377988,3.02588666634106,83.7319713641551,"squared_euclidean_pc1_pc3",447.011284295059,"all_pixels",7903,1,1016.97563505125,11600.7880515289,2876.32643458652,"all_pixels",7903
"1608_a",7915,FALSE,"all_pixels",5.42461444133144,4.82191968098894,3.14969604176689,78.691547204412,"squared_euclidean_pc1_pc3",403.16422107691,"all_pixels",7915,1,1029.94567649184,12555.4604826338,3001.4117947652,"all_pixels",7915
"1608_b",8136,FALSE,"all_pixels",6.53403995080804,5.61219557721136,3.84263877810309,114.915471953238,"squared_euclidean_pc1_pc3",583.597851818592,"all_pixels",8136,1,1377.02458032508,19108.9506652851,3956.5304484839,"all_pixels",8136
"1608_c",9068,FALSE,"all_pixels",9.33128197064794,8.66546592091447,4.78361354153144,219.906516491689,"squared_euclidean_pc1_pc3",836.025753899975,"all_pixels",9068,1,1789.08518253237,28367.7132348194,5301.96311107349,"all_pixels",9068
"1608_d",7445,FALSE,"all_pixels",5.61369335091218,5.02549546313498,3.08351383513883,82.0406670062228,"squared_euclidean_pc1_pc3",423.780736689597,"all_pixels",7395,1,960.091532442221,11435.0445776325,2853.43315663356,"all_pixels",7395
"1609_a",8076,FALSE,"all_pixels",5.63341001564623,4.92374634359519,3.43724066617269,87.0969377429716,"squared_euclidean_pc1_pc3",465.678480982756,"all_pixels",7963,1,1627.80554910036,22148.7415815248,4566.07301546949,"all_pixels",7963
"1609_b",9372,FALSE,"all_pixels",5.75635211133919,4.67461530659094,4.2159636421473,101.816085048258,"squared_euclidean_pc1_pc3",582.831014138275,"all_pixels",9261,1,2123.67763219029,31592.4364220899,5841.89453236335,"all_pixels",9261
"1609_c",9357,FALSE,"all_pixels",6.26072863777536,4.85197111522191,5.04617699410987,129.315807914262,"squared_euclidean_pc1_pc3",647.753176190107,"all_pixels",9224,1,2552.4547100319,37807.6795975874,6882.99872495544,"all_pixels",9224
"1609_d",8921,FALSE,"all_pixels",7.12897795718409,6.13457983388215,4.8328942051983,148.35314984679,"squared_euclidean_pc1_pc3",668.852376068647,"all_pixels",8918,1,2296.40696237723,34727.0441543861,6256.69484502837,"all_pixels",8918
"1610_a",9388,FALSE,"all_pixels",8.86289325952274,7.20466659780352,6.16762920750576,233.172950053993,"squared_euclidean_pc1_pc3",893.169131547651,"all_pixels",9207,1,2214.41051220839,32913.2388157416,6196.34467596467,"all_pixels",9207
"1610_b",9489,FALSE,"all_pixels",8.13771880158661,6.26057387881782,6.35293389783804,213.155966164697,"squared_euclidean_pc1_pc3",809.051885497792,"all_pixels",9391,1,3151.36691018966,55355.5878004151,8700.31525751112,"all_pixels",9391
"1610_c",9336,FALSE,"all_pixels",5.94632801017727,5.00741067269892,3.72815563821549,98.5129449973793,"squared_euclidean_pc1_pc3",578.769480553629,"all_pixels",9107,1,1370.9608757156,23946.8010857526,4539.24070585809,"all_pixels",9107
"1610_d",9500,FALSE,"all_pixels",5.92898220727427,4.94094333446109,4.08227298124332,103.632057004035,"squared_euclidean_pc1_pc3",575.663141410639,"all_pixels",9126,1,1700.4987342457,22890.6867784867,4705.49420275576,"all_pixels",9126
"1611_a",9376,FALSE,"all_pixels",7.3355508482406,6.63912165849854,4.17794530495495,142.527343052044,"squared_euclidean_pc1_pc3",739.201546030488,"all_pixels",9312,1,2194.69719933657,41441.5961000604,6796.54141280521,"all_pixels",9312
"1611_b",9441,FALSE,"all_pixels",6.93939908959259,5.98444103338172,4.4351656055831,135.647740268695,"squared_euclidean_pc1_pc3",697.537252640001,"all_pixels",9087,1,1743.99673822459,26419.7848889275,5115.32705499627,"all_pixels",9087
"1611_c",8679,FALSE,"all_pixels",9.44325723403621,8.52033489634594,5.28041354742932,234.109323499113,"squared_euclidean_pc1_pc3",925.28869944797,"all_pixels",8556,1,2657.02012218053,48192.1289532431,7606.65039505737,"all_pixels",8556
"1611_d",8877,FALSE,"all_pixels",9.64343745195619,8.60903249331672,5.53274801064163,247.207476111051,"squared_euclidean_pc1_pc3",857.878565330146,"all_pixels",8624,1,2862.46318048653,56032.814094666,8109.36989325794,"all_pixels",8624
"1612_a",9192,FALSE,"all_pixels",10.4309641907398,9.81536465667033,5.14448479550413,270.535717093793,"squared_euclidean_pc1_pc3",924.259110093276,"all_pixels",8860,1,2225.10141228534,34341.4135966698,6132.40332730126,"all_pixels",8860
"1612_b",6521,FALSE,"all_pixels",8.23772968567904,6.90080096811442,5.15320797433753,188.823340976386,"squared_euclidean_pc1_pc3",712.677561452292,"all_pixels",6291,1,1646.65248131594,24698.0614871346,4738.09188272488,"all_pixels",6291
"1612_c",6615,FALSE,"all_pixels",6.58112807848214,6.05253011751068,3.311231821823,108.547690958624,"squared_euclidean_pc1_pc3",479.073871513641,"all_pixels",6590,1,1262.06102419594,21561.816200372,4558.40426074858,"all_pixels",6590
"1612_d",5781,FALSE,"all_pixels",7.79853631488419,6.77358854753153,4.98210843336534,171.268558957176,"squared_euclidean_pc1_pc3",626.309743711277,"all_pixels",5754,1,1737.00693283219,25984.2927564089,4932.97483342891,"all_pixels",5754
"1613_a",6172,FALSE,"all_pixels",6.681535863285,5.96757762443934,3.66288064817828,116.114884669987,"squared_euclidean_pc1_pc3",482.562460782828,"all_pixels",6150,1,1539.44598265485,19434.5849013944,4315.90280955663,"all_pixels",6150
"1613_b",8546,FALSE,"all_pixels",6.35596414651791,5.61187986153064,3.63570122227049,107.230113766183,"squared_euclidean_pc1_pc3",533.924263123699,"all_pixels",8531,1,1292.46856075512,15545.3140183695,3608.34642232083,"all_pixels",8531
"1613_c",7668,FALSE,"all_pixels",7.38062959655086,6.7820862784044,3.9706263188476,140.475021089437,"squared_euclidean_pc1_pc3",601.390923122808,"all_pixels",7637,1,2148.02716379138,34513.6162546258,6109.68712710106,"all_pixels",7637
"1613_d",7205,FALSE,"all_pixels",7.24853048777664,6.5997562794538,3.97509597415915,136.680778243554,"squared_euclidean_pc1_pc3",589.3434960358,"all_pixels",7205,1,1620.59126925777,24774.5455515524,4723.98666114866,"all_pixels",7205
"1614_a",8450,FALSE,"all_pixels",7.13053862051558,6.26194076147293,4.25093474547846,137.825777429272,"squared_euclidean_pc1_pc3",627.95901574235,"all_pixels",8414,1,2097.31055111235,32445.2919925544,5820.80158066162,"all_pixels",8414
"1614_b",6533,FALSE,"all_pixels",7.90760813788353,7.10408633547296,4.43326090713623,164.362120689067,"squared_euclidean_pc1_pc3",645.774473689396,"all_pixels",6532,1,2198.2828627227,43626.5648912905,6806.65970378154,"all_pixels",6532
"1614_c",7588,FALSE,"all_pixels",6.5746007344662,5.70473935010474,4.10363907252604,120.126018361746,"squared_euclidean_pc1_pc3",582.40433496356,"all_pixels",7547,1,1611.2434363103,30919.0444895033,5288.04369745252,"all_pixels",7547
"1614_d",7715,FALSE,"all_pixels",8.30898391333516,7.23359942736827,5.15151753799526,191.147813612983,"squared_euclidean_pc1_pc3",722.753178773382,"all_pixels",7666,1,3387.77604092604,58712.7886912844,9230.58878507605,"all_pixels",7666
"1615_a",7366,FALSE,"all_pixels",7.52734596513677,6.5846715670811,4.80822288300983,159.553611921482,"squared_euclidean_pc1_pc3",633.137810796217,"all_pixels",7229,1,2691.68762249661,50794.9787407409,7858.71331451587,"all_pixels",7229
"1615_b",7464,FALSE,"all_pixels",7.7718605298261,7.07545379623195,4.19812386827281,156.04739775062,"squared_euclidean_pc1_pc3",679.740111044022,"all_pixels",7402,1,1644.19493684216,33950.3496633095,5589.6977375244,"all_pixels",7402
"1615_c",5933,FALSE,"all_pixels",6.20954346575766,5.4615498141813,3.5554221074429,102.394651570936,"squared_euclidean_pc1_pc3",476.164863475177,"all_pixels",5928,1,1158.23456041924,12772.1823062055,3112.58720369935,"all_pixels",5928
"1615_d",5350,FALSE,"all_pixels",7.30245136132462,6.43425321806333,4.11518024906539,140.514678001476,"squared_euclidean_pc1_pc3",602.421397774893,"all_pixels",5322,1,1575.69916353747,25517.0140863148,4751.17306307885,"all_pixels",5322
"1616_a",8664,FALSE,"all_pixels",6.0007983251211,5.6061436354938,3.04722604969892,90.5881907862688,"squared_euclidean_pc1_pc3",500.884588059369,"all_pixels",8663,1,880.23511541718,10913.9270835117,2693.61131909005,"all_pixels",8663
"1616_b",7671,FALSE,"all_pixels",5.27948816044115,4.65053848882003,2.92496569185747,72.8546084805139,"squared_euclidean_pc1_pc3",408.643708843269,"all_pixels",7659,1,907.114121604385,9893.47258247705,2584.17351131224,"all_pixels",7659
"1616_c",6552,FALSE,"all_pixels",5.75721500583894,5.22275378395885,3.04069025709064,84.7798214436162,"squared_euclidean_pc1_pc3",454.154312954956,"all_pixels",6552,1,975.837987261256,10085.480910142,2672.96864333445,"all_pixels",6552
"1616_d",8288,FALSE,"all_pixels",6.2459985145991,5.65911826399547,3.38110442287776,100.885970470363,"squared_euclidean_pc1_pc3",530.380870942321,"all_pixels",8286,1,1155.4525007734,13625.6131252399,3281.37734950217,"all_pixels",8286
"1617_a",6646,FALSE,"all_pixels",7.82345590223805,7.22605939353069,4.32931251261062,159.893177803027,"squared_euclidean_pc1_pc3",662.188852919265,"all_pixels",6615,1,2217.4796461318,27779.303765051,5634.20512247261,"all_pixels",6615
"1617_b",8213,FALSE,"all_pixels",5.85238664973706,5.3182923214325,3.17279452935216,88.6316578589411,"squared_euclidean_pc1_pc3",494.241414422655,"all_pixels",8213,1,1204.11498261922,15983.4636659636,3573.1723980725,"all_pixels",8213
"1617_c",8620,FALSE,"all_pixels",5.84158194557486,5.22564990924589,3.26095284902075,89.5133189786978,"squared_euclidean_pc1_pc3",500.728060799029,"all_pixels",8620,1,1340.86475898789,15677.3213636506,3648.67531117203,"all_pixels",8620
"1617_d",8154,FALSE,"all_pixels",5.29780877005996,4.85337469082935,2.81975482609644,72.0336398741119,"squared_euclidean_pc1_pc3",388.927314560711,"all_pixels",8141,1,747.40581572462,9352.5965186007,2425.9525315585,"all_pixels",8141
"1618_a",8504,FALSE,"all_pixels",5.72915219958462,4.98943711303972,3.51393114570606,90.3388900680916,"squared_euclidean_pc1_pc3",534.62621513501,"all_pixels",8307,1,1568.25683388927,19979.2551789417,4432.06398247755,"all_pixels",8307
"1618_b",8772,FALSE,"all_pixels",6.69046066502787,5.85814135772849,4.0942850602167,123.047046156978,"squared_euclidean_pc1_pc3",617.568801077432,"all_pixels",8708,1,2280.62266703258,34725.6161083859,6187.15077845281,"all_pixels",8708
"1618_c",8235,FALSE,"all_pixels",7.14321373096987,5.83565985516538,5.43213046809777,161.059921162928,"squared_euclidean_pc1_pc3",638.579011827771,"all_pixels",7930,1,3012.67443384191,49109.7383687369,8179.9511797922,"all_pixels",7930
"1618_d",8701,FALSE,"all_pixels",5.65440745785337,4.89313139582256,3.68695695947904,91.1288260227249,"squared_euclidean_pc1_pc3",493.947489696595,"all_pixels",8577,1,1939.08468832236,27923.0268142286,5551.17499354506,"all_pixels",8577
"1619_a",8387,FALSE,"all_pixels",5.97568427333942,5.04576739968345,3.76978505185962,99.8367748610839,"squared_euclidean_pc1_pc3",565.725736655942,"all_pixels",8230,1,1797.09024666263,24997.3258917311,4997.32382376348,"all_pixels",8230
"1619_b",8971,FALSE,"all_pixels",6.51036058830904,5.4741662890289,4.36902502257776,122.942093700886,"squared_euclidean_pc1_pc3",625.924679168643,"all_pixels",8862,1,1813.2074835721,24853.7660814823,5049.94045228275,"all_pixels",8862
"1619_c",9481,FALSE,"all_pixels",4.43646616174546,3.78588749843871,2.82100051947085,55.2788731351946,"squared_euclidean_pc1_pc3",395.500968578063,"all_pixels",9334,1,1111.57398370087,12048.9464764245,3100.9536186874,"all_pixels",9334
"1619_d",9363,FALSE,"all_pixels",5.72687984207839,5.13061004644239,3.18284986443406,85.8532080199783,"squared_euclidean_pc1_pc3",503.334797671982,"all_pixels",9253,1,1463.15593411234,18778.6495072935,4053.85280258612,"all_pixels",9253
"1620_a",NA,TRUE,"manual_excluded",NA,NA,NA,NA,"squared_euclidean_pc1_pc3",NA,"manual_excluded",NA,1,NA,NA,NA,"manual_excluded",NA
"1620_b",NA,TRUE,"manual_excluded",NA,NA,NA,NA,"squared_euclidean_pc1_pc3",NA,"manual_excluded",NA,1,NA,NA,NA,"manual_excluded",NA
"1620_c",NA,TRUE,"manual_excluded",NA,NA,NA,NA,"squared_euclidean_pc1_pc3",NA,"manual_excluded",NA,1,NA,NA,NA,"manual_excluded",NA
"1620_d",NA,TRUE,"manual_excluded",NA,NA,NA,NA,"squared_euclidean_pc1_pc3",NA,"manual_excluded",NA,1,NA,NA,NA,"manual_excluded",NA
"1621_a",NA,TRUE,"manual_excluded",NA,NA,NA,NA,"squared_euclidean_pc1_pc3",NA,"manual_excluded",NA,1,NA,NA,NA,"manual_excluded",NA
"1621_d",NA,TRUE,"manual_excluded",NA,NA,NA,NA,"squared_euclidean_pc1_pc3",NA,"manual_excluded",NA,1,NA,NA,NA,"manual_excluded",NA
"17_a",9032,FALSE,"all_pixels",6.33612377304724,5.30040406229013,4.04038689050522,112.938766520593,"squared_euclidean_pc1_pc3",625.074029832479,"all_pixels",8936,1,1507.748782744,19803.944500216,4166.37226356161,"all_pixels",8936
"17_b",8696,FALSE,"all_pixels",6.75193993266087,5.68463122725402,5.46920047151549,150.994813783579,"squared_euclidean_pc1_pc3",568.210430174765,"all_pixels",8673,1,3455.54085844036,49433.7316941359,8901.73785850604,"all_pixels",8673
"17_c",8655,FALSE,"all_pixels",7.20331696263887,5.35315050910605,7.78521257838181,224.980614640141,"squared_euclidean_pc1_pc3",607.349401912765,"all_pixels",8554,1,4324.09965490967,69438.3985788191,11234.8351383369,"all_pixels",8554
"17_d",8277,FALSE,"all_pixels",6.47744616532053,5.56185298601223,4.09010198539128,117.368443881089,"squared_euclidean_pc1_pc3",568.716356881572,"all_pixels",8271,1,2131.66739226209,26545.6923441619,5481.63698526111,"all_pixels",8271
"1700_a",7999,FALSE,"all_pixels",6.69602659363898,5.7513636176794,4.43074353691479,128.931612379632,"squared_euclidean_pc1_pc3",564.036017815057,"all_pixels",7967,1,1984.5653605577,21476.6096020321,5163.48389052372,"all_pixels",7967
"1700_b",8200,FALSE,"all_pixels",5.64424770263736,5.0294747331225,3.17169643336959,83.8319272131662,"squared_euclidean_pc1_pc3",446.728859660142,"all_pixels",8076,1,1144.66204273761,13297.7077583287,3189.8758383588,"all_pixels",8076
"1700_c",8926,FALSE,"all_pixels",5.58953259446223,4.80328932100176,3.54160489282252,87.5688692492267,"squared_euclidean_pc1_pc3",494.321438780429,"all_pixels",8902,1,1639.57683503184,22596.5410024099,4621.57636093732,"all_pixels",8902
"1700_d",8349,FALSE,"all_pixels",6.74422820470364,5.91851999173587,4.22647047496908,126.691054417854,"squared_euclidean_pc1_pc3",571.94472012775,"all_pixels",8330,1,1939.23611624072,30975.6587137489,5642.12035267881,"all_pixels",8330
"1701_a",8890,FALSE,"all_pixels",6.78637086388514,5.93836011688494,4.01720365349482,124.381878812337,"squared_euclidean_pc1_pc3",603.506004270377,"all_pixels",8767,1,1967.78176887425,29379.1798138694,5549.29651862816,"all_pixels",8767
"1701_b",9299,FALSE,"all_pixels",6.42448540136976,5.51700979189486,4.02202601471614,114.897932638056,"squared_euclidean_pc1_pc3",602.75088979517,"all_pixels",9271,1,2388.94227711811,41588.5211561116,6742.46727859095,"all_pixels",9271
"1701_c",8789,FALSE,"all_pixels",6.81428858518463,5.76688300493264,4.40452957020025,131.664404731861,"squared_euclidean_pc1_pc3",655.710224830781,"all_pixels",8665,1,2431.60210030582,44449.6395834243,6994.68366732609,"all_pixels",8665
"1701_d",8797,FALSE,"all_pixels",7.20095100100719,6.19569059678115,4.48991924935432,144.021557130684,"squared_euclidean_pc1_pc3",666.949303390543,"all_pixels",8711,1,2672.37116296975,42609.5619054918,7143.73382346232,"all_pixels",8711
"1702_a",8226,FALSE,"all_pixels",7.32384187570825,6.66685583436486,3.93687332516738,138.271494508847,"squared_euclidean_pc1_pc3",621.631925354361,"all_pixels",8186,1,2512.37008048294,40066.101916228,6875.6067021836,"all_pixels",8186
"1702_b",7413,FALSE,"all_pixels",6.62070267360758,6.13558614362154,3.24735608671355,108.755205803683,"squared_euclidean_pc1_pc3",507.285506026943,"all_pixels",7356,1,1254.6345017028,17937.74991925,3827.5469012638,"all_pixels",7356
"1702_c",4023,FALSE,"all_pixels",5.0867653944758,4.58172392063734,2.90717847799227,68.6495360790056,"squared_euclidean_pc1_pc3",285.36881702627,"all_pixels",4017,1,1212.60470524972,17860.45484462,3848.93651730134,"all_pixels",4017
"1702_d",6905,FALSE,"all_pixels",6.09341731709682,5.72961796160671,2.9687168433983,91.8834758691195,"squared_euclidean_pc1_pc3",437.338928576151,"all_pixels",6904,1,883.074629016842,11021.7115186977,2731.50098761463,"all_pixels",6904
"1703_a",6572,FALSE,"all_pixels",6.69108765562972,6.26214580309417,3.46681629529134,113.575280899001,"squared_euclidean_pc1_pc3",510.418425911272,"all_pixels",6572,1,1694.01266794186,24978.6885997257,5042.51404672986,"all_pixels",6572
"1703_b",6651,FALSE,"all_pixels",5.67485408507655,5.20312400350668,2.87309317656125,80.9147843436587,"squared_euclidean_pc1_pc3",407.933594009369,"all_pixels",6646,1,882.837536867392,9754.53766557687,2544.12848580446,"all_pixels",6646
"1703_c",5742,FALSE,"all_pixels",7.21136238058195,6.58395211047178,4.09738700876484,137.578807725294,"squared_euclidean_pc1_pc3",558.562962662055,"all_pixels",5742,1,2343.74736548485,27151.8875551396,5893.18578136182,"all_pixels",5742
"1703_d",7021,FALSE,"all_pixels",6.33205335052164,5.87738086841638,3.2631208361134,101.482681275784,"squared_euclidean_pc1_pc3",489.628339058808,"all_pixels",7011,1,967.415618933204,11714.2082534748,2860.37020044995,"all_pixels",7011
"1704_a",6843,FALSE,"all_pixels",6.62835950983617,6.16395725298759,3.42208920884006,111.288266011271,"squared_euclidean_pc1_pc3",520.251648699738,"all_pixels",6836,1,1168.21721199911,15476.4094331924,3519.40029303815,"all_pixels",6836
"1704_b",6895,FALSE,"all_pixels",6.29573071172954,5.61527918442392,3.69304683119754,106.545684101427,"squared_euclidean_pc1_pc3",493.160022905565,"all_pixels",6888,1,1911.80111138841,24738.5347296229,5083.44641490694,"all_pixels",6888
"1704_c",6390,FALSE,"all_pixels",4.88329479464197,4.20950596745085,3.05505771887704,66.3569701891293,"squared_euclidean_pc1_pc3",364.414236874762,"all_pixels",6305,1,1098.74001480146,12526.2787800322,3044.10610767172,"all_pixels",6305
"1704_d",6269,FALSE,"all_pixels",6.50810373294359,5.82160464791801,3.91934649419213,115.428481570119,"squared_euclidean_pc1_pc3",499.560596383407,"all_pixels",6269,1,1956.9645058176,27436.0061882116,5615.18954761377,"all_pixels",6269
"1705_a",7511,FALSE,"all_pixels",6.95453978651662,6.04218671455985,4.19345399339134,131.896677593131,"squared_euclidean_pc1_pc3",596.822803048516,"all_pixels",7511,1,1930.77606967112,22195.2305628399,5054.07847214765,"all_pixels",7511
"1705_b",7239,FALSE,"all_pixels",7.29462616654163,6.59201601283863,4.23685896263606,142.32013004015,"squared_euclidean_pc1_pc3",618.518584988852,"all_pixels",7239,1,1891.0946859126,28399.7836516191,5487.71088806367,"all_pixels",7239
"1705_c",7794,FALSE,"all_pixels",7.06316096719705,6.26577757318883,4.22573712029769,135.485611911456,"squared_euclidean_pc1_pc3",634.843198672774,"all_pixels",7785,1,1800.14255225152,31516.7610533279,5723.96020878723,"all_pixels",7785
"1705_d",8006,FALSE,"all_pixels",7.209405055846,6.12691072358531,5.15536391204378,157.099957185055,"squared_euclidean_pc1_pc3",607.563758981177,"all_pixels",8004,1,2077.88750149965,28348.698255213,5736.1957062605,"all_pixels",8004
"1706_a",8362,FALSE,"all_pixels",6.07092736760541,5.50647853061972,3.22951757120897,94.5693911241873,"squared_euclidean_pc1_pc3",485.403607879549,"all_pixels",8353,1,1114.28813597655,13504.4017499914,3231.96888567696,"all_pixels",8353
"1706_b",7341,FALSE,"all_pixels",7.58390618354928,6.61442595834938,4.54896554132824,156.411803318754,"squared_euclidean_pc1_pc3",671.36521433474,"all_pixels",7338,1,2560.95955291255,50788.7726444072,7872.50245559999,"all_pixels",7338
"1706_c",8229,FALSE,"all_pixels",5.86845646822189,5.09742532353884,3.63670391688472,95.3255790051226,"squared_euclidean_pc1_pc3",509.172211735075,"all_pixels",8196,1,2265.97039266209,35298.7788671506,6377.91594150114,"all_pixels",8196
"1706_d",8098,FALSE,"all_pixels",7.19735074400684,6.29536102661925,4.3590755059181,141.602101100271,"squared_euclidean_pc1_pc3",632.495068255142,"all_pixels",8098,1,2559.9009856533,47826.5477867772,7498.62410440785,"all_pixels",8098
"1707_a",6298,FALSE,"all_pixels",7.95092937302435,6.66324558932532,5.73104265378182,192.11382534091,"squared_euclidean_pc1_pc3",634.571799302993,"all_pixels",6298,1,2423.52316981388,37832.1599618014,6981.57050546718,"all_pixels",6298
"1707_b",6073,FALSE,"all_pixels",6.31263101696458,5.95846355842574,3.09182079946811,98.8141842752668,"squared_euclidean_pc1_pc3",457.354621467125,"all_pixels",6063,1,1267.83679010562,17540.6661857054,3893.27503402142,"all_pixels",6063
"1707_c",8573,FALSE,"all_pixels",5.71252472477956,5.19565661926024,3.11149184649169,84.626381909057,"squared_euclidean_pc1_pc3",421.613868184129,"all_pixels",8573,1,1193.96104555369,13766.9913736124,3307.50840822326,"all_pixels",8573
"1707_d",7136,FALSE,"all_pixels",7.76236930035353,6.82046787688157,4.06053702443959,153.480055098549,"squared_euclidean_pc1_pc3",611.191616758426,"all_pixels",7128,1,1462.45606546768,18600.3176474953,4121.9445183853,"all_pixels",7128
"1708_a",6182,FALSE,"all_pixels",10.6474501682016,9.47364582128742,5.65223202885784,290.621508259464,"squared_euclidean_pc1_pc3",702.008810920543,"all_pixels",6088,1,1864.43721533891,25296.6905815867,5193.54089910477,"all_pixels",6088
"1708_b",7164,FALSE,"all_pixels",6.93546554675952,5.70396752113525,4.72839303529964,140.910524412297,"squared_euclidean_pc1_pc3",622.51012094858,"all_pixels",7132,1,1656.31809298828,22508.3914223363,4672.8428455325,"all_pixels",7132
"1708_c",7744,FALSE,"all_pixels",4.68622854497707,4.25437326414278,2.57570457121623,57.1882706358288,"squared_euclidean_pc1_pc3",307.983458313428,"all_pixels",7631,1,606.65720004475,6328.09081450384,1908.66349938353,"all_pixels",7631
"1708_d",5956,FALSE,"all_pixels",5.63659737845097,5.18681930653947,2.9531250001645,80.9814260889345,"squared_euclidean_pc1_pc3",401.752088829078,"all_pixels",5942,1,859.433177015113,10824.5013831507,2762.0778609921,"all_pixels",5942
"1709_a",7657,FALSE,"all_pixels",7.00161447087809,6.17736370465248,3.81874528794763,127.207032530633,"squared_euclidean_pc1_pc3",606.558648900143,"all_pixels",7546,1,1639.25498772911,20520.0057322688,4414.32285450036,"all_pixels",7546
"1709_b",8317,FALSE,"all_pixels",5.78968684514697,5.20026795437745,3.28902128376857,88.6736682026388,"squared_euclidean_pc1_pc3",458.277304575857,"all_pixels",8313,1,1166.86599733718,13058.0578699123,3256.07135813256,"all_pixels",8313
"1709_c",8629,FALSE,"all_pixels",10.0833930739789,8.59555764189524,5.84166110935816,271.591731425499,"squared_euclidean_pc1_pc3",930.483511390303,"all_pixels",8493,1,2058.93392893312,33811.5243235479,5979.82080272228,"all_pixels",8493
"1709_d",8533,FALSE,"all_pixels",8.35110755617862,6.81490881622195,5.55485371129813,201.18756208637,"squared_euclidean_pc1_pc3",701.522846090236,"all_pixels",8238,1,1790.41091341503,21286.6384182594,4762.51115488327,"all_pixels",8238
"1710_a",8972,FALSE,"all_pixels",5.59397869915817,4.79894590262113,3.53917812950719,87.6339668441355,"squared_euclidean_pc1_pc3",458.906966419266,"all_pixels",8874,1,1346.89775109519,18681.1938385559,4034.64235623766,"all_pixels",8874
"1710_b",9430,FALSE,"all_pixels",5.06756994341708,4.30080160787688,3.21621510499397,72.0464156082152,"squared_euclidean_pc1_pc3",469.314634868357,"all_pixels",9094,1,980.573154092239,10749.1518401835,2814.92004718933,"all_pixels",9094
"1710_c",9272,FALSE,"all_pixels",6.53201788324336,5.37219717632666,4.30584066349791,122.411043698792,"squared_euclidean_pc1_pc3",680.682104102114,"all_pixels",9194,1,1784.60099482762,28831.4870653824,5256.67860688985,"all_pixels",9194
"1710_d",7938,FALSE,"all_pixels",7.24975633895733,6.15901689662274,4.35494264084158,143.044206344484,"squared_euclidean_pc1_pc3",705.0332498681,"all_pixels",7810,1,1553.34933169622,22697.0336973516,4465.47872479886,"all_pixels",7810
"1711_a",9331,FALSE,"all_pixels",7.7308339015379,6.29383138060167,6.77202130540269,211.242301089314,"squared_euclidean_pc1_pc3",690.608362791474,"all_pixels",9037,1,4027.04944263551,67573.1667192482,11243.5200202767,"all_pixels",9037
"1711_b",9405,FALSE,"all_pixels",6.94474445607698,6.05834140355431,4.49007175806285,136.776152665894,"squared_euclidean_pc1_pc3",634.910517257681,"all_pixels",9196,1,1831.63334927437,29828.9034093198,5422.48491172113,"all_pixels",9196
"1711_c",9450,FALSE,"all_pixels",9.2284292035452,7.81498005931111,6.66252131296486,259.096797083496,"squared_euclidean_pc1_pc3",849.291681156341,"all_pixels",9166,1,2528.49972706461,36994.0207927487,6957.68338694114,"all_pixels",9166
"1711_d",8185,FALSE,"all_pixels",10.1337592434257,7.30239556159378,12.0130702458722,493.97860326481,"squared_euclidean_pc1_pc3",717.882327719861,"all_pixels",8104,1,6879.45943646025,157995.489402976,18806.6090254232,"all_pixels",8104
"1712_a",6817,FALSE,"all_pixels",6.16069899903819,5.75466904975047,3.06576867497932,94.703541950816,"squared_euclidean_pc1_pc3",450.308538849163,"all_pixels",6770,1,1002.15756769253,12081.3032088431,2939.69507733618,"all_pixels",6770
"1712_b",7853,FALSE,"all_pixels",10.3353963010067,9.27730881805496,5.63782330251472,277.202841569799,"squared_euclidean_pc1_pc3",880.157527548458,"all_pixels",7800,1,2163.28720217329,29748.9524928034,5711.17197342799,"all_pixels",7800
"1712_c",8180,FALSE,"all_pixels",6.72147588717406,6.28719778436778,3.33291293802392,112.570377540733,"squared_euclidean_pc1_pc3",560.837243146082,"all_pixels",8143,1,1200.29678410053,14895.8698715459,3478.6525719423,"all_pixels",8143
"1712_d",6980,FALSE,"all_pixels",6.04519329366494,5.68004010158971,3.06212920967149,91.8393077940051,"squared_euclidean_pc1_pc3",453.736322403279,"all_pixels",6966,1,963.083903011327,13032.7724536633,3124.08294032329,"all_pixels",6966
"1713_a",5920,FALSE,"all_pixels",6.69553564956888,6.19751617354349,3.3847748651556,112.569926537817,"squared_euclidean_pc1_pc3",508.685823771254,"all_pixels",5908,1,1254.72738575765,15431.2060160222,3587.14802515491,"all_pixels",5908
"1713_b",4100,FALSE,"all_pixels",6.46872155922426,5.97608500805909,3.19442338981257,104.092421081092,"squared_euclidean_pc1_pc3",426.929953618862,"all_pixels",4099,1,869.252346391101,11093.9928655671,2743.55493615375,"all_pixels",4099
"1713_c",8165,FALSE,"all_pixels",5.08502476191601,4.39251197036371,2.9833921851443,69.5140313285608,"squared_euclidean_pc1_pc3",414.489378775995,"all_pixels",8139,1,755.383157759263,9067.5615155024,2399.84490139935,"all_pixels",8139
"1713_d",5821,FALSE,"all_pixels",6.01220479986934,5.29063500955217,3.91931467402855,103.00999034248,"squared_euclidean_pc1_pc3",406.701213949843,"all_pixels",5807,1,1467.08615269661,18447.4208405272,4045.14188036421,"all_pixels",5807
"1714_a",6754,FALSE,"all_pixels",7.22842816339768,6.4147760492522,4.26504439612223,140.876168212154,"squared_euclidean_pc1_pc3",573.395311650472,"all_pixels",6677,1,1418.78122372455,19236.4124500448,4069.64422933377,"all_pixels",6677
"1714_b",8928,FALSE,"all_pixels",6.20162242862004,5.54253145917139,3.39239710861061,99.9343797421273,"squared_euclidean_pc1_pc3",533.361562384353,"all_pixels",8762,1,1111.50001516494,14320.6878943333,3278.19491244095,"all_pixels",8762
"1714_c",6486,FALSE,"all_pixels",7.61175856590229,6.8982352020796,4.02660249281071,148.299792655406,"squared_euclidean_pc1_pc3",632.949508621338,"all_pixels",6398,1,1325.07003114809,19559.613688571,3982.85556230064,"all_pixels",6398
"1714_d",7638,FALSE,"all_pixels",6.09123995282797,5.31751295633171,3.61719802896537,100.371225427766,"squared_euclidean_pc1_pc3",477.340855438862,"all_pixels",7493,1,1577.96782925186,24081.388696691,4667.58430720558,"all_pixels",7493
"1715_a",8130,FALSE,"all_pixels",6.64454605256097,5.92630437323873,3.91443661618339,118.941843083498,"squared_euclidean_pc1_pc3",569.441258908,"all_pixels",7939,1,1549.88913975634,22787.9031697512,4481.43056095881,"all_pixels",7939
"1715_b",6580,FALSE,"all_pixels",6.25864527074627,5.29894442014024,4.43653224077966,117.700935277473,"squared_euclidean_pc1_pc3",478.764432386156,"all_pixels",6480,1,2322.00506678729,39977.5087629621,6533.61256730459,"all_pixels",6480
"1715_c",4926,FALSE,"all_pixels",7.42899930761895,6.39909006036476,4.62236084478049,153.103826107847,"squared_euclidean_pc1_pc3",570.109806580394,"all_pixels",4855,1,2489.29495407071,43740.2807546248,7109.30270075623,"all_pixels",4855
"1715_d",6398,FALSE,"all_pixels",6.47572545206544,5.87511429711811,3.60212795885421,109.816635868134,"squared_euclidean_pc1_pc3",504.276267621495,"all_pixels",6222,1,1140.70178631799,18470.4741044088,3746.45789908578,"all_pixels",6222
"1716_a",5690,FALSE,"all_pixels",6.82734800958506,6.10627868048659,3.82481626435214,122.478658519423,"squared_euclidean_pc1_pc3",533.877555328222,"all_pixels",5648,1,1300.08103895379,20192.0461511345,4035.24123249326,"all_pixels",5648
"1716_b",7236,FALSE,"all_pixels",6.55833638790503,5.98310558401607,3.5223008168754,110.833329310002,"squared_euclidean_pc1_pc3",603.424434221135,"all_pixels",7235,1,1210.0085513401,17963.4451521591,3777.73519953944,"all_pixels",7235
"1716_c",8641,FALSE,"all_pixels",6.1888259103958,5.68853204562703,3.1678251941326,96.6710425447384,"squared_euclidean_pc1_pc3",503.104423916024,"all_pixels",8641,1,974.936509867591,11607.9752333303,2858.45764979082,"all_pixels",8641
"1716_d",3198,FALSE,"all_pixels",6.7368311041213,6.23011994904953,3.44243410605946,114.463080697737,"squared_euclidean_pc1_pc3",394.857478389291,"all_pixels",3190,1,1121.2332643907,13031.5103738002,3248.45369950968,"all_pixels",3190
"1717_a",5363,FALSE,"all_pixels",6.99123644176108,6.41075599256548,3.60523437330753,123.745356561532,"squared_euclidean_pc1_pc3",499.464305079065,"all_pixels",5254,1,1397.03993417263,17995.9168770961,3977.36092230237,"all_pixels",5254
"1717_b",5932,FALSE,"all_pixels",7.55851927377246,7.02095699944476,3.94148023506619,145.327722327118,"squared_euclidean_pc1_pc3",617.45765545277,"all_pixels",5928,1,1372.66415720997,16933.4594352341,3774.72181316213,"all_pixels",5928
"1717_c",5958,FALSE,"all_pixels",6.32810085369149,6.06926897863071,3.00116124807878,98.1006350155644,"squared_euclidean_pc1_pc3",432.698247009129,"all_pixels",5851,1,895.975546227581,8207.79967587024,2404.35003808771,"all_pixels",5851
"1717_d",3929,FALSE,"all_pixels",6.62350243707148,6.05882170109148,3.4488376825101,111.524477076572,"squared_euclidean_pc1_pc3",417.708737766828,"all_pixels",3881,1,1177.86289615293,13404.6375995609,3267.70900290303,"all_pixels",3881
"1718_a",6896,FALSE,"all_pixels",5.56221598413428,4.93375740337839,3.45527955290245,85.7509443112545,"squared_euclidean_pc1_pc3",420.440670280012,"all_pixels",6799,1,1651.85319915091,21157.2952100306,4489.91709465183,"all_pixels",6799
"1718_b",6108,FALSE,"all_pixels",5.57195594353885,4.9585178908422,3.39957291151064,85.2037937859822,"squared_euclidean_pc1_pc3",429.030307360967,"all_pixels",6014,1,2002.6678349223,24395.1486985096,5258.47447185236,"all_pixels",6014
"1718_c",7681,FALSE,"all_pixels",5.31593814637612,4.6624147891117,3.2984382804232,78.2749540466516,"squared_euclidean_pc1_pc3",415.284693943332,"all_pixels",7567,1,2237.37232501446,27389.9712318375,6032.95978835001,"all_pixels",7567
"1718_d",6245,FALSE,"all_pixels",5.52737880874566,4.97984015293058,3.1497779382463,80.9428578170928,"squared_euclidean_pc1_pc3",410.503536047798,"all_pixels",6176,1,1065.3699416226,12328.1119349814,3043.66363006966,"all_pixels",6176
"1719_a",7913,FALSE,"all_pixels",6.15785107200156,5.51601832843069,3.41511852842264,99.1613809601114,"squared_euclidean_pc1_pc3",525.353967010341,"all_pixels",7770,1,1168.2108340619,16448.1453970817,3509.32547345929,"all_pixels",7770
"1719_b",8278,FALSE,"all_pixels",5.16722594057935,4.57639192026092,3.04450842694964,71.9362715280875,"squared_euclidean_pc1_pc3",426.605112615443,"all_pixels",8220,1,1158.69157212764,14758.5144224103,3365.55405078029,"all_pixels",8220
"1719_c",8909,FALSE,"all_pixels",6.50562643812502,5.69291686879259,4.13707773996443,118.873332883276,"squared_euclidean_pc1_pc3",555.608492824425,"all_pixels",8706,1,2476.58683347581,37126.2813156788,6587.71780928,"all_pixels",8706
"1719_d",8395,FALSE,"all_pixels",6.89720346906389,6.18136290634808,3.90467583808736,125.632185908873,"squared_euclidean_pc1_pc3",612.398155439206,"all_pixels",8176,1,1487.02001374543,17077.7919049968,3911.94055508838,"all_pixels",8176
"1720_a",8591,FALSE,"all_pixels",9.77729877445693,8.69035540574317,5.34278771129848,248.275258290906,"squared_euclidean_pc1_pc3",880.446795268182,"all_pixels",8514,1,1916.96045684907,27404.5352979913,5322.78267621205,"all_pixels",8514
"1720_b",9390,FALSE,"all_pixels",5.98847137239456,5.42953599471823,3.31632711603743,93.7172873396561,"squared_euclidean_pc1_pc3",516.496643338461,"all_pixels",9091,1,1305.2050952845,21664.1151546689,4272.05845636416,"all_pixels",9091
"1720_c",9422,FALSE,"all_pixels",6.01464282966945,5.4491606992484,3.39279285874182,95.3715000621688,"squared_euclidean_pc1_pc3",548.882091326881,"all_pixels",9363,1,1383.43304343077,17859.9880837433,3862.30216783723,"all_pixels",9363
"1720_d",9190,FALSE,"all_pixels",6.03399269295804,5.43473933821108,3.33084047581434,95.0047177161112,"squared_euclidean_pc1_pc3",556.620502031219,"all_pixels",9131,1,1282.93972511331,19981.1662431621,4025.25684409198,"all_pixels",9131
"1721_a",NA,TRUE,"manual_excluded",NA,NA,NA,NA,"squared_euclidean_pc1_pc3",NA,"manual_excluded",NA,1,NA,NA,NA,"manual_excluded",NA
"1721_b",NA,TRUE,"manual_excluded",NA,NA,NA,NA,"squared_euclidean_pc1_pc3",NA,"manual_excluded",NA,1,NA,NA,NA,"manual_excluded",NA
"1721_c",NA,TRUE,"manual_excluded",NA,NA,NA,NA,"squared_euclidean_pc1_pc3",NA,"manual_excluded",NA,1,NA,NA,NA,"manual_excluded",NA
"1721_d",NA,TRUE,"manual_excluded",NA,NA,NA,NA,"squared_euclidean_pc1_pc3",NA,"manual_excluded",NA,1,NA,NA,NA,"manual_excluded",NA
"1722_a",NA,TRUE,"manual_excluded",NA,NA,NA,NA,"squared_euclidean_pc1_pc3",NA,"manual_excluded",NA,1,NA,NA,NA,"manual_excluded",NA
"1722_b",NA,TRUE,"manual_excluded",NA,NA,NA,NA,"squared_euclidean_pc1_pc3",NA,"manual_excluded",NA,1,NA,NA,NA,"manual_excluded",NA
"1722_c",NA,TRUE,"manual_excluded",NA,NA,NA,NA,"squared_euclidean_pc1_pc3",NA,"manual_excluded",NA,1,NA,NA,NA,"manual_excluded",NA
"1722_d",NA,TRUE,"manual_excluded",NA,NA,NA,NA,"squared_euclidean_pc1_pc3",NA,"manual_excluded",NA,1,NA,NA,NA,"manual_excluded",NA
"1723_a",NA,TRUE,"manual_excluded",NA,NA,NA,NA,"squared_euclidean_pc1_pc3",NA,"manual_excluded",NA,1,NA,NA,NA,"manual_excluded",NA
"18_a",8583,FALSE,"all_pixels",5.07093447793492,4.37370577499243,3.19640650106533,71.8604012430897,"squared_euclidean_pc1_pc3",426.201134891825,"all_pixels",8583,1,1441.40462531312,17233.081507776,3864.37710732118,"all_pixels",8583
"18_b",8413,FALSE,"all_pixels",6.75213286485119,5.73734138104818,4.76333022118957,136.55583217125,"squared_euclidean_pc1_pc3",578.324313281258,"all_pixels",8413,1,3848.83745296496,74613.3711679723,10713.1943712106,"all_pixels",8413
"18_c",7212,FALSE,"all_pixels",6.2483632437053,5.45027908399152,3.9575035536786,109.403411934568,"squared_euclidean_pc1_pc3",478.637113789418,"all_pixels",7210,1,2367.07323946149,45551.4460729023,7108.1220730107,"all_pixels",7210
"18_d",6068,FALSE,"all_pixels",6.35359828228385,5.46188369780395,4.3357883547157,118.32834744832,"squared_euclidean_pc1_pc3",475.919148581233,"all_pixels",6068,1,2259.27959160749,36923.1276650918,6531.31076818786,"all_pixels",6068
"1800_a",7647,FALSE,"all_pixels",6.22171473598386,5.65258071650434,3.34702900458274,99.8217448928208,"squared_euclidean_pc1_pc3",488.547457262791,"all_pixels",7555,1,1157.00383690336,14051.6186111232,3409.17643762305,"all_pixels",7555
"1800_b",7744,FALSE,"all_pixels",7.40096026062813,6.68213179277675,4.20632613543899,144.930215154634,"squared_euclidean_pc1_pc3",623.285156473508,"all_pixels",7729,1,1997.46990161795,23059.8338077195,5265.73216937623,"all_pixels",7729
"1800_c",7710,FALSE,"all_pixels",6.63502767705177,5.84531519572499,3.87662921971261,118.099794384951,"squared_euclidean_pc1_pc3",583.107381031851,"all_pixels",7610,1,1307.83954143155,16218.7163505337,3736.37557266436,"all_pixels",7610
"1800_d",7357,FALSE,"all_pixels",7.99152820682562,7.40950627019788,4.1309450749471,161.853821545826,"squared_euclidean_pc1_pc3",685.680542774021,"all_pixels",7269,1,1299.69194897351,14116.3964185509,3454.58055873906,"all_pixels",7269
"1801_a",7388,FALSE,"all_pixels",5.94821632586775,5.3479547040271,3.28406955868552,92.3298610213049,"squared_euclidean_pc1_pc3",472.394639133915,"all_pixels",7323,1,1245.05779248649,13533.4835532716,3421.38756904648,"all_pixels",7323
"1801_b",7867,FALSE,"all_pixels",6.20701705321423,5.47846425740641,3.61419806190698,103.175655843704,"squared_euclidean_pc1_pc3",542.600958724567,"all_pixels",7784,1,1226.28745249364,16376.9271416574,3660.09391544074,"all_pixels",7784
"1801_c",7865,FALSE,"all_pixels",6.28846845051206,5.48989191713772,3.67160366774659,106.047589876046,"squared_euclidean_pc1_pc3",550.555995014709,"all_pixels",7811,1,1708.94504376165,22813.612276436,4643.27839449137,"all_pixels",7811
"1801_d",7753,FALSE,"all_pixels",7.16434447374747,5.72171340965364,6.11855371817124,177.519405335885,"squared_euclidean_pc1_pc3",555.555454184593,"all_pixels",7690,1,3009.29188488128,33241.6850373113,7146.84749024973,"all_pixels",7690
"1802_a",8221,FALSE,"all_pixels",6.52208805072975,5.59971077702521,4.30723007210633,122.175213495338,"squared_euclidean_pc1_pc3",580.352632788333,"all_pixels",8134,1,2338.39770487014,33498.7582515809,6280.90694768924,"all_pixels",8134
"1802_b",9112,FALSE,"all_pixels",5.7508386388924,4.90586916651647,3.67701732075291,93.1822352398545,"squared_euclidean_pc1_pc3",549.486276766661,"all_pixels",9098,1,1609.06604788534,23354.7805431472,4553.42673170672,"all_pixels",9098
"1802_c",8592,FALSE,"all_pixels",6.05885357410162,5.52138394935274,3.24605558386346,94.4907142537944,"squared_euclidean_pc1_pc3",517.687375751789,"all_pixels",8566,1,1348.50565611525,19237.0199597306,4038.12339448919,"all_pixels",8566
"1802_d",7821,FALSE,"all_pixels",7.31118085635343,6.41153590109098,4.58415293719181,148.930273477213,"squared_euclidean_pc1_pc3",645.951635949031,"all_pixels",7817,1,2459.9363834985,44565.5038859765,7081.66898787622,"all_pixels",7817
"1803_a",4312,FALSE,"all_pixels",7.04384382340054,6.17785819187401,4.29001030075144,136.03131211254,"squared_euclidean_pc1_pc3",505.233524680958,"all_pixels",4304,1,1707.83512829473,25614.4592764814,4877.6303344306,"all_pixels",4304
"1803_b",6124,FALSE,"all_pixels",6.36112220584571,6.000799640694,3.11141234090799,100.286363323653,"squared_euclidean_pc1_pc3",462.09305905024,"all_pixels",6117,1,951.262649665499,12562.3336378007,2949.72505267126,"all_pixels",6117
"1803_c",5295,FALSE,"all_pixels",6.66805397225631,6.24830727380171,3.25827477423562,110.1545866082,"squared_euclidean_pc1_pc3",501.106535747036,"all_pixels",5259,1,1189.92579939415,15152.4992489156,3419.60964388071,"all_pixels",5259
"1803_d",6893,FALSE,"all_pixels",6.87676961065882,6.4022876664102,3.44824944767434,118.357319063151,"squared_euclidean_pc1_pc3",551.455814305317,"all_pixels",6885,1,1532.80925276188,23104.6051879785,4577.16285867422,"all_pixels",6885
"1804_a",5591,FALSE,"all_pixels",5.57612859764353,5.22871451739127,2.7422294337202,77.2233748352567,"squared_euclidean_pc1_pc3",391.40564931053,"all_pixels",5591,1,790.562154733266,8601.00191210323,2330.91143981113,"all_pixels",5591
"1804_b",5979,FALSE,"all_pixels",6.18692965455722,5.47425828910816,3.98500286761717,108.311380802734,"squared_euclidean_pc1_pc3",480.357822621625,"all_pixels",5979,1,2240.93999687694,26703.8004720641,5973.74535627391,"all_pixels",5979
"1804_c",7384,FALSE,"all_pixels",6.87919775965691,6.12872412371392,3.94617069837976,125.787032155008,"squared_euclidean_pc1_pc3",587.022790459259,"all_pixels",7384,1,1780.5761388629,21372.9099974409,4619.42875189242,"all_pixels",7384
"1804_d",7251,FALSE,"all_pixels",5.12153749594227,4.59301156148175,2.79002248354943,68.0265964857159,"squared_euclidean_pc1_pc3",371.432733126316,"all_pixels",7251,1,860.426344812491,8410.10332826212,2465.50897378009,"all_pixels",7251
"1805_a",6198,FALSE,"all_pixels",7.416722681031,6.06503633792757,6.17684743263667,186.31012753267,"squared_euclidean_pc1_pc3",503.68208255198,"all_pixels",6198,1,2838.41686774585,37236.6707818461,7428.69508308654,"all_pixels",6198
"1805_b",7713,FALSE,"all_pixels",7.64343253519553,6.83533380134462,4.65032973317822,160.089647531755,"squared_euclidean_pc1_pc3",631.563763215681,"all_pixels",7713,1,2208.90118840849,32789.5192269214,6229.22931660879,"all_pixels",7713
"1805_c",7098,FALSE,"all_pixels",7.45386657226141,6.27459279853296,5.91188008281126,181.011058044881,"squared_euclidean_pc1_pc3",600.986334939293,"all_pixels",7096,1,3201.06107950831,44158.7904427193,8740.42099136923,"all_pixels",7096
"1805_d",4842,FALSE,"all_pixels",6.72906661735052,5.76367899387761,5.12065871852557,142.992135796027,"squared_euclidean_pc1_pc3",450.580237071763,"all_pixels",4842,1,2672.77621554054,38608.9954970706,7351.2391521856,"all_pixels",4842
"1806_a",7875,FALSE,"all_pixels",5.12731120397411,4.59450757465229,2.99563599212617,70.5240312902347,"squared_euclidean_pc1_pc3",402.602313186952,"all_pixels",7875,1,1546.94529111603,21542.5281357058,4538.89183161751,"all_pixels",7875
"1806_b",7159,FALSE,"all_pixels",5.64764790366701,5.0613226840682,3.19917957029463,84.2584942655371,"squared_euclidean_pc1_pc3",432.697609656726,"all_pixels",7158,1,1067.66750935465,17629.2452680633,3617.32030065652,"all_pixels",7158
"1806_c",8207,FALSE,"all_pixels",7.27146761747254,6.63806422021186,3.77004119144816,134.171440114407,"squared_euclidean_pc1_pc3",660.172012036182,"all_pixels",8112,1,1580.32019537994,21301.3175424039,4289.16304583975,"all_pixels",8112
"1806_d",7906,FALSE,"all_pixels",5.52667736211395,4.59547076878949,4.96021802098267,110.2896268876,"squared_euclidean_pc1_pc3",421.364030007735,"all_pixels",7893,1,3963.04087668745,61409.0814448667,10477.1000589988,"all_pixels",7893
"1807_a",5704,FALSE,"all_pixels",7.15206648675993,6.52036887590856,3.8588772036379,132.080755382731,"squared_euclidean_pc1_pc3",538.288684682847,"all_pixels",5653,1,1680.842429369,26330.2482657815,4955.19690968737,"all_pixels",5653
"1807_b",6505,FALSE,"all_pixels",7.15658343208251,6.35767825386732,4.2122669750996,137.914303732068,"squared_euclidean_pc1_pc3",591.672708870197,"all_pixels",6505,1,1977.17703394873,29416.020505349,5658.05022309148,"all_pixels",6505
"1807_c",6086,FALSE,"all_pixels",8.15223703420862,7.49343369745363,3.94685118011724,164.068086629855,"squared_euclidean_pc1_pc3",610.696439968734,"all_pixels",6004,1,1383.10280072034,22200.1257143313,4362.86275203691,"all_pixels",6004
"1807_d",6561,FALSE,"all_pixels",7.1427807387993,6.13334987196005,4.73681227566743,146.906574809732,"squared_euclidean_pc1_pc3",619.422994355034,"all_pixels",6511,1,1705.22433247583,24910.7785158839,4840.1301953543,"all_pixels",6511
"1808_a",6120,FALSE,"all_pixels",7.43568478696609,6.46805400177046,4.6721595700027,154.229832912717,"squared_euclidean_pc1_pc3",623.1817761253,"all_pixels",6087,1,1667.80560846855,27165.1092182131,5013.37980619667,"all_pixels",6087
"1808_b",6668,FALSE,"all_pixels",7.95034192971335,6.87988957432141,4.7130255674827,170.834431147698,"squared_euclidean_pc1_pc3",627.606514027076,"all_pixels",6626,1,1458.89353850225,19631.2708849981,4232.53551630594,"all_pixels",6626
"1808_c",6793,FALSE,"all_pixels",5.42000286594973,4.94006090573423,2.8996264597555,75.5660539055502,"squared_euclidean_pc1_pc3",404.724262116236,"all_pixels",6718,1,859.638631373801,12649.7277403194,2961.09271002746,"all_pixels",6718
"1808_d",6643,FALSE,"all_pixels",4.8079501059941,4.29645068169955,2.64390970176284,60.2111809169074,"squared_euclidean_pc1_pc3",321.448332107061,"all_pixels",6454,1,632.11531763613,7238.54816899944,2032.52292229979,"all_pixels",6454
"1809_a",8021,FALSE,"all_pixels",6.22883096681937,5.48634666811264,3.74008951602329,105.569721690521,"squared_euclidean_pc1_pc3",521.369382621925,"all_pixels",7900,1,1430.88378966567,16704.7552519238,3927.39100524245,"all_pixels",7900
"1809_b",5747,FALSE,"all_pixels",7.2004368781671,6.38064899351339,3.80973790676727,132.715737290518,"squared_euclidean_pc1_pc3",526.258410698569,"all_pixels",5498,1,1091.60549552505,11050.8030878694,2939.53310613647,"all_pixels",5498
"1809_c",7806,FALSE,"all_pixels",8.33983915939472,7.31508676440929,5.04389439027148,189.981057363479,"squared_euclidean_pc1_pc3",694.408435794174,"all_pixels",7707,1,1628.98467911256,18047.5206533276,4483.22039958045,"all_pixels",7707
"1809_d",6360,FALSE,"all_pixels",5.28854118970025,4.8425404382395,2.75055206149781,71.0660300167587,"squared_euclidean_pc1_pc3",346.648633765355,"all_pixels",6320,1,759.618984357021,7708.93437228471,2192.49827848729,"all_pixels",6320
"1810_a",7329,FALSE,"all_pixels",5.80530151640518,5.19772314531129,3.29367567690758,89.0966899456176,"squared_euclidean_pc1_pc3",465.172950369183,"all_pixels",7115,1,1125.20903467591,12520.3348755502,3059.54633485967,"all_pixels",7115
"1810_b",7872,FALSE,"all_pixels",6.05496154620261,5.38999277922726,3.24469173600836,94.3784927724638,"squared_euclidean_pc1_pc3",484.159438389177,"all_pixels",7778,1,1118.12842585126,13289.1453979532,3163.71760438522,"all_pixels",7778
"1810_c",7881,FALSE,"all_pixels",6.03547665232851,5.18439847472409,4.04608109492788,105.591346803959,"squared_euclidean_pc1_pc3",529.905182500128,"all_pixels",7640,1,2223.26218469219,35035.4739348194,6441.19840165286,"all_pixels",7640
"1810_d",7294,FALSE,"all_pixels",6.60216005252896,6.12555501936662,3.54117012598977,112.253368029564,"squared_euclidean_pc1_pc3",523.518118250657,"all_pixels",7201,1,1637.03950435017,20589.3860483864,4455.39709990189,"all_pixels",7201
"1811_a",8455,FALSE,"all_pixels",7.35991631411877,6.56748855932406,4.63481545097369,151.294683455489,"squared_euclidean_pc1_pc3",593.95139232136,"all_pixels",8364,1,2466.38656147947,32676.4079412872,6319.8215153962,"all_pixels",8364
"1811_b",8255,FALSE,"all_pixels",6.55530188610563,5.83304311907248,3.61855949162212,112.128738850993,"squared_euclidean_pc1_pc3",586.75900370421,"all_pixels",8188,1,1225.3231591546,17459.7686989954,3658.11865277891,"all_pixels",8188
"1811_c",7792,FALSE,"all_pixels",8.80070452726635,7.20381388078009,7.32401024285783,262.173284171296,"squared_euclidean_pc1_pc3",752.825104095804,"all_pixels",7674,1,4166.49164031079,83732.3166009116,11680.9129148515,"all_pixels",7674
"1811_d",7738,FALSE,"all_pixels",10.9319764594853,7.26392274638114,16.4832755146241,782.342737560048,"squared_euclidean_pc1_pc3",430.554259558055,"all_pixels",7552,1,6410.34661729621,93223.6468195491,15985.3382440662,"all_pixels",7552
"1812_a",5262,FALSE,"all_pixels",7.06540455942133,6.55205501354417,3.51085461555998,124.487398491042,"squared_euclidean_pc1_pc3",539.750522212359,"all_pixels",5261,1,1073.41312710741,15976.1391704483,3345.15756471563,"all_pixels",5261
"1812_b",5088,FALSE,"all_pixels",6.75664660378805,6.20957152070994,3.55618213010458,116.592438260409,"squared_euclidean_pc1_pc3",512.331392137522,"all_pixels",5077,1,1312.12887764081,20493.0997745885,4157.27801895618,"all_pixels",5077
"1812_c",5650,FALSE,"all_pixels",5.79282438482119,5.35323117341161,3.06252764236653,85.8684598005291,"squared_euclidean_pc1_pc3",425.267359692261,"all_pixels",5645,1,1170.61399354393,14225.927644362,3344.61326824943,"all_pixels",5645
"1812_d",5801,FALSE,"all_pixels",5.85354588892212,5.15891247565734,3.43321318679817,92.0978407536151,"squared_euclidean_pc1_pc3",422.286378444699,"all_pixels",5762,1,1388.7167659219,23131.174392911,4544.03719535084,"all_pixels",5762
"1813_a",4706,FALSE,"all_pixels",5.57180556733778,4.9529596238152,3.18060175341851,82.3181902989192,"squared_euclidean_pc1_pc3",398.237864823186,"all_pixels",4697,1,1015.04159386812,13986.0284853273,3238.39590593215,"all_pixels",4697
"1813_b",3288,FALSE,"all_pixels",6.44241510194254,5.59188249249706,5.05569825821101,134.114046950746,"squared_euclidean_pc1_pc3",371.157871960461,"all_pixels",3274,1,2463.59322513486,26684.022085926,6295.58627017322,"all_pixels",3274
"1813_c",7685,FALSE,"all_pixels",10.0146139028462,8.1223258330525,7.59986010805972,316.085699243404,"squared_euclidean_pc1_pc3",872.590932107747,"all_pixels",7648,1,2955.67622923641,40431.4152921707,7700.05968757512,"all_pixels",7648
"1813_d",6460,FALSE,"all_pixels",6.53184907013573,6.05012210509247,3.2416484280849,106.343420273812,"squared_euclidean_pc1_pc3",473.297009832789,"all_pixels",6353,1,1102.17281913229,13672.169417812,3225.6813375441,"all_pixels",6353
"1814_a",4818,FALSE,"all_pixels",6.45920520527608,5.96073114372714,3.28024777429835,104.958248095096,"squared_euclidean_pc1_pc3",434.857513638027,"all_pixels",4728,1,1276.60413616251,15781.3531756692,3578.01443671424,"all_pixels",4728
"1814_b",8075,FALSE,"all_pixels",5.97095719168833,5.20526348587962,3.32126714067704,93.3635583189248,"squared_euclidean_pc1_pc3",487.524270740853,"all_pixels",7929,1,1068.57015126362,11261.7219030396,2925.05904522155,"all_pixels",7929
"1814_c",7016,FALSE,"all_pixels",6.16334557289231,5.80322124522883,3.00377036696832,94.0163581195136,"squared_euclidean_pc1_pc3",411.454655150535,"all_pixels",6895,1,1361.03077503048,17514.0671303223,3954.57631491782,"all_pixels",6895
"1814_d",7053,FALSE,"all_pixels",6.16593260296449,5.82855652080206,2.89515255701,92.7988895504089,"squared_euclidean_pc1_pc3",384.087336993545,"all_pixels",6866,1,764.193979618022,7337.84193331604,2173.33878838641,"all_pixels",6866
"1815_a",8119,FALSE,"all_pixels",6.12617811520439,5.45159629353429,3.5195840827552,99.8320093522819,"squared_euclidean_pc1_pc3",492.889364530077,"all_pixels",7883,1,1300.87282583129,15737.4451086437,3580.76712931348,"all_pixels",7883
"1815_b",7182,FALSE,"all_pixels",6.79575855980094,6.18074528614148,3.81966318009369,121.540259538056,"squared_euclidean_pc1_pc3",568.721496988159,"all_pixels",6973,1,2039.70352362958,23615.664116377,5180.85967726742,"all_pixels",6973
"1815_c",6580,FALSE,"all_pixels",6.69111084100473,5.55748495451155,5.37431272749798,147.299624059634,"squared_euclidean_pc1_pc3",487.529659124022,"all_pixels",6439,1,2771.45115406698,52155.6986687228,8228.84397056071,"all_pixels",6439
"1815_d",5577,FALSE,"all_pixels",5.96941066762006,5.32853853646172,3.30749980789104,93.1429142991513,"squared_euclidean_pc1_pc3",485.883836364991,"all_pixels",5531,1,1149.25478973204,12628.4291806212,3153.69796916506,"all_pixels",5531
"1816_a",6536,FALSE,"all_pixels",6.00371451812352,5.33434377785115,3.32579084217372,94.207560878378,"squared_euclidean_pc1_pc3",476.854845288352,"all_pixels",6511,1,1066.95307472677,14586.7963723659,3299.57835642863,"all_pixels",6511
"1816_b",7663,FALSE,"all_pixels",7.02175838534864,5.713208574121,5.59849968445772,161.288398679188,"squared_euclidean_pc1_pc3",597.044929093856,"all_pixels",7626,1,3086.92107508069,53276.4712355207,8361.79513695134,"all_pixels",7626
"1816_c",5193,FALSE,"all_pixels",7.08684535708161,6.48339551838157,3.74556037451551,128.499796140403,"squared_euclidean_pc1_pc3",535.285706888726,"all_pixels",5101,1,1295.19316386117,20938.1290075499,4073.30517510992,"all_pixels",5101
"1816_d",5240,FALSE,"all_pixels",7.75518980830237,7.23987037588046,3.7956516908905,149.094382598531,"squared_euclidean_pc1_pc3",578.130563342892,"all_pixels",5183,1,1795.67228623596,24130.1230473995,4908.42198636635,"all_pixels",5183
"1817_a",3731,FALSE,"all_pixels",7.39877272360329,6.67052468495187,4.37535681213004,147.760908105357,"squared_euclidean_pc1_pc3",493.328393096487,"all_pixels",3686,1,1574.96133730034,21088.3555495477,4403.9328770357,"all_pixels",3686
"1817_b",5628,FALSE,"all_pixels",6.15517329688238,5.72329735897506,3.17778802604844,95.9654015004953,"squared_euclidean_pc1_pc3",430.162368653352,"all_pixels",5490,1,1225.69437146467,13423.1970525573,3279.74168502609,"all_pixels",5490
"1817_c",6321,FALSE,"all_pixels",6.21838321809471,5.72870019940392,3.23614291710191,98.2785080577215,"squared_euclidean_pc1_pc3",465.226335164763,"all_pixels",6236,1,872.761081559614,9504.14622834102,2494.25287926932,"all_pixels",6236
"1817_d",7572,FALSE,"all_pixels",6.2554862654768,5.76029813369518,3.36176072400744,100.862102106623,"squared_euclidean_pc1_pc3",539.582052582367,"all_pixels",7471,1,1159.52397209863,14107.4840224317,3231.74607373677,"all_pixels",7471
"1818_a",6236,FALSE,"all_pixels",7.27485027742275,6.61687909259148,3.99494128757358,137.760886376778,"squared_euclidean_pc1_pc3",564.015266639675,"all_pixels",6174,1,1248.73143813945,15144.9600477458,3513.39001769058,"all_pixels",6174
"1818_b",4432,FALSE,"all_pixels",7.34396597853592,6.64401712957008,3.87072799911788,137.825982002236,"squared_euclidean_pc1_pc3",502.815363451575,"all_pixels",4381,1,980.824865919717,11184.2613866927,2892.55761038611,"all_pixels",4381
"1818_c",5525,FALSE,"all_pixels",5.91603860493411,5.34814975990514,3.20378445397294,90.5237796450603,"squared_euclidean_pc1_pc3",419.069240307133,"all_pixels",5444,1,911.170709903791,10567.9158812278,2685.61680918501,"all_pixels",5444
"1818_d",6140,FALSE,"all_pixels",5.74401557342935,5.22955456324972,3.09635481927684,85.1591332134307,"squared_euclidean_pc1_pc3",397.612728225924,"all_pixels",5983,1,1218.68060595229,13316.1985943524,3372.06047803947,"all_pixels",5983
"1819_a",8004,FALSE,"all_pixels",5.82696590568852,5.20719033878981,3.13621921571088,87.5763475312283,"squared_euclidean_pc1_pc3",434.944262086136,"all_pixels",7926,1,1113.71274009329,12151.4195555953,3079.34086613741,"all_pixels",7926
"1819_b",7010,FALSE,"all_pixels",5.34516310754005,4.82673285118926,2.97220345249906,74.8070036209732,"squared_euclidean_pc1_pc3",398.698019583908,"all_pixels",6820,1,1108.66006104675,11628.2250562594,3027.66265621122,"all_pixels",6820
"1819_c",7436,FALSE,"all_pixels",6.95055095419307,6.27849019969347,4.27031930095726,133.086666310745,"squared_euclidean_pc1_pc3",580.923026412331,"all_pixels",7364,1,2443.81064655597,28806.4058036926,6127.42688950521,"all_pixels",7364
"1819_d",7423,FALSE,"all_pixels",6.70834158196495,6.23682755154567,3.41085031879314,113.268358800328,"squared_euclidean_pc1_pc3",520.350642540744,"all_pixels",7391,1,1197.42946819083,16480.8291205347,3574.86705566806,"all_pixels",7391
"1820_a",7696,FALSE,"all_pixels",7.70909598032982,7.0790285427647,4.1680080709595,153.600389598331,"squared_euclidean_pc1_pc3",682.41653319971,"all_pixels",7639,1,1618.98658094952,26467.9246837878,4886.95901247054,"all_pixels",7639
"1820_b",8110,FALSE,"all_pixels",7.80703169654312,7.11814969733311,4.39672822667458,160.557158765114,"squared_euclidean_pc1_pc3",678.362125123391,"all_pixels",8051,1,2065.37883537272,30075.1865911572,5610.26047338105,"all_pixels",8051
"1820_c",8979,FALSE,"all_pixels",6.86874565270841,6.1046196406623,4.16626412034654,129.070980823536,"squared_euclidean_pc1_pc3",650.285936838338,"all_pixels",8915,1,1954.05006828582,30081.0867773132,5536.98296258465,"all_pixels",8915
"1820_d",8585,FALSE,"all_pixels",6.89079236166622,6.19138741134596,3.77709648315667,123.495630851512,"squared_euclidean_pc1_pc3",627.18293875636,"all_pixels",8527,1,1469.81955541873,18028.5383024959,3953.30045583726,"all_pixels",8527
"1821_a",9011,FALSE,"all_pixels",7.10410538349718,6.34448892964245,3.94838903603512,132.112718393861,"squared_euclidean_pc1_pc3",663.25208389585,"all_pixels",8844,1,1812.24662922078,30028.0260113807,5295.11441131244,"all_pixels",8844
"1821_b",9019,FALSE,"all_pixels",7.8888931705534,6.76238856372808,5.54809650708928,186.025194721462,"squared_euclidean_pc1_pc3",798.108570002157,"all_pixels",8922,1,4310.44318359183,78538.3583846164,11751.6918800822,"all_pixels",8922
"1821_c",9211,FALSE,"all_pixels",15.0902003119752,11.8349190000024,12.3174917408138,758.83655313016,"squared_euclidean_pc1_pc3",1285.25553947293,"all_pixels",9103,1,5784.12070871442,118751.13414715,15583.432574582,"all_pixels",9103
"1821_d",9108,FALSE,"all_pixels",7.21915756136653,6.29041671179282,4.38955921590022,142.764700955222,"squared_euclidean_pc1_pc3",716.972214818677,"all_pixels",9078,1,2364.5671787311,42948.7010197264,6944.42021640437,"all_pixels",9078
"1822_a",NA,TRUE,"manual_excluded",NA,NA,NA,NA,"squared_euclidean_pc1_pc3",NA,"manual_excluded",NA,1,NA,NA,NA,"manual_excluded",NA
"1822_b",NA,TRUE,"manual_excluded",NA,NA,NA,NA,"squared_euclidean_pc1_pc3",NA,"manual_excluded",NA,1,NA,NA,NA,"manual_excluded",NA
"1822_c",NA,TRUE,"manual_excluded",NA,NA,NA,NA,"squared_euclidean_pc1_pc3",NA,"manual_excluded",NA,1,NA,NA,NA,"manual_excluded",NA
"1822_d",NA,TRUE,"manual_excluded",NA,NA,NA,NA,"squared_euclidean_pc1_pc3",NA,"manual_excluded",NA,1,NA,NA,NA,"manual_excluded",NA
"1823_b",NA,TRUE,"manual_excluded",NA,NA,NA,NA,"squared_euclidean_pc1_pc3",NA,"manual_excluded",NA,1,NA,NA,NA,"manual_excluded",NA
"19_a",6148,FALSE,"all_pixels",9.68951259040836,8.46270711055823,5.7365874457478,253.579474113101,"squared_euclidean_pc1_pc3",836.677777762569,"all_pixels",6062,1,3037.90551276073,54749.0087299467,8409.40857369532,"all_pixels",6062
"19_b",7843,FALSE,"all_pixels",5.92884528425489,5.28120723343245,3.31294286069906,92.2507947812456,"squared_euclidean_pc1_pc3",480.312394380716,"all_pixels",7837,1,991.142061362598,14418.7764009174,3147.3360653733,"all_pixels",7837
"19_c",7445,FALSE,"all_pixels",6.11714430274105,5.1113495372953,4.98155653743236,124.464053450186,"squared_euclidean_pc1_pc3",481.073901652731,"all_pixels",7445,1,3058.57625408483,42521.6691998346,7858.48769827671,"all_pixels",7445
"19_d",7141,FALSE,"all_pixels",5.71720574240412,5.01787758198355,3.65215504844358,92.0456203202057,"squared_euclidean_pc1_pc3",457.335216073738,"all_pixels",7140,1,1745.38703041745,23298.7253403256,4868.87756447998,"all_pixels",7140
"1900_a",7553,FALSE,"all_pixels",6.02472310562113,5.49062695864572,3.25918139997127,93.8362910676786,"squared_euclidean_pc1_pc3",498.963183400227,"all_pixels",7463,1,1017.30935060495,12832.7216011697,2984.59821506514,"all_pixels",7463
"1900_b",6667,FALSE,"all_pixels",5.96860989098412,5.44332799506579,3.16581696607267,91.2903956180638,"squared_euclidean_pc1_pc3",436.175014836447,"all_pixels",6563,1,1125.88984573062,13925.129997378,3210.91996369637,"all_pixels",6563
"1900_c",7339,FALSE,"all_pixels",6.23132275462891,5.46122094348462,3.85404336054081,107.362019126951,"squared_euclidean_pc1_pc3",517.196342938771,"all_pixels",7272,1,1523.48690649874,14435.5131317068,3876.35165403953,"all_pixels",7272
"1900_d",6916,FALSE,"all_pixels",5.72976726837917,5.30239811235004,2.9019015096061,82.5000954104535,"squared_euclidean_pc1_pc3",413.368817914789,"all_pixels",6882,1,988.920149036527,10707.7009411739,2734.2399332124,"all_pixels",6882
"1901_a",8101,FALSE,"all_pixels",5.32062467656182,4.69961316448887,3.0575874239713,75.3134675373123,"squared_euclidean_pc1_pc3",433.293885535861,"all_pixels",8024,1,976.090901349058,10717.728652519,2840.88670374447,"all_pixels",8024
"1901_b",7065,FALSE,"all_pixels",6.02133487697742,5.67151232597154,2.90518788542308,89.3907914248595,"squared_euclidean_pc1_pc3",411.826703836891,"all_pixels",7045,1,1068.00085784747,12168.9329401403,3006.94958343898,"all_pixels",7045
"1901_c",5763,FALSE,"all_pixels",9.25226324157065,6.82213115442239,12.8115200786328,499.421881964928,"squared_euclidean_pc1_pc3",511.285341016493,"all_pixels",5728,1,5215.75025496417,98580.5365145936,14669.4794803246,"all_pixels",5728
"1901_d",7266,FALSE,"all_pixels",5.85905724379427,5.41200762521209,3.0426703372006,87.1702408699682,"squared_euclidean_pc1_pc3",445.015655813838,"all_pixels",7255,1,874.142525758635,9904.86668295995,2549.5810819469,"all_pixels",7255
"1902_a",7162,FALSE,"all_pixels",5.60163868176696,4.93908757174517,3.46949894265873,86.828196198679,"squared_euclidean_pc1_pc3",434.78402488112,"all_pixels",7154,1,1305.04552765321,13792.013150635,3506.65908853849,"all_pixels",7154
"1902_b",7576,FALSE,"all_pixels",6.82613948485746,5.74138593750248,5.54975947779543,154.78389016122,"squared_euclidean_pc1_pc3",535.328679660766,"all_pixels",7573,1,2912.6529152897,41753.407639936,7600.82756505476,"all_pixels",7573
"1902_c",7502,FALSE,"all_pixels",6.62895293708685,5.7626384323203,4.66966170331536,131.491701617149,"squared_euclidean_pc1_pc3",545.7408884685,"all_pixels",7479,1,2419.570612153,32954.5642471614,6495.53630553398,"all_pixels",7479
"1902_d",7308,FALSE,"all_pixels",8.11353048953761,7.06040832728369,5.13164717313629,184.319152585869,"squared_euclidean_pc1_pc3",719.241425017365,"all_pixels",7226,1,1853.71166700247,23805.6761639346,4968.84054245997,"all_pixels",7226
"1903_a",5572,FALSE,"all_pixels",6.46252266872502,5.7833940233192,3.65285541941595,110.210314487619,"squared_euclidean_pc1_pc3",487.303680251917,"all_pixels",5557,1,1312.97229479564,21528.4826339576,4228.07605823525,"all_pixels",5557
"1903_b",5700,FALSE,"all_pixels",6.68043791970912,6.05105317333062,3.56095480376203,114.6128505642,"squared_euclidean_pc1_pc3",515.474311405279,"all_pixels",5700,1,1317.7703605029,19210.1314867972,3981.43520442472,"all_pixels",5700
"1903_c",6843,FALSE,"all_pixels",6.97807720176432,6.15889742208162,4.29316804664402,134.244319717063,"squared_euclidean_pc1_pc3",554.760855804032,"all_pixels",6807,1,1912.58773396735,40123.5094680335,6400.08482242886,"all_pixels",6807
"1903_d",7149,FALSE,"all_pixels",6.74374766737601,6.027276586665,3.81746847622593,120.098319384256,"squared_euclidean_pc1_pc3",569.065606558107,"all_pixels",7007,1,1376.99587273478,22586.1578578427,4454.6598589718,"all_pixels",7007
"1904_a",6567,FALSE,"all_pixels",6.9274901620909,6.29492454805453,3.66757608767272,122.878372031319,"squared_euclidean_pc1_pc3",548.63022547552,"all_pixels",6562,1,1570.61073236105,20931.3901951484,4412.33373012867,"all_pixels",6562
"1904_b",6183,FALSE,"all_pixels",6.90578574990704,6.12601756272333,4.03623569064824,127.956881073718,"squared_euclidean_pc1_pc3",552.040614693854,"all_pixels",6183,1,1657.30157693041,32339.7230758165,5500.00922484887,"all_pixels",6183
"1904_c",5780,FALSE,"all_pixels",5.55120101567235,5.08585568467338,3.01118165138131,79.7629578634192,"squared_euclidean_pc1_pc3",383.811743380275,"all_pixels",5780,1,1075.11856064308,14555.0591407024,3252.64955000924,"all_pixels",5780
"1904_d",5102,FALSE,"all_pixels",6.47063103176772,5.90553649027131,3.30711057433555,105.607805269719,"squared_euclidean_pc1_pc3",486.399070332478,"all_pixels",5101,1,1034.06321717041,14502.3208220256,3188.41664551205,"all_pixels",5101
"1905_a",7468,FALSE,"all_pixels",7.43276074507994,6.74199951175547,4.13326740947557,144.65508831617,"squared_euclidean_pc1_pc3",661.799664808631,"all_pixels",7468,1,2088.15764650636,28540.7505091858,5645.11001700408,"all_pixels",7468
"1905_b",5323,FALSE,"all_pixels",6.76298129056205,6.03534336364631,3.8479637521595,121.083918610494,"squared_euclidean_pc1_pc3",501.361012294222,"all_pixels",5323,1,1179.94605596963,14054.2010687086,3341.77036835041,"all_pixels",5323
"1905_c",6688,FALSE,"all_pixels",5.24881207222546,4.7442976747368,2.78635968254686,70.6253351895145,"squared_euclidean_pc1_pc3",368.984071642984,"all_pixels",6688,1,605.873756198451,6122.05554632903,1876.44321415851,"all_pixels",6688
"1905_d",6208,FALSE,"all_pixels",6.79954075321494,6.23937850426769,3.64971440364809,119.104047994769,"squared_euclidean_pc1_pc3",514.622009221406,"all_pixels",6208,1,1842.15704378215,21180.5588834297,4774.68108379536,"all_pixels",6208
"1906_a",6882,FALSE,"all_pixels",6.56480117705831,5.95250929258515,3.42617876594774,109.667219439704,"squared_euclidean_pc1_pc3",523.9378531796,"all_pixels",6868,1,1131.04770581505,13635.9664245483,3221.52798138951,"all_pixels",6868
"1906_b",7169,FALSE,"all_pixels",5.33602477755338,4.82566239917987,2.72756191957846,71.8234334135628,"squared_euclidean_pc1_pc3",378.873533097871,"all_pixels",7169,1,691.913178960634,7321.82527816624,2077.90707638605,"all_pixels",7169
"1906_c",5489,FALSE,"all_pixels",6.66939203235135,5.87473227668556,4.71089314365814,133.338522406791,"squared_euclidean_pc1_pc3",437.505359487386,"all_pixels",5477,1,2911.26237495949,38988.6888444785,7686.74456205494,"all_pixels",5477
"1906_d",7254,FALSE,"all_pixels",5.55824885929863,5.05133945054434,2.99027720499314,79.6693109575787,"squared_euclidean_pc1_pc3",400.336158960763,"all_pixels",7228,1,824.436604627202,9662.0047796569,2515.61674825245,"all_pixels",7228
"1907_a",5196,FALSE,"all_pixels",5.80026772510765,5.30437259988613,3.09778295501865,86.4750361284066,"squared_euclidean_pc1_pc3",388.527454214037,"all_pixels",5162,1,956.730499319783,12097.5982007869,3089.57748053514,"all_pixels",5162
"1907_b",6202,FALSE,"all_pixels",6.82760926323951,5.89745798906921,5.40803409533982,151.716730635871,"squared_euclidean_pc1_pc3",511.706320294329,"all_pixels",6150,1,3160.66746711396,49132.5988827359,8672.63121965537,"all_pixels",6150
"1907_c",7150,FALSE,"all_pixels",7.06184332514947,6.45499852894716,3.90184865505579,130.183849571998,"squared_euclidean_pc1_pc3",566.188915267624,"all_pixels",7126,1,1534.38061828261,28005.9832257264,5085.71729194569,"all_pixels",7126
"1907_d",6896,FALSE,"all_pixels",7.10490876425957,6.34425263186598,4.18761495339176,136.026609211266,"squared_euclidean_pc1_pc3",589.753647039828,"all_pixels",6720,1,2200.92820824248,36759.9984086385,6547.75065110505,"all_pixels",6720
"1908_a",7214,FALSE,"all_pixels",7.30719961067096,6.57472406284607,4.10570459428188,140.499279371201,"squared_euclidean_pc1_pc3",618.162801364678,"all_pixels",7007,1,1959.2223891201,29746.9517480606,5629.5916432631,"all_pixels",7007
"1908_b",5674,FALSE,"all_pixels",7.21138726182057,6.43314297297719,3.97482221351955,135.601066752656,"squared_euclidean_pc1_pc3",554.869960591689,"all_pixels",5531,1,1379.5626943297,20886.9810739795,4276.66939938049,"all_pixels",5531
"1908_c",6508,FALSE,"all_pixels",5.91880349420066,5.36616352311925,3.26407175054082,91.3695242166061,"squared_euclidean_pc1_pc3",459.803588472426,"all_pixels",6359,1,902.220321239897,10011.8856840925,2628.92131776987,"all_pixels",6359
"1908_d",7156,FALSE,"all_pixels",6.51800285046073,5.87348341435231,3.64568260110824,111.547010927767,"squared_euclidean_pc1_pc3",533.319912305023,"all_pixels",7131,1,1428.06191775464,22937.9090803634,4697.00361408765,"all_pixels",7131
"1909_a",5560,FALSE,"all_pixels",5.42635333821715,4.88449595481725,2.96577185034508,76.4790624811651,"squared_euclidean_pc1_pc3",380.411400854157,"all_pixels",5427,1,950.914924437768,11234.2896335628,2763.19199042348,"all_pixels",5427
"1909_b",6721,FALSE,"all_pixels",6.07668227944311,5.43552637263998,3.44709492766457,97.6135260099838,"squared_euclidean_pc1_pc3",496.877476768382,"all_pixels",6693,1,1113.93323656071,13958.9597377618,3252.33573831022,"all_pixels",6693
"1909_c",6733,FALSE,"all_pixels",6.66610223685783,6.19577655235931,3.43800062388656,112.510023624331,"squared_euclidean_pc1_pc3",484.978523737864,"all_pixels",6562,1,1297.80637966314,17827.0924307314,3848.35024824429,"all_pixels",6562
"1909_d",4380,FALSE,"all_pixels",6.39167645807789,5.6627592239895,3.72359459835309,109.431038233467,"squared_euclidean_pc1_pc3",446.323356800695,"all_pixels",4300,1,1336.20881249491,17625.4886143369,3827.26966507783,"all_pixels",4300
"1910_a",5748,FALSE,"all_pixels",5.59942973310298,5.02826404226903,3.17581173479774,82.875277703589,"squared_euclidean_pc1_pc3",410.594305998218,"all_pixels",5723,1,1546.32779155916,18478.5202743597,4250.92413480985,"all_pixels",5723
"1910_b",6186,FALSE,"all_pixels",6.22450894157111,5.15592267960462,4.8876296543639,125.25914685917,"squared_euclidean_pc1_pc3",454.895640713192,"all_pixels",6083,1,2495.5402438826,33396.2436357692,6532.35124951375,"all_pixels",6083
"1910_c",7265,FALSE,"all_pixels",5.29859104773528,4.75352108809881,3.17923058723803,76.3623659150524,"squared_euclidean_pc1_pc3",383.326599119071,"all_pixels",7216,1,1517.9183431765,17081.7001723414,4051.64580187924,"all_pixels",7216
"1910_d",6721,FALSE,"all_pixels",4.85625993292992,4.37276074327924,2.68575697226985,61.590955607319,"squared_euclidean_pc1_pc3",335.154978374306,"all_pixels",6594,1,731.247630793916,8240.78924139156,2248.88026156478,"all_pixels",6594
"1911_a",5986,FALSE,"all_pixels",4.85190539707206,4.26524962592636,2.91192639251185,64.0377695462023,"squared_euclidean_pc1_pc3",336.566499223532,"all_pixels",5939,1,981.147069976888,12091.6874993179,3024.79108943569,"all_pixels",5939
"1911_b",4454,FALSE,"all_pixels",5.08127729856588,4.54452652528078,2.83354304803337,67.6930850965256,"squared_euclidean_pc1_pc3",294.119243382825,"all_pixels",4347,1,718.851198384958,8331.56955087805,2225.36908684464,"all_pixels",4347
"1911_c",7596,FALSE,"all_pixels",5.19369266855121,4.60405504175188,3.0546243816131,72.6078905478974,"squared_euclidean_pc1_pc3",387.856932721621,"all_pixels",7545,1,1561.65755210244,18330.3741613106,4362.5719757701,"all_pixels",7545
"1911_d",6325,FALSE,"all_pixels",5.5615667830802,4.97352326577452,3.17858956664277,82.0657186706718,"squared_euclidean_pc1_pc3",414.349213442857,"all_pixels",6282,1,1175.08952345841,15325.5330273865,3466.05412597691,"all_pixels",6282
"1912_a",6671,FALSE,"all_pixels",6.39950503315552,5.9262578762709,3.37040713761951,104.623212205808,"squared_euclidean_pc1_pc3",485.024869911861,"all_pixels",6581,1,1240.42426835392,14715.1749410035,3462.47811073327,"all_pixels",6581
"1912_b",4568,FALSE,"all_pixels",6.5017071404827,5.97436908711899,3.26102592131252,105.808315606255,"squared_euclidean_pc1_pc3",440.084416005582,"all_pixels",4548,1,1088.26610309852,15050.5215529077,3444.76470046538,"all_pixels",4548
"1912_c",5467,FALSE,"all_pixels",6.26464949388799,5.71553677234691,3.39621775809108,101.556037076535,"squared_euclidean_pc1_pc3",468.070100273668,"all_pixels",5457,1,1234.64711771708,13660.3526689207,3544.49503513096,"all_pixels",5457
"1912_d",3154,FALSE,"all_pixels",6.66142090034124,5.94139750827356,3.92787450318967,119.595669790465,"squared_euclidean_pc1_pc3",400.150586482603,"all_pixels",3131,1,1754.66783844242,26634.257762573,5182.90481141979,"all_pixels",3131
"1913_a",3052,FALSE,"all_pixels",6.99998229012199,6.4016853530494,3.78511999358634,126.6443821707,"squared_euclidean_pc1_pc3",423.752080008822,"all_pixels",3018,1,1236.04144458262,15351.1708062099,3516.34741213702,"all_pixels",3018
"1913_b",5998,FALSE,"all_pixels",5.96696366318801,5.460313240791,3.21437467468114,91.8702745974866,"squared_euclidean_pc1_pc3",438.459368364433,"all_pixels",5856,1,1020.44830303651,15816.4580399868,3445.97632880018,"all_pixels",5856
"1913_c",6483,FALSE,"all_pixels",6.72310992307472,6.05107232408275,3.50991275212949,115.035588579163,"squared_euclidean_pc1_pc3",540.125944968186,"all_pixels",6396,1,1378.19830339819,19962.0114318643,4043.03143348098,"all_pixels",6396
"1913_d",5396,FALSE,"all_pixels",5.87556869893546,5.47854028243518,2.781652103844,84.5169240275997,"squared_euclidean_pc1_pc3",375.09691092031,"all_pixels",5284,1,666.373689814507,8069.67344763385,2144.6621386977,"all_pixels",5284
"1914_a",6009,FALSE,"all_pixels",5.5879359444182,5.00064454000176,3.03368174513592,80.8534429524605,"squared_euclidean_pc1_pc3",404.713881557828,"all_pixels",5803,1,868.537908630628,10346.037206794,2683.43203840302,"all_pixels",5803
"1914_b",5067,FALSE,"all_pixels",5.16064395446621,4.63255820045881,2.78260030985111,68.7471648254941,"squared_euclidean_pc1_pc3",337.80636335388,"all_pixels",4952,1,751.144503890153,7618.48317573086,2209.07365506384,"all_pixels",4952
"1914_c",6599,FALSE,"all_pixels",5.81551189298749,5.26466038868238,3.19587272503514,88.0644666041368,"squared_euclidean_pc1_pc3",414.662618040617,"all_pixels",6384,1,934.826337171372,10016.9769628308,2603.89205750356,"all_pixels",6384
"1914_d",4874,FALSE,"all_pixels",5.99987994988696,5.44540813844641,3.10173586153181,91.2347017450745,"squared_euclidean_pc1_pc3",397.243041558289,"all_pixels",4813,1,942.02960343669,11521.44613117,2811.29486658905,"all_pixels",4813
"1915_a",6227,FALSE,"all_pixels",5.66711107371516,5.10511245344288,3.09443954906309,83.3803325934778,"squared_euclidean_pc1_pc3",390.23523689337,"all_pixels",6207,1,953.057701450189,11555.3582334666,2850.78911284463,"all_pixels",6207
"1915_b",6145,FALSE,"all_pixels",7.28025789065498,6.58199803779631,4.33771497276408,143.629728349989,"squared_euclidean_pc1_pc3",539.766911875543,"all_pixels",6076,1,1989.99266707411,25747.402996973,5446.49009353986,"all_pixels",6076
"1915_c",6915,FALSE,"all_pixels",5.61436518999638,5.09537855241521,3.00807635449846,81.1366226111641,"squared_euclidean_pc1_pc3",429.081840282506,"all_pixels",6886,1,899.68903171567,9987.73759448255,2578.26242045628,"all_pixels",6886
"1915_d",4988,FALSE,"all_pixels",5.33113661844782,4.86035488430838,2.79323862976019,72.4432709937484,"squared_euclidean_pc1_pc3",356.536533245516,"all_pixels",4983,1,782.236811218307,8224.12393226758,2307.22162816532,"all_pixels",4983
"1916_a",6341,FALSE,"all_pixels",5.43183279793851,4.89463918325453,3.04049535130845,77.4959232307043,"squared_euclidean_pc1_pc3",384.39606468731,"all_pixels",6216,1,960.508686594625,12944.8444735421,3014.28093011764,"all_pixels",6216
"1916_b",7739,FALSE,"all_pixels",5.29820270840636,4.86049733169923,2.82757198965168,72.1301643914195,"squared_euclidean_pc1_pc3",398.298216762415,"all_pixels",7710,1,748.876352146944,8308.04102362123,2256.29320329063,"all_pixels",7710
"1916_c",6361,FALSE,"all_pixels",7.51266060272416,6.79428378283452,4.10546226016949,146.584479978065,"squared_euclidean_pc1_pc3",586.310131466605,"all_pixels",6284,1,1782.31261135183,26525.9842794051,5113.38531679667,"all_pixels",6284
"1916_d",4187,FALSE,"all_pixels",7.31280636624984,6.75487191548314,3.72331338025392,134.673777000811,"squared_euclidean_pc1_pc3",492.556830284036,"all_pixels",4090,1,1416.10269200991,20849.0776113208,4283.49897807917,"all_pixels",4090
"1917_a",7211,FALSE,"all_pixels",6.89836278104967,6.29053799557628,3.58957530595264,120.941346151205,"squared_euclidean_pc1_pc3",577.162610377602,"all_pixels",7147,1,1322.26052466646,20566.7232175646,4169.55736834381,"all_pixels",7147
"1917_b",6572,FALSE,"all_pixels",6.55906934346611,5.97377748102441,3.48211760545967,110.289377401244,"squared_euclidean_pc1_pc3",522.811674878353,"all_pixels",6317,1,1324.37605302818,18630.0652355833,3902.69635133837,"all_pixels",6317
"1917_c",5452,FALSE,"all_pixels",8.22348687026746,7.46049419906366,4.39255993365457,173.833560169009,"squared_euclidean_pc1_pc3",678.191385213401,"all_pixels",5394,1,1611.05858338266,24256.2874609455,4747.91245792507,"all_pixels",5394
"1917_d",4597,FALSE,"all_pixels",9.02033399066043,8.02765115828293,5.83219664295061,230.747087398243,"squared_euclidean_pc1_pc3",630.374264609148,"all_pixels",4523,1,3499.67138298064,53587.225323855,9354.64768641097,"all_pixels",4523
"1918_a",5379,FALSE,"all_pixels",7.7383907518412,7.20099252801275,4.09571915814981,153.308976513867,"squared_euclidean_pc1_pc3",561.947113255252,"all_pixels",5297,1,1633.76818618494,23937.23447346,4710.91664328525,"all_pixels",5297
"1918_b",7611,FALSE,"all_pixels",6.7334278014903,6.20266801731604,3.45718009851746,114.57914764079,"squared_euclidean_pc1_pc3",533.49533550918,"all_pixels",7387,1,1079.51192927612,12227.2345707453,3018.27136432676,"all_pixels",7387
"1918_c",6554,FALSE,"all_pixels",5.16116989829125,4.67138019879889,2.6906004094536,67.7518014312337,"squared_euclidean_pc1_pc3",373.729183756136,"all_pixels",6387,1,587.602997014718,6582.36541418092,1924.51049538836,"all_pixels",6387
"1918_d",5980,FALSE,"all_pixels",6.88136388435077,6.17948720213309,3.78807559715718,123.400572107775,"squared_euclidean_pc1_pc3",551.72666665935,"all_pixels",5859,1,1252.65476976749,15592.3823272246,3564.13244031051,"all_pixels",5859
"1919_a",4967,FALSE,"all_pixels",5.94189897696013,5.45559389163047,3.0914416101394,89.7225011599733,"squared_euclidean_pc1_pc3",413.012143136053,"all_pixels",4922,1,983.822541018689,11733.5048459776,2922.82018351782,"all_pixels",4922
"1919_b",6255,FALSE,"all_pixels",5.11018116982054,4.66639317269705,2.62406118300847,65.9970956993804,"squared_euclidean_pc1_pc3",339.927945722465,"all_pixels",6223,1,723.622481515726,7714.03614839597,2146.65856564862,"all_pixels",6223
"1919_c",6857,FALSE,"all_pixels",6.21609360296863,5.64150740486808,3.35064907738496,99.7300632753815,"squared_euclidean_pc1_pc3",486.704257980383,"all_pixels",6809,1,1085.71317119532,13046.0247805702,3125.93467445339,"all_pixels",6809
"1919_d",6276,FALSE,"all_pixels",7.07237536927945,5.98772637186968,4.63524100288421,143.001058173644,"squared_euclidean_pc1_pc3",580.016373410926,"all_pixels",6268,1,1567.69970449486,17526.5830780691,4101.76844943559,"all_pixels",6268
"1920_a",5917,FALSE,"all_pixels",7.03171225685241,6.17329085535414,4.87577267220581,146.428237283642,"squared_euclidean_pc1_pc3",495.906562719966,"all_pixels",5838,1,2038.10903835164,26216.4291960157,5631.22843119399,"all_pixels",5838
"1920_b",7317,FALSE,"all_pixels",7.52561000994255,6.81109622133663,4.28895816303025,150.054908230681,"squared_euclidean_pc1_pc3",652.008109443656,"all_pixels",7291,1,1898.15975022592,22187.0184751988,5123.62745723739,"all_pixels",7291
"1920_c",7416,FALSE,"all_pixels",6.18905379848337,5.58456962479866,3.27457910041616,98.0516185908817,"squared_euclidean_pc1_pc3",529.54636421851,"all_pixels",7315,1,1173.50527360991,15149.2204607693,3454.62880141217,"all_pixels",7315
"1920_d",7278,FALSE,"all_pixels",5.4771227581174,4.82490740118467,3.42908187556709,83.5117211606432,"squared_euclidean_pc1_pc3",422.435647869619,"all_pixels",7266,1,1542.08928429935,17328.6795438145,4128.72461013663,"all_pixels",7266
"1921_a",NA,TRUE,"manual_excluded",NA,NA,NA,NA,"squared_euclidean_pc1_pc3",NA,"manual_excluded",NA,1,NA,NA,NA,"manual_excluded",NA
"1921_b",NA,TRUE,"manual_excluded",NA,NA,NA,NA,"squared_euclidean_pc1_pc3",NA,"manual_excluded",NA,1,NA,NA,NA,"manual_excluded",NA
"1921_c",NA,TRUE,"manual_excluded",NA,NA,NA,NA,"squared_euclidean_pc1_pc3",NA,"manual_excluded",NA,1,NA,NA,NA,"manual_excluded",NA
"1921_d",NA,TRUE,"manual_excluded",NA,NA,NA,NA,"squared_euclidean_pc1_pc3",NA,"manual_excluded",NA,1,NA,NA,NA,"manual_excluded",NA
"1922_b",NA,TRUE,"manual_excluded",NA,NA,NA,NA,"squared_euclidean_pc1_pc3",NA,"manual_excluded",NA,1,NA,NA,NA,"manual_excluded",NA
"2_a",8273,FALSE,"all_pixels",6.51761730558591,5.90528951880912,3.54772758471275,110.128369956193,"squared_euclidean_pc1_pc3",533.054502266049,"all_pixels",8273,1,1212.67968249948,15272.9573473212,3495.09254076101,"all_pixels",8273
"2_b",7786,FALSE,"all_pixels",5.67977755586305,5.17773201820256,3.08601125331303,83.5642307742973,"squared_euclidean_pc1_pc3",430.294303042059,"all_pixels",7784,1,748.647854789761,8052.80086232222,2290.5682095522,"all_pixels",7784
"2_c",6135,FALSE,"all_pixels",7.06455946026838,6.48528356857633,3.71870670474382,127.469051687554,"squared_euclidean_pc1_pc3",557.660372584129,"all_pixels",6132,1,1180.45334853005,14108.3602795669,3304.25967964813,"all_pixels",6132
"2_d",5100,FALSE,"all_pixels",7.30419540809564,6.60708747696202,3.95271824818324,137.944377166744,"squared_euclidean_pc1_pc3",550.254507181647,"all_pixels",5096,1,1242.61326279567,15061.4804678108,3480.85152691552,"all_pixels",5096
"20_a",8494,FALSE,"all_pixels",5.89319686091895,5.14462353256707,3.51778352620109,94.2062265828639,"squared_euclidean_pc1_pc3",493.012502005326,"all_pixels",8487,1,1665.40629582305,21295.7541635017,4563.12580455071,"all_pixels",8487
"20_b",7734,FALSE,"all_pixels",4.97131779031136,4.26409409591336,3.63097657130773,75.7925735084051,"squared_euclidean_pc1_pc3",356.818085439394,"all_pixels",7734,1,2037.3229451874,25125.575914872,5615.54786257036,"all_pixels",7734
"20_c",7443,FALSE,"all_pixels",5.52357674779378,4.95991843704919,3.04318204267511,79.5392255661295,"squared_euclidean_pc1_pc3",409.929168856141,"all_pixels",7435,1,992.683857648248,12479.1044521642,2945.34645870215,"all_pixels",7435
"20_d",7563,FALSE,"all_pixels",5.56212784372226,4.98217149789202,3.13384866877557,81.51395013787,"squared_euclidean_pc1_pc3",438.578887456585,"all_pixels",7540,1,1524.30912892211,16690.3188024439,3977.87857942471,"all_pixels",7540
"200_a",5888,FALSE,"all_pixels",6.77879634375772,6.13712321813739,3.75211752601552,120.056149537914,"squared_euclidean_pc1_pc3",501.715855900577,"all_pixels",5883,1,1651.49045020192,25088.6085925095,4840.85037345491,"all_pixels",5883
"200_b",6570,FALSE,"all_pixels",5.32743035858836,4.72064573631287,3.03604715665651,75.1953871649643,"squared_euclidean_pc1_pc3",389.36654072322,"all_pixels",6570,1,796.090498457315,9348.690380744,2539.64822313453,"all_pixels",6570
"200_c",8465,FALSE,"all_pixels",5.77263722819561,5.17428242824017,3.08910057250142,85.729511243079,"squared_euclidean_pc1_pc3",457.773789191987,"all_pixels",8465,1,898.729135183232,11265.9808284579,2803.26637795818,"all_pixels",8465
"200_d",7096,FALSE,"all_pixels",5.93131098935005,5.45266046925424,3.00993368880465,88.4777482598012,"squared_euclidean_pc1_pc3",436.915250718316,"all_pixels",7092,1,924.71905939271,13106.1485083856,3060.31130320014,"all_pixels",7092
"201_a",8762,FALSE,"all_pixels",5.7079502541293,5.09627379798073,3.13742027815686,84.8459573708179,"squared_euclidean_pc1_pc3",445.790778000434,"all_pixels",8727,1,974.042941234892,8990.36158214239,2588.70209992319,"all_pixels",8727
"201_b",8570,FALSE,"all_pixels",6.97759327944371,6.28370003783667,3.91653627258192,128.048548939129,"squared_euclidean_pc1_pc3",576.440821373142,"all_pixels",8536,1,1591.90082573514,22324.1509796233,4522.33195531391,"all_pixels",8536
"201_c",5458,FALSE,"all_pixels",8.23999845965447,7.54551327194401,4.16166638123911,170.427736915849,"squared_euclidean_pc1_pc3",630.258463579059,"all_pixels",5449,1,1598.58224572777,24236.410188324,4788.88011241821,"all_pixels",5449
"201_d",7408,FALSE,"all_pixels",7.4195836576632,6.78707019016367,3.81880953307898,139.263118628282,"squared_euclidean_pc1_pc3",640.937191556388,"all_pixels",7359,1,1446.31664619116,20944.2829441215,4277.90832353164,"all_pixels",7359
"202_a",6161,FALSE,"all_pixels",7.50408766152886,6.79674108964642,4.11075663493706,146.413817910125,"squared_euclidean_pc1_pc3",589.317755163422,"all_pixels",6115,1,2168.699500715,39785.0363313958,6503.8286220974,"all_pixels",6115
"202_b",4835,FALSE,"all_pixels",7.42908071358171,6.71268528194114,4.09231081586227,143.869568717495,"squared_euclidean_pc1_pc3",541.789642296955,"all_pixels",4824,1,1637.17057575146,23875.6638523536,4628.71455896556,"all_pixels",4824
"202_c",6198,FALSE,"all_pixels",6.3077204404909,5.75212755244512,3.27003145011965,100.957435178321,"squared_euclidean_pc1_pc3",473.479306891765,"all_pixels",6130,1,843.306050077483,10908.2610360474,2738.05512621618,"all_pixels",6130
"202_d",5463,FALSE,"all_pixels",7.75495806413454,7.0617352501811,4.39994984045486,158.990778830843,"squared_euclidean_pc1_pc3",616.095705400234,"all_pixels",5381,1,2856.38576525317,56061.4103644259,8503.35586738112,"all_pixels",5381
"203_a",7514,FALSE,"all_pixels",8.50806706426329,7.78849730926164,4.52726507093025,185.761212934036,"squared_euclidean_pc1_pc3",735.788916628683,"all_pixels",7489,1,2402.33744999807,40392.4760632641,6942.57302705167,"all_pixels",7489
"203_b",8010,FALSE,"all_pixels",7.65300133953234,7.09406288799204,3.94728072265028,148.295018819296,"squared_euclidean_pc1_pc3",627.784822647207,"all_pixels",7905,1,2057.63224724784,35427.1666190073,6177.8159995353,"all_pixels",7905
"203_c",7998,FALSE,"all_pixels",7.38882442302153,6.68452731433057,3.96766014147253,140.670170139047,"squared_euclidean_pc1_pc3",655.890394414683,"all_pixels",7992,1,1679.17426263388,24235.4653531078,4708.80370145767,"all_pixels",7992
"203_d",8148,FALSE,"all_pixels",7.03087226090681,6.36012198594997,3.85842904785753,128.637624668298,"squared_euclidean_pc1_pc3",600.027150853117,"all_pixels",8148,1,1789.14121915657,30070.359211739,5401.72145473647,"all_pixels",8148
"204_a",7381,FALSE,"all_pixels",6.66072960210291,6.16417217405692,3.45218248965319,112.562536293839,"squared_euclidean_pc1_pc3",510.599358335912,"all_pixels",7381,1,1055.57740350231,11653.1687582628,2982.95781630414,"all_pixels",7381
"204_b",6305,FALSE,"all_pixels",7.47796919834261,6.70834028779741,4.27421703665594,148.372114154134,"squared_euclidean_pc1_pc3",588.615243570795,"all_pixels",6305,1,2196.14026660635,32872.0189904022,6285.83657508481,"all_pixels",6305
"204_c",7163,FALSE,"all_pixels",8.05272936120386,7.34100231517649,4.40755437725295,168.540547372566,"squared_euclidean_pc1_pc3",637.773367140267,"all_pixels",7162,1,1405.73954249793,18031.3311860178,3993.15741594069,"all_pixels",7162
"204_d",7147,FALSE,"all_pixels",6.70994954657611,6.06729712419796,3.63807027564859,116.514252689025,"squared_euclidean_pc1_pc3",533.009965104021,"all_pixels",7134,1,1087.49240890897,12784.8865088103,3107.1183816958,"all_pixels",7134
"205_a",6037,FALSE,"all_pixels",8.32367670007971,7.75663904852366,4.28139850717545,175.221861293166,"squared_euclidean_pc1_pc3",696.353069361915,"all_pixels",6032,1,2928.07852449459,34846.8695930005,7408.50705197126,"all_pixels",6032
"205_b",7898,FALSE,"all_pixels",8.72650748402963,8.27064937534815,4.08148886390722,185.616750007321,"squared_euclidean_pc1_pc3",769.644525555188,"all_pixels",7848,1,1472.33099493398,19749.4800959499,4191.85954339517,"all_pixels",7848
"205_c",7984,FALSE,"all_pixels",8.11349313508963,7.54652160925148,3.9722570674076,163.211241513656,"squared_euclidean_pc1_pc3",741.58726425713,"all_pixels",7983,1,1377.28947547039,19200.2446691929,4025.93082059379,"all_pixels",7983
"205_d",7308,FALSE,"all_pixels",6.51778484785224,5.84281077994587,3.65566929369787,111.687217276206,"squared_euclidean_pc1_pc3",537.222521615383,"all_pixels",7281,1,1422.42089321673,18287.8942198721,3938.11656533355,"all_pixels",7281
"206_a",6636,FALSE,"all_pixels",8.15846063547687,7.37426543546596,4.42805405650489,172.330375853473,"squared_euclidean_pc1_pc3",729.546065063333,"all_pixels",6626,1,1892.51677296609,33409.6875069973,5672.73260940049,"all_pixels",6626
"206_b",6716,FALSE,"all_pixels",9.29834566639282,8.49352788522817,5.40805588207363,231.403891441738,"squared_euclidean_pc1_pc3",767.210816669326,"all_pixels",6714,1,2937.36824055737,49036.8022556971,8129.50530848093,"all_pixels",6714
"206_c",4484,FALSE,"all_pixels",7.44939935107593,6.68814198473178,4.23931823280919,146.922723565282,"squared_euclidean_pc1_pc3",535.726147400902,"all_pixels",4465,1,1803.32615765454,34091.5683294566,5780.61342597721,"all_pixels",4465
"206_d",5934,FALSE,"all_pixels",6.75471844724005,6.08584200652561,3.74509908580441,119.299249672424,"squared_euclidean_pc1_pc3",499.737803514658,"all_pixels",5932,1,1350.1887257649,25460.5910045428,4744.4650607318,"all_pixels",5932
"207_a",6996,FALSE,"all_pixels",7.10404439258843,6.60522295062314,3.56615909126188,126.366239145841,"squared_euclidean_pc1_pc3",563.660258859742,"all_pixels",6996,1,1327.80408325729,20240.0407306088,4002.71439520409,"all_pixels",6996
"207_b",5962,FALSE,"all_pixels",6.62379449907005,6.02828064988834,3.63117059958123,114.115683831778,"squared_euclidean_pc1_pc3",511.094702826663,"all_pixels",5962,1,1722.96612390058,24274.0343181822,4794.08140111131,"all_pixels",5962
"207_c",6902,FALSE,"all_pixels",6.66577000478966,6.27578528021218,3.20715314142718,109.433661522194,"squared_euclidean_pc1_pc3",522.008586735752,"all_pixels",6902,1,1076.10907623223,14160.6038947277,3204.97267634043,"all_pixels",6902
"207_d",6955,FALSE,"all_pixels",7.16837457971984,6.69919992687559,3.58039195741262,128.405915039484,"squared_euclidean_pc1_pc3",579.184788334864,"all_pixels",6951,1,1462.46928963293,20840.4161730415,4149.81468432083,"all_pixels",6951
"208_a",8864,FALSE,"all_pixels",6.18220822344862,5.66737623950794,3.17020801974271,96.5375671643673,"squared_euclidean_pc1_pc3",473.203837047683,"all_pixels",8816,1,1006.06628094054,13868.989023239,3171.09713825801,"all_pixels",8816
"208_b",6765,FALSE,"all_pixels",6.36391849810897,5.819496258907,3.56545911841381,106.420156436828,"squared_euclidean_pc1_pc3",478.612128047442,"all_pixels",6757,1,2003.92192364847,26949.7149282552,5447.92248970064,"all_pixels",6757
"208_c",6805,FALSE,"all_pixels",5.41976068042568,4.87793949576735,2.93096366320266,75.9261828808944,"squared_euclidean_pc1_pc3",408.465095754592,"all_pixels",6794,1,852.329200030759,11234.8386333607,2741.01266254482,"all_pixels",6794
"208_d",6816,FALSE,"all_pixels",6.22031704049959,5.67762410937259,3.28898951524601,99.0164180964698,"squared_euclidean_pc1_pc3",492.885908212855,"all_pixels",6816,1,1115.68338753652,13604.7462148994,3177.44203123921,"all_pixels",6816
"209_a",8051,FALSE,"all_pixels",6.60683920012259,5.9670747950205,3.45261683422414,111.138813177788,"squared_euclidean_pc1_pc3",545.048975775187,"all_pixels",8051,1,1300.81135402917,16935.5218505202,3707.02397968768,"all_pixels",8051
"209_b",8389,FALSE,"all_pixels",6.53342014525631,5.80088038730521,3.76508180594647,113.71945997388,"squared_euclidean_pc1_pc3",559.00777065292,"all_pixels",8389,1,1396.72834585538,16329.3845925208,3775.34672253313,"all_pixels",8389
"209_c",8032,FALSE,"all_pixels",6.16706658085499,5.37217196808571,3.64412707189484,102.621437968857,"squared_euclidean_pc1_pc3",521.546513511107,"all_pixels",8032,1,1228.94320184831,14476.922934705,3467.34718535382,"all_pixels",8032
"209_d",7819,FALSE,"all_pixels",5.86439952847866,5.37451310002653,2.99286946427843,86.6946077653891,"squared_euclidean_pc1_pc3",473.00423868923,"all_pixels",7770,1,963.966997211549,11181.2804902009,2768.17067553624,"all_pixels",7770
"21_a",8105,FALSE,"all_pixels",5.37406300400766,4.72251249657541,2.98070585156988,75.5281287123568,"squared_euclidean_pc1_pc3",405.272334905642,"all_pixels",8105,1,657.362927101682,7014.48310494978,2047.3722978629,"all_pixels",8105
"21_b",7677,FALSE,"all_pixels",5.36083466095321,4.54594538113879,3.40982157975653,80.7278339183232,"squared_euclidean_pc1_pc3",449.077741062977,"all_pixels",7655,1,1202.67363957162,14682.0195013254,3399.21378306406,"all_pixels",7655
"21_c",8007,FALSE,"all_pixels",5.33428299696786,4.67006268555508,3.22937140357854,77.7642245773812,"squared_euclidean_pc1_pc3",459.57510036549,"all_pixels",8005,1,1182.76130169824,14403.211391323,3335.22185118819,"all_pixels",8005
"21_d",8318,FALSE,"all_pixels",5.24461733892028,4.65971796180083,3.01966766810246,73.24661526659,"squared_euclidean_pc1_pc3",415.512917356976,"all_pixels",8318,1,825.000641701925,10869.4875512441,2646.30355530973,"all_pixels",8318
"210_a",7262,FALSE,"all_pixels",5.48190080500555,4.81123537983111,3.40422258109227,83.2767440263251,"squared_euclidean_pc1_pc3",416.12675786173,"all_pixels",7210,1,1282.53508834854,17735.076224528,3841.82403133603,"all_pixels",7210
"210_b",7544,FALSE,"all_pixels",5.63718848015738,4.92913779770082,3.46375872970591,87.5478562904668,"squared_euclidean_pc1_pc3",491.38754731517,"all_pixels",7543,1,1315.42197525224,16628.4482978899,3694.69797471313,"all_pixels",7543
"210_c",8895,FALSE,"all_pixels",6.60831100405038,5.76601405593607,4.05587019935434,120.23601607471,"squared_euclidean_pc1_pc3",571.783925717888,"all_pixels",8835,1,2019.7900041797,26751.539808975,5613.28966047537,"all_pixels",8835
"210_d",7892,FALSE,"all_pixels",6.43481768220324,5.46669987184251,4.61227943761374,125.354609367951,"squared_euclidean_pc1_pc3",535.810854158978,"all_pixels",7884,1,2967.17018524486,41283.735954173,7736.23958551068,"all_pixels",7884
"211_a",8168,FALSE,"all_pixels",6.08623905303015,5.47803592863281,3.47689133434892,98.2591982903479,"squared_euclidean_pc1_pc3",477.679622523216,"all_pixels",8141,1,1461.61721473852,20805.2129047906,4284.32739950483,"all_pixels",8141
"211_b",7953,FALSE,"all_pixels",5.95814463988958,5.16199130170755,3.86353588244254,100.849040348691,"squared_euclidean_pc1_pc3",495.976670199703,"all_pixels",7834,1,2230.47484676388,38962.8774649149,6542.42589224297,"all_pixels",7834
"211_c",7125,FALSE,"all_pixels",6.31165098106087,5.84114160469597,3.08990243490484,98.7661903287412,"squared_euclidean_pc1_pc3",479.518083358325,"all_pixels",7067,1,1421.51349909322,15943.6484343703,3794.93550748826,"all_pixels",7067
"211_d",6830,FALSE,"all_pixels",5.73404784473621,5.19376348667132,3.26027149912851,87.014237313994,"squared_euclidean_pc1_pc3",423.929080122224,"all_pixels",6828,1,1120.23195191311,16444.9784984317,3729.22148083206,"all_pixels",6828
"212_a",6721,FALSE,"all_pixels",5.85031376009235,5.19894233403239,3.37483854959961,91.2280234165002,"squared_euclidean_pc1_pc3",443.814356668578,"all_pixels",6663,1,1498.98953035088,18620.2753284381,4159.14033827643,"all_pixels",6663
"212_b",7618,FALSE,"all_pixels",6.40830327840848,5.66002301906521,3.79183826445099,110.885001909779,"squared_euclidean_pc1_pc3",511.944114524457,"all_pixels",7616,1,2373.47080206674,34914.447293721,6466.40986873557,"all_pixels",7616
"212_c",7347,FALSE,"all_pixels",5.16034848817644,4.59186504774019,2.90188522305048,70.097976387056,"squared_euclidean_pc1_pc3",391.41837281356,"all_pixels",7347,1,732.320145777771,9439.053720934,2377.74431219614,"all_pixels",7347
"212_d",7159,FALSE,"all_pixels",5.97933180321357,5.38709879962829,3.35035119703864,93.951388041029,"squared_euclidean_pc1_pc3",450.984393771368,"all_pixels",7159,1,1355.02745811396,19044.3272277132,4071.92205777236,"all_pixels",7159
"213_a",6741,FALSE,"all_pixels",5.90697888734627,5.03816169734178,4.62082641227254,112.482537639783,"squared_euclidean_pc1_pc3",454.956547011685,"all_pixels",6703,1,2638.92732088621,39967.1878519757,7292.17546795278,"all_pixels",6703
"213_b",6455,FALSE,"all_pixels",5.38805722096094,4.87789105067577,3.07633321818659,76.9870411246832,"squared_euclidean_pc1_pc3",371.102565615737,"all_pixels",6455,1,1436.04575530531,17464.5560831231,4141.25004733121,"all_pixels",6455
"213_c",8081,FALSE,"all_pixels",5.06941473353592,4.5599442368695,2.78865523821375,66.9492028941124,"squared_euclidean_pc1_pc3",385.369312288704,"all_pixels",8031,1,793.225694146461,10222.0443250621,2573.85051761119,"all_pixels",8031
"213_d",6922,FALSE,"all_pixels",6.40328316591047,5.52369624926465,5.2433973917474,136.982559300859,"squared_euclidean_pc1_pc3",471.7036080691,"all_pixels",6917,1,2993.56190718043,45073.3582850238,7839.48271233764,"all_pixels",6917
"214_a",7224,FALSE,"all_pixels",5.0039271251077,4.49241142089145,2.96210686691935,67.6242983823973,"squared_euclidean_pc1_pc3",375.157598703443,"all_pixels",7224,1,1960.27743791702,22063.5474572163,5100.96769726773,"all_pixels",7224
"214_b",7796,FALSE,"all_pixels",4.65397269277386,4.11665760370797,2.69212414593306,57.812129189271,"squared_euclidean_pc1_pc3",352.392426317847,"all_pixels",7789,1,808.997488940071,8308.90422881315,2287.85337792249,"all_pixels",7789
"214_c",8224,FALSE,"all_pixels",5.59570083335969,5.06923247221002,3.01621911855861,80.8166787292856,"squared_euclidean_pc1_pc3",445.830370992055,"all_pixels",8120,1,889.156044061196,11322.5085276461,2803.50450383937,"all_pixels",8120
"214_d",7363,FALSE,"all_pixels",5.95379757468371,4.91773714422551,5.5790847351714,133.139329328448,"squared_euclidean_pc1_pc3",413.678273935748,"all_pixels",7330,1,2867.07140033347,41546.5798976279,7519.04779969719,"all_pixels",7330
"215_a",7368,FALSE,"all_pixels",6.79424525971114,6.02218996495649,4.11788322833415,126.232858995537,"squared_euclidean_pc1_pc3",551.298843046732,"all_pixels",7275,1,2536.93398493166,50344.9604728109,7611.05305141002,"all_pixels",7275
"215_b",8517,FALSE,"all_pixels",5.68237210289802,5.05915538505617,3.35337118156333,87.0662613700366,"squared_euclidean_pc1_pc3",480.005034328672,"all_pixels",8420,1,2508.50083111603,29615.2955850629,6498.04111584707,"all_pixels",8420
"215_c",7072,FALSE,"all_pixels",7.02879213329612,5.95176492443787,5.11284674930188,151.082848596029,"squared_euclidean_pc1_pc3",557.386926395038,"all_pixels",7006,1,2579.4835253389,46377.1676766357,7413.57879288892,"all_pixels",7006
"215_d",6853,FALSE,"all_pixels",7.06959996157308,6.37967349645807,4.07917509508914,133.232969975278,"squared_euclidean_pc1_pc3",566.67161101646,"all_pixels",6784,1,2036.19022227513,38999.5545474287,6366.37181966137,"all_pixels",6784
"216_a",8583,FALSE,"all_pixels",5.38543323785911,4.6720348608895,3.45228040519056,81.8394851375192,"squared_euclidean_pc1_pc3",437.159909098632,"all_pixels",8583,1,2614.86247208656,36290.3408932532,6996.51961284333,"all_pixels",8583
"216_b",7773,FALSE,"all_pixels",6.9102491223636,5.63690777794976,6.410645104896,177.685253054399,"squared_euclidean_pc1_pc3",520.324803274977,"all_pixels",7738,1,4437.55753075061,74142.4931486875,11267.0148548904,"all_pixels",7738
"216_c",8001,FALSE,"all_pixels",5.86586163349212,5.18018421718167,3.42438431114743,92.2665499918419,"squared_euclidean_pc1_pc3",492.078646073018,"all_pixels",8001,1,1330.71696278622,23029.9776791919,4389.68650021992,"all_pixels",8001
"216_d",7645,FALSE,"all_pixels",6.68241129130946,5.35676285672417,5.47427127789284,149.236693577612,"squared_euclidean_pc1_pc3",573.013998453826,"all_pixels",7645,1,3574.46173978824,66087.7889177828,9728.22053996263,"all_pixels",7645
"217_a",8638,FALSE,"all_pixels",8.04960106898279,7.18676861021231,5.33911045339308,186.597755444425,"squared_euclidean_pc1_pc3",715.333671654824,"all_pixels",8635,1,3297.73536679146,62194.9769650114,9263.58834813715,"all_pixels",8635
"217_b",7356,FALSE,"all_pixels",7.23733006383297,6.3755979643249,5.75895039702868,171.079894989146,"squared_euclidean_pc1_pc3",611.290443198584,"all_pixels",7355,1,4410.41836935942,71482.6391802047,11692.3439402081,"all_pixels",7355
"217_c",8733,FALSE,"all_pixels",6.30099552224855,5.20363037701022,5.41680861329003,138.082000492594,"squared_euclidean_pc1_pc3",506.730563840849,"all_pixels",8732,1,2735.18503474301,36377.4844498403,7411.93900930503,"all_pixels",8732
"217_d",7850,FALSE,"all_pixels",5.75577095263496,5.08076951146536,3.29863726269304,88.0170418687626,"squared_euclidean_pc1_pc3",471.291430940196,"all_pixels",7813,1,1218.84057565885,17911.6607249039,3807.5844869807,"all_pixels",7813
"218_a",8453,FALSE,"all_pixels",5.57320496146415,4.62456016981679,5.10309159493543,114.198153246078,"squared_euclidean_pc1_pc3",448.434817728324,"all_pixels",8427,1,3838.72566305945,45392.1374791637,9524.8446946185,"all_pixels",8427
"218_b",8774,FALSE,"all_pixels",4.46351016929452,4.00876734636551,2.51664951693842,52.5114519420654,"squared_euclidean_pc1_pc3",326.172709288183,"all_pixels",8770,1,777.01928673126,7733.04213090572,2224.97390018022,"all_pixels",8770
"218_c",9101,FALSE,"all_pixels",4.79359595115708,4.16983058306336,3.15651794910498,65.8821458491338,"squared_euclidean_pc1_pc3",404.02062655233,"all_pixels",9077,1,1356.33842815883,14563.9597405291,3536.12197977353,"all_pixels",9077
"218_d",8543,FALSE,"all_pixels",5.84304581242269,5.38430885282349,2.99334589490499,86.2005103734338,"squared_euclidean_pc1_pc3",422.230671918346,"all_pixels",8543,1,1049.71746310297,13647.8889910117,3150.84044319961,"all_pixels",8543
"219_a",7355,FALSE,"all_pixels",8.21835156249384,6.55546779754095,7.37967593420595,243.987029727975,"squared_euclidean_pc1_pc3",654.265306428541,"all_pixels",7311,1,4922.70336628888,97803.7419920378,13162.8641490599,"all_pixels",7311
"219_b",7555,FALSE,"all_pixels",7.68679898818309,6.58202839855898,5.10751994894575,170.34037160061,"squared_euclidean_pc1_pc3",680.859198413256,"all_pixels",7514,1,2898.8119250709,70471.450890764,9636.58762901866,"all_pixels",7514
"219_c",7462,FALSE,"all_pixels",6.32438552399378,5.47631830361396,3.88604365586988,110.194327572625,"squared_euclidean_pc1_pc3",566.512863670839,"all_pixels",7450,1,1452.5994406988,22115.1314003901,4460.93248434423,"all_pixels",7450
"219_d",7468,FALSE,"all_pixels",6.03789135208458,5.28069513632498,3.60069148237433,98.8387501193944,"squared_euclidean_pc1_pc3",468.986567970555,"all_pixels",7460,1,1684.30505637552,27540.7289613254,5338.30729644724,"all_pixels",7460
"22_a",8182,FALSE,"all_pixels",6.49757554972577,5.8524687056464,3.45172136656561,108.262824494222,"squared_euclidean_pc1_pc3",483.433888563729,"all_pixels",8165,1,1042.41915508152,12454.5384460969,3020.76371357275,"all_pixels",8165
"22_b",8094,FALSE,"all_pixels",5.2778858868694,4.63603140902349,3.0762030662202,74.6358711973572,"squared_euclidean_pc1_pc3",462.268826533933,"all_pixels",8094,1,909.854445352957,11504.1359556145,2777.84308352916,"all_pixels",8094
"22_c",7136,FALSE,"all_pixels",7.71616036821936,6.23961378901045,6.06724867313397,192.6909574532,"squared_euclidean_pc1_pc3",668.605349917002,"all_pixels",7125,1,3743.26616042517,85259.9385682596,11296.1611118133,"all_pixels",7125
"22_d",7778,FALSE,"all_pixels",5.53784207433925,4.71102580603689,3.78862665711745,90.0390827307809,"squared_euclidean_pc1_pc3",484.900031412747,"all_pixels",7770,1,2216.44519390882,37166.6068668616,6655.35921492338,"all_pixels",7770
"220_a",7169,FALSE,"all_pixels",6.46037589360938,5.61011938747895,3.98123572218304,115.168967242116,"squared_euclidean_pc1_pc3",533.060417210718,"all_pixels",7162,1,2137.68043535221,31335.2322066454,5813.88342744267,"all_pixels",7162
"220_b",8373,FALSE,"all_pixels",6.48404060149931,5.74901179738338,3.76383981422433,112.415161487557,"squared_euclidean_pc1_pc3",556.156024223947,"all_pixels",8373,1,1837.04536375957,29659.4682133517,5429.27718929176,"all_pixels",8373
"220_c",5907,FALSE,"all_pixels",7.63948374400519,6.52734305761463,4.83953006072943,163.557596236246,"squared_euclidean_pc1_pc3",594.739942443555,"all_pixels",5891,1,2925.17141470863,45800.8466440227,7935.73283332863,"all_pixels",5891
"220_d",7562,FALSE,"all_pixels",6.92329843766975,6.22151212985103,4.09022382986774,129.319559733816,"squared_euclidean_pc1_pc3",523.757854760931,"all_pixels",7514,1,2334.39981616899,34799.0059393435,6526.85579149992,"all_pixels",7514
"221_a",7711,FALSE,"all_pixels",5.87643456006584,5.24080900394392,3.39721083278047,92.1440557653737,"squared_euclidean_pc1_pc3",448.737701236128,"all_pixels",7645,1,1351.54896628022,21535.3529158148,4255.54459208141,"all_pixels",7645
"221_b",9009,FALSE,"all_pixels",5.16388302591988,4.64298327190693,2.8765742540663,69.8788977084087,"squared_euclidean_pc1_pc3",421.746439520907,"all_pixels",8954,1,1384.10994723596,17263.2630847768,4095.13267395393,"all_pixels",8954
"221_c",7676,FALSE,"all_pixels",5.93360065063855,5.25039649137851,3.50448203412043,94.9748220710505,"squared_euclidean_pc1_pc3",500.128912323871,"all_pixels",7635,1,1298.51356705,19474.9988760427,4051.17142404479,"all_pixels",7635
"221_d",7690,FALSE,"all_pixels",5.40084448058579,4.65352210273709,3.35331451822111,80.8247542190745,"squared_euclidean_pc1_pc3",433.416145099804,"all_pixels",7648,1,1345.27535793537,16445.1344608368,3704.7855562935,"all_pixels",7648
"222_a",7403,FALSE,"all_pixels",5.10377707409721,4.48849969641987,2.96034188083887,69.6219613598495,"squared_euclidean_pc1_pc3",360.557788481733,"all_pixels",7347,1,1076.42714150186,16094.161048932,3486.30020231424,"all_pixels",7347
"222_b",8370,FALSE,"all_pixels",4.63897265299674,4.16934985824471,2.53722451692628,55.9136128153355,"squared_euclidean_pc1_pc3",318.247780518325,"all_pixels",8359,1,580.956016397177,6218.74341474634,1870.6770974873,"all_pixels",8359
"222_c",6127,FALSE,"all_pixels",5.98083472746537,4.94721814468332,5.58891670187556,134.002551697976,"squared_euclidean_pc1_pc3",410.753831257147,"all_pixels",6091,1,3729.43329485111,47125.987128416,9314.32753207403,"all_pixels",6091
"222_d",7274,FALSE,"all_pixels",4.89765165859602,4.42989860481961,2.66622947004139,62.1895881393948,"squared_euclidean_pc1_pc3",321.943410687254,"all_pixels",7194,1,747.383144905844,7533.55843059134,2222.54646327503,"all_pixels",7194
"223_a",7727,FALSE,"all_pixels",4.98875593999496,4.45394321555023,2.79882828195283,65.4402236113036,"squared_euclidean_pc1_pc3",375.448027266334,"all_pixels",7724,1,1144.83104863669,11152.6775325269,2995.16637511053,"all_pixels",7724
"223_b",7821,FALSE,"all_pixels",5.05220399285262,4.4234998050781,2.91543236960749,68.0468486041955,"squared_euclidean_pc1_pc3",369.021277255399,"all_pixels",7765,1,915.497349434822,8985.64858768316,2571.79948857703,"all_pixels",7765
"223_c",8182,FALSE,"all_pixels",4.86249727264308,4.3474051086133,2.63114370905255,61.1319016572482,"squared_euclidean_pc1_pc3",362.877329047696,"all_pixels",8063,1,819.817509361748,10839.6189113582,2721.08879655099,"all_pixels",8063
"223_d",7496,FALSE,"all_pixels",5.34287479638016,4.99619640392718,2.54948263592795,70.0906113800106,"squared_euclidean_pc1_pc3",348.908648147398,"all_pixels",7496,1,685.943871946202,8171.3104344851,2210.83600803753,"all_pixels",7496
"224_a",6634,FALSE,"all_pixels",6.31405500944188,5.68716409139079,3.76248471088726,108.042895924259,"squared_euclidean_pc1_pc3",490.501187887745,"all_pixels",6634,1,2175.57207838518,27225.9771758895,5865.60609889032,"all_pixels",6634
"224_b",7850,FALSE,"all_pixels",5.64395471195999,4.91769753715665,3.38963717057817,86.684802580788,"squared_euclidean_pc1_pc3",482.241838302881,"all_pixels",7850,1,1311.9699224041,18850.9917464015,3862.12760740718,"all_pixels",7850
"224_c",7569,FALSE,"all_pixels",6.91186542085678,6.01119112246684,4.41441192355108,134.516683283977,"squared_euclidean_pc1_pc3",569.634076517744,"all_pixels",7569,1,2456.22674998677,41879.3673160415,6986.7757773603,"all_pixels",7569
"224_d",7825,FALSE,"all_pixels",5.82723563706469,5.09624394381714,3.49189398971079,92.2968811060666,"squared_euclidean_pc1_pc3",481.164385794943,"all_pixels",7824,1,1661.4668462796,22415.8151757075,4579.53216155777,"all_pixels",7824
"23_a",7339,FALSE,"all_pixels",7.00214770613114,5.35357555401421,7.83409892710599,220.789631800519,"squared_euclidean_pc1_pc3",442.636665535386,"all_pixels",7294,1,3976.11048241729,82322.1899631559,11454.4363079736,"all_pixels",7294
"23_b",6661,FALSE,"all_pixels",7.54062159926501,6.59020049300779,4.83448878260135,160.459494135262,"squared_euclidean_pc1_pc3",643.34502144356,"all_pixels",6642,1,2895.45270928732,55233.7431424716,8389.65083037278,"all_pixels",6642
"23_c",6929,FALSE,"all_pixels",7.3435548606912,6.37063797366121,4.67934789379782,151.641869216788,"squared_euclidean_pc1_pc3",619.229226718422,"all_pixels",6898,1,2120.16467538065,44898.3166817164,6865.2467031125,"all_pixels",6898
"23_d",6958,FALSE,"all_pixels",6.04656914857914,5.44129339629636,3.3844399175197,96.0275715976982,"squared_euclidean_pc1_pc3",470.310502977657,"all_pixels",6956,1,1530.20281360658,21875.5384229286,4436.08281152373,"all_pixels",6956
"24_a",NA,TRUE,"manual_excluded",NA,NA,NA,NA,"squared_euclidean_pc1_pc3",NA,"manual_excluded",NA,1,NA,NA,NA,"manual_excluded",NA
"24_b",NA,TRUE,"manual_excluded",NA,NA,NA,NA,"squared_euclidean_pc1_pc3",NA,"manual_excluded",NA,1,NA,NA,NA,"manual_excluded",NA
"24_c",NA,TRUE,"manual_excluded",NA,NA,NA,NA,"squared_euclidean_pc1_pc3",NA,"manual_excluded",NA,1,NA,NA,NA,"manual_excluded",NA
"24_d",NA,TRUE,"manual_excluded",NA,NA,NA,NA,"squared_euclidean_pc1_pc3",NA,"manual_excluded",NA,1,NA,NA,NA,"manual_excluded",NA
"3_a",7974,FALSE,"all_pixels",6.4316877512642,5.94729728803945,3.215094961279,103.404293244641,"squared_euclidean_pc1_pc3",482.212719622557,"all_pixels",7972,1,1443.08810617238,18530.0426282814,4077.26103364017,"all_pixels",7972
"3_b",7302,FALSE,"all_pixels",6.98286673075899,6.18291411365025,4.0420971311336,130.193478905316,"squared_euclidean_pc1_pc3",552.809633191692,"all_pixels",7302,1,1691.09944923435,22911.641047497,4660.71347406327,"all_pixels",7302
"3_c",7704,FALSE,"all_pixels",6.98512605860114,6.51079870306005,3.46018738694059,121.526657385935,"squared_euclidean_pc1_pc3",557.360134536069,"all_pixels",7702,1,1423.41794284545,17900.040694602,3980.5076865152,"all_pixels",7702
"3_d",7647,FALSE,"all_pixels",6.5702937972091,5.97125200908045,3.40627807882524,109.539947280271,"squared_euclidean_pc1_pc3",482.425609253207,"all_pixels",7599,1,947.497640424468,10819.9808916607,2805.88600899672,"all_pixels",7599
"300_a",7170,FALSE,"all_pixels",5.93849793852538,5.49245175181286,3.05448217706403,89.1886357999532,"squared_euclidean_pc1_pc3",455.995982176291,"all_pixels",7152,1,1045.8280955469,14075.5096645336,3258.09521667378,"all_pixels",7152
"300_b",5886,FALSE,"all_pixels",6.86809201513372,6.36476242157014,3.29942928023505,116.110143981212,"squared_euclidean_pc1_pc3",499.472218949809,"all_pixels",5883,1,1058.55119800658,13915.7013962926,3144.99859563965,"all_pixels",5883
"300_c",6332,FALSE,"all_pixels",4.82179671429044,4.36945431103375,2.59289234858658,59.9435050422596,"squared_euclidean_pc1_pc3",324.411672921895,"all_pixels",6323,1,680.593606696767,6725.10390188046,2037.46390422871,"all_pixels",6323
"300_d",4499,FALSE,"all_pixels",6.13192350231776,5.66251076871755,3.15414659498582,95.093830560967,"squared_euclidean_pc1_pc3",418.178446668862,"all_pixels",4499,1,1232.48665921728,16957.9997355224,3693.45931517129,"all_pixels",4499
"301_a",7436,FALSE,"all_pixels",5.20346099631466,4.67940848114279,2.87386880819875,70.6680351454502,"squared_euclidean_pc1_pc3",381.517945915863,"all_pixels",7436,1,883.98490016827,10188.1384544451,2593.83975815225,"all_pixels",7436
"301_b",6917,FALSE,"all_pixels",5.29459743684731,4.76781099448991,2.90133758040798,72.8986096137997,"squared_euclidean_pc1_pc3",370.74886536389,"all_pixels",6917,1,1590.38919125993,18561.4968136349,4448.42921880103,"all_pixels",6917
"301_c",6137,FALSE,"all_pixels",5.71660671386855,5.10669659191727,3.13186751454676,84.9731763558105,"squared_euclidean_pc1_pc3",414.003602724732,"all_pixels",6137,1,1338.55498232957,14401.7725447962,3541.17406290972,"all_pixels",6137
"301_d",7573,FALSE,"all_pixels",7.1329046722684,5.88929271246987,6.27887287918647,180.594735602829,"squared_euclidean_pc1_pc3",503.398888534313,"all_pixels",7573,1,2874.79731872626,33759.9032505908,7126.05434119912,"all_pixels",7573
"302_a",7477,FALSE,"all_pixels",4.87497178506487,4.27966962883319,2.79980504890396,63.2064196283392,"squared_euclidean_pc1_pc3",368.641583075163,"all_pixels",7366,1,749.712599283459,7242.43152620881,2146.6262143161,"all_pixels",7366
"302_b",6039,FALSE,"all_pixels",6.3250854215371,5.61110998821184,3.75194543570617,108.162938223064,"squared_euclidean_pc1_pc3",483.324233178607,"all_pixels",6019,1,1815.81603622962,26477.3762937594,5429.97450129474,"all_pixels",6019
"302_c",5963,FALSE,"all_pixels",6.74134545047503,5.90618246514666,3.92025829967657,121.623172642599,"squared_euclidean_pc1_pc3",521.679848316532,"all_pixels",5902,1,1878.33476408985,30134.2150889419,5717.67110571231,"all_pixels",5902
"302_d",7293,FALSE,"all_pixels",5.02734402755659,4.37240242917017,3.08903845971636,69.630076354743,"squared_euclidean_pc1_pc3",384.782183901006,"all_pixels",7173,1,1102.90847354852,17014.6677994948,3579.91087904022,"all_pixels",7173
"303_a",7684,FALSE,"all_pixels",5.61928451529702,4.95679508359462,3.37205287229019,85.8912384858496,"squared_euclidean_pc1_pc3",443.493203928207,"all_pixels",7664,1,1680.15015180071,23394.2292325546,4670.35538340588,"all_pixels",7664
"303_b",7494,FALSE,"all_pixels",7.58541610318649,6.74713519728254,4.74285066502569,160.060336407086,"squared_euclidean_pc1_pc3",630.561148228678,"all_pixels",7486,1,2850.32557050172,46897.3517405926,8055.87489650265,"all_pixels",7486
"303_c",8471,FALSE,"all_pixels",7.56708547146612,6.78055366277115,4.10512882250295,148.22175159309,"squared_euclidean_pc1_pc3",649.844318126935,"all_pixels",8464,1,1634.42090045731,25975.2848165698,4767.436244667,"all_pixels",8464
"303_d",8604,FALSE,"all_pixels",6.59829790616399,5.38008721707552,5.16492483894854,140.421766759856,"squared_euclidean_pc1_pc3",587.679567200411,"all_pixels",8569,1,3375.63358288361,59228.4229877464,9057.07112515162,"all_pixels",8569
"304_a",8972,FALSE,"all_pixels",6.70807620283553,5.93079253754998,3.87716669604539,120.058064900593,"squared_euclidean_pc1_pc3",607.399471150385,"all_pixels",8692,1,1727.88516390164,23059.1534547602,4731.03794818791,"all_pixels",8692
"304_b",6874,FALSE,"all_pixels",7.14888310844118,6.51977722409446,3.85262877361743,131.89423781231,"squared_euclidean_pc1_pc3",584.774765079423,"all_pixels",6872,1,1501.08990192138,23291.0964441255,4448.77746630334,"all_pixels",6872
"304_c",7082,FALSE,"all_pixels",6.10514673884915,5.6130738234814,3.09255427699514,93.6707164166548,"squared_euclidean_pc1_pc3",451.483031985288,"all_pixels",7076,1,888.988282789896,10520.3630069653,2681.96876804243,"all_pixels",7076
"304_d",9130,FALSE,"all_pixels",6.36501279335605,5.3083983925933,4.2092836690962,116.459032447359,"squared_euclidean_pc1_pc3",647.017372524503,"all_pixels",8899,1,1969.12154211039,28681.7893592033,5361.53132654284,"all_pixels",8899
"305_a",9147,FALSE,"all_pixels",6.63624607473294,5.36106813971542,4.83374558965063,134.804607979832,"squared_euclidean_pc1_pc3",694.946634095882,"all_pixels",9136,1,2718.50255994637,47945.4860324268,7553.37532228085,"all_pixels",9136
"305_b",5875,FALSE,"all_pixels",6.89148081898739,6.26476014213757,3.6163298474927,121.136246857504,"squared_euclidean_pc1_pc3",542.410975814139,"all_pixels",5875,1,1358.60694477502,20316.7678562281,4181.9598162963,"all_pixels",5875
"305_c",7361,FALSE,"all_pixels",5.95575232351369,5.21772976721274,3.39714840700525,94.0200704652387,"squared_euclidean_pc1_pc3",524.142410454372,"all_pixels",7361,1,1021.46276522278,13324.0544678191,3079.41350935666,"all_pixels",7361
"305_d",7028,FALSE,"all_pixels",8.21270439041666,7.56548690171331,4.25192562617561,171.049625057181,"squared_euclidean_pc1_pc3",695.132204213397,"all_pixels",6937,1,2538.78849683024,49063.9659125644,7525.35418901331,"all_pixels",6937
"306_a",6047,FALSE,"all_pixels",7.89759596721345,7.45435683710687,3.64890023396123,151.368586295212,"squared_euclidean_pc1_pc3",623.894310166388,"all_pixels",6016,1,1863.30199967246,29190.9983893886,5388.77651014682,"all_pixels",6016
"306_b",6447,FALSE,"all_pixels",8.26075533665439,7.63672907805336,4.09219979600895,169.967160799868,"squared_euclidean_pc1_pc3",708.972701202757,"all_pixels",6447,1,1684.75904461181,23171.9223304092,4745.36902894262,"all_pixels",6447
"306_c",5092,FALSE,"all_pixels",8.24288180744198,7.38617969296376,4.55979824733715,177.465554654255,"squared_euclidean_pc1_pc3",654.604981116771,"all_pixels",5092,1,2043.22213995921,35935.7031073277,6151.24744084484,"all_pixels",5092
"306_d",5957,FALSE,"all_pixels",7.758446268872,7.00014100767161,4.2480890312005,156.473439006121,"squared_euclidean_pc1_pc3",657.619223391053,"all_pixels",5916,1,1700.207577512,24986.3001903738,4848.42613866575,"all_pixels",5916
"307_a",7496,FALSE,"all_pixels",7.9914818210712,7.09002748082003,4.33675500682645,165.337433376831,"squared_euclidean_pc1_pc3",751.371852070586,"all_pixels",7439,1,1874.97534760095,35346.0893671107,5846.54397353849,"all_pixels",7439
"307_b",7655,FALSE,"all_pixels",7.29244708710669,6.73009733823356,3.6916801819595,133.613013488282,"squared_euclidean_pc1_pc3",648.920773999248,"all_pixels",7565,1,1482.45827727381,26037.5681819042,4702.70307627942,"all_pixels",7565
"307_c",6905,FALSE,"all_pixels",7.24486122383042,6.58522217746579,3.85387723431207,134.676465862046,"squared_euclidean_pc1_pc3",590.495197278728,"all_pixels",6853,1,1996.4837283632,34405.0488277875,5832.13600287935,"all_pixels",6853
"307_d",7256,FALSE,"all_pixels",6.79510657616733,6.20157709751945,3.56241184788735,117.725005101462,"squared_euclidean_pc1_pc3",573.337117105791,"all_pixels",7252,1,1348.4905495027,24676.0989847203,4704.95612347847,"all_pixels",7252
"308_a",7465,FALSE,"all_pixels",6.78876969935794,6.28728687389449,3.42891463383215,115.686549172472,"squared_euclidean_pc1_pc3",573.98493834143,"all_pixels",7465,1,1444.89095319762,19980.8609428575,4126.89240850779,"all_pixels",7465
"308_b",6254,FALSE,"all_pixels",6.10397429714861,5.62319950476276,3.10918247137591,93.8479442546578,"squared_euclidean_pc1_pc3",471.624736045648,"all_pixels",6254,1,1095.61174027525,15057.3829157562,3452.87201249458,"all_pixels",6254
"308_c",6086,FALSE,"all_pixels",7.07662026575179,6.55585137378547,3.50977800230469,124.790143865263,"squared_euclidean_pc1_pc3",592.131556119246,"all_pixels",6086,1,1288.61242369678,19909.5843336293,4030.68235876526,"all_pixels",6086
"308_d",8384,FALSE,"all_pixels",6.22951816718716,5.55975819323997,3.55428085768218,102.876604444767,"squared_euclidean_pc1_pc3",562.065481191075,"all_pixels",8382,1,1560.67596184605,20160.748104577,4295.28946937057,"all_pixels",8382
"309_a",6915,FALSE,"all_pixels",6.41673314899817,5.67495135538669,3.85262855541192,112.030129269829,"squared_euclidean_pc1_pc3",510.033670771064,"all_pixels",6890,1,2536.13768455643,32833.9036572251,6604.9969409221,"all_pixels",6890
"309_b",6642,FALSE,"all_pixels",6.60585992606183,5.94702387112762,3.50166675409333,111.794418676928,"squared_euclidean_pc1_pc3",521.743122502585,"all_pixels",6642,1,1699.41285559052,22043.2940913883,4596.39076810119,"all_pixels",6642
"309_c",7545,FALSE,"all_pixels",5.20937927348304,4.76289563007589,2.75973506285065,69.505521207354,"squared_euclidean_pc1_pc3",356.579784335019,"all_pixels",7506,1,927.172343226434,8409.41264189759,2446.4111312779,"all_pixels",7506
"309_d",7590,FALSE,"all_pixels",5.52604954374976,4.89778147449031,3.16456992601317,81.1008138855354,"squared_euclidean_pc1_pc3",440.941792799302,"all_pixels",7554,1,1230.94754382079,15296.9661126488,3584.40599747589,"all_pixels",7554
"310_a",8084,FALSE,"all_pixels",6.95026466156561,6.10795679812986,4.14291630646875,130.935622424242,"squared_euclidean_pc1_pc3",609.115045770671,"all_pixels",8023,1,1464.14060591453,18302.9592421711,4013.73339111806,"all_pixels",8023
"310_b",7709,FALSE,"all_pixels",7.28169272034453,6.07202296887937,6.72993189427467,196.618313932935,"squared_euclidean_pc1_pc3",556.698591748771,"all_pixels",7692,1,4858.82517304225,59306.0848678359,11725.9905292855,"all_pixels",7692
"310_c",7993,FALSE,"all_pixels",8.71817810843342,7.56967446700448,5.53668393851806,213.315326701939,"squared_euclidean_pc1_pc3",729.068638086619,"all_pixels",7993,1,1726.42452980089,18780.191322302,4459.88265173131,"all_pixels",7993
"310_d",7386,FALSE,"all_pixels",6.73093531957118,5.90822770239775,4.02398150869825,122.991450290281,"squared_euclidean_pc1_pc3",551.792728999451,"all_pixels",7338,1,1116.18500162093,11414.438823782,3064.44755689208,"all_pixels",7338
"311_a",6088,FALSE,"all_pixels",5.01877444957174,4.57361925556772,2.71980066997976,65.1683951902047,"squared_euclidean_pc1_pc3",291.681940911124,"all_pixels",6041,1,771.049198973224,7011.67971701385,2232.11680750356,"all_pixels",6041
"311_b",7673,FALSE,"all_pixels",6.02737319468596,5.1351972505269,4.06916402690828,105.770331073874,"squared_euclidean_pc1_pc3",518.912450876296,"all_pixels",7610,1,1636.05363005559,21361.5440830926,4608.15087663533,"all_pixels",7610
"311_c",6066,FALSE,"all_pixels",6.42229025088754,5.75022910670014,3.72353185736727,110.216431839854,"squared_euclidean_pc1_pc3",467.327342243083,"all_pixels",6065,1,1870.22255904168,22802.0879941565,5215.84923844608,"all_pixels",6065
"311_d",7521,FALSE,"all_pixels",7.32526302593451,6.51351498987639,4.03697316139117,139.908927637114,"squared_euclidean_pc1_pc3",628.499867106204,"all_pixels",7468,1,1883.10795967925,31387.570558919,5530.19977776456,"all_pixels",7468
"312_a",8408,FALSE,"all_pixels",7.40200590878788,6.22745250401666,4.77418321934174,155.15961207148,"squared_euclidean_pc1_pc3",702.411101859651,"all_pixels",8349,1,1995.67494812996,30920.7690633337,5726.64671874327,"all_pixels",8349
"312_b",7387,FALSE,"all_pixels",7.83584795289254,6.95595924028128,4.44634251748486,162.335597211094,"squared_euclidean_pc1_pc3",639.956097899381,"all_pixels",7357,1,2070.27248614126,33690.9382484551,5974.21020747099,"all_pixels",7357
"312_c",6941,FALSE,"all_pixels",6.63202138241386,5.83470501372403,3.87785267271527,118.038564917473,"squared_euclidean_pc1_pc3",575.532413434752,"all_pixels",6917,1,1421.24264954604,21433.7400914776,4444.44860113729,"all_pixels",6917
"312_d",6762,FALSE,"all_pixels",7.45051091184326,6.38409221927539,4.73305934824053,155.817301476716,"squared_euclidean_pc1_pc3",609.861948846686,"all_pixels",6730,1,2129.57302838452,45626.3005568065,7060.24098722042,"all_pixels",6730
"313_a",8388,FALSE,"all_pixels",6.14032674223319,5.54586186075128,3.38781309609132,98.3590435563065,"squared_euclidean_pc1_pc3",518.73693884983,"all_pixels",8376,1,1182.00101497015,15170.5892736325,3418.65217007028,"all_pixels",8376
"313_b",7872,FALSE,"all_pixels",6.2826031313196,5.74272050045743,3.35827409196353,101.495348618073,"squared_euclidean_pc1_pc3",525.063328653541,"all_pixels",7856,1,1504.14204634825,18614.8990362182,4074.79203380107,"all_pixels",7856
"313_c",7725,FALSE,"all_pixels",5.90541454180807,5.1921907417748,3.31987529181004,91.7881322461262,"squared_euclidean_pc1_pc3",458.325332219945,"all_pixels",7723,1,1707.53938048282,19957.3799197532,4451.01942407275,"all_pixels",7723
"313_d",5920,FALSE,"all_pixels",6.05590041939738,5.42026042932105,3.38890928562669,96.3133921034356,"squared_euclidean_pc1_pc3",444.33901217606,"all_pixels",5920,1,1304.2799637809,18528.6469829087,3890.84355104303,"all_pixels",5920
"314_a",7824,FALSE,"all_pixels",5.11186606578526,4.53617513839896,2.95769670447764,69.7560527518115,"squared_euclidean_pc1_pc3",399.324084264859,"all_pixels",7786,1,970.768231214856,11644.4647303312,2887.65835069856,"all_pixels",7786
"314_b",7805,FALSE,"all_pixels",5.0682310322501,4.49944501057643,2.81224678156627,67.189368932486,"squared_euclidean_pc1_pc3",414.505199371958,"all_pixels",7804,1,876.103545186769,9156.5202553573,2459.905791509,"all_pixels",7804
"314_c",7065,FALSE,"all_pixels",4.72501763277716,4.23785606805048,2.72451465526981,59.4954421346448,"squared_euclidean_pc1_pc3",326.419526113675,"all_pixels",7018,1,865.304039764466,9871.16447905076,2595.9425893703,"all_pixels",7018
"314_d",7156,FALSE,"all_pixels",4.75256414171688,4.30079679149223,2.74811517645716,60.2758951737631,"squared_euclidean_pc1_pc3",308.539275276891,"all_pixels",6911,1,1097.87348638732,14769.0799020085,3459.78082314371,"all_pixels",6911
"315_a",7610,FALSE,"all_pixels",4.96369950666332,4.12070411751444,3.61508988063648,75.4109406167563,"squared_euclidean_pc1_pc3",381.18624971221,"all_pixels",7466,1,1553.91520006951,31089.5673649505,5364.4998907189,"all_pixels",7466
"315_b",8338,FALSE,"all_pixels",6.35627184531223,5.56899220801413,3.93032110054264,111.695526142982,"squared_euclidean_pc1_pc3",572.087150822424,"all_pixels",8124,1,1459.24465832576,26615.269538365,4896.87323711937,"all_pixels",8124
"315_c",8556,FALSE,"all_pixels",6.60781538949473,5.90857870853638,3.74558313690938,115.381955086274,"squared_euclidean_pc1_pc3",599.806183986262,"all_pixels",8556,1,1540.78584745155,25886.633273679,4787.52987828427,"all_pixels",8556
"315_d",7218,FALSE,"all_pixels",6.91920378189823,5.76283938891441,4.86499044896951,143.080468002083,"squared_euclidean_pc1_pc3",603.514376582041,"all_pixels",7111,1,2916.29034123752,67620.2153112748,9330.14125801137,"all_pixels",7111
"316_a",8078,FALSE,"all_pixels",7.20749023922139,6.24505667585215,4.41625424350249,142.89760543833,"squared_euclidean_pc1_pc3",641.146276195196,"all_pixels",8013,1,2473.25232879358,39239.457087775,7029.76038874144,"all_pixels",8013
"316_b",8599,FALSE,"all_pixels",6.39746821632854,5.40931816000628,4.19601549393,117.064196186716,"squared_euclidean_pc1_pc3",606.169398656591,"all_pixels",8598,1,1962.30906924457,30663.1368016427,5717.54020930184,"all_pixels",8598
"316_c",7837,FALSE,"all_pixels",6.89150497968557,5.85507699117104,4.59853486181837,137.273330934618,"squared_euclidean_pc1_pc3",610.103387161827,"all_pixels",7835,1,2575.99853905821,54001.4732506472,8311.30209598757,"all_pixels",7835
"316_d",8731,FALSE,"all_pixels",6.72733589687478,5.8605071409739,3.91321660412878,121.137117128827,"squared_euclidean_pc1_pc3",612.797100794427,"all_pixels",8706,1,1373.37063909374,24600.7100417583,4540.09084454046,"all_pixels",8706
"317_a",7500,FALSE,"all_pixels",7.24300219494897,6.49973462011658,3.99591501846317,136.852577305141,"squared_euclidean_pc1_pc3",639.434818270421,"all_pixels",7474,1,1445.24317652744,25289.9146996047,4718.61412663796,"all_pixels",7474
"317_b",7828,FALSE,"all_pixels",5.27986524216197,4.68143294545335,3.07330357297618,74.6419304719877,"squared_euclidean_pc1_pc3",392.778442392007,"all_pixels",7823,1,1295.32082112191,18722.3720208226,4008.73718401398,"all_pixels",7823
"317_c",7471,FALSE,"all_pixels",6.66136893558167,5.58381620641412,5.17064345343452,142.211622481629,"squared_euclidean_pc1_pc3",535.178514364756,"all_pixels",7364,1,2905.32798970308,44060.24226335,7669.70298472335,"all_pixels",7364
"317_d",9098,FALSE,"all_pixels",6.71953303295661,6.10804574746842,3.55235029297296,115.539859511353,"squared_euclidean_pc1_pc3",574.486856849947,"all_pixels",9096,1,1250.5728488358,17384.355444873,3693.34013596559,"all_pixels",9096
"318_a",8447,FALSE,"all_pixels",7.06192951628172,6.2638358372913,4.23782593019128,135.655782014612,"squared_euclidean_pc1_pc3",638.933096710754,"all_pixels",8424,1,2527.83944715316,40489.40172701,7008.79368384994,"all_pixels",8424
"318_b",8226,FALSE,"all_pixels",7.09905911205818,5.12480215510176,8.42193523193628,242.634021579955,"squared_euclidean_pc1_pc3",482.459208240882,"all_pixels",8224,1,3984.90151757109,69491.4308604078,10502.5058472662,"all_pixels",8224
"318_c",7832,FALSE,"all_pixels",6.23780098554782,5.4704266021207,4.06284997135627,110.829606843286,"squared_euclidean_pc1_pc3",472.472465086449,"all_pixels",7814,1,2362.12219251113,27635.1865150592,6016.19867614044,"all_pixels",7814
"318_d",7793,FALSE,"all_pixels",7.07334097419993,6.40463829449974,3.80475131343212,129.012855025737,"squared_euclidean_pc1_pc3",557.531469327491,"all_pixels",7780,1,1747.04626171378,24549.2965386459,4796.43767154722,"all_pixels",7780
"319_a",8342,FALSE,"all_pixels",6.55320928370815,5.68296963584469,4.14767922136114,120.291465189946,"squared_euclidean_pc1_pc3",577.864093595818,"all_pixels",8298,1,1818.10650012842,29392.2090341493,5382.15760059995,"all_pixels",8298
"319_b",8709,FALSE,"all_pixels",5.69038311080477,4.92034919494678,3.53628058509818,89.768608842285,"squared_euclidean_pc1_pc3",459.455540959293,"all_pixels",8695,1,1820.22142274968,23161.9937944421,4865.33804273334,"all_pixels",8695
"319_c",8983,FALSE,"all_pixels",5.55041056341546,4.77093562658704,3.50526198002202,86.1851023612378,"squared_euclidean_pc1_pc3",460.134428531778,"all_pixels",8917,1,1473.01008288803,17948.4117413189,4004.97348541469,"all_pixels",8917
"319_d",8602,FALSE,"all_pixels",4.95398358294749,3.94958531260145,4.13313304852127,83.2455124558819,"squared_euclidean_pc1_pc3",413.163661257364,"all_pixels",8578,1,1981.36910866108,23053.8505739786,5090.11644501306,"all_pixels",8578
"320_a",8631,FALSE,"all_pixels",6.40696693844056,5.41140903409598,4.5530061435331,123.55337700306,"squared_euclidean_pc1_pc3",551.640500887976,"all_pixels",8524,1,2519.11862841802,43359.178463802,7152.33535348833,"all_pixels",8524
"320_b",6500,FALSE,"all_pixels",6.74473357297888,5.69358428917683,5.09234889471637,142.83891738974,"squared_euclidean_pc1_pc3",487.245863360906,"all_pixels",6414,1,3276.94012332473,61896.7792956465,9210.94895318428,"all_pixels",6414
"320_c",8434,FALSE,"all_pixels",6.41377865100347,5.54898152071239,3.97444634242742,113.861814781904,"squared_euclidean_pc1_pc3",541.726863385124,"all_pixels",8371,1,1782.30661363953,30567.5946074603,5527.91240595366,"all_pixels",8371
"320_d",8435,FALSE,"all_pixels",6.5707354723649,5.69529310939276,4.17840737552394,121.263166010148,"squared_euclidean_pc1_pc3",580.75955205605,"all_pixels",8354,1,2082.75113488722,38050.5820870074,6247.77845739482,"all_pixels",8354
"321_a",7518,FALSE,"all_pixels",7.36408741255962,6.61739065397026,4.18298536309979,143.449645142543,"squared_euclidean_pc1_pc3",641.077809748587,"all_pixels",7489,1,2814.24694028144,46767.7815559887,7634.02828369243,"all_pixels",7489
"321_b",7405,FALSE,"all_pixels",6.76720186403798,5.97477821785564,3.95285283636848,122.83591309541,"squared_euclidean_pc1_pc3",562.904833808017,"all_pixels",7343,1,1850.05523426114,26859.7705890613,5172.31394616907,"all_pixels",7343
"321_c",6568,FALSE,"all_pixels",6.8588415692519,5.9341735663035,4.33940103765231,131.742484091988,"squared_euclidean_pc1_pc3",565.848480849049,"all_pixels",6525,1,1909.46535699137,35003.6834848519,5947.74699668563,"all_pixels",6525
"321_d",7915,FALSE,"all_pixels",6.97763748474196,6.11153825566469,4.33836391632075,135.01289679621,"squared_euclidean_pc1_pc3",618.165762733231,"all_pixels",7792,1,2469.72598305748,39709.0055117654,6806.36361528727,"all_pixels",7792
"322_a",8933,FALSE,"all_pixels",5.25622477514657,4.64604408287345,2.9741529837743,72.9449892865517,"squared_euclidean_pc1_pc3",441.334155357512,"all_pixels",8913,1,830.890755454932,9907.11658512655,2542.81592883848,"all_pixels",8913
"322_b",6299,FALSE,"all_pixels",6.2937511363629,5.20221072860324,4.64481008346205,122.364278096835,"squared_euclidean_pc1_pc3",510.423368766144,"all_pixels",6230,1,2316.18094325477,37309.6308322722,6478.83731267847,"all_pixels",6230
"322_c",8287,FALSE,"all_pixels",4.807946338181,4.13614441386364,2.9633342055021,63.7932759013982,"squared_euclidean_pc1_pc3",388.423757596819,"all_pixels",8278,1,779.280988377992,8650.14641691326,2463.37027889971,"all_pixels",8278
"322_d",8176,FALSE,"all_pixels",5.92498042040831,5.17552602817724,3.65604636114849,96.9408662195902,"squared_euclidean_pc1_pc3",513.879958860156,"all_pixels",8125,1,1571.83185127913,22950.248856527,4677.76147242782,"all_pixels",8125
"323_a",7442,FALSE,"all_pixels",6.53451210440143,5.53578369622913,4.86488725085738,132.727592390865,"squared_euclidean_pc1_pc3",542.077207593966,"all_pixels",7440,1,3754.32863842324,67377.7454653436,10620.0967886384,"all_pixels",7440
"323_b",7536,FALSE,"all_pixels",5.82374519837833,5.27537546585103,3.24900303037326,88.9412561623276,"squared_euclidean_pc1_pc3",464.75577149848,"all_pixels",7536,1,1487.98114390935,20048.8603559913,4233.35262018159,"all_pixels",7536
"323_c",8617,FALSE,"all_pixels",5.52001708821353,4.95650444560045,3.03263275391506,79.3327655631235,"squared_euclidean_pc1_pc3",454.179195687813,"all_pixels",8617,1,1094.98645633325,14399.3399052173,3298.19355470821,"all_pixels",8617
"323_d",8053,FALSE,"all_pixels",6.31140399963759,5.66376302766488,3.68237836223601,106.784094031803,"squared_euclidean_pc1_pc3",497.140439253391,"all_pixels",7985,1,1861.47716751071,34462.7301740175,5996.15935139965,"all_pixels",7985
"324_a",7168,FALSE,"all_pixels",5.66918922571605,5.04105897298018,3.2033362475425,84.7992760800416,"squared_euclidean_pc1_pc3",421.302749646864,"all_pixels",7166,1,1001.61096931263,13010.5804526211,3051.78618851448,"all_pixels",7166
"324_b",6909,FALSE,"all_pixels",5.87945076099065,5.37294318101421,3.17445312971255,89.2872707384171,"squared_euclidean_pc1_pc3",404.23025284747,"all_pixels",6909,1,1189.90733702085,15181.3998711252,3461.1781995954,"all_pixels",6909
"324_c",8147,FALSE,"all_pixels",6.02321090327798,5.35301487115527,3.62873385436468,98.8903254127435,"squared_euclidean_pc1_pc3",427.829195063513,"all_pixels",8147,1,2005.46627896417,25769.8583161887,5475.44988840518,"all_pixels",8147
"324_d",7836,FALSE,"all_pixels",6.09523497370597,5.56111741547836,3.59943984920963,100.21240644472,"squared_euclidean_pc1_pc3",460.500192969134,"all_pixels",7831,1,1863.89993820333,20306.3974332529,4766.70423477776,"all_pixels",7831
"4_a",6707,FALSE,"all_pixels",6.77646731413791,6.26843950636666,3.34460292176054,114.210420198209,"squared_euclidean_pc1_pc3",510.948486665291,"all_pixels",6661,1,974.090214751595,12364.723668429,2916.06005268702,"all_pixels",6661
"4_b",7809,FALSE,"all_pixels",6.28124305434272,5.58938760058727,3.47887282333278,103.110041214297,"squared_euclidean_pc1_pc3",507.023346960622,"all_pixels",7725,1,1222.75907790087,16797.9784617167,3607.42723312303,"all_pixels",7725
"4_c",5833,FALSE,"all_pixels",7.74456876958859,6.94663442572739,4.24188391869205,155.937679633396,"squared_euclidean_pc1_pc3",627.729972285393,"all_pixels",5787,1,1650.50307658258,27115.664655963,4898.1195439277,"all_pixels",5787
"4_d",7940,FALSE,"all_pixels",6.91155991427487,6.18380940692458,3.77807705451218,124.083457924585,"squared_euclidean_pc1_pc3",599.275719254561,"all_pixels",7860,1,1322.59583254178,17620.4127776914,3776.7186149364,"all_pixels",7860
"400_a",8099,FALSE,"all_pixels",7.95778024601517,7.07391242229815,4.45568617058763,166.353908774318,"squared_euclidean_pc1_pc3",742.88934667929,"all_pixels",8082,1,2109.24411269646,35683.0513197391,6022.88418838916,"all_pixels",8082
"400_b",7483,FALSE,"all_pixels",8.27107080264027,7.34378202722341,4.76620985563314,182.248665656531,"squared_euclidean_pc1_pc3",729.20873607024,"all_pixels",7442,1,1874.72652958305,32934.1575069288,5729.65401050167,"all_pixels",7442
"400_c",4845,FALSE,"all_pixels",7.40336166107854,6.70106367878338,4.07458107727689,142.817096342205,"squared_euclidean_pc1_pc3",542.865841549458,"all_pixels",4795,1,1845.2605178861,27239.218925554,5289.37678124269,"all_pixels",4795
"400_d",8215,FALSE,"all_pixels",7.212822709485,6.39100518407291,4.32866603486962,141.519760419162,"squared_euclidean_pc1_pc3",660.15139931535,"all_pixels",8214,1,2669.6970317154,43269.5375073746,7317.90890082755,"all_pixels",8214
"401_a",6831,FALSE,"all_pixels",7.70987685419621,6.99585464620888,4.28218635501619,155.553273376722,"squared_euclidean_pc1_pc3",625.696557775044,"all_pixels",6762,1,1610.67593268088,22465.7021767463,4650.82847726582,"all_pixels",6762
"401_b",7542,FALSE,"all_pixels",7.87958271162121,6.94506283148964,4.67626167878949,167.904695156214,"squared_euclidean_pc1_pc3",670.053740856141,"all_pixels",7540,1,1707.28260997121,23182.9358412617,4694.97279764705,"all_pixels",7540
"401_c",6247,FALSE,"all_pixels",6.4074304115818,5.82316713642783,3.63881419417563,108.588027293208,"squared_euclidean_pc1_pc3",486.51199535227,"all_pixels",6180,1,1337.14464084429,17085.0872504009,3915.72864367149,"all_pixels",6180
"401_d",5282,FALSE,"all_pixels",6.48231664813409,5.66702525855375,3.99293229790816,115.921838003719,"squared_euclidean_pc1_pc3",458.407630865475,"all_pixels",5125,1,2369.88989586411,32320.8240917009,6649.83901565466,"all_pixels",5125
"402_a",6598,FALSE,"all_pixels",6.49021258200879,5.8223214095009,3.68948600165239,111.466206440245,"squared_euclidean_pc1_pc3",491.086192412076,"all_pixels",6592,1,1500.11889096705,20036.915986733,4254.68567775107,"all_pixels",6592
"402_b",6969,FALSE,"all_pixels",6.08472437327062,5.4913927868916,3.37474409086005,96.822268309628,"squared_euclidean_pc1_pc3",500.791436775652,"all_pixels",6827,1,950.553134367154,11588.650802046,2814.18140262386,"all_pixels",6827
"402_c",7065,FALSE,"all_pixels",7.79051511750268,7.0047681097019,4.25787375780735,157.638097269065,"squared_euclidean_pc1_pc3",619.332658017405,"all_pixels",7065,1,1216.73348643063,13841.1352443238,3483.128033734,"all_pixels",7065
"402_d",7978,FALSE,"all_pixels",8.72208435143846,7.91564085595205,4.60979095106032,194.644528899237,"squared_euclidean_pc1_pc3",719.830192070155,"all_pixels",7978,1,1937.7699607419,25431.6429734639,5278.54948376385,"all_pixels",7978
"403_a",8396,FALSE,"all_pixels",5.2084306800091,4.59224359745948,3.04766054652426,72.8297573725339,"squared_euclidean_pc1_pc3",407.90836503015,"all_pixels",8331,1,868.28155489038,9661.54821007563,2597.34843556211,"all_pixels",8331
"403_b",7531,FALSE,"all_pixels",7.34886341926844,6.54652975656591,4.25124743663782,144.152996989136,"squared_euclidean_pc1_pc3",645.925728082643,"all_pixels",7519,1,1762.43808999219,22813.7904099168,4751.07576715743,"all_pixels",7519
"403_c",8192,FALSE,"all_pixels",7.34693532792281,6.46893013064935,4.40849442090744,146.819818713856,"squared_euclidean_pc1_pc3",669.117308682423,"all_pixels",8131,1,1985.18085208835,34578.3866573612,5951.24924930465,"all_pixels",8131
"403_d",7821,FALSE,"all_pixels",5.15162096787252,4.66413371439459,2.75463902551549,68.2525290889598,"squared_euclidean_pc1_pc3",376.316689560676,"all_pixels",7695,1,734.944122416234,7490.68783009777,2140.33003545105,"all_pixels",7695
"404_a",8336,FALSE,"all_pixels",6.04306829336108,5.25705744441221,3.58100073745371,98.6814046883673,"squared_euclidean_pc1_pc3",519.392503395583,"all_pixels",8293,1,1247.4827423468,16865.9258586194,3671.23180367235,"all_pixels",8293
"404_b",9193,FALSE,"all_pixels",5.96176557461976,5.32379878225187,3.19395003826654,91.4857118611047,"squared_euclidean_pc1_pc3",490.477223375198,"all_pixels",8955,1,963.504335916731,10538.1529403604,2726.63849134494,"all_pixels",8955
"404_c",9560,FALSE,"all_pixels",5.52850352085062,4.69439411316259,3.83033566572424,90.4685756388909,"squared_euclidean_pc1_pc3",488.075542549988,"all_pixels",9514,1,3374.17912025038,36476.8017377778,7940.90494235211,"all_pixels",9514
"404_d",8960,FALSE,"all_pixels",6.59381406883427,5.5499534947016,4.68914994488754,130.928114295883,"squared_euclidean_pc1_pc3",601.940659099872,"all_pixels",8921,1,3154.67829859862,49316.0305142581,8566.77641847042,"all_pixels",8921
"405_a",9331,FALSE,"all_pixels",6.117156203345,5.15529292910908,3.96135601381398,106.220519483133,"squared_euclidean_pc1_pc3",599.784760106815,"all_pixels",9239,1,1582.2360907582,26785.8079803868,4951.06232702773,"all_pixels",9239
"405_b",9174,FALSE,"all_pixels",8.87616328562129,7.59186888853666,5.61106916027998,220.533879822372,"squared_euclidean_pc1_pc3",887.487454900261,"all_pixels",9124,1,3690.6361377825,77337.2377825604,10520.2000008925,"all_pixels",9124
"405_c",9022,FALSE,"all_pixels",7.98333052407452,6.94450801861189,4.65861566715372,170.867721319906,"squared_euclidean_pc1_pc3",841.264096021672,"all_pixels",8976,1,2138.76416238414,41999.5863228303,6758.5554858433,"all_pixels",8976
"405_d",9449,FALSE,"all_pixels",5.96878387974256,4.97223093794979,4.13378140707331,105.425442526924,"squared_euclidean_pc1_pc3",588.603934335064,"all_pixels",9431,1,2158.87836872701,31448.7167229218,5952.82597921265,"all_pixels",9431
"406_a",8748,FALSE,"all_pixels",8.77391303713457,7.67757916282689,5.75006032364744,220.081928388368,"squared_euclidean_pc1_pc3",869.211203050026,"all_pixels",8693,1,3401.1252517734,64984.1632608353,10280.7823956435,"all_pixels",8693
"406_b",7281,FALSE,"all_pixels",8.12315086599326,7.06012513548007,5.41999398560514,190.715760278139,"squared_euclidean_pc1_pc3",750.655346184213,"all_pixels",7197,1,3485.94077147088,51096.4854446298,9040.48360022179,"all_pixels",7197
"406_c",6564,FALSE,"all_pixels",6.77734972425895,6.14183033515487,3.62165018134796,118.093642191595,"squared_euclidean_pc1_pc3",522.98298667941,"all_pixels",6473,1,1313.19561363148,17015.6155192567,3723.0496194766,"all_pixels",6473
"406_d",6784,FALSE,"all_pixels",9.81956550422795,8.96823535787162,5.88780005213226,262.169892306326,"squared_euclidean_pc1_pc3",886.54240777764,"all_pixels",6679,1,3963.62568271191,78158.2549817663,11397.0245770346,"all_pixels",6679
"407_a",6981,FALSE,"all_pixels",10.2118803382572,9.62942128455894,4.76030227825435,253.879463602991,"squared_euclidean_pc1_pc3",933.025685389062,"all_pixels",6954,1,2151.17849248409,35103.6264200815,6220.5765199733,"all_pixels",6954
"407_b",5378,FALSE,"all_pixels",10.169712901934,9.76566197555407,4.28361294789861,243.537976937644,"squared_euclidean_pc1_pc3",870.637155650026,"all_pixels",5357,1,1812.14332291923,31167.0835354079,5449.57094574018,"all_pixels",5357
"407_c",5595,FALSE,"all_pixels",9.03755543691451,8.47563889012167,4.32169089658771,200.7021646394,"squared_euclidean_pc1_pc3",761.985382129367,"all_pixels",5535,1,1593.48457479273,30426.3175944109,5267.59687042037,"all_pixels",5535
"407_d",6502,FALSE,"all_pixels",8.63846227329421,8.09833474911314,4.01251380078835,181.441642492797,"squared_euclidean_pc1_pc3",730.654212220541,"all_pixels",6495,1,1417.91074115424,18890.2144135382,4116.08401524864,"all_pixels",6495
"408_a",5996,FALSE,"all_pixels",7.31177169855754,6.28591527638343,4.63701102358849,149.920581137624,"squared_euclidean_pc1_pc3",561.036544453757,"all_pixels",5962,1,2354.68844018413,43103.1640902359,7067.57298710584,"all_pixels",5962
"408_b",5367,FALSE,"all_pixels",7.21189493177348,6.44757363464519,3.98032360546194,135.702905174314,"squared_euclidean_pc1_pc3",521.333607264696,"all_pixels",5363,1,1332.61323497282,21079.798419468,4302.94893751125,"all_pixels",5363
"408_c",7007,FALSE,"all_pixels",6.99971938312126,6.18538771398412,4.21964558066076,133.59787836018,"squared_euclidean_pc1_pc3",607.504318109639,"all_pixels",6967,1,2638.52225836156,37689.102694808,6961.02481114329,"all_pixels",6967
"408_d",7125,FALSE,"all_pixels",8.27811513139373,7.02172899755705,5.24022736522814,191.966637870433,"squared_euclidean_pc1_pc3",757.041907937353,"all_pixels",7051,1,2818.14972964563,48317.9619195062,7683.06813318908,"all_pixels",7051
"409_a",6856,FALSE,"all_pixels",7.05113619041545,6.36181344277651,3.75225376995982,127.591752681295,"squared_euclidean_pc1_pc3",580.806601142878,"all_pixels",6816,1,1751.15674491965,28725.3479595542,5278.70180222231,"all_pixels",6816
"409_b",6679,FALSE,"all_pixels",6.60980785364691,5.9967264273718,3.49868009126965,111.856979038722,"squared_euclidean_pc1_pc3",558.467068079605,"all_pixels",6637,1,1185.28699898922,16511.9531757309,3586.83414118168,"all_pixels",6637
"409_c",7197,FALSE,"all_pixels",5.61780060248266,5.02540230024755,3.16412082053361,83.1399061763135,"squared_euclidean_pc1_pc3",461.626318855386,"all_pixels",7196,1,1000.37794910967,12649.1295918405,2990.04168853623,"all_pixels",7196
"409_d",5989,FALSE,"all_pixels",7.51182975806726,6.69652771782155,4.30433707385771,149.903620803548,"squared_euclidean_pc1_pc3",627.385999415409,"all_pixels",5980,1,1822.02076276936,29674.9757872668,5385.67533144752,"all_pixels",5980
"410_a",7655,FALSE,"all_pixels",6.53130024709236,5.74770544004802,3.77602950867187,113.82883828489,"squared_euclidean_pc1_pc3",600.204934204292,"all_pixels",7587,1,1394.19082627323,20890.8671330307,4248.68889782773,"all_pixels",7587
"410_b",8374,FALSE,"all_pixels",5.08481144475443,4.52499704498455,2.90449416475924,68.58077273529,"squared_euclidean_pc1_pc3",407.508553735777,"all_pixels",8324,1,1035.23234563222,10466.2871002225,2851.84938177382,"all_pixels",8324
"410_c",7644,FALSE,"all_pixels",5.7922318018552,5.16252804929564,3.2672350255165,88.4467549223388,"squared_euclidean_pc1_pc3",457.482382292525,"all_pixels",7567,1,1017.79028085835,13139.7661223295,3155.3458636387,"all_pixels",7567
"410_d",8271,FALSE,"all_pixels",6.85107170657181,5.93268527988922,4.13237348309206,128.023259015372,"squared_euclidean_pc1_pc3",609.453741260403,"all_pixels",8200,1,2119.19544265336,36281.383519549,6252.72917310733,"all_pixels",8200
"411_a",8064,FALSE,"all_pixels",6.39643495115203,5.56054553875889,3.8382498460114,111.289430119462,"squared_euclidean_pc1_pc3",508.492136346311,"all_pixels",8029,1,1550.68149657036,25889.1946911014,4841.69881749054,"all_pixels",8029
"411_b",7378,FALSE,"all_pixels",4.69373739608606,4.26947475754947,2.62758275177205,57.8688521599517,"squared_euclidean_pc1_pc3",305.036434608127,"all_pixels",7316,1,808.251176402938,9735.66896816663,2505.57450153918,"all_pixels",7316
"411_c",6833,FALSE,"all_pixels",4.95156067088338,4.30496892255206,3.77907544903294,77.5945485246928,"squared_euclidean_pc1_pc3",335.062517336607,"all_pixels",6833,1,1993.38413729535,20696.0924578895,5064.79153500935,"all_pixels",6833
"411_d",6402,FALSE,"all_pixels",5.34553902080571,4.67944387622023,3.42512252858371,80.6088385802242,"squared_euclidean_pc1_pc3",394.281284005861,"all_pixels",6372,1,1890.24226721497,25591.5240939402,5210.19576315058,"all_pixels",6372
"412_a",6834,FALSE,"all_pixels",5.40073440181325,4.82290355917984,2.91666335497949,75.3472248215611,"squared_euclidean_pc1_pc3",363.459391375177,"all_pixels",6748,1,797.247636882673,11004.9306927784,2715.84498542151,"all_pixels",6748
"412_b",8068,FALSE,"all_pixels",6.96493359415371,5.74779292521559,5.89197762890095,166.44279499925,"squared_euclidean_pc1_pc3",598.598449220822,"all_pixels",7985,1,6820.60331516368,135520.151757247,17598.5758624776,"all_pixels",7985
"412_c",5997,FALSE,"all_pixels",6.32608796080551,5.33741589696462,4.51630779353782,120.826047534402,"squared_euclidean_pc1_pc3",481.184233149651,"all_pixels",5986,1,2538.91481800749,38561.0152693547,7008.74840085828,"all_pixels",5986
"412_d",7005,FALSE,"all_pixels",6.45930576920041,5.90278848854231,3.43574594124732,107.0505921215,"squared_euclidean_pc1_pc3",480.451800634579,"all_pixels",6973,1,908.223548031373,12423.8989888478,3042.66907877155,"all_pixels",6973
"413_a",6480,FALSE,"all_pixels",5.70310413819596,5.1287541805583,3.14284813822838,84.8027338527582,"squared_euclidean_pc1_pc3",412.294309563174,"all_pixels",6445,1,912.330143495033,11342.9669466769,2826.92161938991,"all_pixels",6445
"413_b",7815,FALSE,"all_pixels",5.39447805865523,4.78864463954998,3.17712599142457,78.3864629108744,"squared_euclidean_pc1_pc3",423.203961740801,"all_pixels",7802,1,1172.23344562996,14560.9096447193,3355.58368878799,"all_pixels",7802
"413_c",7442,FALSE,"all_pixels",5.86039274801399,5.2397908592867,3.26559546782747,90.0137679141038,"squared_euclidean_pc1_pc3",466.431278887693,"all_pixels",7407,1,1079.30093633431,15400.5456353473,3451.84109608561,"all_pixels",7407
"413_d",7277,FALSE,"all_pixels",5.45516656569481,4.79749179562049,3.22785451110386,80.3529104536898,"squared_euclidean_pc1_pc3",391.641012104873,"all_pixels",7028,1,1114.10068176049,13330.920608932,3197.09771932889,"all_pixels",7028
"414_a",7485,FALSE,"all_pixels",6.28723729944407,5.52618803885185,3.6489325742307,105.684565877148,"squared_euclidean_pc1_pc3",515.215211010326,"all_pixels",7311,1,1530.74312961515,23751.145114333,4617.42039194198,"all_pixels",7311
"414_b",7028,FALSE,"all_pixels",5.15944066365253,4.54175826517569,3.09955820971808,72.4514441186055,"squared_euclidean_pc1_pc3",399.577529500828,"all_pixels",6800,1,1005.91239931717,10971.5074221971,2839.10841713651,"all_pixels",6800
"414_c",8389,FALSE,"all_pixels",5.53413310132833,4.99763806326241,3.05412106538646,79.9063455480616,"squared_euclidean_pc1_pc3",423.778059662337,"all_pixels",8237,1,963.313852618006,13911.3750140995,3077.86103874963,"all_pixels",8237
"414_d",8307,FALSE,"all_pixels",6.03153186889482,5.28036413562639,3.61075623514413,98.8307356166804,"squared_euclidean_pc1_pc3",493.197044331705,"all_pixels",8176,1,1769.75025473869,26733.718527203,5097.35916029279,"all_pixels",8176
"415_a",8361,FALSE,"all_pixels",6.38138606379313,5.68806048762513,3.78654046223103,110.116523827917,"squared_euclidean_pc1_pc3",548.621226626389,"all_pixels",8196,1,2166.19936328956,30298.8734321927,6024.35751240261,"all_pixels",8196
"415_b",7696,FALSE,"all_pixels",5.17440161638735,4.63221054290023,2.9869718007228,71.390546644762,"squared_euclidean_pc1_pc3",370.864949507928,"all_pixels",7474,1,1456.32753274874,15840.4888843185,3799.76893924245,"all_pixels",7474
"415_c",8214,FALSE,"all_pixels",4.44270847393474,3.92539556356909,2.77948579364619,54.9245186561222,"squared_euclidean_pc1_pc3",324.994264203127,"all_pixels",8042,1,966.857059557808,9003.25887742233,2621.4361215686,"all_pixels",8042
"415_d",7424,FALSE,"all_pixels",5.76787008861146,5.11034482393716,3.40287108007824,89.6925944075828,"squared_euclidean_pc1_pc3",464.503286301367,"all_pixels",7378,1,1690.71875332019,24338.3800833963,5156.39321053345,"all_pixels",7378
"416_a",8467,FALSE,"all_pixels",5.6525556896572,5.08364304966807,3.06065065923459,82.6357238374597,"squared_euclidean_pc1_pc3",414.928794106552,"all_pixels",8419,1,962.389882016686,9285.59343040926,2614.72260635214,"all_pixels",8419
"416_b",7899,FALSE,"all_pixels",6.48360395051901,5.77845435410943,3.66912334701115,110.995763994786,"squared_euclidean_pc1_pc3",533.84048189091,"all_pixels",7819,1,1332.39028613405,21774.9775129668,4446.84981564458,"all_pixels",7819
"416_c",7558,FALSE,"all_pixels",7.11066692827885,6.51447308058216,3.81199181138942,130.181886198386,"squared_euclidean_pc1_pc3",570.425377807628,"all_pixels",7532,1,1743.29868375163,37952.850820494,6132.17751032528,"all_pixels",7532
"416_d",8054,FALSE,"all_pixels",6.48607050430129,5.84344956137116,3.73305411249024,112.006146622653,"squared_euclidean_pc1_pc3",518.204592496597,"all_pixels",8028,1,1863.83012505237,26975.6232308307,5300.12458518797,"all_pixels",8028
"417_a",7806,FALSE,"all_pixels",9.45994785315189,7.65493994407792,7.35606605977509,287.190778388082,"squared_euclidean_pc1_pc3",840.057858668794,"all_pixels",7804,1,3262.78774212779,51278.5690689397,8665.78242056185,"all_pixels",7804
"417_b",7635,FALSE,"all_pixels",7.81257083801275,7.01702866210841,4.78089550931385,167.780462523551,"squared_euclidean_pc1_pc3",681.347036855546,"all_pixels",7614,1,2127.00577239038,44936.6042763332,6904.4706508016,"all_pixels",7614
"417_c",8807,FALSE,"all_pixels",6.305844097581,5.68781979346324,3.44125258184238,103.209088955779,"squared_euclidean_pc1_pc3",502.757237408191,"all_pixels",8807,1,1341.16446804522,19956.0256212397,4002.67591070102,"all_pixels",8807
"417_d",8164,FALSE,"all_pixels",5.03732966033301,4.38556467672027,3.15455592818314,70.6493885915564,"squared_euclidean_pc1_pc3",410.13180221511,"all_pixels",8163,1,1206.92989936356,19253.4626901138,3923.22327881443,"all_pixels",8163
"418_a",8537,FALSE,"all_pixels",4.91996549129996,4.07841275356283,3.32630466030389,70.5381341753252,"squared_euclidean_pc1_pc3",443.011403834658,"all_pixels",8537,1,1218.85347645907,18297.3337792499,3741.58296167552,"all_pixels",8537
"418_b",7571,FALSE,"all_pixels",6.83991396304922,5.76785279369964,4.83659669650016,140.348001708022,"squared_euclidean_pc1_pc3",607.637336964641,"all_pixels",7564,1,2812.49333536476,44942.9176855167,7633.06383833762,"all_pixels",7564
"418_c",6627,FALSE,"all_pixels",7.2750484435453,5.87216058643453,6.52685344478709,191.039435050731,"squared_euclidean_pc1_pc3",550.00623925925,"all_pixels",6626,1,3800.72168322287,92240.5678046103,11504.5486510868,"all_pixels",6626
"418_d",6087,FALSE,"all_pixels",5.91609135391251,5.20336507020394,3.58444299961503,95.6925155189916,"squared_euclidean_pc1_pc3",445.287145771642,"all_pixels",6087,1,1453.71120643859,25248.6955776178,4693.82388280379,"all_pixels",6087
"419_a",5936,FALSE,"all_pixels",7.6917911327672,6.54130169919823,5.18183830192123,172.021151050857,"squared_euclidean_pc1_pc3",617.781365578869,"all_pixels",5928,1,2786.61155116171,57801.3146433103,8363.25841118179,"all_pixels",5928
"419_b",7260,FALSE,"all_pixels",6.36801397378704,5.50260486455824,3.96006408375697,112.463098895798,"squared_euclidean_pc1_pc3",549.129895483677,"all_pixels",7231,1,1649.81696487527,25249.6309708709,5009.25146380898,"all_pixels",7231
"419_c",7492,FALSE,"all_pixels",6.7811411437417,5.07483459043744,6.91395410621777,187.560512173679,"squared_euclidean_pc1_pc3",473.851777901436,"all_pixels",7434,1,5518.31592796395,155743.989213723,16651.3261009173,"all_pixels",7434
"419_d",5253,FALSE,"all_pixels",12.8709380217232,9.66705334724426,12.2017923839158,629.032880655769,"squared_euclidean_pc1_pc3",814.655501135021,"all_pixels",5252,1,8565.91746718825,258415.757644472,24654.8603997988,"all_pixels",5252
"420_a",7179,FALSE,"all_pixels",6.85386040070627,5.60004871366605,5.71872717320659,159.349374774074,"squared_euclidean_pc1_pc3",519.903830558108,"all_pixels",7165,1,6058.67417941684,145850.406089043,17034.5619362625,"all_pixels",7165
"420_b",8239,FALSE,"all_pixels",5.02395965877236,4.43201599740542,3.04991684280602,69.082068762744,"squared_euclidean_pc1_pc3",383.572606614828,"all_pixels",8215,1,1483.41175491316,18164.169122023,4184.76091972821,"all_pixels",8215
"420_c",8860,FALSE,"all_pixels",5.50691378302639,4.82651654071684,3.59659755064839,86.5203067294585,"squared_euclidean_pc1_pc3",475.115059763422,"all_pixels",8725,1,1828.26532012672,23476.641320931,4984.11044585521,"all_pixels",8725
"420_d",8328,FALSE,"all_pixels",5.73340493939919,4.91332611494663,3.51355955697863,90.4311011975213,"squared_euclidean_pc1_pc3",536.318867992326,"all_pixels",8309,1,1624.43931030934,17839.5889254179,4145.51359657775,"all_pixels",8309
"421_a",9081,FALSE,"all_pixels",5.66921427306992,4.53938052265355,4.88561066780169,112.013107190405,"squared_euclidean_pc1_pc3",503.589646916934,"all_pixels",9064,1,2723.31027239444,32762.9666740579,6903.94808667707,"all_pixels",9064
"421_b",9289,FALSE,"all_pixels",5.64642836158111,4.92760610350111,3.5996059449869,89.6758426169,"squared_euclidean_pc1_pc3",508.116148943187,"all_pixels",9285,1,2015.5612880579,23166.9037950705,5168.66077957875,"all_pixels",9285
"421_c",8794,FALSE,"all_pixels",6.00847063953969,5.32664840315438,3.41276109162407,95.494666551977,"squared_euclidean_pc1_pc3",535.58022174436,"all_pixels",8727,1,1346.04086698275,17210.5020225442,3832.20132376034,"all_pixels",8727
"421_d",8777,FALSE,"all_pixels",6.03285060362234,4.9821827764647,4.40359407807445,111.569435680086,"squared_euclidean_pc1_pc3",528.230486697638,"all_pixels",8743,1,2082.37281349498,27267.9080306182,5490.93657267977,"all_pixels",8743
"422_a",9024,FALSE,"all_pixels",4.53138729955283,3.91485690338854,2.74753836706446,56.1632027874047,"squared_euclidean_pc1_pc3",373.370888682546,"all_pixels",9022,1,881.850035905444,11756.3932033,2829.13150021679,"all_pixels",9022
"422_b",8629,FALSE,"all_pixels",5.96722633101477,5.31851334251319,3.32446883378431,93.3172046085342,"squared_euclidean_pc1_pc3",512.637567865294,"all_pixels",8602,1,1369.67664076676,20565.8824029116,4080.18953507612,"all_pixels",8602
"422_c",7358,FALSE,"all_pixels",8.55432643355637,6.49622391225264,9.0243112848412,309.207253835834,"squared_euclidean_pc1_pc3",573.773755095642,"all_pixels",7358,1,4087.37701651667,78195.3275835334,11336.5536231145,"all_pixels",7358
"422_d",8658,FALSE,"all_pixels",6.8847441155973,5.548040505288,6.48878164414157,178.998251425125,"squared_euclidean_pc1_pc3",519.809548773655,"all_pixels",8654,1,2703.36188643623,32913.5706564489,7145.48048471825,"all_pixels",8654
"423_a",8305,FALSE,"all_pixels",5.53116706232633,4.91006308701535,3.1516824952981,81.051431167388,"squared_euclidean_pc1_pc3",462.781535753742,"all_pixels",8284,1,915.083856451415,10447.4192815117,2652.71016130485,"all_pixels",8284
"423_b",7139,FALSE,"all_pixels",6.15805372948563,5.21286914269798,4.61538340061987,118.44081162343,"squared_euclidean_pc1_pc3",507.321403045579,"all_pixels",7131,1,2884.64109453691,51803.6705618751,8143.03568080784,"all_pixels",7131
"423_c",7224,FALSE,"all_pixels",7.68488483943231,6.42172485548417,5.30789870626318,174.454687290338,"squared_euclidean_pc1_pc3",681.613904659454,"all_pixels",7196,1,3119.34678016871,62163.5688626629,8886.40617859285,"all_pixels",7196
"423_d",8505,FALSE,"all_pixels",7.10568986184461,6.2472503044932,4.64850579050982,144.193787605399,"squared_euclidean_pc1_pc3",656.310652615991,"all_pixels",8500,1,3447.33960820857,68894.4396662314,9638.08539750724,"all_pixels",8500
"424_a",6279,FALSE,"all_pixels",5.48166773035641,4.93904866157735,2.99644777379312,78.0519008204374,"squared_euclidean_pc1_pc3",399.220008911331,"all_pixels",6276,1,864.654458540467,11039.4530880062,2710.55277700429,"all_pixels",6276
"424_b",6114,FALSE,"all_pixels",6.68134110626196,5.57475182325926,4.75568635485111,134.50634508437,"squared_euclidean_pc1_pc3",510.088371884255,"all_pixels",6092,1,2265.10878627165,42576.3454595016,7013.04658242439,"all_pixels",6092
"424_c",7789,FALSE,"all_pixels",5.0440593796263,4.34480434423406,3.30383637469282,72.7129368754813,"squared_euclidean_pc1_pc3",379.524035786892,"all_pixels",7785,1,1792.42880960328,22114.3464619703,5039.68015018841,"all_pixels",7785
"424_d",6716,FALSE,"all_pixels",5.42502475457125,4.68519692505369,4.97639048786029,108.383336985332,"squared_euclidean_pc1_pc3",372.95491680539,"all_pixels",6695,1,4197.79145622441,56533.7191365671,10835.8222692041,"all_pixels",6695
"5_a",7500,FALSE,"all_pixels",9.44437527047991,8.054628613808,6.12271398499044,253.357704882889,"squared_euclidean_pc1_pc3",892.624180945298,"all_pixels",7497,1,3666.40578750469,60718.0247639889,9591.88602729343,"all_pixels",7497
"5_b",7967,FALSE,"all_pixels",7.40836521410575,6.48252116200107,4.42974050064728,149.008026127442,"squared_euclidean_pc1_pc3",664.616496169316,"all_pixels",7920,1,2291.38388793209,41023.2678285137,6877.0415191243,"all_pixels",7920
"5_c",6821,FALSE,"all_pixels",7.62129882275901,6.89327453452395,4.20791528192855,151.576301755653,"squared_euclidean_pc1_pc3",652.169370291572,"all_pixels",6821,1,2153.54774064675,37297.3390918428,6483.31397842537,"all_pixels",6821
"5_d",6776,FALSE,"all_pixels",11.5081068481601,10.5181330021417,6.04380791876525,337.917493307026,"squared_euclidean_pc1_pc3",1076.04509514062,"all_pixels",6776,1,3603.79457283339,70423.4995637648,10226.7300164217,"all_pixels",6776
"500_a",4975,FALSE,"all_pixels",5.18272947170698,4.6911124420248,2.79637954057837,69.3577030102494,"squared_euclidean_pc1_pc3",357.083846887677,"all_pixels",4970,1,828.202983739455,7734.61412900858,2301.10423681959,"all_pixels",4970
"500_b",6556,FALSE,"all_pixels",5.91555122357879,5.17157573050867,3.60870696708898,96.0290517282965,"squared_euclidean_pc1_pc3",502.646758237596,"all_pixels",6556,1,1172.67379200881,15518.9178240156,3449.5368080408,"all_pixels",6556
"500_c",6734,FALSE,"all_pixels",6.59649897693516,5.62864081998306,4.54739726884695,128.379099730595,"squared_euclidean_pc1_pc3",566.249580852313,"all_pixels",6718,1,2891.11646859348,49096.4654069586,7916.96567389769,"all_pixels",6718
"500_d",7282,FALSE,"all_pixels",6.26467273697659,5.62445259783594,3.61145766570751,104.573919790199,"squared_euclidean_pc1_pc3",519.196668982549,"all_pixels",7260,1,1691.596162769,26636.1619101817,4966.52941720865,"all_pixels",7260
"501_a",7780,FALSE,"all_pixels",8.23869917043875,7.2725845756539,5.04221943695361,186.593746016065,"squared_euclidean_pc1_pc3",669.691959022174,"all_pixels",7761,1,2301.13665005023,44631.7527227696,7110.98478715486,"all_pixels",7761
"501_b",6482,FALSE,"all_pixels",10.437495733401,9.5512888274424,5.34281400887033,274.965149765344,"squared_euclidean_pc1_pc3",830.091242132964,"all_pixels",6416,1,2729.66275940244,59482.5623324537,8532.33685337358,"all_pixels",6416
"501_c",7352,FALSE,"all_pixels",8.90171462387922,8.09211162583012,4.87171824811342,205.941867491833,"squared_euclidean_pc1_pc3",737.986726590543,"all_pixels",7333,1,2030.35832389636,32937.5021019626,5850.31959445852,"all_pixels",7333
"501_d",7491,FALSE,"all_pixels",7.77357100110682,6.48610540253232,5.38566504715719,178.85984415583,"squared_euclidean_pc1_pc3",650.367449312193,"all_pixels",7464,1,3478.87572863066,68598.0546436302,9856.50485981539,"all_pixels",7464
"502_a",7798,FALSE,"all_pixels",6.28785111921427,5.74017575922546,3.3128219769489,101.020907526406,"squared_euclidean_pc1_pc3",497.678287022591,"all_pixels",7741,1,984.210094274544,11445.2885822967,2836.94079455346,"all_pixels",7741
"502_b",8441,FALSE,"all_pixels",7.20182635824684,6.53460338328379,3.88649057043617,133.938644782284,"squared_euclidean_pc1_pc3",557.34590234181,"all_pixels",8438,1,1287.07975679601,17017.004905362,3793.52926674536,"all_pixels",8438
"502_c",8517,FALSE,"all_pixels",6.98199242594967,6.51021981686756,3.60647623493442,123.506723853763,"squared_euclidean_pc1_pc3",461.122985058748,"all_pixels",8474,1,1005.50373862935,9565.69963399044,2774.66186316494,"all_pixels",8474
"502_d",7015,FALSE,"all_pixels",5.98428835071813,5.51668905835076,3.05611419372038,90.3004192412482,"squared_euclidean_pc1_pc3",431.185701975227,"all_pixels",6924,1,1074.45133492672,10766.7541827987,3012.61852040929,"all_pixels",6924
"503_a",7521,FALSE,"all_pixels",6.08242960055555,5.55006259144646,3.43268745156573,97.5554525205282,"squared_euclidean_pc1_pc3",474.291756838845,"all_pixels",7438,1,1561.94338613563,19067.2564862181,4297.2398982834,"all_pixels",7438
"503_b",7102,FALSE,"all_pixels",5.03506550461178,4.53353862165209,2.75334416357114,65.8634425730368,"squared_euclidean_pc1_pc3",367.01722744351,"all_pixels",7028,1,630.167352346101,6208.7685828149,1887.85640534808,"all_pixels",7028
"503_c",7403,FALSE,"all_pixels",5.73157344409779,5.35000079503567,2.95901649087941,83.211060009093,"squared_euclidean_pc1_pc3",428.447015825305,"all_pixels",7384,1,856.914634599035,9001.87010550871,2438.60891240687,"all_pixels",7384
"503_d",7346,FALSE,"all_pixels",5.80499428364118,5.28612773380926,3.33341928048981,89.6162602314,"squared_euclidean_pc1_pc3",436.647036185761,"all_pixels",7343,1,1487.20773428101,18796.397317539,4150.54456466586,"all_pixels",7343
"504_a",7330,FALSE,"all_pixels",5.4093471625816,4.9760158083287,2.7915848765617,74.1058393813056,"squared_euclidean_pc1_pc3",366.007378837967,"all_pixels",7282,1,739.851977192792,8250.53221475695,2273.74574373424,"all_pixels",7282
"504_b",7384,FALSE,"all_pixels",5.41492944979299,4.92234864763564,2.96309495112084,76.2004071748459,"squared_euclidean_pc1_pc3",392.571205838652,"all_pixels",7373,1,967.661199134167,10620.6769955372,2754.67124956112,"all_pixels",7373
"504_c",7952,FALSE,"all_pixels",5.8786018744824,5.12762358973633,3.33095650652925,91.3036719329359,"squared_euclidean_pc1_pc3",511.507736866558,"all_pixels",7872,1,1058.18023801429,13904.7858275515,3207.18190701453,"all_pixels",7872
"504_d",8094,FALSE,"all_pixels",6.06994414467215,5.53701755588732,3.23552079864318,94.6230467614386,"squared_euclidean_pc1_pc3",481.128471114423,"all_pixels",8054,1,977.075285822748,13047.1672379688,2948.7649237781,"all_pixels",8054
"505_a",8900,FALSE,"all_pixels",8.48179579599429,7.25176256599606,5.16464353199176,197.222811420417,"squared_euclidean_pc1_pc3",797.163102680935,"all_pixels",8888,1,2005.26614946714,26796.1914880801,5387.2822433066,"all_pixels",8888
"505_b",8039,FALSE,"all_pixels",9.91056572894485,8.142065283719,6.68746736691191,285.871939388332,"squared_euclidean_pc1_pc3",963.414537199046,"all_pixels",7997,1,3494.20242021462,68721.7947396567,9811.14485890103,"all_pixels",7997
"505_c",9224,FALSE,"all_pixels",7.19509059003661,6.1158253968887,4.62191716926524,146.258261981101,"squared_euclidean_pc1_pc3",689.102505309465,"all_pixels",9197,1,2807.89991622349,50628.0654275786,8138.74487387818,"all_pixels",9197
"505_d",8463,FALSE,"all_pixels",10.6899515956291,9.69499272772445,5.72373724148607,294.064724041425,"squared_euclidean_pc1_pc3",1021.75316582823,"all_pixels",8374,1,3086.66868984602,49915.4158262819,8493.39794817531,"all_pixels",8374
"506_a",9449,FALSE,"all_pixels",12.5578140605613,11.5780907378012,6.82137692460152,408.449905342573,"squared_euclidean_pc1_pc3",1218.93092346737,"all_pixels",9333,1,3790.30316587554,62186.006399664,9916.13992537395,"all_pixels",9333
"506_b",9464,FALSE,"all_pixels",8.23260588024466,7.29594955256644,4.79982057473789,181.623285645056,"squared_euclidean_pc1_pc3",808.293725994346,"all_pixels",9363,1,2107.67896062094,33383.113064993,5953.88596311971,"all_pixels",9363
"506_c",8962,FALSE,"all_pixels",9.14754723523058,8.28762766181294,4.76512841013215,212.763071098992,"squared_euclidean_pc1_pc3",937.55925490727,"all_pixels",8785,1,2155.07735650572,39059.528388527,6297.88313553791,"all_pixels",8785
"506_d",9515,FALSE,"all_pixels",10.1403093801556,9.11916374465449,6.58877179048003,292.466451122143,"squared_euclidean_pc1_pc3",983.175498025093,"all_pixels",9218,1,3483.83011493719,49459.4429882576,8987.26272375074,"all_pixels",9218
"507_a",6540,FALSE,"all_pixels",7.83592424777422,6.96712551750373,4.47934013456642,162.926257786922,"squared_euclidean_pc1_pc3",746.431520583894,"all_pixels",6518,1,2275.08145822352,40396.8910582149,6752.89810031312,"all_pixels",6518
"507_b",7833,FALSE,"all_pixels",11.471853697961,11.1192259518919,4.94978586147174,312.201359001304,"squared_euclidean_pc1_pc3",1029.72589464707,"all_pixels",7657,1,2013.39292684554,39209.1761397205,6265.49885098447,"all_pixels",7657
"507_c",6191,FALSE,"all_pixels",9.8514209201928,9.30937354983715,4.6569085008541,237.46757595351,"squared_euclidean_pc1_pc3",861.068763873565,"all_pixels",6155,1,1782.42232990603,23282.9043811912,4821.60396961658,"all_pixels",6155
"507_d",6331,FALSE,"all_pixels",7.14653961863246,6.37541870825823,4.13310124534102,136.305712379808,"squared_euclidean_pc1_pc3",558.278313103789,"all_pixels",6243,1,1748.98984828167,24505.7813667116,4949.4849474213,"all_pixels",6243
"508_a",7735,FALSE,"all_pixels",12.8044072299986,13.0570472418265,5.19870308807414,381.951728509604,"squared_euclidean_pc1_pc3",986.000017771857,"all_pixels",7704,1,2059.20721139198,30316.8754762357,5708.14790140962,"all_pixels",7704
"508_b",6791,FALSE,"all_pixels",11.2514898688163,11.1385741865403,4.6891709600732,297.162221396725,"squared_euclidean_pc1_pc3",956.081272538401,"all_pixels",6704,1,2108.24082816886,34736.3322382615,6226.73867476599,"all_pixels",6704
"508_c",8227,FALSE,"all_pixels",5.95041695155345,5.46016931067159,3.07036618802597,89.6669290933304,"squared_euclidean_pc1_pc3",436.905526686548,"all_pixels",8167,1,1215.02894614185,12187.1650963293,3226.02532049907,"all_pixels",8167
"508_d",6673,FALSE,"all_pixels",7.48020792391813,6.82228053815914,3.81026770566433,140.938949839498,"squared_euclidean_pc1_pc3",595.67964630831,"all_pixels",6569,1,1307.40933485855,15362.1202832995,3589.68813366401,"all_pixels",6569
"509_a",6911,FALSE,"all_pixels",6.12019058161927,5.64953372527537,3.1712706068025,95.024469613546,"squared_euclidean_pc1_pc3",464.858820077882,"all_pixels",6896,1,1181.6171013397,14690.7411791227,3429.96612230772,"all_pixels",6896
"509_b",7294,FALSE,"all_pixels",5.87228075393918,5.48331130986217,2.91364639101588,85.943705331417,"squared_euclidean_pc1_pc3",427.172141909453,"all_pixels",7223,1,864.829229408957,10269.6335135062,2581.719433415,"all_pixels",7223
"509_c",8118,FALSE,"all_pixels",6.52349334172302,5.78148562458726,3.81324300989787,114.18999289841,"squared_euclidean_pc1_pc3",600.42217346326,"all_pixels",8059,1,1501.58067017557,21441.6026456448,4391.9751602597,"all_pixels",8059
"509_d",6911,FALSE,"all_pixels",7.15246637849263,6.37796862472248,4.17997127579653,137.25481399056,"squared_euclidean_pc1_pc3",552.471129158461,"all_pixels",6879,1,1828.37906511682,26927.9354397613,5301.98994931557,"all_pixels",6879
"510_a",8886,FALSE,"all_pixels",5.22899631825749,4.62459726595935,3.00363729969387,72.7264484756577,"squared_euclidean_pc1_pc3",406.793976214193,"all_pixels",8879,1,1227.79787914815,17098.9750641868,3750.06084065711,"all_pixels",8879
"510_b",9234,FALSE,"all_pixels",6.10697146673242,5.20705646032429,3.97079778230499,106.121256007892,"squared_euclidean_pc1_pc3",557.252547359861,"all_pixels",9197,1,2714.05922152585,38228.1519017675,6934.57062271189,"all_pixels",9197
"510_c",8936,FALSE,"all_pixels",6.61617745212762,5.63138197557764,4.31316859021827,124.750291028759,"squared_euclidean_pc1_pc3",601.241904356199,"all_pixels",8922,1,2955.71263898274,53196.0287178624,8338.23847572974,"all_pixels",8922
"510_d",7972,FALSE,"all_pixels",10.5515729888606,8.77844124944593,7.31194573830747,329.587072954998,"squared_euclidean_pc1_pc3",965.098254111831,"all_pixels",7859,1,3402.00744050618,65374.2851690395,9516.54052884016,"all_pixels",7859
"511_a",8632,FALSE,"all_pixels",6.50092865412501,5.66527420069807,4.18129579774638,119.486565032779,"squared_euclidean_pc1_pc3",604.297144308647,"all_pixels",8624,1,3436.40959687429,74805.7345375904,10685.8356161091,"all_pixels",8624
"511_b",8445,FALSE,"all_pixels",7.36793005521795,6.42325740739163,4.54508415621897,149.883474258785,"squared_euclidean_pc1_pc3",641.608873858074,"all_pixels",8293,1,2653.70626646413,49787.1998334969,8009.45657528038,"all_pixels",8293
"511_c",7120,FALSE,"all_pixels",7.46167008561794,6.40877191179359,5.35356408831017,168.666287084554,"squared_euclidean_pc1_pc3",666.590966982815,"all_pixels",7098,1,5709.78062973006,116372.942918171,15332.6413819442,"all_pixels",7098
"511_d",8601,FALSE,"all_pixels",6.68252519806753,5.72340423349886,4.64824138269499,132.519557847839,"squared_euclidean_pc1_pc3",637.314921750987,"all_pixels",8469,1,5396.86320840237,100644.360274789,14028.3389697038,"all_pixels",8469
"512_a",8122,FALSE,"all_pixels",6.6165478182583,5.84134883523907,3.87745918670085,117.623087337981,"squared_euclidean_pc1_pc3",578.728050795811,"all_pixels",7839,1,1684.29127439349,30095.8082512167,5347.42191202622,"all_pixels",7839
"512_b",6987,FALSE,"all_pixels",6.42748072047624,5.73329150387582,3.83725829308437,112.069904397682,"squared_euclidean_pc1_pc3",495.599648167829,"all_pixels",6835,1,1833.04069497833,30134.2134724822,5779.95126445916,"all_pixels",6835
"512_c",7980,FALSE,"all_pixels",7.20704887092138,6.85489185239958,3.33073061544611,126.067859328449,"squared_euclidean_pc1_pc3",551.08878421433,"all_pixels",7929,1,1352.33598770463,17621.7675919814,3858.4083657747,"all_pixels",7929
"512_d",6582,FALSE,"all_pixels",5.63674532177076,5.1325045266027,2.9970935127641,81.5082052588369,"squared_euclidean_pc1_pc3",379.218758538969,"all_pixels",6549,1,739.618780829469,9457.12665838958,2469.83552938726,"all_pixels",6549
"513_a",7199,FALSE,"all_pixels",6.66281698826914,6.18610637894286,3.63293256730499,115.178991839846,"squared_euclidean_pc1_pc3",525.523717409768,"all_pixels",7199,1,1770.96801429949,23912.6453688549,4967.50645182355,"all_pixels",7199
"513_b",7662,FALSE,"all_pixels",5.9129035149432,5.27876203069441,3.46487558868056,93.932447902844,"squared_euclidean_pc1_pc3",481.089108221235,"all_pixels",7480,1,1036.02724074089,14733.1172056398,3352.45982272984,"all_pixels",7480
"513_c",8358,FALSE,"all_pixels",6.17544140965987,5.42946239168501,3.63839738172299,102.744856494894,"squared_euclidean_pc1_pc3",522.402811983841,"all_pixels",8239,1,1501.83295942191,21025.5530776795,4287.76054285553,"all_pixels",8239
"513_d",8338,FALSE,"all_pixels",6.43918058113435,5.35715798234929,4.15825964495273,117.504192115641,"squared_euclidean_pc1_pc3",600.689611102845,"all_pixels",8252,1,1285.26711638814,14962.871795291,3503.33821606866,"all_pixels",8252
"514_a",7568,FALSE,"all_pixels",5.95160094039494,5.46296507660666,3.00074360324767,88.8496522375445,"squared_euclidean_pc1_pc3",467.587926305723,"all_pixels",7508,1,1505.53980549717,18019.90600401,4258.22552320306,"all_pixels",7508
"514_b",8903,FALSE,"all_pixels",7.55074821573067,6.70433478097366,4.54511772577232,155.339146812691,"squared_euclidean_pc1_pc3",752.589369302131,"all_pixels",8889,1,2825.25333416631,40540.4787612216,7201.60959618073,"all_pixels",8889
"514_c",8905,FALSE,"all_pixels",6.06250363272018,5.12409797933171,4.03457166680038,106.059781790935,"squared_euclidean_pc1_pc3",587.282967252735,"all_pixels",8884,1,2345.34960161677,34534.1547852018,6156.16806813295,"all_pixels",8884
"514_d",8585,FALSE,"all_pixels",7.39512088149711,6.35306905489402,4.88832212498524,157.161445251579,"squared_euclidean_pc1_pc3",699.534223508703,"all_pixels",8542,1,3330.14562434523,53070.7901485671,8634.73996288564,"all_pixels",8542
"515_a",8577,FALSE,"all_pixels",9.16896686892206,7.1220243628064,8.89410735903747,326.331752437437,"squared_euclidean_pc1_pc3",743.30948367254,"all_pixels",8574,1,5891.10087793013,116757.096854722,15471.4773192761,"all_pixels",8574
"515_b",9364,FALSE,"all_pixels",6.3550430114919,5.4421728404984,4.06009289210532,113.738331147559,"squared_euclidean_pc1_pc3",656.657268809546,"all_pixels",9341,1,2329.42451323967,37036.3120407061,6707.66325119825,"all_pixels",9341
"515_c",8985,FALSE,"all_pixels",6.44719996669808,5.49127646661745,4.1653856816867,117.829788485907,"squared_euclidean_pc1_pc3",636.280962112877,"all_pixels",8932,1,2483.793415378,38557.8909034879,6687.9519369439,"all_pixels",8932
"515_d",9437,FALSE,"all_pixels",4.95268194939724,4.15097323729367,3.43755573219384,72.6891914546944,"squared_euclidean_pc1_pc3",445.873189509895,"all_pixels",9364,1,1896.05000497701,31087.2558184188,5512.09972516241,"all_pixels",9364
"516_a",9078,FALSE,"all_pixels",6.11056811993555,5.06345957747979,4.26193950224679,111.002340347595,"squared_euclidean_pc1_pc3",631.445146394907,"all_pixels",9060,1,2349.91672268377,36968.1805277938,6395.43645056012,"all_pixels",9060
"516_b",8326,FALSE,"all_pixels",5.83401399739458,5.29169076357373,3.21830398553875,88.7839117455041,"squared_euclidean_pc1_pc3",476.048688884652,"all_pixels",8265,1,1215.51479341039,17589.34901511,3711.96885411785,"all_pixels",8265
"516_c",7684,FALSE,"all_pixels",5.85697948372099,5.24546325767583,3.43528542864605,92.2077176722834,"squared_euclidean_pc1_pc3",468.048930411133,"all_pixels",7679,1,1203.1249197859,14972.771990075,3564.49663777307,"all_pixels",7679
"516_d",7951,FALSE,"all_pixels",6.08953068031546,5.25508582950857,3.73598912164655,102.076486339139,"squared_euclidean_pc1_pc3",526.122225862847,"all_pixels",7938,1,1690.38634665561,24427.8415060245,4810.51233478016,"all_pixels",7938
"517_a",7187,FALSE,"all_pixels",5.8323421044075,5.11155710307266,3.71072364344699,95.5675369905202,"squared_euclidean_pc1_pc3",446.106337383444,"all_pixels",7187,1,1800.92747220869,24446.4193461917,5018.76616636949,"all_pixels",7187
"517_b",7286,FALSE,"all_pixels",5.68268838530614,4.93398522496394,3.99540439751877,96.5080252698936,"squared_euclidean_pc1_pc3",436.444718766213,"all_pixels",7278,1,2200.90377769742,26509.9754570544,5680.00192621042,"all_pixels",7278
"517_c",8208,FALSE,"all_pixels",4.94496009004916,4.32417240459257,2.88551081115168,65.5555770724012,"squared_euclidean_pc1_pc3",369.3955016669,"all_pixels",8208,1,1184.34366310399,15970.0590331406,3721.5623036316,"all_pixels",8208
"517_d",8273,FALSE,"all_pixels",5.26390894913218,4.47142591688563,3.71115845768138,82.9595394922785,"squared_euclidean_pc1_pc3",428.032221602177,"all_pixels",8273,1,1989.42664486449,21540.2455214685,5082.29506600626,"all_pixels",8273
"518_a",7739,FALSE,"all_pixels",5.14015723725714,4.44948981696064,3.21587880859582,73.5235132057877,"squared_euclidean_pc1_pc3",381.840330929519,"all_pixels",7739,1,1595.04964254617,19720.135814188,4343.22716002456,"all_pixels",7739
"518_b",7612,FALSE,"all_pixels",5.19267204515607,4.447599991555,3.66898865598325,80.8471045430054,"squared_euclidean_pc1_pc3",404.712905443002,"all_pixels",7612,1,1765.6290118518,21469.3498866349,4831.34479266577,"all_pixels",7612
"518_c",7413,FALSE,"all_pixels",5.98041084729471,5.10628315204618,4.05092702261918,104.346219930079,"squared_euclidean_pc1_pc3",495.466251606861,"all_pixels",7413,1,2460.92873966735,38504.629719631,6667.13778018968,"all_pixels",7413
"518_d",7346,FALSE,"all_pixels",5.18491322250185,4.6443830826009,3.28577657683438,75.3563662995872,"squared_euclidean_pc1_pc3",388.434809589274,"all_pixels",7346,1,2409.05914317433,33550.6694562218,6477.46162075629,"all_pixels",7346
"519_a",5715,FALSE,"all_pixels",7.60081149999533,5.53208132366859,8.7998276754898,270.391505602507,"squared_euclidean_pc1_pc3",451.410376054182,"all_pixels",5703,1,5644.98747813477,118093.365027732,14889.885310079,"all_pixels",5703
"519_b",7268,FALSE,"all_pixels",8.93226379462619,7.40989063604007,6.8586852215118,253.640854085184,"squared_euclidean_pc1_pc3",768.525747261032,"all_pixels",7268,1,4751.2964460237,99239.7330469734,12679.7889284941,"all_pixels",7268
"519_c",7191,FALSE,"all_pixels",10.8847501395289,9.03694947483757,8.52394198658187,382.250537258219,"squared_euclidean_pc1_pc3",928.198124810244,"all_pixels",7177,1,5711.43506317449,133029.615887366,15949.3425678178,"all_pixels",7177
"519_d",8079,FALSE,"all_pixels",6.97388216323769,5.82205768691094,5.33498037791763,154.187050193587,"squared_euclidean_pc1_pc3",607.879762137147,"all_pixels",8065,1,5212.86013018913,75974.6995954453,12889.2513489223,"all_pixels",8065
"520_a",6791,FALSE,"all_pixels",7.79075371043214,6.97874099435707,4.50141222780004,161.911143323023,"squared_euclidean_pc1_pc3",638.709672147279,"all_pixels",6786,1,2251.48653281658,42004.9842825272,6725.45975479248,"all_pixels",6786
"520_b",8356,FALSE,"all_pixels",7.90910414168768,6.89208535100868,4.96388070757804,174.382182420883,"squared_euclidean_pc1_pc3",700.208528145086,"all_pixels",8343,1,2287.79118429772,47977.9902964366,7298.31697145951,"all_pixels",8343
"520_c",8852,FALSE,"all_pixels",5.88796245851377,5.14277791225163,3.65839762258106,96.1009262348155,"squared_euclidean_pc1_pc3",480.170041969663,"all_pixels",8833,1,2035.67108770754,26124.039564407,5337.72679304578,"all_pixels",8833
"520_d",8445,FALSE,"all_pixels",6.3006672040021,5.23942372058369,4.60126879481366,121.735149461331,"squared_euclidean_pc1_pc3",581.825210775281,"all_pixels",8352,1,2350.60580046167,38182.9183212144,6850.40954786624,"all_pixels",8352
"521_a",8655,FALSE,"all_pixels",4.98162078478644,4.31472810398071,3.01255143026018,67.7819263653206,"squared_euclidean_pc1_pc3",389.836330721366,"all_pixels",8620,1,1163.63312630631,16094.6669831354,3580.18713273486,"all_pixels",8620
"521_b",8384,FALSE,"all_pixels",5.41697637722748,4.46577661595992,4.99443875056527,108.57015252768,"squared_euclidean_pc1_pc3",399.146571335097,"all_pixels",8311,1,3094.98845243667,41603.2164005124,8069.70807997222,"all_pixels",8311
"521_c",8996,FALSE,"all_pixels",7.00786271987149,5.30695331157357,7.26346170114953,203.724302383871,"squared_euclidean_pc1_pc3",588.663620544327,"all_pixels",8975,1,3567.4984008974,42070.8240868719,8628.6025946409,"all_pixels",8975
"521_d",8174,FALSE,"all_pixels",5.39497079002143,5.02356352114747,2.83279364002408,74.2588957899068,"squared_euclidean_pc1_pc3",431.597264370708,"all_pixels",8174,1,985.941506013411,12732.9012880402,3065.82417655385,"all_pixels",8174
"522_a",8898,FALSE,"all_pixels",5.22084607188815,4.38922330986164,3.51595957523168,79.2356322864468,"squared_euclidean_pc1_pc3",480.07374775855,"all_pixels",8842,1,1841.78476327802,22002.6928455349,4915.00168628147,"all_pixels",8842
"522_b",9120,FALSE,"all_pixels",6.1511424547071,5.04023854016255,6.35655103542979,156.475728220119,"squared_euclidean_pc1_pc3",499.846006722449,"all_pixels",9119,1,3605.8765164767,47468.9115974309,9443.7152267883,"all_pixels",9119
"522_c",9215,FALSE,"all_pixels",6.00080179881203,4.95221395459139,4.28230624062015,108.691557869757,"squared_euclidean_pc1_pc3",498.900054018691,"all_pixels",9152,1,2109.74866267037,27798.4849426269,5652.38528564849,"all_pixels",9152
"522_d",9162,FALSE,"all_pixels",4.65213354552639,4.14806765656437,2.62840472256783,57.1002077427332,"squared_euclidean_pc1_pc3",396.851104862641,"all_pixels",9153,1,702.337706015864,7879.76385664171,2191.93721612432,"all_pixels",9153
"523_a",9096,FALSE,"all_pixels",5.38718530208996,4.65436145612879,3.34944221010389,80.4785904492513,"squared_euclidean_pc1_pc3",475.077983176565,"all_pixels",9086,1,1757.61897151223,17847.3767397178,4504.92115907948,"all_pixels",9086
"523_b",8369,FALSE,"all_pixels",6.09195238765619,5.36352498664086,3.47950325561222,98.434760315526,"squared_euclidean_pc1_pc3",544.823654177198,"all_pixels",8369,1,1310.49276313061,21588.2327430683,4178.98762377327,"all_pixels",8369
"523_c",6685,FALSE,"all_pixels",6.38108618720893,5.6946691440442,3.7199561180952,109.108528861331,"squared_euclidean_pc1_pc3",506.522582387666,"all_pixels",6676,1,1843.02493267329,26177.7736686589,5152.79374145332,"all_pixels",6676
"523_d",8751,FALSE,"all_pixels",5.64109482019051,4.57582163136658,5.7236067252844,129.155762362394,"squared_euclidean_pc1_pc3",453.36446838523,"all_pixels",8684,1,2829.54164364226,44059.3256202201,7949.83027618091,"all_pixels",8684
"524_a",6274,FALSE,"all_pixels",6.48805499185945,5.28091216333365,5.82694918263592,152.08556520332,"squared_euclidean_pc1_pc3",450.390483380983,"all_pixels",6244,1,3878.05706282343,69204.2208668938,10717.6978925579,"all_pixels",6244
"524_b",7155,FALSE,"all_pixels",5.53529607194581,5.0354999488345,2.97027710829007,78.9216312877584,"squared_euclidean_pc1_pc3",418.816857108591,"all_pixels",7127,1,756.760333041951,9211.09834042836,2463.85008452125,"all_pixels",7127
"524_c",7821,FALSE,"all_pixels",5.59348860892825,4.70680480028376,3.65985963120437,89.3599493928026,"squared_euclidean_pc1_pc3",494.920689644086,"all_pixels",7807,1,1670.78730965408,20950.593007735,4470.15932279795,"all_pixels",7807
"524_d",6300,FALSE,"all_pixels",5.85299267384535,5.06409234866823,3.68013149947329,95.5974827051475,"squared_euclidean_pc1_pc3",478.182778182015,"all_pixels",6265,1,1369.03031515757,22944.5517312844,4304.75179921655,"all_pixels",6265
"6_a",7734,FALSE,"all_pixels",8.55473668872248,7.59321979368882,4.70126897659443,190.565184083668,"squared_euclidean_pc1_pc3",825.640606129739,"all_pixels",7726,1,1967.85283824936,37649.9195904605,5990.7462195167,"all_pixels",7726
"6_b",7788,FALSE,"all_pixels",7.5535026406197,6.61828522721965,4.4885849392613,154.400419839032,"squared_euclidean_pc1_pc3",667.083696876017,"all_pixels",7684,1,1610.54077772444,25011.1619099706,4887.67131284881,"all_pixels",7684
"6_c",6064,FALSE,"all_pixels",7.94907507830448,6.44746409874694,6.29958401917759,205.732018189628,"squared_euclidean_pc1_pc3",607.295993004337,"all_pixels",6038,1,2627.49897272568,36091.2946227601,7040.18156444611,"all_pixels",6038
"6_d",6877,FALSE,"all_pixels",6.69979372025817,5.8996422475498,3.904708398084,120.26353300858,"squared_euclidean_pc1_pc3",601.530048060041,"all_pixels",6875,1,1477.05365084313,18587.846823263,4094.79723403204,"all_pixels",6875
"600_a",7064,FALSE,"all_pixels",6.72663948317306,6.19828580314317,3.51305656117838,115.174996062519,"squared_euclidean_pc1_pc3",507.313692026246,"all_pixels",7055,1,1708.27439188583,21809.1399378694,4575.00594321206,"all_pixels",7055
"600_b",6421,FALSE,"all_pixels",4.43583022024949,3.99147710356074,2.49478858654325,51.7991810393246,"squared_euclidean_pc1_pc3",308.404763191139,"all_pixels",6397,1,772.254521467042,7988.00458799952,2264.0388817864,"all_pixels",6397
"600_c",5812,FALSE,"all_pixels",6.60807640735531,5.91685334084585,3.6004113354561,113.254810422185,"squared_euclidean_pc1_pc3",534.494986525733,"all_pixels",5799,1,1333.47677035449,17283.8288783742,3704.80475452468,"all_pixels",5799
"600_d",6839,FALSE,"all_pixels",6.3193314575545,5.74956907838342,3.30628372514513,101.727727467265,"squared_euclidean_pc1_pc3",469.808168880308,"all_pixels",6815,1,1181.1346079265,14110.6958213837,3323.83962553636,"all_pixels",6815
"601_a",6359,FALSE,"all_pixels",4.38400354433289,3.83994634265612,2.6134986178098,52.0975759495838,"squared_euclidean_pc1_pc3",291.846584117372,"all_pixels",6329,1,813.044621457702,7413.61028519894,2225.32316623771,"all_pixels",6329
"601_b",7173,FALSE,"all_pixels",6.80970778642961,6.06918369222806,4.16951868077336,127.509165019327,"squared_euclidean_pc1_pc3",545.320837421501,"all_pixels",7146,1,3518.19326718068,44093.18641821,8791.29984052021,"all_pixels",7146
"601_c",7349,FALSE,"all_pixels",7.0114118289222,6.19191813859215,3.96452846262041,129.750486082469,"squared_euclidean_pc1_pc3",601.59656483783,"all_pixels",7320,1,1714.32804939609,23979.7574329664,4808.36689109804,"all_pixels",7320
"601_d",7024,FALSE,"all_pixels",5.53860674997057,4.80076133647207,3.45124140137429,85.1710723488154,"squared_euclidean_pc1_pc3",466.85584041236,"all_pixels",6918,1,1238.52245375658,15336.0748510214,3527.16745106743,"all_pixels",6918
"602_a",7491,FALSE,"all_pixels",5.64911903380149,5.06371877352142,3.18236114144908,84.0772326946754,"squared_euclidean_pc1_pc3",426.772337544594,"all_pixels",7313,1,1503.00909707889,20373.6331931361,4313.97253656305,"all_pixels",7313
"602_b",7711,FALSE,"all_pixels",6.39474090002973,5.58731209305083,3.84350977015654,111.326725506775,"squared_euclidean_pc1_pc3",585.422770437073,"all_pixels",7603,1,1770.25215958007,25371.5362029714,4997.05733938151,"all_pixels",7603
"602_c",7838,FALSE,"all_pixels",6.71150089378874,6.03565207660629,3.66102405634721,116.89126274707,"squared_euclidean_pc1_pc3",580.080864819303,"all_pixels",7744,1,1348.21025294818,18603.3394629402,3972.13034582737,"all_pixels",7744
"602_d",7354,FALSE,"all_pixels",6.59144886395826,5.90440340694143,3.9195843390367,117.616500861195,"squared_euclidean_pc1_pc3",541.184025401323,"all_pixels",7299,1,2309.09329763249,41033.7121615403,6771.19041903426,"all_pixels",7299
"603_a",7554,FALSE,"all_pixels",6.16390926228662,5.60269137924033,3.27824776253296,97.4785262168332,"squared_euclidean_pc1_pc3",510.539002209436,"all_pixels",7498,1,1057.59184693687,16821.8483656535,3538.44838492606,"all_pixels",7498
"603_b",7583,FALSE,"all_pixels",6.60629762478336,6.02933656866135,3.54728609086392,112.449495033091,"squared_euclidean_pc1_pc3",577.641976184021,"all_pixels",7576,1,1543.12868483847,23441.3910385937,4802.48976853047,"all_pixels",7576
"603_c",7236,FALSE,"all_pixels",5.5536001135041,5.00531926486004,3.07116808323851,80.5464882469709,"squared_euclidean_pc1_pc3",422.351835335788,"all_pixels",7180,1,1230.98921086504,14264.243056956,3419.05312600471,"all_pixels",7180
"603_d",7968,FALSE,"all_pixels",5.78267995332211,5.29505439152939,3.13516734126771,86.5348562132965,"squared_euclidean_pc1_pc3",459.716809992426,"all_pixels",7897,1,1507.78757324895,18363.6239397739,4010.92017720893,"all_pixels",7897
"604_a",6188,FALSE,"all_pixels",5.65207309050424,5.13473561444836,3.00340725263744,81.9298552241211,"squared_euclidean_pc1_pc3",421.021772510679,"all_pixels",6174,1,897.032112102358,10445.9808627216,2604.0693336352,"all_pixels",6174
"604_b",4961,FALSE,"all_pixels",5.84679649958897,5.26559101774527,3.00246043528021,86.3959616914053,"squared_euclidean_pc1_pc3",407.461632632412,"all_pixels",4930,1,841.104205692778,10666.5405539473,2636.60023394347,"all_pixels",4930
"604_c",8006,FALSE,"all_pixels",6.53315139998426,6.07254039081543,3.42979167363264,108.888137615539,"squared_euclidean_pc1_pc3",535.597613106976,"all_pixels",7998,1,1596.31221921155,18651.1383757418,4211.33946977463,"all_pixels",7998
"604_d",6139,FALSE,"all_pixels",6.71134888953409,6.12236679145783,3.52086728514008,114.873382105506,"squared_euclidean_pc1_pc3",481.627331231702,"all_pixels",6103,1,1402.35801460478,18462.145396185,4025.87254571614,"all_pixels",6103
"605_a",7949,FALSE,"all_pixels",6.56615317286504,5.7500579022358,3.65732392072524,112.977406041901,"squared_euclidean_pc1_pc3",520.872379833777,"all_pixels",7857,1,1172.63648763439,11074.0929372935,3027.14518116423,"all_pixels",7857
"605_b",9137,FALSE,"all_pixels",9.61653864948919,8.77139410820321,4.95197959751357,233.994467414172,"squared_euclidean_pc1_pc3",932.784190159284,"all_pixels",9078,1,2184.23587363253,28787.6146992819,5722.53280385359,"all_pixels",9078
"605_c",9095,FALSE,"all_pixels",8.47205552765427,7.66384256791339,4.30634170285975,180.63652947863,"squared_euclidean_pc1_pc3",807.995967719168,"all_pixels",9011,1,1853.23634865567,23599.0935185045,4892.24834838897,"all_pixels",9011
"605_d",8035,FALSE,"all_pixels",9.38797197087359,8.73344339605585,4.8981943715451,224.246679704943,"squared_euclidean_pc1_pc3",742.51566557466,"all_pixels",7889,1,1375.25159016348,16458.5274820857,3779.08931030911,"all_pixels",7889
"606_a",8042,FALSE,"all_pixels",8.61711682817305,7.73760118851239,4.73595292229405,193.362326997263,"squared_euclidean_pc1_pc3",689.784995090417,"all_pixels",7935,1,2322.20206984583,32377.1784545656,6112.76811638194,"all_pixels",7935
"606_b",8317,FALSE,"all_pixels",9.01415533054711,7.85241471953866,5.61116456379071,225.472756890371,"squared_euclidean_pc1_pc3",847.177149896255,"all_pixels",8094,1,3544.64585927321,49896.1999255576,9023.85515457854,"all_pixels",8094
"606_c",9038,FALSE,"all_pixels",11.2274455413403,10.0799059977124,6.48597485692307,336.237497346411,"squared_euclidean_pc1_pc3",1062.19527359761,"all_pixels",8961,1,4570.79208972863,76285.9172465711,12337.1765959939,"all_pixels",8961
"606_d",7529,FALSE,"all_pixels",8.57042152253974,7.32400845951669,5.21965011210377,201.386507451806,"squared_euclidean_pc1_pc3",775.070648325581,"all_pixels",7436,1,2036.64459785542,28751.6651914513,5425.41501204717,"all_pixels",7436
"607_a",7664,FALSE,"all_pixels",9.25390563918826,8.39804112960872,4.90246297409657,219.331553624736,"squared_euclidean_pc1_pc3",857.636212503385,"all_pixels",7657,1,2536.29974380105,41421.027141095,6921.46188383785,"all_pixels",7657
"607_b",7224,FALSE,"all_pixels",11.6916321403864,10.364297333082,6.97552941507162,370.691074243263,"squared_euclidean_pc1_pc3",1027.48455925562,"all_pixels",7089,1,3944.75262673117,66664.4686375299,10383.5935917665,"all_pixels",7089
"607_c",6327,FALSE,"all_pixels",6.77009134471458,5.61810502349019,4.70321201821281,135.901687888408,"squared_euclidean_pc1_pc3",575.536065270828,"all_pixels",6300,1,1926.32524223785,27355.132609187,5211.06883088585,"all_pixels",6300
"607_d",6805,FALSE,"all_pixels",8.13871805933747,7.33691673275132,4.58450549842475,174.506667497229,"squared_euclidean_pc1_pc3",744.221671963187,"all_pixels",6702,1,2157.36297424727,36196.6557461074,6104.56478105664,"all_pixels",6702
"608_a",6475,FALSE,"all_pixels",7.07441129773795,6.59467498258387,3.63268360845227,126.483294712279,"squared_euclidean_pc1_pc3",553.109156205039,"all_pixels",6451,1,1177.89391515139,15850.2982330544,3437.91616741705,"all_pixels",6451
"608_b",6607,FALSE,"all_pixels",6.57432710178843,5.94540167844825,3.53301674822823,111.404189889547,"squared_euclidean_pc1_pc3",472.64094263519,"all_pixels",6526,1,1244.10791068712,13971.7898857015,3422.03840762022,"all_pixels",6526
"608_c",7798,FALSE,"all_pixels",7.02627753739044,6.45778590560338,3.7176216577586,126.375028964457,"squared_euclidean_pc1_pc3",567.083037008245,"all_pixels",7779,1,1227.37527968499,13641.6045010402,3341.16350230166,"all_pixels",7779
"608_d",6672,FALSE,"all_pixels",6.22147500770451,5.62824472439649,3.28925483948665,99.0486541764684,"squared_euclidean_pc1_pc3",483.783879389934,"all_pixels",6577,1,920.898548792974,10769.5763281835,2688.98546780714,"all_pixels",6577
"609_a",6035,FALSE,"all_pixels",6.45030985914933,5.80005270377728,3.50223751290153,107.740264907354,"squared_euclidean_pc1_pc3",497.240661563339,"all_pixels",6023,1,1363.07963223616,17363.3266721591,3845.39370483228,"all_pixels",6023
"609_b",6043,FALSE,"all_pixels",5.8277807885368,5.28468278354509,3.20594808926759,88.478862484784,"squared_euclidean_pc1_pc3",433.618010034335,"all_pixels",6024,1,1187.51766831493,14368.6605899384,3407.66215926232,"all_pixels",6024
"609_c",7418,FALSE,"all_pixels",6.53366132269405,5.92745014722306,3.49531087003005,109.80856278248,"squared_euclidean_pc1_pc3",515.658788985892,"all_pixels",7406,1,1080.24992402749,12107.0046599832,3069.17864280286,"all_pixels",7406
"609_d",7855,FALSE,"all_pixels",5.89837166576172,5.13049253618617,3.53808840508014,94.6145284522796,"squared_euclidean_pc1_pc3",521.66738130425,"all_pixels",7780,1,1336.20379345085,15913.5906074619,3659.78295050014,"all_pixels",7780
"610_a",8328,FALSE,"all_pixels",5.70892627484158,5.06164106866353,3.18890314649389,85.5194428308291,"squared_euclidean_pc1_pc3",433.926968934973,"all_pixels",8267,1,1085.09263370499,12827.2812391532,3121.0315931918,"all_pixels",8267
"610_b",8629,FALSE,"all_pixels",5.04913850010179,4.26150583137383,3.28608813344334,72.5818468175925,"squared_euclidean_pc1_pc3",433.977404009827,"all_pixels",8521,1,1287.49362973747,14178.3982188359,3516.65293627863,"all_pixels",8521
"610_c",7742,FALSE,"all_pixels",11.0463416251124,9.43434194429419,7.74865956320315,364.111266000513,"squared_euclidean_pc1_pc3",1022.15025884383,"all_pixels",7716,1,3376.43987418134,53071.0059217105,9153.92901334157,"all_pixels",7716
"610_d",7763,FALSE,"all_pixels",6.81646218224208,6.27202359285658,3.64807656555093,119.5418099295,"squared_euclidean_pc1_pc3",553.779558581384,"all_pixels",7724,1,1328.50477898064,16739.8256268605,3692.09483347303,"all_pixels",7724
"611_a",7946,FALSE,"all_pixels",5.39648462512832,4.753269630344,3.27653962398342,79.7128142659514,"squared_euclidean_pc1_pc3",436.278600437673,"all_pixels",7655,1,1139.92011820434,10594.4640957545,2988.30629481168,"all_pixels",7655
"611_b",7932,FALSE,"all_pixels",6.50667846482938,5.75616198669482,4.13280575587266,118.829589493712,"squared_euclidean_pc1_pc3",538.615594891327,"all_pixels",7873,1,2436.2495873151,33979.3606386045,6595.63469527782,"all_pixels",7873
"611_c",8162,FALSE,"all_pixels",6.35036327188682,5.64351387645515,3.70813221725997,108.151347119062,"squared_euclidean_pc1_pc3",529.857116072061,"all_pixels",7810,1,2066.91617893848,34584.4801603781,5862.53396486175,"all_pixels",7810
"611_d",7884,FALSE,"all_pixels",6.22073201130285,5.55661878149616,3.62860169078628,103.725173854363,"squared_euclidean_pc1_pc3",518.940623940388,"all_pixels",7800,1,1730.7397343535,28611.3668444933,5308.83201927362,"all_pixels",7800
"612_a",7383,FALSE,"all_pixels",6.74752839744816,5.89538513629013,4.32964167551147,128.544794927859,"squared_euclidean_pc1_pc3",562.135248181033,"all_pixels",7325,1,2339.38379456955,45309.1766639607,6956.62526199408,"all_pixels",7325
"612_b",7850,FALSE,"all_pixels",7.00034537156295,5.98019709690086,4.69316425258333,142.055640379357,"squared_euclidean_pc1_pc3",615.504271886933,"all_pixels",7785,1,2632.69461269574,49740.0874242971,7654.34485736624,"all_pixels",7785
"612_c",6950,FALSE,"all_pixels",6.91085314114255,6.19687767097587,4.04385642177616,128.220625962297,"squared_euclidean_pc1_pc3",560.55421062289,"all_pixels",6868,1,1995.99336473657,40968.487811504,6542.30824630194,"all_pixels",6868
"612_d",6820,FALSE,"all_pixels",9.13805299662594,8.40751750189891,4.9027955261826,215.075783989327,"squared_euclidean_pc1_pc3",779.362293567522,"all_pixels",6813,1,2902.9518207969,65549.8964389337,9218.20627594878,"all_pixels",6813
"613_a",7732,FALSE,"all_pixels",7.72464849390368,6.94233273519718,4.2097581917163,154.7799326914,"squared_euclidean_pc1_pc3",663.975835089931,"all_pixels",7668,1,1882.71305643587,31262.6459911488,5792.89901321102,"all_pixels",7668
"613_b",5122,FALSE,"all_pixels",14.4020470257232,9.4161300423145,17.2813223509778,1012.00950915835,"squared_euclidean_pc1_pc3",466.186065500812,"all_pixels",5122,1,5967.00515340346,92342.9759407834,15095.19216238,"all_pixels",5122
"613_c",8099,FALSE,"all_pixels",4.44394298043127,3.9324636037686,2.60013074067479,53.0169486540693,"squared_euclidean_pc1_pc3",301.011225298536,"all_pixels",8067,1,779.764664716031,8716.61385565898,2375.64086329105,"all_pixels",8067
"613_d",6865,FALSE,"all_pixels",5.4580283053331,5.04380438754775,2.75779333980858,74.7887784639566,"squared_euclidean_pc1_pc3",385.858497270826,"all_pixels",6800,1,762.038996917998,8822.41553814599,2338.26696248308,"all_pixels",6800
"614_a",7102,FALSE,"all_pixels",5.68112338728869,5.12379072052681,3.09572678133681,83.7146756684899,"squared_euclidean_pc1_pc3",444.481430318885,"all_pixels",7095,1,1093.0018769763,12302.0711469058,3037.46125222238,"all_pixels",7095
"614_b",8004,FALSE,"all_pixels",5.15267183912044,4.5155941104316,3.05378765777256,71.7489620412129,"squared_euclidean_pc1_pc3",404.093725027475,"all_pixels",7953,1,1112.07132706872,13814.4049674494,3209.45486617352,"all_pixels",7953
"614_c",8336,FALSE,"all_pixels",6.13575376063636,5.45781770313862,3.5692400899174,100.770841565396,"squared_euclidean_pc1_pc3",532.300363128181,"all_pixels",8335,1,1522.18798847006,23900.4591861318,4612.94687584188,"all_pixels",8335
"614_d",7314,FALSE,"all_pixels",5.6948474634055,5.23770055743682,2.96240713636513,82.4118876042099,"squared_euclidean_pc1_pc3",441.14276240024,"all_pixels",7269,1,1020.33543276233,12428.0674950906,3033.04494142357,"all_pixels",7269
"615_a",8202,FALSE,"all_pixels",5.43261659159148,4.94146487212666,2.89910611651615,75.834229156791,"squared_euclidean_pc1_pc3",417.910267866461,"all_pixels",8170,1,1156.7072088411,12983.6951748735,3163.8097488026,"all_pixels",8170
"615_b",7902,FALSE,"all_pixels",6.56184515718241,5.58083615777964,4.32757977014569,123.566777015317,"squared_euclidean_pc1_pc3",615.54135837489,"all_pixels",7807,1,2055.04496795712,34417.0811570664,6012.37181308992,"all_pixels",7807
"615_c",8789,FALSE,"all_pixels",5.55680115728118,4.99252605095826,3.05375500865401,80.4047954427418,"squared_euclidean_pc1_pc3",472.224769089524,"all_pixels",8787,1,1302.97828155635,19023.3302510452,3960.13835303386,"all_pixels",8787
"615_d",8186,FALSE,"all_pixels",6.13015235142967,5.52835727598904,3.2603823879028,96.4151251943431,"squared_euclidean_pc1_pc3",510.045334541141,"all_pixels",8186,1,1275.57726961525,17138.6818413681,3748.49144741757,"all_pixels",8186
"616_a",9193,FALSE,"all_pixels",5.91761313261606,5.17068976988374,3.70810662530698,97.533408445496,"squared_euclidean_pc1_pc3",535.923616326953,"all_pixels",9036,1,2490.75275209885,37408.5452775008,6815.333752739,"all_pixels",9036
"616_b",9442,FALSE,"all_pixels",6.38921786715384,5.34667978428052,4.57906505113864,123.575441995715,"squared_euclidean_pc1_pc3",598.585815819457,"all_pixels",9442,1,2760.88175181756,45050.3870313114,7709.33877494784,"all_pixels",9442
"616_c",7523,FALSE,"all_pixels",7.09627254180793,6.04332032931975,4.93174880982204,149.351994545211,"squared_euclidean_pc1_pc3",615.570655177409,"all_pixels",7480,1,2503.91004453191,52045.8580001093,7570.28514501265,"all_pixels",7480
"616_d",9161,FALSE,"all_pixels",7.7395908771286,6.11015201182926,7.43969457409782,230.488560974975,"squared_euclidean_pc1_pc3",701.496440848454,"all_pixels",9115,1,5467.81494720754,83592.4656370748,13656.773143167,"all_pixels",9115
"617_a",7211,FALSE,"all_pixels",5.97958314219367,5.46674320223253,3.25224975230594,92.6621524022283,"squared_euclidean_pc1_pc3",451.910171765327,"all_pixels",7196,1,1520.38674707494,18689.6106246965,4121.2475083795,"all_pixels",7196
"617_b",7449,FALSE,"all_pixels",5.82598307459442,5.26298210587144,3.21187330919218,88.513648076824,"squared_euclidean_pc1_pc3",435.150774657625,"all_pixels",7449,1,1209.44480316153,15945.955171147,3533.15855232123,"all_pixels",7449
"617_c",7599,FALSE,"all_pixels",5.26903987899122,4.70333056150072,2.94062499920559,72.8178373664594,"squared_euclidean_pc1_pc3",417.619453878096,"all_pixels",7494,1,862.94830207748,10318.5041184249,2602.30484817389,"all_pixels",7494
"617_d",7984,FALSE,"all_pixels",5.87219163335099,5.21468683853681,3.2918885033879,90.6356144334666,"squared_euclidean_pc1_pc3",497.734119384326,"all_pixels",7984,1,1179.76550376679,16084.3852161815,3491.56843426662,"all_pixels",7984
"618_a",7646,FALSE,"all_pixels",5.43309662233827,4.97490142027194,2.83867426847193,75.151113232799,"squared_euclidean_pc1_pc3",391.358256818623,"all_pixels",7642,1,921.829274431226,11457.1693203108,2789.56522557404,"all_pixels",7642
"618_b",7554,FALSE,"all_pixels",4.98378744088245,4.38228122856029,2.95551782347969,67.1441330169199,"squared_euclidean_pc1_pc3",353.137030643596,"all_pixels",7554,1,828.23490003384,11250.8934326548,2706.56557744888,"all_pixels",7554
"618_c",7992,FALSE,"all_pixels",4.81949847271655,4.37921856483762,2.59795092316031,59.9521400290573,"squared_euclidean_pc1_pc3",315.067206753681,"all_pixels",7989,1,1228.67263792714,13107.0961812406,3568.79561978376,"all_pixels",7989
"618_d",8143,FALSE,"all_pixels",5.67195725881158,5.07477649803182,3.15217369405054,84.2121558593844,"squared_euclidean_pc1_pc3",446.077437761296,"all_pixels",8133,1,1223.24621480151,15683.1853752348,3519.64979276633,"all_pixels",8133
"619_a",6898,FALSE,"all_pixels",6.53054005108851,5.70889387480793,4.12431667821384,119.310950981281,"squared_euclidean_pc1_pc3",513.895097679751,"all_pixels",6898,1,2071.37134527808,28051.0649316721,5608.83572519022,"all_pixels",6898
"619_b",7399,FALSE,"all_pixels",4.9128656141134,4.35468319427047,2.91304835804164,65.2419047741113,"squared_euclidean_pc1_pc3",349.8826412658,"all_pixels",7349,1,1620.00888932325,22542.8312323128,4829.68814059586,"all_pixels",7349
"619_c",7188,FALSE,"all_pixels",5.49225670432103,4.85105201882293,3.21908679439481,81.0519237088214,"squared_euclidean_pc1_pc3",420.268060552457,"all_pixels",7188,1,1109.33306325312,13617.6774564075,3133.86561670699,"all_pixels",7188
"619_d",7212,FALSE,"all_pixels",5.73609986179667,4.97708561181219,3.81070644751492,94.8446234735413,"squared_euclidean_pc1_pc3",434.063860202945,"all_pixels",7201,1,2016.61695550128,27303.5243135806,5508.93096582266,"all_pixels",7201
"620_a",6853,FALSE,"all_pixels",7.30762635816423,5.28791752630236,10.4182974608884,323.852973041137,"squared_euclidean_pc1_pc3",436.706031722994,"all_pixels",6842,1,5328.5796181843,82983.2108359424,13904.0959551503,"all_pixels",6842
"620_b",6601,FALSE,"all_pixels",8.15208491068334,6.37933058231546,7.59847979735373,248.369273865222,"squared_euclidean_pc1_pc3",656.305872957446,"all_pixels",6587,1,4158.63646989873,67504.7539194471,11060.5739986733,"all_pixels",6587
"620_c",7475,FALSE,"all_pixels",6.6668864213222,5.72851214583702,4.9609935889312,138.111078883132,"squared_euclidean_pc1_pc3",537.975836130214,"all_pixels",7449,1,2785.48970278815,46197.0016325097,7867.97885568063,"all_pixels",7449
"620_d",6143,FALSE,"all_pixels",6.89632285451486,5.75202107560981,4.96949762097918,144.502310696496,"squared_euclidean_pc1_pc3",547.981074319497,"all_pixels",6124,1,2243.75775621423,36250.129708689,6242.90420220254,"all_pixels",6124
"621_a",8528,FALSE,"all_pixels",5.20838881880453,4.40576859994817,3.33535456648484,76.5011993876398,"squared_euclidean_pc1_pc3",476.836428682057,"all_pixels",8445,1,1175.1867495825,15407.9570810796,3478.4810204995,"all_pixels",8445
"621_b",8285,FALSE,"all_pixels",5.65304138075904,4.77574482099618,3.66753741054636,90.8121679885182,"squared_euclidean_pc1_pc3",515.058981050976,"all_pixels",8285,1,1852.33487298267,25752.4537371143,5202.6983158933,"all_pixels",8285
"621_c",8508,FALSE,"all_pixels",5.29742476853982,4.50678760538367,3.59802793066518,82.013985128805,"squared_euclidean_pc1_pc3",484.284824032043,"all_pixels",8459,1,2414.61381292646,30108.2116597724,6346.29755239513,"all_pixels",8459
"621_d",7497,FALSE,"all_pixels",6.1287532545031,5.27616162793159,3.97383506152541,106.701750385803,"squared_euclidean_pc1_pc3",522.829534214909,"all_pixels",7437,1,2119.69658924104,32794.4647116828,5981.99129300642,"all_pixels",7437
"622_a",8000,FALSE,"all_pixels",5.69753876757833,4.99414677991571,3.49152906582705,89.3023987573419,"squared_euclidean_pc1_pc3",479.584175804501,"all_pixels",7982,1,1773.83778392557,24917.2992425133,5011.51266573005,"all_pixels",7982
"622_b",8221,FALSE,"all_pixels",4.88495929268216,4.25392783076075,3.05850254732152,66.432254504185,"squared_euclidean_pc1_pc3",406.401464687969,"all_pixels",8190,1,1262.0153653892,17426.8101899969,3739.09409089135,"all_pixels",8190
"622_c",9015,FALSE,"all_pixels",5.14863884337053,4.50085135569076,3.4119837997006,76.2976480526528,"squared_euclidean_pc1_pc3",452.243002664628,"all_pixels",9003,1,1946.46687358782,23449.9260200518,5127.93673877962,"all_pixels",9003
"622_d",8394,FALSE,"all_pixels",7.22006812760513,5.43995861358764,7.31810488627629,211.355325563839,"squared_euclidean_pc1_pc3",582.315757732757,"all_pixels",8375,1,3341.67796783723,59804.8847714388,9213.86590124128,"all_pixels",8375
"623_a",8471,FALSE,"all_pixels",5.42883507161786,4.62847748628279,3.82702431938879,88.2332728096177,"squared_euclidean_pc1_pc3",444.139298602144,"all_pixels",8390,1,2023.54779466915,26119.1241918369,5521.34910815919,"all_pixels",8390
"623_b",8991,FALSE,"all_pixels",5.53428113845119,4.93263267067033,3.26166156718047,82.5310413330854,"squared_euclidean_pc1_pc3",488.083350896403,"all_pixels",8954,1,1171.40571731932,15682.2001326241,3392.3201861336,"all_pixels",8954
"623_c",9075,FALSE,"all_pixels",5.52439970855769,4.78360096731838,3.38501800952955,83.9521528739828,"squared_euclidean_pc1_pc3",478.536678293938,"all_pixels",8984,1,1358.1728463567,16463.7124296529,3674.26242811683,"all_pixels",8984
"623_d",9375,FALSE,"all_pixels",5.40155805729863,4.91338991573106,3.18562657981813,78.6479273519257,"squared_euclidean_pc1_pc3",428.151572233266,"all_pixels",9296,1,1612.24332541297,16192.9614865244,4111.69649315008,"all_pixels",9296
"624_a",9109,FALSE,"all_pixels",5.29704588054716,4.34808852731547,4.2398778714683,92.0665718615256,"squared_euclidean_pc1_pc3",463.929700758455,"all_pixels",9040,1,2342.84706761911,26624.1805978275,6137.212085275,"all_pixels",9040
"624_b",8382,FALSE,"all_pixels",6.28908075477906,5.50091242109333,3.95683141540724,110.414367433369,"squared_euclidean_pc1_pc3",560.930961988075,"all_pixels",8376,1,2105.93472423149,25469.0985216343,5562.60693739388,"all_pixels",8376
"624_c",7460,FALSE,"all_pixels",6.06355978913504,5.52002860052275,3.20219931880253,94.0389265042716,"squared_euclidean_pc1_pc3",479.969470276019,"all_pixels",7411,1,1085.94398835226,15374.4494010259,3352.04381401528,"all_pixels",7411
"624_d",9172,FALSE,"all_pixels",4.80711204692166,3.94520854901235,3.42423002803203,69.6647982621848,"squared_euclidean_pc1_pc3",424.479041520148,"all_pixels",9147,1,1430.51581220791,18305.5365071779,3965.41595592372,"all_pixels",9147
"7_a",7782,FALSE,"all_pixels",7.3548645736949,6.53171889570847,4.27137307706806,144.672632791445,"squared_euclidean_pc1_pc3",646.75282697103,"all_pixels",7782,1,1457.31523312909,22626.1604972174,4434.92370386128,"all_pixels",7782
"7_b",7620,FALSE,"all_pixels",7.31156553973548,6.67013517712554,3.80474522733272,135.866354275815,"squared_euclidean_pc1_pc3",605.239266989681,"all_pixels",7618,1,1479.01152631158,20430.8087289317,4125.6961402505,"all_pixels",7618
"7_c",8851,FALSE,"all_pixels",6.08352755241467,5.48528664180909,3.1883386391021,94.3473244878347,"squared_euclidean_pc1_pc3",510.717572233613,"all_pixels",8851,1,1044.69649670655,13854.2139040126,3122.94355645918,"all_pixels",8851
"7_d",8684,FALSE,"all_pixels",6.0498034588018,5.69796987816289,2.85031933002772,89.4470132455793,"squared_euclidean_pc1_pc3",485.294178730149,"all_pixels",8660,1,970.214613212216,12297.9176349281,2955.05174448925,"all_pixels",8660
"700_a",4745,FALSE,"all_pixels",6.09884687055966,5.37092821731784,4.13255484923217,108.540687146842,"squared_euclidean_pc1_pc3",408.305896441905,"all_pixels",4728,1,2367.05302178466,37388.8213665674,6720.20626154933,"all_pixels",4728
"700_b",5315,FALSE,"all_pixels",7.4914335637972,6.71934963532173,4.2969900334103,149.164452446266,"squared_euclidean_pc1_pc3",577.351780996649,"all_pixels",5283,1,2404.99433543277,37684.2558242728,6779.62443408821,"all_pixels",5283
"700_c",7623,FALSE,"all_pixels",5.59260172797086,5.00905239953832,3.0043064885781,80.603735070873,"squared_euclidean_pc1_pc3",414.599360703704,"all_pixels",7587,1,1038.4586128022,11792.6229910476,3028.73062567022,"all_pixels",7587
"700_d",5899,FALSE,"all_pixels",9.24548651318234,7.59369478918722,7.60524470112503,286.617925641236,"squared_euclidean_pc1_pc3",652.37018316993,"all_pixels",5876,1,3150.10416118211,55826.0646882763,8713.77995389199,"all_pixels",5876
"701_a",6228,FALSE,"all_pixels",5.13903579344988,4.53891295918856,2.9676556701897,70.4305099374546,"squared_euclidean_pc1_pc3",350.309170917693,"all_pixels",6070,1,876.007427274789,10013.2361336403,2645.87602990021,"all_pixels",6070
"701_b",6940,FALSE,"all_pixels",4.97988960179316,4.58551190847248,2.64231027540213,63.560196027942,"squared_euclidean_pc1_pc3",329.876605143598,"all_pixels",6887,1,586.665697136716,5370.0668124152,1718.64013563452,"all_pixels",6887
"701_c",7412,FALSE,"all_pixels",5.672960784753,5.16461242219136,3.01447990088928,82.536694282608,"squared_euclidean_pc1_pc3",380.587138476759,"all_pixels",7214,1,688.28583394665,6825.48737610561,2041.74825769605,"all_pixels",7214
"701_d",7195,FALSE,"all_pixels",4.92873420086147,4.41094381160579,2.7620427662836,63.8404815249984,"squared_euclidean_pc1_pc3",351.911557668879,"all_pixels",7132,1,742.804107482475,8135.83817714003,2223.15359861159,"all_pixels",7132
"702_a",6309,FALSE,"all_pixels",4.95464187435952,4.51353831854216,2.61062379743444,62.7255049109574,"squared_euclidean_pc1_pc3",327.882280930251,"all_pixels",6276,1,702.851098592374,8237.76014384863,2261.33551142278,"all_pixels",6276
"702_b",7009,FALSE,"all_pixels",5.53947720128598,4.87651444616903,3.70654625875319,88.8446654225223,"squared_euclidean_pc1_pc3",364.958978671305,"all_pixels",6985,1,2549.12635519807,31939.4215907768,6405.86534456019,"all_pixels",6985
"702_c",8091,FALSE,"all_pixels",5.21688396025239,4.70633995759952,3.07762113799754,73.37291894196,"squared_euclidean_pc1_pc3",395.831081464186,"all_pixels",8045,1,2019.24928105505,28819.1772565184,5438.01388005485,"all_pixels",8045
"702_d",7749,FALSE,"all_pixels",5.99980768348144,5.49242386499974,3.09592472256256,91.1624104500317,"squared_euclidean_pc1_pc3",437.246391849458,"all_pixels",7720,1,1080.23364682757,13048.7750251202,3133.32353283435,"all_pixels",7720
"703_a",6106,FALSE,"all_pixels",6.77277978905648,6.20232270299082,3.60257810822194,117.693979106648,"squared_euclidean_pc1_pc3",506.226471911106,"all_pixels",6032,1,1450.6488754202,19796.6455660319,4213.61165416475,"all_pixels",6032
"703_b",7584,FALSE,"all_pixels",6.81957283512328,6.11305121270547,3.75815298047464,121.256850348327,"squared_euclidean_pc1_pc3",584.493446970986,"all_pixels",7552,1,1259.78780297577,18577.7771435652,3766.87942132789,"all_pixels",7552
"703_c",7976,FALSE,"all_pixels",6.14013350174041,5.57057106182053,3.33006058240305,97.5783051354646,"squared_euclidean_pc1_pc3",499.527625268533,"all_pixels",7942,1,1535.92271254608,21978.1230664538,4459.34591104299,"all_pixels",7942
"703_d",5608,FALSE,"all_pixels",8.18529194293317,6.83271310650292,6.77929541383204,225.899310539361,"squared_euclidean_pc1_pc3",592.467273170274,"all_pixels",5544,1,4988.12106212711,123555.172169201,14464.1786252992,"all_pixels",5544
"704_a",6687,FALSE,"all_pixels",8.371824377074,7.56342719803016,4.42121661654828,179.263353226378,"squared_euclidean_pc1_pc3",664.064382013589,"all_pixels",6593,1,1314.64057880176,18493.6269746267,3918.42490411886,"all_pixels",6593
"704_b",6780,FALSE,"all_pixels",6.18652169344519,5.73206998614426,3.12871637770407,96.1209461000211,"squared_euclidean_pc1_pc3",476.026619026834,"all_pixels",6757,1,1091.57787917459,15485.2441887743,3356.34820664964,"all_pixels",6757
"704_c",4459,FALSE,"all_pixels",6.01913169741111,5.52012455380496,3.13175530553771,92.0712762251996,"squared_euclidean_pc1_pc3",395.170824511203,"all_pixels",4438,1,862.467256680362,10133.7634813153,2627.49245230321,"all_pixels",4438
"704_d",5593,FALSE,"all_pixels",10.2500653805736,9.9702779080924,4.37619837406202,248.423056787118,"squared_euclidean_pc1_pc3",821.215627579763,"all_pixels",5530,1,1769.31223677903,27621.7454611406,5166.95830889165,"all_pixels",5530
"705_a",5003,FALSE,"all_pixels",7.42055364666691,6.71624103148007,3.92337839952867,140.908875510753,"squared_euclidean_pc1_pc3",558.948514388054,"all_pixels",4846,1,1279.73094488435,18695.1910666689,3828.82726521043,"all_pixels",4846
"705_b",8039,FALSE,"all_pixels",5.57853181405907,4.99974058703172,3.13454286170159,81.8883078814522,"squared_euclidean_pc1_pc3",416.403786949614,"all_pixels",7941,1,895.352237749185,9491.21847333799,2583.02437693366,"all_pixels",7941
"705_c",6983,FALSE,"all_pixels",8.51653238334066,7.36187857412207,4.94758799674026,194.012890724012,"squared_euclidean_pc1_pc3",687.531662825431,"all_pixels",6776,1,1465.30633116125,16690.2904880372,3910.9573936775,"all_pixels",6776
"705_d",7244,FALSE,"all_pixels",6.82455590979451,6.27671751966039,3.60456423840021,119.13130621692,"squared_euclidean_pc1_pc3",536.963205428009,"all_pixels",7194,1,1278.5555436199,18390.0515658945,3923.68153768648,"all_pixels",7194
"706_a",6541,FALSE,"all_pixels",8.89683653225195,8.03265736156615,4.62105445313988,201.009159760015,"squared_euclidean_pc1_pc3",781.959351555377,"all_pixels",6488,1,1554.79501325892,24753.7880384455,4711.47117058267,"all_pixels",6488
"706_b",8019,FALSE,"all_pixels",5.92816875670545,5.14099153502266,3.55402179078042,95.5453611088479,"squared_euclidean_pc1_pc3",464.813074000666,"all_pixels",7940,1,1501.31582218109,18006.3007967981,4024.23161339695,"all_pixels",7940
"706_c",7911,FALSE,"all_pixels",6.88294876703787,6.2130512356345,3.60290959727936,120.708600842824,"squared_euclidean_pc1_pc3",604.627822269452,"all_pixels",7875,1,1162.30125784815,16317.5240503028,3541.88743621632,"all_pixels",7875
"706_d",7999,FALSE,"all_pixels",9.05163659785977,8.5688939852781,4.47345203122281,203.882792782017,"squared_euclidean_pc1_pc3",897.394977444611,"all_pixels",7938,1,1694.32011283184,24731.7558473914,4785.85746665596,"all_pixels",7938
"707_a",7497,FALSE,"all_pixels",10.8698883100746,9.70876496176129,5.54447333984172,297.783112049822,"squared_euclidean_pc1_pc3",995.740747052893,"all_pixels",7401,1,2267.00891039753,35640.5396661808,6255.83279179109,"all_pixels",7401
"707_b",7005,FALSE,"all_pixels",7.7394239105581,7.05483405033839,3.89520610604383,150.138294208687,"squared_euclidean_pc1_pc3",662.265752419581,"all_pixels",6868,1,1500.03948442785,25694.9890547923,4629.93654160875,"all_pixels",6868
"707_c",6062,FALSE,"all_pixels",7.57383148615355,7.08785291272389,3.70625298156259,142.193937147647,"squared_euclidean_pc1_pc3",606.705582919687,"all_pixels",6003,1,1277.26954333145,22030.1081305841,4183.78352266189,"all_pixels",6003
"707_d",6349,FALSE,"all_pixels",7.27611278361009,6.54820210943159,3.9717648949049,137.428497980265,"squared_euclidean_pc1_pc3",584.357187019129,"all_pixels",6331,1,1294.68175452044,17394.5004151597,3790.58852658146,"all_pixels",6331
"708_a",7133,FALSE,"all_pixels",7.8268835449786,7.17870365361575,4.0979869919714,156.102498148804,"squared_euclidean_pc1_pc3",659.485458753653,"all_pixels",7108,1,1534.71195646571,21684.3079394363,4399.12326192573,"all_pixels",7108
"708_b",6327,FALSE,"all_pixels",6.86348407331743,6.31398728141422,3.60860985191421,120.254841028608,"squared_euclidean_pc1_pc3",539.905740591926,"all_pixels",6305,1,1347.77618424068,18363.7378871442,3884.32364024809,"all_pixels",6305
"708_c",7543,FALSE,"all_pixels",6.58612974961972,6.03746961453013,3.49241431269633,111.144891640131,"squared_euclidean_pc1_pc3",522.986713720107,"all_pixels",7517,1,1235.45238910359,15136.9343021044,3556.97499411942,"all_pixels",7517
"708_d",6290,FALSE,"all_pixels",8.15992758555325,7.2506214449122,4.64678864433574,176.347260107412,"squared_euclidean_pc1_pc3",729.32018533811,"all_pixels",6279,1,2200.00072707906,45046.8338437076,6980.58614373991,"all_pixels",6279
"709_a",7137,FALSE,"all_pixels",6.906672781057,6.0919822198632,4.56114186018569,137.006458041922,"squared_euclidean_pc1_pc3",540.503292224843,"all_pixels",7011,1,3212.97313986368,62150.4741380384,9132.84432389622,"all_pixels",7011
"709_b",6453,FALSE,"all_pixels",5.99723614999052,5.50856706814993,3.18832400399313,92.261352186677,"squared_euclidean_pc1_pc3",441.325370926229,"all_pixels",6420,1,838.43865741413,9399.08105940796,2504.22899715035,"all_pixels",6420
"709_c",6590,FALSE,"all_pixels",5.97211606470068,5.4019416509275,3.33617767017156,93.5891256044763,"squared_euclidean_pc1_pc3",426.361382270235,"all_pixels",6517,1,1278.3692904536,19422.130873217,3967.13730264852,"all_pixels",6517
"709_d",6826,FALSE,"all_pixels",6.01876307213275,5.37917000666187,3.61449289857456,98.5763077833187,"squared_euclidean_pc1_pc3",437.23802311157,"all_pixels",6819,1,2101.77957312503,31432.7301920822,6185.65496887954,"all_pixels",6819
"710_a",6826,FALSE,"all_pixels",5.30415020569522,4.79307593595763,2.79349839818469,71.8729989664951,"squared_euclidean_pc1_pc3",382.42259828962,"all_pixels",6665,1,780.731541989757,7736.38486977319,2322.92309295771,"all_pixels",6665
"710_b",6549,FALSE,"all_pixels",5.84709651934548,5.37308874452634,3.06876783580154,87.2088715116542,"squared_euclidean_pc1_pc3",404.778053219299,"all_pixels",6543,1,1036.25522941383,11207.7305056503,2880.66057979319,"all_pixels",6543
"710_c",7274,FALSE,"all_pixels",5.13032893454484,4.58724756379302,2.86731051109923,69.0812285788343,"squared_euclidean_pc1_pc3",386.14521850963,"all_pixels",7016,1,634.207684571663,7015.41754669124,2038.89391527401,"all_pixels",7016
"710_d",6783,FALSE,"all_pixels",5.74824590654185,5.17370790820226,3.15657853601178,86.0097001826252,"squared_euclidean_pc1_pc3",436.780433496947,"all_pixels",6675,1,1217.75859329553,13455.6055238239,3297.61103989058,"all_pixels",6675
"711_a",6697,FALSE,"all_pixels",6.13785236327452,5.60614343387401,3.24538933783799,96.4084217212426,"squared_euclidean_pc1_pc3",442.985708384916,"all_pixels",6631,1,1352.57220456008,14017.5965318224,3531.52585970205,"all_pixels",6631
"711_b",6808,FALSE,"all_pixels",5.5442349527348,4.93966301837096,3.18689033689549,81.786638832958,"squared_euclidean_pc1_pc3",441.016188019893,"all_pixels",6721,1,1397.16265313604,17143.8947393982,3841.51253068497,"all_pixels",6721
"711_c",8647,FALSE,"all_pixels",4.91899739671833,4.40575901425601,2.80409620602032,64.1171631879304,"squared_euclidean_pc1_pc3",387.087982931951,"all_pixels",8486,1,985.709447665622,10595.9916132014,2779.06792222577,"all_pixels",8486
"711_d",8643,FALSE,"all_pixels",5.67821941045312,5.13068869975757,3.1110979475839,83.8399725099364,"squared_euclidean_pc1_pc3",456.560945599021,"all_pixels",8640,1,1066.02820312001,15424.26677791,3381.5378501612,"all_pixels",8640
"712_a",7607,FALSE,"all_pixels",6.8830190658487,5.90491814122995,4.54549958010707,136.069603536245,"squared_euclidean_pc1_pc3",579.414869983946,"all_pixels",7583,1,2327.18086079791,41168.6690792195,6774.66687009434,"all_pixels",7583
"712_b",7468,FALSE,"all_pixels",7.7805712252454,6.77194261611911,4.81069761431409,167.354002394353,"squared_euclidean_pc1_pc3",680.183498206945,"all_pixels",7468,1,2798.6046755021,49293.896184918,7783.62766538274,"all_pixels",7468
"712_c",5808,FALSE,"all_pixels",14.367501266749,11.4594477879966,11.2389838440215,665.436204174979,"squared_euclidean_pc1_pc3",987.872814223227,"all_pixels",5781,1,6189.33319550135,174193.677203852,18213.38432826,"all_pixels",5781
"712_d",3947,FALSE,"all_pixels",31.2935589815454,30.9073913001617,16.9904925736436,2535.78106666931,"squared_euclidean_pc1_pc3",1374.55266997488,"all_pixels",3925,1,7516.34679917872,175103.038984942,20367.3187026006,"all_pixels",3925
"713_a",8040,FALSE,"all_pixels",15.6622107027309,12.0559480620543,15.9795945151256,1001.24105066524,"squared_euclidean_pc1_pc3",1009.02836365881,"all_pixels",7986,1,6528.58484806949,130847.728303948,18334.9772030131,"all_pixels",7986
"713_b",7281,FALSE,"all_pixels",10.6532079644861,9.50757749783785,6.94454937480715,323.421964615589,"squared_euclidean_pc1_pc3",840.225114275754,"all_pixels",7227,1,4200.7401801755,111378.113170001,13100.3087847399,"all_pixels",7227
"713_c",6547,FALSE,"all_pixels",5.56832056846706,5.12715309843181,2.85558244779682,78.3185991196291,"squared_euclidean_pc1_pc3",425.886853565018,"all_pixels",6523,1,927.979028874625,12835.426575382,3087.55970605674,"all_pixels",6523
"713_d",7118,FALSE,"all_pixels",4.84077298686478,4.37230188934864,2.59082609188959,60.289039867813,"squared_euclidean_pc1_pc3",341.096408981883,"all_pixels",7089,1,694.959963678146,8732.67024003787,2313.77237961893,"all_pixels",7089
"714_a",6726,FALSE,"all_pixels",8.6775983985067,6.92727178543828,6.25759523369667,228.904780527895,"squared_euclidean_pc1_pc3",700.825631943143,"all_pixels",6677,1,2350.31454418193,30092.4056665937,6093.66171992792,"all_pixels",6677
"714_b",6197,FALSE,"all_pixels",5.52163893130651,4.89095154535825,3.19836520674401,81.4327715177739,"squared_euclidean_pc1_pc3",412.394056677351,"all_pixels",6160,1,1293.43090971384,15031.8471505806,3706.07845266292,"all_pixels",6160
"714_c",6617,FALSE,"all_pixels",7.6912103526013,6.82635988305011,4.53918988437354,159.511695319141,"squared_euclidean_pc1_pc3",677.949958151651,"all_pixels",6582,1,1599.19942260929,18865.1413535393,4405.31145637003,"all_pixels",6582
"714_d",5372,FALSE,"all_pixels",10.3701405249394,9.37448006691641,6.01236907054482,287.363334548242,"squared_euclidean_pc1_pc3",900.317865240652,"all_pixels",5372,1,2245.08964141576,30626.1102858549,6167.04647961085,"all_pixels",5372
"715_a",5823,FALSE,"all_pixels",10.0230228431954,9.14525602310306,5.2921230079335,256.92548640157,"squared_euclidean_pc1_pc3",760.137660045508,"all_pixels",5811,1,2545.28039438823,28659.9592326231,6379.17012802941,"all_pixels",5811
"715_b",6200,FALSE,"all_pixels",8.33053711768638,7.44193179531535,5.05331797715534,189.859505068145,"squared_euclidean_pc1_pc3",657.870740568039,"all_pixels",6200,1,1805.15829482274,20627.5945909804,4823.9582634162,"all_pixels",6200
"715_c",7352,FALSE,"all_pixels",7.39867723630564,6.78125752589905,3.64202688065405,136.005960925131,"squared_euclidean_pc1_pc3",635.830026214357,"all_pixels",7333,1,1373.71078383618,21148.8984962301,4159.06718584969,"all_pixels",7333
"715_d",8132,FALSE,"all_pixels",5.97472794827652,5.39281399464724,3.23215042056469,92.2857714886023,"squared_euclidean_pc1_pc3",495.611448946284,"all_pixels",8093,1,1103.00439641211,12277.0530852656,3056.83118950772,"all_pixels",8093
"716_a",8331,FALSE,"all_pixels",7.42829755829366,6.55546780197724,4.24754965263456,146.438234116822,"squared_euclidean_pc1_pc3",620.449535326146,"all_pixels",8313,1,1352.78815445101,17380.5023145595,3772.4810181269,"all_pixels",8313
"716_b",8634,FALSE,"all_pixels",7.03878539268937,6.11052416464082,4.10337015925598,132.760392624475,"squared_euclidean_pc1_pc3",630.29064336099,"all_pixels",8597,1,1997.99058202565,26525.478453084,5333.30214543637,"all_pixels",8597
"716_c",7955,FALSE,"all_pixels",7.44594175124634,5.9409482935801,6.2996394156608,190.245033173042,"squared_euclidean_pc1_pc3",642.350983619621,"all_pixels",7934,1,4407.92961016623,94660.9640747043,12660.50602758,"all_pixels",7934
"716_d",7475,FALSE,"all_pixels",7.10361954907141,6.25561124848357,4.94012078366179,149.725878399636,"squared_euclidean_pc1_pc3",597.658667472675,"all_pixels",7468,1,2980.59399153559,42958.5596020049,7780.34814672131,"all_pixels",7468
"717_a",6834,FALSE,"all_pixels",7.60447404866654,6.87221479381207,4.39638092404275,154.306725100141,"squared_euclidean_pc1_pc3",616.955513563173,"all_pixels",6807,1,2189.63644229151,34109.0934626649,6008.65176508497,"all_pixels",6807
"717_b",8938,FALSE,"all_pixels",6.42853330257697,5.47854055067825,4.18359303330494,117.6530657681,"squared_euclidean_pc1_pc3",593.981866986698,"all_pixels",8930,1,2762.1283659247,41526.6364464212,7249.2223851975,"all_pixels",8930
"717_c",7353,FALSE,"all_pixels",5.8263970585765,5.27199112545475,3.2039463953007,88.4215582445144,"squared_euclidean_pc1_pc3",433.203539250826,"all_pixels",7339,1,1242.23469808652,18468.28126892,3932.13255526847,"all_pixels",7339
"717_d",5795,FALSE,"all_pixels",6.07389694716224,5.46918156224909,3.37752392239376,96.595846869582,"squared_euclidean_pc1_pc3",483.684109716219,"all_pixels",5781,1,1286.33451670583,14201.6709115211,3471.11907796902,"all_pixels",5781
"718_a",7356,FALSE,"all_pixels",5.51428179434727,4.94112183619341,3.07817776031898,79.7623878863696,"squared_euclidean_pc1_pc3",433.821176436437,"all_pixels",7353,1,1244.9420412295,15351.3883181176,3512.64508199426,"all_pixels",7353
"718_b",6853,FALSE,"all_pixels",5.65746761239428,5.2035580779076,2.92009756177823,81.0653305748465,"squared_euclidean_pc1_pc3",389.235702956956,"all_pixels",6833,1,841.598958286055,10668.4965005161,2594.51683062734,"all_pixels",6833
"718_c",7676,FALSE,"all_pixels",5.78514917934955,5.31050998237371,2.85065102355965,83.1862072672902,"squared_euclidean_pc1_pc3",396.960581560963,"all_pixels",7674,1,944.639972563734,10881.6826755314,2749.82525463054,"all_pixels",7674
"718_d",6534,FALSE,"all_pixels",6.22935962018889,5.60188451537195,3.62879272257132,103.942085151112,"squared_euclidean_pc1_pc3",499.659824670989,"all_pixels",6495,1,1748.97950908353,22788.4081814656,4680.58726180852,"all_pixels",6495
"719_a",7978,FALSE,"all_pixels",5.19824816475641,4.63323802901152,2.88303185879345,70.6652296640777,"squared_euclidean_pc1_pc3",370.631393174766,"all_pixels",7896,1,888.280892354836,10569.0132975224,2691.69787375417,"all_pixels",7896
"719_b",7914,FALSE,"all_pixels",4.5434719788096,4.14132171261646,2.37693267648668,52.5844653404574,"squared_euclidean_pc1_pc3",308.000423321848,"all_pixels",7914,1,622.411506083766,6208.42161546124,1885.20004546561,"all_pixels",7914
"719_c",7082,FALSE,"all_pixels",4.85318264050773,4.37469580246509,2.57114197620372,60.3264386857714,"squared_euclidean_pc1_pc3",350.002727177542,"all_pixels",7038,1,564.968835305375,6363.05038953517,1850.56587752623,"all_pixels",7038
"719_d",7262,FALSE,"all_pixels",5.04236011956884,4.49519969262177,2.92734582762721,67.9871382865723,"squared_euclidean_pc1_pc3",344.35036685869,"all_pixels",7238,1,1081.24157248649,10538.3943894039,2960.35837755021,"all_pixels",7238
"720_a",8448,FALSE,"all_pixels",5.21915936003553,4.5890477294041,3.01072548425859,72.6060387899063,"squared_euclidean_pc1_pc3",403.714228079084,"all_pixels",8420,1,1074.21713298495,12278.2575450263,3065.37436244947,"all_pixels",8420
"720_b",6815,FALSE,"all_pixels",5.66822570753648,4.95863292507232,3.3244250374181,86.3579256265342,"squared_euclidean_pc1_pc3",442.783946044475,"all_pixels",6774,1,1512.76565010979,20710.1633339549,4312.93163261362,"all_pixels",6774
"720_c",7538,FALSE,"all_pixels",6.65986118857445,5.62578411261036,5.46552855570494,148.443581178241,"squared_euclidean_pc1_pc3",510.257155780915,"all_pixels",7520,1,3520.02081645559,52511.777401163,9261.87909286824,"all_pixels",7520
"720_d",7611,FALSE,"all_pixels",4.80826767952523,4.30835443888651,2.76179106977249,61.4918516489049,"squared_euclidean_pc1_pc3",384.99532669978,"all_pixels",7569,1,1040.07656515228,10985.9901192638,2949.61881819555,"all_pixels",7569
"721_a",6826,FALSE,"all_pixels",6.02871502299637,5.38432980637834,3.40472341344945,95.8716962342882,"squared_euclidean_pc1_pc3",477.642821865968,"all_pixels",6806,1,1587.04229559166,19714.6206453939,4353.90979722616,"all_pixels",6806
"721_b",7714,FALSE,"all_pixels",6.042114477233,5.37308063706698,3.47531303426223,97.166764686566,"squared_euclidean_pc1_pc3",489.47725176773,"all_pixels",7644,1,1372.33645974319,20779.3633064367,4123.69422091855,"all_pixels",7644
"721_c",8743,FALSE,"all_pixels",6.14828846359689,5.45332201428223,3.61031146593024,101.668618160176,"squared_euclidean_pc1_pc3",546.413540551627,"all_pixels",8700,1,1604.12817661656,27094.8597243041,5141.70887008246,"all_pixels",8700
"721_d",7300,FALSE,"all_pixels",6.95467204189158,5.89962942511503,4.40489522626929,135.535814411013,"squared_euclidean_pc1_pc3",623.740732120026,"all_pixels",7300,1,1981.3704167143,36128.0604540321,6059.805915463,"all_pixels",7300
"722_a",8781,FALSE,"all_pixels",6.98679913989574,6.45081778456986,3.58001815807331,123.260865316324,"squared_euclidean_pc1_pc3",616.17721657642,"all_pixels",8615,1,1330.60532132893,20324.4895366957,4023.63211359682,"all_pixels",8615
"722_b",8515,FALSE,"all_pixels",7.06009938866198,6.17061122262137,4.15721961711218,134.250897344155,"squared_euclidean_pc1_pc3",674.547729598836,"all_pixels",8501,1,1521.85506508723,27885.5189519946,4880.44870062796,"all_pixels",8501
"722_c",9110,FALSE,"all_pixels",5.82098383642357,5.10379324338434,3.29394321173405,89.4654474006763,"squared_euclidean_pc1_pc3",507.041444888952,"all_pixels",8951,1,1133.07448048361,16182.1380911367,3448.32689044047,"all_pixels",8951
"722_d",9012,FALSE,"all_pixels",6.11948908679206,5.06645428671949,4.08507162487115,108.268210263079,"squared_euclidean_pc1_pc3",619.167437708912,"all_pixels",8854,1,1957.3749879415,32663.0586225149,5726.02491695061,"all_pixels",8854
"723_a",8526,FALSE,"all_pixels",5.74878326037514,4.790651862106,3.88673976421134,96.3069662499919,"squared_euclidean_pc1_pc3",510.040254950286,"all_pixels",8477,1,1565.16527617055,25751.6650510243,4883.16723647738,"all_pixels",8477
"723_b",8575,FALSE,"all_pixels",6.23817554517752,5.28866005359064,4.16862087050619,112.580415151049,"squared_euclidean_pc1_pc3",578.650048241109,"all_pixels",8566,1,2372.28916612812,32409.9379673176,6352.40660529683,"all_pixels",8566
"723_c",8538,FALSE,"all_pixels",5.49993039299202,4.69233619635552,3.66591782995964,87.3732276943925,"squared_euclidean_pc1_pc3",471.931125057281,"all_pixels",8485,1,1790.49781241654,20411.0645122723,4670.04873320114,"all_pixels",8485
"723_d",7719,FALSE,"all_pixels",5.35816747222831,4.35520903257641,4.39738749942663,96.0889407222736,"squared_euclidean_pc1_pc3",442.364297067753,"all_pixels",7653,1,2663.9810588885,41724.6809720798,7602.22858199616,"all_pixels",7653
"724_a",8458,FALSE,"all_pixels",5.39119807330592,4.40320294518719,4.35765335427843,96.1038286227813,"squared_euclidean_pc1_pc3",463.499379496952,"all_pixels",8429,1,2004.17998929621,25410.6752673852,5379.96623046005,"all_pixels",8429
"724_b",9157,FALSE,"all_pixels",4.84812309486084,4.07198348303775,3.52204048481556,71.8154240869777,"squared_euclidean_pc1_pc3",411.759743733026,"all_pixels",9113,1,2721.5129543393,30611.9664175845,6930.83278553225,"all_pixels",9113
"724_c",8667,FALSE,"all_pixels",5.33176630113911,4.57158125661532,3.58136949920798,82.5049189794413,"squared_euclidean_pc1_pc3",477.68764591873,"all_pixels",8647,1,1474.54844023522,16595.3327529251,3974.17039466936,"all_pixels",8647
"724_d",9032,FALSE,"all_pixels",5.58171519538229,4.54024298704284,4.41781079902814,101.340871800264,"squared_euclidean_pc1_pc3",476.661262939005,"all_pixels",8956,1,1935.89523567925,23424.7170971955,5310.35285039773,"all_pixels",8956
"8_a",8418,FALSE,"all_pixels",6.20948657508936,5.65183585938994,3.3316849509472,99.3130590415726,"squared_euclidean_pc1_pc3",511.057935147919,"all_pixels",8400,1,1506.93844601415,17747.6419251602,4078.63009016899,"all_pixels",8400
"8_b",8849,FALSE,"all_pixels",6.50821763540953,5.70407942710393,3.7647773413519,113.057687015864,"squared_euclidean_pc1_pc3",603.683778758595,"all_pixels",8830,1,1650.66314989718,22996.9395465021,4612.18868808036,"all_pixels",8830
"8_c",8635,FALSE,"all_pixels",6.22071164263723,5.23469229320801,4.42580659264884,116.565497842644,"squared_euclidean_pc1_pc3",613.38597055246,"all_pixels",8635,1,2606.27632977391,41240.4969243174,7061.99508011336,"all_pixels",8635
"8_d",7481,FALSE,"all_pixels",6.90374828986115,5.8986784599863,4.63140412146323,138.217554670294,"squared_euclidean_pc1_pc3",643.676588982215,"all_pixels",7481,1,2318.83958061608,37914.9914891655,6477.01133631463,"all_pixels",7481
"800_a",3976,FALSE,"all_pixels",11.5728335173035,9.11860899221129,12.1355953008848,562.332217030577,"squared_euclidean_pc1_pc3",628.063050156333,"all_pixels",3900,1,6679.32179982578,119551.910624267,17339.1109981121,"all_pixels",3900
"800_b",7664,FALSE,"all_pixels",6.95042214156681,6.32604306859641,3.67246498511179,123.587214453927,"squared_euclidean_pc1_pc3",548.559733137319,"all_pixels",7620,1,1272.63250471967,18425.6954298788,3948.30806612197,"all_pixels",7620
"800_c",6238,FALSE,"all_pixels",6.59120296367485,6.03867780192843,3.56646221574741,112.323140370556,"squared_euclidean_pc1_pc3",493.418748059282,"all_pixels",6090,1,1484.81548928655,15986.4422032772,4091.10052843429,"all_pixels",6090
"800_d",6441,FALSE,"all_pixels",23.0990133058424,15.7639759326098,22.0004576842192,2035.01881456157,"squared_euclidean_pc1_pc3",837.113958013166,"all_pixels",6371,1,6659.17149513431,173719.518108063,19227.8621910688,"all_pixels",6371
"801_a",7074,FALSE,"all_pixels",12.7225827500227,8.79555284420986,16.0346957284469,837.878465908799,"squared_euclidean_pc1_pc3",676.397517892661,"all_pixels",7058,1,6581.27394320643,125637.951754053,17222.1228227533,"all_pixels",7058
"801_b",3467,FALSE,"all_pixels",7.25647909546717,6.64136673991342,3.77343024245522,133.782315426709,"squared_euclidean_pc1_pc3",480.034708673005,"all_pixels",3439,1,1160.2593694891,14991.8823205652,3507.00606497341,"all_pixels",3439
"801_c",8398,FALSE,"all_pixels",4.58479029241801,4.0262716599908,2.99645817922334,59.9959889810627,"squared_euclidean_pc1_pc3",335.466654121149,"all_pixels",8372,1,1485.19451915263,12921.6026815749,3746.21447041905,"all_pixels",8372
"801_d",5482,FALSE,"all_pixels",25.5610051089208,17.7501861759475,25.3088208554205,2587.56910341382,"squared_euclidean_pc1_pc3",693.833835745429,"all_pixels",5460,1,6749.11044453771,132679.092391992,18205.6424104175,"all_pixels",5460
"802_a",6289,FALSE,"all_pixels",6.91379886710617,6.35390452527607,3.65573529237296,122.325780517777,"squared_euclidean_pc1_pc3",486.438000917358,"all_pixels",6257,1,1446.40706756162,18523.6835232808,4001.98457792541,"all_pixels",6257
"802_b",6389,FALSE,"all_pixels",5.07361328087985,4.66314556281445,2.6089563046291,65.0942787054948,"squared_euclidean_pc1_pc3",337.214157988195,"all_pixels",6360,1,523.842916886431,5383.67837029724,1707.14385584108,"all_pixels",6360
"802_c",5681,FALSE,"all_pixels",13.893116913827,8.99073509155944,19.3407490172893,1134.03485056923,"squared_euclidean_pc1_pc3",507.056846769477,"all_pixels",5645,1,4395.10966428775,67886.9498032811,12092.9344223436,"all_pixels",5645
"802_d",4139,FALSE,"all_pixels",8.5347501793347,6.98832199901562,9.10487426232508,311.441334538884,"squared_euclidean_pc1_pc3",469.02719671013,"all_pixels",4066,1,4241.22597398352,68894.8467897428,11487.5638442387,"all_pixels",4066
"803_a",6745,FALSE,"all_pixels",8.31115619898349,6.66607301029984,6.24373648969588,216.107565983256,"squared_euclidean_pc1_pc3",718.239169387504,"all_pixels",6588,1,2478.93784617895,41756.6184492112,7061.90256816363,"all_pixels",6588
"803_b",6839,FALSE,"all_pixels",11.0639536248938,7.42503499657016,14.3814493441876,658.413825800218,"squared_euclidean_pc1_pc3",541.004743088058,"all_pixels",6730,1,4654.71073403359,64772.8749090563,11859.5768549901,"all_pixels",6730
"803_c",7870,FALSE,"all_pixels",8.32899763413367,6.76606256172841,8.77685642987763,292.791244341171,"squared_euclidean_pc1_pc3",612.595196088646,"all_pixels",7670,1,5119.30513473826,94213.2985615164,13859.3224564716,"all_pixels",7670
"803_d",8033,FALSE,"all_pixels",8.10125664250293,6.67435589949527,6.31090339508438,210.90580572754,"squared_euclidean_pc1_pc3",706.705825521467,"all_pixels",7910,1,4179.47645124172,56539.6229328877,10514.5984750757,"all_pixels",7910
"804_a",7805,FALSE,"all_pixels",21.9574172102686,17.2754873127806,20.7645892752081,1826.48219151112,"squared_euclidean_pc1_pc3",1299.24370080862,"all_pixels",7769,1,6621.29939567852,145000.403123797,18169.3254529687,"all_pixels",7769
"804_b",8663,FALSE,"all_pixels",8.6810517044046,8.10481780321855,4.31610653114508,187.97456779771,"squared_euclidean_pc1_pc3",721.461526673892,"all_pixels",8621,1,1415.27204337919,21028.9026800508,4223.69363448771,"all_pixels",8621
"804_c",7614,FALSE,"all_pixels",8.37776271517423,7.77158902315853,4.28578611196478,177.104916631944,"squared_euclidean_pc1_pc3",723.69117960027,"all_pixels",7501,1,1671.97701567585,24683.7497559825,4783.1353410263,"all_pixels",7501
"804_d",8833,FALSE,"all_pixels",8.80857824680586,5.97522300972798,14.2538241634755,561.47910519572,"squared_euclidean_pc1_pc3",534.391592842607,"all_pixels",8777,1,7697.55032770272,138535.813703675,19901.6516092901,"all_pixels",8777
"805_a",7422,FALSE,"all_pixels",7.36015518532674,6.70600207012442,4.05529089788675,141.2301057135,"squared_euclidean_pc1_pc3",646.208400963635,"all_pixels",7385,1,1996.77967066464,32220.8820271861,5615.8766181951,"all_pixels",7385
"805_b",7273,FALSE,"all_pixels",7.39432782168056,6.76000127997563,3.98400489113058,141.092393096622,"squared_euclidean_pc1_pc3",617.103703595003,"all_pixels",7233,1,1310.45690943145,17488.4333088658,3805.83760440314,"all_pixels",7233
"805_c",7331,FALSE,"all_pixels",6.6647280218693,6.09386165521098,3.51511665364745,113.54591848544,"squared_euclidean_pc1_pc3",565.657226238932,"all_pixels",7250,1,1534.79265390528,19344.7091439743,4261.5127740957,"all_pixels",7250
"805_d",7326,FALSE,"all_pixels",7.24053440793204,6.51878245911812,4.07966772509397,138.133510787671,"squared_euclidean_pc1_pc3",626.293988887424,"all_pixels",7297,1,1727.39691401428,27084.7662944952,5115.2282691113,"all_pixels",7297
"806_a",7923,FALSE,"all_pixels",7.66731281837604,7.13166839550755,3.8427556568872,147.105186216117,"squared_euclidean_pc1_pc3",625.918851415137,"all_pixels",7832,1,1271.29437170616,18214.5344759929,3823.91119704013,"all_pixels",7832
"806_b",6669,FALSE,"all_pixels",8.17931066995614,7.24474910144835,4.68249901022502,177.647264595143,"squared_euclidean_pc1_pc3",648.654482600698,"all_pixels",6611,1,2259.46615950143,35032.5428401791,6166.3470485818,"all_pixels",6611
"806_c",8434,FALSE,"all_pixels",7.31257491097411,6.15050074827541,4.54143982935246,148.191964263657,"squared_euclidean_pc1_pc3",693.476811855775,"all_pixels",8333,1,1372.83279105813,17101.6432835402,3803.00278512216,"all_pixels",8333
"806_d",7413,FALSE,"all_pixels",6.43319527329264,5.4846383438676,3.96609907742075,114.227642752284,"squared_euclidean_pc1_pc3",571.665872227379,"all_pixels",7335,1,1639.51643041828,23976.3844532948,4772.77480092452,"all_pixels",7335
"807_a",8519,FALSE,"all_pixels",6.17167275166341,5.65728277420518,3.11922753459041,95.6359657251798,"squared_euclidean_pc1_pc3",497.708162071549,"all_pixels",8492,1,861.632643661319,9349.15772940948,2494.01316826722,"all_pixels",8492
"807_b",8656,FALSE,"all_pixels",7.68896118409208,6.65287252169144,4.59252693557375,160.417982267159,"squared_euclidean_pc1_pc3",659.616983783356,"all_pixels",8571,1,1457.46020016495,18566.8033389055,4005.46066678484,"all_pixels",8571
"807_c",8272,FALSE,"all_pixels",7.5186381023515,6.82206050998899,4.05077782582123,145.873472504941,"squared_euclidean_pc1_pc3",693.861665770878,"all_pixels",8155,1,1907.33749795876,30405.2757176189,5625.75831299209,"all_pixels",8155
"807_d",7866,FALSE,"all_pixels",7.304933933361,6.57658837435827,4.04894594059073,139.50787769119,"squared_euclidean_pc1_pc3",628.770604488245,"all_pixels",7850,1,1324.00392606059,16016.6211907766,3746.65854616426,"all_pixels",7850
"808_a",8422,FALSE,"all_pixels",7.18008595955158,6.47534320478493,3.88012773917024,133.214476064445,"squared_euclidean_pc1_pc3",650.634277545356,"all_pixels",8258,1,1696.82830184432,28862.1041985613,5217.75746181366,"all_pixels",8258
"808_b",6949,FALSE,"all_pixels",7.07051387011019,6.49441934234805,3.65031208988642,126.630054461591,"squared_euclidean_pc1_pc3",579.670152830774,"all_pixels",6907,1,1227.28902921187,18045.3009528148,3754.31842442668,"all_pixels",6907
"808_c",6658,FALSE,"all_pixels",8.11174721720461,7.21770897232874,4.50572595344464,172.197920168915,"squared_euclidean_pc1_pc3",696.388123989308,"all_pixels",6527,1,2049.42319180872,40268.5751217698,6368.08344316094,"all_pixels",6527
"808_d",7057,FALSE,"all_pixels",8.54391928553797,7.76152055111807,4.73308080067129,190.794872358217,"squared_euclidean_pc1_pc3",756.287832643728,"all_pixels",7006,1,3148.21913364803,62862.4785180236,9070.65659529504,"all_pixels",7006
"809_a",6919,FALSE,"all_pixels",5.82863682293389,5.15926469805564,3.33634020086325,90.2051287341667,"squared_euclidean_pc1_pc3",443.243146986078,"all_pixels",6830,1,962.347412533447,13229.9132385161,3179.59801422691,"all_pixels",6830
"809_b",7581,FALSE,"all_pixels",6.93749383586619,6.00663349598519,4.15033562552345,130.703668723565,"squared_euclidean_pc1_pc3",619.718744906438,"all_pixels",7453,1,1480.94270850704,22881.7874979928,4501.85555333097,"all_pixels",7453
"809_c",8868,FALSE,"all_pixels",5.21757105207028,4.57824333220761,3.04704572460466,73.0129767320093,"squared_euclidean_pc1_pc3",451.009528892398,"all_pixels",8696,1,881.247883471957,10926.0174441337,2819.50203156062,"all_pixels",8696
"809_d",7544,FALSE,"all_pixels",7.759813465569,7.22869850544577,3.6258401455844,146.719358219729,"squared_euclidean_pc1_pc3",634.91076606661,"all_pixels",7193,1,1483.70411198832,19479.4801223844,4096.138888528,"all_pixels",7193
"810_a",6253,FALSE,"all_pixels",7.61211028391196,6.95178328081899,3.87567770828866,145.925396971164,"squared_euclidean_pc1_pc3",616.409065155236,"all_pixels",6168,1,1582.77043264606,25302.9144324723,4823.48613552777,"all_pixels",6168
"810_b",7992,FALSE,"all_pixels",5.76513841057354,5.22468791576951,3.05579600810682,85.1470834633442,"squared_euclidean_pc1_pc3",428.233868364171,"all_pixels",7837,1,1226.90529272446,15014.2602282739,3495.18118282918,"all_pixels",7837
"810_c",7388,FALSE,"all_pixels",5.68291793625506,5.20267793192899,3.12349633209042,84.1009301119765,"squared_euclidean_pc1_pc3",435.253757581169,"all_pixels",7315,1,1066.11412464161,11911.0057168855,3102.70291125615,"all_pixels",7315
"810_d",6560,FALSE,"all_pixels",7.28887641700832,6.53338806880947,3.95800393130704,137.582252928275,"squared_euclidean_pc1_pc3",580.695231841247,"all_pixels",6514,1,1604.7074839677,22611.1633983978,4521.29018991707,"all_pixels",6514
"811_a",6181,FALSE,"all_pixels",6.18947513678896,5.39194975119161,3.67605355041653,103.641571797645,"squared_euclidean_pc1_pc3",489.861391820649,"all_pixels",6167,1,1334.53760204899,17563.4532450264,3964.73639245297,"all_pixels",6167
"811_b",5857,FALSE,"all_pixels",5.86883761329788,5.47285916345083,2.92079235891204,85.9456527652741,"squared_euclidean_pc1_pc3",402.893972418164,"all_pixels",5834,1,919.740324008003,10213.8346575906,2657.18043535957,"all_pixels",5834
"811_c",7466,FALSE,"all_pixels",8.55612523722433,6.93575843346048,8.02897390624101,275.326133326586,"squared_euclidean_pc1_pc3",625.322125911498,"all_pixels",7453,1,4965.95800989033,71775.4493860977,12228.0851469019,"all_pixels",7453
"811_d",5814,FALSE,"all_pixels",7.01971363167121,6.15270474068311,4.14061482478151,132.836243469176,"squared_euclidean_pc1_pc3",534.941582236051,"all_pixels",5794,1,1912.77661466122,28651.5551449691,5358.13882752917,"all_pixels",5794
"812_a",6605,FALSE,"all_pixels",7.54630122723699,6.79521505022504,4.39091526477794,152.447760106361,"squared_euclidean_pc1_pc3",619.311158183617,"all_pixels",6556,1,2035.06169227375,27985.29536866,5522.1210435766,"all_pixels",6556
"812_b",5040,FALSE,"all_pixels",20.849967835618,18.9168411783437,13.4006277400926,1228.52470450531,"squared_euclidean_pc1_pc3",1218.73060041586,"all_pixels",5014,1,5824.13362165656,117428.992248865,15418.2455425171,"all_pixels",5014
"812_c",8376,FALSE,"all_pixels",17.9157226315992,14.0838052621146,14.3183218359573,1051.9259624176,"squared_euclidean_pc1_pc3",1283.22512004541,"all_pixels",8294,1,5073.31236305557,87292.1372177232,13081.5289954463,"all_pixels",8294
"812_d",6347,FALSE,"all_pixels",6.32970033100539,5.77235625948736,3.35435643713377,102.630081255534,"squared_euclidean_pc1_pc3",506.731508077137,"all_pixels",6235,1,1293.47714298398,15129.4737522619,3537.82240446433,"all_pixels",6235
"813_a",7938,FALSE,"all_pixels",5.66688786106593,5.14206205681625,3.12983177287979,83.8164618234237,"squared_euclidean_pc1_pc3",432.836930638693,"all_pixels",7797,1,1068.88046652814,13116.7047384019,3223.43743350714,"all_pixels",7797
"813_b",6973,FALSE,"all_pixels",6.67441936797572,6.11974154277921,3.48607130279101,113.397648412847,"squared_euclidean_pc1_pc3",548.167217075158,"all_pixels",6904,1,1211.43208685926,16857.5930258568,3631.86459289987,"all_pixels",6904
"813_c",5756,FALSE,"all_pixels",6.32568926731305,5.73606290860277,3.5654829471325,105.449609517234,"squared_euclidean_pc1_pc3",470.540239286513,"all_pixels",5685,1,1928.7201309957,27700.3997455999,5408.08188282767,"all_pixels",5685
"813_d",7828,FALSE,"all_pixels",5.98483801265984,5.5265520347745,2.98883066803301,89.5005072522403,"squared_euclidean_pc1_pc3",459.274966830435,"all_pixels",7736,1,767.540450239985,9126.79315688664,2378.47864466185,"all_pixels",7736
"814_a",7018,FALSE,"all_pixels",6.40894958048567,5.89504219465102,3.32833690798291,104.301765621128,"squared_euclidean_pc1_pc3",506.27946862903,"all_pixels",7018,1,990.400376480964,18243.2621957795,3669.76708848201,"all_pixels",7018
"814_b",5836,FALSE,"all_pixels",8.36764332924987,7.65614851208121,4.57815848759384,181.946797203387,"squared_euclidean_pc1_pc3",711.95496595232,"all_pixels",5836,1,1920.50190121732,35075.2830543143,5886.65871689931,"all_pixels",5836
"814_c",5031,FALSE,"all_pixels",7.35521156737735,6.65867868276961,3.86546683658039,138.076002225041,"squared_euclidean_pc1_pc3",577.244882220592,"all_pixels",5025,1,1433.89900892654,19242.8776080289,4064.14612722817,"all_pixels",5025
"814_d",5461,FALSE,"all_pixels",6.13028617112767,5.49354267489911,3.23138571029566,96.0407001428371,"squared_euclidean_pc1_pc3",474.617212996598,"all_pixels",5414,1,1017.68838964925,12304.3531064748,3004.40402185375,"all_pixels",5414
"815_a",6687,FALSE,"all_pixels",7.01699740450569,6.60022621875116,3.42030789449354,121.870018455706,"squared_euclidean_pc1_pc3",566.93172828362,"all_pixels",6662,1,1240.85523397471,16074.672084861,3660.30893171713,"all_pixels",6662
"815_b",4258,FALSE,"all_pixels",6.0492386831413,5.52081516874509,3.13497561931089,92.8381052729306,"squared_euclidean_pc1_pc3",402.438760038854,"all_pixels",4232,1,1240.61893028592,11723.0185431251,3284.41758901931,"all_pixels",4232
"815_c",5804,FALSE,"all_pixels",5.95845394667697,5.50729715090828,3.03863441825311,89.4697634229517,"squared_euclidean_pc1_pc3",425.177845473874,"all_pixels",5709,1,874.366174828192,11394.7077028083,2779.38407212992,"all_pixels",5709
"815_d",7755,FALSE,"all_pixels",7.9903115673229,7.35608786659228,4.17881218838177,162.610596958625,"squared_euclidean_pc1_pc3",700.458287786858,"all_pixels",7739,1,1910.62706623985,26173.6723646341,5232.50783784538,"all_pixels",7739
"816_a",7028,FALSE,"all_pixels",6.4204098087023,5.81666183492833,3.44862353062205,106.225948271919,"squared_euclidean_pc1_pc3",491.073900706802,"all_pixels",7003,1,1357.5531345117,17190.4877741558,3860.51985931101,"all_pixels",7003
"816_b",8125,FALSE,"all_pixels",5.36204473549392,4.80032057817144,3.0726870568695,76.3835349514444,"squared_euclidean_pc1_pc3",417.247876357995,"all_pixels",8120,1,1649.35766278693,15966.0122924591,4232.83707510958,"all_pixels",8120
"816_c",6132,FALSE,"all_pixels",5.58878192079984,4.95213197224507,3.28231079599989,84.0125811569573,"squared_euclidean_pc1_pc3",373.080605533733,"all_pixels",6112,1,1100.44456499835,13531.927890259,3248.09288017141,"all_pixels",6112
"816_d",6882,FALSE,"all_pixels",5.52148549487645,4.99145703269471,2.95576188645525,78.4441218487043,"squared_euclidean_pc1_pc3",418.016026724367,"all_pixels",6881,1,826.550475912572,8828.4383611202,2427.44272643927,"all_pixels",6881
"817_a",4347,FALSE,"all_pixels",6.13061195404684,5.47167545349017,3.44297914500747,98.8715627233902,"squared_euclidean_pc1_pc3",378.053037298096,"all_pixels",4310,1,1175.51817810882,14215.7153596326,3358.36793158216,"all_pixels",4310
"817_b",5144,FALSE,"all_pixels",5.62264056966289,5.09047096838208,3.01800971483804,81.4413978671169,"squared_euclidean_pc1_pc3",362.270023335217,"all_pixels",5141,1,811.047572218008,9476.79304448187,2491.22784889225,"all_pixels",5141
"817_c",6494,FALSE,"all_pixels",6.42936783956571,5.78986986114831,3.62930998088138,109.01326687343,"squared_euclidean_pc1_pc3",542.588683990125,"all_pixels",6465,1,1286.60941895927,20078.633632967,4074.98259550366,"all_pixels",6465
"817_d",7337,FALSE,"all_pixels",6.70115982642331,5.85790245107707,4.61341597304128,132.372498199949,"squared_euclidean_pc1_pc3",532.565330654016,"all_pixels",7337,1,2329.22812156941,30460.8717861067,6592.85475108159,"all_pixels",7337
"818_a",8266,FALSE,"all_pixels",8.52869630676419,8.03747561552256,4.08079112915837,178.77900462389,"squared_euclidean_pc1_pc3",805.840312714131,"all_pixels",8219,1,1743.97830301054,29581.9284191417,5120.36436559211,"all_pixels",8219
"818_b",8147,FALSE,"all_pixels",6.05345195296763,5.34193475118232,3.58773824201656,99.0291325770295,"squared_euclidean_pc1_pc3",510.886314246455,"all_pixels",8044,1,2053.69636790365,30176.777992051,5563.18671540618,"all_pixels",8044
"818_c",6211,FALSE,"all_pixels",5.97332696439845,5.37562090176435,3.16364260859551,91.3753162832711,"squared_euclidean_pc1_pc3",445.442418189125,"all_pixels",6174,1,1191.59090776009,14987.4530439215,3396.75839870381,"all_pixels",6174
"818_d",6186,FALSE,"all_pixels",8.61228958320693,7.93336757196318,4.77468267485412,193.930882314814,"squared_euclidean_pc1_pc3",737.102145628213,"all_pixels",6143,1,2560.79857206681,35501.9432137075,6656.65088014202,"all_pixels",6143
"819_a",5725,FALSE,"all_pixels",5.81118795111989,4.91287719982505,4.84150027284359,114.411871900452,"squared_euclidean_pc1_pc3",427.006921048735,"all_pixels",5703,1,3433.31024413686,44602.8806736615,8908.00645819363,"all_pixels",5703
"819_b",6437,FALSE,"all_pixels",7.34505791287713,6.58430932208236,4.32677927255124,145.335972543141,"squared_euclidean_pc1_pc3",577.312759683648,"all_pixels",6413,1,2223.64635293082,33753.8353702979,6224.92092219112,"all_pixels",6413
"819_c",8508,FALSE,"all_pixels",4.75872657211948,4.24376942161022,2.61810946381859,58.9983401991263,"squared_euclidean_pc1_pc3",342.368347415965,"all_pixels",8479,1,703.834395687766,7303.74562708784,2095.00961454058,"all_pixels",8479
"819_d",7992,FALSE,"all_pixels",5.53264517720995,4.85794594279787,3.29539272863524,82.9368341647632,"squared_euclidean_pc1_pc3",434.271291818037,"all_pixels",7949,1,1461.4769391273,17433.4137896904,3953.47266945699,"all_pixels",7949
"820_a",7467,FALSE,"all_pixels",4.75295566366367,4.35439495230152,2.54319858961782,58.115160829062,"squared_euclidean_pc1_pc3",324.839726421939,"all_pixels",7430,1,798.513391441042,9592.3710109005,2497.18869380044,"all_pixels",7430
"820_b",6557,FALSE,"all_pixels",4.93499264666333,4.44702486103738,2.62548158766105,62.4925094468031,"squared_euclidean_pc1_pc3",357.942041919091,"all_pixels",6532,1,630.901375197924,7360.25864335764,2092.72976012318,"all_pixels",6532
"820_c",7866,FALSE,"all_pixels",5.3184117235553,4.81812056387751,3.02007797017811,74.8104293523858,"squared_euclidean_pc1_pc3",377.251651344943,"all_pixels",7852,1,2005.02628573398,19695.4155345044,4991.92329451351,"all_pixels",7852
"820_d",8078,FALSE,"all_pixels",4.6274901556014,4.20645665231691,2.60045977911442,56.3504381323614,"squared_euclidean_pc1_pc3",304.317551956659,"all_pixels",8043,1,865.90773511152,8316.44398738959,2368.7121596897,"all_pixels",8043
"821_a",6874,FALSE,"all_pixels",5.99841511824677,5.54611802914851,3.22685905347467,92.7841769973123,"squared_euclidean_pc1_pc3",421.966139320048,"all_pixels",6811,1,1635.35806272116,21687.0396391728,4586.07599586652,"all_pixels",6811
"821_b",7231,FALSE,"all_pixels",5.72660650901477,5.12522357239426,3.70828033943435,93.0869269282593,"squared_euclidean_pc1_pc3",418.385486802225,"all_pixels",7223,1,2516.12705164903,30415.0661481065,6533.62977220582,"all_pixels",7223
"821_c",8064,FALSE,"all_pixels",6.91870961555686,5.97834851597033,4.30864228206339,132.861277852912,"squared_euclidean_pc1_pc3",628.986849886192,"all_pixels",7942,1,1961.51663550541,34980.276131833,5869.90724925852,"all_pixels",7942
"821_d",7565,FALSE,"all_pixels",6.08854331812725,5.3309435329589,3.66190063326009,100.956206822768,"squared_euclidean_pc1_pc3",522.621487141802,"all_pixels",7514,1,1373.62507033626,19789.2258075301,4200.87777129588,"all_pixels",7514
"822_a",7516,FALSE,"all_pixels",6.33937175808089,5.58140019101534,3.70124458395986,107.770046168572,"squared_euclidean_pc1_pc3",497.976634457078,"all_pixels",7466,1,1353.2302125276,23144.0193953342,4526.55875042971,"all_pixels",7466
"822_b",8286,FALSE,"all_pixels",6.42693944455136,5.37883418931863,4.46915290361885,122.552935617891,"squared_euclidean_pc1_pc3",582.131800620998,"all_pixels",8237,1,2326.98954089328,45485.0781480374,7175.55269407552,"all_pixels",8237
"822_c",8993,FALSE,"all_pixels",5.59360481365296,4.75949776878819,3.56901043779091,88.049667799337,"squared_euclidean_pc1_pc3",505.815875125125,"all_pixels",8945,1,1430.2161177203,24267.5239890229,4546.69815393245,"all_pixels",8945
"822_d",7498,FALSE,"all_pixels",6.48560942091854,5.55772048210769,4.06880727374784,117.232228487614,"squared_euclidean_pc1_pc3",587.818949406943,"all_pixels",7429,1,1673.87437656775,25617.4209921133,5036.10433931308,"all_pixels",7429
"823_a",8478,FALSE,"all_pixels",6.37402403144168,5.55155513426892,3.86556070860385,111.13795887064,"squared_euclidean_pc1_pc3",575.858173573587,"all_pixels",8425,1,1540.18474502829,26012.0134452244,4871.71370904172,"all_pixels",8425
"823_b",8568,FALSE,"all_pixels",5.70759316746755,4.93484998050752,3.52565450322309,90.0108173329615,"squared_euclidean_pc1_pc3",514.542736817161,"all_pixels",8486,1,1252.65167002854,20116.2973375678,3998.57860960272,"all_pixels",8486
"823_c",7938,FALSE,"all_pixels",4.74146375417355,3.85410565344139,3.45448743622524,68.826917285785,"squared_euclidean_pc1_pc3",404.232431682311,"all_pixels",7895,1,1969.05528667885,27437.5838224291,5389.7361182407,"all_pixels",7895
"823_d",8480,FALSE,"all_pixels",5.85823303058597,5.14467669013404,3.43309597026608,92.2073046115384,"squared_euclidean_pc1_pc3",514.504799619406,"all_pixels",8426,1,1220.4050822611,17447.3545455135,3659.40836155525,"all_pixels",8426
"824_a",7730,FALSE,"all_pixels",7.51782724458635,6.45781027173374,5.08434490148313,164.729890739994,"squared_euclidean_pc1_pc3",698.501818015778,"all_pixels",7631,1,3404.55202800654,55492.8220202597,9207.90060246305,"all_pixels",7631
"824_b",8511,FALSE,"all_pixels",5.31918657382538,4.61829226923772,3.40503545185056,79.7732999342289,"squared_euclidean_pc1_pc3",397.092565231583,"all_pixels",8444,1,1926.57833457805,22735.0815730849,5044.70918238761,"all_pixels",8444
"824_c",8659,FALSE,"all_pixels",6.30961740274831,5.07654175434708,6.20368852353111,156.585156941375,"squared_euclidean_pc1_pc3",451.155172505653,"all_pixels",8572,1,3165.9189763213,50219.5871307278,8799.89404490108,"all_pixels",8572
"824_d",8864,FALSE,"all_pixels",5.46177837315418,4.77665712713899,3.32176966608913,81.7278637683877,"squared_euclidean_pc1_pc3",452.33655493353,"all_pixels",8835,1,1211.15586358343,21500.4618832549,4245.80067240448,"all_pixels",8835
"9_a",8790,FALSE,"all_pixels",7.93575360346658,6.33808897650103,6.71447948705479,216.110582000127,"squared_euclidean_pc1_pc3",756.573095094806,"all_pixels",8790,1,4621.61878143629,82998.6762776377,11980.8568837216,"all_pixels",8790
"9_b",8946,FALSE,"all_pixels",7.75483936604733,6.55031527730044,5.41257073182794,178.860361538592,"squared_euclidean_pc1_pc3",784.180340165795,"all_pixels",8946,1,3801.54538742707,76237.7416333227,10610.9159239878,"all_pixels",8946
"9_c",9118,FALSE,"all_pixels",6.0509755996623,5.06877859832346,4.13563204648822,107.431764683472,"squared_euclidean_pc1_pc3",573.291670757339,"all_pixels",9118,1,2821.94449646709,50243.0251751484,7904.99487372361,"all_pixels",9118
"9_d",9244,FALSE,"all_pixels",6.12592624698104,5.08587637028063,4.6069962465316,117.498181556817,"squared_euclidean_pc1_pc3",583.403649917112,"all_pixels",9244,1,2769.06577769012,49657.8008798277,7836.57146574723,"all_pixels",9244
"900_a",4466,FALSE,"all_pixels",7.13012743927835,6.38899000220492,3.95747740296395,132.993675674835,"squared_euclidean_pc1_pc3",499.138648285777,"all_pixels",4448,1,1714.08756717065,24453.077551413,4778.38365236664,"all_pixels",4448
"900_b",2842,FALSE,"all_pixels",10.0139341288787,8.58810382799084,7.83905443676637,323.416057660975,"squared_euclidean_pc1_pc3",611.871603612313,"all_pixels",2793,1,4893.96167077824,92045.2074853007,13289.413173267,"all_pixels",2793
"900_c",4996,FALSE,"all_pixels",8.38303620098763,7.60667603415664,4.52054594722887,181.413082537346,"squared_euclidean_pc1_pc3",691.606715887146,"all_pixels",4965,1,2844.48827436254,47901.1040897005,7882.06829477602,"all_pixels",4965
"900_d",6369,FALSE,"all_pixels",7.28027883863456,6.62430382763133,3.98959364359321,137.833636590421,"squared_euclidean_pc1_pc3",615.108873525621,"all_pixels",6291,1,2665.6707358987,43106.2753574423,7303.73995200969,"all_pixels",6291
"901_a",3711,FALSE,"all_pixels",8.48414236363634,7.59609146610165,4.69785475423795,188.089127595247,"squared_euclidean_pc1_pc3",609.387597492516,"all_pixels",3667,1,2730.43030730827,42743.9137138683,7407.78338748062,"all_pixels",3667
"901_b",6703,FALSE,"all_pixels",7.21700302814835,6.5487455224276,3.99972255138402,136.16105307315,"squared_euclidean_pc1_pc3",595.760077390597,"all_pixels",6683,1,1967.98028637552,28811.8169210629,5455.95306315338,"all_pixels",6683
"901_c",7136,FALSE,"all_pixels",7.47839004875982,6.81064888265966,3.99373025579851,143.747927896713,"squared_euclidean_pc1_pc3",695.640873375629,"all_pixels",7111,1,1356.68505394426,20563.9826768902,4111.61812707152,"all_pixels",7111
"901_d",5789,FALSE,"all_pixels",7.07757010600968,6.31854019300155,4.00429128418634,132.247154996308,"squared_euclidean_pc1_pc3",546.083584213195,"all_pixels",5693,1,1377.89798608584,18980.7705997974,4075.35313024668,"all_pixels",5693
"902_a",6772,FALSE,"all_pixels",6.97060688627802,6.22748834689809,3.93144534972105,128.086681046117,"squared_euclidean_pc1_pc3",629.320084091545,"all_pixels",6614,1,1403.96713414471,19277.9670770178,4050.25802822227,"all_pixels",6614
"902_b",7603,FALSE,"all_pixels",7.03681370537161,6.02875426648201,4.54428202165159,140.329060235245,"squared_euclidean_pc1_pc3",596.992254387074,"all_pixels",7472,1,1527.88071677259,20367.5165664484,4267.05611707795,"all_pixels",7472
"902_c",6609,FALSE,"all_pixels",6.49860557461006,5.87153775620787,3.44721427422994,108.226725241543,"squared_euclidean_pc1_pc3",445.220146299048,"all_pixels",6474,1,745.707971961753,8651.35508087351,2371.9150550303,"all_pixels",6474
"902_d",6375,FALSE,"all_pixels",6.46201412489918,5.63599550942764,4.71695597849031,128.007620217035,"squared_euclidean_pc1_pc3",484.229055762821,"all_pixels",6269,1,3020.74017201945,49055.2605370957,8655.47648885808,"all_pixels",6269
"903_a",7022,FALSE,"all_pixels",7.51858662168643,6.78047337264572,4.3543481996355,150.973585792864,"squared_euclidean_pc1_pc3",612.14942237528,"all_pixels",7015,1,1582.35941486443,22520.3832673708,4697.71568504001,"all_pixels",7015
"903_b",5428,FALSE,"all_pixels",5.58123008373767,5.05752339799131,3.0120606359054,80.4419341886822,"squared_euclidean_pc1_pc3",385.564421480502,"all_pixels",5324,1,686.255675074127,7256.99769359526,2131.30767689567,"all_pixels",5324
"903_c",6925,FALSE,"all_pixels",7.78606598214398,6.53205638414372,5.34235610527348,178.318941646404,"squared_euclidean_pc1_pc3",675.538699540723,"all_pixels",6903,1,1824.34023436443,21609.5608836355,4914.03179087735,"all_pixels",6903
"903_d",6377,FALSE,"all_pixels",6.33674825843364,5.78086103861165,3.20406230430843,100.83756778074,"squared_euclidean_pc1_pc3",456.384842157895,"all_pixels",6358,1,841.368202638974,9577.29789730802,2487.1732553244,"all_pixels",6358
"904_a",6459,FALSE,"all_pixels",6.41903363311625,5.88599209064922,3.16665914091898,102.460340754623,"squared_euclidean_pc1_pc3",457.710704502785,"all_pixels",6455,1,868.859692913454,9878.93350616355,2613.90862654346,"all_pixels",6455
"904_b",8363,FALSE,"all_pixels",11.0076386834396,9.78533634394787,6.43179151813103,325.062209948993,"squared_euclidean_pc1_pc3",951.787451246188,"all_pixels",8327,1,2979.26601737222,40595.7960932965,7808.77348815331,"all_pixels",8327
"904_c",8351,FALSE,"all_pixels",5.98616088868734,5.26953211669193,3.49371259990694,96.0773765826302,"squared_euclidean_pc1_pc3",513.863418529307,"all_pixels",8332,1,1330.32008987245,17641.3657923673,3839.38091702725,"all_pixels",8332
"904_d",8020,FALSE,"all_pixels",6.40896198546159,5.71261821306505,3.61238526107317,108.244987814693,"squared_euclidean_pc1_pc3",531.711392604484,"all_pixels",8020,1,1441.70817726927,20438.3709303184,4222.08299806183,"all_pixels",8020
"905_a",8028,FALSE,"all_pixels",7.23921050403205,6.53060529769374,3.93372016497287,135.756791070081,"squared_euclidean_pc1_pc3",634.064673988194,"all_pixels",8028,1,1606.99906531334,22163.392079131,4455.73023578222,"all_pixels",8028
"905_b",6011,FALSE,"all_pixels",7.37936424099921,6.05335927824106,5.72322995653021,174.409857000147,"squared_euclidean_pc1_pc3",580.370122661529,"all_pixels",6008,1,3485.62227070556,66352.6881333529,9725.87392059905,"all_pixels",6008
"905_c",5841,FALSE,"all_pixels",16.2546807974158,11.5900020831109,18.1647690689982,1188.23398605662,"squared_euclidean_pc1_pc3",790.904344967914,"all_pixels",5817,1,7796.26779988916,144213.011641906,19490.1925266733,"all_pixels",5817
"905_d",7487,FALSE,"all_pixels",12.4974351708275,9.12787752102804,14.9695827234369,760.488724858717,"squared_euclidean_pc1_pc3",779.118671146949,"all_pixels",7486,1,7487.91132160519,124912.734829213,18713.301574765,"all_pixels",7486
"906_a",8052,FALSE,"all_pixels",7.53266304690853,6.76431853141118,4.20739857325246,148.882033694555,"squared_euclidean_pc1_pc3",681.188514717713,"all_pixels",7976,1,1560.54333609858,26808.7887004969,4900.38724864357,"all_pixels",7976
"906_b",7650,FALSE,"all_pixels",7.32274076883457,6.70822983101682,3.88331116113466,137.401333372229,"squared_euclidean_pc1_pc3",639.602737832005,"all_pixels",7596,1,1434.47141490792,19937.7257192926,4082.42872707143,"all_pixels",7596
"906_c",8091,FALSE,"all_pixels",6.78842542221802,6.13491442783901,3.55091122054209,117.380263629228,"squared_euclidean_pc1_pc3",553.476698343214,"all_pixels",8047,1,1206.93090268211,15456.332732578,3686.80993395145,"all_pixels",8047
"906_d",8957,FALSE,"all_pixels",6.33851895436717,5.43558176271607,3.93723671634949,111.353849601366,"squared_euclidean_pc1_pc3",560.374678886014,"all_pixels",8805,1,2816.32129539741,34062.0094794745,6878.12431968074,"all_pixels",8805
"907_a",7866,FALSE,"all_pixels",7.10115437382752,6.49758731092389,3.67874259406992,127.915640106492,"squared_euclidean_pc1_pc3",581.957083052359,"all_pixels",7851,1,1380.34925437356,19762.4929007646,4049.8313562466,"all_pixels",7851
"907_b",7261,FALSE,"all_pixels",6.09760146344002,5.52345078237402,3.22960538183323,95.2193160794414,"squared_euclidean_pc1_pc3",459.62187299387,"all_pixels",7221,1,1034.5995826034,13179.4333401788,3082.88340471341,"all_pixels",7221
"907_c",7049,FALSE,"all_pixels",6.60305657450403,6.00852987507625,3.90019776115692,117.619481461051,"squared_euclidean_pc1_pc3",497.201801226759,"all_pixels",7039,1,1983.90122049636,24488.7069167362,5377.3593763062,"all_pixels",7039
"907_d",8068,FALSE,"all_pixels",6.02027061390633,5.50359919823964,3.20801752888113,93.0675183012828,"squared_euclidean_pc1_pc3",464.489891813996,"all_pixels",8054,1,1351.47236109697,16351.6875689899,3729.78451313263,"all_pixels",8054
"908_a",NA,TRUE,"manual_excluded",NA,NA,NA,NA,"squared_euclidean_pc1_pc3",NA,"manual_excluded",NA,1,NA,NA,NA,"manual_excluded",NA
"908_b",NA,TRUE,"manual_excluded",NA,NA,NA,NA,"squared_euclidean_pc1_pc3",NA,"manual_excluded",NA,1,NA,NA,NA,"manual_excluded",NA
"908_c",NA,TRUE,"manual_excluded",NA,NA,NA,NA,"squared_euclidean_pc1_pc3",NA,"manual_excluded",NA,1,NA,NA,NA,"manual_excluded",NA
"908_d",NA,TRUE,"manual_excluded",NA,NA,NA,NA,"squared_euclidean_pc1_pc3",NA,"manual_excluded",NA,1,NA,NA,NA,"manual_excluded",NA
"909_a",NA,TRUE,"manual_excluded",NA,NA,NA,NA,"squared_euclidean_pc1_pc3",NA,"manual_excluded",NA,1,NA,NA,NA,"manual_excluded",NA
"909_b",NA,TRUE,"manual_excluded",NA,NA,NA,NA,"squared_euclidean_pc1_pc3",NA,"manual_excluded",NA,1,NA,NA,NA,"manual_excluded",NA
"909_c",NA,TRUE,"manual_excluded",NA,NA,NA,NA,"squared_euclidean_pc1_pc3",NA,"manual_excluded",NA,1,NA,NA,NA,"manual_excluded",NA
"909_d",NA,TRUE,"manual_excluded",NA,NA,NA,NA,"squared_euclidean_pc1_pc3",NA,"manual_excluded",NA,1,NA,NA,NA,"manual_excluded",NA
"910_a",8221,FALSE,"all_pixels",7.66807868182069,6.93297182182701,4.02211198833962,149.949695410094,"squared_euclidean_pc1_pc3",711.854115523854,"all_pixels",8219,1,1513.61418821398,23009.8406564392,4465.26015953667,"all_pixels",8219
"910_b",6677,FALSE,"all_pixels",7.21527285427693,6.40959381662933,4.05749435045543,137.041914196734,"squared_euclidean_pc1_pc3",638.804553347389,"all_pixels",6634,1,1421.20438104229,23322.1572100908,4409.55822618107,"all_pixels",6634
"910_c",6094,FALSE,"all_pixels",7.26251744965842,6.44254025835514,4.08142606549362,138.798929839919,"squared_euclidean_pc1_pc3",573.818504524652,"all_pixels",6043,1,2204.89726058768,33637.6734230622,6220.41784126227,"all_pixels",6043
"910_d",9025,FALSE,"all_pixels",7.35269731749188,6.78863709700695,3.72726960097052,135.906314363011,"squared_euclidean_pc1_pc3",660.90975173405,"all_pixels",9025,1,1506.85933767057,25635.8137079227,4669.08686919721,"all_pixels",9025
"911_a",8689,FALSE,"all_pixels",7.67273859303124,6.9903734796074,3.96985499584941,149.257704892874,"squared_euclidean_pc1_pc3",691.127992405993,"all_pixels",8528,1,1608.43158828265,26623.4460383082,4865.21354779429,"all_pixels",8528
"911_b",7919,FALSE,"all_pixels",7.60634993849715,6.70971018234925,4.40702857223323,154.552015306962,"squared_euclidean_pc1_pc3",654.915502584965,"all_pixels",7801,1,1678.1871752838,28201.320494959,5058.91186758475,"all_pixels",7801
"911_c",6565,FALSE,"all_pixels",7.34205056054965,6.61785001141597,3.91505993903307,138.462132001324,"squared_euclidean_pc1_pc3",569.748212717331,"all_pixels",6432,1,1172.2239480765,13782.286156782,3324.54271329128,"all_pixels",6432
"911_d",8933,FALSE,"all_pixels",6.64274707425859,5.99888548622211,3.74119005664242,116.242049802598,"squared_euclidean_pc1_pc3",540.9848929967,"all_pixels",8391,1,1561.68822735059,21948.1657438746,4472.81595768812,"all_pixels",8391
"912_a",9069,FALSE,"all_pixels",7.97177632312683,6.97251206596427,4.96781688057494,176.451402068254,"squared_euclidean_pc1_pc3",664.3391219596,"all_pixels",8771,1,2212.74853489764,33254.0999578116,6061.18576017135,"all_pixels",8771
"912_b",6429,FALSE,"all_pixels",7.86406959610336,7.04222185119677,4.41558951078563,162.675977217261,"squared_euclidean_pc1_pc3",621.659813572803,"all_pixels",6166,1,1986.36204759243,36421.0952408421,6108.95478183648,"all_pixels",6166
"912_c",5587,FALSE,"all_pixels",9.452237090284,8.08537964234513,5.79783839706622,245.907398912332,"squared_euclidean_pc1_pc3",774.049814734252,"all_pixels",5533,1,2942.83385982245,63250.2778774054,8855.09039416962,"all_pixels",5533
"912_d",9079,FALSE,"all_pixels",7.80746294053641,6.87771383895924,4.72689752558023,166.595153539263,"squared_euclidean_pc1_pc3",762.521078607035,"all_pixels",8823,1,2757.9519426652,53596.970622501,8014.17338294822,"all_pixels",8823
"913_a",1894,FALSE,"all_pixels",7.72388959496229,6.97851090657819,4.26343805078866,155.651554779735,"squared_euclidean_pc1_pc3",397.009779471185,"all_pixels",1697,1,1402.74437195529,18584.1356688633,3949.86796191269,"all_pixels",1697
"913_b",4579,FALSE,"all_pixels",7.13487173354167,6.63856165473502,3.50590930813335,126.390220866099,"squared_euclidean_pc1_pc3",492.934131880391,"all_pixels",4518,1,1481.61666822751,22378.4601412389,4433.75333325549,"all_pixels",4518
"913_c",7135,FALSE,"all_pixels",7.86190281356265,7.20928805646262,4.15514487242796,158.144649933896,"squared_euclidean_pc1_pc3",695.868124673642,"all_pixels",7135,1,1557.22097803922,24768.1148950136,4665.96702968229,"all_pixels",7135
"913_d",5614,FALSE,"all_pixels",6.7688475423356,6.35967220056728,3.39853111448969,114.730506856964,"squared_euclidean_pc1_pc3",528.120044228262,"all_pixels",5520,1,927.927447078341,12179.1376244853,2928.10956261536,"all_pixels",5520
"914_a",7220,FALSE,"all_pixels",8.06098726899269,7.1040291064229,4.93469668512765,178.654748756689,"squared_euclidean_pc1_pc3",702.310990611913,"all_pixels",7140,1,3139.19484123376,64671.5531359355,9239.67994307534,"all_pixels",7140
"914_b",5546,FALSE,"all_pixels",7.05737804179473,6.36697629165816,4.03131713412014,132.110344694615,"squared_euclidean_pc1_pc3",550.633801995837,"all_pixels",5476,1,2044.09822233943,32794.0187615067,5843.85187064209,"all_pixels",5476
"914_c",5194,FALSE,"all_pixels",5.82344471916657,5.27770739974192,3.10559806384497,87.1107816624105,"squared_euclidean_pc1_pc3",400.036270553613,"all_pixels",5158,1,897.091712338152,11915.0893666236,2896.23227911007,"all_pixels",5158
"914_d",6400,FALSE,"all_pixels",6.92029919223909,6.27960042683066,3.67386790605744,122.771474694593,"squared_euclidean_pc1_pc3",581.319763414243,"all_pixels",6363,1,1203.76819569061,19147.8173435339,3974.21826980087,"all_pixels",6363
"915_a",6456,FALSE,"all_pixels",6.44802035420745,5.87360386044923,3.45159523795042,106.97726167149,"squared_euclidean_pc1_pc3",537.330750512395,"all_pixels",6431,1,1057.50413177768,15104.3977294532,3324.81332232785,"all_pixels",6431
"915_b",6899,FALSE,"all_pixels",7.30431264900153,6.63569564968933,3.77403299490038,135.188487543487,"squared_euclidean_pc1_pc3",627.162374269447,"all_pixels",6877,1,1426.36136757493,22692.8699520788,4314.46333436725,"all_pixels",6877
"915_c",7655,FALSE,"all_pixels",7.09859276282972,6.43846385061243,3.79625744338173,129.59941430795,"squared_euclidean_pc1_pc3",632.624820689705,"all_pixels",7633,1,1345.38369683278,19177.2696643932,3926.12196108441,"all_pixels",7633
"915_d",5795,FALSE,"all_pixels",6.48082608708859,5.92649579752963,3.3096952759925,105.906598653015,"squared_euclidean_pc1_pc3",500.306623584483,"all_pixels",5728,1,1054.7337529872,14664.9325283493,3346.3206644974,"all_pixels",5728
"916_a",5896,FALSE,"all_pixels",5.65677813977723,5.20839182855305,2.90073267147678,80.8239236848558,"squared_euclidean_pc1_pc3",387.576422051932,"all_pixels",5861,1,749.225330609453,8177.41533959656,2263.95282034314,"all_pixels",5861
"916_b",7575,FALSE,"all_pixels",5.86955312352174,5.43564012079643,2.95441547233104,86.3581447328416,"squared_euclidean_pc1_pc3",455.888133712557,"all_pixels",7567,1,759.001628419469,9342.17861732239,2438.94056873043,"all_pixels",7567
"916_c",5316,FALSE,"all_pixels",5.60065631911821,5.11977256068208,2.87841807244826,79.3021664947536,"squared_euclidean_pc1_pc3",377.971041901717,"all_pixels",5290,1,741.950785824943,7647.21177783453,2211.38070722879,"all_pixels",5290
"916_d",3331,FALSE,"all_pixels",5.67611289284456,4.9885683042167,3.1388145303152,84.1349130212703,"squared_euclidean_pc1_pc3",317.631682448179,"all_pixels",3317,1,844.734979067923,8944.32179886466,2447.05049094671,"all_pixels",3317
"917_a",3093,FALSE,"all_pixels",5.70038238132362,5.16692972886871,2.94280164321682,82.3032818151902,"squared_euclidean_pc1_pc3",331.148747440481,"all_pixels",3090,1,682.760718751185,6997.39062532867,2040.51165582505,"all_pixels",3090
"917_b",1595,FALSE,"all_pixels",6.38191971726905,5.66324717916318,3.57544190814244,107.009338408089,"squared_euclidean_pc1_pc3",264.823978187002,"all_pixels",1589,1,737.765688294249,7287.74608357474,2226.41574428986,"all_pixels",1589
"917_c",7705,FALSE,"all_pixels",6.59506992559858,6.04541536929534,3.3789691268987,109.821795725735,"squared_euclidean_pc1_pc3",545.911352829259,"all_pixels",7704,1,955.794968800355,11485.5885969881,2854.67725248519,"all_pixels",7704
"917_d",5724,FALSE,"all_pixels",6.13831128638749,5.72798063397369,3.03003936686865,93.7168000817405,"squared_euclidean_pc1_pc3",457.43701669957,"all_pixels",5713,1,787.296632774027,8394.36393656363,2332.03052001711,"all_pixels",5713
"918_a",5396,FALSE,"all_pixels",9.72556775604285,7.80610490326292,7.53607892300915,302.737257576026,"squared_euclidean_pc1_pc3",741.065321360913,"all_pixels",5390,1,2802.83781508443,32043.7093438839,7150.12415249454,"all_pixels",5390
"918_b",6810,FALSE,"all_pixels",7.2558882579533,6.66032538830628,3.81108350424738,134.340278179593,"squared_euclidean_pc1_pc3",606.290115839135,"all_pixels",6803,1,1679.89415431713,25439.8295890682,4907.60932316155,"all_pixels",6803
"918_c",5658,FALSE,"all_pixels",11.423668795411,8.15344417439778,15.1432113405096,719.553057569356,"squared_euclidean_pc1_pc3",553.270890374939,"all_pixels",5595,1,8768.82258884731,195489.111213348,23202.6932771874,"all_pixels",5595
"918_d",2286,FALSE,"all_pixels",8.51696556946219,6.95270175719931,6.17198828431708,221.230956192794,"squared_euclidean_pc1_pc3",433.690880706347,"all_pixels",2283,1,2382.79612065789,45921.2219956413,7131.69766654874,"all_pixels",2283
"919_a",7203,FALSE,"all_pixels",7.2139660565343,6.34759639235673,4.21316252312399,139.579160715119,"squared_euclidean_pc1_pc3",642.777513260485,"all_pixels",7150,1,1931.41082620382,29437.8028894123,5406.16929625034,"all_pixels",7150
"919_b",8026,FALSE,"all_pixels",10.0190911609491,7.31787961439017,10.9991209933042,442.69555344621,"squared_euclidean_pc1_pc3",684.796598263388,"all_pixels",7981,1,5792.72007850076,98604.0098545353,14953.9499721511,"all_pixels",7981
"919_c",6508,FALSE,"all_pixels",7.68762132721697,6.76837930395396,5.05608934294371,169.319266039886,"squared_euclidean_pc1_pc3",587.54254645918,"all_pixels",6470,1,3503.01685068924,57958.1591972049,9831.36066502473,"all_pixels",6470
"919_d",8207,FALSE,"all_pixels",5.62371478638367,5.05383077295055,3.13923439464809,82.9595196084268,"squared_euclidean_pc1_pc3",445.421751669147,"all_pixels",8107,1,1044.47644009631,13550.3501404203,3179.35728914222,"all_pixels",8107
"920_a",4421,FALSE,"all_pixels",6.73913570901628,6.06332781254172,3.7557434760335,119.036737139787,"squared_euclidean_pc1_pc3",464.849054886111,"all_pixels",4400,1,1555.163104066,22926.7156930369,4439.07617142275,"all_pixels",4400
"920_b",7418,FALSE,"all_pixels",5.37777680029036,4.59603279574571,3.3668567970003,80.5093597353035,"squared_euclidean_pc1_pc3",429.906649263284,"all_pixels",7389,1,1004.35953003355,13930.4912344549,3281.45809443868,"all_pixels",7389
"920_c",6111,FALSE,"all_pixels",6.45829418209947,6.07622468009974,3.19580424442564,103.842114471396,"squared_euclidean_pc1_pc3",479.931065773859,"all_pixels",6098,1,1285.84397786174,18106.680352847,3961.09403130226,"all_pixels",6098
"920_d",7371,FALSE,"all_pixels",6.2676558764895,5.82352132830235,3.18547266889384,98.8587393345711,"squared_euclidean_pc1_pc3",506.032760046688,"all_pixels",7316,1,1112.00015976859,14406.2901054544,3308.45509657751,"all_pixels",7316
"921_a",8083,FALSE,"all_pixels",6.57244420355577,6.19120261836221,3.18006427056742,106.61716090615,"squared_euclidean_pc1_pc3",521.253595566263,"all_pixels",8058,1,1009.23754555411,11373.0244936257,2841.33971656897,"all_pixels",8058
"921_b",7563,FALSE,"all_pixels",4.52115824478738,4.03117091040611,2.66037980393716,55.0351135074981,"squared_euclidean_pc1_pc3",312.49082052071,"all_pixels",7505,1,779.207443953535,9453.80028891555,2489.71519363518,"all_pixels",7505
"921_c",7418,FALSE,"all_pixels",5.24429555229625,4.83809170886062,2.71461659092677,69.7415713236279,"squared_euclidean_pc1_pc3",344.877822581821,"all_pixels",7349,1,815.308434236558,9403.16762967588,2629.33108036456,"all_pixels",7349
"921_d",7579,FALSE,"all_pixels",5.27519914534082,4.78101877629732,2.79948124293009,71.3275743970534,"squared_euclidean_pc1_pc3",387.088182459034,"all_pixels",7577,1,962.000684504122,11057.158424966,2789.14626772875,"all_pixels",7577
"922_a",6927,FALSE,"all_pixels",5.83514129939837,5.27572501238758,3.25995182466188,89.3492514000471,"squared_euclidean_pc1_pc3",428.637222566095,"all_pixels",6879,1,1503.88762305439,19381.2446040266,4215.6345633031,"all_pixels",6879
"922_b",7636,FALSE,"all_pixels",5.71976850244869,5.10269494750441,3.27410234516758,86.8681880902052,"squared_euclidean_pc1_pc3",404.427385270021,"all_pixels",7474,1,1456.44968140175,26309.651295177,4928.34182030963,"all_pixels",7474
"922_c",7815,FALSE,"all_pixels",6.52300808007203,5.66874710834978,4.02810310185703,117.54634559519,"squared_euclidean_pc1_pc3",546.514728149152,"all_pixels",7744,1,1815.4270164359,28511.9806549822,5457.18675578965,"all_pixels",7744
"922_d",7994,FALSE,"all_pixels",6.82439746284805,5.96968565275878,4.27192881133645,129.638987231838,"squared_euclidean_pc1_pc3",566.425181565149,"all_pixels",7884,1,1963.5886798418,37036.7968469784,6414.14698731342,"all_pixels",7884
"923_a",7051,FALSE,"all_pixels",6.66352047701497,5.99778762488332,3.4985901850726,113.281804975598,"squared_euclidean_pc1_pc3",559.74533447229,"all_pixels",7047,1,1207.01618328369,16422.9285792532,3530.38328326175,"all_pixels",7047
"923_b",7129,FALSE,"all_pixels",6.63014646648466,5.98787901649625,3.5915492538032,113.712517615295,"squared_euclidean_pc1_pc3",502.117964296321,"all_pixels",7061,1,1210.10700490592,18687.6224558759,3974.36573359772,"all_pixels",7061
"923_c",7192,FALSE,"all_pixels",6.29026221238391,5.60236136731025,3.46548155310705,103.150582490608,"squared_euclidean_pc1_pc3",517.670787243009,"all_pixels",7180,1,1324.3282995748,19664.3511231966,4027.87778931432,"all_pixels",7180
"923_d",8132,FALSE,"all_pixels",5.90668276489457,5.08870121865742,3.57698044456255,95.3642339962913,"squared_euclidean_pc1_pc3",543.763069804049,"all_pixels",8115,1,1223.63383072652,17804.6418728567,3695.67190960707,"all_pixels",8115
"924_a",7108,FALSE,"all_pixels",6.35540306488714,5.68762889317902,3.52305671797382,105.602661127628,"squared_euclidean_pc1_pc3",536.470543670424,"all_pixels",7091,1,1152.00512046025,18421.8437176558,3676.89219114169,"all_pixels",7091
"924_b",7228,FALSE,"all_pixels",6.82142782042647,5.94209999908767,4.52530200784322,134.014805146093,"squared_euclidean_pc1_pc3",552.468834028506,"all_pixels",7213,1,2937.5699088994,53093.5051756229,8272.32630991299,"all_pixels",7213
"924_c",7748,FALSE,"all_pixels",7.1215414033978,6.13084887117858,4.55821782053825,142.982040038794,"squared_euclidean_pc1_pc3",664.09094385706,"all_pixels",7726,1,2062.89497523996,41302.0465269658,6705.2950347878,"all_pixels",7726
"924_d",7112,FALSE,"all_pixels",5.59263317010598,4.82486629522567,3.54865517707647,87.7374573567979,"squared_euclidean_pc1_pc3",443.452237732261,"all_pixels",7112,1,1498.80004977895,22605.6940324185,4476.37125471307,"all_pixels",7112
