"quad_id","n_pixels","manual_excluded","metric_method","pca_euclidean_mean","pca_euclidean_median","pca_euclidean_sd","rao_q_pca","rao_q_distance","alpha_hull_area","alpha_hull_method","alpha_hull_n_points","alpha_hull_alpha","pca_convex_hull_area","pca_hull_volume_3d","pca_hull_area_3d","pca_hull_3d_method","pca_hull_3d_n_points"
"0",21506,FALSE,"all_pixels",8.39247020390954,7.91186758521613,4.19377700527843,176.041007772258,"squared_euclidean_pc1_pc3",685.864193379139,"sampled_pixels",10000,1,1324.81481159997,12912.8256764093,3396.15729497174,"sampled_pixels",10000
"1",30116,FALSE,"all_pixels",9.07382551450852,7.83371559622861,5.34398420398501,221.783056735868,"squared_euclidean_pc1_pc3",861.175859439672,"sampled_pixels",10000,1,1728.7990988352,19324.8129545993,4979.78615314456,"sampled_pixels",10000
"10",30355,FALSE,"all_pixels",8.04219988254954,7.28893977316999,4.42537623959355,168.52057729757,"squared_euclidean_pc1_pc3",723.519422480098,"sampled_pixels",10000,1,1519.40318323851,13926.1856912479,3996.57952569234,"sampled_pixels",10000
"100",30808,FALSE,"all_pixels",8.75761163620356,8.13425752636996,4.43041135921498,192.647338515,"squared_euclidean_pc1_pc3",709.142165554483,"sampled_pixels",10000,1,1508.99003474562,13359.9541219052,3565.16166859694,"sampled_pixels",10000
"1000",29877,FALSE,"all_pixels",7.96931401532829,7.34852817257686,4.12104126869229,160.984757166478,"squared_euclidean_pc1_pc3",633.685544518575,"sampled_pixels",10000,1,1362.48310290362,10027.466179634,3328.38548505606,"sampled_pixels",10000
"1001",31500,FALSE,"all_pixels",7.82490189339398,6.89068642304717,4.35961169578564,160.469400814788,"squared_euclidean_pc1_pc3",691.842395948357,"sampled_pixels",10000,1,1120.01040155328,9591.37290005083,2840.1012588612,"sampled_pixels",10000
"1002",33370,FALSE,"all_pixels",9.50351052115619,8.74598875785994,5.03191305037604,231.272204804899,"squared_euclidean_pc1_pc3",861.257453106753,"sampled_pixels",10000,1,1694.41809386493,16835.1582755479,4301.96227696084,"sampled_pixels",10000
"1003",33621,FALSE,"all_pixels",8.18314184128589,7.29813862518181,4.64865718521896,177.14636253369,"squared_euclidean_pc1_pc3",762.789477148855,"sampled_pixels",10000,1,1335.64610260535,18058.0037562791,4162.41260230787,"sampled_pixels",10000
"1004",29272,FALSE,"all_pixels",7.49987375183002,6.77532704926288,4.0350960582509,145.059100522967,"squared_euclidean_pc1_pc3",657.061802904139,"sampled_pixels",10000,1,1131.13563324885,9785.0500573029,2818.17977865243,"sampled_pixels",10000
"1005",30323,FALSE,"all_pixels",8.18139656269337,7.73767748795859,4.18975950289738,168.977511009745,"squared_euclidean_pc1_pc3",628.340687973554,"sampled_pixels",10000,1,1063.3094233795,8072.52325387631,2606.01015874975,"sampled_pixels",10000
"1006",31780,FALSE,"all_pixels",8.15465054589428,7.41580309829745,4.50286688197071,173.546995354097,"squared_euclidean_pc1_pc3",701.109213673384,"sampled_pixels",10000,1,1277.4678369682,13409.7857079316,3597.97449037203,"sampled_pixels",10000
"1007",30080,FALSE,"all_pixels",8.83010381195362,8.22509916227851,4.48638258680273,196.195385816903,"squared_euclidean_pc1_pc3",775.106963219064,"sampled_pixels",10000,1,1872.43808346638,17428.2628150776,4193.6659230901,"sampled_pixels",10000
"1008",27306,FALSE,"all_pixels",9.40181428428972,8.69582608150817,4.83468372226195,223.534845044261,"squared_euclidean_pc1_pc3",741.761069963161,"sampled_pixels",10000,1,1324.53500671959,13441.2462255106,3619.78501819774,"sampled_pixels",10000
"1009",NA,TRUE,"manual_excluded",NA,NA,NA,NA,"squared_euclidean_pc1_pc3",NA,"manual_excluded",NA,1,NA,NA,NA,"manual_excluded",NA
"101",34471,FALSE,"all_pixels",9.4051472519734,8.12374069804855,5.61261987030437,239.914765569322,"squared_euclidean_pc1_pc3",936.665797031976,"sampled_pixels",10000,1,1840.93924528029,16774.6096468053,4569.87885681258,"sampled_pixels",10000
"1010",NA,TRUE,"manual_excluded",NA,NA,NA,NA,"squared_euclidean_pc1_pc3",NA,"manual_excluded",NA,1,NA,NA,NA,"manual_excluded",NA
"1011",33094,FALSE,"all_pixels",8.71376729216681,7.98934765492689,4.66156009127477,195.318452575608,"squared_euclidean_pc1_pc3",733.744588515978,"sampled_pixels",10000,1,1729.78004868023,17083.1232966669,4215.59925795698,"sampled_pixels",10000
"1012",36566,FALSE,"all_pixels",10.1984121016321,8.58939843270322,6.76770047119019,299.616252968791,"squared_euclidean_pc1_pc3",942.431725653307,"sampled_pixels",10000,1,2103.24146657628,22541.1140571419,5358.46282483143,"sampled_pixels",10000
"1013",NA,TRUE,"manual_excluded",NA,NA,NA,NA,"squared_euclidean_pc1_pc3",NA,"manual_excluded",NA,1,NA,NA,NA,"manual_excluded",NA
"1014",NA,TRUE,"manual_excluded",NA,NA,NA,NA,"squared_euclidean_pc1_pc3",NA,"manual_excluded",NA,1,NA,NA,NA,"manual_excluded",NA
"1015",16484,FALSE,"all_pixels",4.68440813703919,4.16253636367444,2.72646349992683,58.7536637041837,"squared_euclidean_pc1_pc3",348.616575339613,"sampled_pixels",10000,1,626.546113027803,3934.05407021186,1534.9010989532,"sampled_pixels",10000
"1016",14776,FALSE,"all_pixels",4.29646844015214,3.95482654570024,2.13177661612067,46.0076100812644,"squared_euclidean_pc1_pc3",231.238251513454,"sampled_pixels",10000,1,401.314579112614,2450.31620028389,1110.52355214196,"sampled_pixels",10000
"1017",22304,FALSE,"all_pixels",4.44537542089525,3.97329976566508,2.58700838750284,52.9073499327697,"squared_euclidean_pc1_pc3",269.702212947212,"sampled_pixels",10000,1,496.465938606173,2738.45277631951,1201.26485835797,"sampled_pixels",10000
"1018",19813,FALSE,"all_pixels",7.11149885257487,5.58346131655764,5.12678288861817,153.711984236727,"squared_euclidean_pc1_pc3",516.164127733295,"sampled_pixels",10000,1,1323.64490601082,10029.6042953613,3276.30597900002,"sampled_pixels",10000
"1019",28560,FALSE,"all_pixels",8.11593288797122,7.52765615108788,3.99718657644189,163.690615465294,"squared_euclidean_pc1_pc3",544.024240768978,"sampled_pixels",10000,1,871.532143138153,6393.35729215783,2220.42896994741,"sampled_pixels",10000
"102",23038,FALSE,"all_pixels",8.75584334114246,8.16055420286386,4.58399037894315,195.35369661705,"squared_euclidean_pc1_pc3",644.695573499964,"sampled_pixels",10000,1,1250.30057450473,10185.506801261,3059.69923209223,"sampled_pixels",10000
"1020",28330,FALSE,"all_pixels",6.60033333836347,6.13205490371214,3.46905833940648,111.196682294843,"squared_euclidean_pc1_pc3",462.067542965859,"sampled_pixels",10000,1,719.686504634277,4283.05000669193,1770.00480147295,"sampled_pixels",10000
"1021",26283,FALSE,"all_pixels",6.80904979998587,6.32209765129089,3.60178812640818,118.671086603727,"squared_euclidean_pc1_pc3",491.589761792327,"sampled_pixels",10000,1,1174.73298661248,8485.62090338702,2905.66879036437,"sampled_pixels",10000
"1022",28316,FALSE,"all_pixels",7.23871318018595,6.59275526829397,4.00168702195901,136.823803996848,"squared_euclidean_pc1_pc3",582.068077657208,"sampled_pixels",10000,1,1026.15863549193,7116.22711915562,2475.58491876955,"sampled_pixels",10000
"1023",32107,FALSE,"all_pixels",7.75131613233614,7.07807342683703,3.940763830591,151.224075337227,"squared_euclidean_pc1_pc3",642.047295731079,"sampled_pixels",10000,1,963.507697596925,7292.59823869452,2435.40471308817,"sampled_pixels",10000
"1024",27618,FALSE,"all_pixels",8.03199663881426,7.24521160584572,4.46841854280578,168.958022635246,"squared_euclidean_pc1_pc3",782.969028702719,"sampled_pixels",10000,1,1349.82406103716,12098.2964543587,3340.13271036949,"sampled_pixels",10000
"103",26936,FALSE,"all_pixels",8.25007938730896,7.47132828458701,4.56014026141409,177.715834180015,"squared_euclidean_pc1_pc3",654.290818170579,"sampled_pixels",10000,1,1184.03605477771,9916.38951175377,2896.36285678946,"sampled_pixels",10000
"104",26345,FALSE,"all_pixels",7.40193807165592,6.70192679067769,4.02087095860887,141.910953604549,"squared_euclidean_pc1_pc3",568.936434360817,"sampled_pixels",10000,1,989.367778664872,11839.1669225921,3323.35823791147,"sampled_pixels",10000
"105",28521,FALSE,"all_pixels",9.43034964032374,8.83884486042159,4.68521307719121,221.763892532496,"squared_euclidean_pc1_pc3",851.048973669502,"sampled_pixels",10000,1,1568.90346426431,15302.2909079166,4230.56369659684,"sampled_pixels",10000
"106",26848,FALSE,"all_pixels",9.76379058368634,9.22962876199442,4.88436198121746,238.375419861781,"squared_euclidean_pc1_pc3",892.525708710875,"sampled_pixels",10000,1,1704.66965045537,14632.725707429,4117.64595136855,"sampled_pixels",10000
"107",28007,FALSE,"all_pixels",7.89126529970464,7.16736089401911,4.37616289828673,162.844371912813,"squared_euclidean_pc1_pc3",633.527832530609,"sampled_pixels",10000,1,1168.5478632835,11557.4758420051,3308.35692264383,"sampled_pixels",10000
"108",31352,FALSE,"all_pixels",7.00128043318909,6.41729612293245,3.80286175513652,126.958447924366,"squared_euclidean_pc1_pc3",475.348012563503,"sampled_pixels",10000,1,935.464630415136,7094.25491835591,2500.37102970147,"sampled_pixels",10000
"109",33711,FALSE,"all_pixels",8.07665032523518,7.10405304696011,4.88540559484041,178.197520616315,"squared_euclidean_pc1_pc3",737.327328722768,"sampled_pixels",10000,1,1818.12782061231,13894.35438263,4493.13045976565,"sampled_pixels",10000
"11",28153,FALSE,"all_pixels",6.24791867738337,5.56830705686781,3.62517841983641,104.355879142713,"squared_euclidean_pc1_pc3",489.814144032028,"sampled_pixels",10000,1,961.848429934372,5831.81590101172,2364.27919019963,"sampled_pixels",10000
"110",29777,FALSE,"all_pixels",13.1267791762305,10.8974481239291,9.19499668502795,513.714912415462,"squared_euclidean_pc1_pc3",1314.79284750421,"sampled_pixels",10000,1,4262.08300430074,44375.0879629036,10698.5894933678,"sampled_pixels",10000
"1100",24829,FALSE,"all_pixels",7.37283327931321,6.69424540853156,4.18485026508166,143.741873924567,"squared_euclidean_pc1_pc3",518.688521066439,"sampled_pixels",10000,1,1603.38282980896,10923.758789833,3694.71254793042,"sampled_pixels",10000
"1101",27983,FALSE,"all_pixels",6.97504729998177,6.24152593726189,4.00288162076025,129.34754701393,"squared_euclidean_pc1_pc3",518.115414591578,"sampled_pixels",10000,1,927.19755709092,7475.2262189412,2547.35824011187,"sampled_pixels",10000
"1102",31709,FALSE,"all_pixels",8.42086258342371,7.84923800111142,4.41863596890586,180.869309479057,"squared_euclidean_pc1_pc3",643.174391650846,"sampled_pixels",10000,1,1332.41075251644,11137.2499150899,3223.89633189101,"sampled_pixels",10000
"1103",34666,FALSE,"all_pixels",10.2113905638378,8.21161713157286,7.38533028083492,317.628054430489,"squared_euclidean_pc1_pc3",995.652368057614,"sampled_pixels",10000,1,2117.52770172035,18213.8199427506,5239.38054021953,"sampled_pixels",10000
"1104",36244,FALSE,"all_pixels",6.99071597860866,6.02158774651364,4.53945685142907,138.952419691269,"squared_euclidean_pc1_pc3",659.187032609775,"sampled_pixels",10000,1,1766.68495034886,16325.5361469958,4701.89146237057,"sampled_pixels",10000
"1105",31412,FALSE,"all_pixels",7.92756918915874,7.26533819570102,4.3858583511224,164.162988710844,"squared_euclidean_pc1_pc3",718.781451763204,"sampled_pixels",10000,1,1689.06552452086,13412.2207488494,3932.84484449519,"sampled_pixels",10000
"1106",25201,FALSE,"all_pixels",7.62379292908973,6.91381627150488,4.26849246361947,152.683047098648,"squared_euclidean_pc1_pc3",587.636713570182,"sampled_pixels",10000,1,928.887883607041,7808.47100229815,2599.87151731028,"sampled_pixels",10000
"1107",32064,FALSE,"all_pixels",8.85271323235172,8.11950287380965,4.63095217839209,199.631161623603,"squared_euclidean_pc1_pc3",795.232125442888,"sampled_pixels",10000,1,1523.6832693506,15650.3716154488,4123.23088619154,"sampled_pixels",10000
"1108",27805,FALSE,"all_pixels",10.5435225472061,9.00884837371768,7.58512556699072,337.395856739204,"squared_euclidean_pc1_pc3",990.530615927602,"sampled_pixels",10000,1,3327.69801948303,34360.3307185123,7778.37417439152,"sampled_pixels",10000
"1109",23902,FALSE,"all_pixels",9.19642055538001,8.49273696674835,4.63009896732209,212.0221411478,"squared_euclidean_pc1_pc3",751.595559599686,"sampled_pixels",10000,1,1535.26690688375,18441.2783576652,4347.06779174328,"sampled_pixels",10000
"111",24869,FALSE,"all_pixels",8.00068192357729,7.07265169612716,4.6967907016115,172.139734190371,"squared_euclidean_pc1_pc3",738.947014590242,"sampled_pixels",10000,1,1710.55069586007,11016.8177195029,3555.53856432432,"sampled_pixels",10000
"1110",NA,TRUE,"manual_excluded",NA,NA,NA,NA,"squared_euclidean_pc1_pc3",NA,"manual_excluded",NA,1,NA,NA,NA,"manual_excluded",NA
"1111",NA,TRUE,"manual_excluded",NA,NA,NA,NA,"squared_euclidean_pc1_pc3",NA,"manual_excluded",NA,1,NA,NA,NA,"manual_excluded",NA
"1112",NA,TRUE,"manual_excluded",NA,NA,NA,NA,"squared_euclidean_pc1_pc3",NA,"manual_excluded",NA,1,NA,NA,NA,"manual_excluded",NA
"1113",NA,TRUE,"manual_excluded",NA,NA,NA,NA,"squared_euclidean_pc1_pc3",NA,"manual_excluded",NA,1,NA,NA,NA,"manual_excluded",NA
"1114",NA,TRUE,"manual_excluded",NA,NA,NA,NA,"squared_euclidean_pc1_pc3",NA,"manual_excluded",NA,1,NA,NA,NA,"manual_excluded",NA
"1115",NA,TRUE,"manual_excluded",NA,NA,NA,NA,"squared_euclidean_pc1_pc3",NA,"manual_excluded",NA,1,NA,NA,NA,"manual_excluded",NA
"1116",9351,FALSE,"all_pixels",4.55734256276902,4.06653264521433,2.49444453073855,53.9819186817298,"squared_euclidean_pc1_pc3",307.665615915598,"all_pixels",9291,1,501.845700050506,2270.95146660822,1178.22761861127,"all_pixels",9291
"1117",14662,FALSE,"all_pixels",6.93271380372701,6.46734914024713,3.54970891294472,121.324189314252,"squared_euclidean_pc1_pc3",520.261746299226,"sampled_pixels",10000,1,771.852863491336,5521.76915288648,2000.01275927914,"sampled_pixels",10000
"1118",20710,FALSE,"all_pixels",4.81884688628987,4.31912037074779,2.74107624110827,61.4688429547464,"squared_euclidean_pc1_pc3",266.934774227165,"sampled_pixels",10000,1,688.646548086394,3524.54754911925,1510.45601548057,"sampled_pixels",10000
"1119",NA,TRUE,"manual_excluded",NA,NA,NA,NA,"squared_euclidean_pc1_pc3",NA,"manual_excluded",NA,1,NA,NA,NA,"manual_excluded",NA
"112",28940,FALSE,"all_pixels",7.69722585590057,6.3806762005419,5.88414656587156,187.738540614702,"squared_euclidean_pc1_pc3",694.934881682027,"sampled_pixels",10000,1,2953.31194209423,19048.5441375734,6565.61604630108,"sampled_pixels",10000
"1120",NA,TRUE,"manual_excluded",NA,NA,NA,NA,"squared_euclidean_pc1_pc3",NA,"manual_excluded",NA,1,NA,NA,NA,"manual_excluded",NA
"1121",26643,FALSE,"all_pixels",7.37436629990751,6.94786640012887,3.71400503541906,136.349188000186,"squared_euclidean_pc1_pc3",600.664229330034,"sampled_pixels",10000,1,1018.22990243462,6868.88733607546,2557.49658994301,"sampled_pixels",10000
"1122",27944,FALSE,"all_pixels",7.8907471555245,7.38269278100594,4.07571835921132,157.74955271994,"squared_euclidean_pc1_pc3",718.502389713978,"sampled_pixels",10000,1,1253.26508168627,9016.54006537029,2933.35445917021,"sampled_pixels",10000
"1123",28010,FALSE,"all_pixels",9.27045132860265,8.85549581119304,4.58810125016881,213.982378752892,"squared_euclidean_pc1_pc3",689.906370789693,"sampled_pixels",10000,1,1439.02345160255,10930.9079132965,3440.31117341107,"sampled_pixels",10000
"1124",31265,FALSE,"all_pixels",8.04537132659131,7.34930678459641,4.34755283187412,167.257221719915,"squared_euclidean_pc1_pc3",549.56303856158,"sampled_pixels",10000,1,1603.63725358164,12008.9401396915,3598.89381029357,"sampled_pixels",10000
"113",28718,FALSE,"all_pixels",6.4377593963187,5.83426169913238,3.69572876887295,110.205363146853,"squared_euclidean_pc1_pc3",439.966340743528,"sampled_pixels",10000,1,1301.80526800392,6519.89644972902,2675.18005376281,"sampled_pixels",10000
"114",30338,FALSE,"all_pixels",8.15303231714488,7.39800680544096,4.61285296364773,175.499294100843,"squared_euclidean_pc1_pc3",713.407536561187,"sampled_pixels",10000,1,1679.73314891878,15208.0441218217,4249.71507566392,"sampled_pixels",10000
"115",33545,FALSE,"all_pixels",7.48183558818367,6.76868808710266,4.02757739891025,144.397519804215,"squared_euclidean_pc1_pc3",580.789135096068,"sampled_pixels",10000,1,1150.29421404005,7648.87846594293,2653.14698224825,"sampled_pixels",10000
"116",34027,FALSE,"all_pixels",6.58982045945022,5.87211177057129,3.72960471555445,114.670552460975,"squared_euclidean_pc1_pc3",558.8197059905,"sampled_pixels",10000,1,1064.58443554189,6661.58691232886,2478.60145998656,"sampled_pixels",10000
"117",34434,FALSE,"all_pixels",8.70815493436603,7.56029930580274,5.99893751009535,223.636337005767,"squared_euclidean_pc1_pc3",776.271509109567,"sampled_pixels",10000,1,2449.20841376771,19082.3867477493,5326.99293941483,"sampled_pixels",10000
"118",33225,FALSE,"all_pixels",8.14555226195088,7.41675580550618,4.31682462716756,169.968871283627,"squared_euclidean_pc1_pc3",715.240608214371,"sampled_pixels",10000,1,1599.5655903787,10723.4707341803,3454.01078032263,"sampled_pixels",10000
"119",30742,FALSE,"all_pixels",8.38364969330194,7.626691877,4.60235524130597,182.933133866006,"squared_euclidean_pc1_pc3",680.39115856637,"sampled_pixels",10000,1,1400.55547051974,11479.6289330871,3338.08305948775,"sampled_pixels",10000
"12",28784,FALSE,"all_pixels",7.45602548706299,6.88008507859342,4.06558972846802,144.241523321267,"squared_euclidean_pc1_pc3",580.192897813648,"sampled_pixels",10000,1,1535.44834039558,8834.04091822104,3671.80905590664,"sampled_pixels",10000
"120",28335,FALSE,"all_pixels",8.41606826702263,7.77553847139538,4.37521288696134,179.944034607882,"squared_euclidean_pc1_pc3",617.320971091578,"sampled_pixels",10000,1,1125.02271556837,7751.99788089217,2615.02451875466,"sampled_pixels",10000
"1200",24011,FALSE,"all_pixels",7.35385699503528,6.84871288348197,3.85789004781243,137.923816940777,"squared_euclidean_pc1_pc3",551.640165360747,"sampled_pixels",10000,1,1109.03849690428,7535.95068780525,2612.49716190435,"sampled_pixels",10000
"1201",24803,FALSE,"all_pixels",8.06498564568814,7.40721702176519,4.20337381956503,165.423265169609,"squared_euclidean_pc1_pc3",595.509686253289,"sampled_pixels",10000,1,1118.10483831191,8656.64637494592,2905.8443441529,"sampled_pixels",10000
"1202",28432,FALSE,"all_pixels",6.84690709401776,6.22567015614333,3.83510752491673,123.175338351178,"squared_euclidean_pc1_pc3",589.36234017584,"sampled_pixels",10000,1,1279.77201479899,9989.7653155017,3116.01792741796,"sampled_pixels",10000
"1203",30593,FALSE,"all_pixels",8.19613770025731,7.72785666765008,4.01542989875646,166.599646870569,"squared_euclidean_pc1_pc3",664.650166198374,"sampled_pixels",10000,1,1183.58136830884,8505.5807343417,2801.54701232856,"sampled_pixels",10000
"1204",34676,FALSE,"all_pixels",8.95225710556557,7.25574634894377,7.19880473662579,263.928404868828,"squared_euclidean_pc1_pc3",820.952878893643,"sampled_pixels",10000,1,2668.55710170185,24082.0772603744,6602.96495743891,"sampled_pixels",10000
"1205",32294,FALSE,"all_pixels",7.84758347087041,6.74986889891214,5.02103596198937,173.589175597328,"squared_euclidean_pc1_pc3",642.819870003884,"sampled_pixels",10000,1,1949.09215866934,18143.4988621831,4845.96762328679,"sampled_pixels",10000
"1206",23046,FALSE,"all_pixels",7.17697674872636,6.6449073065491,3.83573474018102,132.442435672015,"squared_euclidean_pc1_pc3",532.513902641332,"sampled_pixels",10000,1,1352.72104410383,9347.38354781449,2983.44564059392,"sampled_pixels",10000
"1207",29097,FALSE,"all_pixels",7.4676903693916,6.8148830268818,4.00544594511364,143.618890578246,"squared_euclidean_pc1_pc3",544.998707352596,"sampled_pixels",10000,1,911.09919303303,7485.01468733562,2378.56143438026,"sampled_pixels",10000
"1208",25677,FALSE,"all_pixels",10.694830761764,9.10083317790277,8.0613584514017,358.724748442173,"squared_euclidean_pc1_pc3",978.774074882423,"sampled_pixels",10000,1,3056.43972643165,32571.7793177464,7841.02427740065,"sampled_pixels",10000
"1209",31381,FALSE,"all_pixels",8.2364385635789,7.55974842643869,4.57098953835078,177.464399512335,"squared_euclidean_pc1_pc3",773.466693526311,"sampled_pixels",10000,1,2016.21705856684,29210.0436846051,6383.02299712132,"sampled_pixels",10000
"121",31664,FALSE,"all_pixels",7.76769181876564,6.94681165756441,4.19669277873019,155.897420495664,"squared_euclidean_pc1_pc3",560.168750962162,"sampled_pixels",10000,1,1393.47126352343,8074.34409579373,2699.16402248794,"sampled_pixels",10000
"1210",24607,FALSE,"all_pixels",7.59145332648698,7.0628333129401,4.12512232503127,149.292212536766,"squared_euclidean_pc1_pc3",568.716431011806,"sampled_pixels",10000,1,1301.00134519585,10544.4023732381,3167.10460313388,"sampled_pixels",10000
"1211",NA,TRUE,"manual_excluded",NA,NA,NA,NA,"squared_euclidean_pc1_pc3",NA,"manual_excluded",NA,1,NA,NA,NA,"manual_excluded",NA
"1212",NA,TRUE,"manual_excluded",NA,NA,NA,NA,"squared_euclidean_pc1_pc3",NA,"manual_excluded",NA,1,NA,NA,NA,"manual_excluded",NA
"1213",NA,TRUE,"manual_excluded",NA,NA,NA,NA,"squared_euclidean_pc1_pc3",NA,"manual_excluded",NA,1,NA,NA,NA,"manual_excluded",NA
"1214",NA,TRUE,"manual_excluded",NA,NA,NA,NA,"squared_euclidean_pc1_pc3",NA,"manual_excluded",NA,1,NA,NA,NA,"manual_excluded",NA
"1215",NA,TRUE,"manual_excluded",NA,NA,NA,NA,"squared_euclidean_pc1_pc3",NA,"manual_excluded",NA,1,NA,NA,NA,"manual_excluded",NA
"1216",NA,TRUE,"manual_excluded",NA,NA,NA,NA,"squared_euclidean_pc1_pc3",NA,"manual_excluded",NA,1,NA,NA,NA,"manual_excluded",NA
"1217",9606,FALSE,"all_pixels",4.62692489554161,4.22158540247496,2.54693047559551,55.7892270890216,"squared_euclidean_pc1_pc3",328.702935684324,"all_pixels",9525,1,495.101132166427,2396.23791190023,1213.71534437231,"all_pixels",9525
"1218",13792,FALSE,"all_pixels",5.33786240761305,4.92828819689391,2.73431736826203,71.9374489279786,"squared_euclidean_pc1_pc3",259.883723100677,"sampled_pixels",10000,1,382.453811267228,2013.42543555186,1043.39869677398,"sampled_pixels",10000
"1219",NA,TRUE,"manual_excluded",NA,NA,NA,NA,"squared_euclidean_pc1_pc3",NA,"manual_excluded",NA,1,NA,NA,NA,"manual_excluded",NA
"122",30654,FALSE,"all_pixels",7.7067715361734,6.97015873345006,4.1621274165525,153.434134037203,"squared_euclidean_pc1_pc3",507.777843308615,"sampled_pixels",10000,1,1503.1168642134,12419.8067195417,3733.34912442647,"sampled_pixels",10000
"1220",NA,TRUE,"manual_excluded",NA,NA,NA,NA,"squared_euclidean_pc1_pc3",NA,"manual_excluded",NA,1,NA,NA,NA,"manual_excluded",NA
"1221",NA,TRUE,"manual_excluded",NA,NA,NA,NA,"squared_euclidean_pc1_pc3",NA,"manual_excluded",NA,1,NA,NA,NA,"manual_excluded",NA
"1222",26039,FALSE,"all_pixels",7.7472910589207,7.00182496165782,4.16691785674495,154.766112722321,"squared_euclidean_pc1_pc3",621.085514782094,"sampled_pixels",10000,1,1105.51707769789,8125.48369206006,2670.49409573128,"sampled_pixels",10000
"1223",28841,FALSE,"all_pixels",7.89234926396378,7.41430180031383,3.73753999126637,152.515795476775,"squared_euclidean_pc1_pc3",547.030242964364,"sampled_pixels",10000,1,1099.65922552905,7970.29696366959,2524.36465245409,"sampled_pixels",10000
"1224",27824,FALSE,"all_pixels",7.71238885133019,7.07191117767441,3.93020527374589,149.853800274374,"squared_euclidean_pc1_pc3",557.917895537932,"sampled_pixels",10000,1,1315.1714784982,7572.28784106985,2624.94422095294,"sampled_pixels",10000
"123",29321,FALSE,"all_pixels",8.71631703255455,7.71396613005899,4.94135275861688,200.780633900708,"squared_euclidean_pc1_pc3",761.464644831649,"sampled_pixels",10000,1,1778.2513359936,15230.2135160687,4077.08368866776,"sampled_pixels",10000
"124",27623,FALSE,"all_pixels",7.8773029886324,7.25837794965581,4.25632516368699,160.335100864928,"squared_euclidean_pc1_pc3",661.152835073116,"sampled_pixels",10000,1,1999.18877448831,13268.8097527646,4131.10628714953,"sampled_pixels",10000
"13",30565,FALSE,"all_pixels",7.58073069864909,6.88519944717765,4.40742155864249,153.784414356513,"squared_euclidean_pc1_pc3",571.581851023507,"sampled_pixels",10000,1,1411.71414359478,14641.2322853215,4931.91825401783,"sampled_pixels",10000
"1300",26756,FALSE,"all_pixels",7.31447206093777,6.74764608041829,3.88819459881945,137.237987468493,"squared_euclidean_pc1_pc3",544.514489216269,"sampled_pixels",10000,1,1185.43797030472,8634.72571174964,2687.98913428073,"sampled_pixels",10000
"1301",26391,FALSE,"all_pixels",7.93514262118228,7.14401093696722,4.81703523900436,172.338875359355,"squared_euclidean_pc1_pc3",744.595138784893,"sampled_pixels",10000,1,1528.5732056278,11827.1137721237,3618.48341165083,"sampled_pixels",10000
"1302",27236,FALSE,"all_pixels",6.69047874876652,6.10470655547536,3.69340954846454,116.806558251703,"squared_euclidean_pc1_pc3",527.240352586237,"sampled_pixels",10000,1,988.588246176274,9724.58835678307,2897.41230890816,"sampled_pixels",10000
"1303",27168,FALSE,"all_pixels",7.07515915819652,6.18692155269968,4.39884483664045,138.814001563417,"squared_euclidean_pc1_pc3",439.134910496234,"sampled_pixels",10000,1,938.773750075878,5137.12511765529,2264.28087130134,"sampled_pixels",10000
"1304",29512,FALSE,"all_pixels",6.44928463683109,5.85847804997883,3.54250961715585,108.284442969921,"squared_euclidean_pc1_pc3",457.167383969252,"sampled_pixels",10000,1,894.057380480954,5331.77342163106,2146.29265283644,"sampled_pixels",10000
"1305",30960,FALSE,"all_pixels",7.02427377590981,6.49966908736055,3.62591264032202,124.974479803293,"squared_euclidean_pc1_pc3",543.931582978259,"sampled_pixels",10000,1,982.23108444519,7441.23902383151,2383.37144565734,"sampled_pixels",10000
"1306",22691,FALSE,"all_pixels",6.04663512566123,5.47963509541015,3.22606718497684,93.9376943248443,"squared_euclidean_pc1_pc3",417.643422369489,"sampled_pixels",10000,1,781.093971668544,4914.67736316795,1977.60060624794,"sampled_pixels",10000
"1307",24320,FALSE,"all_pixels",6.74130954600438,6.24800390054411,3.51151040570371,115.550905410563,"squared_euclidean_pc1_pc3",440.748582661817,"sampled_pixels",10000,1,791.310606385112,5678.33307968354,2020.17933323377,"sampled_pixels",10000
"1308",25788,FALSE,"all_pixels",7.39442913571574,6.87730026719739,3.83712062358525,138.801011958843,"squared_euclidean_pc1_pc3",517.904473038094,"sampled_pixels",10000,1,1091.66779249053,9011.47338935168,2660.13013159236,"sampled_pixels",10000
"1309",26210,FALSE,"all_pixels",7.74133434257057,7.30785483596862,3.90658456584402,150.378156198997,"squared_euclidean_pc1_pc3",666.512463281322,"sampled_pixels",10000,1,1282.23925878265,11161.9789906648,3059.491498324,"sampled_pixels",10000
"1310",30955,FALSE,"all_pixels",8.6211196045942,7.88712568555354,4.57604342317404,190.526400352106,"squared_euclidean_pc1_pc3",633.199055995967,"sampled_pixels",10000,1,1601.00666822877,16427.1760717013,4245.72110075535,"sampled_pixels",10000
"1311",27205,FALSE,"all_pixels",7.18368699549031,6.424350355436,4.13562445497929,137.416239592554,"squared_euclidean_pc1_pc3",568.352271496376,"sampled_pixels",10000,1,871.612083006476,6561.04282871666,2268.57244470862,"sampled_pixels",10000
"1312",24622,FALSE,"all_pixels",7.47148158197254,6.83895998406869,4.12182491291908,145.623575263861,"squared_euclidean_pc1_pc3",505.98959223726,"sampled_pixels",10000,1,1023.17646809228,7664.0956987662,2648.61808453122,"sampled_pixels",10000
"1313",NA,TRUE,"manual_excluded",NA,NA,NA,NA,"squared_euclidean_pc1_pc3",NA,"manual_excluded",NA,1,NA,NA,NA,"manual_excluded",NA
"1314",NA,TRUE,"manual_excluded",NA,NA,NA,NA,"squared_euclidean_pc1_pc3",NA,"manual_excluded",NA,1,NA,NA,NA,"manual_excluded",NA
"1315",NA,TRUE,"manual_excluded",NA,NA,NA,NA,"squared_euclidean_pc1_pc3",NA,"manual_excluded",NA,1,NA,NA,NA,"manual_excluded",NA
"1316",NA,TRUE,"manual_excluded",NA,NA,NA,NA,"squared_euclidean_pc1_pc3",NA,"manual_excluded",NA,1,NA,NA,NA,"manual_excluded",NA
"1317",NA,TRUE,"manual_excluded",NA,NA,NA,NA,"squared_euclidean_pc1_pc3",NA,"manual_excluded",NA,1,NA,NA,NA,"manual_excluded",NA
"1318",NA,TRUE,"manual_excluded",NA,NA,NA,NA,"squared_euclidean_pc1_pc3",NA,"manual_excluded",NA,1,NA,NA,NA,"manual_excluded",NA
"1321",NA,TRUE,"manual_excluded",NA,NA,NA,NA,"squared_euclidean_pc1_pc3",NA,"manual_excluded",NA,1,NA,NA,NA,"manual_excluded",NA
"1322",NA,TRUE,"manual_excluded",NA,NA,NA,NA,"squared_euclidean_pc1_pc3",NA,"manual_excluded",NA,1,NA,NA,NA,"manual_excluded",NA
"1323",28343,FALSE,"all_pixels",7.20807539158806,6.57027244311881,3.76867768611249,132.317562487302,"squared_euclidean_pc1_pc3",589.141545966184,"sampled_pixels",10000,1,948.501696914616,7956.66879323651,2647.51322584702,"sampled_pixels",10000
"1324",26507,FALSE,"all_pixels",7.36859549326159,7.08137420960807,3.44926384159115,132.386343503,"squared_euclidean_pc1_pc3",572.610269044657,"sampled_pixels",10000,1,902.705336476536,7113.48987823625,2524.97118337833,"sampled_pixels",10000
"14",29920,FALSE,"all_pixels",8.1866506414133,7.53492331711017,4.55597581637218,175.554941233481,"squared_euclidean_pc1_pc3",657.017031826287,"sampled_pixels",10000,1,1762.34024763491,14138.7278472698,4105.3387186131,"sampled_pixels",10000
"1400",25728,FALSE,"all_pixels",7.78013971884908,7.14826019863978,4.21947301476952,156.66766912064,"squared_euclidean_pc1_pc3",599.750358828624,"sampled_pixels",10000,1,1133.75453026445,7588.52800421838,2552.00484388748,"sampled_pixels",10000
"1401",20492,FALSE,"all_pixels",7.59056990507022,6.91542782301936,4.05325398133877,148.089635199885,"squared_euclidean_pc1_pc3",646.550126295312,"sampled_pixels",10000,1,1333.01965345402,12873.2822733453,3617.51273867252,"sampled_pixels",10000
"1402",27061,FALSE,"all_pixels",7.03857597898291,6.53265730596793,3.67877247237169,126.148837218905,"squared_euclidean_pc1_pc3",550.471332025936,"sampled_pixels",10000,1,1377.76528585646,8596.01285540916,3178.69744874934,"sampled_pixels",10000
"1403",26920,FALSE,"all_pixels",6.47020624283147,6.03840456375425,3.44319119724348,107.437388091277,"squared_euclidean_pc1_pc3",441.545161479366,"sampled_pixels",10000,1,741.882546019945,4741.50929001371,1881.94865952152,"sampled_pixels",10000
"1404",26844,FALSE,"all_pixels",7.12276037345337,6.57420791763438,3.89036962721119,131.736254723445,"squared_euclidean_pc1_pc3",557.689700611116,"sampled_pixels",10000,1,970.747563148653,7482.77769855297,2532.64253034718,"sampled_pixels",10000
"1405",28265,FALSE,"all_pixels",7.46718730244939,6.90171451470124,3.8957739124347,141.870807261829,"squared_euclidean_pc1_pc3",626.341118993984,"sampled_pixels",10000,1,1189.73159983928,9300.82198394282,2834.29285772216,"sampled_pixels",10000
"1406",20917,FALSE,"all_pixels",7.86593158448053,7.0260609935882,4.31640145906429,161.006621042525,"squared_euclidean_pc1_pc3",639.965345386633,"sampled_pixels",10000,1,1359.60737925766,11746.0985601585,3545.63386401606,"sampled_pixels",10000
"1407",24811,FALSE,"all_pixels",7.93006071696234,7.3646025416865,4.22345411906289,161.445417465562,"squared_euclidean_pc1_pc3",607.160220115871,"sampled_pixels",10000,1,1006.73129164148,7799.5691246434,2676.85658222727,"sampled_pixels",10000
"1408",25549,FALSE,"all_pixels",7.1752352217214,6.60872487313001,3.95121114459738,134.190917864806,"squared_euclidean_pc1_pc3",514.644264937653,"sampled_pixels",10000,1,1556.42229225868,11630.8823145136,3620.01803504374,"sampled_pixels",10000
"1409",22947,FALSE,"all_pixels",7.78467545919031,7.14730844396042,4.15585819317559,155.743153344888,"squared_euclidean_pc1_pc3",597.565852196307,"sampled_pixels",10000,1,1382.2476762072,13768.6058208533,3754.13432531507,"sampled_pixels",10000
"1410",30336,FALSE,"all_pixels",7.15774410381524,6.56027521198022,3.89186880285062,132.758888276652,"squared_euclidean_pc1_pc3",506.272288238193,"sampled_pixels",10000,1,1002.87512279551,9232.28550807016,2691.84263072356,"sampled_pixels",10000
"1411",27941,FALSE,"all_pixels",7.89101120028568,7.36612492542806,3.90080052377403,154.96751580896,"squared_euclidean_pc1_pc3",662.084108882309,"sampled_pixels",10000,1,1190.65722727239,12496.807302633,3285.18634136483,"sampled_pixels",10000
"1412",24144,FALSE,"all_pixels",7.55539106224835,7.0122991948109,3.9477726151644,145.336394452682,"squared_euclidean_pc1_pc3",590.372179391771,"sampled_pixels",10000,1,1179.08448675665,10367.6315768402,3054.02422344756,"sampled_pixels",10000
"1413",27129,FALSE,"all_pixels",7.83713936973429,7.22088472980432,4.26871830040152,159.284075501389,"squared_euclidean_pc1_pc3",677.158863307677,"sampled_pixels",10000,1,1499.64399416077,11386.6365099263,3635.09862743233,"sampled_pixels",10000
"1414",NA,TRUE,"manual_excluded",NA,NA,NA,NA,"squared_euclidean_pc1_pc3",NA,"manual_excluded",NA,1,NA,NA,NA,"manual_excluded",NA
"1415",30855,FALSE,"all_pixels",8.58359855192583,7.86857386255647,4.57322559441209,189.183757219409,"squared_euclidean_pc1_pc3",758.642287223347,"sampled_pixels",10000,1,1425.89712449834,12441.9794633368,3500.37425369268,"sampled_pixels",10000
"1416",32688,FALSE,"all_pixels",8.85561476954967,7.8232891506898,5.16022711560211,210.098084444224,"squared_euclidean_pc1_pc3",888.825184936639,"sampled_pixels",10000,1,2093.14431987721,18330.3617164928,5045.22931631475,"sampled_pixels",10000
"1417",32884,FALSE,"all_pixels",9.19643494932952,8.08027592586244,5.27482087578805,224.794609862348,"squared_euclidean_pc1_pc3",879.809788092451,"sampled_pixels",10000,1,1902.37126594956,14623.7072811572,4202.73059454589,"sampled_pixels",10000
"1418",NA,TRUE,"manual_excluded",NA,NA,NA,NA,"squared_euclidean_pc1_pc3",NA,"manual_excluded",NA,1,NA,NA,NA,"manual_excluded",NA
"1419",NA,TRUE,"manual_excluded",NA,NA,NA,NA,"squared_euclidean_pc1_pc3",NA,"manual_excluded",NA,1,NA,NA,NA,"manual_excluded",NA
"1422",NA,TRUE,"manual_excluded",NA,NA,NA,NA,"squared_euclidean_pc1_pc3",NA,"manual_excluded",NA,1,NA,NA,NA,"manual_excluded",NA
"1423",NA,TRUE,"manual_excluded",NA,NA,NA,NA,"squared_euclidean_pc1_pc3",NA,"manual_excluded",NA,1,NA,NA,NA,"manual_excluded",NA
"1424",NA,TRUE,"manual_excluded",NA,NA,NA,NA,"squared_euclidean_pc1_pc3",NA,"manual_excluded",NA,1,NA,NA,NA,"manual_excluded",NA
"15",33502,FALSE,"all_pixels",9.1107218170147,8.14368058589127,5.68731087539398,230.69958308116,"squared_euclidean_pc1_pc3",767.685289777047,"sampled_pixels",10000,1,3501.32875171513,38281.2378709243,9947.59037640231,"sampled_pixels",10000
"1500",28359,FALSE,"all_pixels",9.50721764161563,8.46443138929928,5.8048350169298,248.164217321468,"squared_euclidean_pc1_pc3",744.381225305836,"sampled_pixels",10000,1,1761.88832943529,18924.7349886711,4760.17269282168,"sampled_pixels",10000
"1501",28645,FALSE,"all_pixels",7.44834431027718,7.01868699361387,4.01625300621502,143.215116128582,"squared_euclidean_pc1_pc3",587.810076681247,"sampled_pixels",10000,1,1287.34530914514,11369.3792842081,3412.39041268302,"sampled_pixels",10000
"1502",24790,FALSE,"all_pixels",7.53851081181496,6.83849036526114,4.10387194819151,147.340461699271,"squared_euclidean_pc1_pc3",542.825680291761,"sampled_pixels",10000,1,979.121981313087,6936.36476003997,2410.06858154418,"sampled_pixels",10000
"1503",30454,FALSE,"all_pixels",6.4969003662943,5.76987860635473,3.88228904903602,114.562775427877,"squared_euclidean_pc1_pc3",526.656705008786,"sampled_pixels",10000,1,1265.13882961556,9651.56987380165,3062.58279317887,"sampled_pixels",10000
"1504",30522,FALSE,"all_pixels",7.22506292417661,6.4498936269691,4.22693689348354,140.135888757829,"squared_euclidean_pc1_pc3",611.963354059149,"sampled_pixels",10000,1,1018.83624258302,7811.80995766738,2609.31563104869,"sampled_pixels",10000
"1505",28647,FALSE,"all_pixels",7.46669098484415,6.74751388539833,4.118918430845,145.432742154856,"squared_euclidean_pc1_pc3",649.140732608736,"sampled_pixels",10000,1,1354.98113847431,11472.3133240741,3416.19850814245,"sampled_pixels",10000
"1506",25689,FALSE,"all_pixels",7.36599599333226,6.55073855362362,4.50841580288212,149.165837598279,"squared_euclidean_pc1_pc3",575.008254728947,"sampled_pixels",10000,1,1957.56870458222,13155.6341318737,4459.02889715808,"sampled_pixels",10000
"1507",26059,FALSE,"all_pixels",7.4724626991004,6.62674797997644,4.64660538509719,154.85562370716,"squared_euclidean_pc1_pc3",652.459976593509,"sampled_pixels",10000,1,1678.23390364553,11320.1125086924,3937.4549246147,"sampled_pixels",10000
"1508",27892,FALSE,"all_pixels",10.3075612871028,8.69390023363463,6.96256106532572,309.442676482663,"squared_euclidean_pc1_pc3",1004.51626516141,"sampled_pixels",10000,1,2214.39457393564,17761.7285512583,5317.05347258451,"sampled_pixels",10000
"1509",24656,FALSE,"all_pixels",11.6009509099102,11.1781842012968,5.47662897980942,329.148621038616,"squared_euclidean_pc1_pc3",922.213954857764,"sampled_pixels",10000,1,1940.17464392042,17927.0328090514,4529.71304962873,"sampled_pixels",10000
"1510",27016,FALSE,"all_pixels",8.46256470291661,7.79574393035586,4.45525595617611,182.927144524034,"squared_euclidean_pc1_pc3",601.457624138665,"sampled_pixels",10000,1,984.219237858154,9948.34818956121,2754.17414848607,"sampled_pixels",10000
"1511",27274,FALSE,"all_pixels",8.52224456111266,7.76779952542788,4.43334808679265,184.565013967905,"squared_euclidean_pc1_pc3",705.540527375349,"sampled_pixels",10000,1,1205.31953018963,15225.8221905223,3712.45027824071,"sampled_pixels",10000
"1512",30984,FALSE,"all_pixels",9.74309632516555,8.76987984397286,5.40396397424313,248.259620246496,"squared_euclidean_pc1_pc3",749.525181172251,"sampled_pixels",10000,1,1433.79617170663,12455.7968629502,3802.64353149355,"sampled_pixels",10000
"1513",30848,FALSE,"all_pixels",8.67234045960306,7.57128405095293,5.22759524480609,205.072710413418,"squared_euclidean_pc1_pc3",809.2394445839,"sampled_pixels",10000,1,2031.63767699016,18735.9554694357,5164.00903471766,"sampled_pixels",10000
"1514",29927,FALSE,"all_pixels",6.98513430389644,6.39694880712876,3.7818682791394,126.18830202077,"squared_euclidean_pc1_pc3",584.76926641847,"sampled_pixels",10000,1,1072.5972667349,9735.54342305364,2874.23401405279,"sampled_pixels",10000
"1515",25343,FALSE,"all_pixels",7.94050857493745,7.40450519538103,4.11215141602608,159.921596919805,"squared_euclidean_pc1_pc3",634.834055240556,"sampled_pixels",10000,1,1067.92932364066,8591.58458991141,2725.45782957978,"sampled_pixels",10000
"1516",30819,FALSE,"all_pixels",7.71125727528328,6.86808925224585,4.04938638357878,151.720973580001,"squared_euclidean_pc1_pc3",675.55912951559,"sampled_pixels",10000,1,1325.91297230303,9689.89657620452,3325.98549141807,"sampled_pixels",10000
"1517",35012,FALSE,"all_pixels",8.3929834465043,7.43812731580466,4.82550053928438,187.453923034452,"squared_euclidean_pc1_pc3",829.211672700439,"sampled_pixels",10000,1,1854.01229749106,13140.2484050365,4218.35381780221,"sampled_pixels",10000
"1518",35713,FALSE,"all_pixels",9.79809982474509,8.17402289891284,6.62177038212755,279.698750770975,"squared_euclidean_pc1_pc3",961.704496484111,"sampled_pixels",10000,1,2408.82903752411,19490.800552929,5789.97293552097,"sampled_pixels",10000
"1519",NA,TRUE,"manual_excluded",NA,NA,NA,NA,"squared_euclidean_pc1_pc3",NA,"manual_excluded",NA,1,NA,NA,NA,"manual_excluded",NA
"1520",NA,TRUE,"manual_excluded",NA,NA,NA,NA,"squared_euclidean_pc1_pc3",NA,"manual_excluded",NA,1,NA,NA,NA,"manual_excluded",NA
"16",35228,FALSE,"all_pixels",9.87754825254594,8.15718170868745,7.31561720494363,302.165390748237,"squared_euclidean_pc1_pc3",915.865679011714,"sampled_pixels",10000,1,3650.4452359981,26763.8563897153,8117.9527639604,"sampled_pixels",10000
"1600",34296,FALSE,"all_pixels",9.40903594605398,8.15956863667613,5.76260839972822,243.473289473227,"squared_euclidean_pc1_pc3",920.008632916055,"sampled_pixels",10000,1,2629.9167825537,27501.1285146528,6924.93630877726,"sampled_pixels",10000
"1601",32424,FALSE,"all_pixels",10.241519611665,9.34179458026927,5.81868769912285,277.489612592964,"squared_euclidean_pc1_pc3",919.068741556315,"sampled_pixels",10000,1,1964.05732144115,19945.6181255052,5040.34712445483,"sampled_pixels",10000
"1602",24316,FALSE,"all_pixels",7.34977674007724,6.73618807018543,3.93099344911533,138.94258426086,"squared_euclidean_pc1_pc3",631.48911797189,"sampled_pixels",10000,1,1210.16153691375,8064.16116382318,2918.11205879981,"sampled_pixels",10000
"1603",30699,FALSE,"all_pixels",7.6694415661288,7.10116285132238,4.29352916702727,154.508252312001,"squared_euclidean_pc1_pc3",658.365055640774,"sampled_pixels",10000,1,1416.82117266002,10026.1480330977,3397.72307640342,"sampled_pixels",10000
"1604",27484,FALSE,"all_pixels",6.7632131878701,6.13717423412513,3.7322248450597,119.340096192853,"squared_euclidean_pc1_pc3",545.871488647749,"sampled_pixels",10000,1,1019.2766440046,6718.27419976496,2469.92674452569,"sampled_pixels",10000
"1605",30335,FALSE,"all_pixels",7.07922901023186,6.4016421047155,3.90973156435852,130.801960756482,"squared_euclidean_pc1_pc3",610.365759848628,"sampled_pixels",10000,1,1326.07380482507,10209.294141828,3086.07720806267,"sampled_pixels",10000
"1606",29498,FALSE,"all_pixels",8.02947194211752,7.45920291531779,4.26236597790795,165.279135001453,"squared_euclidean_pc1_pc3",707.201077937872,"sampled_pixels",10000,1,1222.3984283882,8262.79368167778,2716.80006370073,"sampled_pixels",10000
"1607",28980,FALSE,"all_pixels",9.15940386118788,8.12278909996679,5.64028066997594,231.412694758894,"squared_euclidean_pc1_pc3",772.862414172824,"sampled_pixels",10000,1,1739.01472592966,13289.3866835905,4293.95506154659,"sampled_pixels",10000
"1608",32091,FALSE,"all_pixels",8.53869973324768,7.71315744918754,4.74843818460553,190.912711422224,"squared_euclidean_pc1_pc3",735.767802473797,"sampled_pixels",10000,1,1351.50789183629,11916.6364758272,3409.13426968946,"sampled_pixels",10000
"1609",35058,FALSE,"all_pixels",8.37600183357145,7.58020604996058,4.70068724259596,184.506473971442,"squared_euclidean_pc1_pc3",721.44766641222,"sampled_pixels",10000,1,1635.62902890762,13530.0519790412,3847.78684597869,"sampled_pixels",10000
"1610",37093,FALSE,"all_pixels",8.06481212816318,6.98727672495641,5.02177568007255,180.517491557151,"squared_euclidean_pc1_pc3",810.096226812906,"sampled_pixels",10000,1,1822.64380026649,14430.7641691957,4315.5189516666,"sampled_pixels",10000
"1611",35829,FALSE,"all_pixels",8.47817558002327,7.6569363080724,4.82666612279992,190.351033614855,"squared_euclidean_pc1_pc3",813.632790527506,"sampled_pixels",10000,1,1683.26817240201,15100.8687510688,4190.24292442351,"sampled_pixels",10000
"1612",27671,FALSE,"all_pixels",9.92541121584842,9.05137956191704,5.00092929805434,247.044355678017,"squared_euclidean_pc1_pc3",863.088726959445,"sampled_pixels",10000,1,1504.56304448861,12822.938322586,3587.22909739085,"sampled_pixels",10000
"1613",29108,FALSE,"all_pixels",9.76562487596301,8.86071316826373,5.22327039327649,245.298091064365,"squared_euclidean_pc1_pc3",766.45231250777,"sampled_pixels",10000,1,1250.85280537091,12767.7408769879,3562.95461873425,"sampled_pixels",10000
"1614",29840,FALSE,"all_pixels",8.44110543415836,7.59069991254586,4.59731419961529,184.773701026202,"squared_euclidean_pc1_pc3",727.987275342278,"sampled_pixels",10000,1,1411.35366125707,10607.6651095508,3261.43221632139,"sampled_pixels",10000
"1615",25752,FALSE,"all_pixels",7.57844787745549,7.05094961212607,3.83768371505571,144.320233237005,"squared_euclidean_pc1_pc3",651.06100303318,"sampled_pixels",10000,1,1146.59912339378,8827.01405540897,2768.13184228107,"sampled_pixels",10000
"1616",30721,FALSE,"all_pixels",7.85702925313258,7.57698344549727,3.53077980775013,148.397817882236,"squared_euclidean_pc1_pc3",591.244500577166,"sampled_pixels",10000,1,972.233526597749,7760.830013211,2528.87613719749,"sampled_pixels",10000
"1617",31133,FALSE,"all_pixels",8.0269576808562,7.48676598272655,4.01069259631143,161.034376073936,"squared_euclidean_pc1_pc3",668.249563836221,"sampled_pixels",10000,1,1346.87908338382,9812.33354819954,3071.38366575702,"sampled_pixels",10000
"1618",33697,FALSE,"all_pixels",7.71640658370817,7.12978981333571,4.04759330880011,151.85091194496,"squared_euclidean_pc1_pc3",706.020109948351,"sampled_pixels",10000,1,1352.27737525021,9037.56277569131,2910.8897890991,"sampled_pixels",10000
"1619",35690,FALSE,"all_pixels",5.8711546051182,5.16950703657959,3.49041861110865,93.3062742424668,"squared_euclidean_pc1_pc3",517.897120799644,"sampled_pixels",10000,1,885.194158714113,5909.82726430375,2218.04335107857,"sampled_pixels",10000
"1620",NA,TRUE,"manual_excluded",NA,NA,NA,NA,"squared_euclidean_pc1_pc3",NA,"manual_excluded",NA,1,NA,NA,NA,"manual_excluded",NA
"1621",NA,TRUE,"manual_excluded",NA,NA,NA,NA,"squared_euclidean_pc1_pc3",NA,"manual_excluded",NA,1,NA,NA,NA,"manual_excluded",NA
"17",33981,FALSE,"all_pixels",9.33008367978957,8.33046152483875,5.39894390546929,232.396397950599,"squared_euclidean_pc1_pc3",752.760610029568,"sampled_pixels",10000,1,2238.88801942833,17621.7958424261,5461.5964520034,"sampled_pixels",10000
"1700",32922,FALSE,"all_pixels",8.23468781073675,7.35051121582892,4.57529946394306,177.485625355485,"squared_euclidean_pc1_pc3",708.183409024017,"sampled_pixels",10000,1,1757.12412718003,15370.9219394778,4274.16776000438,"sampled_pixels",10000
"1701",35150,FALSE,"all_pixels",8.84984550711325,7.87953000512239,4.90785513527119,204.812244528454,"squared_euclidean_pc1_pc3",788.325374967918,"sampled_pixels",10000,1,1721.43561160032,16728.9945529201,4039.8879238316,"sampled_pixels",10000
"1702",26131,FALSE,"all_pixels",9.61287202911863,8.925192413956,4.94864406830335,233.790899194438,"squared_euclidean_pc1_pc3",673.352388711561,"sampled_pixels",10000,1,1295.03586041473,11469.2322200171,3219.23660122819,"sampled_pixels",10000
"1703",25620,FALSE,"all_pixels",7.44464247813775,6.97672262572725,3.73053230486134,138.678059403001,"squared_euclidean_pc1_pc3",531.405621115034,"sampled_pixels",10000,1,975.80235577057,6638.17221695153,2432.23617867589,"sampled_pixels",10000
"1704",25965,FALSE,"all_pixels",6.90332160111182,6.36005879451741,3.58810885210704,121.059756842847,"squared_euclidean_pc1_pc3",529.410839832928,"sampled_pixels",10000,1,1064.78577252896,7990.56559011037,2780.6473171594,"sampled_pixels",10000
"1705",29964,FALSE,"all_pixels",7.69363695683571,7.01066240382727,4.24600871937615,154.44007598719,"squared_euclidean_pc1_pc3",671.213664220792,"sampled_pixels",10000,1,1373.24581939874,12152.6874259767,3630.44985550983,"sampled_pixels",10000
"1706",31480,FALSE,"all_pixels",8.59877250023212,8.11023458867687,4.33092776382406,185.390455939276,"squared_euclidean_pc1_pc3",680.324265193254,"sampled_pixels",10000,1,1211.77252470609,11354.8475408636,3140.8403075096,"sampled_pixels",10000
"1707",27505,FALSE,"all_pixels",9.01608667907318,8.69496203898497,4.33649398363955,200.188630748564,"squared_euclidean_pc1_pc3",628.636893690085,"sampled_pixels",10000,1,1724.6095197769,14418.2934948343,4796.64474488492,"sampled_pixels",10000
"1708",26584,FALSE,"all_pixels",8.06586197135974,7.45869264003724,4.17495517691949,164.975448806688,"squared_euclidean_pc1_pc3",646.964170685686,"sampled_pixels",10000,1,1219.85566775897,8701.98655690124,3026.44504833605,"sampled_pixels",10000
"1709",32656,FALSE,"all_pixels",9.83285476442961,9.09516350707814,4.99728031002692,243.314157183705,"squared_euclidean_pc1_pc3",862.658306884483,"sampled_pixels",10000,1,1513.37665040403,13210.1209018036,3730.78440823029,"sampled_pixels",10000
"1710",35038,FALSE,"all_pixels",7.65476805421494,6.57128643079565,4.71248099225286,161.604634509932,"squared_euclidean_pc1_pc3",739.238146170995,"sampled_pixels",10000,1,1252.07995772968,11640.9225093752,3292.91702234338,"sampled_pixels",10000
"1711",35774,FALSE,"all_pixels",8.6387034191647,7.41391968194801,5.99732531543044,221.188204565895,"squared_euclidean_pc1_pc3",870.399748365033,"sampled_pixels",10000,1,2775.36252390033,22200.260606562,6130.6477251429,"sampled_pixels",10000
"1712",29303,FALSE,"all_pixels",7.51568282677438,6.62170982115506,4.70278493680668,157.201839546328,"squared_euclidean_pc1_pc3",645.686981974956,"sampled_pixels",10000,1,1230.3850805434,7893.99754650699,2685.07402715134,"sampled_pixels",10000
"1713",23652,FALSE,"all_pixels",9.70296187848659,8.95217086741422,5.16424431762136,241.631522023589,"squared_euclidean_pc1_pc3",621.129318115575,"sampled_pixels",10000,1,1010.54015444995,7540.50906374811,2504.63850930959,"sampled_pixels",10000
"1714",29353,FALSE,"all_pixels",8.93923860479638,8.27307226929841,4.59733623571799,202.089534504121,"squared_euclidean_pc1_pc3",720.332448731491,"sampled_pixels",10000,1,1201.20577751318,10121.6402586908,3199.35230747504,"sampled_pixels",10000
"1715",25605,FALSE,"all_pixels",7.42262107755503,6.72979182443427,3.97372750340112,141.770394471784,"squared_euclidean_pc1_pc3",617.122218481434,"sampled_pixels",10000,1,1007.6480891954,10570.0719957469,3030.80524008479,"sampled_pixels",10000
"1716",24250,FALSE,"all_pixels",7.77708143865259,6.95775376885302,4.36871554794529,159.135768408254,"squared_euclidean_pc1_pc3",648.363549682037,"sampled_pixels",10000,1,1104.43776015981,9369.28246516875,2940.41846816945,"sampled_pixels",10000
"1717",20865,FALSE,"all_pixels",7.92043222684491,7.56170628678849,3.76402591925865,153.800917508482,"squared_euclidean_pc1_pc3",608.599212829634,"sampled_pixels",10000,1,1074.7525181877,9753.59186599524,2866.7778494739,"sampled_pixels",10000
"1718",26499,FALSE,"all_pixels",7.29413894115953,6.86884439720334,3.66932151791345,133.335750406242,"squared_euclidean_pc1_pc3",560.147475510424,"sampled_pixels",10000,1,1299.36384742708,9926.92212568687,3414.68863365084,"sampled_pixels",10000
"1719",33046,FALSE,"all_pixels",6.47728954657303,6.03258663746703,3.50477818189171,108.476756532361,"squared_euclidean_pc1_pc3",552.724475485856,"sampled_pixels",10000,1,1224.57464354062,8328.27728843444,2982.20137851291,"sampled_pixels",10000
"1720",35989,FALSE,"all_pixels",7.71624096581066,6.85492225303603,5.03595260253649,169.80097714989,"squared_euclidean_pc1_pc3",722.163378751586,"sampled_pixels",10000,1,1532.71215916035,9799.62326292446,3558.00369332276,"sampled_pixels",10000
"1721",NA,TRUE,"manual_excluded",NA,NA,NA,NA,"squared_euclidean_pc1_pc3",NA,"manual_excluded",NA,1,NA,NA,NA,"manual_excluded",NA
"1722",NA,TRUE,"manual_excluded",NA,NA,NA,NA,"squared_euclidean_pc1_pc3",NA,"manual_excluded",NA,1,NA,NA,NA,"manual_excluded",NA
"1723",NA,TRUE,"manual_excluded",NA,NA,NA,NA,"squared_euclidean_pc1_pc3",NA,"manual_excluded",NA,1,NA,NA,NA,"manual_excluded",NA
"18",29725,FALSE,"all_pixels",8.08304555075074,7.35211575398697,4.32714220596373,168.118310266574,"squared_euclidean_pc1_pc3",598.936034729638,"sampled_pixels",10000,1,1300.02071556285,14331.0413350649,4012.56140666154,"sampled_pixels",10000
"1800",29990,FALSE,"all_pixels",8.32876319249197,7.69492788313599,4.35069030034981,176.592342491154,"squared_euclidean_pc1_pc3",664.370598198486,"sampled_pixels",10000,1,1711.9144320578,13861.799378161,4239.60282481253,"sampled_pixels",10000
"1801",30306,FALSE,"all_pixels",8.04413618529167,7.1580996129842,4.57056295725095,171.194966819511,"squared_euclidean_pc1_pc3",654.100927845639,"sampled_pixels",10000,1,1717.35096827011,15073.0654709682,4132.21945031391,"sampled_pixels",10000
"1802",33232,FALSE,"all_pixels",7.41077261689945,6.56999113060853,4.25390059539009,146.029353058762,"squared_euclidean_pc1_pc3",652.844393615575,"sampled_pixels",10000,1,1702.37524579404,15639.5393984335,4381.29388482446,"sampled_pixels",10000
"1803",22133,FALSE,"all_pixels",6.97734449746571,6.54554426972423,3.47026076363826,121.45100379487,"squared_euclidean_pc1_pc3",530.985571985387,"sampled_pixels",10000,1,1155.64324571377,8518.87203926822,2758.90579696548,"sampled_pixels",10000
"1804",25809,FALSE,"all_pixels",7.18399921735366,6.61846994051051,3.87919348749,133.314807620786,"squared_euclidean_pc1_pc3",550.79329094497,"sampled_pixels",10000,1,1330.7350513576,8862.17350246761,2916.96327335433,"sampled_pixels",10000
"1805",25420,FALSE,"all_pixels",8.21664337024124,7.46331424512592,4.70558635276787,179.309800258613,"squared_euclidean_pc1_pc3",658.457617268986,"sampled_pixels",10000,1,2126.85391273589,18646.0893958946,5022.65279193669,"sampled_pixels",10000
"1806",30818,FALSE,"all_pixels",6.68793932564288,6.14451812700145,3.56394926046946,114.859709203157,"squared_euclidean_pc1_pc3",558.019625553027,"sampled_pixels",10000,1,1546.31069391162,10786.3382922362,3471.57934355526,"sampled_pixels",10000
"1807",24396,FALSE,"all_pixels",6.79035583567236,6.27911145045129,3.77408004873257,120.704057472383,"squared_euclidean_pc1_pc3",575.450989729791,"sampled_pixels",10000,1,1240.60558339782,6922.98676575794,2628.02752077414,"sampled_pixels",10000
"1808",25871,FALSE,"all_pixels",7.40367122218858,6.79133584042153,4.13314767881992,143.793193980098,"squared_euclidean_pc1_pc3",630.724755425191,"sampled_pixels",10000,1,1164.92010982984,8607.49257326744,2858.0136179804,"sampled_pixels",10000
"1809",27495,FALSE,"all_pixels",7.28052588751047,6.90825030223434,3.75943154094299,134.277737354354,"squared_euclidean_pc1_pc3",564.178062269726,"sampled_pixels",10000,1,1267.27152975824,7776.92555621795,2891.84559606276,"sampled_pixels",10000
"1810",30049,FALSE,"all_pixels",7.56972561054413,6.83032320620336,4.03729485893925,147.199906315872,"squared_euclidean_pc1_pc3",606.23538494772,"sampled_pixels",10000,1,1145.01858337091,8548.08975492685,2768.12112208076,"sampled_pixels",10000
"1811",31682,FALSE,"all_pixels",8.98220437208406,7.89989378466034,6.40920934153599,243.513326388912,"squared_euclidean_pc1_pc3",721.244826953637,"sampled_pixels",10000,1,3599.9146317627,32590.175639332,9040.84800843054,"sampled_pixels",10000
"1812",21376,FALSE,"all_pixels",6.47618295669912,5.97213320296483,3.53805406649184,108.916373328285,"squared_euclidean_pc1_pc3",489.130213622674,"sampled_pixels",10000,1,1167.22190276864,6741.92757168579,2452.09095809676,"sampled_pixels",10000
"1813",21797,FALSE,"all_pixels",9.77085385546847,8.81496040674667,5.44994792428299,250.34030956167,"squared_euclidean_pc1_pc3",872.943000776731,"sampled_pixels",10000,1,1941.87160563579,15587.5687721963,4650.21255683811,"sampled_pixels",10000
"1814",26549,FALSE,"all_pixels",8.11768336481198,7.59112024065317,4.06522658977356,164.844455926717,"squared_euclidean_pc1_pc3",613.491150485088,"sampled_pixels",10000,1,1059.95134182848,8185.49101083894,2714.22408548587,"sampled_pixels",10000
"1815",27003,FALSE,"all_pixels",8.39974736639637,7.62683169135398,4.57188194044814,182.914172461336,"squared_euclidean_pc1_pc3",635.85797221529,"sampled_pixels",10000,1,1305.58946435843,10101.2895900043,3223.32824768389,"sampled_pixels",10000
"1816",24187,FALSE,"all_pixels",9.06188603774548,8.22934253048924,4.67394527726877,207.925279626517,"squared_euclidean_pc1_pc3",712.850507515941,"sampled_pixels",10000,1,1325.43954063314,14233.4840910396,3749.9365582945,"sampled_pixels",10000
"1817",22939,FALSE,"all_pixels",7.66536001939499,7.16709439377519,3.87560115370639,147.554747474173,"squared_euclidean_pc1_pc3",609.131251172777,"sampled_pixels",10000,1,1112.03022627423,8438.53029595765,2738.86917510421,"sampled_pixels",10000
"1818",22014,FALSE,"all_pixels",7.89938988601743,7.40557472268287,3.9522649037082,156.040097747711,"squared_euclidean_pc1_pc3",649.457830742342,"sampled_pixels",10000,1,1055.45086018827,8814.47684016284,2711.66303484594,"sampled_pixels",10000
"1819",29421,FALSE,"all_pixels",7.40684901476144,6.58647951397633,4.68429779636296,153.606624713422,"squared_euclidean_pc1_pc3",661.40937309776,"sampled_pixels",10000,1,1332.18692129793,11272.339329168,3608.98201047247,"sampled_pixels",10000
"1820",32905,FALSE,"all_pixels",7.16310800598193,6.51823029909805,4.04966190013767,135.418758827079,"squared_euclidean_pc1_pc3",666.962541151533,"sampled_pixels",10000,1,1401.65862580387,8569.48034192521,3110.04919641674,"sampled_pixels",10000
"1821",35828,FALSE,"all_pixels",8.42951661156756,6.88635013202219,6.04009614182625,215.076986864133,"squared_euclidean_pc1_pc3",875.151361566476,"sampled_pixels",10000,1,2221.07376174145,20220.9654812419,5387.40725908946,"sampled_pixels",10000
"1822",NA,TRUE,"manual_excluded",NA,NA,NA,NA,"squared_euclidean_pc1_pc3",NA,"manual_excluded",NA,1,NA,NA,NA,"manual_excluded",NA
"1823",NA,TRUE,"manual_excluded",NA,NA,NA,NA,"squared_euclidean_pc1_pc3",NA,"manual_excluded",NA,1,NA,NA,NA,"manual_excluded",NA
"19",28055,FALSE,"all_pixels",8.40944917625463,7.71552038386879,4.60819777416067,183.907130500725,"squared_euclidean_pc1_pc3",718.583767510341,"sampled_pixels",10000,1,1508.4484922071,16687.7237968248,4144.01138341805,"sampled_pixels",10000
"1900",28056,FALSE,"all_pixels",7.25660772819366,6.58551104879911,3.97791534093846,136.963204344964,"squared_euclidean_pc1_pc3",531.759687282051,"sampled_pixels",10000,1,1330.96068236257,7886.16521419222,2785.35930146123,"sampled_pixels",10000
"1901",27843,FALSE,"all_pixels",8.24075796301156,7.6367964166069,4.7557968903878,181.053767082314,"squared_euclidean_pc1_pc3",605.345305003427,"sampled_pixels",10000,1,2238.98088604293,13063.5409829236,4520.39915936451,"sampled_pixels",10000
"1902",29038,FALSE,"all_pixels",7.47748790331578,6.79503872248439,4.21548881006461,147.36511856671,"squared_euclidean_pc1_pc3",663.800603271026,"sampled_pixels",10000,1,1621.33096517477,13690.2286470393,4141.63670752407,"sampled_pixels",10000
"1903",24653,FALSE,"all_pixels",8.08742217628555,7.06584540271403,4.79812288524864,176.854893676759,"squared_euclidean_pc1_pc3",676.869360818896,"sampled_pixels",10000,1,1272.97630385193,11911.1720314349,3501.76278255564,"sampled_pixels",10000
"1904",23255,FALSE,"all_pixels",6.37765510500342,5.92334232962945,3.38247059545338,104.230199965297,"squared_euclidean_pc1_pc3",504.245071627794,"sampled_pixels",10000,1,909.063763827658,6990.19527723986,2385.02607530379,"sampled_pixels",10000
"1905",25281,FALSE,"all_pixels",8.07573090586425,7.5496435826131,4.21207023630833,165.916527132065,"squared_euclidean_pc1_pc3",639.400976865493,"sampled_pixels",10000,1,1292.4531871469,8440.76223300643,2999.90275700464,"sampled_pixels",10000
"1906",26465,FALSE,"all_pixels",7.5610527429847,7.05174490015712,3.74965012128299,142.457726702412,"squared_euclidean_pc1_pc3",538.940937561765,"sampled_pixels",10000,1,1238.81467885833,10088.548468008,3029.05966237455,"sampled_pixels",10000
"1907",24968,FALSE,"all_pixels",7.13283562659046,6.6336713708935,3.6900465610008,128.986484685023,"squared_euclidean_pc1_pc3",533.347670385434,"sampled_pixels",10000,1,1363.80083460305,9218.45597738575,3121.22575799834,"sampled_pixels",10000
"1908",26123,FALSE,"all_pixels",8.05699884110741,7.48080258380409,4.12920888869424,163.929887353041,"squared_euclidean_pc1_pc3",630.385783991694,"sampled_pixels",10000,1,1266.94952277247,11296.3286786095,3330.20221816364,"sampled_pixels",10000
"1909",23079,FALSE,"all_pixels",7.46299685494754,6.82447849791298,3.87098590584811,141.360409337902,"squared_euclidean_pc1_pc3",586.599690640463,"sampled_pixels",10000,1,888.210199874006,6925.51145250361,2317.8296841518,"sampled_pixels",10000
"1910",25613,FALSE,"all_pixels",6.52968217384672,5.93201318554795,3.66559303835226,112.14559402912,"squared_euclidean_pc1_pc3",471.320722724649,"sampled_pixels",10000,1,1040.76088909401,6036.42007549787,2222.75671566484,"sampled_pixels",10000
"1911",24013,FALSE,"all_pixels",6.72850235859921,6.13572616874506,3.69192892580189,117.805031119021,"squared_euclidean_pc1_pc3",464.999120762278,"sampled_pixels",10000,1,1017.96659764367,5388.28091005821,2317.16843811039,"sampled_pixels",10000
"1912",19343,FALSE,"all_pixels",7.45760687079884,6.98875377661483,3.74599655740801,139.295329983535,"squared_euclidean_pc1_pc3",522.892788350037,"sampled_pixels",10000,1,852.024047207307,8476.43416858105,2912.19188572562,"sampled_pixels",10000
"1913",20520,FALSE,"all_pixels",7.29931914752053,6.80770447837004,3.75220469982707,134.716828027397,"squared_euclidean_pc1_pc3",583.288684679886,"sampled_pixels",10000,1,937.123967086817,7142.99790602447,2339.39231858731,"sampled_pixels",10000
"1914",22180,FALSE,"all_pixels",7.27006809053781,6.56878248681865,3.97949067263893,137.379044125041,"squared_euclidean_pc1_pc3",494.980596974445,"sampled_pixels",10000,1,752.571223618525,6222.45680087829,2060.31025108657,"sampled_pixels",10000
"1915",23905,FALSE,"all_pixels",7.75962358496206,7.31188929498793,3.53779720336876,145.45448731922,"squared_euclidean_pc1_pc3",535.259505764489,"sampled_pixels",10000,1,1023.37908938384,8970.16721695126,2736.46979775112,"sampled_pixels",10000
"1916",24230,FALSE,"all_pixels",7.58530932190422,7.216818206083,3.60950858214635,141.129864020408,"squared_euclidean_pc1_pc3",561.314046720149,"sampled_pixels",10000,1,935.419620357821,7176.01968747505,2329.63673818141,"sampled_pixels",10000
"1917",23686,FALSE,"all_pixels",7.95490366876695,7.4390647082596,4.0969697625586,160.129889922833,"squared_euclidean_pc1_pc3",694.868291717334,"sampled_pixels",10000,1,1603.8437428702,10638.1287752299,3798.43704825938,"sampled_pixels",10000
"1918",24967,FALSE,"all_pixels",7.88287930189319,7.48977107929139,3.80038100721297,153.164206817552,"squared_euclidean_pc1_pc3",596.193404332867,"sampled_pixels",10000,1,945.964249787554,7916.85124482751,2523.62831604531,"sampled_pixels",10000
"1919",24055,FALSE,"all_pixels",6.11103707937856,5.61346424667303,3.33850370627356,96.9798356877355,"squared_euclidean_pc1_pc3",517.976829753061,"sampled_pixels",10000,1,990.472572186879,6961.49289708016,2500.77432707219,"sampled_pixels",10000
"1920",27564,FALSE,"all_pixels",7.74226863753522,7.24443439758091,4.06206372758956,152.884973525517,"squared_euclidean_pc1_pc3",647.408521569637,"sampled_pixels",10000,1,1346.03286144954,10485.6540649145,3324.6440551775,"sampled_pixels",10000
"1921",NA,TRUE,"manual_excluded",NA,NA,NA,NA,"squared_euclidean_pc1_pc3",NA,"manual_excluded",NA,1,NA,NA,NA,"manual_excluded",NA
"1922",NA,TRUE,"manual_excluded",NA,NA,NA,NA,"squared_euclidean_pc1_pc3",NA,"manual_excluded",NA,1,NA,NA,NA,"manual_excluded",NA
"2",26793,FALSE,"all_pixels",8.08713541572243,7.51371896497636,4.22462058704315,166.497024428479,"squared_euclidean_pc1_pc3",605.608555781594,"sampled_pixels",10000,1,1057.39209264053,8106.90163606848,2665.72810945509,"sampled_pixels",10000
"20",30771,FALSE,"all_pixels",7.61667099364452,6.9758355555606,3.90535413177617,146.529944530606,"squared_euclidean_pc1_pc3",530.943742975455,"sampled_pixels",10000,1,1211.49686993871,8582.12620030259,2844.1120296952,"sampled_pixels",10000
"200",27513,FALSE,"all_pixels",8.62190440028308,7.93950121237542,4.54335583958799,189.957135012473,"squared_euclidean_pc1_pc3",601.300061596426,"sampled_pixels",10000,1,982.047763776793,9055.95658632523,2678.4769202876,"sampled_pixels",10000
"201",29578,FALSE,"all_pixels",8.95835160118407,8.30213108687477,4.66428698853717,204.013801979234,"squared_euclidean_pc1_pc3",693.717762359001,"sampled_pixels",10000,1,1448.2670795174,8847.11071657975,2944.08112647386,"sampled_pixels",10000
"202",22238,FALSE,"all_pixels",8.11805223779924,7.51765471530535,4.02304223816392,164.173826366659,"squared_euclidean_pc1_pc3",642.125703166382,"sampled_pixels",10000,1,1040.99254545113,9313.93662027167,2796.82640943328,"sampled_pixels",10000
"203",30973,FALSE,"all_pixels",8.87325706538159,8.10777275221862,4.78404424236864,203.242062649628,"squared_euclidean_pc1_pc3",699.084078175738,"sampled_pixels",10000,1,1543.77447525664,14814.9486589058,3738.89446933501,"sampled_pixels",10000
"204",27638,FALSE,"all_pixels",8.49306157350974,7.77998261717697,4.70434138803014,188.524244094875,"squared_euclidean_pc1_pc3",674.421681521705,"sampled_pixels",10000,1,1175.1590579191,9077.92054952554,3020.08740035827,"sampled_pixels",10000
"205",28862,FALSE,"all_pixels",8.80774157227204,8.14183534469435,4.41469434048386,194.13032491574,"squared_euclidean_pc1_pc3",730.853641551255,"sampled_pixels",10000,1,1317.36511314664,10234.5985698019,3240.77531868148,"sampled_pixels",10000
"206",23348,FALSE,"all_pixels",8.19549485340327,7.37988916678704,4.78377752725238,180.099366346074,"squared_euclidean_pc1_pc3",682.476268428033,"sampled_pixels",10000,1,1415.38867918031,11033.2219094096,3387.36388226469,"sampled_pixels",10000
"207",26316,FALSE,"all_pixels",6.60100111687267,6.10314613654294,3.50220724378061,111.676410479521,"squared_euclidean_pc1_pc3",511.682747866269,"sampled_pixels",10000,1,1064.33827666056,7037.01248928591,2593.3466293814,"sampled_pixels",10000
"208",28712,FALSE,"all_pixels",8.39640178438967,7.70950683036297,4.53775897760573,182.180204596438,"squared_euclidean_pc1_pc3",611.41193912901,"sampled_pixels",10000,1,1185.63919651245,8324.15342512594,2850.64662619845,"sampled_pixels",10000
"209",31785,FALSE,"all_pixels",8.03364188516622,7.27863460426777,4.32121430007427,166.423414982517,"squared_euclidean_pc1_pc3",642.939629384762,"sampled_pixels",10000,1,1336.11664780688,11376.8471864406,3296.67325218321,"sampled_pixels",10000
"21",31658,FALSE,"all_pixels",8.08691959184384,7.26708342645658,4.60593471375898,173.224465906255,"squared_euclidean_pc1_pc3",593.607346662929,"sampled_pixels",10000,1,927.887742141932,6782.13879785325,2487.72772353095,"sampled_pixels",10000
"210",31062,FALSE,"all_pixels",6.83319512784795,6.05587618862467,3.94723008214379,124.545358758009,"squared_euclidean_pc1_pc3",587.385730812583,"sampled_pixels",10000,1,1355.43738408982,9283.94824398343,2942.28755252506,"sampled_pixels",10000
"211",29541,FALSE,"all_pixels",7.04322875178011,6.26145944349239,4.12393417978351,133.2266573328,"squared_euclidean_pc1_pc3",540.450930562988,"sampled_pixels",10000,1,1604.75839914935,10515.6648861816,3565.98123343524,"sampled_pixels",10000
"212",28345,FALSE,"all_pixels",7.29214008969257,6.18979527747483,4.67498319254367,150.060007772611,"squared_euclidean_pc1_pc3",577.187046341669,"sampled_pixels",10000,1,922.542307616054,5571.45273553443,2185.60682833848,"sampled_pixels",10000
"213",27833,FALSE,"all_pixels",6.46427953534806,5.85139590374292,3.61141300007944,109.657490353767,"squared_euclidean_pc1_pc3",437.243469023599,"sampled_pixels",10000,1,1193.23750810457,10032.278952824,3570.28039955827,"sampled_pixels",10000
"214",30135,FALSE,"all_pixels",6.50069300408877,5.7548302965621,3.86567702475777,114.403945018661,"squared_euclidean_pc1_pc3",500.163989289837,"sampled_pixels",10000,1,1274.76294752557,7892.83189582323,2926.55339581594,"sampled_pixels",10000
"215",29352,FALSE,"all_pixels",7.52227643397251,6.8957498891165,4.05912254566739,146.121114498041,"squared_euclidean_pc1_pc3",594.765776315767,"sampled_pixels",10000,1,1039.0060798346,7135.78589242499,2491.13778761016,"sampled_pixels",10000
"216",31446,FALSE,"all_pixels",7.17288727570043,6.38054874238181,4.18490133452753,137.926308227924,"squared_euclidean_pc1_pc3",565.589942578433,"sampled_pixels",10000,1,1845.24934785126,12671.8984486129,4150.27708014229,"sampled_pixels",10000
"217",31908,FALSE,"all_pixels",7.93313958284363,7.23331400314717,4.3833774473982,164.296198637144,"squared_euclidean_pc1_pc3",713.098183079694,"sampled_pixels",10000,1,1762.58499192325,16941.5469501366,4904.09148561895,"sampled_pixels",10000
"218",34391,FALSE,"all_pixels",7.54312180884029,6.67936750262203,4.40088972578876,152.53190767178,"squared_euclidean_pc1_pc3",551.815837277201,"sampled_pixels",10000,1,1705.9013789476,9815.43282084226,3613.05136633416,"sampled_pixels",10000
"219",29380,FALSE,"all_pixels",8.91433817116082,7.94492414690507,5.18496290191589,212.696700570494,"squared_euclidean_pc1_pc3",753.388154991961,"sampled_pixels",10000,1,2688.92599079381,19946.4945001989,5287.61682723808,"sampled_pixels",10000
"22",30694,FALSE,"all_pixels",8.03479606976198,6.93958182378682,5.00280666688313,179.170414045564,"squared_euclidean_pc1_pc3",707.512504140449,"sampled_pixels",10000,1,2145.29446680681,18516.0437963367,4686.58445538074,"sampled_pixels",10000
"220",28540,FALSE,"all_pixels",9.1684058978111,8.47593954257542,4.96669268904771,217.453677284845,"squared_euclidean_pc1_pc3",744.908525143925,"sampled_pixels",10000,1,1328.5204120451,10083.9617332419,3145.23065929959,"sampled_pixels",10000
"221",31475,FALSE,"all_pixels",8.2631182426109,7.53826348388014,4.34092085364778,174.244236529056,"squared_euclidean_pc1_pc3",633.856852433651,"sampled_pixels",10000,1,1028.37365502988,7811.93315402243,2658.58070688518,"sampled_pixels",10000
"222",28689,FALSE,"all_pixels",7.55208582954968,6.69408016958533,4.27756900914343,150.661918426998,"squared_euclidean_pc1_pc3",521.868234102003,"sampled_pixels",10000,1,1372.11628158099,9970.19210813919,3422.59912022869,"sampled_pixels",10000
"223",30793,FALSE,"all_pixels",7.04868290092034,6.40635526049998,3.74870609896807,127.472543381584,"squared_euclidean_pc1_pc3",476.982267144872,"sampled_pixels",10000,1,852.045084874489,5395.89250464257,2003.07571889015,"sampled_pixels",10000
"224",29570,FALSE,"all_pixels",8.75112577270856,8.09413329565691,4.53029544685186,194.210170116003,"squared_euclidean_pc1_pc3",685.693125597252,"sampled_pixels",10000,1,1435.72011078949,10576.6782408511,3417.33234070912,"sampled_pixels",10000
"23",27531,FALSE,"all_pixels",7.29848380217814,6.35927853568878,4.52212547586531,147.433483689891,"squared_euclidean_pc1_pc3",654.934839421422,"sampled_pixels",10000,1,2133.50355792467,16812.3310422592,5349.85404314029,"sampled_pixels",10000
"24",NA,TRUE,"manual_excluded",NA,NA,NA,NA,"squared_euclidean_pc1_pc3",NA,"manual_excluded",NA,1,NA,NA,NA,"manual_excluded",NA
"3",30234,FALSE,"all_pixels",8.1548311508571,7.41817430797101,4.31572279780591,170.252236645712,"squared_euclidean_pc1_pc3",591.656782136685,"sampled_pixels",10000,1,1172.93026980372,11406.2907908747,3108.42215991957,"sampled_pixels",10000
"300",23505,FALSE,"all_pixels",6.98621519469071,6.44570522483089,3.62969352962768,123.962634720664,"squared_euclidean_pc1_pc3",502.254085155233,"sampled_pixels",10000,1,694.394145089232,6621.16361100975,2132.02241905664,"sampled_pixels",10000
"301",27711,FALSE,"all_pixels",7.01627946571243,6.32512127417622,4.02130285357186,130.796941253399,"squared_euclidean_pc1_pc3",492.188669250235,"sampled_pixels",10000,1,1241.1546854985,9573.8276991625,3184.4235492697,"sampled_pixels",10000
"302",26326,FALSE,"all_pixels",7.03962774388327,6.41010667093366,3.98513346509496,130.874088504324,"squared_euclidean_pc1_pc3",546.367203546989,"sampled_pixels",10000,1,970.361944341514,7359.53784047202,2398.28268507181,"sampled_pixels",10000
"303",31667,FALSE,"all_pixels",8.890246122856,8.16760011599748,4.73343551954012,202.882360821455,"squared_euclidean_pc1_pc3",720.722829850379,"sampled_pixels",10000,1,1727.31562608247,15962.6975454248,4273.91086037505,"sampled_pixels",10000
"304",31554,FALSE,"all_pixels",8.32120188630408,7.48330088313804,4.47838002452049,178.595305742836,"squared_euclidean_pc1_pc3",733.173250465862,"sampled_pixels",10000,1,1296.98936400101,13078.2058573196,3502.01669911233,"sampled_pixels",10000
"305",28867,FALSE,"all_pixels",8.92175745817398,7.56259800128272,5.72714994899584,224.793732853371,"squared_euclidean_pc1_pc3",762.307555445848,"sampled_pixels",10000,1,1892.61597595217,15809.2040429134,4413.0708935679,"sampled_pixels",10000
"306",23187,FALSE,"all_pixels",7.88920833587734,7.34789595302324,3.91534441540514,155.137737830315,"squared_euclidean_pc1_pc3",616.536720537992,"sampled_pixels",10000,1,1166.71449421698,9958.95525265931,3068.20759971601,"sampled_pixels",10000
"307",28862,FALSE,"all_pixels",6.40265618493018,5.80628432318727,3.56421199239849,107.394346398515,"squared_euclidean_pc1_pc3",571.304506599449,"sampled_pixels",10000,1,896.850362097,6254.13020908981,2304.04247355535,"sampled_pixels",10000
"308",27618,FALSE,"all_pixels",7.82442774290668,7.45364651759653,3.88482322531403,152.625949092148,"squared_euclidean_pc1_pc3",608.089331106161,"sampled_pixels",10000,1,1167.17531065646,7377.36157056652,2677.80825818275,"sampled_pixels",10000
"309",28196,FALSE,"all_pixels",7.78423386238022,7.0474882675431,4.15996899889211,155.798050288602,"squared_euclidean_pc1_pc3",606.957240184946,"sampled_pixels",10000,1,1293.02490850228,10945.3146783968,3309.75372773694,"sampled_pixels",10000
"310",30655,FALSE,"all_pixels",8.88743103839178,7.77532439007113,5.64315019126501,221.661071439055,"squared_euclidean_pc1_pc3",759.264235922812,"sampled_pixels",10000,1,2078.61561592345,17707.2704010601,5550.16482522632,"sampled_pixels",10000
"311",26976,FALSE,"all_pixels",7.69797628117143,6.92090230994257,4.63059502100915,161.400908408358,"squared_euclidean_pc1_pc3",598.881501960424,"sampled_pixels",10000,1,1273.46489076738,12616.825005048,4152.43197078796,"sampled_pixels",10000
"312",28932,FALSE,"all_pixels",9.32443175442947,8.25731117823991,5.22994120683048,228.592734341752,"squared_euclidean_pc1_pc3",791.685358552486,"sampled_pixels",10000,1,1223.74533182019,9668.68793323597,3016.24422821523,"sampled_pixels",10000
"313",29470,FALSE,"all_pixels",7.4965148376223,6.91980967789969,3.87645551897847,142.448264392142,"squared_euclidean_pc1_pc3",568.622073991631,"sampled_pixels",10000,1,868.602549793605,6518.75475783852,2240.73569587163,"sampled_pixels",10000
"314",29387,FALSE,"all_pixels",6.58919632065864,5.92571759088233,3.67109424081717,113.78796495056,"squared_euclidean_pc1_pc3",445.241192071846,"sampled_pixels",10000,1,735.628857907196,5021.24832133769,1882.24235480486,"sampled_pixels",10000
"315",31290,FALSE,"all_pixels",7.09757275815901,6.49244560751442,3.85800638850117,130.518553330258,"squared_euclidean_pc1_pc3",564.239987360037,"sampled_pixels",10000,1,984.060920252933,7959.02775554368,2589.55914633385,"sampled_pixels",10000
"316",32620,FALSE,"all_pixels",8.61434962160007,7.73259889791254,4.71242880068952,192.826647653039,"squared_euclidean_pc1_pc3",710.760847551289,"sampled_pixels",10000,1,1073.15453178486,9640.17886574188,3203.41550412691,"sampled_pixels",10000
"317",31152,FALSE,"all_pixels",7.75377100087436,7.21388024362732,4.05109270663683,153.063580072811,"squared_euclidean_pc1_pc3",585.416911953359,"sampled_pixels",10000,1,1489.10576277364,13025.5296685192,3798.24595690929,"sampled_pixels",10000
"318",31804,FALSE,"all_pixels",8.88158362022147,8.27944764970698,4.50857637738581,198.418298824121,"squared_euclidean_pc1_pc3",678.937204077153,"sampled_pixels",10000,1,1767.88609406907,16440.3048065163,4383.46299445205,"sampled_pixels",10000
"319",34130,FALSE,"all_pixels",8.67237753703289,8.02545341931487,4.70197925359803,194.636186539376,"squared_euclidean_pc1_pc3",579.275114091358,"sampled_pixels",10000,1,1706.11567937523,12788.5320173029,3987.4036376882,"sampled_pixels",10000
"320",31381,FALSE,"all_pixels",7.9462448126986,7.04716364991875,4.57497698859491,168.145108184438,"squared_euclidean_pc1_pc3",611.166892522499,"sampled_pixels",10000,1,1593.45706869198,12274.6524437602,3651.19165642232,"sampled_pixels",10000
"321",28835,FALSE,"all_pixels",8.75697350107834,7.9173214576238,4.69353725789759,197.426225824668,"squared_euclidean_pc1_pc3",645.038667525678,"sampled_pixels",10000,1,1654.47244061711,11455.1193419304,3437.84883012678,"sampled_pixels",10000
"322",31157,FALSE,"all_pixels",8.18032126935936,7.28184506390081,4.52173013702708,174.726086551425,"squared_euclidean_pc1_pc3",614.115983868127,"sampled_pixels",10000,1,1294.86353436827,9421.01175059814,3067.78684509297,"sampled_pixels",10000
"323",31114,FALSE,"all_pixels",7.63424416033051,6.82903131681591,4.30970557725117,153.709298220413,"squared_euclidean_pc1_pc3",612.245414092791,"sampled_pixels",10000,1,1739.71195591237,10839.4325897592,3378.23714757446,"sampled_pixels",10000
"324",29835,FALSE,"all_pixels",8.06078655395319,7.38023328013004,4.06270022406031,162.962519503571,"squared_euclidean_pc1_pc3",592.456214642437,"sampled_pixels",10000,1,1255.8292102854,10619.4283690454,3180.01543509955,"sampled_pixels",10000
"4",27805,FALSE,"all_pixels",9.08372757606148,8.50167581971212,4.72171091783285,209.61571769904,"squared_euclidean_pc1_pc3",821.687358658865,"sampled_pixels",10000,1,1397.05999296941,12846.7044946322,3526.34991426452,"sampled_pixels",10000
"400",28126,FALSE,"all_pixels",8.57984514256796,7.96067355708455,4.40124184356524,185.96796743263,"squared_euclidean_pc1_pc3",777.404246879237,"sampled_pixels",10000,1,1373.93461142579,14524.6975640314,3635.07583804183,"sampled_pixels",10000
"401",25498,FALSE,"all_pixels",8.68366293948113,7.91535980994816,4.84525442020827,197.763143448341,"squared_euclidean_pc1_pc3",718.153581642986,"sampled_pixels",10000,1,1412.57774828241,11238.6298381632,3405.23919308528,"sampled_pixels",10000
"402",28142,FALSE,"all_pixels",9.53259590473398,8.60862867902405,5.41911836762631,240.472370083198,"squared_euclidean_pc1_pc3",698.589061138806,"sampled_pixels",10000,1,1533.63113191366,13126.9049788301,3736.53513924194,"sampled_pixels",10000
"403",31493,FALSE,"all_pixels",8.23208471426354,7.33835622857825,4.80559598197481,181.720476373642,"squared_euclidean_pc1_pc3",713.730893110195,"sampled_pixels",10000,1,1360.27497967559,11942.0620696487,3657.03599730213,"sampled_pixels",10000
"404",35545,FALSE,"all_pixels",8.97125691959581,7.69813245986327,5.25182845384141,216.128753720475,"squared_euclidean_pc1_pc3",753.735372200977,"sampled_pixels",10000,1,2153.0839552227,18194.7459213259,4440.43861147928,"sampled_pixels",10000
"405",36367,FALSE,"all_pixels",8.37354907144928,6.83594614207794,5.44711780995416,199.573201215832,"squared_euclidean_pc1_pc3",910.771711961096,"sampled_pixels",10000,1,2714.68934311997,28908.7214051452,6680.85683919356,"sampled_pixels",10000
"406",28814,FALSE,"all_pixels",9.400486971173,8.77692169691806,5.07269678538519,228.20102984955,"squared_euclidean_pc1_pc3",864.32760434346,"sampled_pixels",10000,1,2237.5094538116,20727.1952633139,5925.9128969198,"sampled_pixels",10000
"407",24215,FALSE,"all_pixels",8.12914341116255,7.71322254128406,3.85269831846656,161.851287906903,"squared_euclidean_pc1_pc3",666.650562192016,"sampled_pixels",10000,1,1144.65724483945,11165.4241877356,3174.82065750103,"sampled_pixels",10000
"408",25067,FALSE,"all_pixels",8.31975754984173,7.47380525175544,4.66128939698307,181.890235497593,"squared_euclidean_pc1_pc3",753.315367837303,"sampled_pixels",10000,1,1587.08363855579,15891.2354430769,3853.45690761206,"sampled_pixels",10000
"409",26299,FALSE,"all_pixels",8.35116323642291,7.54829450746186,4.75104893203899,184.627070109416,"squared_euclidean_pc1_pc3",682.3526256851,"sampled_pixels",10000,1,1266.74852476548,11450.3779513559,3294.46171704079,"sampled_pixels",10000
"410",31402,FALSE,"all_pixels",7.99023023656212,6.95342839230395,4.71401335521053,172.129986973858,"squared_euclidean_pc1_pc3",671.416313006813,"sampled_pixels",10000,1,1073.48998480984,10649.4934753273,3016.54184300526,"sampled_pixels",10000
"411",28256,FALSE,"all_pixels",7.10224688388438,5.93651447814376,4.78390950610089,146.653782035531,"squared_euclidean_pc1_pc3",530.95106070752,"sampled_pixels",10000,1,1480.95657972896,12516.292597686,3577.36146153788,"sampled_pixels",10000
"412",27508,FALSE,"all_pixels",6.84498093707023,6.15109429938363,3.7891015390306,122.421065140967,"squared_euclidean_pc1_pc3",529.084230556589,"sampled_pixels",10000,1,1094.18236008737,8393.53035782289,2774.75799252394,"sampled_pixels",10000
"413",28511,FALSE,"all_pixels",7.00551330627314,6.33612556555436,3.90911109231239,128.715660485183,"squared_euclidean_pc1_pc3",494.922763164652,"sampled_pixels",10000,1,820.871874948354,4526.04316079296,1930.56433637294,"sampled_pixels",10000
"414",30668,FALSE,"all_pixels",7.6611690909074,6.95289286582515,4.197186712984,152.618627442092,"squared_euclidean_pc1_pc3",588.378340255279,"sampled_pixels",10000,1,979.698371036651,8040.14280842781,2542.27695042304,"sampled_pixels",10000
"415",31228,FALSE,"all_pixels",7.67621066372517,6.76049449834897,4.45812907739589,157.596977158555,"squared_euclidean_pc1_pc3",583.565731357594,"sampled_pixels",10000,1,1136.74213112932,7463.49678145035,2482.31712707449,"sampled_pixels",10000
"416",31411,FALSE,"all_pixels",7.3358621859438,6.65738264666995,4.07246455281765,140.798627092809,"squared_euclidean_pc1_pc3",565.135537361738,"sampled_pixels",10000,1,1175.70542911398,7819.83442506107,2733.13348299854,"sampled_pixels",10000
"417",31809,FALSE,"all_pixels",8.31346984337223,7.49653411866588,4.59929062438724,180.53318013771,"squared_euclidean_pc1_pc3",777.881677158469,"sampled_pixels",10000,1,1683.87805012057,12791.82483368,3656.23607485196,"sampled_pixels",10000
"418",28311,FALSE,"all_pixels",7.80558134299479,7.13208385543809,4.38956821210175,160.389457192732,"squared_euclidean_pc1_pc3",608.576697289025,"sampled_pixels",10000,1,1665.73595074551,11140.3858500385,3670.2972179537,"sampled_pixels",10000
"419",25439,FALSE,"all_pixels",9.03782269898797,8.12960474654425,5.76313817119835,229.78939018991,"squared_euclidean_pc1_pc3",752.96964937555,"sampled_pixels",10000,1,3883.48703971866,39673.1018396039,9500.16567124193,"sampled_pixels",10000
"420",32200,FALSE,"all_pixels",8.35937112311096,7.31954861049856,4.5797546732361,181.705174139445,"squared_euclidean_pc1_pc3",668.750450056217,"sampled_pixels",10000,1,1714.82950669507,13333.4068188853,3967.39677861081,"sampled_pixels",10000
"421",35266,FALSE,"all_pixels",8.04090751626123,7.05849132149267,4.83771669886124,176.118065831139,"squared_euclidean_pc1_pc3",613.085704195239,"sampled_pixels",10000,1,1906.36221094728,15313.4828591179,4465.06384510572,"sampled_pixels",10000
"422",33078,FALSE,"all_pixels",7.71617894815578,6.75215731584598,4.87867226960367,166.680282238154,"squared_euclidean_pc1_pc3",664.965875778489,"sampled_pixels",10000,1,2294.06391201315,16093.16120578,4999.32828428474,"sampled_pixels",10000
"423",30682,FALSE,"all_pixels",8.17688904200516,7.31947324530991,4.57117736815936,175.512991793313,"squared_euclidean_pc1_pc3",738.294823069329,"sampled_pixels",10000,1,1553.34074506414,14184.9032432996,4053.98575814234,"sampled_pixels",10000
"424",26756,FALSE,"all_pixels",7.49910066047274,6.87005074748701,4.0862171498496,145.866114516618,"squared_euclidean_pc1_pc3",517.610694927556,"sampled_pixels",10000,1,1642.51289714429,11974.7563401177,3720.14776033985,"sampled_pixels",10000
"5",28447,FALSE,"all_pixels",9.85818850550336,9.38389421630283,4.61650018130169,236.990410697416,"squared_euclidean_pc1_pc3",967.110922727247,"sampled_pixels",10000,1,1807.46987782593,14608.9595787454,4295.48261560554,"sampled_pixels",10000
"500",25108,FALSE,"all_pixels",7.10750954760965,6.46486312488512,3.88834771404621,131.270675492282,"squared_euclidean_pc1_pc3",553.360546489007,"sampled_pixels",10000,1,1281.97683798266,12421.9473717203,3461.5907120643,"sampled_pixels",10000
"501",28680,FALSE,"all_pixels",10.0137820128487,8.98483416469349,5.3133094312388,257.012205918976,"squared_euclidean_pc1_pc3",893.106489441699,"sampled_pixels",10000,1,2028.03731593141,21977.0641607301,4826.7355939171,"sampled_pixels",10000
"502",31361,FALSE,"all_pixels",8.92237586051397,8.08046368715599,4.84109551969666,206.088499045895,"squared_euclidean_pc1_pc3",641.001636942275,"sampled_pixels",10000,1,1088.90568117878,8971.9560665484,2847.41297549922,"sampled_pixels",10000
"503",28894,FALSE,"all_pixels",7.43387107213887,6.72277437540257,4.13219003231754,144.67368525484,"squared_euclidean_pc1_pc3",517.73600381962,"sampled_pixels",10000,1,915.3961722309,7843.01459831155,2652.963668529,"sampled_pixels",10000
"504",30296,FALSE,"all_pixels",8.35606266077767,7.48166387095156,4.58890290892908,181.762236044352,"squared_euclidean_pc1_pc3",599.997203714614,"sampled_pixels",10000,1,1021.06101343161,8658.09605348627,2683.5582108256,"sampled_pixels",10000
"505",34062,FALSE,"all_pixels",10.2989029939054,9.07372845491717,5.81436913320476,279.746597569323,"squared_euclidean_pc1_pc3",1020.4931699555,"sampled_pixels",10000,1,2042.32204572399,21972.3880597114,5273.38800790118,"sampled_pixels",10000
"506",36851,FALSE,"all_pixels",10.4113535616827,9.39176225081963,5.8137228477276,284.389478292852,"squared_euclidean_pc1_pc3",1127.55881067619,"sampled_pixels",10000,1,2918.72485836715,24994.6414364623,6439.78503676835,"sampled_pixels",10000
"507",26546,FALSE,"all_pixels",10.5683779353437,10.2630508856946,4.47157145761837,263.369620531715,"squared_euclidean_pc1_pc3",903.850390944894,"sampled_pixels",10000,1,1732.78210708998,14781.6091651674,4145.17122054497,"sampled_pixels",10000
"508",28915,FALSE,"all_pixels",9.83325960237364,9.62825458327239,3.89976633450188,223.801291819727,"squared_euclidean_pc1_pc3",819.709625546526,"sampled_pixels",10000,1,1225.84054329289,9088.83752543095,2884.11912344069,"sampled_pixels",10000
"509",28879,FALSE,"all_pixels",8.66156474537381,7.92316227970652,4.62430797620331,192.812375240924,"squared_euclidean_pc1_pc3",726.129236815505,"sampled_pixels",10000,1,1391.67150592765,11885.1097868283,3928.44302285127,"sampled_pixels",10000
"510",34392,FALSE,"all_pixels",8.53645646124258,7.42503742005834,5.38804035724213,203.802447371696,"squared_euclidean_pc1_pc3",798.287808948131,"sampled_pixels",10000,1,2127.59205366315,21976.3877532028,5587.25497709938,"sampled_pixels",10000
"511",32244,FALSE,"all_pixels",8.07879343932226,7.18667007348685,4.60259036792316,172.900169089418,"squared_euclidean_pc1_pc3",775.129903917396,"sampled_pixels",10000,1,2052.25233313906,21019.381787459,5325.77366072932,"sampled_pixels",10000
"512",29211,FALSE,"all_pixels",7.87204396093424,7.30601493662183,4.0452243347961,156.664711694527,"squared_euclidean_pc1_pc3",595.450987161669,"sampled_pixels",10000,1,869.158981816628,6543.94870189217,2296.72353945229,"sampled_pixels",10000
"513",31024,FALSE,"all_pixels",7.83383653535645,7.24727553934455,4.09870501205771,156.335672284404,"squared_euclidean_pc1_pc3",636.251566434625,"sampled_pixels",10000,1,1216.36840827431,10017.3446176518,3057.70589345188,"sampled_pixels",10000
"514",33333,FALSE,"all_pixels",8.1737969447652,7.24546361886113,4.79843513774907,179.670491018274,"squared_euclidean_pc1_pc3",834.68388311561,"sampled_pixels",10000,1,1808.8091553234,16760.3641927345,4492.44045123615,"sampled_pixels",10000
"515",35815,FALSE,"all_pixels",7.71993866457568,6.62523119858123,4.89666875633081,167.148296831496,"squared_euclidean_pc1_pc3",775.26403297775,"sampled_pixels",10000,1,2180.68510268749,18228.3381531184,5146.96916778363,"sampled_pixels",10000
"516",32448,FALSE,"all_pixels",7.23606342410926,6.56072464966688,3.93851721508307,135.74410735314,"squared_euclidean_pc1_pc3",591.288210954918,"sampled_pixels",10000,1,1241.1512820165,10726.1958407863,3209.84225043385,"sampled_pixels",10000
"517",30394,FALSE,"all_pixels",7.12892236767996,6.4876385670579,3.87974500475419,131.74692036628,"squared_euclidean_pc1_pc3",521.278205474992,"sampled_pixels",10000,1,1403.05950096171,9138.04634294525,3011.1099516776,"sampled_pixels",10000
"518",29630,FALSE,"all_pixels",7.06722165893664,6.4408588426677,3.99505325009757,131.811067578376,"squared_euclidean_pc1_pc3",529.860697275941,"sampled_pixels",10000,1,1200.28820053764,7862.05602783726,2856.63806165159,"sampled_pixels",10000
"519",27711,FALSE,"all_pixels",9.59684211193859,8.31069319986934,5.70847703474327,249.369825258254,"squared_euclidean_pc1_pc3",947.587860659176,"sampled_pixels",10000,1,2200.81921856408,18878.0389601625,4842.54615696983,"sampled_pixels",10000
"520",31862,FALSE,"all_pixels",9.14212215731224,8.30165190829617,4.79131303783868,213.068715324683,"squared_euclidean_pc1_pc3",735.266930971812,"sampled_pixels",10000,1,1548.74250935185,15446.3392171095,4079.55573014094,"sampled_pixels",10000
"521",33707,FALSE,"all_pixels",7.40177237153441,6.29702463696925,4.83861237497549,156.395418752827,"squared_euclidean_pc1_pc3",583.653414871237,"sampled_pixels",10000,1,2086.14965876136,16343.4239314689,5159.99637830577,"sampled_pixels",10000
"522",35898,FALSE,"all_pixels",7.3615716862115,6.34512444909533,4.72538089602054,153.042680570163,"squared_euclidean_pc1_pc3",655.40288920154,"sampled_pixels",10000,1,2107.31186843937,14533.8222673162,4788.03736451399,"sampled_pixels",10000
"523",32411,FALSE,"all_pixels",7.59307724163285,6.57560357257258,4.54461960646536,156.615504250872,"squared_euclidean_pc1_pc3",609.673655822442,"sampled_pixels",10000,1,1618.63751714435,12236.2271941394,4065.15116654137,"sampled_pixels",10000
"524",27238,FALSE,"all_pixels",7.88904256018035,7.4328684133417,4.05642173437653,157.381891400935,"squared_euclidean_pc1_pc3",491.77995230735,"sampled_pixels",10000,1,1276.71702329434,7491.5269121252,2824.1375869293,"sampled_pixels",10000
"6",27997,FALSE,"all_pixels",8.47382067649422,7.72819806447797,4.55430088268985,185.093105069252,"squared_euclidean_pc1_pc3",797.551391873918,"sampled_pixels",10000,1,1782.558471506,15364.0628062085,4236.15138638734,"sampled_pixels",10000
"600",25802,FALSE,"all_pixels",6.98370893721658,6.32448314937255,3.70362181882553,124.976946956741,"squared_euclidean_pc1_pc3",520.179834869876,"sampled_pixels",10000,1,831.079876107556,8991.74899307332,2660.19607563343,"sampled_pixels",10000
"601",27483,FALSE,"all_pixels",7.98286242077198,7.38438666786081,4.16575771364029,162.157996659337,"squared_euclidean_pc1_pc3",567.302862750009,"sampled_pixels",10000,1,1342.4941283752,9162.70818841298,2852.35862061764,"sampled_pixels",10000
"602",29865,FALSE,"all_pixels",7.67795276340412,7.115877977789,4.14500569321874,152.262911085327,"squared_euclidean_pc1_pc3",605.530147542941,"sampled_pixels",10000,1,1025.15252684086,8566.19975841847,2600.07735174361,"sampled_pixels",10000
"603",29781,FALSE,"all_pixels",6.25183330348968,5.65390009232813,3.50560573415176,102.74855712635,"squared_euclidean_pc1_pc3",490.402839260903,"sampled_pixels",10000,1,878.670597478153,6706.94622409364,2208.260027689,"sampled_pixels",10000
"604",24896,FALSE,"all_pixels",8.69607382584368,7.5960796599816,4.94672064116002,200.181524391146,"squared_euclidean_pc1_pc3",612.268590925539,"sampled_pixels",10000,1,1025.76861513958,8861.40645656606,2753.14387517711,"sampled_pixels",10000
"605",33825,FALSE,"all_pixels",10.2563759895191,9.49791362737232,5.05891647907396,261.570255523361,"squared_euclidean_pc1_pc3",984.636067960647,"sampled_pixels",10000,1,1530.28596559788,16158.127375199,4303.50619963038,"sampled_pixels",10000
"606",32408,FALSE,"all_pixels",11.8294913128915,10.2080072329337,7.13035676812837,381.554567105562,"squared_euclidean_pc1_pc3",1126.69366813189,"sampled_pixels",10000,1,2845.04174988578,34378.2806042522,7115.60904693104,"sampled_pixels",10000
"607",27518,FALSE,"all_pixels",10.9484842843118,9.634564253174,7.41328089404426,349.648089236706,"squared_euclidean_pc1_pc3",1040.0665165995,"sampled_pixels",10000,1,2735.66137048534,32287.7469952015,7467.60907673967,"sampled_pixels",10000
"608",26995,FALSE,"all_pixels",8.07983014815777,7.50034448178222,4.18574235750873,165.606890562362,"squared_euclidean_pc1_pc3",652.631697438471,"sampled_pixels",10000,1,1176.71086319455,11240.4235964248,3286.05231872003,"sampled_pixels",10000
"609",27041,FALSE,"all_pixels",8.86243089675869,8.15515474098145,4.76893715992764,202.569203975605,"squared_euclidean_pc1_pc3",688.016088765492,"sampled_pixels",10000,1,1249.65132288923,9370.17189629351,2931.14020249029,"sampled_pixels",10000
"610",31962,FALSE,"all_pixels",9.54553239104598,8.9203392198897,5.40072629645534,240.568241157807,"squared_euclidean_pc1_pc3",840.142420088567,"sampled_pixels",10000,1,2531.09619291666,20828.5246955381,5956.36539772018,"sampled_pixels",10000
"611",31396,FALSE,"all_pixels",7.14412774483435,6.58451929372479,3.81011665618995,131.110175569795,"squared_euclidean_pc1_pc3",531.996533152556,"sampled_pixels",10000,1,1477.195041585,9206.56012105107,3070.86748809227,"sampled_pixels",10000
"612",28524,FALSE,"all_pixels",8.22469444732278,7.53311306105634,4.486615792634,175.549228621618,"squared_euclidean_pc1_pc3",773.760024090573,"sampled_pixels",10000,1,1333.0097789575,11446.2754487327,3487.63818019184,"sampled_pixels",10000
"613",27388,FALSE,"all_pixels",8.20920998838054,7.20753821486928,5.37762463926513,192.617838998718,"squared_euclidean_pc1_pc3",614.825660605135,"sampled_pixels",10000,1,2503.83239399424,20926.8475993869,6044.15112978207,"sampled_pixels",10000
"614",30209,FALSE,"all_pixels",8.3642379383558,7.52162753260465,4.49922394369518,180.405644572205,"squared_euclidean_pc1_pc3",559.43077375098,"sampled_pixels",10000,1,873.063545111528,6595.12094719493,2369.65652770625,"sampled_pixels",10000
"615",32547,FALSE,"all_pixels",6.71077482605976,5.99935757432038,3.60368760551998,116.041328229379,"squared_euclidean_pc1_pc3",535.90615986664,"sampled_pixels",10000,1,1157.82745937916,8956.58261276373,2748.48052568606,"sampled_pixels",10000
"616",34660,FALSE,"all_pixels",7.88490846260367,6.80323434340584,4.88234712334639,172.016814298836,"squared_euclidean_pc1_pc3",736.995199217412,"sampled_pixels",10000,1,2403.90570077729,18613.7161617372,5178.36747735941,"sampled_pixels",10000
"617",29704,FALSE,"all_pixels",7.86746516954827,7.11857989151796,4.5271673858953,164.783125502645,"squared_euclidean_pc1_pc3",611.140234391492,"sampled_pixels",10000,1,1110.65236713344,8012.37799691568,2790.75844938812,"sampled_pixels",10000
"618",30915,FALSE,"all_pixels",7.29741882604466,6.50429108738904,4.2001997473331,141.78685757827,"squared_euclidean_pc1_pc3",515.516705218219,"sampled_pixels",10000,1,883.071013168314,6140.99032389491,2253.69511018031,"sampled_pixels",10000
"619",28239,FALSE,"all_pixels",7.42304967997314,6.5086238131144,4.40384918784196,148.98973488778,"squared_euclidean_pc1_pc3",551.781536021562,"sampled_pixels",10000,1,1381.08481366321,11941.4020279686,4288.45122948521,"sampled_pixels",10000
"620",26531,FALSE,"all_pixels",8.78981779941102,7.91141792035338,5.26192425796186,209.895400479557,"squared_euclidean_pc1_pc3",755.266341709514,"sampled_pixels",10000,1,2428.23019371837,16818.5503434512,5489.60435532207,"sampled_pixels",10000
"621",32179,FALSE,"all_pixels",7.65374151527288,6.92058622971923,4.17153858069931,151.961905067333,"squared_euclidean_pc1_pc3",575.954155038078,"sampled_pixels",10000,1,1343.96281786533,8765.06132775963,2927.6133042318,"sampled_pixels",10000
"622",33221,FALSE,"all_pixels",7.1548675207864,6.20727239576148,4.61947616135978,145.062093787701,"squared_euclidean_pc1_pc3",598.098683803315,"sampled_pixels",10000,1,1769.19592530502,14172.6729243032,4259.55607185878,"sampled_pixels",10000
"623",35399,FALSE,"all_pixels",7.31013890791469,6.4326389957276,4.01720175151091,139.151169758622,"squared_euclidean_pc1_pc3",592.602813444725,"sampled_pixels",10000,1,1502.20630870935,12391.8308591948,3771.63260155404,"sampled_pixels",10000
"624",34103,FALSE,"all_pixels",8.85497584939598,7.93331315544973,5.0970061723951,208.778614840986,"squared_euclidean_pc1_pc3",641.081220243194,"sampled_pixels",10000,1,1571.14344627537,13681.3878867392,4627.879906648,"sampled_pixels",10000
"7",32500,FALSE,"all_pixels",8.94209297130512,8.28999232087774,4.20149421476068,195.226074377271,"squared_euclidean_pc1_pc3",697.277039247949,"sampled_pixels",10000,1,1146.48343010933,12244.3224547148,3195.18435263278,"sampled_pixels",10000
"700",23364,FALSE,"all_pixels",8.18033835916859,7.3465875331089,4.64684319337526,177.020326256377,"squared_euclidean_pc1_pc3",667.027080353019,"sampled_pixels",10000,1,1312.92679853517,12413.7978873963,3456.02229958558,"sampled_pixels",10000
"701",27291,FALSE,"all_pixels",6.66881224566566,6.03696091122309,3.73301507749157,116.815895428225,"squared_euclidean_pc1_pc3",409.123468631258,"sampled_pixels",10000,1,637.348034505564,4432.59364433505,1726.89701446468,"sampled_pixels",10000
"702",28731,FALSE,"all_pixels",6.96776707787782,6.23369815796686,3.93741876826128,128.105010015109,"squared_euclidean_pc1_pc3",531.731544332328,"sampled_pixels",10000,1,1100.86469426721,8369.94372394767,2547.31666258716,"sampled_pixels",10000
"703",26785,FALSE,"all_pixels",7.90086907284348,7.14951576484341,4.34179130808352,162.548360148128,"squared_euclidean_pc1_pc3",658.63329566386,"sampled_pixels",10000,1,1459.21165885762,15469.2930624084,3878.49581068355,"sampled_pixels",10000
"704",23027,FALSE,"all_pixels",8.66313489326316,8.03740927267423,4.62344981730254,192.850532155827,"squared_euclidean_pc1_pc3",762.964896517844,"sampled_pixels",10000,1,1211.82523576594,9063.38212675102,2905.58208304104,"sampled_pixels",10000
"705",26874,FALSE,"all_pixels",8.90360018480194,8.1411870086904,4.989751165887,208.341572981712,"squared_euclidean_pc1_pc3",789.275258842967,"sampled_pixels",10000,1,1338.79448212102,12283.2477622791,3605.11949305218,"sampled_pixels",10000
"706",30024,FALSE,"all_pixels",9.99785482414723,9.4766334680469,4.73089668061978,244.675478075339,"squared_euclidean_pc1_pc3",824.320710822116,"sampled_pixels",10000,1,1341.40526787011,14269.6988772301,3689.80153916418,"sampled_pixels",10000
"707",26572,FALSE,"all_pixels",8.5650031826372,7.97583523924834,4.18385096127677,181.726459246653,"squared_euclidean_pc1_pc3",742.620119422178,"sampled_pixels",10000,1,1241.8708512857,11402.2957317646,3189.70992780537,"sampled_pixels",10000
"708",26837,FALSE,"all_pixels",8.20548469579581,7.68064411570306,4.22085607750063,170.289882548503,"squared_euclidean_pc1_pc3",689.477786130959,"sampled_pixels",10000,1,1174.43019549311,9681.27340171329,2893.83768317323,"sampled_pixels",10000
"709",26582,FALSE,"all_pixels",7.44356753034962,6.85565112093279,3.91645659735571,141.489505654126,"squared_euclidean_pc1_pc3",530.403160643312,"sampled_pixels",10000,1,1097.47699536699,9031.90198770186,2630.04875827711,"sampled_pixels",10000
"710",26998,FALSE,"all_pixels",6.85337306860442,6.30357235313871,3.69397435598014,121.227327071527,"squared_euclidean_pc1_pc3",490.369593372941,"sampled_pixels",10000,1,986.484810055476,7592.08118871346,2474.75114470836,"sampled_pixels",10000
"711",30154,FALSE,"all_pixels",7.6191327709078,6.67599780632302,4.41799004580248,155.138345854256,"squared_euclidean_pc1_pc3",584.061913122702,"sampled_pixels",10000,1,1313.59337798235,8523.64073213873,2729.32207283898,"sampled_pixels",10000
"712",24373,FALSE,"all_pixels",14.0484042339864,11.9269358080248,10.0412077268226,596.35875470005,"squared_euclidean_pc1_pc3",1530.48028668188,"sampled_pixels",10000,1,4421.88846203075,51282.2292323123,11534.223892265,"sampled_pixels",10000
"713",28554,FALSE,"all_pixels",11.465304926935,9.61099617636152,9.52238575092154,444.251743731557,"squared_euclidean_pc1_pc3",1010.09152663651,"sampled_pixels",10000,1,5520.92719013306,59132.2217158715,13186.0300694253,"sampled_pixels",10000
"714",24555,FALSE,"all_pixels",7.07355805754685,6.52605338820376,3.56127879536704,125.43482749963,"squared_euclidean_pc1_pc3",518.485093275509,"sampled_pixels",10000,1,853.842648962609,5861.28992472998,2201.22891960384,"sampled_pixels",10000
"715",27082,FALSE,"all_pixels",7.1695578726268,6.56512953434109,3.70889342488073,130.315885182523,"squared_euclidean_pc1_pc3",600.030012740692,"sampled_pixels",10000,1,1264.10786412798,7923.24946840814,2818.42201760254,"sampled_pixels",10000
"716",31846,FALSE,"all_pixels",8.63469900379705,7.79617298448375,4.79938814226867,195.182860258,"squared_euclidean_pc1_pc3",726.540467705381,"sampled_pixels",10000,1,2157.77183974673,25288.4474564135,6249.05406244576,"sampled_pixels",10000
"717",28459,FALSE,"all_pixels",9.72112701497897,8.77379462104587,5.28708018157572,244.905090120219,"squared_euclidean_pc1_pc3",710.061025577828,"sampled_pixels",10000,1,1582.22569646129,13699.5829671377,3951.62070722886,"sampled_pixels",10000
"718",27938,FALSE,"all_pixels",7.28314081504982,6.54283283845932,3.98136754894899,137.789720635856,"squared_euclidean_pc1_pc3",530.958097464086,"sampled_pixels",10000,1,1100.20009906931,8084.26592513155,2609.5942952111,"sampled_pixels",10000
"719",29838,FALSE,"all_pixels",6.41561992078233,5.65563957687474,3.6589086459043,109.094685540819,"squared_euclidean_pc1_pc3",425.931933889141,"sampled_pixels",10000,1,1080.18772298316,6383.47599654949,2475.06614058656,"sampled_pixels",10000
"720",29830,FALSE,"all_pixels",7.88444834312775,7.00600976655366,4.47475716834538,164.374612277911,"squared_euclidean_pc1_pc3",635.105422871525,"sampled_pixels",10000,1,1295.8738402134,10835.1974286639,3632.35161155936,"sampled_pixels",10000
"721",30089,FALSE,"all_pixels",7.77396042256314,7.01160150442945,4.20633604662138,156.25427111549,"squared_euclidean_pc1_pc3",588.674380125577,"sampled_pixels",10000,1,939.836460698857,7589.86085385782,2469.8842869435,"sampled_pixels",10000
"722",34737,FALSE,"all_pixels",9.23789742447674,8.79580572947197,4.27054068645609,207.151483125534,"squared_euclidean_pc1_pc3",681.812118032351,"sampled_pixels",10000,1,1013.46980060739,7989.14881857601,2646.48644816476,"sampled_pixels",10000
"723",32763,FALSE,"all_pixels",8.35264959635254,7.39303176345035,4.77301640424376,185.095491053313,"squared_euclidean_pc1_pc3",653.300856668804,"sampled_pixels",10000,1,1687.52825473917,14226.9138452634,3966.59229223263,"sampled_pixels",10000
"724",34915,FALSE,"all_pixels",7.82284262397187,6.85623482657776,4.75747483521974,167.659570559054,"squared_euclidean_pc1_pc3",608.191139139755,"sampled_pixels",10000,1,1511.28148344515,11748.2407893717,3854.00709933532,"sampled_pixels",10000
"8",32924,FALSE,"all_pixels",7.91108271891755,7.158607771626,4.2340128262758,161.02309981264,"squared_euclidean_pc1_pc3",670.727657170007,"sampled_pixels",10000,1,1551.44968641225,10543.4033996153,3170.06054460482,"sampled_pixels",10000
"800",23892,FALSE,"all_pixels",11.8721368800376,9.37133061741486,12.4717549213315,592.971589183391,"squared_euclidean_pc1_pc3",811.3264428732,"sampled_pixels",10000,1,4024.13733490321,53542.4489941867,11070.7321414426,"sampled_pixels",10000
"801",24121,FALSE,"all_pixels",12.1131030570657,9.27528901651681,13.2380140650618,643.930033622274,"squared_euclidean_pc1_pc3",771.812893083178,"sampled_pixels",10000,1,3973.99504598446,42876.1113633619,9610.98336672467,"sampled_pixels",10000
"802",22269,FALSE,"all_pixels",8.76864706101206,7.64543432120723,7.68968348093094,272.035496002992,"squared_euclidean_pc1_pc3",625.876537909625,"sampled_pixels",10000,1,2940.48707497552,23008.6092816814,6688.03916735265,"sampled_pixels",10000
"803",28961,FALSE,"all_pixels",10.9055720903641,9.57918057891872,6.88341925028678,332.622654299364,"squared_euclidean_pc1_pc3",915.670005649062,"sampled_pixels",10000,1,3215.69915495105,34296.3688451712,7843.56085518239,"sampled_pixels",10000
"804",32325,FALSE,"all_pixels",12.2781634720602,10.6129230929181,10.2210000477518,510.437816789432,"squared_euclidean_pc1_pc3",986.374966493715,"sampled_pixels",10000,1,3692.61184029629,45006.6190506258,9721.56027285424,"sampled_pixels",10000
"805",28847,FALSE,"all_pixels",8.42305428599474,7.92832816864627,4.23432894081176,177.753527089202,"squared_euclidean_pc1_pc3",650.562860231927,"sampled_pixels",10000,1,1023.72916969172,12312.5800132978,3304.57617535578,"sampled_pixels",10000
"806",29849,FALSE,"all_pixels",9.14631657508122,8.65730248573935,4.58244600307012,209.306429522646,"squared_euclidean_pc1_pc3",771.844001630953,"sampled_pixels",10000,1,1304.77600659161,11289.3701333674,3343.24467161441,"sampled_pixels",10000
"807",32818,FALSE,"all_pixels",8.68228722212137,8.06226210036595,4.58967161536253,192.893110136616,"squared_euclidean_pc1_pc3",754.858316370068,"sampled_pixels",10000,1,1354.97413686352,13356.150778305,3849.33326691799,"sampled_pixels",10000
"808",28576,FALSE,"all_pixels",7.82872085813266,7.18049323312048,4.18691395550639,157.637010569666,"squared_euclidean_pc1_pc3",674.415701333479,"sampled_pixels",10000,1,1132.61902672382,11209.8260530459,3119.25789105763,"sampled_pixels",10000
"809",30223,FALSE,"all_pixels",7.81100168439542,7.44074400178521,3.81242562357925,151.091711074846,"squared_euclidean_pc1_pc3",604.456229480332,"sampled_pixels",10000,1,1032.56587366419,9383.84624186988,2794.26311400359,"sampled_pixels",10000
"810",27661,FALSE,"all_pixels",7.36351405567051,6.61494656051792,4.21576697357519,143.986775811033,"squared_euclidean_pc1_pc3",606.623307240344,"sampled_pixels",10000,1,1092.72329209405,9639.19843246668,2845.84301111949,"sampled_pixels",10000
"811",24888,FALSE,"all_pixels",8.44737230454518,7.88025783473558,4.34283176591022,180.435057592262,"squared_euclidean_pc1_pc3",697.106099007458,"sampled_pixels",10000,1,1735.00769701588,15588.9820329851,4434.08227989575,"sampled_pixels",10000
"812",25823,FALSE,"all_pixels",11.8999843144999,9.7293271836045,8.77710806843581,437.288538870748,"squared_euclidean_pc1_pc3",1355.5917693261,"sampled_pixels",10000,1,2801.70167178171,25285.0291670631,6304.69860319129,"sampled_pixels",10000
"813",28028,FALSE,"all_pixels",5.96691955246288,5.40944614964047,3.25598861047123,92.4104250633815,"squared_euclidean_pc1_pc3",445.059430235868,"sampled_pixels",10000,1,889.18308900148,5506.17427691674,2122.22393335645,"sampled_pixels",10000
"814",22979,FALSE,"all_pixels",6.29213542863261,5.61735717757331,3.530019360226,104.102925312992,"squared_euclidean_pc1_pc3",497.810863253808,"sampled_pixels",10000,1,796.840231518653,5219.09965102666,1973.07050597715,"sampled_pixels",10000
"815",24090,FALSE,"all_pixels",5.77161727816201,5.13982388132994,3.42443958490467,90.0757313712045,"squared_euclidean_pc1_pc3",464.207045366564,"sampled_pixels",10000,1,752.810611286987,4452.8207000397,1820.78499210061,"sampled_pixels",10000
"816",27742,FALSE,"all_pixels",6.70651170847916,6.20148044446835,3.62599714746058,116.249361352286,"squared_euclidean_pc1_pc3",448.483531275971,"sampled_pixels",10000,1,931.934624909985,5831.01210139876,2302.09008553185,"sampled_pixels",10000
"817",22967,FALSE,"all_pixels",5.34688257703419,4.56630602001539,3.6805387829379,84.2698584132342,"squared_euclidean_pc1_pc3",411.744929584811,"sampled_pixels",10000,1,1411.60984917559,8327.48512301946,3276.3917874105,"sampled_pixels",10000
"818",28390,FALSE,"all_pixels",8.65042966504382,8.27437978848647,3.90455078730492,180.149826474909,"squared_euclidean_pc1_pc3",743.696054178221,"sampled_pixels",10000,1,1334.17425300728,10399.8873611639,3244.95467697912,"sampled_pixels",10000
"819",28134,FALSE,"all_pixels",9.10439942575146,7.83436193859158,5.33710544956731,222.747542036545,"squared_euclidean_pc1_pc3",675.30564590035,"sampled_pixels",10000,1,1303.72881564402,10686.0819694624,3264.73782766279,"sampled_pixels",10000
"820",29570,FALSE,"all_pixels",6.93020638621113,6.2302502943981,3.65530637093575,122.777146737701,"squared_euclidean_pc1_pc3",478.207725957754,"sampled_pixels",10000,1,1021.56054147933,6793.98226288924,2387.34274683726,"sampled_pixels",10000
"821",29194,FALSE,"all_pixels",8.26357995275836,7.7451214977995,4.27438570711343,173.113001964999,"squared_euclidean_pc1_pc3",617.260098395311,"sampled_pixels",10000,1,1553.83750288638,9500.15856243513,3445.04515341524,"sampled_pixels",10000
"822",31742,FALSE,"all_pixels",8.02506678987985,7.31073750437248,4.51146041929088,169.508661774522,"squared_euclidean_pc1_pc3",632.487941192332,"sampled_pixels",10000,1,1175.78694017753,7051.79926209803,2608.91158282806,"sampled_pixels",10000
"823",32894,FALSE,"all_pixels",7.36659561992071,6.52425116990682,4.32557865353796,145.953585798928,"squared_euclidean_pc1_pc3",592.603194636473,"sampled_pixels",10000,1,1155.02334038856,8943.15036900217,2827.17537263232,"sampled_pixels",10000
"824",33400,FALSE,"all_pixels",8.45226608615923,7.40467733230951,4.98943182975111,192.668973265512,"squared_euclidean_pc1_pc3",708.040479830154,"sampled_pixels",10000,1,1802.30197693401,15500.2875882309,4396.78154813195,"sampled_pixels",10000
"9",35583,FALSE,"all_pixels",6.74752652039562,5.7537394196451,4.36133574518443,129.099658131275,"squared_euclidean_pc1_pc3",682.530792169488,"sampled_pixels",10000,1,1655.61383867166,16873.6111405099,4676.22386441515,"sampled_pixels",10000
"900",18364,FALSE,"all_pixels",8.87151061217311,8.24593741564351,4.49865865001582,197.881056295218,"squared_euclidean_pc1_pc3",642.012261152185,"sampled_pixels",10000,1,1351.79847375534,13714.3337780636,3813.35187099309,"sampled_pixels",10000
"901",22989,FALSE,"all_pixels",7.85403158501399,7.23186573051432,4.06580605895743,156.43174394806,"squared_euclidean_pc1_pc3",633.530095412349,"sampled_pixels",10000,1,1193.52749279185,11823.396532382,3177.08054350337,"sampled_pixels",10000
"902",26928,FALSE,"all_pixels",8.10703208580137,7.37567570846107,4.49615932970689,171.877334472149,"squared_euclidean_pc1_pc3",644.006444922196,"sampled_pixels",10000,1,1506.13654893426,13313.4524887403,3761.3204411393,"sampled_pixels",10000
"903",25362,FALSE,"all_pixels",8.41959973805343,7.74406369969673,4.52223686485762,182.678959323583,"squared_euclidean_pc1_pc3",665.55422912552,"sampled_pixels",10000,1,1338.4062041939,12787.0655655994,3498.1119844901,"sampled_pixels",10000
"904",30702,FALSE,"all_pixels",9.52431376442919,8.99881106033647,4.71043521057518,225.800059721472,"squared_euclidean_pc1_pc3",747.443098801371,"sampled_pixels",10000,1,1616.62648346709,13791.22269214,3814.26122775545,"sampled_pixels",10000
"905",27021,FALSE,"all_pixels",10.987267821479,8.77144619882217,10.8827425744969,478.299514170157,"squared_euclidean_pc1_pc3",789.791878112778,"sampled_pixels",10000,1,4253.54149241177,53161.845960122,11311.3834058787,"sampled_pixels",10000
"906",32176,FALSE,"all_pixels",7.95414700061645,7.43089295429229,4.06581953233956,159.59765842482,"squared_euclidean_pc1_pc3",606.814098550861,"sampled_pixels",10000,1,1085.59259106684,8529.70962247596,2607.650628715,"sampled_pixels",10000
"907",29655,FALSE,"all_pixels",7.69163347370411,7.04022489379583,4.18891549802874,153.415293676776,"squared_euclidean_pc1_pc3",585.150809607898,"sampled_pixels",10000,1,1231.46019676816,10762.9590569987,3318.10930922686,"sampled_pixels",10000
"908",NA,TRUE,"manual_excluded",NA,NA,NA,NA,"squared_euclidean_pc1_pc3",NA,"manual_excluded",NA,1,NA,NA,NA,"manual_excluded",NA
"909",NA,TRUE,"manual_excluded",NA,NA,NA,NA,"squared_euclidean_pc1_pc3",NA,"manual_excluded",NA,1,NA,NA,NA,"manual_excluded",NA
"910",29396,FALSE,"all_pixels",8.10809085406013,7.40104880421017,4.14377332149519,165.82282103078,"squared_euclidean_pc1_pc3",694.204008238045,"sampled_pixels",10000,1,1082.55153869433,10426.9363839893,2936.16252040316,"sampled_pixels",10000
"911",31602,FALSE,"all_pixels",9.26641955970536,8.78115869875289,4.35023994674015,209.581040418502,"squared_euclidean_pc1_pc3",687.026108979229,"sampled_pixels",10000,1,1311.35546418381,14461.516608249,3733.3911365347,"sampled_pixels",10000
"912",29618,FALSE,"all_pixels",9.24698043845768,8.79085663847719,4.5123842002456,211.735141851269,"squared_euclidean_pc1_pc3",757.029654336468,"sampled_pixels",10000,1,1364.34660006297,15108.7347168687,3742.05095812299,"sampled_pixels",10000
"913",18955,FALSE,"all_pixels",6.87264998347916,6.46205571477481,3.39894892246231,117.571124168926,"squared_euclidean_pc1_pc3",556.354694883496,"sampled_pixels",10000,1,899.860817012787,8701.19264073793,2556.50838200529,"sampled_pixels",10000
"914",24027,FALSE,"all_pixels",6.05874150159443,5.46610458033391,3.54102403385571,98.4933558529018,"squared_euclidean_pc1_pc3",494.822187023671,"sampled_pixels",10000,1,1049.9789872989,7941.40370994976,2595.02574518804,"sampled_pixels",10000
"915",26333,FALSE,"all_pixels",5.300723789817,4.90921020439807,2.83994829808609,72.3253455008023,"squared_euclidean_pc1_pc3",416.083149626804,"sampled_pixels",10000,1,663.93009971741,3462.5073426001,1578.63514518436,"sampled_pixels",10000
"916",21808,FALSE,"all_pixels",6.2795674011328,5.83345000030606,3.25888073279156,100.105566769502,"squared_euclidean_pc1_pc3",365.598192356295,"sampled_pixels",10000,1,498.362448644648,2963.94740687732,1279.7747532221,"sampled_pixels",10000
"917",17861,FALSE,"all_pixels",4.02754219486042,3.69406849143234,2.19673310258478,42.092924556194,"squared_euclidean_pc1_pc3",241.857528853193,"sampled_pixels",10000,1,329.581967937354,1776.79129377285,902.809246120034,"sampled_pixels",10000
"918",19833,FALSE,"all_pixels",7.64182272565059,6.6674277698028,5.16602883091644,170.167925646872,"squared_euclidean_pc1_pc3",648.594554654259,"sampled_pixels",10000,1,1968.20066582072,14578.9380146914,4579.4541547512,"sampled_pixels",10000
"919",29383,FALSE,"all_pixels",8.75134328335121,7.6462248836234,5.66061981801243,217.255070943277,"squared_euclidean_pc1_pc3",741.167904963563,"sampled_pixels",10000,1,2575.88734623387,20184.8216152924,5989.78272925162,"sampled_pixels",10000
"920",24921,FALSE,"all_pixels",6.95952140015679,6.45096524514754,3.23614093799036,117.814252115033,"squared_euclidean_pc1_pc3",544.463950377603,"sampled_pixels",10000,1,1026.98855847732,6712.88516395184,2440.82086749855,"sampled_pixels",10000
"921",30232,FALSE,"all_pixels",6.71506463681331,6.34432393249521,3.30822278622135,112.072138136291,"squared_euclidean_pc1_pc3",507.835246608171,"sampled_pixels",10000,1,763.037710874803,5210.69269813415,2028.31874342968,"sampled_pixels",10000
"922",29921,FALSE,"all_pixels",7.58185150330596,7.04450836885239,3.87252023680647,144.960768004797,"squared_euclidean_pc1_pc3",571.429239580157,"sampled_pixels",10000,1,1013.37444497675,6596.23885728732,2309.02483197941,"sampled_pixels",10000
"923",28945,FALSE,"all_pixels",8.92614518406843,8.35730307245927,4.48410456066342,199.565133778095,"squared_euclidean_pc1_pc3",668.000926197154,"sampled_pixels",10000,1,1038.08679692933,8522.22903105091,2653.91231597052,"sampled_pixels",10000
"924",29027,FALSE,"all_pixels",7.8757988599027,6.78628841142007,4.80822607510024,170.2928984085,"squared_euclidean_pc1_pc3",708.747898895763,"sampled_pixels",10000,1,1638.93618928097,12879.4012060511,3876.46180574421,"sampled_pixels",10000
