"quad_id","n_pixels","manual_excluded","metric_method","pca_euclidean_mean","pca_euclidean_median","pca_euclidean_sd","rao_q_pca","rao_q_distance","alpha_hull_area","alpha_hull_method","alpha_hull_n_points","alpha_hull_alpha","pca_convex_hull_area","pca_hull_volume_3d","pca_hull_area_3d","pca_hull_3d_method","pca_hull_3d_n_points","standardized_PCA_n_pixels","standardized_PCA_manual_excluded","standardized_PCA_metric_method","standardized_PCA_pca_euclidean_mean","standardized_PCA_pca_euclidean_median","standardized_PCA_pca_euclidean_sd","standardized_PCA_rao_q_pca","standardized_PCA_rao_q_distance","standardized_PCA_alpha_hull_area","standardized_PCA_alpha_hull_method","standardized_PCA_alpha_hull_n_points","standardized_PCA_alpha_hull_alpha","standardized_PCA_pca_convex_hull_area","standardized_PCA_pca_hull_volume_3d","standardized_PCA_pca_hull_area_3d","standardized_PCA_pca_hull_3d_method","standardized_PCA_pca_hull_3d_n_points","sa_n_pixels","sa_n_pairs","sa_method","sa_entropy","sa_exact_entropy","sa_boot_mean","sa_boot_sd","sa_boot_cv","sa_boot_median","sa_boot_min","sa_boot_max","scale"
"0",21506,FALSE,"all_pixels",8.39247020390954,7.91186758521613,4.19377700527843,176.041007772258,"squared_euclidean_pc1_pc3",685.864193379139,"sampled_pixels",10000,1,1324.81481159997,12912.8256764093,3396.15729497174,"sampled_pixels",10000,21506,FALSE,"all_pixels",7.28190112843498,6.42917675924403,4.42739318301362,145.253965967094,"squared_euclidean_pc1_pc3",751.471956763795,"sampled_pixels",10000,1,2493.10734095682,45385.0208006909,7130.10332835155,"sampled_pixels",10000,21506,231243265,"bootstrap_mean",2.93169469432718,NA,2.93169469432718,0.0108841088097139,0.00371256557880144,2.93088955497769,2.90607349060828,2.95610592798437,"20m"
"1",30116,FALSE,"all_pixels",9.07382551450852,7.83371559622861,5.34398420398501,221.783056735868,"squared_euclidean_pc1_pc3",861.175859439672,"sampled_pixels",10000,1,1728.7990988352,19324.8129545993,4979.78615314456,"sampled_pixels",10000,30116,FALSE,"all_pixels",7.1354326970235,6.16544166418102,4.46080512559369,141.625042808765,"squared_euclidean_pc1_pc3",738.62307889207,"sampled_pixels",10000,1,2299.30498307441,43000.4289086618,7143.55096956079,"sampled_pixels",10000,30116,453471670,"bootstrap_mean",2.77962750086045,NA,2.77962750086045,0.0826021254669235,0.0297169766241533,2.76912353485673,2.74700507918537,3.45406406126601,"20m"
"10",30355,FALSE,"all_pixels",8.04219988254954,7.28893977316999,4.42537623959355,168.52057729757,"squared_euclidean_pc1_pc3",723.519422480098,"sampled_pixels",10000,1,1519.40318323851,13926.1856912479,3996.57952569234,"sampled_pixels",10000,30355,FALSE,"all_pixels",7.59305730008991,6.59575131971544,4.99010707337292,165.10973486896,"squared_euclidean_pc1_pc3",736.468172755674,"sampled_pixels",10000,1,3045.5732827667,71182.5952130773,10845.1008891315,"sampled_pixels",10000,30355,460697835,"bootstrap_mean",2.8281826165553,NA,2.8281826165553,0.0835365521640893,0.0295371846482233,2.83869278661488,2.14793615548874,2.86867185919867,"20m"
"100",30808,FALSE,"all_pixels",8.75761163620356,8.13425752636996,4.43041135921498,192.647338515,"squared_euclidean_pc1_pc3",709.142165554483,"sampled_pixels",10000,1,1508.99003474562,13359.9541219052,3565.16166859694,"sampled_pixels",10000,30808,FALSE,"all_pixels",6.62637310365144,5.81166148899064,4.09556190937758,121.363806810933,"squared_euclidean_pc1_pc3",595.339791305367,"sampled_pixels",10000,1,2418.61578972032,35646.0355299562,6378.00742333226,"sampled_pixels",10000,30808,474551028,"bootstrap_mean",2.78188656943148,NA,2.78188656943148,0.0120786906616687,0.00434190624247387,2.78315167908022,2.75805517574114,2.80841445827827,"20m"
"1000",29877,FALSE,"all_pixels",7.96931401532829,7.34852817257686,4.12104126869229,160.984757166478,"squared_euclidean_pc1_pc3",633.685544518575,"sampled_pixels",10000,1,1362.48310290362,10027.466179634,3328.38548505606,"sampled_pixels",10000,29877,FALSE,"all_pixels",8.04962002395185,7.023144516699,4.82820217262656,176.214276999058,"squared_euclidean_pc1_pc3",778.982593982343,"sampled_pixels",10000,1,2053.71876615121,28709.3877516096,5731.68654239429,"sampled_pixels",10000,29877,446302626,"bootstrap_mean",2.82510462632241,NA,2.82510462632241,0.0114317958658892,0.00404650353809041,2.82457264939712,2.79743622504089,2.85308151226269,"20m"
"1001",31500,FALSE,"all_pixels",7.82490189339398,6.89068642304717,4.35961169578564,160.469400814788,"squared_euclidean_pc1_pc3",691.842395948357,"sampled_pixels",10000,1,1120.01040155328,9591.37290005083,2840.1012588612,"sampled_pixels",10000,31500,FALSE,"all_pixels",7.33487962647903,6.40967852614569,4.35056488625587,145.454546188295,"squared_euclidean_pc1_pc3",718.200421580524,"sampled_pixels",10000,1,2192.79909577006,34016.5291969292,5862.13360178936,"sampled_pixels",10000,31500,496109250,"bootstrap_mean",2.86469066399077,NA,2.86469066399077,0.013727695035917,0.00479203399113015,2.86630073382787,2.83090493134058,2.89874645728442,"20m"
"1002",33370,FALSE,"all_pixels",9.50351052115619,8.74598875785994,5.03191305037604,231.272204804899,"squared_euclidean_pc1_pc3",861.257453106753,"sampled_pixels",10000,1,1694.41809386493,16835.1582755479,4301.96227696084,"sampled_pixels",10000,33370,FALSE,"all_pixels",7.70422375147201,6.8130949488531,4.80105036907366,164.808915032811,"squared_euclidean_pc1_pc3",722.917542365084,"sampled_pixels",10000,1,3919.22715951237,81183.8949084962,11398.4394877319,"sampled_pixels",10000,33370,556761765,"bootstrap_mean",2.85131045280708,NA,2.85131045280708,0.011628656311074,0.00407835502431023,2.84991078221319,2.82619606596851,2.87389920540021,"20m"
"1003",33621,FALSE,"all_pixels",8.18314184128589,7.29813862518181,4.64865718521896,177.14636253369,"squared_euclidean_pc1_pc3",762.789477148855,"sampled_pixels",10000,1,1335.64610260535,18058.0037562791,4162.41260230787,"sampled_pixels",10000,33621,FALSE,"all_pixels",7.84632880353882,6.79985178842233,4.80425686229023,169.290146380196,"squared_euclidean_pc1_pc3",782.60620703442,"sampled_pixels",10000,1,2278.58750950072,55152.2653681,8756.38712235418,"sampled_pixels",10000,33621,565169010,"bootstrap_mean",2.83717867165723,NA,2.83717867165723,0.0110976957717546,0.00391152516498804,2.83836420033082,2.81334514718663,2.86347711293659,"20m"
"1004",29272,FALSE,"all_pixels",7.49987375183002,6.77532704926288,4.0350960582509,145.059100522967,"squared_euclidean_pc1_pc3",657.061802904139,"sampled_pixels",10000,1,1131.13563324885,9785.0500573029,2818.17977865243,"sampled_pixels",10000,29272,FALSE,"all_pixels",7.0682680039883,6.31666149166567,4.07361436027715,133.108359262383,"squared_euclidean_pc1_pc3",714.155415466533,"sampled_pixels",10000,1,1919.01118543839,28773.5125031833,5184.21578164933,"sampled_pixels",10000,29272,428410356,"bootstrap_mean",2.87153179702243,NA,2.87153179702243,0.0125113882828357,0.00435704326722382,2.86877006958643,2.8424568924612,2.90786457421437,"20m"
"1005",30323,FALSE,"all_pixels",8.18139656269337,7.73767748795859,4.18975950289738,168.977511009745,"squared_euclidean_pc1_pc3",628.340687973554,"sampled_pixels",10000,1,1063.3094233795,8072.52325387631,2606.01015874975,"sampled_pixels",10000,30323,FALSE,"all_pixels",6.864274935226,6.19659011868106,3.77499218064085,122.736732782595,"squared_euclidean_pc1_pc3",622.440466778247,"sampled_pixels",10000,1,1616.25253704369,22682.3529361343,4647.79775145392,"sampled_pixels",10000,30323,459727003,"bootstrap_mean",2.79708111879606,NA,2.79708111879606,0.0116366360900016,0.00416027837441137,2.79762690093836,2.77137355142916,2.81862581340944,"20m"
"1006",31780,FALSE,"all_pixels",8.15465054589428,7.41580309829745,4.50286688197071,173.546995354097,"squared_euclidean_pc1_pc3",701.109213673384,"sampled_pixels",10000,1,1277.4678369682,13409.7857079316,3597.97449037203,"sampled_pixels",10000,31780,FALSE,"all_pixels",6.88611347549667,5.99434285755247,4.25591344822412,131.061576265708,"squared_euclidean_pc1_pc3",669.042563424096,"sampled_pixels",10000,1,2095.58102816322,31158.4336876193,5569.67772763367,"sampled_pixels",10000,31780,504968310,"bootstrap_mean",2.78114105428054,NA,2.78114105428054,0.0133474642250185,0.00479927625550492,2.77959989980529,2.74640777550892,2.8132804433092,"20m"
"1007",30080,FALSE,"all_pixels",8.83010381195362,8.22509916227851,4.48638258680273,196.195385816903,"squared_euclidean_pc1_pc3",775.106963219064,"sampled_pixels",10000,1,1872.43808346638,17428.2628150776,4193.6659230901,"sampled_pixels",10000,30080,FALSE,"all_pixels",7.67885519954131,6.68154051378033,5.16809537670738,171.346278118221,"squared_euclidean_pc1_pc3",749.194851180082,"sampled_pixels",10000,1,4527.53483755203,102246.373837214,14060.8865378982,"sampled_pixels",10000,30080,452388160,"bootstrap_mean",2.85570961853722,NA,2.85570961853722,0.0812867309460852,0.0284646346457742,2.86431236306785,2.19312828889414,2.89361429438584,"20m"
"1008",27306,FALSE,"all_pixels",9.40181428428972,8.69582608150817,4.83468372226195,223.534845044261,"squared_euclidean_pc1_pc3",741.761069963161,"sampled_pixels",10000,1,1324.53500671959,13441.2462255106,3619.78501819774,"sampled_pixels",10000,27306,FALSE,"all_pixels",7.70713138954685,6.97982381826806,4.21884506595937,154.395752248458,"squared_euclidean_pc1_pc3",674.02176449598,"sampled_pixels",10000,1,1900.13370112431,31076.1014338004,5554.51820171801,"sampled_pixels",10000,27306,372795165,"bootstrap_mean",2.76789099256034,NA,2.76789099256034,0.0810139846763462,0.0292692107073939,2.75886370161056,2.72266146374251,3.43031665783942,"20m"
"1009",NA,TRUE,"manual_excluded",NA,NA,NA,NA,"squared_euclidean_pc1_pc3",NA,"manual_excluded",NA,1,NA,NA,NA,"manual_excluded",NA,NA,TRUE,"manual_excluded",NA,NA,NA,NA,"squared_euclidean_pc1_pc3",NA,"manual_excluded",NA,1,NA,NA,NA,"manual_excluded",NA,29417,432665236,"bootstrap_mean",2.80849020909395,NA,2.80849020909395,0.0105171451930128,0.00374476833102642,2.80729151790953,2.78076448501952,2.83778036272156,"20m"
"101",34471,FALSE,"all_pixels",9.4051472519734,8.12374069804855,5.61261987030437,239.914765569322,"squared_euclidean_pc1_pc3",936.665797031976,"sampled_pixels",10000,1,1840.93924528029,16774.6096468053,4569.87885681258,"sampled_pixels",10000,34471,FALSE,"all_pixels",8.15673145449824,7.10488691251725,4.96181721075869,182.302367681929,"squared_euclidean_pc1_pc3",783.027392329771,"sampled_pixels",10000,1,2736.62706245542,39266.0524025816,6803.05015300189,"sampled_pixels",10000,34471,594107685,"bootstrap_mean",2.79019862776734,NA,2.79019862776734,0.0122558911128128,0.00439247980084475,2.79186864047554,2.76109865234533,2.82227616374692,"20m"
"1010",NA,TRUE,"manual_excluded",NA,NA,NA,NA,"squared_euclidean_pc1_pc3",NA,"manual_excluded",NA,1,NA,NA,NA,"manual_excluded",NA,NA,TRUE,"manual_excluded",NA,NA,NA,NA,"squared_euclidean_pc1_pc3",NA,"manual_excluded",NA,1,NA,NA,NA,"manual_excluded",NA,29966,448965595,"bootstrap_mean",2.7861859882824,NA,2.7861859882824,0.0819032976230845,0.0293962061282116,2.77734698417577,2.74604317959772,3.4558596983816,"20m"
"1011",33094,FALSE,"all_pixels",8.71376729216681,7.98934765492689,4.66156009127477,195.318452575608,"squared_euclidean_pc1_pc3",733.744588515978,"sampled_pixels",10000,1,1729.78004868023,17083.1232966669,4215.59925795698,"sampled_pixels",10000,33094,FALSE,"all_pixels",7.55051773933336,6.58103542699837,4.70009251431927,158.201040512546,"squared_euclidean_pc1_pc3",704.65718339883,"sampled_pixels",10000,1,2811.25696325929,34957.5010544992,6577.6689252951,"sampled_pixels",10000,33094,547589871,"bootstrap_mean",2.77752568875323,NA,2.77752568875323,0.012118311779193,0.00436298819062684,2.77880222327037,2.7453833588844,2.80332652332405,"20m"
"1012",36566,FALSE,"all_pixels",10.1984121016321,8.58939843270322,6.76770047119019,299.616252968791,"squared_euclidean_pc1_pc3",942.431725653307,"sampled_pixels",10000,1,2103.24146657628,22541.1140571419,5358.46282483143,"sampled_pixels",10000,36566,FALSE,"all_pixels",11.0514228901694,9.57129333852724,7.05885066259395,343.91991580934,"squared_euclidean_pc1_pc3",1091.80634967548,"sampled_pixels",10000,1,3188.43307807535,48565.8670197456,8269.35214118885,"sampled_pixels",10000,36566,668517895,"bootstrap_mean",2.84759049210399,NA,2.84759049210399,0.0115215299827052,0.00404606280806632,2.84775326183557,2.82348032311404,2.87820313433003,"20m"
"1013",NA,TRUE,"manual_excluded",NA,NA,NA,NA,"squared_euclidean_pc1_pc3",NA,"manual_excluded",NA,1,NA,NA,NA,"manual_excluded",NA,NA,TRUE,"manual_excluded",NA,NA,NA,NA,"squared_euclidean_pc1_pc3",NA,"manual_excluded",NA,1,NA,NA,NA,"manual_excluded",NA,32476,527329050,"bootstrap_mean",2.90002882671075,NA,2.90002882671075,0.011617892145228,0.00400612988333815,2.89886058846378,2.87524679556752,2.93054371581919,"20m"
"1014",NA,TRUE,"manual_excluded",NA,NA,NA,NA,"squared_euclidean_pc1_pc3",NA,"manual_excluded",NA,1,NA,NA,NA,"manual_excluded",NA,NA,TRUE,"manual_excluded",NA,NA,NA,NA,"squared_euclidean_pc1_pc3",NA,"manual_excluded",NA,1,NA,NA,NA,"manual_excluded",NA,19302,186273951,"bootstrap_mean",3.08144354060703,NA,3.08144354060703,0.00948289587881484,0.00307741996692458,3.08125722521117,3.05682504801215,3.1035011479384,"20m"
"1015",16484,FALSE,"all_pixels",4.68440813703919,4.16253636367444,2.72646349992683,58.7536637041837,"squared_euclidean_pc1_pc3",348.616575339613,"sampled_pixels",10000,1,626.546113027803,3934.05407021186,1534.9010989532,"sampled_pixels",10000,16484,FALSE,"all_pixels",7.2864568282932,6.59392348451333,4.06362878090853,139.209060431085,"squared_euclidean_pc1_pc3",658.483393242137,"sampled_pixels",10000,1,2339.24594813132,38948.9805915632,6262.97175378369,"sampled_pixels",10000,16484,135852886,"bootstrap_mean",3.03457948499785,NA,3.03457948499785,0.0104095858955268,0.0034303223715144,3.0360579338893,3.01052397945253,3.05827954624266,"20m"
"1016",14776,FALSE,"all_pixels",4.29646844015214,3.95482654570024,2.13177661612067,46.0076100812644,"squared_euclidean_pc1_pc3",231.238251513454,"sampled_pixels",10000,1,401.314579112614,2450.31620028389,1110.52355214196,"sampled_pixels",10000,14776,FALSE,"all_pixels",6.44754621277707,5.79897195777107,3.60495218186747,109.131305773416,"squared_euclidean_pc1_pc3",555.991575541268,"sampled_pixels",10000,1,1776.02130683725,31452.8186366288,5711.202074629,"sampled_pixels",10000,14776,109157700,"bootstrap_mean",3.00205067636279,NA,3.00205067636279,0.0109909791720224,0.0036611571078936,3.00291296275809,2.96603619972312,3.02775606727258,"20m"
"1017",22304,FALSE,"all_pixels",4.44537542089525,3.97329976566508,2.58700838750284,52.9073499327697,"squared_euclidean_pc1_pc3",269.702212947212,"sampled_pixels",10000,1,496.465938606173,2738.45277631951,1201.26485835797,"sampled_pixels",10000,22304,FALSE,"all_pixels",5.72708715007873,5.19107169151307,3.16215354028702,85.5965878441397,"squared_euclidean_pc1_pc3",493.665322526118,"sampled_pixels",10000,1,1504.40518335603,17259.1090697448,3840.45261303477,"sampled_pixels",10000,22304,248723056,"bootstrap_mean",2.88086259225612,NA,2.88086259225612,0.0116106789854271,0.0040302786452353,2.88017919423942,2.85536421465129,2.91688029909286,"20m"
"1018",19813,FALSE,"all_pixels",7.11149885257487,5.58346131655764,5.12678288861817,153.711984236727,"squared_euclidean_pc1_pc3",516.164127733295,"sampled_pixels",10000,1,1323.64490601082,10029.6042953613,3276.30597900002,"sampled_pixels",10000,19813,FALSE,"all_pixels",10.6723341770358,8.20315038128291,8.82486679652227,383.546120194536,"squared_euclidean_pc1_pc3",1018.97691817108,"sampled_pixels",10000,1,3003.07409084595,41844.4926859619,8120.63312862544,"sampled_pixels",10000,19813,196267578,"bootstrap_mean",3.10084059731594,NA,3.10084059731594,0.01072672945547,0.00345929728369624,3.10168235090321,3.07671575617685,3.12597321661001,"20m"
"1019",28560,FALSE,"all_pixels",8.11593288797122,7.52765615108788,3.99718657644189,163.690615465294,"squared_euclidean_pc1_pc3",544.024240768978,"sampled_pixels",10000,1,871.532143138153,6393.35729215783,2220.42896994741,"sampled_pixels",10000,28560,FALSE,"all_pixels",6.72953605896622,6.09478608607475,3.64006620455382,117.072547208034,"squared_euclidean_pc1_pc3",596.927115479478,"sampled_pixels",10000,1,1687.22016192419,26551.2520520986,4920.86032482919,"sampled_pixels",10000,28560,407822520,"bootstrap_mean",2.87392544468417,NA,2.87392544468417,0.0120747543064824,0.00420148488152913,2.87240698545882,2.84905624033822,2.89926560719232,"20m"
"102",23038,FALSE,"all_pixels",8.75584334114246,8.16055420286386,4.58399037894315,195.35369661705,"squared_euclidean_pc1_pc3",644.695573499964,"sampled_pixels",10000,1,1250.30057450473,10185.506801261,3059.69923209223,"sampled_pixels",10000,23038,FALSE,"all_pixels",6.49758709174203,5.86017010381703,3.59118355150877,110.229355037146,"squared_euclidean_pc1_pc3",582.112057674604,"sampled_pixels",10000,1,1698.26069341259,24657.0140579197,4827.75446523321,"sampled_pixels",10000,23038,265363203,"bootstrap_mean",2.82288530881549,NA,2.82288530881549,0.0100043779028206,0.00354402563631553,2.82358639306598,2.80201531775305,2.8444304043751,"20m"
"1020",28330,FALSE,"all_pixels",6.60033333836347,6.13205490371214,3.46905833940648,111.196682294843,"squared_euclidean_pc1_pc3",462.067542965859,"sampled_pixels",10000,1,719.686504634277,4283.05000669193,1770.00480147295,"sampled_pixels",10000,28330,FALSE,"all_pixels",5.71308331265383,5.03305125434888,3.33742743804181,87.5546993489799,"squared_euclidean_pc1_pc3",494.989495156757,"sampled_pixels",10000,1,1435.2784553643,20233.1263243817,4138.37789977053,"sampled_pixels",10000,28330,401280285,"bootstrap_mean",2.78904072559041,NA,2.78904072559041,0.0133002786772751,0.00476876459896784,2.78926296404896,2.75826142342342,2.81950315333873,"20m"
"1021",26283,FALSE,"all_pixels",6.80904979998587,6.32209765129089,3.60178812640818,118.671086603727,"squared_euclidean_pc1_pc3",491.589761792327,"sampled_pixels",10000,1,1174.73298661248,8485.62090338702,2905.66879036437,"sampled_pixels",10000,26283,FALSE,"all_pixels",5.51529382589323,4.84390272320815,3.51911910163838,85.6043881015638,"squared_euclidean_pc1_pc3",461.156275690455,"sampled_pixels",10000,1,2349.48551342794,42198.4367972361,7274.51375685173,"sampled_pixels",10000,26283,345384903,"bootstrap_mean",2.73884460034468,NA,2.73884460034468,0.0814169537342514,0.0297267518295873,2.74825308487328,2.07604268044168,2.78151697332591,"20m"
"1022",28316,FALSE,"all_pixels",7.23871318018595,6.59275526829397,4.00168702195901,136.823803996848,"squared_euclidean_pc1_pc3",582.068077657208,"sampled_pixels",10000,1,1026.15863549193,7116.22711915562,2475.58491876955,"sampled_pixels",10000,28316,FALSE,"all_pixels",5.66588911939236,5.20278307202301,3.04315694509498,82.7255533074739,"squared_euclidean_pc1_pc3",479.45676526381,"sampled_pixels",10000,1,1016.89066037097,14094.4966218382,3304.76477169295,"sampled_pixels",10000,28316,400883770,"bootstrap_mean",2.80790840963952,NA,2.80790840963952,0.250925808778169,0.0893639578544455,2.70304403521807,2.67993944957668,3.40258520631498,"20m"
"1023",32107,FALSE,"all_pixels",7.75131613233614,7.07807342683703,3.940763830591,151.224075337227,"squared_euclidean_pc1_pc3",642.047295731079,"sampled_pixels",10000,1,963.507697596925,7292.59823869452,2435.40471308817,"sampled_pixels",10000,32107,FALSE,"all_pixels",6.55233530227746,6.11004060882204,3.21563243320381,106.546135603399,"squared_euclidean_pc1_pc3",534.724943248102,"sampled_pixels",10000,1,1195.38567275557,13623.2023017456,3279.41424426947,"sampled_pixels",10000,32107,515413671,"bootstrap_mean",2.74609961492914,NA,2.74609961492914,0.179858906851056,0.0654961334516982,2.70059928713967,2.66697005248562,3.40061039231122,"20m"
"1024",27618,FALSE,"all_pixels",8.03199663881426,7.24521160584572,4.46841854280578,168.958022635246,"squared_euclidean_pc1_pc3",782.969028702719,"sampled_pixels",10000,1,1349.82406103716,12098.2964543587,3340.13271036949,"sampled_pixels",10000,27618,FALSE,"all_pixels",6.99745134604393,5.76573741905914,5.38733497981371,155.973305277327,"squared_euclidean_pc1_pc3",718.74457414398,"sampled_pixels",10000,1,3062.69898876436,62967.0645919195,8574.96071888444,"sampled_pixels",10000,27618,381363153,"bootstrap_mean",2.75100522634385,NA,2.75100522634385,0.228728930744482,0.0831437645243839,2.83840699059555,2.13054796331569,2.87863132757969,"20m"
"103",26936,FALSE,"all_pixels",8.25007938730896,7.47132828458701,4.56014026141409,177.715834180015,"squared_euclidean_pc1_pc3",654.290818170579,"sampled_pixels",10000,1,1184.03605477771,9916.38951175377,2896.36285678946,"sampled_pixels",10000,26936,FALSE,"all_pixels",7.00281383741761,6.37604927021279,3.74991530994215,126.201488852024,"squared_euclidean_pc1_pc3",637.73096844406,"sampled_pixels",10000,1,1787.47695060241,21965.0020719693,4470.23748627238,"sampled_pixels",10000,26936,362760580,"bootstrap_mean",2.82736431199498,NA,2.82736431199498,0.0117843454925066,0.00416796146238104,2.82638211993599,2.80674632160209,2.85670813640589,"20m"
"104",26345,FALSE,"all_pixels",7.40193807165592,6.70192679067769,4.02087095860887,141.910953604549,"squared_euclidean_pc1_pc3",568.936434360817,"sampled_pixels",10000,1,989.367778664872,11839.1669225921,3323.35823791147,"sampled_pixels",10000,26345,FALSE,"all_pixels",6.92486609287845,6.35251283870169,3.60133243936585,121.845746889909,"squared_euclidean_pc1_pc3",627.609440423582,"sampled_pixels",10000,1,1315.27167832389,18896.1786618744,4169.77535618217,"sampled_pixels",10000,26345,347016340,"bootstrap_mean",2.78386074767952,NA,2.78386074767952,0.0822498044067988,0.0295452293996234,2.77409677681012,2.75023592709541,3.45746183389309,"20m"
"105",28521,FALSE,"all_pixels",9.43034964032374,8.83884486042159,4.68521307719121,221.763892532496,"squared_euclidean_pc1_pc3",851.048973669502,"sampled_pixels",10000,1,1568.90346426431,15302.2909079166,4230.56369659684,"sampled_pixels",10000,28521,FALSE,"all_pixels",9.01867119132504,8.3268725557841,4.59931342851766,204.978744765918,"squared_euclidean_pc1_pc3",926.102388883212,"sampled_pixels",10000,1,2674.30105365604,45136.0341352048,7644.36091688387,"sampled_pixels",10000,28521,406709460,"bootstrap_mean",2.92209388651197,NA,2.92209388651197,0.0102615383294368,0.00351170726471276,2.92194804772565,2.89489186425017,2.94493595080282,"20m"
"106",26848,FALSE,"all_pixels",9.76379058368634,9.22962876199442,4.88436198121746,238.375419861781,"squared_euclidean_pc1_pc3",892.525708710875,"sampled_pixels",10000,1,1704.66965045537,14632.725707429,4117.64595136855,"sampled_pixels",10000,26848,FALSE,"all_pixels",9.25592147908592,8.18329443330284,5.28235999193655,227.148740407882,"squared_euclidean_pc1_pc3",975.629012116364,"sampled_pixels",10000,1,2396.19450385828,50344.6713060588,7524.61471724854,"sampled_pixels",10000,26848,360394128,"bootstrap_mean",2.9498845671403,NA,2.9498845671403,0.0126309342516994,0.00428184017517139,2.94861580673754,2.92248978287816,2.97562302162094,"20m"
"107",28007,FALSE,"all_pixels",7.89126529970464,7.16736089401911,4.37616289828673,162.844371912813,"squared_euclidean_pc1_pc3",633.527832530609,"sampled_pixels",10000,1,1168.5478632835,11557.4758420051,3308.35692264383,"sampled_pixels",10000,28007,FALSE,"all_pixels",6.62819033625562,5.88730307065588,3.95978695937626,119.224520080717,"squared_euclidean_pc1_pc3",636.607107265679,"sampled_pixels",10000,1,2299.66623540314,42689.2247479036,6931.38704566567,"sampled_pixels",10000,28007,392182021,"bootstrap_mean",2.81568053227241,NA,2.81568053227241,0.011964744835721,0.00424932612154859,2.8142423903496,2.79275899618545,2.84537608298886,"20m"
"108",31352,FALSE,"all_pixels",7.00128043318909,6.41729612293245,3.80286175513652,126.958447924366,"squared_euclidean_pc1_pc3",475.348012563503,"sampled_pixels",10000,1,935.464630415136,7094.25491835591,2500.37102970147,"sampled_pixels",10000,31352,FALSE,"all_pixels",5.94794273592231,5.41598499996721,3.25128420748083,91.8970692419385,"squared_euclidean_pc1_pc3",531.066533722969,"sampled_pixels",10000,1,1303.64612508867,22155.5836987497,4542.69953866736,"sampled_pixels",10000,31352,491458276,"bootstrap_mean",2.78502989316084,NA,2.78502989316084,0.158821736457701,0.0570269413795944,2.74630032223964,2.72303393949847,3.44272485881572,"20m"
"109",33711,FALSE,"all_pixels",8.07665032523518,7.10405304696011,4.88540559484041,178.197520616315,"squared_euclidean_pc1_pc3",737.327328722768,"sampled_pixels",10000,1,1818.12782061231,13894.35438263,4493.13045976565,"sampled_pixels",10000,33711,FALSE,"all_pixels",6.55509921226747,5.73714764866131,3.97182352312843,117.488479644128,"squared_euclidean_pc1_pc3",632.159659966689,"sampled_pixels",10000,1,2024.26728457024,33823.9531356588,6095.45333281875,"sampled_pixels",10000,33711,568198905,"bootstrap_mean",2.7602981092383,NA,2.7602981092383,0.0141927505558771,0.00514174556305208,2.76134095683559,2.7289248710223,2.79465463639956,"20m"
"11",28153,FALSE,"all_pixels",6.24791867738337,5.56830705686781,3.62517841983641,104.355879142713,"squared_euclidean_pc1_pc3",489.814144032028,"sampled_pixels",10000,1,961.848429934372,5831.81590101172,2364.27919019963,"sampled_pixels",10000,28153,FALSE,"all_pixels",5.66110756896016,4.99052378663028,3.55063190182591,89.3093560139822,"squared_euclidean_pc1_pc3",495.507829480326,"sampled_pixels",10000,1,1599.40636335861,20688.2589711211,4430.50400248267,"sampled_pixels",10000,28153,396281628,"bootstrap_mean",2.74488839256895,NA,2.74488839256895,0.0837259763243413,0.0305025066050069,2.73411939302839,2.71422177500352,3.42882401488105,"20m"
"110",29777,FALSE,"all_pixels",13.1267791762305,10.8974481239291,9.19499668502795,513.714912415462,"squared_euclidean_pc1_pc3",1314.79284750421,"sampled_pixels",10000,1,4262.08300430074,44375.0879629036,10698.5894933678,"sampled_pixels",10000,29777,FALSE,"all_pixels",12.9491377990142,9.67504696131181,12.0607369272734,626.273319884463,"squared_euclidean_pc1_pc3",1142.33343259229,"sampled_pixels",10000,1,5764.7061138945,144976.886497494,17768.1767210623,"sampled_pixels",10000,29777,443319976,"bootstrap_mean",3.10740595277134,NA,3.10740595277134,0.114841614261294,0.0369573901854929,3.12683404695661,2.43953377036009,3.15434313466155,"20m"
"1100",24829,FALSE,"all_pixels",7.37283327931321,6.69424540853156,4.18485026508166,143.741873924567,"squared_euclidean_pc1_pc3",518.688521066439,"sampled_pixels",10000,1,1603.38282980896,10923.758789833,3694.71254793042,"sampled_pixels",10000,24829,FALSE,"all_pixels",6.19572118268815,5.15547134012671,6.0014273341585,148.805280826878,"squared_euclidean_pc1_pc3",491.504716296718,"sampled_pixels",10000,1,4237.81285642115,63678.9441131181,10148.4137508248,"sampled_pixels",10000,24829,308227206,"bootstrap_mean",2.80853833347376,NA,2.80853833347376,0.0131783972901231,0.00469226185487855,2.81054351586272,2.77751854970352,2.85106637691067,"20m"
"1101",27983,FALSE,"all_pixels",6.97504729998177,6.24152593726189,4.00288162076025,129.34754701393,"squared_euclidean_pc1_pc3",518.115414591578,"sampled_pixels",10000,1,927.19755709092,7475.2262189412,2547.35824011187,"sampled_pixels",10000,27983,FALSE,"all_pixels",6.00900634099234,5.41989413138173,3.27272699135005,93.6370328142189,"squared_euclidean_pc1_pc3",495.825942308709,"sampled_pixels",10000,1,1555.21546048621,21143.8724836309,4265.52537477202,"sampled_pixels",10000,27983,391510153,"bootstrap_mean",2.78625696057195,NA,2.78625696057195,0.113153536423298,0.0406113068624045,2.76750170468502,2.74220372138491,3.44585293375947,"20m"
"1102",31709,FALSE,"all_pixels",8.42086258342371,7.84923800111142,4.41863596890586,180.869309479057,"squared_euclidean_pc1_pc3",643.174391650846,"sampled_pixels",10000,1,1332.41075251644,11137.2499150899,3223.89633189101,"sampled_pixels",10000,31709,FALSE,"all_pixels",6.26516798021953,5.46118024339455,3.84285171711877,108.03874684065,"squared_euclidean_pc1_pc3",577.158804634881,"sampled_pixels",10000,1,2128.13695031295,23237.0362329294,4627.93751488328,"sampled_pixels",10000,31709,502714486,"bootstrap_mean",2.73458331787463,NA,2.73458331787463,0.0103417676277698,0.00378184404189506,2.73349403481875,2.71162289624849,2.75949090374459,"20m"
"1103",34666,FALSE,"all_pixels",10.2113905638378,8.21161713157286,7.38533028083492,317.628054430489,"squared_euclidean_pc1_pc3",995.652368057614,"sampled_pixels",10000,1,2117.52770172035,18213.8199427506,5239.38054021953,"sampled_pixels",10000,34666,FALSE,"all_pixels",10.9006469762624,8.34368678314847,8.62567183556386,386.448345713871,"squared_euclidean_pc1_pc3",1056.29068232938,"sampled_pixels",10000,1,2861.16607519304,53686.6315376314,8832.0744051087,"sampled_pixels",10000,34666,600848445,"bootstrap_mean",2.89291795875971,NA,2.89291795875971,0.0119004661341069,0.00411365489922468,2.89244440535451,2.86375836270543,2.92323115498719,"20m"
"1104",36244,FALSE,"all_pixels",6.99071597860866,6.02158774651364,4.53945685142907,138.952419691269,"squared_euclidean_pc1_pc3",659.187032609775,"sampled_pixels",10000,1,1766.68495034886,16325.5361469958,4701.89146237057,"sampled_pixels",10000,36244,FALSE,"all_pixels",7.08990510369223,5.87884802826354,5.38994552472596,158.634931170324,"squared_euclidean_pc1_pc3",701.765350643177,"sampled_pixels",10000,1,3618.42616748241,76180.5494486952,11744.9356699639,"sampled_pixels",10000,36244,656795646,"bootstrap_mean",2.87170922789721,NA,2.87170922789721,0.0121394307169234,0.00422724926291105,2.87014265216615,2.85104263953083,2.89732339160159,"20m"
"1105",31412,FALSE,"all_pixels",7.92756918915874,7.26533819570102,4.3858583511224,164.162988710844,"squared_euclidean_pc1_pc3",718.781451763204,"sampled_pixels",10000,1,1689.06552452086,13412.2207488494,3932.84484449519,"sampled_pixels",10000,31412,FALSE,"all_pixels",7.42626601322216,6.29082857341918,5.04714391905424,161.244555371181,"squared_euclidean_pc1_pc3",794.283937028308,"sampled_pixels",10000,1,2914.78216341108,56807.1642932069,8634.74103987759,"sampled_pixels",10000,31412,493341166,"bootstrap_mean",2.88738521882432,NA,2.88738521882432,0.0137153447571498,0.00475009176736537,2.88723576664046,2.84811368830628,2.92061386232779,"20m"
"1106",25201,FALSE,"all_pixels",7.62379292908973,6.91381627150488,4.26849246361947,152.683047098648,"squared_euclidean_pc1_pc3",587.636713570182,"sampled_pixels",10000,1,928.887883607041,7808.47100229815,2599.87151731028,"sampled_pixels",10000,25201,FALSE,"all_pixels",6.06661935931781,5.47111337068695,3.37654801689173,96.4089891110133,"squared_euclidean_pc1_pc3",500.943428815579,"sampled_pixels",10000,1,1430.24678999233,21146.1941029221,4396.07314977692,"sampled_pixels",10000,25201,317532600,"bootstrap_mean",2.76741724403102,NA,2.76741724403102,0.0807700750254065,0.0291860850399836,2.75952169155772,2.72254755055743,3.42725481349537,"20m"
"1107",32064,FALSE,"all_pixels",8.85271323235172,8.11950287380965,4.63095217839209,199.631161623603,"squared_euclidean_pc1_pc3",795.232125442888,"sampled_pixels",10000,1,1523.6832693506,15650.3716154488,4123.23088619154,"sampled_pixels",10000,32064,FALSE,"all_pixels",7.86024101069131,6.78767506658372,4.95441841469444,172.657770068828,"squared_euclidean_pc1_pc3",736.665690231039,"sampled_pixels",10000,1,2730.56670803521,40821.2904015628,7064.22161493272,"sampled_pixels",10000,32064,514034016,"bootstrap_mean",2.80353985879418,NA,2.80353985879418,0.0113767596946435,0.00405799819787003,2.8042272583792,2.77332823588497,2.82965696354652,"20m"
"1108",27805,FALSE,"all_pixels",10.5435225472061,9.00884837371768,7.58512556699072,337.395856739204,"squared_euclidean_pc1_pc3",990.530615927602,"sampled_pixels",10000,1,3327.69801948303,34360.3307185123,7778.37417439152,"sampled_pixels",10000,27805,FALSE,"all_pixels",10.8725013983214,8.42567474024303,10.4978343397575,456.823698005548,"squared_euclidean_pc1_pc3",983.485079743737,"sampled_pixels",10000,1,4835.13287172484,92492.6104695779,13868.8552951408,"sampled_pixels",10000,27805,386545110,"bootstrap_mean",2.99931476400378,NA,2.99931476400378,0.0140942211449705,0.00469914705656173,2.99884610942946,2.97275843812507,3.03244147712809,"20m"
"1109",23902,FALSE,"all_pixels",9.19642055538001,8.49273696674835,4.63009896732209,212.0221411478,"squared_euclidean_pc1_pc3",751.595559599686,"sampled_pixels",10000,1,1535.26690688375,18441.2783576652,4347.06779174328,"sampled_pixels",10000,23902,FALSE,"all_pixels",8.65387274750162,7.64950138831477,5.04271501761168,200.634848787973,"squared_euclidean_pc1_pc3",833.582442666206,"sampled_pixels",10000,1,2507.25060397523,52738.5179342789,8060.36143202824,"sampled_pixels",10000,23902,285640851,"bootstrap_mean",2.87346456195678,NA,2.87346456195678,0.0104788598763019,0.00364676843940822,2.87401421490746,2.85212358477253,2.9051587459489,"20m"
"111",24869,FALSE,"all_pixels",8.00068192357729,7.07265169612716,4.6967907016115,172.139734190371,"squared_euclidean_pc1_pc3",738.947014590242,"sampled_pixels",10000,1,1710.55069586007,11016.8177195029,3555.53856432432,"sampled_pixels",10000,24869,FALSE,"all_pixels",8.15531789001824,6.45917425870232,7.65637755092088,250.253939866621,"squared_euclidean_pc1_pc3",716.09800228019,"sampled_pixels",10000,1,3525.13277168474,58124.7614272866,9171.62172076115,"sampled_pixels",10000,24869,309221146,"bootstrap_mean",2.90925095400616,NA,2.90925095400616,0.0809650178188563,0.0278301937848861,2.92151956902566,2.25329937038339,2.95381149105857,"20m"
"1110",NA,TRUE,"manual_excluded",NA,NA,NA,NA,"squared_euclidean_pc1_pc3",NA,"manual_excluded",NA,1,NA,NA,NA,"manual_excluded",NA,NA,TRUE,"manual_excluded",NA,NA,NA,NA,"squared_euclidean_pc1_pc3",NA,"manual_excluded",NA,1,NA,NA,NA,"manual_excluded",NA,28657,410597496,"bootstrap_mean",2.77146476013257,NA,2.77146476013257,0.178107298120331,0.0642646807862757,2.7238129779677,2.69574598337721,3.41392896465978,"20m"
"1111",NA,TRUE,"manual_excluded",NA,NA,NA,NA,"squared_euclidean_pc1_pc3",NA,"manual_excluded",NA,1,NA,NA,NA,"manual_excluded",NA,NA,TRUE,"manual_excluded",NA,NA,NA,NA,"squared_euclidean_pc1_pc3",NA,"manual_excluded",NA,1,NA,NA,NA,"manual_excluded",NA,29667,440050611,"bootstrap_mean",2.80113341275401,NA,2.80113341275401,0.012714253021139,0.00453896732060278,2.80066462413524,2.76885530906836,2.83046440178367,"20m"
"1112",NA,TRUE,"manual_excluded",NA,NA,NA,NA,"squared_euclidean_pc1_pc3",NA,"manual_excluded",NA,1,NA,NA,NA,"manual_excluded",NA,NA,TRUE,"manual_excluded",NA,NA,NA,NA,"squared_euclidean_pc1_pc3",NA,"manual_excluded",NA,1,NA,NA,NA,"manual_excluded",NA,34067,580263211,"bootstrap_mean",2.85943895933305,NA,2.85943895933305,0.0121835485074438,0.00426081783200072,2.85806153518685,2.83079787834053,2.88904564107272,"20m"
"1113",NA,TRUE,"manual_excluded",NA,NA,NA,NA,"squared_euclidean_pc1_pc3",NA,"manual_excluded",NA,1,NA,NA,NA,"manual_excluded",NA,NA,TRUE,"manual_excluded",NA,NA,NA,NA,"squared_euclidean_pc1_pc3",NA,"manual_excluded",NA,1,NA,NA,NA,"manual_excluded",NA,36426,663408525,"bootstrap_mean",2.80657548927977,NA,2.80657548927977,0.0115738540033421,0.00412383491823061,2.8061801629609,2.78190533382279,2.83818649508396,"20m"
"1114",NA,TRUE,"manual_excluded",NA,NA,NA,NA,"squared_euclidean_pc1_pc3",NA,"manual_excluded",NA,1,NA,NA,NA,"manual_excluded",NA,NA,TRUE,"manual_excluded",NA,NA,NA,NA,"squared_euclidean_pc1_pc3",NA,"manual_excluded",NA,1,NA,NA,NA,"manual_excluded",NA,33666,566682945,"bootstrap_mean",3.0102062133046,NA,3.0102062133046,0.0845095407991266,0.0280743360456865,3.01732460920062,2.3224730720025,3.05670490730957,"20m"
"1115",NA,TRUE,"manual_excluded",NA,NA,NA,NA,"squared_euclidean_pc1_pc3",NA,"manual_excluded",NA,1,NA,NA,NA,"manual_excluded",NA,NA,TRUE,"manual_excluded",NA,NA,NA,NA,"squared_euclidean_pc1_pc3",NA,"manual_excluded",NA,1,NA,NA,NA,"manual_excluded",NA,4461,9948030,"bootstrap_mean",3.11125537663092,NA,3.11125537663092,0.0826372059306033,0.0265607274000402,3.12129333353145,2.43252783589684,3.13642582245954,"20m"
"1116",9351,FALSE,"all_pixels",4.55734256276902,4.06653264521433,2.49444453073855,53.9819186817298,"squared_euclidean_pc1_pc3",307.665615915598,"all_pixels",9291,1,501.845700050506,2270.95146660822,1178.22761861127,"all_pixels",9291,9351,FALSE,"all_pixels",7.62395556790754,6.81122065152888,4.35433850415813,154.165869382757,"squared_euclidean_pc1_pc3",668.280636788282,"all_pixels",9291,1,3898.20471939923,74769.4953929624,10951.4617602792,"all_pixels",9291,9351,43715925,"bootstrap_mean",2.97662301107177,NA,2.97662301107177,0.28227287964119,0.0948299057661167,3.12015601762645,2.42731147121386,3.14093854986451,"20m"
"1117",14662,FALSE,"all_pixels",6.93271380372701,6.46734914024713,3.54970891294472,121.324189314252,"squared_euclidean_pc1_pc3",520.261746299226,"sampled_pixels",10000,1,771.852863491336,5521.76915288648,2000.01275927914,"sampled_pixels",10000,14662,FALSE,"all_pixels",7.63000996629401,6.75724308477106,4.82480530517601,162.988421252365,"squared_euclidean_pc1_pc3",728.27356287121,"sampled_pixels",10000,1,2628.31956128984,60949.6812020038,8218.34229551414,"sampled_pixels",10000,14662,107479791,"bootstrap_mean",3.01029452461366,NA,3.01029452461366,0.0121186734383925,0.00402574344114977,3.00912093733932,2.98134147239789,3.03932531553059,"20m"
"1118",20710,FALSE,"all_pixels",4.81884688628987,4.31912037074779,2.74107624110827,61.4688429547464,"squared_euclidean_pc1_pc3",266.934774227165,"sampled_pixels",10000,1,688.646548086394,3524.54754911925,1510.45601548057,"sampled_pixels",10000,20710,FALSE,"all_pixels",5.75974517968935,5.18410215963225,3.22154698622869,87.1050567824713,"squared_euclidean_pc1_pc3",475.4887456779,"sampled_pixels",10000,1,2458.21060224851,30376.531525303,5660.97289003379,"sampled_pixels",10000,20710,214441695,"bootstrap_mean",2.90296386688676,NA,2.90296386688676,0.0105058807065307,0.00361901876436292,2.90284291408961,2.87622925078465,2.92534937735082,"20m"
"1119",NA,TRUE,"manual_excluded",NA,NA,NA,NA,"squared_euclidean_pc1_pc3",NA,"manual_excluded",NA,1,NA,NA,NA,"manual_excluded",NA,NA,TRUE,"manual_excluded",NA,NA,NA,NA,"squared_euclidean_pc1_pc3",NA,"manual_excluded",NA,1,NA,NA,NA,"manual_excluded",NA,20905,218499060,"bootstrap_mean",2.90887266652461,NA,2.90887266652461,0.0101437373053115,0.00348717130936872,2.90906053494579,2.88490082357677,2.93128587435034,"20m"
"112",28940,FALSE,"all_pixels",7.69722585590057,6.3806762005419,5.88414656587156,187.738540614702,"squared_euclidean_pc1_pc3",694.934881682027,"sampled_pixels",10000,1,2953.31194209423,19048.5441375734,6565.61604630108,"sampled_pixels",10000,28940,FALSE,"all_pixels",6.96500884581107,5.36754212880935,7.68986294286393,215.286593943005,"squared_euclidean_pc1_pc3",546.078447545549,"sampled_pixels",10000,1,3732.74602103831,54928.4603428529,10339.4745535729,"sampled_pixels",10000,28940,418747330,"bootstrap_mean",2.88743070902151,NA,2.88743070902151,0.014421394102035,0.00499454205324365,2.88744273109389,2.86151534940449,2.92308954594166,"20m"
"1120",NA,TRUE,"manual_excluded",NA,NA,NA,NA,"squared_euclidean_pc1_pc3",NA,"manual_excluded",NA,1,NA,NA,NA,"manual_excluded",NA,NA,TRUE,"manual_excluded",NA,NA,NA,NA,"squared_euclidean_pc1_pc3",NA,"manual_excluded",NA,1,NA,NA,NA,"manual_excluded",NA,20918,218770903,"bootstrap_mean",2.85022460117293,NA,2.85022460117293,0.0140244238379076,0.00492046270042589,2.8492941748174,2.82390760023056,2.88517018693347,"20m"
"1121",26643,FALSE,"all_pixels",7.37436629990751,6.94786640012887,3.71400503541906,136.349188000186,"squared_euclidean_pc1_pc3",600.664229330034,"sampled_pixels",10000,1,1018.22990243462,6868.88733607546,2557.49658994301,"sampled_pixels",10000,26643,FALSE,"all_pixels",6.59743103039166,5.82858589994747,3.85238414391533,116.732805532638,"squared_euclidean_pc1_pc3",627.663147188808,"sampled_pixels",10000,1,1661.59624466335,29261.2772267462,5252.76882427395,"sampled_pixels",10000,26643,354911403,"bootstrap_mean",2.8001620155434,NA,2.8001620155434,0.0120322565554987,0.00429698584892907,2.80011027814138,2.76310376590092,2.82219128588361,"20m"
"1122",27944,FALSE,"all_pixels",7.8907471555245,7.38269278100594,4.07571835921132,157.74955271994,"squared_euclidean_pc1_pc3",718.502389713978,"sampled_pixels",10000,1,1253.26508168627,9016.54006537029,2933.35445917021,"sampled_pixels",10000,27944,FALSE,"all_pixels",6.33641006254503,5.71616760495917,3.55679149217901,105.600810962121,"squared_euclidean_pc1_pc3",545.841152344152,"sampled_pixels",10000,1,1562.37306402612,22683.9470940997,4497.03559457413,"sampled_pixels",10000,27944,390419596,"bootstrap_mean",2.74314983562716,NA,2.74314983562716,0.137217518574583,0.0500218824332688,2.71472464205266,2.69167508552681,3.40609222576249,"20m"
"1123",28010,FALSE,"all_pixels",9.27045132860265,8.85549581119304,4.58810125016881,213.982378752892,"squared_euclidean_pc1_pc3",689.906370789693,"sampled_pixels",10000,1,1439.02345160255,10930.9079132965,3440.31117341107,"sampled_pixels",10000,28010,FALSE,"all_pixels",6.54327193985941,5.93073063233045,3.69479216131312,112.930818830267,"squared_euclidean_pc1_pc3",564.336186657342,"sampled_pixels",10000,1,2015.89194024397,25208.0037058411,5252.51977881808,"sampled_pixels",10000,28010,392266045,"bootstrap_mean",2.7667414342598,NA,2.7667414342598,0.0826107285739732,0.0298584925757887,2.75718151202164,2.73184836621707,3.44115012091235,"20m"
"1124",31265,FALSE,"all_pixels",8.04537132659131,7.34930678459641,4.34755283187412,167.257221719915,"squared_euclidean_pc1_pc3",549.56303856158,"sampled_pixels",10000,1,1603.63725358164,12008.9401396915,3598.89381029357,"sampled_pixels",10000,31265,FALSE,"all_pixels",5.90931440250787,5.31346282386508,3.50421585410443,94.3982654068935,"squared_euclidean_pc1_pc3",515.022710353946,"sampled_pixels",10000,1,2498.46744390773,26007.2108032658,5607.74537142012,"sampled_pixels",10000,31265,488734480,"bootstrap_mean",2.69572464892831,NA,2.69572464892831,0.116413037234747,0.0431843205058154,2.67634658237763,2.64621103218632,3.37440326236002,"20m"
"113",28718,FALSE,"all_pixels",6.4377593963187,5.83426169913238,3.69572876887295,110.205363146853,"squared_euclidean_pc1_pc3",439.966340743528,"sampled_pixels",10000,1,1301.80526800392,6519.89644972902,2675.18005376281,"sampled_pixels",10000,28718,FALSE,"all_pixels",5.63178707040568,4.85180290353597,4.57023492237842,105.206691073182,"squared_euclidean_pc1_pc3",475.369431274057,"sampled_pixels",10000,1,3361.2644073729,62101.7821500551,10644.7476373819,"sampled_pixels",10000,28718,412347403,"bootstrap_mean",2.75116074284627,NA,2.75116074284627,0.0139007419522863,0.00505268257713832,2.752349171183,2.71653268120763,2.78618155570621,"20m"
"114",30338,FALSE,"all_pixels",8.15303231714488,7.39800680544096,4.61285296364773,175.499294100843,"squared_euclidean_pc1_pc3",713.407536561187,"sampled_pixels",10000,1,1679.73314891878,15208.0441218217,4249.71507566392,"sampled_pixels",10000,30338,FALSE,"all_pixels",7.59765871350503,6.23976803065088,6.53993427683603,200.987496929441,"squared_euclidean_pc1_pc3",696.043145253529,"sampled_pixels",10000,1,4014.50199247347,83240.454038132,12272.5796037627,"sampled_pixels",10000,30338,460181953,"bootstrap_mean",2.89098160903849,NA,2.89098160903849,0.0161031360402336,0.00557012745770782,2.8911408653187,2.86064083137738,2.948524789959,"20m"
"115",33545,FALSE,"all_pixels",7.48183558818367,6.76868808710266,4.02757739891025,144.397519804215,"squared_euclidean_pc1_pc3",580.789135096068,"sampled_pixels",10000,1,1150.29421404005,7648.87846594293,2653.14698224825,"sampled_pixels",10000,33545,FALSE,"all_pixels",6.53764558101577,5.7563779861879,4.08603565587742,118.87199882783,"squared_euclidean_pc1_pc3",596.216626818705,"sampled_pixels",10000,1,2994.80276738102,52875.961888717,8131.36776862071,"sampled_pixels",10000,33545,562616740,"bootstrap_mean",2.80497743245838,NA,2.80497743245838,0.0120195385432038,0.00428507495429988,2.80477758190337,2.77645496849278,2.8322188289746,"20m"
"116",34027,FALSE,"all_pixels",6.58982045945022,5.87211177057129,3.72960471555445,114.670552460975,"squared_euclidean_pc1_pc3",558.8197059905,"sampled_pixels",10000,1,1064.58443554189,6661.58691232886,2478.60145998656,"sampled_pixels",10000,34027,FALSE,"all_pixels",5.84238876738126,5.14824829609132,3.43239401416242,91.8289778859301,"squared_euclidean_pc1_pc3",543.20650573763,"sampled_pixels",10000,1,1313.01960052468,19900.9099044391,4273.83930803426,"sampled_pixels",10000,34027,578901351,"bootstrap_mean",2.79436178888477,NA,2.79436178888477,0.283136539345151,0.101324223825058,2.65364327066374,2.62584234594254,3.35709909051462,"20m"
"117",34434,FALSE,"all_pixels",8.70815493436603,7.56029930580274,5.99893751009535,223.636337005767,"squared_euclidean_pc1_pc3",776.271509109567,"sampled_pixels",10000,1,2449.20841376771,19082.3867477493,5326.99293941483,"sampled_pixels",10000,34434,FALSE,"all_pixels",7.94153966674161,6.24216269326827,8.22508806505378,261.43632253623,"squared_euclidean_pc1_pc3",681.723980481848,"sampled_pixels",10000,1,3303.75990214832,46889.7947216906,8577.4490814431,"sampled_pixels",10000,34434,592832961,"bootstrap_mean",2.85686077662406,NA,2.85686077662406,0.0158940238205896,0.00556345760725921,2.85519296320913,2.82658362123306,2.89391542891679,"20m"
"118",33225,FALSE,"all_pixels",8.14555226195088,7.41675580550618,4.31682462716756,169.968871283627,"squared_euclidean_pc1_pc3",715.240608214371,"sampled_pixels",10000,1,1599.5655903787,10723.4707341803,3454.01078032263,"sampled_pixels",10000,33225,FALSE,"all_pixels",6.00076304013405,5.21959318822709,3.7253410951202,99.7738112726175,"squared_euclidean_pc1_pc3",567.40626591813,"sampled_pixels",10000,1,1830.64864016529,26277.4823233848,5103.90950639738,"sampled_pixels",10000,33225,551933700,"bootstrap_mean",2.72278102101961,NA,2.72278102101961,0.0126868953162937,0.00465953568000953,2.72411858624093,2.69448889534343,2.75253041201918,"20m"
"119",30742,FALSE,"all_pixels",8.38364969330194,7.626691877,4.60235524130597,182.933133866006,"squared_euclidean_pc1_pc3",680.39115856637,"sampled_pixels",10000,1,1400.55547051974,11479.6289330871,3338.08305948775,"sampled_pixels",10000,30742,FALSE,"all_pixels",6.61980494072038,5.87364923093598,3.89563199251677,117.994544838182,"squared_euclidean_pc1_pc3",610.334991744987,"sampled_pixels",10000,1,2116.11240196253,31074.267682031,5587.10106081951,"sampled_pixels",10000,30742,472519911,"bootstrap_mean",2.78976537585738,NA,2.78976537585738,0.0128700308676675,0.00461330224363837,2.79003508717553,2.76141219207118,2.83004453538108,"20m"
"12",28784,FALSE,"all_pixels",7.45602548706299,6.88008507859342,4.06558972846802,144.241523321267,"squared_euclidean_pc1_pc3",580.192897813648,"sampled_pixels",10000,1,1535.44834039558,8834.04091822104,3671.80905590664,"sampled_pixels",10000,28784,FALSE,"all_pixels",5.67902449142672,4.84134567571617,4.09093912358467,97.9730413210242,"squared_euclidean_pc1_pc3",493.286112473359,"sampled_pixels",10000,1,2373.8014584214,34719.0051780752,6620.5565662762,"sampled_pixels",10000,28784,414244936,"bootstrap_mean",2.65811937591885,NA,2.65811937591885,0.0129605989221402,0.00487585284526959,2.6578484538796,2.63586287589663,2.70300805570755,"20m"
"120",28335,FALSE,"all_pixels",8.41606826702263,7.77553847139538,4.37521288696134,179.944034607882,"squared_euclidean_pc1_pc3",617.320971091578,"sampled_pixels",10000,1,1125.02271556837,7751.99788089217,2615.02451875466,"sampled_pixels",10000,28335,FALSE,"all_pixels",6.27194547769876,5.63182696620024,3.54556415800591,103.815763233235,"squared_euclidean_pc1_pc3",555.92527343117,"sampled_pixels",10000,1,2198.22571724534,22628.1966811202,4715.29506999704,"sampled_pixels",10000,28335,401421945,"bootstrap_mean",2.76261618457642,NA,2.76261618457642,0.0136511739762735,0.00494139361540247,2.76466678558974,2.7220186300604,2.78857871136591,"20m"
"1200",24011,FALSE,"all_pixels",7.35385699503528,6.84871288348197,3.85789004781243,137.923816940777,"squared_euclidean_pc1_pc3",551.640165360747,"sampled_pixels",10000,1,1109.03849690428,7535.95068780525,2612.49716190435,"sampled_pixels",10000,24011,FALSE,"all_pixels",6.46664951509547,5.79025676816247,3.76077519889009,111.920794016121,"squared_euclidean_pc1_pc3",590.817344775466,"sampled_pixels",10000,1,2231.40781518342,41898.7803485587,6637.62257014361,"sampled_pixels",10000,24011,288252055,"bootstrap_mean",2.84046698678483,NA,2.84046698678483,0.0114489030550774,0.00403064112638624,2.84054124204881,2.80985977740389,2.86722411082019,"20m"
"1201",24803,FALSE,"all_pixels",8.06498564568814,7.40721702176519,4.20337381956503,165.423265169609,"squared_euclidean_pc1_pc3",595.509686253289,"sampled_pixels",10000,1,1118.10483831191,8656.64637494592,2905.8443441529,"sampled_pixels",10000,24803,FALSE,"all_pixels",6.35636267486467,5.75036822459474,3.46593594939705,104.831148269549,"squared_euclidean_pc1_pc3",556.335392321108,"sampled_pixels",10000,1,1561.51523808877,20584.2775920575,4401.59120639492,"sampled_pixels",10000,24803,307582003,"bootstrap_mean",2.77916136239919,NA,2.77916136239919,0.114994223179605,0.0413773107007838,2.76091073421285,2.72650971084855,3.44775053091375,"20m"
"1202",28432,FALSE,"all_pixels",6.84690709401776,6.22567015614333,3.83510752491673,123.175338351178,"squared_euclidean_pc1_pc3",589.36234017584,"sampled_pixels",10000,1,1279.77201479899,9989.7653155017,3116.01792741796,"sampled_pixels",10000,28432,FALSE,"all_pixels",7.09355736004832,6.27722174965459,4.42747434846261,139.840791347081,"squared_euclidean_pc1_pc3",650.754558626343,"sampled_pixels",10000,1,2051.4546910635,27758.0655532524,5373.64113958464,"sampled_pixels",10000,28432,404175096,"bootstrap_mean",2.81368246243643,NA,2.81368246243643,0.0100095533847181,0.00355745664919508,2.81414739346434,2.78890152223397,2.83567949204215,"20m"
"1203",30593,FALSE,"all_pixels",8.19613770025731,7.72785666765008,4.01542989875646,166.599646870569,"squared_euclidean_pc1_pc3",664.650166198374,"sampled_pixels",10000,1,1183.58136830884,8505.5807343417,2801.54701232856,"sampled_pixels",10000,30593,FALSE,"all_pixels",8.64645765757466,7.47463151448154,4.89032936569537,197.35153920788,"squared_euclidean_pc1_pc3",881.032926059542,"sampled_pixels",10000,1,2237.54483074479,33508.5091589691,6291.79864381257,"sampled_pixels",10000,30593,467950528,"bootstrap_mean",3.00631266662295,NA,3.00631266662295,0.0116854872728458,0.00388698334760114,3.00703822146021,2.97276566097065,3.03052534850241,"20m"
"1204",34676,FALSE,"all_pixels",8.95225710556557,7.25574634894377,7.19880473662579,263.928404868828,"squared_euclidean_pc1_pc3",820.952878893643,"sampled_pixels",10000,1,2668.55710170185,24082.0772603744,6602.96495743891,"sampled_pixels",10000,34676,FALSE,"all_pixels",10.054462352715,7.3783220827553,10.9448850558727,441.758535046111,"squared_euclidean_pc1_pc3",840.414350769901,"sampled_pixels",10000,1,6410.37194404037,113936.41447343,16061.6842668666,"sampled_pixels",10000,34676,601195150,"bootstrap_mean",3.04257407422634,NA,3.04257407422634,0.0162227362876562,0.00533191169446921,3.04347031215372,3.00008764225978,3.08158228274007,"20m"
"1205",32294,FALSE,"all_pixels",7.84758347087041,6.74986889891214,5.02103596198937,173.589175597328,"squared_euclidean_pc1_pc3",642.819870003884,"sampled_pixels",10000,1,1949.09215866934,18143.4988621831,4845.96762328679,"sampled_pixels",10000,32294,FALSE,"all_pixels",6.91563923369862,5.88819585771673,5.06058405065476,146.869567865978,"squared_euclidean_pc1_pc3",660.496342093134,"sampled_pixels",10000,1,3153.86507556683,50734.8487791513,8413.64085481858,"sampled_pixels",10000,32294,521435071,"bootstrap_mean",2.8470759315176,NA,2.8470759315176,0.0121235995934885,0.00425826352549233,2.84833451730713,2.81866706234901,2.8764616794109,"20m"
"1206",23046,FALSE,"all_pixels",7.17697674872636,6.6449073065491,3.83573474018102,132.442435672015,"squared_euclidean_pc1_pc3",532.513902641332,"sampled_pixels",10000,1,1352.72104410383,9347.38354781449,2983.44564059392,"sampled_pixels",10000,23046,FALSE,"all_pixels",7.0282172757812,6.09270502338562,4.94088959830439,147.614337617079,"squared_euclidean_pc1_pc3",666.237470438559,"sampled_pixels",10000,1,3618.44389804925,49153.0433064048,8899.78742186362,"sampled_pixels",10000,23046,265547535,"bootstrap_mean",2.97012651253575,NA,2.97012651253575,0.00915875671066843,0.00308362511563494,2.97031884715293,2.94902961292428,2.98964555853896,"20m"
"1207",29097,FALSE,"all_pixels",7.4676903693916,6.8148830268818,4.00544594511364,143.618890578246,"squared_euclidean_pc1_pc3",544.998707352596,"sampled_pixels",10000,1,911.09919303303,7485.01468733562,2378.56143438026,"sampled_pixels",10000,29097,FALSE,"all_pixels",6.268833928436,5.62873061200459,3.62430998799427,104.866900537739,"squared_euclidean_pc1_pc3",542.131570496168,"sampled_pixels",10000,1,1755.81440289991,23592.5886290471,4806.03218935103,"sampled_pixels",10000,29097,423303156,"bootstrap_mean",2.7913084422773,NA,2.7913084422773,0.013274946318143,0.00475581491356527,2.79174068227735,2.75351425925914,2.81395463407207,"20m"
"1208",25677,FALSE,"all_pixels",10.694830761764,9.10083317790277,8.0613584514017,358.724748442173,"squared_euclidean_pc1_pc3",978.774074882423,"sampled_pixels",10000,1,3056.43972643165,32571.7793177464,7841.02427740065,"sampled_pixels",10000,25677,FALSE,"all_pixels",11.9953736042002,9.04235140292352,12.994687245326,625.48861624177,"squared_euclidean_pc1_pc3",954.354554700056,"sampled_pixels",10000,1,6197.89943169195,120265.520440065,16624.4209536589,"sampled_pixels",10000,25677,329641326,"bootstrap_mean",3.0203211062745,NA,3.0203211062745,0.113877409503758,0.0377037425812726,3.0387665299675,2.35113474282565,3.07003808839506,"20m"
"1209",31381,FALSE,"all_pixels",8.2364385635789,7.55974842643869,4.57098953835078,177.464399512335,"squared_euclidean_pc1_pc3",773.466693526311,"sampled_pixels",10000,1,2016.21705856684,29210.0436846051,6383.02299712132,"sampled_pixels",10000,31381,FALSE,"all_pixels",8.55323312384829,7.44536566212649,5.49324744091698,206.665205448957,"squared_euclidean_pc1_pc3",823.587297863898,"sampled_pixels",10000,1,3032.57832334119,71489.7934639094,11261.3377870466,"sampled_pixels",10000,31381,492367890,"bootstrap_mean",2.87894153697211,NA,2.87894153697211,0.0115455598093874,0.00401034882477339,2.88000339884431,2.85291266848714,2.90243379214362,"20m"
"121",31664,FALSE,"all_pixels",7.76769181876564,6.94681165756441,4.19669277873019,155.897420495664,"squared_euclidean_pc1_pc3",560.168750962162,"sampled_pixels",10000,1,1393.47126352343,8074.34409579373,2699.16402248794,"sampled_pixels",10000,31664,FALSE,"all_pixels",5.40206997459734,4.81219132643036,3.03032403558819,76.7298675230326,"squared_euclidean_pc1_pc3",467.650268437055,"sampled_pixels",10000,1,1648.9951423886,15351.1875336574,3578.91888061642,"sampled_pixels",10000,31664,501288616,"bootstrap_mean",2.76713164778012,NA,2.76713164778012,0.229724870584968,0.0830191331045854,2.68001946820946,2.65453401837423,3.38088738036575,"20m"
"1210",24607,FALSE,"all_pixels",7.59145332648698,7.0628333129401,4.12512232503127,149.292212536766,"squared_euclidean_pc1_pc3",568.716431011806,"sampled_pixels",10000,1,1301.00134519585,10544.4023732381,3167.10460313388,"sampled_pixels",10000,24607,FALSE,"all_pixels",6.95331289046567,6.04746522469089,4.65769859163938,140.083669395755,"squared_euclidean_pc1_pc3",644.726376899885,"sampled_pixels",10000,1,3096.40652035542,40426.0646325177,7322.99207785124,"sampled_pixels",10000,24607,302739921,"bootstrap_mean",2.86731177276163,NA,2.86731177276163,0.0111149669061788,0.00387644169419131,2.86833391423558,2.84029656634166,2.89090804747869,"20m"
"1211",NA,TRUE,"manual_excluded",NA,NA,NA,NA,"squared_euclidean_pc1_pc3",NA,"manual_excluded",NA,1,NA,NA,NA,"manual_excluded",NA,NA,TRUE,"manual_excluded",NA,NA,NA,NA,"squared_euclidean_pc1_pc3",NA,"manual_excluded",NA,1,NA,NA,NA,"manual_excluded",NA,25702,330283551,"bootstrap_mean",2.79599651813405,NA,2.79599651813405,0.114779148066059,0.0410512485697438,2.77644694562802,2.74721954632249,3.45857162147983,"20m"
"1212",NA,TRUE,"manual_excluded",NA,NA,NA,NA,"squared_euclidean_pc1_pc3",NA,"manual_excluded",NA,1,NA,NA,NA,"manual_excluded",NA,NA,TRUE,"manual_excluded",NA,NA,NA,NA,"squared_euclidean_pc1_pc3",NA,"manual_excluded",NA,1,NA,NA,NA,"manual_excluded",NA,26842,360233061,"bootstrap_mean",2.86630480052216,NA,2.86630480052216,0.0119263613140884,0.00416088383619066,2.86656985057445,2.84047410373343,2.89659153835027,"20m"
"1213",NA,TRUE,"manual_excluded",NA,NA,NA,NA,"squared_euclidean_pc1_pc3",NA,"manual_excluded",NA,1,NA,NA,NA,"manual_excluded",NA,NA,TRUE,"manual_excluded",NA,NA,NA,NA,"squared_euclidean_pc1_pc3",NA,"manual_excluded",NA,1,NA,NA,NA,"manual_excluded",NA,33129,548748756,"bootstrap_mean",2.84855341290862,NA,2.84855341290862,0.011231715536815,0.00394295416259947,2.84846763164433,2.82574486387403,2.87733656284096,"20m"
"1214",NA,TRUE,"manual_excluded",NA,NA,NA,NA,"squared_euclidean_pc1_pc3",NA,"manual_excluded",NA,1,NA,NA,NA,"manual_excluded",NA,NA,TRUE,"manual_excluded",NA,NA,NA,NA,"squared_euclidean_pc1_pc3",NA,"manual_excluded",NA,1,NA,NA,NA,"manual_excluded",NA,35399,626526901,"bootstrap_mean",2.86837179896598,NA,2.86837179896598,0.0149667440487472,0.00521785357607497,2.86560952594925,2.83839771807587,2.90081051594222,"20m"
"1215",NA,TRUE,"manual_excluded",NA,NA,NA,NA,"squared_euclidean_pc1_pc3",NA,"manual_excluded",NA,1,NA,NA,NA,"manual_excluded",NA,NA,TRUE,"manual_excluded",NA,NA,NA,NA,"squared_euclidean_pc1_pc3",NA,"manual_excluded",NA,1,NA,NA,NA,"manual_excluded",NA,20849,217329976,"bootstrap_mean",2.87891767893768,NA,2.87891767893768,0.113001481725522,0.0392513764989695,2.89865843894602,2.20987192888892,2.93024493917241,"20m"
"1216",NA,TRUE,"manual_excluded",NA,NA,NA,NA,"squared_euclidean_pc1_pc3",NA,"manual_excluded",NA,1,NA,NA,NA,"manual_excluded",NA,NA,TRUE,"manual_excluded",NA,NA,NA,NA,"squared_euclidean_pc1_pc3",NA,"manual_excluded",NA,1,NA,NA,NA,"manual_excluded",NA,2344,2745996,"bootstrap_mean",3.10514010895164,NA,3.10514010895164,0.00720079536198101,0.00231899209353621,3.10441919649882,3.08972844713619,3.12151926396693,"20m"
"1217",9606,FALSE,"all_pixels",4.62692489554161,4.22158540247496,2.54693047559551,55.7892270890216,"squared_euclidean_pc1_pc3",328.702935684324,"all_pixels",9525,1,495.101132166427,2396.23791190023,1213.71534437231,"all_pixels",9525,9606,FALSE,"all_pixels",9.49639736349696,8.70416515792891,5.09483194371976,232.272346444661,"squared_euclidean_pc1_pc3",982.30947718667,"all_pixels",9525,1,3407.46178913114,68336.1388319545,9672.66500926468,"all_pixels",9525,9606,46132815,"bootstrap_mean",2.83092239199265,NA,2.83092239199265,0.338449729174048,0.119554577028096,2.55699993720234,2.52919816668589,3.24480062815614,"20m"
"1218",13792,FALSE,"all_pixels",5.33786240761305,4.92828819689391,2.73431736826203,71.9374489279786,"squared_euclidean_pc1_pc3",259.883723100677,"sampled_pixels",10000,1,382.453811267228,2013.42543555186,1043.39869677398,"sampled_pixels",10000,13792,FALSE,"all_pixels",6.58917827551528,5.92703710543515,3.60235956455915,112.786647743049,"squared_euclidean_pc1_pc3",594.413310079988,"sampled_pixels",10000,1,1262.34027927039,20570.5733484657,4088.77704386496,"sampled_pixels",10000,13792,95102736,"bootstrap_mean",3.07630371922478,NA,3.07630371922478,0.00866685098569491,0.00281729366692016,3.07650246073773,3.04686920655805,3.09638476174899,"20m"
"1219",NA,TRUE,"manual_excluded",NA,NA,NA,NA,"squared_euclidean_pc1_pc3",NA,"manual_excluded",NA,1,NA,NA,NA,"manual_excluded",NA,NA,TRUE,"manual_excluded",NA,NA,NA,NA,"squared_euclidean_pc1_pc3",NA,"manual_excluded",NA,1,NA,NA,NA,"manual_excluded",NA,2148,2305878,"bootstrap_mean",2.97867304055694,NA,2.97867304055694,0.00704282312891137,0.00236441631324347,2.97869071947027,2.9605681602606,2.99383435945508,"20m"
"122",30654,FALSE,"all_pixels",7.7067715361734,6.97015873345006,4.1621274165525,153.434134037203,"squared_euclidean_pc1_pc3",507.777843308615,"sampled_pixels",10000,1,1503.1168642134,12419.8067195417,3733.34912442647,"sampled_pixels",10000,30654,FALSE,"all_pixels",5.40497043091415,4.85632392676576,3.28549476536652,80.015658146161,"squared_euclidean_pc1_pc3",399.224181677828,"sampled_pixels",10000,1,1897.57646491748,20496.3739845406,4742.82626986541,"sampled_pixels",10000,30654,469818531,"bootstrap_mean",2.72619090060428,NA,2.72619090060428,0.258864946586055,0.0949548127861021,2.61330148135541,2.58320300876133,3.31065784383462,"20m"
"1220",NA,TRUE,"manual_excluded",NA,NA,NA,NA,"squared_euclidean_pc1_pc3",NA,"manual_excluded",NA,1,NA,NA,NA,"manual_excluded",NA,NA,TRUE,"manual_excluded",NA,NA,NA,NA,"squared_euclidean_pc1_pc3",NA,"manual_excluded",NA,1,NA,NA,NA,"manual_excluded",NA,2280,2598060,"bootstrap_mean",2.82236769616443,NA,2.82236769616443,0.00782355978616011,0.00277198459888563,2.82176541975141,2.80577073577988,2.8369390984706,"20m"
"1221",NA,TRUE,"manual_excluded",NA,NA,NA,NA,"squared_euclidean_pc1_pc3",NA,"manual_excluded",NA,1,NA,NA,NA,"manual_excluded",NA,NA,TRUE,"manual_excluded",NA,NA,NA,NA,"squared_euclidean_pc1_pc3",NA,"manual_excluded",NA,1,NA,NA,NA,"manual_excluded",NA,25048,313688628,"bootstrap_mean",2.87613880750689,NA,2.87613880750689,0.0126929364033701,0.00441318630736486,2.87663674229933,2.851936353975,2.90908989426416,"20m"
"1222",26039,FALSE,"all_pixels",7.7472910589207,7.00182496165782,4.16691785674495,154.766112722321,"squared_euclidean_pc1_pc3",621.085514782094,"sampled_pixels",10000,1,1105.51707769789,8125.48369206006,2670.49409573128,"sampled_pixels",10000,26039,FALSE,"all_pixels",6.24726296417438,5.53157687062302,3.6814128301489,105.161148977392,"squared_euclidean_pc1_pc3",564.292017089654,"sampled_pixels",10000,1,2286.53404262789,45582.7487799237,7313.59155097689,"sampled_pixels",10000,26039,339001741,"bootstrap_mean",2.83322605898727,NA,2.83322605898727,0.0124125852034938,0.00438107829910708,2.83392923640791,2.80356969581206,2.85859775618109,"20m"
"1223",28841,FALSE,"all_pixels",7.89234926396378,7.41430180031383,3.73753999126637,152.515795476775,"squared_euclidean_pc1_pc3",547.030242964364,"sampled_pixels",10000,1,1099.65922552905,7970.29696366959,2524.36465245409,"sampled_pixels",10000,28841,FALSE,"all_pixels",6.1741201048974,5.55102331293003,3.46283720412049,100.221169602566,"squared_euclidean_pc1_pc3",565.530070755465,"sampled_pixels",10000,1,1719.88476964003,24431.1592176999,4678.12500873761,"sampled_pixels",10000,28841,415887220,"bootstrap_mean",2.80108487140123,NA,2.80108487140123,0.0124897010094339,0.00445887989219904,2.80149643260491,2.77103810797085,2.83378356046782,"20m"
"1224",27824,FALSE,"all_pixels",7.71238885133019,7.07191117767441,3.93020527374589,149.853800274374,"squared_euclidean_pc1_pc3",557.917895537932,"sampled_pixels",10000,1,1315.1714784982,7572.28784106985,2624.94422095294,"sampled_pixels",10000,27824,FALSE,"all_pixels",5.86215755217504,5.4652878887686,2.92281586377827,85.8148734165699,"squared_euclidean_pc1_pc3",474.81165620428,"sampled_pixels",10000,1,1269.12216191971,13406.7100047072,3127.13128979363,"sampled_pixels",10000,27824,387073576,"bootstrap_mean",2.78552322982667,NA,2.78552322982667,0.241043241843394,0.0865342781070231,2.69111064897199,2.66124097240121,3.38267242244554,"20m"
"123",29321,FALSE,"all_pixels",8.71631703255455,7.71396613005899,4.94135275861688,200.780633900708,"squared_euclidean_pc1_pc3",761.464644831649,"sampled_pixels",10000,1,1778.2513359936,15230.2135160687,4077.08368866776,"sampled_pixels",10000,29321,FALSE,"all_pixels",6.80746019013346,5.74879449261369,5.12420651449233,145.196222250213,"squared_euclidean_pc1_pc3",621.377602569393,"sampled_pixels",10000,1,3316.00344058128,61735.7313566314,9468.11848006634,"sampled_pixels",10000,29321,429845860,"bootstrap_mean",2.78795266716497,NA,2.78795266716497,0.0125833690750668,0.00451348016889494,2.78881195346439,2.74329964078537,2.81712327165679,"20m"
"124",27623,FALSE,"all_pixels",7.8773029886324,7.25837794965581,4.25632516368699,160.335100864928,"squared_euclidean_pc1_pc3",661.152835073116,"sampled_pixels",10000,1,1999.18877448831,13268.8097527646,4131.10628714953,"sampled_pixels",10000,27623,FALSE,"all_pixels",7.3053323202177,6.34826446163363,4.973924368612,156.213816611603,"squared_euclidean_pc1_pc3",653.829097659201,"sampled_pixels",10000,1,5079.81536781077,82761.2204584566,11230.4292704444,"sampled_pixels",10000,27623,381501253,"bootstrap_mean",2.86858711395021,NA,2.86858711395021,0.115505972647117,0.0402658061473541,2.88831596857179,2.20215852222699,2.92105013759729,"20m"
"13",30565,FALSE,"all_pixels",7.58073069864909,6.88519944717765,4.40742155864249,153.784414356513,"squared_euclidean_pc1_pc3",571.581851023507,"sampled_pixels",10000,1,1411.71414359478,14641.2322853215,4931.91825401783,"sampled_pixels",10000,30565,FALSE,"all_pixels",5.77398131067478,4.86225925952553,4.96915117202226,116.061031358306,"squared_euclidean_pc1_pc3",485.300792807787,"sampled_pixels",10000,1,3237.22231978359,60360.0561343267,10883.1273981799,"sampled_pixels",10000,30565,467094330,"bootstrap_mean",2.74036531987552,NA,2.74036531987552,0.0157009143032866,0.0057294967898659,2.74181497083187,2.70434152108306,2.77304307176293,"20m"
"1300",26756,FALSE,"all_pixels",7.31447206093777,6.74764608041829,3.88819459881945,137.237987468493,"squared_euclidean_pc1_pc3",544.514489216269,"sampled_pixels",10000,1,1185.43797030472,8634.72571174964,2687.98913428073,"sampled_pixels",10000,26756,FALSE,"all_pixels",6.72407359856344,6.05707753492833,3.91817956773072,121.129446202271,"squared_euclidean_pc1_pc3",586.197603824146,"sampled_pixels",10000,1,3138.96132488993,30311.6043770627,5457.40746382682,"sampled_pixels",10000,26756,357928390,"bootstrap_mean",2.84088991657968,NA,2.84088991657968,0.0125176036990048,0.00440622624127425,2.84309662644208,2.80322907221968,2.86493487853993,"20m"
"1301",26391,FALSE,"all_pixels",7.93514262118228,7.14401093696722,4.81703523900436,172.338875359355,"squared_euclidean_pc1_pc3",744.595138784893,"sampled_pixels",10000,1,1528.5732056278,11827.1137721237,3618.48341165083,"sampled_pixels",10000,26391,FALSE,"all_pixels",7.54386715232763,6.54811646765903,4.84793872984036,160.823101980138,"squared_euclidean_pc1_pc3",721.425738306104,"sampled_pixels",10000,1,2687.07977950956,38059.4529411274,6622.56337019449,"sampled_pixels",10000,26391,348229245,"bootstrap_mean",2.84189168573095,NA,2.84189168573095,0.00917539934195256,0.00322862387332422,2.84182287295065,2.82010005132525,2.85899284424131,"20m"
"1302",27236,FALSE,"all_pixels",6.69047874876652,6.10470655547536,3.69340954846454,116.806558251703,"squared_euclidean_pc1_pc3",527.240352586237,"sampled_pixels",10000,1,988.588246176274,9724.58835678307,2897.41230890816,"sampled_pixels",10000,27236,FALSE,"all_pixels",7.03953274628513,6.28469004067861,3.98453228506443,130.861871786991,"squared_euclidean_pc1_pc3",650.997221002852,"sampled_pixels",10000,1,1862.52480355233,35628.0632914184,5887.37819033665,"sampled_pixels",10000,27236,370886230,"bootstrap_mean",2.8509996467129,NA,2.8509996467129,0.0109973895415151,0.00385738018389259,2.85031156057651,2.82537960509539,2.87846696225396,"20m"
"1303",27168,FALSE,"all_pixels",7.07515915819652,6.18692155269968,4.39884483664045,138.814001563417,"squared_euclidean_pc1_pc3",439.134910496234,"sampled_pixels",10000,1,938.773750075878,5137.12511765529,2264.28087130134,"sampled_pixels",10000,27168,FALSE,"all_pixels",5.26064003941493,4.73864287517642,3.15448603339957,75.2494989814518,"squared_euclidean_pc1_pc3",416.943075823941,"sampled_pixels",10000,1,1898.15375483308,18960.3218115848,4520.59196554869,"sampled_pixels",10000,27168,369036528,"bootstrap_mean",2.73361497349276,NA,2.73361497349276,0.0118841634272199,0.00434741671466463,2.73370705781473,2.70403160884332,2.76646323707991,"20m"
"1304",29512,FALSE,"all_pixels",6.44928463683109,5.85847804997883,3.54250961715585,108.284442969921,"squared_euclidean_pc1_pc3",457.167383969252,"sampled_pixels",10000,1,894.057380480954,5331.77342163106,2146.29265283644,"sampled_pixels",10000,29512,FALSE,"all_pixels",5.56881329185149,4.87262248887956,3.5750464271494,87.5844107183282,"squared_euclidean_pc1_pc3",480.96564226065,"sampled_pixels",10000,1,1819.54536255778,25824.1646949441,4989.09242275613,"sampled_pixels",10000,29512,435464316,"bootstrap_mean",2.78878303480024,NA,2.78878303480024,0.012474538776371,0.00447311197059994,2.7877414058253,2.759096453263,2.81192573891261,"20m"
"1305",30960,FALSE,"all_pixels",7.02427377590981,6.49966908736055,3.62591264032202,124.974479803293,"squared_euclidean_pc1_pc3",543.931582978259,"sampled_pixels",10000,1,982.23108444519,7441.23902383151,2383.37144565734,"sampled_pixels",10000,30960,FALSE,"all_pixels",6.73738242093861,5.92336350290721,4.00667241578936,122.890454423956,"squared_euclidean_pc1_pc3",656.636345780037,"sampled_pixels",10000,1,2511.57734152312,39244.4253051072,6620.77094778284,"sampled_pixels",10000,30960,479245320,"bootstrap_mean",2.90009088831545,NA,2.90009088831545,0.0122140346709858,0.00421160409840828,2.89932393004933,2.87080720958978,2.93095261807765,"20m"
"1306",22691,FALSE,"all_pixels",6.04663512566123,5.47963509541015,3.22606718497684,93.9376943248443,"squared_euclidean_pc1_pc3",417.643422369489,"sampled_pixels",10000,1,781.093971668544,4914.67736316795,1977.60060624794,"sampled_pixels",10000,22691,FALSE,"all_pixels",6.68098172421309,6.16785512275081,3.38203288559131,112.146318311061,"squared_euclidean_pc1_pc3",585.691788063931,"sampled_pixels",10000,1,1505.68245898042,29367.1177202271,5216.60716137852,"sampled_pixels",10000,22691,257429395,"bootstrap_mean",2.95310490813209,NA,2.95310490813209,0.00984048030749284,0.00333224880714352,2.95315345535862,2.91665872338508,2.97255776462848,"20m"
"1307",24320,FALSE,"all_pixels",6.74130954600438,6.24800390054411,3.51151040570371,115.550905410563,"squared_euclidean_pc1_pc3",440.748582661817,"sampled_pixels",10000,1,791.310606385112,5678.33307968354,2020.17933323377,"sampled_pixels",10000,24320,FALSE,"all_pixels",5.93430648560632,5.47604005705092,2.97914470092365,88.1818633513977,"squared_euclidean_pc1_pc3",497.596725207326,"sampled_pixels",10000,1,1190.201841859,15855.8988775025,3532.21073707296,"sampled_pixels",10000,24320,295719040,"bootstrap_mean",2.82708891816767,NA,2.82708891816767,0.0104259134833909,0.00368786189086272,2.82799067798051,2.80438188700838,2.85424657348318,"20m"
"1308",25788,FALSE,"all_pixels",7.39442913571574,6.87730026719739,3.83712062358525,138.801011958843,"squared_euclidean_pc1_pc3",517.904473038094,"sampled_pixels",10000,1,1091.66779249053,9011.47338935168,2660.13013159236,"sampled_pixels",10000,25788,FALSE,"all_pixels",6.32338620662759,5.6697097428263,3.89276582823692,110.276502577014,"squared_euclidean_pc1_pc3",532.775837958769,"sampled_pixels",10000,1,2046.95250622007,24419.1333450223,4986.92273674076,"sampled_pixels",10000,25788,332497578,"bootstrap_mean",2.79786715672293,NA,2.79786715672293,0.0126613280254864,0.00452534995990169,2.79797928122656,2.76949736461157,2.83033061583432,"20m"
"1309",26210,FALSE,"all_pixels",7.74133434257057,7.30785483596862,3.90658456584402,150.378156198997,"squared_euclidean_pc1_pc3",666.512463281322,"sampled_pixels",10000,1,1282.23925878265,11161.9789906648,3059.491498324,"sampled_pixels",10000,26210,FALSE,"all_pixels",6.92109797639222,6.22818708219123,3.98123656175254,127.502474038212,"squared_euclidean_pc1_pc3",642.796520712451,"sampled_pixels",10000,1,2010.2415182669,28281.1900635498,5348.08782992753,"sampled_pixels",10000,26210,343468945,"bootstrap_mean",2.7965533965784,NA,2.7965533965784,0.115500415854165,0.0413009871349069,2.7767727473013,2.75513453467428,3.46281733514206,"20m"
"1310",30955,FALSE,"all_pixels",8.6211196045942,7.88712568555354,4.57604342317404,190.526400352106,"squared_euclidean_pc1_pc3",633.199055995967,"sampled_pixels",10000,1,1601.00666822877,16427.1760717013,4245.72110075535,"sampled_pixels",10000,30955,FALSE,"all_pixels",7.19950733292986,6.28591555991101,5.14454696624626,156.596828660084,"squared_euclidean_pc1_pc3",611.098581918261,"sampled_pixels",10000,1,3370.92509499103,54130.7687454034,9292.16792903967,"sampled_pixels",10000,30955,479090535,"bootstrap_mean",2.81040464337479,NA,2.81040464337479,0.0124095441761854,0.00441557204420348,2.8115815167921,2.77745142282941,2.83315110339751,"20m"
"1311",27205,FALSE,"all_pixels",7.18368699549031,6.424350355436,4.13562445497929,137.416239592554,"squared_euclidean_pc1_pc3",568.352271496376,"sampled_pixels",10000,1,871.612083006476,6561.04282871666,2268.57244470862,"sampled_pixels",10000,27205,FALSE,"all_pixels",6.43628753138578,5.91495564342103,3.34698903468396,105.255442020174,"squared_euclidean_pc1_pc3",584.150042795,"sampled_pixels",10000,1,1417.87426759963,20354.3438994927,4141.69167508599,"sampled_pixels",10000,27205,370042410,"bootstrap_mean",2.82787162107182,NA,2.82787162107182,0.0138185281258546,0.00488654719078693,2.82885872294975,2.79947430893339,2.86372327646971,"20m"
"1312",24622,FALSE,"all_pixels",7.47148158197254,6.83895998406869,4.12182491291908,145.623575263861,"squared_euclidean_pc1_pc3",505.98959223726,"sampled_pixels",10000,1,1023.17646809228,7664.0956987662,2648.61808453122,"sampled_pixels",10000,24622,FALSE,"all_pixels",5.9255306466439,5.32746163957138,3.54385218475571,95.3405833679141,"squared_euclidean_pc1_pc3",491.234389749716,"sampled_pixels",10000,1,1781.84660591786,34725.2858330971,6147.50933608844,"sampled_pixels",10000,24622,303109131,"bootstrap_mean",2.79432329454183,NA,2.79432329454183,0.0118321700669409,0.00423435974285892,2.79641050270008,2.76597543874467,2.82179304009112,"20m"
"1313",NA,TRUE,"manual_excluded",NA,NA,NA,NA,"squared_euclidean_pc1_pc3",NA,"manual_excluded",NA,1,NA,NA,NA,"manual_excluded",NA,NA,TRUE,"manual_excluded",NA,NA,NA,NA,"squared_euclidean_pc1_pc3",NA,"manual_excluded",NA,1,NA,NA,NA,"manual_excluded",NA,30303,459120753,"bootstrap_mean",2.82011657753783,NA,2.82011657753783,0.0103423820364234,0.00366735975342306,2.82171828377451,2.78941917378535,2.84512404674343,"20m"
"1314",NA,TRUE,"manual_excluded",NA,NA,NA,NA,"squared_euclidean_pc1_pc3",NA,"manual_excluded",NA,1,NA,NA,NA,"manual_excluded",NA,NA,TRUE,"manual_excluded",NA,NA,NA,NA,"squared_euclidean_pc1_pc3",NA,"manual_excluded",NA,1,NA,NA,NA,"manual_excluded",NA,32164,517245366,"bootstrap_mean",2.85069468213735,NA,2.85069468213735,0.0116672198020527,0.00409276373059534,2.85261132994401,2.81847537601669,2.87610672140429,"20m"
"1315",NA,TRUE,"manual_excluded",NA,NA,NA,NA,"squared_euclidean_pc1_pc3",NA,"manual_excluded",NA,1,NA,NA,NA,"manual_excluded",NA,NA,TRUE,"manual_excluded",NA,NA,NA,NA,"squared_euclidean_pc1_pc3",NA,"manual_excluded",NA,1,NA,NA,NA,"manual_excluded",NA,33613,564900078,"bootstrap_mean",2.88951494899304,NA,2.88951494899304,0.0808114681911379,0.0279671396818001,2.89946728496433,2.23107415850971,2.92810241191446,"20m"
"1316",NA,TRUE,"manual_excluded",NA,NA,NA,NA,"squared_euclidean_pc1_pc3",NA,"manual_excluded",NA,1,NA,NA,NA,"manual_excluded",NA,NA,TRUE,"manual_excluded",NA,NA,NA,NA,"squared_euclidean_pc1_pc3",NA,"manual_excluded",NA,1,NA,NA,NA,"manual_excluded",NA,20820,216725790,"bootstrap_mean",2.83011472655688,NA,2.83011472655688,0.313191210393634,0.110663785978268,3.02558598668996,2.33254435698581,3.05710711704699,"20m"
"1317",NA,TRUE,"manual_excluded",NA,NA,NA,NA,"squared_euclidean_pc1_pc3",NA,"manual_excluded",NA,1,NA,NA,NA,"manual_excluded",NA,NA,TRUE,"manual_excluded",NA,NA,NA,NA,"squared_euclidean_pc1_pc3",NA,"manual_excluded",NA,1,NA,NA,NA,"manual_excluded",NA,6776,22953700,"bootstrap_mean",3.09653952574355,NA,3.09653952574355,0.138786469385248,0.0448198604382167,3.12496453256502,2.43700613998167,3.14513406733958,"20m"
"1318",NA,TRUE,"manual_excluded",NA,NA,NA,NA,"squared_euclidean_pc1_pc3",NA,"manual_excluded",NA,1,NA,NA,NA,"manual_excluded",NA,NA,TRUE,"manual_excluded",NA,NA,NA,NA,"squared_euclidean_pc1_pc3",NA,"manual_excluded",NA,1,NA,NA,NA,"manual_excluded",NA,1992,1983036,"exact_all_pixels",2.46257745534335,2.46257745534335,NA,NA,NA,NA,NA,NA,"20m"
"1321",NA,TRUE,"manual_excluded",NA,NA,NA,NA,"squared_euclidean_pc1_pc3",NA,"manual_excluded",NA,1,NA,NA,NA,"manual_excluded",NA,NA,TRUE,"manual_excluded",NA,NA,NA,NA,"squared_euclidean_pc1_pc3",NA,"manual_excluded",NA,1,NA,NA,NA,"manual_excluded",NA,1509,1137786,"exact_all_pixels",2.25241129188898,2.25241129188898,NA,NA,NA,NA,NA,NA,"20m"
"1322",NA,TRUE,"manual_excluded",NA,NA,NA,NA,"squared_euclidean_pc1_pc3",NA,"manual_excluded",NA,1,NA,NA,NA,"manual_excluded",NA,NA,TRUE,"manual_excluded",NA,NA,NA,NA,"squared_euclidean_pc1_pc3",NA,"manual_excluded",NA,1,NA,NA,NA,"manual_excluded",NA,16280,132511060,"bootstrap_mean",2.89577018828415,NA,2.89577018828415,0.0832318376510923,0.0287425562939476,2.90490069602795,2.21734533286452,2.93321983645396,"20m"
"1323",28343,FALSE,"all_pixels",7.20807539158806,6.57027244311881,3.76867768611249,132.317562487302,"squared_euclidean_pc1_pc3",589.141545966184,"sampled_pixels",10000,1,948.501696914616,7956.66879323651,2647.51322584702,"sampled_pixels",10000,28343,FALSE,"all_pixels",6.45241954691678,5.71019380297604,3.77870344189484,111.823627865043,"squared_euclidean_pc1_pc3",587.616563490765,"sampled_pixels",10000,1,2213.48150398191,40679.6302567281,6889.52612399255,"sampled_pixels",10000,28343,401648653,"bootstrap_mean",2.81895575746161,NA,2.81895575746161,0.0812135639784969,0.0288098043977914,2.82770845412059,2.15620051076286,2.86509250563704,"20m"
"1324",26507,FALSE,"all_pixels",7.36859549326159,7.08137420960807,3.44926384159115,132.386343503,"squared_euclidean_pc1_pc3",572.610269044657,"sampled_pixels",10000,1,902.705336476536,7113.48987823625,2524.97118337833,"sampled_pixels",10000,26507,FALSE,"all_pixels",6.81138569156453,6.2292807401215,3.50045679320557,117.29542107527,"squared_euclidean_pc1_pc3",634.988900349165,"sampled_pixels",10000,1,1552.23821869446,23385.6573526597,4559.55500899547,"sampled_pixels",10000,26507,351297271,"bootstrap_mean",2.82090817784503,NA,2.82090817784503,0.0115761460123186,0.00410369472612964,2.81953554245192,2.79918531447064,2.84987429667655,"20m"
"14",29920,FALSE,"all_pixels",8.1866506414133,7.53492331711017,4.55597581637218,175.554941233481,"squared_euclidean_pc1_pc3",657.017031826287,"sampled_pixels",10000,1,1762.34024763491,14138.7278472698,4105.3387186131,"sampled_pixels",10000,29920,FALSE,"all_pixels",7.07908111798778,5.82413498990544,5.72956877505441,165.880501264017,"squared_euclidean_pc1_pc3",651.10540711415,"sampled_pixels",10000,1,3460.11411181763,70039.5041995421,10202.5645368989,"sampled_pixels",10000,29920,447588240,"bootstrap_mean",2.86558653621522,NA,2.86558653621522,0.0137908754478582,0.00481258383705024,2.86643074628286,2.83334902046955,2.89765466246355,"20m"
"1400",25728,FALSE,"all_pixels",7.78013971884908,7.14826019863978,4.21947301476952,156.66766912064,"squared_euclidean_pc1_pc3",599.750358828624,"sampled_pixels",10000,1,1133.75453026445,7588.52800421838,2552.00484388748,"sampled_pixels",10000,25728,FALSE,"all_pixels",6.91994632981375,6.24069034971323,3.86560491725125,125.65595556142,"squared_euclidean_pc1_pc3",629.546160268665,"sampled_pixels",10000,1,1930.2405889148,29715.5595263176,5631.07479964149,"sampled_pixels",10000,25728,330952128,"bootstrap_mean",2.85914075543687,NA,2.85914075543687,0.0125673115217686,0.00439548542612705,2.85842632757266,2.83060601436848,2.89269863316338,"20m"
"1401",20492,FALSE,"all_pixels",7.59056990507022,6.91542782301936,4.05325398133877,148.089635199885,"squared_euclidean_pc1_pc3",646.550126295312,"sampled_pixels",10000,1,1333.01965345402,12873.2822733453,3617.51273867252,"sampled_pixels",10000,20492,FALSE,"all_pixels",8.01767538120446,7.04650159517854,5.39955453109832,186.873769786211,"squared_euclidean_pc1_pc3",752.724661823146,"sampled_pixels",10000,1,3379.9893767712,87886.9080078052,11454.2180433291,"sampled_pixels",10000,20492,209950786,"bootstrap_mean",2.96017048144669,NA,2.96017048144669,0.137072786155238,0.0463057067200563,2.9879344420274,2.31483151490745,3.02562766929966,"20m"
"1402",27061,FALSE,"all_pixels",7.03857597898291,6.53265730596793,3.67877247237169,126.148837218905,"squared_euclidean_pc1_pc3",550.471332025936,"sampled_pixels",10000,1,1377.76528585646,8596.01285540916,3178.69744874934,"sampled_pixels",10000,27061,FALSE,"all_pixels",6.99910295276181,6.23834831721346,3.99497950254593,129.893427191202,"squared_euclidean_pc1_pc3",669.174251308443,"sampled_pixels",10000,1,2323.23508913298,39838.2492423438,6885.1029246132,"sampled_pixels",10000,27061,366135330,"bootstrap_mean",2.89891302547439,NA,2.89891302547439,0.011428223694221,0.00394224441844054,2.89821770625478,2.86130535535082,2.9279615443955,"20m"
"1403",26920,FALSE,"all_pixels",6.47020624283147,6.03840456375425,3.44319119724348,107.437388091277,"squared_euclidean_pc1_pc3",441.545161479366,"sampled_pixels",10000,1,741.882546019945,4741.50929001371,1881.94865952152,"sampled_pixels",10000,26920,FALSE,"all_pixels",5.89906367380265,5.39895520970269,3.10526191825045,88.8824912238953,"squared_euclidean_pc1_pc3",504.436751850498,"sampled_pixels",10000,1,1177.63352636143,19921.4048427418,4075.39351163828,"sampled_pixels",10000,26920,362329740,"bootstrap_mean",2.7760326628988,NA,2.7760326628988,0.083996451055882,0.0302577315384218,2.76696637576058,2.74573108362672,3.46384963972789,"20m"
"1404",26844,FALSE,"all_pixels",7.12276037345337,6.57420791763438,3.89036962721119,131.736254723445,"squared_euclidean_pc1_pc3",557.689700611116,"sampled_pixels",10000,1,970.747563148653,7482.77769855297,2532.64253034718,"sampled_pixels",10000,26844,FALSE,"all_pixels",6.27109368942961,5.4477663186534,3.8758662359487,108.696791048608,"squared_euclidean_pc1_pc3",600.116039988085,"sampled_pixels",10000,1,2292.71864312184,43858.8795409678,7058.54324914431,"sampled_pixels",10000,26844,360286746,"bootstrap_mean",2.86258988717455,NA,2.86258988717455,0.0125261190737011,0.00437579938705949,2.86343252020208,2.83425665320297,2.89077852103115,"20m"
"1405",28265,FALSE,"all_pixels",7.46718730244939,6.90171451470124,3.8957739124347,141.870807261829,"squared_euclidean_pc1_pc3",626.341118993984,"sampled_pixels",10000,1,1189.73159983928,9300.82198394282,2834.29285772216,"sampled_pixels",10000,28265,FALSE,"all_pixels",6.88024572032699,6.07768653601157,4.29660367085549,131.595862287054,"squared_euclidean_pc1_pc3",680.549582817738,"sampled_pixels",10000,1,2782.86629345578,42628.9078505017,6908.93110604298,"sampled_pixels",10000,28265,399440980,"bootstrap_mean",2.89296867984967,NA,2.89296867984967,0.0830533510440442,0.0287086934685929,2.90230395087852,2.21622476473403,2.92932419393797,"20m"
"1406",20917,FALSE,"all_pixels",7.86593158448053,7.0260609935882,4.31640145906429,161.006621042525,"squared_euclidean_pc1_pc3",639.965345386633,"sampled_pixels",10000,1,1359.60737925766,11746.0985601585,3545.63386401606,"sampled_pixels",10000,20917,FALSE,"all_pixels",7.88004677840228,7.01559604346271,4.68543848536942,168.094842969879,"squared_euclidean_pc1_pc3",748.866115146263,"sampled_pixels",10000,1,3131.31060338753,64361.3157821255,9117.40160215619,"sampled_pixels",10000,20917,218749986,"bootstrap_mean",2.98821540451354,NA,2.98821540451354,0.140550849676622,0.0470350462233504,3.01719436899152,2.32843594429737,3.03697948795372,"20m"
"1407",24811,FALSE,"all_pixels",7.93006071696234,7.3646025416865,4.22345411906289,161.445417465562,"squared_euclidean_pc1_pc3",607.160220115871,"sampled_pixels",10000,1,1006.73129164148,7799.5691246434,2676.85658222727,"sampled_pixels",10000,24811,FALSE,"all_pixels",6.80215710318762,6.21225950469098,3.69073435321107,119.78062462218,"squared_euclidean_pc1_pc3",617.774709111232,"sampled_pixels",10000,1,1754.96073907664,28486.2936412509,5303.06289516582,"sampled_pixels",10000,24811,307780455,"bootstrap_mean",2.90856117882751,NA,2.90856117882751,0.0118732041713875,0.00408215727343709,2.90921029416592,2.88245306412559,2.93334065553099,"20m"
"1408",25549,FALSE,"all_pixels",7.1752352217214,6.60872487313001,3.95121114459738,134.190917864806,"squared_euclidean_pc1_pc3",514.644264937653,"sampled_pixels",10000,1,1556.42229225868,11630.8823145136,3620.01803504374,"sampled_pixels",10000,25549,FALSE,"all_pixels",5.97435351590686,5.34923292820486,3.46434061306652,95.3881721317134,"squared_euclidean_pc1_pc3",519.977281581738,"sampled_pixels",10000,1,1785.23902614091,22794.3765039986,4683.20070490041,"sampled_pixels",10000,25549,326362926,"bootstrap_mean",2.82013719055948,NA,2.82013719055948,0.0109812782800651,0.003893880878145,2.82013118920549,2.79109211833805,2.85152811553401,"20m"
"1409",22947,FALSE,"all_pixels",7.78467545919031,7.14730844396042,4.15585819317559,155.743153344888,"squared_euclidean_pc1_pc3",597.565852196307,"sampled_pixels",10000,1,1382.2476762072,13768.6058208533,3754.13432531507,"sampled_pixels",10000,22947,FALSE,"all_pixels",6.72137376483984,5.97565605017894,3.97745557587861,121.992657446731,"squared_euclidean_pc1_pc3",597.829260572992,"sampled_pixels",10000,1,2505.42994415499,25925.5892749967,5454.49351973353,"sampled_pixels",10000,22947,263270931,"bootstrap_mean",2.82901506533418,NA,2.82901506533418,0.0109050327414304,0.0038547100279023,2.82944770791873,2.7949596408057,2.84688260835334,"20m"
"1410",30336,FALSE,"all_pixels",7.15774410381524,6.56027521198022,3.89186880285062,132.758888276652,"squared_euclidean_pc1_pc3",506.272288238193,"sampled_pixels",10000,1,1002.87512279551,9232.28550807016,2691.84263072356,"sampled_pixels",10000,30336,FALSE,"all_pixels",5.58062320903996,4.9389110074755,3.20422235296786,82.8201156888244,"squared_euclidean_pc1_pc3",483.60006914691,"sampled_pixels",10000,1,1282.42768491482,16877.5595783739,3671.50160238808,"sampled_pixels",10000,30336,460121280,"bootstrap_mean",2.80978101205307,NA,2.80978101205307,0.251110195302438,0.0893700235802202,2.70542392834423,2.67975337848599,3.40066257447274,"20m"
"1411",27941,FALSE,"all_pixels",7.89101120028568,7.36612492542806,3.90080052377403,154.96751580896,"squared_euclidean_pc1_pc3",662.084108882309,"sampled_pixels",10000,1,1190.65722727239,12496.807302633,3285.18634136483,"sampled_pixels",10000,27941,FALSE,"all_pixels",7.55194951479207,6.91694483804188,3.93108937286336,144.969704113167,"squared_euclidean_pc1_pc3",720.469423497327,"sampled_pixels",10000,1,1697.00397106125,28845.036129668,5162.35759238217,"sampled_pixels",10000,27941,390335770,"bootstrap_mean",2.81690511180186,NA,2.81690511180186,0.0118091490836034,0.00419224241318146,2.81710238374336,2.79142760009272,2.85110136062518,"20m"
"1412",24144,FALSE,"all_pixels",7.55539106224835,7.0122991948109,3.9477726151644,145.336394452682,"squared_euclidean_pc1_pc3",590.372179391771,"sampled_pixels",10000,1,1179.08448675665,10367.6315768402,3054.02422344756,"sampled_pixels",10000,24144,FALSE,"all_pixels",6.94252466991829,6.15074691530593,4.09738589821324,129.973049279222,"squared_euclidean_pc1_pc3",664.085574610289,"sampled_pixels",10000,1,2149.89430945044,45553.8546667017,7254.3527811303,"sampled_pixels",10000,24144,291454296,"bootstrap_mean",2.8422509281479,NA,2.8422509281479,0.00967380244408503,0.00340357086289661,2.84287050604183,2.81961960400353,2.86736179585742,"20m"
"1413",27129,FALSE,"all_pixels",7.83713936973429,7.22088472980432,4.26871830040152,159.284075501389,"squared_euclidean_pc1_pc3",677.158863307677,"sampled_pixels",10000,1,1499.64399416077,11386.6365099263,3635.09862743233,"sampled_pixels",10000,27129,FALSE,"all_pixels",7.37710755878004,6.62656842621694,4.15549771019388,143.378481265725,"squared_euclidean_pc1_pc3",687.49144142677,"sampled_pixels",10000,1,1947.92547348956,26171.0984898338,5106.85602615737,"sampled_pixels",10000,27129,367977756,"bootstrap_mean",2.79746906847057,NA,2.79746906847057,0.0109612849291418,0.00391828637273709,2.79757900070987,2.76925807906002,2.81751168507101,"20m"
"1414",NA,TRUE,"manual_excluded",NA,NA,NA,NA,"squared_euclidean_pc1_pc3",NA,"manual_excluded",NA,1,NA,NA,NA,"manual_excluded",NA,NA,TRUE,"manual_excluded",NA,NA,NA,NA,"squared_euclidean_pc1_pc3",NA,"manual_excluded",NA,1,NA,NA,NA,"manual_excluded",NA,27682,383132721,"bootstrap_mean",2.81249051257786,NA,2.81249051257786,0.205659291400358,0.0731235502771015,2.8782283224269,2.18369314541011,2.91221334136365,"20m"
"1415",30855,FALSE,"all_pixels",8.58359855192583,7.86857386255647,4.57322559441209,189.183757219409,"squared_euclidean_pc1_pc3",758.642287223347,"sampled_pixels",10000,1,1425.89712449834,12441.9794633368,3500.37425369268,"sampled_pixels",10000,30855,FALSE,"all_pixels",7.79728627675824,6.89955310591357,4.43522495948032,160.936512370782,"squared_euclidean_pc1_pc3",773.439862926122,"sampled_pixels",10000,1,2253.94348654804,40135.0983641837,6746.67651845071,"sampled_pixels",10000,30855,476000085,"bootstrap_mean",2.85192950923534,NA,2.85192950923534,0.0101231441273327,0.00354957725797609,2.85397146891947,2.81933079774856,2.87120876168024,"20m"
"1416",32688,FALSE,"all_pixels",8.85561476954967,7.8232891506898,5.16022711560211,210.098084444224,"squared_euclidean_pc1_pc3",888.825184936639,"sampled_pixels",10000,1,2093.14431987721,18330.3617164928,5045.22931631475,"sampled_pixels",10000,32688,FALSE,"all_pixels",8.62593460724344,7.53763810463214,5.760715230251,215.183145164866,"squared_euclidean_pc1_pc3",872.525904621982,"sampled_pixels",10000,1,5066.92055622165,109276.391311167,13554.2190447439,"sampled_pixels",10000,32688,534236328,"bootstrap_mean",2.89421707657199,NA,2.89421707657199,0.0163864790407964,0.00566180027525963,2.89665812171985,2.85504094731017,2.93298135561161,"20m"
"1417",32884,FALSE,"all_pixels",9.19643494932952,8.08027592586244,5.27482087578805,224.794609862348,"squared_euclidean_pc1_pc3",879.809788092451,"sampled_pixels",10000,1,1902.37126594956,14623.7072811572,4202.73059454589,"sampled_pixels",10000,32884,FALSE,"all_pixels",9.25932560038364,8.29745075795958,5.30142383218382,227.678701097047,"squared_euclidean_pc1_pc3",950.216484854877,"sampled_pixels",10000,1,3438.92050278338,72402.7697231404,10335.0789208675,"sampled_pixels",10000,32884,540662286,"bootstrap_mean",2.93569739052897,NA,2.93569739052897,0.083730357689408,0.0285214538663063,2.9443435595201,2.25502078414743,2.97707612511173,"20m"
"1418",NA,TRUE,"manual_excluded",NA,NA,NA,NA,"squared_euclidean_pc1_pc3",NA,"manual_excluded",NA,1,NA,NA,NA,"manual_excluded",NA,NA,TRUE,"manual_excluded",NA,NA,NA,NA,"squared_euclidean_pc1_pc3",NA,"manual_excluded",NA,1,NA,NA,NA,"manual_excluded",NA,21209,224900236,"bootstrap_mean",3.19356553594977,NA,3.19356553594977,0.207708522181678,0.065039693046382,3.25978396843143,2.55407310784038,3.29118450936715,"20m"
"1419",NA,TRUE,"manual_excluded",NA,NA,NA,NA,"squared_euclidean_pc1_pc3",NA,"manual_excluded",NA,1,NA,NA,NA,"manual_excluded",NA,NA,TRUE,"manual_excluded",NA,NA,NA,NA,"squared_euclidean_pc1_pc3",NA,"manual_excluded",NA,1,NA,NA,NA,"manual_excluded",NA,566,159895,"exact_all_pixels",2.60507735630016,2.60507735630016,NA,NA,NA,NA,NA,NA,"20m"
"1422",NA,TRUE,"manual_excluded",NA,NA,NA,NA,"squared_euclidean_pc1_pc3",NA,"manual_excluded",NA,1,NA,NA,NA,"manual_excluded",NA,NA,TRUE,"manual_excluded",NA,NA,NA,NA,"squared_euclidean_pc1_pc3",NA,"manual_excluded",NA,1,NA,NA,NA,"manual_excluded",NA,1267,802011,"exact_all_pixels",2.42129052187538,2.42129052187538,NA,NA,NA,NA,NA,NA,"20m"
"1423",NA,TRUE,"manual_excluded",NA,NA,NA,NA,"squared_euclidean_pc1_pc3",NA,"manual_excluded",NA,1,NA,NA,NA,"manual_excluded",NA,NA,TRUE,"manual_excluded",NA,NA,NA,NA,"squared_euclidean_pc1_pc3",NA,"manual_excluded",NA,1,NA,NA,NA,"manual_excluded",NA,19332,186853446,"bootstrap_mean",2.87336406596643,NA,2.87336406596643,0.0113554990317046,0.00395198755570337,2.87367329617175,2.84615405237397,2.90731619790532,"20m"
"1424",NA,TRUE,"manual_excluded",NA,NA,NA,NA,"squared_euclidean_pc1_pc3",NA,"manual_excluded",NA,1,NA,NA,NA,"manual_excluded",NA,NA,TRUE,"manual_excluded",NA,NA,NA,NA,"squared_euclidean_pc1_pc3",NA,"manual_excluded",NA,1,NA,NA,NA,"manual_excluded",NA,9762,47643441,"bootstrap_mean",2.79375856022948,NA,2.79375856022948,0.0117565413297196,0.00420814507634257,2.79281649380293,2.76791512604733,2.82272531391376,"20m"
"15",33502,FALSE,"all_pixels",9.1107218170147,8.14368058589127,5.68731087539398,230.69958308116,"squared_euclidean_pc1_pc3",767.685289777047,"sampled_pixels",10000,1,3501.32875171513,38281.2378709243,9947.59037640231,"sampled_pixels",10000,33502,FALSE,"all_pixels",8.23821370459917,6.6753157793372,7.66583505153448,253.262876009579,"squared_euclidean_pc1_pc3",736.023650565339,"sampled_pixels",10000,1,5195.37043676529,94668.6347476561,14389.088238194,"sampled_pixels",10000,33502,561175251,"bootstrap_mean",2.89755989662347,NA,2.89755989662347,0.0138967199692319,0.00479600783591248,2.90015940101953,2.86644977557891,2.92649232300914,"20m"
"1500",28359,FALSE,"all_pixels",9.50721764161563,8.46443138929928,5.8048350169298,248.164217321468,"squared_euclidean_pc1_pc3",744.381225305836,"sampled_pixels",10000,1,1761.88832943529,18924.7349886711,4760.17269282168,"sampled_pixels",10000,28359,FALSE,"all_pixels",7.90641230116049,6.91757777133277,4.88463504243695,172.740347260548,"squared_euclidean_pc1_pc3",833.273913317693,"sampled_pixels",10000,1,2186.69951830017,37184.6105990075,6554.3732084682,"sampled_pixels",10000,28359,402102261,"bootstrap_mean",2.87777191917505,NA,2.87777191917505,0.0103146365327924,0.00358424392984877,2.87639006885212,2.85481556477111,2.90290475426375,"20m"
"1501",28645,FALSE,"all_pixels",7.44834431027718,7.01868699361387,4.01625300621502,143.215116128582,"squared_euclidean_pc1_pc3",587.810076681247,"sampled_pixels",10000,1,1287.34530914514,11369.3792842081,3412.39041268302,"sampled_pixels",10000,28645,FALSE,"all_pixels",6.95333733809859,6.36083887754922,3.80336069601135,125.627895454758,"squared_euclidean_pc1_pc3",680.490220121975,"sampled_pixels",10000,1,2161.2330294333,44120.934286834,7323.0241475857,"sampled_pixels",10000,28645,410253690,"bootstrap_mean",2.84658180886508,NA,2.84658180886508,0.0112048077340469,0.00393623246630464,2.84784041918235,2.82417818931307,2.86845797110694,"20m"
"1502",24790,FALSE,"all_pixels",7.53851081181496,6.83849036526114,4.10387194819151,147.340461699271,"squared_euclidean_pc1_pc3",542.825680291761,"sampled_pixels",10000,1,979.121981313087,6936.36476003997,2410.06858154418,"sampled_pixels",10000,24790,FALSE,"all_pixels",6.19950321011838,5.60939577967137,3.42130265347175,100.277359440291,"squared_euclidean_pc1_pc3",559.004975759189,"sampled_pixels",10000,1,1567.30897763591,23640.6331168908,4620.73241992178,"sampled_pixels",10000,24790,307259655,"bootstrap_mean",2.80046245285587,NA,2.80046245285587,0.0122417888745547,0.00437134547619832,2.80038611036337,2.77390392976287,2.8397015150179,"20m"
"1503",30454,FALSE,"all_pixels",6.4969003662943,5.76987860635473,3.88228904903602,114.562775427877,"squared_euclidean_pc1_pc3",526.656705008786,"sampled_pixels",10000,1,1265.13882961556,9651.56987380165,3062.58279317887,"sampled_pixels",10000,30454,FALSE,"all_pixels",6.42038918930126,5.79412758254988,3.66726020200026,109.339506242119,"squared_euclidean_pc1_pc3",593.0605317024,"sampled_pixels",10000,1,1785.84991556921,27779.7418034718,5042.60634259468,"sampled_pixels",10000,30454,463707831,"bootstrap_mean",2.79881674656085,NA,2.79881674656085,0.0131749794310801,0.00470733907365295,2.7983739442337,2.76531980870618,2.83005174168059,"20m"
"1504",30522,FALSE,"all_pixels",7.22506292417661,6.4498936269691,4.22693689348354,140.135888757829,"squared_euclidean_pc1_pc3",611.963354059149,"sampled_pixels",10000,1,1018.83624258302,7811.80995766738,2609.31563104869,"sampled_pixels",10000,30522,FALSE,"all_pixels",6.73004070668873,5.68696322684818,4.68872283191036,134.553698873653,"squared_euclidean_pc1_pc3",656.628959589045,"sampled_pixels",10000,1,3119.19725984387,60746.0631415239,8808.6825077247,"sampled_pixels",10000,30522,465780981,"bootstrap_mean",2.89105804490312,NA,2.89105804490312,0.113805751241145,0.039364741030289,2.91265783028434,2.22341583651737,2.9349001548559,"20m"
"1505",28647,FALSE,"all_pixels",7.46669098484415,6.74751388539833,4.118918430845,145.432742154856,"squared_euclidean_pc1_pc3",649.140732608736,"sampled_pixels",10000,1,1354.98113847431,11472.3133240741,3416.19850814245,"sampled_pixels",10000,28647,FALSE,"all_pixels",7.2917984747837,6.23854879221751,4.84872291317978,153.359236404747,"squared_euclidean_pc1_pc3",723.352737813288,"sampled_pixels",10000,1,3781.90936615058,106904.90059781,14230.9396770094,"sampled_pixels",10000,28647,410310981,"bootstrap_mean",2.95705853129121,NA,2.95705853129121,0.115259662630388,0.0389778089986131,2.97457217889719,2.28266777974767,3.01695591612368,"20m"
"1506",25689,FALSE,"all_pixels",7.36599599333226,6.55073855362362,4.50841580288212,149.165837598279,"squared_euclidean_pc1_pc3",575.008254728947,"sampled_pixels",10000,1,1957.56870458222,13155.6341318737,4459.02889715808,"sampled_pixels",10000,25689,FALSE,"all_pixels",6.76314316962996,5.69513317848044,5.75305112211407,157.672828701735,"squared_euclidean_pc1_pc3",587.86788870125,"sampled_pixels",10000,1,4016.60953294932,77115.0059980612,11203.5256982042,"sampled_pixels",10000,25689,329949516,"bootstrap_mean",2.92238033210621,NA,2.92238033210621,0.0821491177586024,0.0281103444531452,2.93264552261733,2.25308898400133,2.96022851627705,"20m"
"1507",26059,FALSE,"all_pixels",7.4724626991004,6.62674797997644,4.64660538509719,154.85562370716,"squared_euclidean_pc1_pc3",652.459976593509,"sampled_pixels",10000,1,1678.23390364553,11320.1125086924,3937.4549246147,"sampled_pixels",10000,26059,FALSE,"all_pixels",6.90052471740453,5.90455879627564,5.13996413610213,148.070917744491,"squared_euclidean_pc1_pc3",706.346855250376,"sampled_pixels",10000,1,2381.20333990803,38852.6454470424,6786.89546286915,"sampled_pixels",10000,26059,339522711,"bootstrap_mean",2.86681082917718,NA,2.86681082917718,0.0118315530681137,0.00412707840632426,2.86676288028632,2.84026804220025,2.8961165468313,"20m"
"1508",27892,FALSE,"all_pixels",10.3075612871028,8.69390023363463,6.96256106532572,309.442676482663,"squared_euclidean_pc1_pc3",1004.51626516141,"sampled_pixels",10000,1,2214.39457393564,17761.7285512583,5317.05347258451,"sampled_pixels",10000,27892,FALSE,"all_pixels",9.13743391247827,7.19127172297101,7.52496955214191,280.231670215154,"squared_euclidean_pc1_pc3",908.153397774224,"sampled_pixels",10000,1,3022.54566835114,59133.8604113746,9692.6240660118,"sampled_pixels",10000,27892,388967886,"bootstrap_mean",2.95871979602897,NA,2.95871979602897,0.0126722360459917,0.00428301323531876,2.95761809514636,2.92537713369957,2.9951174348916,"20m"
"1509",24656,FALSE,"all_pixels",11.6009509099102,11.1781842012968,5.47662897980942,329.148621038616,"squared_euclidean_pc1_pc3",922.213954857764,"sampled_pixels",10000,1,1940.17464392042,17927.0328090514,4529.71304962873,"sampled_pixels",10000,24656,FALSE,"all_pixels",8.1034517016139,7.2607042708851,4.79031485203759,177.224230342156,"squared_euclidean_pc1_pc3",763.948471427581,"sampled_pixels",10000,1,2151.90620251993,47950.1459412382,7396.80312749253,"sampled_pixels",10000,24656,303946840,"bootstrap_mean",2.85286440456708,NA,2.85286440456708,0.0110546288658028,0.00387492263849125,2.8532936054824,2.82876846041523,2.87571210399327,"20m"
"1510",27016,FALSE,"all_pixels",8.46256470291661,7.79574393035586,4.45525595617611,182.927144524034,"squared_euclidean_pc1_pc3",601.457624138665,"sampled_pixels",10000,1,984.219237858154,9948.34818956121,2754.17414848607,"sampled_pixels",10000,27016,FALSE,"all_pixels",6.24426535325642,5.54592444524683,3.65133810262964,104.645252492519,"squared_euclidean_pc1_pc3",594.244272262398,"sampled_pixels",10000,1,1673.66340527499,30890.5745203331,5635.89548240323,"sampled_pixels",10000,27016,364918620,"bootstrap_mean",2.83194214830055,NA,2.83194214830055,0.00993702419271333,0.00350890790571994,2.83199483866599,2.80623760828344,2.8543691347345,"20m"
"1511",27274,FALSE,"all_pixels",8.52224456111266,7.76779952542788,4.43334808679265,184.565013967905,"squared_euclidean_pc1_pc3",705.540527375349,"sampled_pixels",10000,1,1205.31953018963,15225.8221905223,3712.45027824071,"sampled_pixels",10000,27274,FALSE,"all_pixels",8.15384125473005,7.36595553173096,4.46603097118723,172.859657089077,"squared_euclidean_pc1_pc3",788.398873843794,"sampled_pixels",10000,1,2303.22369345301,35370.6044150995,6465.93857128836,"sampled_pixels",10000,27274,371921901,"bootstrap_mean",2.89225371184676,NA,2.89225371184676,0.0114238805184942,0.00394981964123743,2.89205315349509,2.86897939809161,2.9181458109498,"20m"
"1512",30984,FALSE,"all_pixels",9.74309632516555,8.76987984397286,5.40396397424313,248.259620246496,"squared_euclidean_pc1_pc3",749.525181172251,"sampled_pixels",10000,1,1433.79617170663,12455.7968629502,3802.64353149355,"sampled_pixels",10000,30984,FALSE,"all_pixels",6.90137316752108,6.27183797570959,3.77946781874329,123.825735131987,"squared_euclidean_pc1_pc3",633.723724794918,"sampled_pixels",10000,1,1765.38784173476,30286.800883148,5897.73208492173,"sampled_pixels",10000,30984,479988636,"bootstrap_mean",2.76327276047858,NA,2.76327276047858,0.0101052686599037,0.0036569928254761,2.76352332557709,2.73766253499366,2.78844694904218,"20m"
"1513",30848,FALSE,"all_pixels",8.67234045960306,7.57128405095293,5.22759524480609,205.072710413418,"squared_euclidean_pc1_pc3",809.2394445839,"sampled_pixels",10000,1,2031.63767699016,18735.9554694357,5164.00903471766,"sampled_pixels",10000,30848,FALSE,"all_pixels",7.78706759743532,6.84246149312883,4.88989468973508,169.09743343654,"squared_euclidean_pc1_pc3",740.746613241131,"sampled_pixels",10000,1,2832.50475158606,51440.2554324574,8487.73075416703,"sampled_pixels",10000,30848,475784128,"bootstrap_mean",2.84700069903011,NA,2.84700069903011,0.0134497813161377,0.00472419319065134,2.84663482315164,2.80744368774588,2.88109708590319,"20m"
"1514",29927,FALSE,"all_pixels",6.98513430389644,6.39694880712876,3.7818682791394,126.18830202077,"squared_euclidean_pc1_pc3",584.76926641847,"sampled_pixels",10000,1,1072.5972667349,9735.54342305364,2874.23401405279,"sampled_pixels",10000,29927,FALSE,"all_pixels",6.91874364190805,6.07479180443073,4.15214651575824,130.217516383235,"squared_euclidean_pc1_pc3",650.434152225397,"sampled_pixels",10000,1,2851.99535491761,55012.373780106,8030.83837027234,"sampled_pixels",10000,29927,447797701,"bootstrap_mean",2.92166788904918,NA,2.92166788904918,0.0118954048471157,0.00407144319575177,2.9217172214899,2.89320604165453,2.95174770814196,"20m"
"1515",25343,FALSE,"all_pixels",7.94050857493745,7.40450519538103,4.11215141602608,159.921596919805,"squared_euclidean_pc1_pc3",634.834055240556,"sampled_pixels",10000,1,1067.92932364066,8591.58458991141,2725.45782957978,"sampled_pixels",10000,25343,FALSE,"all_pixels",6.55504703139952,5.98178444117057,3.55716009848782,111.243060529619,"squared_euclidean_pc1_pc3",587.504008656518,"sampled_pixels",10000,1,1367.36687644974,24102.0799406488,4600.71830862754,"sampled_pixels",10000,25343,321121153,"bootstrap_mean",2.80300720227591,NA,2.80300720227591,0.0110639432029526,0.00394716902402862,2.80108055296972,2.78149565272177,2.82622807424679,"20m"
"1516",30819,FALSE,"all_pixels",7.71125727528328,6.86808925224585,4.04938638357878,151.720973580001,"squared_euclidean_pc1_pc3",675.55912951559,"sampled_pixels",10000,1,1325.91297230303,9689.89657620452,3325.98549141807,"sampled_pixels",10000,30819,FALSE,"all_pixels",6.76077149527868,6.03444340691569,3.78107141506681,120.008136742519,"squared_euclidean_pc1_pc3",619.5002785654,"sampled_pixels",10000,1,2111.49677146436,30735.3547519169,5726.81400782652,"sampled_pixels",10000,30819,474889971,"bootstrap_mean",2.72132146014345,NA,2.72132146014345,0.0130705437798221,0.00480301352532351,2.72168621547496,2.69727288658611,2.75114211974184,"20m"
"1517",35012,FALSE,"all_pixels",8.3929834465043,7.43812731580466,4.82550053928438,187.453923034452,"squared_euclidean_pc1_pc3",829.211672700439,"sampled_pixels",10000,1,1854.01229749106,13140.2484050365,4218.35381780221,"sampled_pixels",10000,35012,FALSE,"all_pixels",7.8948877169278,6.90830781620137,4.85364107339164,171.772821763997,"squared_euclidean_pc1_pc3",794.616997857958,"sampled_pixels",10000,1,3646.04888038514,52288.1209229885,8612.31451780477,"sampled_pixels",10000,35012,612902566,"bootstrap_mean",2.81068999936212,NA,2.81068999936212,0.0114671277016721,0.00407982655656602,2.81176417318539,2.78632801714349,2.83973916392007,"20m"
"1518",35713,FALSE,"all_pixels",9.79809982474509,8.17402289891284,6.62177038212755,279.698750770975,"squared_euclidean_pc1_pc3",961.704496484111,"sampled_pixels",10000,1,2408.82903752411,19490.800552929,5789.97293552097,"sampled_pixels",10000,35713,FALSE,"all_pixels",9.64476839667703,8.09661743175105,7.35702038039287,294.291581455054,"squared_euclidean_pc1_pc3",936.256122691981,"sampled_pixels",10000,1,4040.80990396265,70307.1090674946,11427.2588999317,"sampled_pixels",10000,35713,637691328,"bootstrap_mean",2.9318486657167,NA,2.9318486657167,0.0112607605647304,0.00384083963691818,2.93141152566898,2.9057369798334,2.95277100158575,"20m"
"1519",NA,TRUE,"manual_excluded",NA,NA,NA,NA,"squared_euclidean_pc1_pc3",NA,"manual_excluded",NA,1,NA,NA,NA,"manual_excluded",NA,NA,TRUE,"manual_excluded",NA,NA,NA,NA,"squared_euclidean_pc1_pc3",NA,"manual_excluded",NA,1,NA,NA,NA,"manual_excluded",NA,11183,62524153,"bootstrap_mean",2.80337426948803,NA,2.80337426948803,0.276932395024744,0.0987853809028928,2.93752463122318,2.23307654041762,2.97494883291095,"20m"
"1520",NA,TRUE,"manual_excluded",NA,NA,NA,NA,"squared_euclidean_pc1_pc3",NA,"manual_excluded",NA,1,NA,NA,NA,"manual_excluded",NA,NA,TRUE,"manual_excluded",NA,NA,NA,NA,"squared_euclidean_pc1_pc3",NA,"manual_excluded",NA,1,NA,NA,NA,"manual_excluded",NA,535,142845,"exact_all_pixels",3.032678946124,3.032678946124,NA,NA,NA,NA,NA,NA,"20m"
"16",35228,FALSE,"all_pixels",9.87754825254594,8.15718170868745,7.31561720494363,302.165390748237,"squared_euclidean_pc1_pc3",915.865679011714,"sampled_pixels",10000,1,3650.4452359981,26763.8563897153,8117.9527639604,"sampled_pixels",10000,35228,FALSE,"all_pixels",8.93545199752174,6.85604811188736,8.91377834576319,318.590982669174,"squared_euclidean_pc1_pc3",770.949056034592,"sampled_pixels",10000,1,4490.10100648061,51203.836248077,9657.95323576527,"sampled_pixels",10000,35228,620488378,"bootstrap_mean",2.9135693199138,NA,2.9135693199138,0.0157752609389818,0.00541441071305919,2.91162117565078,2.87299333256104,2.94500193514036,"20m"
"1600",34296,FALSE,"all_pixels",9.40903594605398,8.15956863667613,5.76260839972822,243.473289473227,"squared_euclidean_pc1_pc3",920.008632916055,"sampled_pixels",10000,1,2629.9167825537,27501.1285146528,6924.93630877726,"sampled_pixels",10000,34296,FALSE,"all_pixels",8.38413455353391,7.04730656250105,6.13604549109438,215.887337308279,"squared_euclidean_pc1_pc3",855.227913464584,"sampled_pixels",10000,1,5027.22540901497,90889.9759077784,13008.0082119549,"sampled_pixels",10000,34296,588090660,"bootstrap_mean",2.88011432070311,NA,2.88011432070311,0.0143008016048773,0.00496535901442486,2.87977907848709,2.84951465564971,2.91999572350533,"20m"
"1601",32424,FALSE,"all_pixels",10.241519611665,9.34179458026927,5.81868769912285,277.489612592964,"squared_euclidean_pc1_pc3",919.068741556315,"sampled_pixels",10000,1,1964.05732144115,19945.6181255052,5040.34712445483,"sampled_pixels",10000,32424,FALSE,"all_pixels",8.79687149521861,7.69271319302628,5.42798841567507,213.694195327079,"squared_euclidean_pc1_pc3",882.365525647776,"sampled_pixels",10000,1,2992.22895350901,56689.5937971427,8388.16137432333,"sampled_pixels",10000,32424,525641676,"bootstrap_mean",2.85619581925023,NA,2.85619581925023,0.0127506875423012,0.00446422036485171,2.85540250558726,2.82435612295438,2.88757511319866,"20m"
"1602",24316,FALSE,"all_pixels",7.34977674007724,6.73618807018543,3.93099344911533,138.94258426086,"squared_euclidean_pc1_pc3",631.48911797189,"sampled_pixels",10000,1,1210.16153691375,8064.16116382318,2918.11205879981,"sampled_pixels",10000,24316,FALSE,"all_pixels",7.13857947240869,6.20878276675479,4.40999313585527,140.813113075927,"squared_euclidean_pc1_pc3",656.615774120576,"sampled_pixels",10000,1,2170.20365633263,23907.4697552254,5551.08879322001,"sampled_pixels",10000,24316,295621770,"bootstrap_mean",2.80735352172303,NA,2.80735352172303,0.0114501897713928,0.00407864192478514,2.80657271920499,2.76393578448828,2.82862113781884,"20m"
"1603",30699,FALSE,"all_pixels",7.6694415661288,7.10116285132238,4.29352916702727,154.508252312001,"squared_euclidean_pc1_pc3",658.365055640774,"sampled_pixels",10000,1,1416.82117266002,10026.1480330977,3397.72307640342,"sampled_pixels",10000,30699,FALSE,"all_pixels",6.72485823773754,6.1034898957033,3.76580587667544,118.80910054405,"squared_euclidean_pc1_pc3",637.451451796705,"sampled_pixels",10000,1,1767.4383436269,25806.6718829575,5259.84950582289,"sampled_pixels",10000,30699,471198951,"bootstrap_mean",2.76133943081574,NA,2.76133943081574,0.0821868550554677,0.0297634018253194,2.75130108581843,2.72905047081947,3.43209029661804,"20m"
"1604",27484,FALSE,"all_pixels",6.7632131878701,6.13717423412513,3.7322248450597,119.340096192853,"squared_euclidean_pc1_pc3",545.871488647749,"sampled_pixels",10000,1,1019.2766440046,6718.27419976496,2469.92674452569,"sampled_pixels",10000,27484,FALSE,"all_pixels",6.52499213131589,5.68394280487227,4.3101985620834,122.305316016506,"squared_euclidean_pc1_pc3",615.343530135499,"sampled_pixels",10000,1,2070.06098930957,45610.3193012263,7676.28967885864,"sampled_pixels",10000,27484,377671386,"bootstrap_mean",2.86373888724933,NA,2.86373888724933,0.0133698478690644,0.00466866861660923,2.86409336963687,2.83388318100382,2.89717896065104,"20m"
"1605",30335,FALSE,"all_pixels",7.07922901023186,6.4016421047155,3.90973156435852,130.801960756482,"squared_euclidean_pc1_pc3",610.365759848628,"sampled_pixels",10000,1,1326.07380482507,10209.294141828,3086.07720806267,"sampled_pixels",10000,30335,FALSE,"all_pixels",7.17351950910833,6.24384602322687,4.66247045507018,146.394592546357,"squared_euclidean_pc1_pc3",699.906748996144,"sampled_pixels",10000,1,3648.0705576104,66072.790261336,8962.33066542229,"sampled_pixels",10000,30335,460090945,"bootstrap_mean",2.92324083748994,NA,2.92324083748994,0.0141004238545516,0.00482355872760011,2.92260778906925,2.89114361797012,2.95264137649564,"20m"
"1606",29498,FALSE,"all_pixels",8.02947194211752,7.45920291531779,4.26236597790795,165.279135001453,"squared_euclidean_pc1_pc3",707.201077937872,"sampled_pixels",10000,1,1222.3984283882,8262.79368167778,2716.80006370073,"sampled_pixels",10000,29498,FALSE,"all_pixels",7.67716691311404,6.66010058890682,4.58881925242788,159.990880178746,"squared_euclidean_pc1_pc3",775.381978932324,"sampled_pixels",10000,1,2557.25898234143,49209.5788330028,7282.53490993615,"sampled_pixels",10000,29498,435051253,"bootstrap_mean",2.92781198602536,NA,2.92781198602536,0.0143256308659355,0.00489294768049065,2.92820022975557,2.89068139268606,2.95812735799155,"20m"
"1607",28980,FALSE,"all_pixels",9.15940386118788,8.12278909996679,5.64028066997594,231.412694758894,"squared_euclidean_pc1_pc3",772.862414172824,"sampled_pixels",10000,1,1739.01472592966,13289.3866835905,4293.95506154659,"sampled_pixels",10000,28980,FALSE,"all_pixels",8.75171294487633,6.95430148941623,6.80695991211681,245.851167727275,"squared_euclidean_pc1_pc3",874.198826226773,"sampled_pixels",10000,1,2092.55561479178,33680.617531148,6476.19360583212,"sampled_pixels",10000,28980,419905710,"bootstrap_mean",2.82746238748901,NA,2.82746238748901,0.0103563386231027,0.00366276795367025,2.82759477915384,2.80613858673494,2.85178374572225,"20m"
"1608",32091,FALSE,"all_pixels",8.53869973324768,7.71315744918754,4.74843818460553,190.912711422224,"squared_euclidean_pc1_pc3",735.767802473797,"sampled_pixels",10000,1,1351.50789183629,11916.6364758272,3409.13426968946,"sampled_pixels",10000,32091,FALSE,"all_pixels",7.43907704914034,6.30257591267256,4.51088799120851,151.37468747395,"squared_euclidean_pc1_pc3",705.27112310594,"sampled_pixels",10000,1,1723.86264438086,25638.7765367463,4785.8195075349,"sampled_pixels",10000,32091,514900095,"bootstrap_mean",2.81672543562008,NA,2.81672543562008,0.012049600467141,0.00427787540622977,2.81426709011173,2.79093552002525,2.84376668761149,"20m"
"1609",35058,FALSE,"all_pixels",8.37600183357145,7.58020604996058,4.70068724259596,184.506473971442,"squared_euclidean_pc1_pc3",721.44766641222,"sampled_pixels",10000,1,1635.62902890762,13530.0519790412,3847.78684597869,"sampled_pixels",10000,35058,FALSE,"all_pixels",6.33330418013852,5.22319700480619,4.53404626521557,121.335461971405,"squared_euclidean_pc1_pc3",650.337087296027,"sampled_pixels",10000,1,2952.16709374571,36033.8183840308,6472.58394300839,"sampled_pixels",10000,35058,614514153,"bootstrap_mean",2.77364326937751,NA,2.77364326937751,0.0141245946960209,0.0050924337862637,2.77449507432675,2.74630177961886,2.80073013059951,"20m"
"1610",37093,FALSE,"all_pixels",8.06481212816318,6.98727672495641,5.02177568007255,180.517491557151,"squared_euclidean_pc1_pc3",810.096226812906,"sampled_pixels",10000,1,1822.64380026649,14430.7641691957,4315.5189516666,"sampled_pixels",10000,37093,FALSE,"all_pixels",7.42343514716471,6.05306120064364,5.51174505014488,170.971807754936,"squared_euclidean_pc1_pc3",802.953358726385,"sampled_pixels",10000,1,2995.40823798987,46619.7041948271,7456.87268581226,"sampled_pixels",10000,37093,687926778,"bootstrap_mean",2.7731266228849,NA,2.7731266228849,0.0114083145384813,0.00411388158201488,2.77129373131722,2.74149281135417,2.80239164544986,"20m"
"1611",35829,FALSE,"all_pixels",8.47817558002327,7.6569363080724,4.82666612279992,190.351033614855,"squared_euclidean_pc1_pc3",813.632790527506,"sampled_pixels",10000,1,1683.26817240201,15100.8687510688,4190.24292442351,"sampled_pixels",10000,35829,FALSE,"all_pixels",8.4608879803195,7.48071987065091,5.0083557339095,193.339104960074,"squared_euclidean_pc1_pc3",893.249064287691,"sampled_pixels",10000,1,2764.76798036984,55947.0486741271,8196.0020780173,"sampled_pixels",10000,35829,641840706,"bootstrap_mean",2.86508962260934,NA,2.86508962260934,0.0123237308970502,0.00430134219879185,2.86521922195137,2.83191304490725,2.88900459715652,"20m"
"1612",27671,FALSE,"all_pixels",9.92541121584842,9.05137956191704,5.00092929805434,247.044355678017,"squared_euclidean_pc1_pc3",863.088726959445,"sampled_pixels",10000,1,1504.56304448861,12822.938322586,3587.22909739085,"sampled_pixels",10000,27671,FALSE,"all_pixels",10.0539405844749,9.06508567380674,5.13669718914154,254.932851479909,"squared_euclidean_pc1_pc3",943.330681515441,"sampled_pixels",10000,1,2243.96647982515,34936.2407177384,6188.02050113601,"sampled_pixels",10000,27671,382828285,"bootstrap_mean",2.88379807046166,NA,2.88379807046166,0.0128829537114245,0.0044673563809418,2.88397358716818,2.85427883165129,2.91763194889822,"20m"
"1613",29108,FALSE,"all_pixels",9.76562487596301,8.86071316826373,5.22327039327649,245.298091064365,"squared_euclidean_pc1_pc3",766.45231250777,"sampled_pixels",10000,1,1250.85280537091,12767.7408769879,3562.95461873425,"sampled_pixels",10000,29108,FALSE,"all_pixels",6.9204136961741,6.23360033379667,3.84307321704743,125.321660168442,"squared_euclidean_pc1_pc3",631.023231357544,"sampled_pixels",10000,1,1731.26999989257,32247.0528485943,5608.20745135221,"sampled_pixels",10000,29108,423623278,"bootstrap_mean",2.78798636841468,NA,2.78798636841468,0.0113513190368619,0.00407151167073912,2.78910462432157,2.7483678806583,2.81281831470136,"20m"
"1614",29840,FALSE,"all_pixels",8.44110543415836,7.59069991254586,4.59731419961529,184.773701026202,"squared_euclidean_pc1_pc3",727.987275342278,"sampled_pixels",10000,1,1411.35366125707,10607.6651095508,3261.43221632139,"sampled_pixels",10000,29840,FALSE,"all_pixels",7.68033299847513,6.82490068692865,4.53344326726994,159.07786816292,"squared_euclidean_pc1_pc3",725.339654293306,"sampled_pixels",10000,1,3187.56757083057,54126.9342533055,8064.40323883493,"sampled_pixels",10000,29840,445197880,"bootstrap_mean",2.90385223483348,NA,2.90385223483348,0.0109309679704409,0.00376429896787354,2.90363067162055,2.87699127654374,2.93501619937409,"20m"
"1615",25752,FALSE,"all_pixels",7.57844787745549,7.05094961212607,3.83768371505571,144.320233237005,"squared_euclidean_pc1_pc3",651.06100303318,"sampled_pixels",10000,1,1146.59912339378,8827.01405540897,2768.13184228107,"sampled_pixels",10000,25752,FALSE,"all_pixels",7.60015531551321,6.88693922933165,4.2933046535272,152.388219799276,"squared_euclidean_pc1_pc3",717.899907827235,"sampled_pixels",10000,1,2633.10188250735,47235.7258829224,7222.0273311547,"sampled_pixels",10000,25752,331569876,"bootstrap_mean",2.89542411949395,NA,2.89542411949395,0.0145423937696856,0.00502254356167595,2.89400099174666,2.86948244612692,2.92362332654616,"20m"
"1616",30721,FALSE,"all_pixels",7.85702925313258,7.57698344549727,3.53077980775013,148.397817882236,"squared_euclidean_pc1_pc3",591.244500577166,"sampled_pixels",10000,1,972.233526597749,7760.830013211,2528.87613719749,"sampled_pixels",10000,30721,FALSE,"all_pixels",6.78820798188988,6.43784583338378,3.23140234521501,113.042777651061,"squared_euclidean_pc1_pc3",606.576424736854,"sampled_pixels",10000,1,1142.78917349013,14995.8448202475,3486.54828917936,"sampled_pixels",10000,30721,471874560,"bootstrap_mean",2.81319439584063,NA,2.81319439584063,0.0808637891047277,0.0287444725555712,2.80234009227943,2.78149387241446,3.4739893879196,"20m"
"1617",31133,FALSE,"all_pixels",8.0269576808562,7.48676598272655,4.01069259631143,161.034376073936,"squared_euclidean_pc1_pc3",668.249563836221,"sampled_pixels",10000,1,1346.87908338382,9812.33354819954,3071.38366575702,"sampled_pixels",10000,31133,FALSE,"all_pixels",6.36576748848324,5.61814140965832,3.76437563607192,109.386128971988,"squared_euclidean_pc1_pc3",583.088541074752,"sampled_pixels",10000,1,2040.06444630925,27979.2689630773,5586.19009058129,"sampled_pixels",10000,31133,484616278,"bootstrap_mean",2.77856078143039,NA,2.77856078143039,0.138713734210098,0.0499228719908331,2.75071837221884,2.71466921151053,3.43395225868623,"20m"
"1618",33697,FALSE,"all_pixels",7.71640658370817,7.12978981333571,4.04759330880011,151.85091194496,"squared_euclidean_pc1_pc3",706.020109948351,"sampled_pixels",10000,1,1352.27737525021,9037.56277569131,2910.8897890991,"sampled_pixels",10000,33697,FALSE,"all_pixels",6.92541954172558,6.07005483582387,4.48060531795397,136.073328138749,"squared_euclidean_pc1_pc3",677.21455643602,"sampled_pixels",10000,1,2700.49740738596,41401.4052666321,7418.45337896911,"sampled_pixels",10000,33697,567727056,"bootstrap_mean",2.8002322165939,NA,2.8002322165939,0.0129575732239993,0.00462732095831695,2.79949020611688,2.77524617270839,2.83196154878563,"20m"
"1619",35690,FALSE,"all_pixels",5.8711546051182,5.16950703657959,3.49041861110865,93.3062742424668,"squared_euclidean_pc1_pc3",517.897120799644,"sampled_pixels",10000,1,885.194158714113,5909.82726430375,2218.04335107857,"sampled_pixels",10000,35690,FALSE,"all_pixels",5.82733852664714,4.97840920677321,3.73768085287816,95.85548205743,"squared_euclidean_pc1_pc3",593.334460332345,"sampled_pixels",10000,1,1498.80960446242,22238.6996154939,4400.83409546561,"sampled_pixels",10000,35690,636870205,"bootstrap_mean",2.74729887009369,NA,2.74729887009369,0.0126710282969547,0.00461217686757268,2.74912239032294,2.71418842867011,2.77981735511126,"20m"
"1620",NA,TRUE,"manual_excluded",NA,NA,NA,NA,"squared_euclidean_pc1_pc3",NA,"manual_excluded",NA,1,NA,NA,NA,"manual_excluded",NA,NA,TRUE,"manual_excluded",NA,NA,NA,NA,"squared_euclidean_pc1_pc3",NA,"manual_excluded",NA,1,NA,NA,NA,"manual_excluded",NA,25080,314490660,"bootstrap_mean",2.85878080843071,NA,2.85878080843071,0.0125280201602901,0.00438229476122976,2.86020217827956,2.82627898673478,2.88583365059564,"20m"
"1621",NA,TRUE,"manual_excluded",NA,NA,NA,NA,"squared_euclidean_pc1_pc3",NA,"manual_excluded",NA,1,NA,NA,NA,"manual_excluded",NA,NA,TRUE,"manual_excluded",NA,NA,NA,NA,"squared_euclidean_pc1_pc3",NA,"manual_excluded",NA,1,NA,NA,NA,"manual_excluded",NA,3518,6186403,"bootstrap_mean",3.09726121420921,NA,3.09726121420921,0.00575967003935325,0.00185960099617358,3.09769346326139,3.08085747450483,3.11002176611002,"20m"
"17",33981,FALSE,"all_pixels",9.33008367978957,8.33046152483875,5.39894390546929,232.396397950599,"squared_euclidean_pc1_pc3",752.760610029568,"sampled_pixels",10000,1,2238.88801942833,17621.7958424261,5461.5964520034,"sampled_pixels",10000,33981,FALSE,"all_pixels",6.86448487289465,5.75079252324095,5.57924329596691,156.496384571552,"squared_euclidean_pc1_pc3",646.631645357091,"sampled_pixels",10000,1,3972.97143546174,61579.3399976747,10865.4511221531,"sampled_pixels",10000,33981,577337190,"bootstrap_mean",2.81539495246102,NA,2.81539495246102,0.0861485774073026,0.0305991091345808,2.82547761889007,2.11821843033912,2.85720720171709,"20m"
"1700",32922,FALSE,"all_pixels",8.23468781073675,7.35051121582892,4.57529946394306,177.485625355485,"squared_euclidean_pc1_pc3",708.183409024017,"sampled_pixels",10000,1,1757.12412718003,15370.9219394778,4274.16776000438,"sampled_pixels",10000,32922,FALSE,"all_pixels",6.27930004373508,5.43200394977971,3.97781032644052,110.504206824573,"squared_euclidean_pc1_pc3",591.852690646208,"sampled_pixels",10000,1,1885.70645791975,29566.0902391517,5893.23449187045,"sampled_pixels",10000,32922,541912581,"bootstrap_mean",2.74094678184748,NA,2.74094678184748,0.139056478875559,0.0507330094099203,2.71125166174084,2.68012852369616,3.39936461392984,"20m"
"1701",35150,FALSE,"all_pixels",8.84984550711325,7.87953000512239,4.90785513527119,204.812244528454,"squared_euclidean_pc1_pc3",788.325374967918,"sampled_pixels",10000,1,1721.43561160032,16728.9945529201,4039.8879238316,"sampled_pixels",10000,35150,FALSE,"all_pixels",6.93457490957363,6.0446084614871,4.23475672854296,132.04196707365,"squared_euclidean_pc1_pc3",666.23267204151,"sampled_pixels",10000,1,2865.02510340963,43357.3883653924,7022.28236915009,"sampled_pixels",10000,35150,617743675,"bootstrap_mean",2.7877704956014,NA,2.7877704956014,0.0132566060652319,0.00475527167180672,2.78926045880182,2.75005384723852,2.81419839534353,"20m"
"1702",26131,FALSE,"all_pixels",9.61287202911863,8.925192413956,4.94864406830335,233.790899194438,"squared_euclidean_pc1_pc3",673.352388711561,"sampled_pixels",10000,1,1295.03586041473,11469.2322200171,3219.23660122819,"sampled_pixels",10000,26131,FALSE,"all_pixels",6.72714024221387,6.22328931786787,3.45351726054644,114.361481769219,"squared_euclidean_pc1_pc3",569.553921930445,"sampled_pixels",10000,1,2091.14490161696,32823.1582980964,5928.96722870265,"sampled_pixels",10000,26131,341401515,"bootstrap_mean",2.7702018477729,NA,2.7702018477729,0.0101521942486986,0.00366478502527187,2.76955787773538,2.74915700979848,2.79103000992126,"20m"
"1703",25620,FALSE,"all_pixels",7.44464247813775,6.97672262572725,3.73053230486134,138.678059403001,"squared_euclidean_pc1_pc3",531.405621115034,"sampled_pixels",10000,1,975.80235577057,6638.17221695153,2432.23617867589,"sampled_pixels",10000,25620,FALSE,"all_pixels",6.56948110648487,6.05375937454218,3.5452486671349,111.452759070535,"squared_euclidean_pc1_pc3",593.038188365147,"sampled_pixels",10000,1,1738.57934259388,30495.7029702563,6035.61639992891,"sampled_pixels",10000,25620,328179390,"bootstrap_mean",2.85647240430011,NA,2.85647240430011,0.0103760751507164,0.00363247869473422,2.8583468562669,2.82510727953923,2.8746289303436,"20m"
"1704",25965,FALSE,"all_pixels",6.90332160111182,6.36005879451741,3.58810885210704,121.059756842847,"squared_euclidean_pc1_pc3",529.410839832928,"sampled_pixels",10000,1,1064.78577252896,7990.56559011037,2780.6473171594,"sampled_pixels",10000,25965,FALSE,"all_pixels",6.35973097667892,5.7165574839883,3.58038724612775,106.529714436491,"squared_euclidean_pc1_pc3",576.861809282135,"sampled_pixels",10000,1,1756.49332119609,28725.4456008758,5388.75374723988,"sampled_pixels",10000,25965,337077630,"bootstrap_mean",2.79117920082927,NA,2.79117920082927,0.0125838120403338,0.00450842140002875,2.79205737152987,2.75209330166673,2.81481139870635,"20m"
"1705",29964,FALSE,"all_pixels",7.69363695683571,7.01066240382727,4.24600871937615,154.44007598719,"squared_euclidean_pc1_pc3",671.213664220792,"sampled_pixels",10000,1,1373.24581939874,12152.6874259767,3630.44985550983,"sampled_pixels",10000,29964,FALSE,"all_pixels",7.15245212799282,6.30436595320563,4.48232937245847,142.496355065193,"squared_euclidean_pc1_pc3",671.171463246502,"sampled_pixels",10000,1,1980.72604205338,33752.3621057231,6354.40713407977,"sampled_pixels",10000,29964,448905666,"bootstrap_mean",2.8001528290367,NA,2.8001528290367,0.11615606084834,0.0414820432812945,2.7788911600805,2.76004783102193,3.47709944745703,"20m"
"1706",31480,FALSE,"all_pixels",8.59877250023212,8.11023458867687,4.33092776382406,185.390455939276,"squared_euclidean_pc1_pc3",680.324265193254,"sampled_pixels",10000,1,1211.77252470609,11354.8475408636,3140.8403075096,"sampled_pixels",10000,31480,FALSE,"all_pixels",6.88929584285488,6.05882342801288,4.09586254539418,128.475908576996,"squared_euclidean_pc1_pc3",649.792890770647,"sampled_pixels",10000,1,3155.52457670101,52966.5103626858,7974.16241648216,"sampled_pixels",10000,31480,495479460,"bootstrap_mean",2.80633196515325,NA,2.80633196515325,0.117179235862459,0.0417553009827403,2.82456593217284,2.12949345072639,2.85688988420238,"20m"
"1707",27505,FALSE,"all_pixels",9.01608667907318,8.69496203898497,4.33649398363955,200.188630748564,"squared_euclidean_pc1_pc3",628.636893690085,"sampled_pixels",10000,1,1724.6095197769,14418.2934948343,4796.64474488492,"sampled_pixels",10000,27505,FALSE,"all_pixels",7.00426478019061,6.1082783607777,4.38942217502449,136.652103299625,"squared_euclidean_pc1_pc3",642.623956527942,"sampled_pixels",10000,1,2406.90387251861,33113.605076599,6480.79137198454,"sampled_pixels",10000,27505,378248760,"bootstrap_mean",2.80425468667079,NA,2.80425468667079,0.0114398495098686,0.0040794616709547,2.80423709050523,2.77520826251307,2.83103329427463,"20m"
"1708",26584,FALSE,"all_pixels",8.06586197135974,7.45869264003724,4.17495517691949,164.975448806688,"squared_euclidean_pc1_pc3",646.964170685686,"sampled_pixels",10000,1,1219.85566775897,8701.98655690124,3026.44504833605,"sampled_pixels",10000,26584,FALSE,"all_pixels",7.08846803891308,5.81081468783543,5.0940670140968,152.389843499672,"squared_euclidean_pc1_pc3",702.861650785678,"sampled_pixels",10000,1,1872.28232053422,22033.2807154003,4700.50917557814,"sampled_pixels",10000,26584,353341236,"bootstrap_mean",2.79376337117263,NA,2.79376337117263,0.0145856561504773,0.0052207915319454,2.79283437889326,2.76292949811356,2.8264936644328,"20m"
"1709",32656,FALSE,"all_pixels",9.83285476442961,9.09516350707814,4.99728031002692,243.314157183705,"squared_euclidean_pc1_pc3",862.658306884483,"sampled_pixels",10000,1,1513.37665040403,13210.1209018036,3730.78440823029,"sampled_pixels",10000,32656,FALSE,"all_pixels",8.29274435926635,7.12793803462136,5.45206386067371,196.98739820559,"squared_euclidean_pc1_pc3",811.54850185269,"sampled_pixels",10000,1,2021.81109678735,28956.2993057406,5551.52059858826,"sampled_pixels",10000,32656,533190840,"bootstrap_mean",2.83207158794046,NA,2.83207158794046,0.0100656461805093,0.00355416375185249,2.83222359615744,2.8130001919678,2.85163632428819,"20m"
"1710",35038,FALSE,"all_pixels",7.65476805421494,6.57128643079565,4.71248099225286,161.604634509932,"squared_euclidean_pc1_pc3",739.238146170995,"sampled_pixels",10000,1,1252.07995772968,11640.9225093752,3292.91702234338,"sampled_pixels",10000,35038,FALSE,"all_pixels",6.18446362451985,5.14136644128322,4.06873751833308,109.603485679578,"squared_euclidean_pc1_pc3",656.853790733387,"sampled_pixels",10000,1,1736.21484724015,26756.4586021097,5057.6172105878,"sampled_pixels",10000,35038,613813203,"bootstrap_mean",2.77656464424144,NA,2.77656464424144,0.0118333931566,0.0042618828202478,2.77691512496407,2.7446044286213,2.80032581763363,"20m"
"1711",35774,FALSE,"all_pixels",8.6387034191647,7.41391968194801,5.99732531543044,221.188204565895,"squared_euclidean_pc1_pc3",870.399748365033,"sampled_pixels",10000,1,2775.36252390033,22200.260606562,6130.6477251429,"sampled_pixels",10000,35774,FALSE,"all_pixels",8.82207317073842,7.08027693353663,8.1481301176042,288.438287139217,"squared_euclidean_pc1_pc3",800.70007339922,"sampled_pixels",10000,1,6170.11320116871,120384.338685159,16272.886882892,"sampled_pixels",10000,35774,639871651,"bootstrap_mean",2.75600317062448,NA,2.75600317062448,0.24185518532637,0.0877557718018038,2.85032337904397,2.1483114046674,2.89386332465928,"20m"
"1712",29303,FALSE,"all_pixels",7.51568282677438,6.62170982115506,4.70278493680668,157.201839546328,"squared_euclidean_pc1_pc3",645.686981974956,"sampled_pixels",10000,1,1230.3850805434,7893.99754650699,2685.07402715134,"sampled_pixels",10000,29303,FALSE,"all_pixels",7.65034376910256,6.67468540320503,4.79215295825104,162.983412123566,"squared_euclidean_pc1_pc3",742.753207831445,"sampled_pixels",10000,1,1982.00336853419,26929.6993495443,5063.97657374084,"sampled_pixels",10000,29303,429318253,"bootstrap_mean",2.84514518864483,NA,2.84514518864483,0.011696393377653,0.00411100052972133,2.84420216353528,2.81798767321419,2.86900002492636,"20m"
"1713",23652,FALSE,"all_pixels",9.70296187848659,8.95217086741422,5.16424431762136,241.631522023589,"squared_euclidean_pc1_pc3",621.129318115575,"sampled_pixels",10000,1,1010.54015444995,7540.50906374811,2504.63850930959,"sampled_pixels",10000,23652,FALSE,"all_pixels",6.23936428728251,5.58208975474947,3.43442072374388,101.448827434762,"squared_euclidean_pc1_pc3",564.706250210715,"sampled_pixels",10000,1,1539.22636922449,19465.3229590062,4139.55808549326,"sampled_pixels",10000,23652,279696726,"bootstrap_mean",2.86732052926328,NA,2.86732052926328,0.010131520665242,0.00353344544561439,2.86785546828662,2.84483572573139,2.89204705452959,"20m"
"1714",29353,FALSE,"all_pixels",8.93923860479638,8.27307226929841,4.59733623571799,202.089534504121,"squared_euclidean_pc1_pc3",720.332448731491,"sampled_pixels",10000,1,1201.20577751318,10121.6402586908,3199.35230747504,"sampled_pixels",10000,29353,FALSE,"all_pixels",6.84497017625029,6.10919261000065,3.81339671034295,122.790231533108,"squared_euclidean_pc1_pc3",632.119179898954,"sampled_pixels",10000,1,1605.43323531358,23481.0883370204,4572.27553910473,"sampled_pixels",10000,29353,430784628,"bootstrap_mean",2.75892530110646,NA,2.75892530110646,0.115294409933697,0.0417896091233273,2.73969039094594,2.71489372194194,3.42880772568313,"20m"
"1715",25605,FALSE,"all_pixels",7.42262107755503,6.72979182443427,3.97372750340112,141.770394471784,"squared_euclidean_pc1_pc3",617.122218481434,"sampled_pixels",10000,1,1007.6480891954,10570.0719957469,3030.80524008479,"sampled_pixels",10000,25605,FALSE,"all_pixels",7.04197811240402,6.25275173473017,4.14308710510154,133.507912224975,"squared_euclidean_pc1_pc3",679.593480154496,"sampled_pixels",10000,1,2072.28130404657,49372.9300509483,7346.72986066223,"sampled_pixels",10000,25605,327795210,"bootstrap_mean",2.86007328419469,NA,2.86007328419469,0.0130837386413807,0.00457461657142982,2.860113337829,2.82735591643112,2.88563820260411,"20m"
"1716",24250,FALSE,"all_pixels",7.77708143865259,6.95775376885302,4.36871554794529,159.135768408254,"squared_euclidean_pc1_pc3",648.363549682037,"sampled_pixels",10000,1,1104.43776015981,9369.28246516875,2940.41846816945,"sampled_pixels",10000,24250,FALSE,"all_pixels",6.61701334383114,6.04276776404544,3.4894160410078,111.920775591174,"squared_euclidean_pc1_pc3",606.178158998597,"sampled_pixels",10000,1,1316.45516383812,22631.5950325191,4294.05747571962,"sampled_pixels",10000,24250,294019125,"bootstrap_mean",2.79920058738361,NA,2.79920058738361,0.0103650532434835,0.00370286191357641,2.79797778887068,2.77542771865334,2.82428729826793,"20m"
"1717",20865,FALSE,"all_pixels",7.92043222684491,7.56170628678849,3.76402591925865,153.800917508482,"squared_euclidean_pc1_pc3",608.599212829634,"sampled_pixels",10000,1,1074.7525181877,9753.59186599524,2866.7778494739,"sampled_pixels",10000,20865,FALSE,"all_pixels",7.34758590666073,6.86361081954434,3.67869459197378,135.038327937047,"squared_euclidean_pc1_pc3",659.637647798952,"sampled_pixels",10000,1,1540.00017284232,18426.3422134947,3995.27717442258,"sampled_pixels",10000,20865,217663680,"bootstrap_mean",2.78767773689792,NA,2.78767773689792,0.0126340523969446,0.00453210650202472,2.78637587886984,2.76052186176445,2.81926380457532,"20m"
"1718",26499,FALSE,"all_pixels",7.29413894115953,6.86884439720334,3.66932151791345,133.335750406242,"squared_euclidean_pc1_pc3",560.147475510424,"sampled_pixels",10000,1,1299.36384742708,9926.92212568687,3414.68863365084,"sampled_pixels",10000,26499,FALSE,"all_pixels",5.85974509358132,5.35252893879025,3.33210612336545,90.8782495695444,"squared_euclidean_pc1_pc3",507.567919956628,"sampled_pixels",10000,1,1722.51653051799,38096.00242504,7097.48568946014,"sampled_pixels",10000,26499,351085251,"bootstrap_mean",2.75809767846834,NA,2.75809767846834,0.142363702733733,0.0516166283178165,2.75001036640844,2.07842278274262,3.4480727587368,"20m"
"1719",33046,FALSE,"all_pixels",6.47728954657303,6.03258663746703,3.50477818189171,108.476756532361,"squared_euclidean_pc1_pc3",552.724475485856,"sampled_pixels",10000,1,1224.57464354062,8328.27728843444,2982.20137851291,"sampled_pixels",10000,33046,FALSE,"all_pixels",6.83439418502212,6.15607327455868,3.90107533722263,123.853744283186,"squared_euclidean_pc1_pc3",642.542665720878,"sampled_pixels",10000,1,1985.30412280953,28272.7481833656,5362.30830336155,"sampled_pixels",10000,33046,546002535,"bootstrap_mean",2.7912084496763,NA,2.7912084496763,0.0114897631299699,0.00411641170379174,2.79162579893957,2.76646572350778,2.82291761154745,"20m"
"1720",35989,FALSE,"all_pixels",7.71624096581066,6.85492225303603,5.03595260253649,169.80097714989,"squared_euclidean_pc1_pc3",722.163378751586,"sampled_pixels",10000,1,1532.71215916035,9799.62326292446,3558.00369332276,"sampled_pixels",10000,35989,FALSE,"all_pixels",7.28780392467398,6.38475333719834,4.52718300312517,147.213804995984,"squared_euclidean_pc1_pc3",737.458902984729,"sampled_pixels",10000,1,1812.31240868876,27446.5755867294,5189.27335775407,"sampled_pixels",10000,35989,647586066,"bootstrap_mean",2.82778995987921,NA,2.82778995987921,0.0110246071567761,0.00389866549962819,2.82791860131146,2.80118254024893,2.86011114877567,"20m"
"1721",NA,TRUE,"manual_excluded",NA,NA,NA,NA,"squared_euclidean_pc1_pc3",NA,"manual_excluded",NA,1,NA,NA,NA,"manual_excluded",NA,NA,TRUE,"manual_excluded",NA,NA,NA,NA,"squared_euclidean_pc1_pc3",NA,"manual_excluded",NA,1,NA,NA,NA,"manual_excluded",NA,30471,464225685,"bootstrap_mean",2.98433975496297,NA,2.98433975496297,0.0830431883958077,0.0278263184537573,2.99468316190655,2.31017503155306,3.02169976426758,"20m"
"1722",NA,TRUE,"manual_excluded",NA,NA,NA,NA,"squared_euclidean_pc1_pc3",NA,"manual_excluded",NA,1,NA,NA,NA,"manual_excluded",NA,NA,TRUE,"manual_excluded",NA,NA,NA,NA,"squared_euclidean_pc1_pc3",NA,"manual_excluded",NA,1,NA,NA,NA,"manual_excluded",NA,17955,161182035,"bootstrap_mean",3.05855778484128,NA,3.05855778484128,0.0112075933765222,0.00366433926214144,3.05724394654671,3.03846342597682,3.08839811285897,"20m"
"1723",NA,TRUE,"manual_excluded",NA,NA,NA,NA,"squared_euclidean_pc1_pc3",NA,"manual_excluded",NA,1,NA,NA,NA,"manual_excluded",NA,NA,TRUE,"manual_excluded",NA,NA,NA,NA,"squared_euclidean_pc1_pc3",NA,"manual_excluded",NA,1,NA,NA,NA,"manual_excluded",NA,192,18336,"exact_all_pixels",3.03151924879852,3.03151924879852,NA,NA,NA,NA,NA,NA,"20m"
"18",29725,FALSE,"all_pixels",8.08304555075074,7.35211575398697,4.32714220596373,168.118310266574,"squared_euclidean_pc1_pc3",598.936034729638,"sampled_pixels",10000,1,1300.02071556285,14331.0413350649,4012.56140666154,"sampled_pixels",10000,29725,FALSE,"all_pixels",6.14561127492261,5.30104974767442,4.12911782758876,109.635156796597,"squared_euclidean_pc1_pc3",549.085902861327,"sampled_pixels",10000,1,2296.2255291172,70724.678122143,10253.1757690996,"sampled_pixels",10000,29725,441772950,"bootstrap_mean",2.81795039203835,NA,2.81795039203835,0.0134057442582724,0.00475726765671534,2.81765301596168,2.78854363251152,2.84694128653189,"20m"
"1800",29990,FALSE,"all_pixels",8.32876319249197,7.69492788313599,4.35069030034981,176.592342491154,"squared_euclidean_pc1_pc3",664.370598198486,"sampled_pixels",10000,1,1711.9144320578,13861.799378161,4239.60282481253,"sampled_pixels",10000,29990,FALSE,"all_pixels",7.33461590370093,6.69933327245449,4.06504811174298,140.641311202803,"squared_euclidean_pc1_pc3",681.083490316089,"sampled_pixels",10000,1,2015.24859396966,23207.1358566208,5357.2480492878,"sampled_pixels",10000,29990,449685055,"bootstrap_mean",2.77191289044029,NA,2.77191289044029,0.139904880761987,0.0504723222885136,2.74278932505769,2.71469718480558,3.4298561118293,"20m"
"1801",30306,FALSE,"all_pixels",8.04413618529167,7.1580996129842,4.57056295725095,171.194966819511,"squared_euclidean_pc1_pc3",654.100927845639,"sampled_pixels",10000,1,1717.35096827011,15073.0654709682,4132.21945031391,"sampled_pixels",10000,30306,FALSE,"all_pixels",6.47791846756618,5.5785527110415,4.42432389340816,123.074847372665,"squared_euclidean_pc1_pc3",590.996022439059,"sampled_pixels",10000,1,2910.16350358538,37452.4922906644,6968.79128228018,"sampled_pixels",10000,30306,459211665,"bootstrap_mean",2.7782757428621,NA,2.7782757428621,0.0119505529291389,0.00430142794855481,2.77856724351628,2.75061159510934,2.80385994027556,"20m"
"1802",33232,FALSE,"all_pixels",7.41077261689945,6.56999113060853,4.25390059539009,146.029353058762,"squared_euclidean_pc1_pc3",652.844393615575,"sampled_pixels",10000,1,1702.37524579404,15639.5393984335,4381.29388482446,"sampled_pixels",10000,33232,FALSE,"all_pixels",6.42324101922179,5.6002120352672,4.01265291517936,114.717848188569,"squared_euclidean_pc1_pc3",615.669417497027,"sampled_pixels",10000,1,1977.25184110565,35274.4638560901,6497.30119103282,"sampled_pixels",10000,33232,552166296,"bootstrap_mean",2.78982998225387,NA,2.78982998225387,0.0108196629728594,0.00387825173637223,2.78980391954447,2.75774987894615,2.81156539196481,"20m"
"1803",22133,FALSE,"all_pixels",6.97734449746571,6.54554426972423,3.47026076363826,121.45100379487,"squared_euclidean_pc1_pc3",530.985571985387,"sampled_pixels",10000,1,1155.64324571377,8518.87203926822,2758.90579696548,"sampled_pixels",10000,22133,FALSE,"all_pixels",6.78796801541479,6.28257028744552,3.50637405501089,116.741226604,"squared_euclidean_pc1_pc3",629.922711399864,"sampled_pixels",10000,1,1905.99906426116,28901.5706990254,5279.02885617178,"sampled_pixels",10000,22133,244923778,"bootstrap_mean",2.86305133270557,NA,2.86305133270557,0.0108368678608168,0.00378507634041477,2.86290698935772,2.83937465331844,2.89120586003816,"20m"
"1804",25809,FALSE,"all_pixels",7.18399921735366,6.61846994051051,3.87919348749,133.314807620786,"squared_euclidean_pc1_pc3",550.79329094497,"sampled_pixels",10000,1,1330.7350513576,8862.17350246761,2916.96327335433,"sampled_pixels",10000,25809,FALSE,"all_pixels",6.18120760118164,5.53417210601223,3.66563026683244,103.287304071364,"squared_euclidean_pc1_pc3",570.06322320637,"sampled_pixels",10000,1,2211.4273817569,23680.7958949792,4973.39829539117,"sampled_pixels",10000,25809,333039336,"bootstrap_mean",2.78332647999513,NA,2.78332647999513,0.0106314789344467,0.00381970243550633,2.78648123319915,2.74972945905215,2.80516466216038,"20m"
"1805",25420,FALSE,"all_pixels",8.21664337024124,7.46331424512592,4.70558635276787,179.309800258613,"squared_euclidean_pc1_pc3",658.457617268986,"sampled_pixels",10000,1,2126.85391273589,18646.0893958946,5022.65279193669,"sampled_pixels",10000,25420,FALSE,"all_pixels",7.5627651177702,6.49667285323581,5.47060359841913,174.243485272888,"squared_euclidean_pc1_pc3",663.462094820428,"sampled_pixels",10000,1,3557.68144464755,57778.4705406196,10164.6032572016,"sampled_pixels",10000,25420,323075490,"bootstrap_mean",2.84709684644686,NA,2.84709684644686,0.0117588092162262,0.00413010510369572,2.84771682103876,2.82162124127295,2.87240114928816,"20m"
"1806",30818,FALSE,"all_pixels",6.68793932564288,6.14451812700145,3.56394926046946,114.859709203157,"squared_euclidean_pc1_pc3",558.019625553027,"sampled_pixels",10000,1,1546.31069391162,10786.3382922362,3471.57934355526,"sampled_pixels",10000,30818,FALSE,"all_pixels",6.46171611439203,5.67234319528896,4.08220106281385,116.835199850835,"squared_euclidean_pc1_pc3",621.185514444424,"sampled_pixels",10000,1,3270.83576037433,51725.1134968362,10042.7398083344,"sampled_pixels",10000,30818,474859153,"bootstrap_mean",2.75029707776978,NA,2.75029707776978,0.0117703338747406,0.00427965908478701,2.75013165297781,2.7266852106185,2.78372201911134,"20m"
"1807",24396,FALSE,"all_pixels",6.79035583567236,6.27911145045129,3.77408004873257,120.704057472383,"squared_euclidean_pc1_pc3",575.450989729791,"sampled_pixels",10000,1,1240.60558339782,6922.98676575794,2628.02752077414,"sampled_pixels",10000,24396,FALSE,"all_pixels",7.47177596690363,6.6551315958855,4.24976661337734,147.774424122641,"squared_euclidean_pc1_pc3",691.224505273397,"sampled_pixels",10000,1,1924.28866680817,30288.0642642578,5454.01345549086,"sampled_pixels",10000,24396,297570210,"bootstrap_mean",2.88322656827726,NA,2.88322656827726,0.0105465851833415,0.00365791065446624,2.8817533386736,2.85971632229953,2.91282507716398,"20m"
"1808",25871,FALSE,"all_pixels",7.40367122218858,6.79133584042153,4.13314767881992,143.793193980098,"squared_euclidean_pc1_pc3",630.724755425191,"sampled_pixels",10000,1,1164.92010982984,8607.49257326744,2858.0136179804,"sampled_pixels",10000,25871,FALSE,"all_pixels",6.51929522581199,5.55606162598176,4.26346573236039,121.355295371049,"squared_euclidean_pc1_pc3",642.667678481983,"sampled_pixels",10000,1,1470.5872925386,24214.1026180618,4701.87307365395,"sampled_pixels",10000,25871,334641385,"bootstrap_mean",2.79420623000261,NA,2.79420623000261,0.0840830543491794,0.0300919285936532,2.78459302481618,2.75835734827823,3.48200390936082,"20m"
"1809",27495,FALSE,"all_pixels",7.28052588751047,6.90825030223434,3.75943154094299,134.277737354354,"squared_euclidean_pc1_pc3",564.178062269726,"sampled_pixels",10000,1,1267.27152975824,7776.92555621795,2891.84559606276,"sampled_pixels",10000,27495,FALSE,"all_pixels",7.21272036061241,6.35494691260977,4.46779806498814,143.967657110753,"squared_euclidean_pc1_pc3",641.628046119212,"sampled_pixels",10000,1,1837.06149167293,20039.8125300627,4561.82341011303,"sampled_pixels",10000,27495,377973765,"bootstrap_mean",2.77325867170056,NA,2.77325867170056,0.0105345057584964,0.003798601935692,2.77421582431972,2.74481306867785,2.79934652114026,"20m"
"1810",30049,FALSE,"all_pixels",7.56972561054413,6.83032320620336,4.03729485893925,147.199906315872,"squared_euclidean_pc1_pc3",606.23538494772,"sampled_pixels",10000,1,1145.01858337091,8548.08975492685,2768.12112208076,"sampled_pixels",10000,30049,FALSE,"all_pixels",6.26032269000927,5.59855032242315,3.58459136613216,104.081015667568,"squared_euclidean_pc1_pc3",572.744864646853,"sampled_pixels",10000,1,2308.19238089978,32469.8708016489,6093.66181103906,"sampled_pixels",10000,30049,451456176,"bootstrap_mean",2.75433055658025,NA,2.75433055658025,0.0140096239858519,0.00508639892636782,2.75495908595872,2.72115767471417,2.79699649708632,"20m"
"1811",31682,FALSE,"all_pixels",8.98220437208406,7.89989378466034,6.40920934153599,243.513326388912,"squared_euclidean_pc1_pc3",721.244826953637,"sampled_pixels",10000,1,3599.9146317627,32590.175639332,9040.84800843054,"sampled_pixels",10000,31682,FALSE,"all_pixels",8.63312007010465,7.1378417523624,9.44369546096906,327.422662300027,"squared_euclidean_pc1_pc3",651.82647891937,"sampled_pixels",10000,1,6288.88830341054,115553.068379779,17399.3966960463,"sampled_pixels",10000,31682,501858721,"bootstrap_mean",2.86987024635674,NA,2.86987024635674,0.218466646079066,0.0761242242071417,2.94367542183552,2.24848803746601,2.98729819810781,"20m"
"1812",21376,FALSE,"all_pixels",6.47618295669912,5.97213320296483,3.53805406649184,108.916373328285,"squared_euclidean_pc1_pc3",489.130213622674,"sampled_pixels",10000,1,1167.22190276864,6741.92757168579,2452.09095809676,"sampled_pixels",10000,21376,FALSE,"all_pixels",6.60147335734281,6.03340147623612,3.48324756599459,111.423792987802,"squared_euclidean_pc1_pc3",597.964704262524,"sampled_pixels",10000,1,1443.46906039456,28353.5807991198,5053.37827247368,"sampled_pixels",10000,21376,228456000,"bootstrap_mean",2.93173830475672,NA,2.93173830475672,0.00968373268763175,0.00330306858286771,2.93184264700841,2.90368924708197,2.95463069666367,"20m"
"1813",21797,FALSE,"all_pixels",9.77085385546847,8.81496040674667,5.44994792428299,250.34030956167,"squared_euclidean_pc1_pc3",872.943000776731,"sampled_pixels",10000,1,1941.87160563579,15587.5687721963,4650.21255683811,"sampled_pixels",10000,21797,FALSE,"all_pixels",7.96977649981212,6.71140427398584,5.93520874264905,197.484848299147,"squared_euclidean_pc1_pc3",765.285459185627,"sampled_pixels",10000,1,2747.13804454811,42615.137941326,7790.22594597175,"sampled_pixels",10000,21797,237543706,"bootstrap_mean",2.87307986227856,NA,2.87307986227856,0.013203303160871,0.00459552250329717,2.87260580995767,2.83214295172058,2.90255312523985,"20m"
"1814",26549,FALSE,"all_pixels",8.11768336481198,7.59112024065317,4.06522658977356,164.844455926717,"squared_euclidean_pc1_pc3",613.491150485088,"sampled_pixels",10000,1,1059.95134182848,8185.49101083894,2714.22408548587,"sampled_pixels",10000,26549,FALSE,"all_pixels",6.37267759371598,5.93508184510566,3.1842183193138,101.499768223205,"squared_euclidean_pc1_pc3",518.965140477045,"sampled_pixels",10000,1,1305.75473717971,17254.3691681029,3824.08065304076,"sampled_pixels",10000,26549,352411426,"bootstrap_mean",2.78202742222739,NA,2.78202742222739,0.205822197991928,0.0739828070519661,2.71499935309942,2.68499994800438,3.40235556882169,"20m"
"1815",27003,FALSE,"all_pixels",8.39974736639637,7.62683169135398,4.57188194044814,182.914172461336,"squared_euclidean_pc1_pc3",635.85797221529,"sampled_pixels",10000,1,1305.58946435843,10101.2895900043,3223.32824768389,"sampled_pixels",10000,27003,FALSE,"all_pixels",6.57934850954409,5.8475791901148,4.08561449393034,119.958908880826,"squared_euclidean_pc1_pc3",583.44969437051,"sampled_pixels",10000,1,2559.70465174742,46617.6218474041,7704.53599251448,"sampled_pixels",10000,27003,364567503,"bootstrap_mean",2.78143966323712,NA,2.78143966323712,0.0138715210719008,0.00498717310148541,2.7821375670217,2.75034128394198,2.81793439759745,"20m"
"1816",24187,FALSE,"all_pixels",9.06188603774548,8.22934253048924,4.67394527726877,207.925279626517,"squared_euclidean_pc1_pc3",712.850507515941,"sampled_pixels",10000,1,1325.43954063314,14233.4840910396,3749.9365582945,"sampled_pixels",10000,24187,FALSE,"all_pixels",6.97205622555343,6.16626032031438,4.41449726058235,136.193096725461,"squared_euclidean_pc1_pc3",676.310945603661,"sampled_pixels",10000,1,2788.1089105755,50076.7547680961,8363.08554038769,"sampled_pixels",10000,24187,292493391,"bootstrap_mean",2.84211787785313,NA,2.84211787785313,0.0133378397645783,0.00469292279131415,2.84232078987964,2.81308095735386,2.87123247224618,"20m"
"1817",22939,FALSE,"all_pixels",7.66536001939499,7.16709439377519,3.87560115370639,147.554747474173,"squared_euclidean_pc1_pc3",609.131251172777,"sampled_pixels",10000,1,1112.03022627423,8438.53029595765,2738.86917510421,"sampled_pixels",10000,22939,FALSE,"all_pixels",6.5557970763104,6.03254815827305,3.47924525680623,110.166190304851,"squared_euclidean_pc1_pc3",596.46186110452,"sampled_pixels",10000,1,1605.70441536542,19042.3725031807,4171.40422552749,"sampled_pixels",10000,22939,263087391,"bootstrap_mean",2.76577010368818,NA,2.76577010368818,0.113542039220714,0.0410525947436138,2.7475502564098,2.70954671219455,3.42118735939927,"20m"
"1818",22014,FALSE,"all_pixels",7.89938988601743,7.40557472268287,3.9522649037082,156.040097747711,"squared_euclidean_pc1_pc3",649.457830742342,"sampled_pixels",10000,1,1055.45086018827,8814.47684016284,2711.66303484594,"sampled_pixels",10000,22014,FALSE,"all_pixels",6.80252715888875,6.12148843783057,3.65379407426112,119.247960885327,"squared_euclidean_pc1_pc3",621.405752285177,"sampled_pixels",10000,1,1241.45462584499,18413.8668694085,3922.6978583074,"sampled_pixels",10000,22014,242297091,"bootstrap_mean",2.79574492298826,NA,2.79574492298826,0.116694338233597,0.0417399803802084,2.77587729577099,2.75715462782778,3.4761594298461,"20m"
"1819",29421,FALSE,"all_pixels",7.40684901476144,6.58647951397633,4.68429779636296,153.606624713422,"squared_euclidean_pc1_pc3",661.40937309776,"sampled_pixels",10000,1,1332.18692129793,11272.339329168,3608.98201047247,"sampled_pixels",10000,29421,FALSE,"all_pixels",6.78905241481293,6.31186109179976,3.73739164835898,120.117708516204,"squared_euclidean_pc1_pc3",584.177017319144,"sampled_pixels",10000,1,2049.82680169598,27017.0639805377,6100.06963601738,"sampled_pixels",10000,29421,432782910,"bootstrap_mean",2.81050124875535,NA,2.81050124875535,0.0120534263805531,0.00428871055862047,2.8113804781988,2.77618273420752,2.83784445392342,"20m"
"1820",32905,FALSE,"all_pixels",7.16310800598193,6.51823029909805,4.04966190013767,135.418758827079,"squared_euclidean_pc1_pc3",666.962541151533,"sampled_pixels",10000,1,1401.65862580387,8569.48034192521,3110.04919641674,"sampled_pixels",10000,32905,FALSE,"all_pixels",7.49677016922248,6.78519054558665,4.20683373192048,147.796950366982,"squared_euclidean_pc1_pc3",740.017191789419,"sampled_pixels",10000,1,1962.07384534546,35787.1407505823,6079.8136919918,"sampled_pixels",10000,32905,541353060,"bootstrap_mean",2.83642336249834,NA,2.83642336249834,0.011393708488994,0.00401692802267653,2.83616673800662,2.80224312246898,2.86051517453218,"20m"
"1821",35828,FALSE,"all_pixels",8.42951661156756,6.88635013202219,6.04009614182625,215.076986864133,"squared_euclidean_pc1_pc3",875.151361566476,"sampled_pixels",10000,1,2221.07376174145,20220.9654812419,5387.40725908946,"sampled_pixels",10000,35828,FALSE,"all_pixels",10.1168544900464,8.15833044745109,9.31540921224079,378.250343048564,"squared_euclidean_pc1_pc3",953.944610127273,"sampled_pixels",10000,1,4785.26482635053,114842.307212924,15427.8717448526,"sampled_pixels",10000,35828,641804878,"bootstrap_mean",2.99638527241713,NA,2.99638527241713,0.011087201737109,0.00370019230810235,2.99595418218755,2.97298832432661,3.02534338425902,"20m"
"1822",NA,TRUE,"manual_excluded",NA,NA,NA,NA,"squared_euclidean_pc1_pc3",NA,"manual_excluded",NA,1,NA,NA,NA,"manual_excluded",NA,NA,TRUE,"manual_excluded",NA,NA,NA,NA,"squared_euclidean_pc1_pc3",NA,"manual_excluded",NA,1,NA,NA,NA,"manual_excluded",NA,27606,381031815,"bootstrap_mean",2.89984397308117,NA,2.89984397308117,0.00983502915356677,0.00339157183795539,2.89964233170252,2.87919623666541,2.92223749254931,"20m"
"1823",NA,TRUE,"manual_excluded",NA,NA,NA,NA,"squared_euclidean_pc1_pc3",NA,"manual_excluded",NA,1,NA,NA,NA,"manual_excluded",NA,NA,TRUE,"manual_excluded",NA,NA,NA,NA,"squared_euclidean_pc1_pc3",NA,"manual_excluded",NA,1,NA,NA,NA,"manual_excluded",NA,856,365940,"exact_all_pixels",2.92635007428764,2.92635007428764,NA,NA,NA,NA,NA,NA,"20m"
"19",28055,FALSE,"all_pixels",8.40944917625463,7.71552038386879,4.60819777416067,183.907130500725,"squared_euclidean_pc1_pc3",718.583767510341,"sampled_pixels",10000,1,1508.4484922071,16687.7237968248,4144.01138341805,"sampled_pixels",10000,28055,FALSE,"all_pixels",6.91657474291447,5.7481626166368,5.01213096810502,145.919135159529,"squared_euclidean_pc1_pc3",662.5273983871,"sampled_pixels",10000,1,3239.03958834083,60463.2265549198,9005.47243251335,"sampled_pixels",10000,28055,393527485,"bootstrap_mean",2.87651060455018,NA,2.87651060455018,0.0153131317625556,0.00532350958078606,2.87806715422022,2.84021938765932,2.9063678804351,"20m"
"1900",28056,FALSE,"all_pixels",7.25660772819366,6.58551104879911,3.97791534093846,136.963204344964,"squared_euclidean_pc1_pc3",531.759687282051,"sampled_pixels",10000,1,1330.96068236257,7886.16521419222,2785.35930146123,"sampled_pixels",10000,28056,FALSE,"all_pixels",6.01178142016758,5.43592670803604,3.33339372899767,94.5052670974232,"squared_euclidean_pc1_pc3",542.510361130461,"sampled_pixels",10000,1,1650.69489203011,18908.9325609064,4270.12976630366,"sampled_pixels",10000,28056,393555540,"bootstrap_mean",2.8829585984958,NA,2.8829585984958,0.301422051141982,0.104553028024492,2.71314427968603,2.67575084966785,3.41142620285974,"20m"
"1901",27843,FALSE,"all_pixels",8.24075796301156,7.6367964166069,4.7557968903878,181.053767082314,"squared_euclidean_pc1_pc3",605.345305003427,"sampled_pixels",10000,1,2238.98088604293,13063.5409829236,4520.39915936451,"sampled_pixels",10000,27843,FALSE,"all_pixels",6.66004522195973,5.74408946111628,6.80758515317734,181.39550705734,"squared_euclidean_pc1_pc3",542.145181301779,"sampled_pixels",10000,1,4967.99105765314,79441.1426843699,13414.4891430629,"sampled_pixels",10000,27843,387602403,"bootstrap_mean",2.78767768033936,NA,2.78767768033936,0.0809416784089676,0.0290355226430317,2.79724146349748,2.12898296416821,2.83505034471868,"20m"
"1902",29038,FALSE,"all_pixels",7.47748790331578,6.79503872248439,4.21548881006461,147.36511856671,"squared_euclidean_pc1_pc3",663.800603271026,"sampled_pixels",10000,1,1621.33096517477,13690.2286470393,4141.63670752407,"sampled_pixels",10000,29038,FALSE,"all_pixels",7.01000108918291,6.01105538544144,4.98439204841455,147.966847576855,"squared_euclidean_pc1_pc3",653.772696458045,"sampled_pixels",10000,1,2309.89264876713,32983.0377083201,6278.68927270619,"sampled_pixels",10000,29038,421588203,"bootstrap_mean",2.78245210553556,NA,2.78245210553556,0.0116808136179857,0.00419802863623323,2.78219690940269,2.75153328786238,2.80546449957381,"20m"
"1903",24653,FALSE,"all_pixels",8.08742217628555,7.06584540271403,4.79812288524864,176.854893676759,"squared_euclidean_pc1_pc3",676.869360818896,"sampled_pixels",10000,1,1272.97630385193,11911.1720314349,3501.76278255564,"sampled_pixels",10000,24653,FALSE,"all_pixels",6.84909877963766,6.16555406223453,3.86658251344766,123.720015981584,"squared_euclidean_pc1_pc3",645.320896087259,"sampled_pixels",10000,1,2021.61615691602,35605.1242060694,6137.88060705243,"sampled_pixels",10000,24653,303872878,"bootstrap_mean",2.89867374001785,NA,2.89867374001785,0.0121334720903304,0.00418587022155026,2.89831804158549,2.86815253863249,2.92697910005939,"20m"
"1904",23255,FALSE,"all_pixels",6.37765510500342,5.92334232962945,3.38247059545338,104.230199965297,"squared_euclidean_pc1_pc3",504.245071627794,"sampled_pixels",10000,1,909.063763827658,6990.19527723986,2385.02607530379,"sampled_pixels",10000,23255,FALSE,"all_pixels",6.53291175919522,5.87916141286763,3.61085162947303,111.433249758296,"squared_euclidean_pc1_pc3",610.091860453345,"sampled_pixels",10000,1,1552.18896552978,29185.9280166756,5181.65373188779,"sampled_pixels",10000,23255,270385885,"bootstrap_mean",2.88306666734431,NA,2.88306666734431,0.0106328552854173,0.00368803656393127,2.88392945794575,2.8633718155333,2.91229072477305,"20m"
"1905",25281,FALSE,"all_pixels",8.07573090586425,7.5496435826131,4.21207023630833,165.916527132065,"squared_euclidean_pc1_pc3",639.400976865493,"sampled_pixels",10000,1,1292.4531871469,8440.76223300643,2999.90275700464,"sampled_pixels",10000,25281,FALSE,"all_pixels",6.79596354688041,6.10524319892625,3.82647572190861,121.652915628121,"squared_euclidean_pc1_pc3",633.727710815789,"sampled_pixels",10000,1,2062.84132907623,25771.2022562558,5373.15415894583,"sampled_pixels",10000,25281,319551840,"bootstrap_mean",2.90290694905038,NA,2.90290694905038,0.0108014094788362,0.00372089414797456,2.90160582257491,2.8805322696489,2.93237032227751,"20m"
"1906",26465,FALSE,"all_pixels",7.5610527429847,7.05174490015712,3.74965012128299,142.457726702412,"squared_euclidean_pc1_pc3",538.940937561765,"sampled_pixels",10000,1,1238.81467885833,10088.548468008,3029.05966237455,"sampled_pixels",10000,26465,FALSE,"all_pixels",6.20153641864966,5.57432170778315,3.59743315891176,102.800180558747,"squared_euclidean_pc1_pc3",540.348067344363,"sampled_pixels",10000,1,2427.77740511918,31189.1498754542,7268.23739351981,"sampled_pixels",10000,26465,350184880,"bootstrap_mean",2.77437340203042,NA,2.77437340203042,0.011520008367614,0.00415229195867547,2.77496164223724,2.74379555654357,2.79849512844437,"20m"
"1907",24968,FALSE,"all_pixels",7.13283562659046,6.6336713708935,3.6900465610008,128.986484685023,"squared_euclidean_pc1_pc3",533.347670385434,"sampled_pixels",10000,1,1363.80083460305,9218.45597738575,3121.22575799834,"sampled_pixels",10000,24968,FALSE,"all_pixels",6.93562213847881,6.21100481475817,4.25344548417605,132.387856670377,"squared_euclidean_pc1_pc3",629.722487989668,"sampled_pixels",10000,1,3394.88606434499,58590.3890623358,9557.58532030597,"sampled_pixels",10000,24968,311688028,"bootstrap_mean",2.90159959027836,NA,2.90159959027836,0.0115560741463893,0.00398265638894741,2.90288816775296,2.87614826164814,2.93104954364049,"20m"
"1908",26123,FALSE,"all_pixels",8.05699884110741,7.48080258380409,4.12920888869424,163.929887353041,"squared_euclidean_pc1_pc3",630.385783991694,"sampled_pixels",10000,1,1266.94952277247,11296.3286786095,3330.20221816364,"sampled_pixels",10000,26123,FALSE,"all_pixels",7.06959474344609,6.36699783853871,3.85298461913403,129.648184039798,"squared_euclidean_pc1_pc3",649.46315077697,"sampled_pixels",10000,1,2039.39771926629,35834.6606803493,6128.03554173858,"sampled_pixels",10000,26123,341192503,"bootstrap_mean",2.84202618120489,NA,2.84202618120489,0.0126797701643786,0.00446152475590602,2.84243387577181,2.81114553009169,2.87813880001582,"20m"
"1909",23079,FALSE,"all_pixels",7.46299685494754,6.82447849791298,3.87098590584811,141.360409337902,"squared_euclidean_pc1_pc3",586.599690640463,"sampled_pixels",10000,1,888.210199874006,6925.51145250361,2317.8296841518,"sampled_pixels",10000,23079,FALSE,"all_pixels",6.33815887707895,5.68196469904354,3.48313061993241,104.607862370594,"squared_euclidean_pc1_pc3",540.190302118278,"sampled_pixels",10000,1,1312.61526482496,19812.5773626524,3979.18170056289,"sampled_pixels",10000,23079,266308581,"bootstrap_mean",2.74984768939358,NA,2.74984768939358,0.0122277855844604,0.00444671376950225,2.7504762223823,2.72109426009035,2.78143060635488,"20m"
"1910",25613,FALSE,"all_pixels",6.52968217384672,5.93201318554795,3.66559303835226,112.14559402912,"squared_euclidean_pc1_pc3",471.320722724649,"sampled_pixels",10000,1,1040.76088909401,6036.42007549787,2222.75671566484,"sampled_pixels",10000,25613,FALSE,"all_pixels",5.63634085273918,4.92384882574013,3.70037214889976,90.9211152937647,"squared_euclidean_pc1_pc3",458.85518638348,"sampled_pixels",10000,1,1655.4665253027,23963.5972874194,4839.96508075525,"sampled_pixels",10000,25613,328000078,"bootstrap_mean",2.79976085257441,NA,2.79976085257441,0.0130947783329283,0.00467710601813992,2.80119569024351,2.77353743772312,2.83043705889684,"20m"
"1911",24013,FALSE,"all_pixels",6.72850235859921,6.13572616874506,3.69192892580189,117.805031119021,"squared_euclidean_pc1_pc3",464.999120762278,"sampled_pixels",10000,1,1017.96659764367,5388.28091005821,2317.16843811039,"sampled_pixels",10000,24013,FALSE,"all_pixels",5.45895652751087,4.932145541888,3.03442530297252,78.0151196811388,"squared_euclidean_pc1_pc3",460.851308435154,"sampled_pixels",10000,1,1668.37863627563,20898.1186838551,4585.32521902638,"sampled_pixels",10000,24013,288300078,"bootstrap_mean",2.79468004015341,NA,2.79468004015341,0.0108636776434719,0.00388727063112226,2.7956025488807,2.77206801760125,2.81588420485133,"20m"
"1912",19343,FALSE,"all_pixels",7.45760687079884,6.98875377661483,3.74599655740801,139.295329983535,"squared_euclidean_pc1_pc3",522.892788350037,"sampled_pixels",10000,1,852.024047207307,8476.43416858105,2912.19188572562,"sampled_pixels",10000,19343,FALSE,"all_pixels",6.46740058887876,5.92864374579246,3.44184486197755,107.345907995432,"squared_euclidean_pc1_pc3",554.133381887707,"sampled_pixels",10000,1,1433.67848054865,28791.1821244295,5407.03654918225,"sampled_pixels",10000,19343,187066153,"bootstrap_mean",2.91349807389878,NA,2.91349807389878,0.0107359300421786,0.00368489347508373,2.91405846550402,2.89124126337562,2.94687920463438,"20m"
"1913",20520,FALSE,"all_pixels",7.29931914752053,6.80770447837004,3.75220469982707,134.716828027397,"squared_euclidean_pc1_pc3",583.288684679886,"sampled_pixels",10000,1,937.123967086817,7142.99790602447,2339.39231858731,"sampled_pixels",10000,20520,FALSE,"all_pixels",6.37603701879586,5.79175981517179,3.39493575244914,104.357750304894,"squared_euclidean_pc1_pc3",573.586867036306,"sampled_pixels",10000,1,1441.39099250676,20586.8017864631,4238.65093477099,"sampled_pixels",10000,20520,210524940,"bootstrap_mean",2.82343087892741,NA,2.82343087892741,0.00945714926057085,0.00334952391827759,2.82234587715546,2.80435381945064,2.85150638492455,"20m"
"1914",22180,FALSE,"all_pixels",7.27006809053781,6.56878248681865,3.97949067263893,137.379044125041,"squared_euclidean_pc1_pc3",494.980596974445,"sampled_pixels",10000,1,752.571223618525,6222.45680087829,2060.31025108657,"sampled_pixels",10000,22180,FALSE,"all_pixels",5.78227233243283,5.20554354871894,3.09126846162778,85.9803663847059,"squared_euclidean_pc1_pc3",494.189468379274,"sampled_pixels",10000,1,1002.06265910413,12989.4484164088,3068.07834194939,"sampled_pixels",10000,22180,245965110,"bootstrap_mean",2.77085614576463,NA,2.77085614576463,0.0105707416577677,0.00381497309917209,2.77046174431414,2.74997658371956,2.80406758289482,"20m"
"1915",23905,FALSE,"all_pixels",7.75962358496206,7.31188929498793,3.53779720336876,145.45448731922,"squared_euclidean_pc1_pc3",535.259505764489,"sampled_pixels",10000,1,1023.37908938384,8970.16721695126,2736.46979775112,"sampled_pixels",10000,23905,FALSE,"all_pixels",6.41208355375707,5.80005968950412,3.50677898722545,106.823599867056,"squared_euclidean_pc1_pc3",552.865508636095,"sampled_pixels",10000,1,1583.33376595022,22412.9555504958,4759.65161873219,"sampled_pixels",10000,23905,285712560,"bootstrap_mean",2.79862663624463,NA,2.79862663624463,0.0112879783339019,0.00403339916361577,2.79896223624719,2.77208300424259,2.82163211919706,"20m"
"1916",24230,FALSE,"all_pixels",7.58530932190422,7.216818206083,3.60950858214635,141.129864020408,"squared_euclidean_pc1_pc3",561.314046720149,"sampled_pixels",10000,1,935.419620357821,7176.01968747505,2329.63673818141,"sampled_pixels",10000,24230,FALSE,"all_pixels",6.40155989069346,5.70826451393032,3.69617364476007,109.28220962456,"squared_euclidean_pc1_pc3",589.916774127323,"sampled_pixels",10000,1,1503.20276795503,23604.830929431,4429.62821879832,"sampled_pixels",10000,24230,293534335,"bootstrap_mean",2.8161537306795,NA,2.8161537306795,0.0112914802636481,0.00400953972811834,2.81635945915161,2.78513535890153,2.8529418139827,"20m"
"1917",23686,FALSE,"all_pixels",7.95490366876695,7.4390647082596,4.0969697625586,160.129889922833,"squared_euclidean_pc1_pc3",694.868291717334,"sampled_pixels",10000,1,1603.8437428702,10638.1287752299,3798.43704825938,"sampled_pixels",10000,23686,FALSE,"all_pixels",7.77366781791092,6.93350953289194,4.64789512953789,164.063856847284,"squared_euclidean_pc1_pc3",729.307193430029,"sampled_pixels",10000,1,3626.92155075187,50630.5296442288,8884.66367585942,"sampled_pixels",10000,23686,280501455,"bootstrap_mean",2.8845932145551,NA,2.8845932145551,0.0123235208255862,0.00427218672061074,2.88586116946581,2.85936470423856,2.91834267568554,"20m"
"1918",24967,FALSE,"all_pixels",7.88287930189319,7.48977107929139,3.80038100721297,153.164206817552,"squared_euclidean_pc1_pc3",596.193404332867,"sampled_pixels",10000,1,945.964249787554,7916.85124482751,2523.62831604531,"sampled_pixels",10000,24967,FALSE,"all_pixels",6.74861941275539,6.06976436281818,3.69919535113277,118.454724277477,"squared_euclidean_pc1_pc3",604.694172758435,"sampled_pixels",10000,1,1453.1908914102,20886.2582542213,4479.35150173369,"sampled_pixels",10000,24967,311663061,"bootstrap_mean",2.78245310147619,NA,2.78245310147619,0.0122380566944074,0.00439829756264884,2.78145002612522,2.75708912317931,2.81526469986095,"20m"
"1919",24055,FALSE,"all_pixels",6.11103707937856,5.61346424667303,3.33850370627356,96.9798356877355,"squared_euclidean_pc1_pc3",517.976829753061,"sampled_pixels",10000,1,990.472572186879,6961.49289708016,2500.77432707219,"sampled_pixels",10000,24055,FALSE,"all_pixels",6.59133368711217,6.04305364921426,3.60270634739068,112.849266449414,"squared_euclidean_pc1_pc3",620.443082202427,"sampled_pixels",10000,1,1302.83073420819,16845.2530584126,3956.76186637797,"sampled_pixels",10000,24055,289309485,"bootstrap_mean",2.81914992706993,NA,2.81914992706993,0.0113050631893156,0.00401009647651677,2.82112402418727,2.79091262237916,2.84229019408112,"20m"
"1920",27564,FALSE,"all_pixels",7.74226863753522,7.24443439758091,4.06206372758956,152.884973525517,"squared_euclidean_pc1_pc3",647.408521569637,"sampled_pixels",10000,1,1346.03286144954,10485.6540649145,3324.6440551775,"sampled_pixels",10000,27564,FALSE,"all_pixels",7.13284430816713,6.32950534470886,4.17443938973157,136.605559887393,"squared_euclidean_pc1_pc3",681.804297958341,"sampled_pixels",10000,1,1786.93963501758,23125.1772833616,5039.91956458008,"sampled_pixels",10000,27564,379873266,"bootstrap_mean",2.83182132838708,NA,2.83182132838708,0.0113504117064046,0.00400816661440622,2.83233042159049,2.80704352244169,2.86321706421959,"20m"
"1921",NA,TRUE,"manual_excluded",NA,NA,NA,NA,"squared_euclidean_pc1_pc3",NA,"manual_excluded",NA,1,NA,NA,NA,"manual_excluded",NA,NA,TRUE,"manual_excluded",NA,NA,NA,NA,"squared_euclidean_pc1_pc3",NA,"manual_excluded",NA,1,NA,NA,NA,"manual_excluded",NA,26064,339653016,"bootstrap_mean",2.8174159809973,NA,2.8174159809973,0.193799904668236,0.0687864007215703,2.7605712577181,2.73225632721098,3.45567050379476,"20m"
"1922",NA,TRUE,"manual_excluded",NA,NA,NA,NA,"squared_euclidean_pc1_pc3",NA,"manual_excluded",NA,1,NA,NA,NA,"manual_excluded",NA,NA,TRUE,"manual_excluded",NA,NA,NA,NA,"squared_euclidean_pc1_pc3",NA,"manual_excluded",NA,1,NA,NA,NA,"manual_excluded",NA,1866,1740045,"exact_all_pixels",2.84314504216027,2.84314504216027,NA,NA,NA,NA,NA,NA,"20m"
"2",26793,FALSE,"all_pixels",8.08713541572243,7.51371896497636,4.22462058704315,166.497024428479,"squared_euclidean_pc1_pc3",605.608555781594,"sampled_pixels",10000,1,1057.39209264053,8106.90163606848,2665.72810945509,"sampled_pixels",10000,26793,FALSE,"all_pixels",6.65770566149242,6.02081867282827,3.63508779351257,115.076829516393,"squared_euclidean_pc1_pc3",582.853574745134,"sampled_pixels",10000,1,1332.93330126516,17704.890632546,3898.54639687602,"sampled_pixels",10000,26793,358919028,"bootstrap_mean",2.81418913500395,NA,2.81418913500395,0.0113479093129678,0.00403239042174465,2.81304113988112,2.79189067883789,2.83546264353766,"20m"
"20",30771,FALSE,"all_pixels",7.61667099364452,6.9758355555606,3.90535413177617,146.529944530606,"squared_euclidean_pc1_pc3",530.943742975455,"sampled_pixels",10000,1,1211.49686993871,8582.12620030259,2844.1120296952,"sampled_pixels",10000,30771,FALSE,"all_pixels",5.66764567430161,5.03601238081781,3.31310759830132,86.1970654513993,"squared_euclidean_pc1_pc3",465.905075102421,"sampled_pixels",10000,1,2511.89720336062,34076.4832274665,6804.56943585353,"sampled_pixels",10000,30771,473411835,"bootstrap_mean",2.73715537208225,NA,2.73715537208225,0.115198156335285,0.0420868166674986,2.71737144076307,2.69251214466685,3.40231495178671,"20m"
"200",27513,FALSE,"all_pixels",8.62190440028308,7.93950121237542,4.54335583958799,189.957135012473,"squared_euclidean_pc1_pc3",601.300061596426,"sampled_pixels",10000,1,982.047763776793,9055.95658632523,2678.4769202876,"sampled_pixels",10000,27513,FALSE,"all_pixels",6.00628390194661,5.42242938022395,3.26450443670129,93.4640963685054,"squared_euclidean_pc1_pc3",533.974834631918,"sampled_pixels",10000,1,1530.29857608343,19689.5936833768,4243.26146990072,"sampled_pixels",10000,27513,378468828,"bootstrap_mean",2.77830545692635,NA,2.77830545692635,0.13743624539435,0.0494676512446532,2.74973993964573,2.72662364973027,3.43048347765189,"20m"
"201",29578,FALSE,"all_pixels",8.95835160118407,8.30213108687477,4.66428698853717,204.013801979234,"squared_euclidean_pc1_pc3",693.717762359001,"sampled_pixels",10000,1,1448.2670795174,8847.11071657975,2944.08112647386,"sampled_pixels",10000,29578,FALSE,"all_pixels",7.0698834028488,6.36833896273405,3.8402856867829,129.461093758223,"squared_euclidean_pc1_pc3",663.764591869827,"sampled_pixels",10000,1,1948.9868252784,23638.4575377425,4695.54227690573,"sampled_pixels",10000,29578,437414253,"bootstrap_mean",2.87897521342584,NA,2.87897521342584,0.0123170057535615,0.00427826043660336,2.87778098391821,2.84759829863976,2.91126241080654,"20m"
"202",22238,FALSE,"all_pixels",8.11805223779924,7.51765471530535,4.02304223816392,164.173826366659,"squared_euclidean_pc1_pc3",642.125703166382,"sampled_pixels",10000,1,1040.99254545113,9313.93662027167,2796.82640943328,"sampled_pixels",10000,22238,FALSE,"all_pixels",7.30561990116547,6.5852649415703,4.07748650168944,139.994461354514,"squared_euclidean_pc1_pc3",675.780954008123,"sampled_pixels",10000,1,2476.13467480817,44352.5707997169,7438.71192572449,"sampled_pixels",10000,22238,247253203,"bootstrap_mean",2.96003517727559,NA,2.96003517727559,0.0107848395895717,0.00364348358842751,2.96025773751286,2.93170087381726,2.98655291335212,"20m"
"203",30973,FALSE,"all_pixels",8.87325706538159,8.10777275221862,4.78404424236864,203.242062649628,"squared_euclidean_pc1_pc3",699.084078175738,"sampled_pixels",10000,1,1543.77447525664,14814.9486589058,3738.89446933501,"sampled_pixels",10000,30973,FALSE,"all_pixels",7.73741295883252,7.0778770243255,4.14056108887662,154.022503807861,"squared_euclidean_pc1_pc3",728.860692295693,"sampled_pixels",10000,1,2436.94354943514,48835.3103856273,7604.18472093531,"sampled_pixels",10000,30973,479647878,"bootstrap_mean",2.89265976161327,NA,2.89265976161327,0.0132731313000089,0.00458855599823683,2.89174862553184,2.86629762516331,2.92156962719924,"20m"
"204",27638,FALSE,"all_pixels",8.49306157350974,7.77998261717697,4.70434138803014,188.524244094875,"squared_euclidean_pc1_pc3",674.421681521705,"sampled_pixels",10000,1,1175.1590579191,9077.92054952554,3020.08740035827,"sampled_pixels",10000,27638,FALSE,"all_pixels",7.37398705960915,6.63599665432619,4.07573575098886,141.973412048671,"squared_euclidean_pc1_pc3",661.996526816466,"sampled_pixels",10000,1,1424.95145381554,17686.0811911014,3967.48882200821,"sampled_pixels",10000,27638,381915703,"bootstrap_mean",2.7834267551269,NA,2.7834267551269,0.011448417752524,0.00411306592905191,2.78314905279104,2.75987575955869,2.81047763481698,"20m"
"205",28862,FALSE,"all_pixels",8.80774157227204,8.14183534469435,4.41469434048386,194.13032491574,"squared_euclidean_pc1_pc3",730.853641551255,"sampled_pixels",10000,1,1317.36511314664,10234.5985698019,3240.77531868148,"sampled_pixels",10000,28862,FALSE,"all_pixels",8.58000369818593,8.05258868822125,4.03523042408398,179.797967731979,"squared_euclidean_pc1_pc3",820.733057151597,"sampled_pixels",10000,1,1759.07388900511,24729.0047605507,4911.18493136508,"sampled_pixels",10000,28862,416493091,"bootstrap_mean",2.88475960159479,NA,2.88475960159479,0.0105688212563876,0.00366367486931835,2.88504726672193,2.85912595656835,2.91572362639601,"20m"
"206",23348,FALSE,"all_pixels",8.19549485340327,7.37988916678704,4.78377752725238,180.099366346074,"squared_euclidean_pc1_pc3",682.476268428033,"sampled_pixels",10000,1,1415.38867918031,11033.2219094096,3387.36388226469,"sampled_pixels",10000,23348,FALSE,"all_pixels",8.43496176782782,7.52886956788247,4.83642093717457,189.077091331902,"squared_euclidean_pc1_pc3",840.730757322248,"sampled_pixels",10000,1,2979.83519031238,58639.0615779852,8596.29538037396,"sampled_pixels",10000,23348,272552878,"bootstrap_mean",2.95886241130822,NA,2.95886241130822,0.0119774765171179,0.00404800049888843,2.96011855298087,2.93489433236441,2.98377280226264,"20m"
"207",26316,FALSE,"all_pixels",6.60100111687267,6.10314613654294,3.50220724378061,111.676410479521,"squared_euclidean_pc1_pc3",511.682747866269,"sampled_pixels",10000,1,1064.33827666056,7037.01248928591,2593.3466293814,"sampled_pixels",10000,26316,FALSE,"all_pixels",6.98135955902925,6.47811157071501,3.49373181352891,121.890158893736,"squared_euclidean_pc1_pc3",619.718527817899,"sampled_pixels",10000,1,1757.86834142519,24731.654033895,4758.40024728009,"sampled_pixels",10000,26316,346252770,"bootstrap_mean",2.86801428403613,NA,2.86801428403613,0.0112210263816782,0.0039124722788643,2.86583223306807,2.84442820430016,2.8929416461595,"20m"
"208",28712,FALSE,"all_pixels",8.39640178438967,7.70950683036297,4.53775897760573,182.180204596438,"squared_euclidean_pc1_pc3",611.41193912901,"sampled_pixels",10000,1,1185.63919651245,8324.15342512594,2850.64662619845,"sampled_pixels",10000,28712,FALSE,"all_pixels",6.1119806086868,5.58239601528361,3.25851834603988,95.9477579278728,"squared_euclidean_pc1_pc3",516.806460832136,"sampled_pixels",10000,1,1607.73956965779,20998.9637928147,4374.32009750497,"sampled_pixels",10000,28712,412175116,"bootstrap_mean",2.74942498602281,NA,2.74942498602281,0.0117391892660175,0.00426968887156251,2.75009576107955,2.72148818509612,2.77692793565368,"20m"
"209",31785,FALSE,"all_pixels",8.03364188516622,7.27863460426777,4.32121430007427,166.423414982517,"squared_euclidean_pc1_pc3",642.939629384762,"sampled_pixels",10000,1,1336.11664780688,11376.8471864406,3296.67325218321,"sampled_pixels",10000,31785,FALSE,"all_pixels",6.4164647522217,5.75016663648935,3.57794386134952,107.944598865733,"squared_euclidean_pc1_pc3",570.992371865345,"sampled_pixels",10000,1,1387.75580448595,16964.8727882458,3765.43234662027,"sampled_pixels",10000,31785,505127220,"bootstrap_mean",2.78525673940171,NA,2.78525673940171,0.248390420227863,0.0891804395314809,2.68160356837222,2.65730001512379,3.38136390142534,"20m"
"21",31658,FALSE,"all_pixels",8.08691959184384,7.26708342645658,4.60593471375898,173.224465906255,"squared_euclidean_pc1_pc3",593.607346662929,"sampled_pixels",10000,1,927.887742141932,6782.13879785325,2487.72772353095,"sampled_pixels",10000,31658,FALSE,"all_pixels",5.46162423078622,4.81267213790315,3.19197108189791,80.0353935802642,"squared_euclidean_pc1_pc3",472.67793781942,"sampled_pixels",10000,1,1131.78193043326,13348.9164914118,3161.43250192772,"sampled_pixels",10000,31658,501098653,"bootstrap_mean",2.74104590530849,NA,2.74104590530849,0.220298626051343,0.0803702796894784,2.66344053497597,2.63504742489927,3.35993160239569,"20m"
"210",31062,FALSE,"all_pixels",6.83319512784795,6.05587618862467,3.94723008214379,124.545358758009,"squared_euclidean_pc1_pc3",587.385730812583,"sampled_pixels",10000,1,1355.43738408982,9283.94824398343,2942.28755252506,"sampled_pixels",10000,31062,FALSE,"all_pixels",6.21517159669996,5.41747251745426,3.9877018338001,109.059223910801,"squared_euclidean_pc1_pc3",574.642589624452,"sampled_pixels",10000,1,2449.30937073386,28975.0197746777,5867.14363832135,"sampled_pixels",10000,31062,482408391,"bootstrap_mean",2.75638029711198,NA,2.75638029711198,0.0120350148653849,0.00436623889598785,2.75740753885351,2.73441880939127,2.7850670822438,"20m"
"211",29541,FALSE,"all_pixels",7.04322875178011,6.26145944349239,4.12393417978351,133.2266573328,"squared_euclidean_pc1_pc3",540.450930562988,"sampled_pixels",10000,1,1604.75839914935,10515.6648861816,3565.98123343524,"sampled_pixels",10000,29541,FALSE,"all_pixels",6.17295546537967,5.59314161202052,3.45607499862887,100.098858477812,"squared_euclidean_pc1_pc3",508.400368813062,"sampled_pixels",10000,1,1973.4771307667,32518.614151061,5653.75948586409,"sampled_pixels",10000,29541,436320570,"bootstrap_mean",2.77473639337146,NA,2.77473639337146,0.0110215454958972,0.00397210543034878,2.77603750060326,2.74256609957491,2.7955669093437,"20m"
"212",28345,FALSE,"all_pixels",7.29214008969257,6.18979527747483,4.67498319254367,150.060007772611,"squared_euclidean_pc1_pc3",577.187046341669,"sampled_pixels",10000,1,922.542307616054,5571.45273553443,2185.60682833848,"sampled_pixels",10000,28345,FALSE,"all_pixels",5.94377891666937,5.29757763732242,3.43892820551162,94.3086355769016,"squared_euclidean_pc1_pc3",507.293585929817,"sampled_pixels",10000,1,1597.73840611013,20722.8166488231,4447.15840827415,"sampled_pixels",10000,28345,401705340,"bootstrap_mean",2.81704494057219,NA,2.81704494057219,0.0113157381900614,0.00401688238163605,2.8167176042649,2.78185275641951,2.839642518742,"20m"
"213",27833,FALSE,"all_pixels",6.46427953534806,5.85139590374292,3.61141300007944,109.657490353767,"squared_euclidean_pc1_pc3",437.243469023599,"sampled_pixels",10000,1,1193.23750810457,10032.278952824,3570.28039955827,"sampled_pixels",10000,27833,FALSE,"all_pixels",5.6817135414542,4.97950919161053,4.06395245195463,97.5939698260002,"squared_euclidean_pc1_pc3",458.068956354055,"sampled_pixels",10000,1,2863.38932247688,44000.2224394615,7694.7849378343,"sampled_pixels",10000,27833,387324028,"bootstrap_mean",2.80309348854162,NA,2.80309348854162,0.0119288197302172,0.00425559110995741,2.80190072500702,2.78263615896846,2.83128176955492,"20m"
"214",30135,FALSE,"all_pixels",6.50069300408877,5.7548302965621,3.86567702475777,114.403945018661,"squared_euclidean_pc1_pc3",500.163989289837,"sampled_pixels",10000,1,1274.76294752557,7892.83189582323,2926.55339581594,"sampled_pixels",10000,30135,FALSE,"all_pixels",5.49782661717083,4.83266049956442,3.81454924945188,89.5528012712138,"squared_euclidean_pc1_pc3",469.213573321189,"sampled_pixels",10000,1,2940.61321312623,32385.5872354783,6410.69333442367,"sampled_pixels",10000,30135,454044045,"bootstrap_mean",2.70377886537279,NA,2.70377886537279,0.0130503043718191,0.0048266907249531,2.704034534899,2.65223379857089,2.73152314503121,"20m"
"215",29352,FALSE,"all_pixels",7.52227643397251,6.8957498891165,4.05912254566739,146.121114498041,"squared_euclidean_pc1_pc3",594.765776315767,"sampled_pixels",10000,1,1039.0060798346,7135.78589242499,2491.13778761016,"sampled_pixels",10000,29352,FALSE,"all_pixels",6.72101509901366,5.9295308062146,4.24445008254034,126.373573390092,"squared_euclidean_pc1_pc3",616.82184384598,"sampled_pixels",10000,1,2362.18968894694,60092.7688146082,8666.46405235605,"sampled_pixels",10000,29352,430755276,"bootstrap_mean",2.86284241074058,NA,2.86284241074058,0.0133191344566922,0.00465241621638778,2.86159303801556,2.82812300429095,2.89214312188839,"20m"
"216",31446,FALSE,"all_pixels",7.17288727570043,6.38054874238181,4.18490133452753,137.926308227924,"squared_euclidean_pc1_pc3",565.589942578433,"sampled_pixels",10000,1,1845.24934785126,12671.8984486129,4150.27708014229,"sampled_pixels",10000,31446,FALSE,"all_pixels",6.19667589935192,5.18872172049899,4.89410919349061,124.700670606049,"squared_euclidean_pc1_pc3",567.994999531829,"sampled_pixels",10000,1,3809.36182952542,64742.7977830858,9657.93539268437,"sampled_pixels",10000,31446,494409735,"bootstrap_mean",2.83440054570714,NA,2.83440054570714,0.0138945790787617,0.00490212263746768,2.83506790249797,2.79372238438725,2.86507593343849,"20m"
"217",31908,FALSE,"all_pixels",7.93313958284363,7.23331400314717,4.3833774473982,164.296198637144,"squared_euclidean_pc1_pc3",713.098183079694,"sampled_pixels",10000,1,1762.58499192325,16941.5469501366,4904.09148561895,"sampled_pixels",10000,31908,FALSE,"all_pixels",7.01010909090232,6.04527454301453,5.21511434943746,152.676389548388,"squared_euclidean_pc1_pc3",663.658763406892,"sampled_pixels",10000,1,4176.61247772818,64667.4880964751,10852.2513455189,"sampled_pixels",10000,31908,509044278,"bootstrap_mean",2.8195728609412,NA,2.8195728609412,0.0123050143456872,0.00436414129109602,2.81846240898988,2.78764152821904,2.84644405836807,"20m"
"218",34391,FALSE,"all_pixels",7.54312180884029,6.67936750262203,4.40088972578876,152.53190767178,"squared_euclidean_pc1_pc3",551.815837277201,"sampled_pixels",10000,1,1705.9013789476,9815.43282084226,3613.05136633416,"sampled_pixels",10000,34391,FALSE,"all_pixels",5.37961333699232,4.74151548455614,3.63632767920787,84.3254683190187,"squared_euclidean_pc1_pc3",427.992498108319,"sampled_pixels",10000,1,2735.17516516718,29822.5640898766,6402.00034179548,"sampled_pixels",10000,34391,591353245,"bootstrap_mean",2.61508460391247,NA,2.61508460391247,0.0130308509428241,0.00498295578021775,2.61521549442847,2.56755400206081,2.64980708520559,"20m"
"219",29380,FALSE,"all_pixels",8.91433817116082,7.94492414690507,5.18496290191589,212.696700570494,"squared_euclidean_pc1_pc3",753.388154991961,"sampled_pixels",10000,1,2688.92599079381,19946.4945001989,5287.61682723808,"sampled_pixels",10000,29380,FALSE,"all_pixels",7.25173874741083,6.18533292868546,5.40627730930597,163.629108770084,"squared_euclidean_pc1_pc3",659.291776707421,"sampled_pixels",10000,1,5116.95402053373,100994.083390744,13371.9795719524,"sampled_pixels",10000,29380,431577510,"bootstrap_mean",2.8876492124115,NA,2.8876492124115,0.0803015677772792,0.0278086297435756,2.89661856095794,2.236055890851,2.92897362538645,"20m"
"22",30694,FALSE,"all_pixels",8.03479606976198,6.93958182378682,5.00280666688313,179.170414045564,"squared_euclidean_pc1_pc3",707.512504140449,"sampled_pixels",10000,1,2145.29446680681,18516.0437963367,4686.58445538074,"sampled_pixels",10000,30694,FALSE,"all_pixels",6.31093775235151,5.32027800734876,4.43326078757534,118.962192421202,"squared_euclidean_pc1_pc3",557.703625557089,"sampled_pixels",10000,1,3325.07233973788,62235.4464326334,9725.49108365962,"sampled_pixels",10000,30694,471045471,"bootstrap_mean",2.73972707437973,NA,2.73972707437973,0.0137507852215346,0.00501903468784305,2.73915365892591,2.70400944923608,2.77162223292994,"20m"
"220",28540,FALSE,"all_pixels",9.1684058978111,8.47593954257542,4.96669268904771,217.453677284845,"squared_euclidean_pc1_pc3",744.908525143925,"sampled_pixels",10000,1,1328.5204120451,10083.9617332419,3145.23065929959,"sampled_pixels",10000,28540,FALSE,"all_pixels",6.95617459043533,6.14229422873604,4.16642654991604,131.49373378109,"squared_euclidean_pc1_pc3",618.537351402046,"sampled_pixels",10000,1,2774.37891545405,50037.3057835877,7989.37401844577,"sampled_pixels",10000,28540,407251530,"bootstrap_mean",2.84280084593243,NA,2.84280084593243,0.114792872433453,0.0403802020101768,2.86283945765202,2.17247310279945,2.88898900255473,"20m"
"221",31475,FALSE,"all_pixels",8.2631182426109,7.53826348388014,4.34092085364778,174.244236529056,"squared_euclidean_pc1_pc3",633.856852433651,"sampled_pixels",10000,1,1028.37365502988,7811.93315402243,2658.58070688518,"sampled_pixels",10000,31475,FALSE,"all_pixels",5.75024644439536,5.11805633504739,3.30397856207652,87.9625233725883,"squared_euclidean_pc1_pc3",512.558825233771,"sampled_pixels",10000,1,1554.33827602619,22811.3712167898,4616.97728908954,"sampled_pixels",10000,31475,495322075,"bootstrap_mean",2.71869465191659,NA,2.71869465191659,0.0137753969682824,0.00506691582983445,2.71863111489272,2.67752811810111,2.74556729925871,"20m"
"222",28689,FALSE,"all_pixels",7.55208582954968,6.69408016958533,4.27756900914343,150.661918426998,"squared_euclidean_pc1_pc3",521.868234102003,"sampled_pixels",10000,1,1372.11628158099,9970.19210813919,3422.59912022869,"sampled_pixels",10000,28689,FALSE,"all_pixels",5.19931371639807,4.55542127083847,3.57490309602527,79.6246996059153,"squared_euclidean_pc1_pc3",384.549461293252,"sampled_pixels",10000,1,2594.8732533143,37554.1039334356,7358.56076259446,"sampled_pixels",10000,28689,411515016,"bootstrap_mean",2.66175594943241,NA,2.66175594943241,0.138389362082838,0.0519917545830405,2.63239492810296,2.59788340595389,3.31565660442009,"20m"
"223",30793,FALSE,"all_pixels",7.04868290092034,6.40635526049998,3.74870609896807,127.472543381584,"squared_euclidean_pc1_pc3",476.982267144872,"sampled_pixels",10000,1,852.045084874489,5395.89250464257,2003.07571889015,"sampled_pixels",10000,30793,FALSE,"all_pixels",5.24965117310455,4.74976958689939,2.76052064908192,70.3581284380926,"squared_euclidean_pc1_pc3",405.666503129105,"sampled_pixels",10000,1,1032.61159263303,10649.2181096984,2745.22914216037,"sampled_pixels",10000,30793,474089028,"bootstrap_mean",2.80824586541447,NA,2.80824586541447,0.296498253869739,0.105581301666398,2.64741701616216,2.60945835698729,3.35828453800041,"20m"
"224",29570,FALSE,"all_pixels",8.75112577270856,8.09413329565691,4.53029544685186,194.210170116003,"squared_euclidean_pc1_pc3",685.693125597252,"sampled_pixels",10000,1,1435.72011078949,10576.6782408511,3417.33234070912,"sampled_pixels",10000,29570,FALSE,"all_pixels",6.31580384420744,5.61207908635125,3.83162020689752,109.14039022978,"squared_euclidean_pc1_pc3",577.59949487445,"sampled_pixels",10000,1,1869.32172506873,40290.4396011365,6919.24877598136,"sampled_pixels",10000,29570,437177665,"bootstrap_mean",2.75309649939738,NA,2.75309649939738,0.081905694591639,0.0297503900097826,2.76083332664745,2.08756995000186,2.79291691840926,"20m"
"23",27531,FALSE,"all_pixels",7.29848380217814,6.35927853568878,4.52212547586531,147.433483689891,"squared_euclidean_pc1_pc3",654.934839421422,"sampled_pixels",10000,1,2133.50355792467,16812.3310422592,5349.85404314029,"sampled_pixels",10000,27531,FALSE,"all_pixels",7.06187685290284,5.98132462539218,5.52378051950723,160.762295259637,"squared_euclidean_pc1_pc3",634.985755130699,"sampled_pixels",10000,1,3807.67050125129,103798.940651009,12801.9544844161,"sampled_pixels",10000,27531,378964215,"bootstrap_mean",2.86091445447738,NA,2.86091445447738,0.114770592679733,0.0401167509570638,2.88130610052902,2.19317833043746,2.91816796404265,"20m"
"24",NA,TRUE,"manual_excluded",NA,NA,NA,NA,"squared_euclidean_pc1_pc3",NA,"manual_excluded",NA,1,NA,NA,NA,"manual_excluded",NA,NA,TRUE,"manual_excluded",NA,NA,NA,NA,"squared_euclidean_pc1_pc3",NA,"manual_excluded",NA,1,NA,NA,NA,"manual_excluded",NA,15470,119652715,"bootstrap_mean",2.69866642637982,NA,2.69866642637982,0.321035160776906,0.11896066799466,2.91415948058322,2.21848487718144,2.94013682820007,"20m"
"3",30234,FALSE,"all_pixels",8.1548311508571,7.41817430797101,4.31572279780591,170.252236645712,"squared_euclidean_pc1_pc3",591.656782136685,"sampled_pixels",10000,1,1172.93026980372,11406.2907908747,3108.42215991957,"sampled_pixels",10000,30234,FALSE,"all_pixels",6.80570032340618,6.21411631930899,3.54809160896756,117.81218914726,"squared_euclidean_pc1_pc3",567.863938350709,"sampled_pixels",10000,1,1586.86623175114,22640.3896429885,4561.32431952722,"sampled_pixels",10000,30234,457032261,"bootstrap_mean",2.74771347459471,NA,2.74771347459471,0.0819743548151376,0.0298336619058248,2.73872071728098,2.71491365215472,3.41750332546749,"20m"
"300",23505,FALSE,"all_pixels",6.98621519469071,6.44570522483089,3.62969352962768,123.962634720664,"squared_euclidean_pc1_pc3",502.254085155233,"sampled_pixels",10000,1,694.394145089232,6621.16361100975,2132.02241905664,"sampled_pixels",10000,23505,FALSE,"all_pixels",6.16459746796707,5.69703065002943,3.12016274321768,95.4745266027045,"squared_euclidean_pc1_pc3",523.404954183348,"sampled_pixels",10000,1,1022.58840837009,18385.3149470928,3858.16393774816,"sampled_pixels",10000,23505,276230760,"bootstrap_mean",2.78560950989544,NA,2.78560950989544,0.0819476977618779,0.029418228746984,2.77676506164244,2.74450102163168,3.45337970404791,"20m"
"301",27711,FALSE,"all_pixels",7.01627946571243,6.32512127417622,4.02130285357186,130.796941253399,"squared_euclidean_pc1_pc3",492.188669250235,"sampled_pixels",10000,1,1241.1546854985,9573.8276991625,3184.4235492697,"sampled_pixels",10000,27711,FALSE,"all_pixels",5.98182049573015,5.21913882794467,4.34228089801979,109.273798820336,"squared_euclidean_pc1_pc3",493.82675778462,"sampled_pixels",10000,1,2782.53550716502,34379.0932350876,7101.68763778285,"sampled_pixels",10000,27711,383935905,"bootstrap_mean",2.77957171126768,NA,2.77957171126768,0.0107840782499235,0.00387976255701826,2.7796569977693,2.75714285343952,2.80372566313291,"20m"
"302",26326,FALSE,"all_pixels",7.03962774388327,6.41010667093366,3.98513346509496,130.874088504324,"squared_euclidean_pc1_pc3",546.367203546989,"sampled_pixels",10000,1,970.361944341514,7359.53784047202,2398.28268507181,"sampled_pixels",10000,26326,FALSE,"all_pixels",5.80075752484306,5.11834871409488,3.47541780896964,91.4537160056871,"squared_euclidean_pc1_pc3",547.147411602107,"sampled_pixels",10000,1,1707.20934404699,29834.5194272855,5284.28989283088,"sampled_pixels",10000,26326,346515975,"bootstrap_mean",2.84573939709323,NA,2.84573939709323,0.011562909638072,0.00406323560403418,2.84605061653961,2.81742850478188,2.86885455803481,"20m"
"303",31667,FALSE,"all_pixels",8.890246122856,8.16760011599748,4.73343551954012,202.882360821455,"squared_euclidean_pc1_pc3",720.722829850379,"sampled_pixels",10000,1,1727.31562608247,15962.6975454248,4273.91086037505,"sampled_pixels",10000,31667,FALSE,"all_pixels",7.04552921127269,6.14434293842269,4.46281269609987,139.111100171312,"squared_euclidean_pc1_pc3",649.057599088778,"sampled_pixels",10000,1,3405.57026359067,59075.2837964064,9416.59773965804,"sampled_pixels",10000,31667,501383611,"bootstrap_mean",2.84534000334324,NA,2.84534000334324,0.0117708446366529,0.00413688509029581,2.84414595548993,2.81261833411988,2.87059475905395,"20m"
"304",31554,FALSE,"all_pixels",8.32120188630408,7.48330088313804,4.47838002452049,178.595305742836,"squared_euclidean_pc1_pc3",733.173250465862,"sampled_pixels",10000,1,1296.98936400101,13078.2058573196,3502.01669911233,"sampled_pixels",10000,31554,FALSE,"all_pixels",6.82513562559771,6.06136243853515,4.02504117143154,125.565838607241,"squared_euclidean_pc1_pc3",649.052389452693,"sampled_pixels",10000,1,2050.64918886547,27604.3257957158,5268.00538700575,"sampled_pixels",10000,31554,497811681,"bootstrap_mean",2.78744531516698,NA,2.78744531516698,0.0125095270253811,0.00448781074100884,2.78451795900286,2.76225769281149,2.82215300198401,"20m"
"305",28867,FALSE,"all_pixels",8.92175745817398,7.56259800128272,5.72714994899584,224.793732853371,"squared_euclidean_pc1_pc3",762.307555445848,"sampled_pixels",10000,1,1892.61597595217,15809.2040429134,4413.0708935679,"sampled_pixels",10000,28867,FALSE,"all_pixels",7.13091634384972,6.2982415552444,4.19274047909151,136.856863320444,"squared_euclidean_pc1_pc3",692.948388683864,"sampled_pixels",10000,1,2921.93920014276,52998.0376904551,8306.67089618215,"sampled_pixels",10000,28867,416637411,"bootstrap_mean",2.896619588277,NA,2.896619588277,0.0113202255412209,0.00390808153995621,2.89757127795813,2.86791245624031,2.92226464378047,"20m"
"306",23187,FALSE,"all_pixels",7.88920833587734,7.34789595302324,3.91534441540514,155.137737830315,"squared_euclidean_pc1_pc3",616.536720537992,"sampled_pixels",10000,1,1166.71449421698,9958.95525265931,3068.20759971601,"sampled_pixels",10000,23187,FALSE,"all_pixels",8.14717707456377,7.51513246067877,4.14648304845927,167.138148897013,"squared_euclidean_pc1_pc3",828.264904755026,"sampled_pixels",10000,1,2358.84392893312,38815.7326643816,6323.74369462116,"sampled_pixels",10000,23187,268806891,"bootstrap_mean",3.01402022822319,NA,3.01402022822319,0.082511399478176,0.0273758612186945,3.02348816838009,2.34064464330641,3.04543622794673,"20m"
"307",28862,FALSE,"all_pixels",6.40265618493018,5.80628432318727,3.56421199239849,107.394346398515,"squared_euclidean_pc1_pc3",571.304506599449,"sampled_pixels",10000,1,896.850362097,6254.13020908981,2304.04247355535,"sampled_pixels",10000,28862,FALSE,"all_pixels",7.46548383964389,6.73667453500418,4.04289834095386,144.155819277531,"squared_euclidean_pc1_pc3",760.422091534613,"sampled_pixels",10000,1,1827.35694283911,39738.813590558,6326.16323451522,"sampled_pixels",10000,28862,416493091,"bootstrap_mean",2.9678973693955,NA,2.9678973693955,0.0125015050111398,0.00421224303106079,2.96685472295641,2.9419958160604,2.99408612927399,"20m"
"308",27618,FALSE,"all_pixels",7.82442774290668,7.45364651759653,3.88482322531403,152.625949092148,"squared_euclidean_pc1_pc3",608.089331106161,"sampled_pixels",10000,1,1167.17531065646,7377.36157056652,2677.80825818275,"sampled_pixels",10000,27618,FALSE,"all_pixels",6.64820586284621,6.06648278455697,3.448912259944,112.186412548713,"squared_euclidean_pc1_pc3",619.918891257502,"sampled_pixels",10000,1,1426.3944032054,20823.6715833137,4121.94990195097,"sampled_pixels",10000,27618,381363153,"bootstrap_mean",2.82710493102307,NA,2.82710493102307,0.0110159371935823,0.00389654344722036,2.82714132017761,2.80314837982783,2.85330490016135,"20m"
"309",28196,FALSE,"all_pixels",7.78423386238022,7.0474882675431,4.15996899889211,155.798050288602,"squared_euclidean_pc1_pc3",606.957240184946,"sampled_pixels",10000,1,1293.02490850228,10945.3146783968,3309.75372773694,"sampled_pixels",10000,28196,FALSE,"all_pixels",5.97232213451464,5.36844997001954,3.35420163665844,93.8378025625951,"squared_euclidean_pc1_pc3",539.748852802643,"sampled_pixels",10000,1,1444.44972582293,25105.2257869551,4809.04340396915,"sampled_pixels",10000,28196,397493110,"bootstrap_mean",2.71085581888456,NA,2.71085581888456,0.0834450672470455,0.0307818168217374,2.70143524132253,2.6768040418909,3.39177516324747,"20m"
"310",30655,FALSE,"all_pixels",8.88743103839178,7.77532439007113,5.64315019126501,221.661071439055,"squared_euclidean_pc1_pc3",759.264235922812,"sampled_pixels",10000,1,2078.61561592345,17707.2704010601,5550.16482522632,"sampled_pixels",10000,30655,FALSE,"all_pixels",7.81396317855539,6.81579972732886,5.33140679812201,178.961983567762,"squared_euclidean_pc1_pc3",732.685343615455,"sampled_pixels",10000,1,2829.96831599824,50932.3687869555,10618.0097657801,"sampled_pixels",10000,30655,469849185,"bootstrap_mean",2.74375626324239,NA,2.74375626324239,0.11589443865934,0.0422393345254303,2.72406210157722,2.69105821554642,3.41539057312914,"20m"
"311",26976,FALSE,"all_pixels",7.69797628117143,6.92090230994257,4.63059502100915,161.400908408358,"squared_euclidean_pc1_pc3",598.881501960424,"sampled_pixels",10000,1,1273.46489076738,12616.825005048,4152.43197078796,"sampled_pixels",10000,26976,FALSE,"all_pixels",6.37693037962606,5.61648146750431,3.89956751434559,111.742608312124,"squared_euclidean_pc1_pc3",589.791520151805,"sampled_pixels",10000,1,1895.03163708739,31991.962729524,5711.21255317892,"sampled_pixels",10000,26976,363838800,"bootstrap_mean",2.83845681656502,NA,2.83845681656502,0.0110786475665021,0.00390305306103232,2.83869633299721,2.81542533913528,2.86680609541301,"20m"
"312",28932,FALSE,"all_pixels",9.32443175442947,8.25731117823991,5.22994120683048,228.592734341752,"squared_euclidean_pc1_pc3",791.685358552486,"sampled_pixels",10000,1,1223.74533182019,9668.68793323597,3016.24422821523,"sampled_pixels",10000,28932,FALSE,"all_pixels",7.58526982615814,6.68570863466607,4.47305048503704,155.087614836931,"squared_euclidean_pc1_pc3",737.302742171498,"sampled_pixels",10000,1,2190.24805731559,35405.9383566665,6040.9597920972,"sampled_pixels",10000,28932,418515846,"bootstrap_mean",2.91652613776148,NA,2.91652613776148,0.0138377742318024,0.00474460833820034,2.91424460002263,2.88853762060934,2.9502926497088,"20m"
"313",29470,FALSE,"all_pixels",7.4965148376223,6.91980967789969,3.87645551897847,142.448264392142,"squared_euclidean_pc1_pc3",568.622073991631,"sampled_pixels",10000,1,868.602549793605,6518.75475783852,2240.73569587163,"sampled_pixels",10000,29470,FALSE,"all_pixels",6.2106527131267,5.67053786451671,3.34539188863316,99.5269484950784,"squared_euclidean_pc1_pc3",542.961713736583,"sampled_pixels",10000,1,1537.49327478172,20404.5847516757,4382.30319036319,"sampled_pixels",10000,29470,434225715,"bootstrap_mean",2.7677714614906,NA,2.7677714614906,0.0109944303888724,0.00397230426783551,2.76632514495707,2.74173983925795,2.79510411670124,"20m"
"314",29387,FALSE,"all_pixels",6.58919632065864,5.92571759088233,3.67109424081717,113.78796495056,"squared_euclidean_pc1_pc3",445.241192071846,"sampled_pixels",10000,1,735.628857907196,5021.24832133769,1882.24235480486,"sampled_pixels",10000,29387,FALSE,"all_pixels",4.97609868205514,4.47260549171809,2.83371874365669,65.5824935258429,"squared_euclidean_pc1_pc3",397.101933984326,"sampled_pixels",10000,1,1006.16922096941,13016.4378581198,3103.86199621837,"sampled_pixels",10000,29387,431783191,"bootstrap_mean",2.69981563144888,NA,2.69981563144888,0.176292266339045,0.0652978908209506,2.65304389099777,2.62083750486703,3.34091860212949,"20m"
"315",31290,FALSE,"all_pixels",7.09757275815901,6.49244560751442,3.85800638850117,130.518553330258,"squared_euclidean_pc1_pc3",564.239987360037,"sampled_pixels",10000,1,984.060920252933,7959.02775554368,2589.55914633385,"sampled_pixels",10000,31290,FALSE,"all_pixels",6.40152026524122,5.54323052202453,4.09106692125779,115.431510733308,"squared_euclidean_pc1_pc3",641.84609028598,"sampled_pixels",10000,1,2486.86460993579,51055.5707997765,7549.81596088055,"sampled_pixels",10000,31290,489516405,"bootstrap_mean",2.87552503535802,NA,2.87552503535802,0.0129516592971052,0.00450410242924302,2.87544790047026,2.84699855449421,2.9019618935937,"20m"
"316",32620,FALSE,"all_pixels",8.61434962160007,7.73259889791254,4.71242880068952,192.826647653039,"squared_euclidean_pc1_pc3",710.760847551289,"sampled_pixels",10000,1,1073.15453178486,9640.17886574188,3203.41550412691,"sampled_pixels",10000,32620,FALSE,"all_pixels",6.94035464759544,6.04075253598939,4.28488415664264,133.056384036494,"squared_euclidean_pc1_pc3",681.362233745137,"sampled_pixels",10000,1,2506.14975256053,41747.5255856308,7020.02555682264,"sampled_pixels",10000,32620,532015890,"bootstrap_mean",2.81534001836016,NA,2.81534001836016,0.231330470169895,0.0821678620206725,2.90091615443814,2.20705288180221,2.93654164289336,"20m"
"317",31152,FALSE,"all_pixels",7.75377100087436,7.21388024362732,4.05109270663683,153.063580072811,"squared_euclidean_pc1_pc3",585.416911953359,"sampled_pixels",10000,1,1489.10576277364,13025.5296685192,3798.24595690929,"sampled_pixels",10000,31152,FALSE,"all_pixels",6.85967632908596,6.1223385748641,4.16390179293909,128.785361834357,"squared_euclidean_pc1_pc3",629.136822162922,"sampled_pixels",10000,1,2628.24959190929,47562.1666675577,7949.33561702432,"sampled_pixels",10000,31152,485207976,"bootstrap_mean",2.79553240293147,NA,2.79553240293147,0.0118555655932593,0.00424089721901532,2.79681766491445,2.7577152415176,2.82332117829632,"20m"
"318",31804,FALSE,"all_pixels",8.88158362022147,8.27944764970698,4.50857637738581,198.418298824121,"squared_euclidean_pc1_pc3",678.937204077153,"sampled_pixels",10000,1,1767.88609406907,16440.3048065163,4383.46299445205,"sampled_pixels",10000,31804,FALSE,"all_pixels",7.12110154672481,6.139163187679,5.52295834101538,162.424393959995,"squared_euclidean_pc1_pc3",631.041959024345,"sampled_pixels",10000,1,3436.75730132901,48039.4400278348,8410.64223850198,"sampled_pixels",10000,31804,505731306,"bootstrap_mean",2.79337399043578,NA,2.79337399043578,0.0129574358046279,0.00463863265319747,2.79245796814831,2.7644314776409,2.82775218562165,"20m"
"319",34130,FALSE,"all_pixels",8.67237753703289,8.02545341931487,4.70197925359803,194.636186539376,"squared_euclidean_pc1_pc3",579.275114091358,"sampled_pixels",10000,1,1706.11567937523,12788.5320173029,3987.4036376882,"sampled_pixels",10000,34130,FALSE,"all_pixels",5.78277748643851,4.92215780561851,3.89034054203128,97.1496430929238,"squared_euclidean_pc1_pc3",524.437171167481,"sampled_pixels",10000,1,2142.88598056469,33249.3347375289,6132.58835414576,"sampled_pixels",10000,34130,582411385,"bootstrap_mean",2.73887484923156,NA,2.73887484923156,0.0107881949131578,0.00393891488549929,2.73904983579852,2.71737919973988,2.76852992023066,"20m"
"320",31381,FALSE,"all_pixels",7.9462448126986,7.04716364991875,4.57497698859491,168.145108184438,"squared_euclidean_pc1_pc3",611.166892522499,"sampled_pixels",10000,1,1593.45706869198,12274.6524437602,3651.19165642232,"sampled_pixels",10000,31381,FALSE,"all_pixels",6.63761628611511,5.67573969287424,4.4415142965895,127.568741156304,"squared_euclidean_pc1_pc3",597.318756221947,"sampled_pixels",10000,1,3160.71222352808,59618.0405885353,8808.00084344367,"sampled_pixels",10000,31381,492367890,"bootstrap_mean",2.88466110414884,NA,2.88466110414884,0.0127195319074692,0.00440936784191925,2.88514312331021,2.84617220673474,2.90953064072601,"20m"
"321",28835,FALSE,"all_pixels",8.75697350107834,7.9173214576238,4.69353725789759,197.426225824668,"squared_euclidean_pc1_pc3",645.038667525678,"sampled_pixels",10000,1,1654.47244061711,11455.1193419304,3437.84883012678,"sampled_pixels",10000,28835,FALSE,"all_pixels",7.08341052759035,6.30030148188216,4.18737456646168,135.416404756205,"squared_euclidean_pc1_pc3",674.228993275737,"sampled_pixels",10000,1,2629.68662173607,47382.5000641345,7382.68552057024,"sampled_pixels",10000,28835,415714195,"bootstrap_mean",2.86945595858669,NA,2.86945595858669,0.0110212437960725,0.00384088271614416,2.86930994225372,2.84171373294326,2.90175026755605,"20m"
"322",31157,FALSE,"all_pixels",8.18032126935936,7.28184506390081,4.52173013702708,174.726086551425,"squared_euclidean_pc1_pc3",614.115983868127,"sampled_pixels",10000,1,1294.86353436827,9421.01175059814,3067.78684509297,"sampled_pixels",10000,31157,FALSE,"all_pixels",5.7203696560404,4.99815916972897,3.5432387775371,90.5535341838289,"squared_euclidean_pc1_pc3",507.315940284254,"sampled_pixels",10000,1,2696.34127105539,31667.380455219,5688.75600440439,"sampled_pixels",10000,31157,485363746,"bootstrap_mean",2.72068753092739,NA,2.72068753092739,0.0124754959518595,0.00458542034322,2.71990984547313,2.68819406009881,2.7495570416224,"20m"
"323",31114,FALSE,"all_pixels",7.63424416033051,6.82903131681591,4.30970557725117,153.709298220413,"squared_euclidean_pc1_pc3",612.245414092791,"sampled_pixels",10000,1,1739.71195591237,10839.4325897592,3378.23714757446,"sampled_pixels",10000,31114,FALSE,"all_pixels",6.10007079634063,5.41922872501735,3.78221166383198,103.031058050991,"squared_euclidean_pc1_pc3",557.458696549808,"sampled_pixels",10000,1,3511.77184737851,38843.5587067531,6748.63768106876,"sampled_pixels",10000,31114,484024941,"bootstrap_mean",2.77892997122322,NA,2.77892997122322,0.0124818935607409,0.00449161860500092,2.77955341451255,2.75128861256108,2.80823374274479,"20m"
"324",29835,FALSE,"all_pixels",8.06078655395319,7.38023328013004,4.06270022406031,162.962519503571,"squared_euclidean_pc1_pc3",592.456214642437,"sampled_pixels",10000,1,1255.8292102854,10619.4283690454,3180.01543509955,"sampled_pixels",10000,29835,FALSE,"all_pixels",6.07409327936537,5.49060807085375,3.41897269263504,97.1671832774052,"squared_euclidean_pc1_pc3",489.046822194729,"sampled_pixels",10000,1,2011.113020374,23936.9730102896,5374.41527510361,"sampled_pixels",10000,29835,445048695,"bootstrap_mean",2.7176306488753,NA,2.7176306488753,0.138382321075164,0.0509202091654485,2.68840052831823,2.66081786703759,3.38150562036253,"20m"
"4",27805,FALSE,"all_pixels",9.08372757606148,8.50167581971212,4.72171091783285,209.61571769904,"squared_euclidean_pc1_pc3",821.687358658865,"sampled_pixels",10000,1,1397.05999296941,12846.7044946322,3526.34991426452,"sampled_pixels",10000,27805,FALSE,"all_pixels",7.14153534515725,6.50279229358093,3.78335714215672,130.629607118498,"squared_euclidean_pc1_pc3",628.184877310448,"sampled_pixels",10000,1,1639.87399146785,24635.5545465217,4641.67888143545,"sampled_pixels",10000,27805,386545110,"bootstrap_mean",2.7639344975755,NA,2.7639344975755,0.0817158819554726,0.0295650573583249,2.75559703773519,2.7282682074087,3.43038640770949,"20m"
"400",28126,FALSE,"all_pixels",8.57984514256796,7.96067355708455,4.40124184356524,185.96796743263,"squared_euclidean_pc1_pc3",777.404246879237,"sampled_pixels",10000,1,1373.93461142579,14524.6975640314,3635.07583804183,"sampled_pixels",10000,28126,FALSE,"all_pixels",7.80451742777892,6.92468393019994,4.48043493255729,161.968151475945,"squared_euclidean_pc1_pc3",764.257003938634,"sampled_pixels",10000,1,2611.27871898852,43151.9011465031,6894.1364136403,"sampled_pixels",10000,28126,395521875,"bootstrap_mean",2.87185245101868,NA,2.87185245101868,0.0116372714307505,0.00405218291302626,2.87073850171267,2.84483204315833,2.8956282225276,"20m"
"401",25498,FALSE,"all_pixels",8.68366293948113,7.91535980994816,4.84525442020827,197.763143448341,"squared_euclidean_pc1_pc3",718.153581642986,"sampled_pixels",10000,1,1412.57774828241,11238.6298381632,3405.23919308528,"sampled_pixels",10000,25498,FALSE,"all_pixels",7.23391085247356,6.46290369488021,4.22420013085896,140.345266305432,"squared_euclidean_pc1_pc3",648.826054904167,"sampled_pixels",10000,1,1621.42183492241,21789.6840288964,4441.88349415564,"sampled_pixels",10000,25498,325061253,"bootstrap_mean",2.80354969684062,NA,2.80354969684062,0.0819908893312741,0.0292453846720361,2.79472577309802,2.77048129308756,3.47361816769743,"20m"
"402",28142,FALSE,"all_pixels",9.53259590473398,8.60862867902405,5.41911836762631,240.472370083198,"squared_euclidean_pc1_pc3",698.589061138806,"sampled_pixels",10000,1,1533.63113191366,13126.9049788301,3736.53513924194,"sampled_pixels",10000,28142,FALSE,"all_pixels",7.64760301757642,6.81477485079076,4.29212129939137,153.814965087033,"squared_euclidean_pc1_pc3",716.227191617879,"sampled_pixels",10000,1,1680.34988072911,22955.3649572884,4581.06969739023,"sampled_pixels",10000,28142,395972011,"bootstrap_mean",2.81065175839686,NA,2.81065175839686,0.00932081605244438,0.00331624721013491,2.80984453692084,2.78678357519211,2.82836798252607,"20m"
"403",31493,FALSE,"all_pixels",8.23208471426354,7.33835622857825,4.80559598197481,181.720476373642,"squared_euclidean_pc1_pc3",713.730893110195,"sampled_pixels",10000,1,1360.27497967559,11942.0620696487,3657.03599730213,"sampled_pixels",10000,31493,FALSE,"all_pixels",6.44137002635698,5.65447740453022,3.92551474358413,113.800849028132,"squared_euclidean_pc1_pc3",632.018386450885,"sampled_pixels",10000,1,1844.32727009834,27792.3027895099,5343.55596821857,"sampled_pixels",10000,31493,495888778,"bootstrap_mean",2.79570534855648,NA,2.79570534855648,0.0809168868857796,0.0289432814969431,2.78499293819154,2.76198215038021,3.45463971517919,"20m"
"404",35545,FALSE,"all_pixels",8.97125691959581,7.69813245986327,5.25182845384141,216.128753720475,"squared_euclidean_pc1_pc3",753.735372200977,"sampled_pixels",10000,1,2153.0839552227,18194.7459213259,4440.43861147928,"sampled_pixels",10000,35545,FALSE,"all_pixels",6.05414591365111,5.21760811954936,3.85404633729517,103.011876060359,"squared_euclidean_pc1_pc3",560.060832793976,"sampled_pixels",10000,1,2871.31986523275,27725.8580798215,5754.24033486493,"sampled_pixels",10000,35545,631705740,"bootstrap_mean",2.71964227369279,NA,2.71964227369279,0.0143769996240456,0.00528635687241477,2.71801486535756,2.68845142869315,2.757823603768,"20m"
"405",36367,FALSE,"all_pixels",8.37354907144928,6.83594614207794,5.44711780995416,199.573201215832,"squared_euclidean_pc1_pc3",910.771711961096,"sampled_pixels",10000,1,2714.68934311997,28908.7214051452,6680.85683919356,"sampled_pixels",10000,36367,FALSE,"all_pixels",7.41502034302564,6.21982913634309,4.88053603481475,157.60300739063,"squared_euclidean_pc1_pc3",769.422845041796,"sampled_pixels",10000,1,3601.87649834389,68947.0644728761,9804.11855656433,"sampled_pixels",10000,36367,661261161,"bootstrap_mean",2.84324059212325,NA,2.84324059212325,0.0131495316785422,0.00462483959850985,2.84447923650687,2.81461651956165,2.87674479604905,"20m"
"406",28814,FALSE,"all_pixels",9.400486971173,8.77692169691806,5.07269678538519,228.20102984955,"squared_euclidean_pc1_pc3",864.32760434346,"sampled_pixels",10000,1,2237.5094538116,20727.1952633139,5925.9128969198,"sampled_pixels",10000,28814,FALSE,"all_pixels",8.69252716282352,7.664637069146,5.39784810116821,209.391562796135,"squared_euclidean_pc1_pc3",924.807852073485,"sampled_pixels",10000,1,3907.01645332417,72756.7375326164,11307.2988831092,"sampled_pixels",10000,28814,415108891,"bootstrap_mean",2.96614622644073,NA,2.96614622644073,0.0130065482165907,0.00438499899318791,2.96491766345926,2.9390408997582,2.99755773352079,"20m"
"407",24215,FALSE,"all_pixels",8.12914341116255,7.71322254128406,3.85269831846656,161.851287906903,"squared_euclidean_pc1_pc3",666.650562192016,"sampled_pixels",10000,1,1144.65724483945,11165.4241877356,3174.82065750103,"sampled_pixels",10000,24215,FALSE,"all_pixels",9.98109753388812,9.37375248494826,4.67800478115405,243.010265974675,"squared_euclidean_pc1_pc3",1013.68257132875,"sampled_pixels",10000,1,2461.07110589587,47055.7501945158,7223.81383951187,"sampled_pixels",10000,24215,293171005,"bootstrap_mean",3.08195868583186,NA,3.08195868583186,0.00973198801886037,0.00315772825365879,3.08086742697076,3.06290806895747,3.11258086913883,"20m"
"408",25067,FALSE,"all_pixels",8.31975754984173,7.47380525175544,4.66128939698307,181.890235497593,"squared_euclidean_pc1_pc3",753.315367837303,"sampled_pixels",10000,1,1587.08363855579,15891.2354430769,3853.45690761206,"sampled_pixels",10000,25067,FALSE,"all_pixels",7.60208105236284,6.64405744857384,4.68169081508714,159.417981657927,"squared_euclidean_pc1_pc3",752.467803236059,"sampled_pixels",10000,1,2947.6005036844,54505.6509941438,8130.69945527268,"sampled_pixels",10000,25067,314164711,"bootstrap_mean",2.92311764488631,NA,2.92311764488631,0.0118046347142151,0.00403837140625047,2.9221768166334,2.89699143558574,2.9603356363702,"20m"
"409",26299,FALSE,"all_pixels",8.35116323642291,7.54829450746186,4.75104893203899,184.627070109416,"squared_euclidean_pc1_pc3",682.3526256851,"sampled_pixels",10000,1,1266.74852476548,11450.3779513559,3294.46171704079,"sampled_pixels",10000,26299,FALSE,"all_pixels",6.73558929745126,6.02700513651426,3.79474465472671,119.535405251745,"squared_euclidean_pc1_pc3",657.716506355926,"sampled_pixels",10000,1,1571.35681140508,31557.8955866214,5486.55942203736,"sampled_pixels",10000,26299,345805551,"bootstrap_mean",2.84825408200973,NA,2.84825408200973,0.0111894065186601,0.00392851416920109,2.84559381695486,2.82391231269215,2.87867044707268,"20m"
"410",31402,FALSE,"all_pixels",7.99023023656212,6.95342839230395,4.71401335521053,172.129986973858,"squared_euclidean_pc1_pc3",671.416313006813,"sampled_pixels",10000,1,1073.48998480984,10649.4934753273,3016.54184300526,"sampled_pixels",10000,31402,FALSE,"all_pixels",6.37486020013653,5.6450228475513,3.7255418739515,109.036125653086,"squared_euclidean_pc1_pc3",575.315988671051,"sampled_pixels",10000,1,1794.61057685876,25229.4771463396,4750.81362700541,"sampled_pixels",10000,31402,493027101,"bootstrap_mean",2.74544624808588,NA,2.74544624808588,0.114205067427626,0.0415979979601674,2.72522573484728,2.69613499785539,3.41211437576016,"20m"
"411",28256,FALSE,"all_pixels",7.10224688388438,5.93651447814376,4.78390950610089,146.653782035531,"squared_euclidean_pc1_pc3",530.95106070752,"sampled_pixels",10000,1,1480.95657972896,12516.292597686,3577.36146153788,"sampled_pixels",10000,28256,FALSE,"all_pixels",5.48006640174136,4.75069383244221,3.60583510156417,86.0654287909092,"squared_euclidean_pc1_pc3",443.525494141012,"sampled_pixels",10000,1,2171.40684866596,36028.4224146573,6389.65130909646,"sampled_pixels",10000,28256,399186640,"bootstrap_mean",2.74331098659969,NA,2.74331098659969,0.0110256857934038,0.00401911626033696,2.74333948521545,2.71271666934024,2.76642349349628,"20m"
"412",27508,FALSE,"all_pixels",6.84498093707023,6.15109429938363,3.7891015390306,122.421065140967,"squared_euclidean_pc1_pc3",529.084230556589,"sampled_pixels",10000,1,1094.18236008737,8393.53035782289,2774.75799252394,"sampled_pixels",10000,27508,FALSE,"all_pixels",6.532821838538,5.73022934573548,4.51818974402937,126.182115248687,"squared_euclidean_pc1_pc3",566.142635154618,"sampled_pixels",10000,1,4308.17516047504,103634.419363914,14082.3202663039,"sampled_pixels",10000,27508,378331278,"bootstrap_mean",2.66716344811974,NA,2.66716344811974,0.31916587991355,0.119664912226714,2.88190847142328,2.18253754532827,2.91318321617005,"20m"
"413",28511,FALSE,"all_pixels",7.00551330627314,6.33612556555436,3.90911109231239,128.715660485183,"squared_euclidean_pc1_pc3",494.922763164652,"sampled_pixels",10000,1,820.871874948354,4526.04316079296,1930.56433637294,"sampled_pixels",10000,28511,FALSE,"all_pixels",5.68104532725069,5.05909651033286,3.19306624600241,84.9391809135616,"squared_euclidean_pc1_pc3",489.229622567912,"sampled_pixels",10000,1,1118.22442477458,14209.0080734781,3243.79038622168,"sampled_pixels",10000,28511,406424305,"bootstrap_mean",2.74536597220988,NA,2.74536597220988,0.0123230953638447,0.00448868948205299,2.74536980102073,2.70894178933803,2.77077949922489,"20m"
"414",30668,FALSE,"all_pixels",7.6611690909074,6.95289286582515,4.197186712984,152.618627442092,"squared_euclidean_pc1_pc3",588.378340255279,"sampled_pixels",10000,1,979.698371036651,8040.14280842781,2542.27695042304,"sampled_pixels",10000,30668,FALSE,"all_pixels",5.88654152718572,5.22562891692748,3.38636432172516,92.2369210959427,"squared_euclidean_pc1_pc3",536.101065221145,"sampled_pixels",10000,1,1745.22303807304,27411.9523468645,5108.75601912432,"sampled_pixels",10000,30668,470247778,"bootstrap_mean",2.72329158382869,NA,2.72329158382869,0.0127432490003616,0.00467935533456383,2.72344598610929,2.69262593590912,2.75333823217676,"20m"
"415",31228,FALSE,"all_pixels",7.67621066372517,6.76049449834897,4.45812907739589,157.596977158555,"squared_euclidean_pc1_pc3",583.565731357594,"sampled_pixels",10000,1,1136.74213112932,7463.49678145035,2482.31712707449,"sampled_pixels",10000,31228,FALSE,"all_pixels",5.66946081405543,5.04491398885071,3.41805251531498,87.6509895950465,"squared_euclidean_pc1_pc3",508.439878759011,"sampled_pixels",10000,1,2190.08207551797,29124.9300839273,5476.24497505653,"sampled_pixels",10000,31228,487578378,"bootstrap_mean",2.70981753823622,NA,2.70981753823622,0.0111933540128743,0.00413066704858657,2.70924681608775,2.68161634154446,2.73325613740406,"20m"
"416",31411,FALSE,"all_pixels",7.3358621859438,6.65738264666995,4.07246455281765,140.798627092809,"squared_euclidean_pc1_pc3",565.135537361738,"sampled_pixels",10000,1,1175.70542911398,7819.83442506107,2733.13348299854,"sampled_pixels",10000,31411,FALSE,"all_pixels",6.53873097245582,5.92919841840773,3.62411436506552,111.777579041857,"squared_euclidean_pc1_pc3",571.553846930546,"sampled_pixels",10000,1,1827.65257600979,29197.7985996751,5147.37222547864,"sampled_pixels",10000,31411,493309755,"bootstrap_mean",2.83187246461769,NA,2.83187246461769,0.0115846525226828,0.00409081011501229,2.83147744466944,2.80818912833474,2.85808392918647,"20m"
"417",31809,FALSE,"all_pixels",8.31346984337223,7.49653411866588,4.59929062438724,180.53318013771,"squared_euclidean_pc1_pc3",777.881677158469,"sampled_pixels",10000,1,1683.87805012057,12791.82483368,3656.23607485196,"sampled_pixels",10000,31809,FALSE,"all_pixels",7.22984422002981,6.02378484400989,5.54322103892004,165.993961876679,"squared_euclidean_pc1_pc3",700.30736546638,"sampled_pixels",10000,1,2811.03087345256,53862.5622407175,8178.09985427942,"sampled_pixels",10000,31809,505890336,"bootstrap_mean",2.82927057429633,NA,2.82927057429633,0.0153810328475482,0.00543639515685899,2.83087247096089,2.79335479687814,2.87141824683506,"20m"
"418",28311,FALSE,"all_pixels",7.80558134299479,7.13208385543809,4.38956821210175,160.389457192732,"squared_euclidean_pc1_pc3",608.576697289025,"sampled_pixels",10000,1,1665.73595074551,11140.3858500385,3670.2972179537,"sampled_pixels",10000,28311,FALSE,"all_pixels",6.29904191152092,5.28966210550932,4.67427730625888,123.052051188116,"squared_euclidean_pc1_pc3",576.719309939286,"sampled_pixels",10000,1,3480.84886239233,69427.3895149837,9814.10890482523,"sampled_pixels",10000,28311,400742205,"bootstrap_mean",2.82948792812385,NA,2.82948792812385,0.011905509886948,0.00420765530349594,2.82788391705677,2.80852082713066,2.86540918882261,"20m"
"419",25439,FALSE,"all_pixels",9.03782269898797,8.12960474654425,5.76313817119835,229.78939018991,"squared_euclidean_pc1_pc3",752.96964937555,"sampled_pixels",10000,1,3883.48703971866,39673.1018396039,9500.16567124193,"sampled_pixels",10000,25439,FALSE,"all_pixels",8.47191134097396,6.5742067630886,8.11676485653584,275.305127415204,"squared_euclidean_pc1_pc3",748.53015380244,"sampled_pixels",10000,1,8057.49213856863,209796.568473664,20425.6142852063,"sampled_pixels",10000,25439,323558641,"bootstrap_mean",2.55129853051345,NA,2.55129853051345,0.299430327508665,0.117363892906881,2.38373298135357,2.34871621742727,3.08095582436318,"20m"
"420",32200,FALSE,"all_pixels",8.35937112311096,7.31954861049856,4.5797546732361,181.705174139445,"squared_euclidean_pc1_pc3",668.750450056217,"sampled_pixels",10000,1,1714.82950669507,13333.4068188853,3967.39677861081,"sampled_pixels",10000,32200,FALSE,"all_pixels",6.04205527377289,5.28422478528988,4.01060766132499,105.181812422115,"squared_euclidean_pc1_pc3",536.46668084654,"sampled_pixels",10000,1,3991.47929955237,100762.172224949,13489.3066595291,"sampled_pixels",10000,32200,518403900,"bootstrap_mean",2.58681782854407,NA,2.58681782854407,0.25550814303862,0.0987731490865852,2.69712202274021,2.0096824873863,2.73003358998823,"20m"
"421",35266,FALSE,"all_pixels",8.04090751626123,7.05849132149267,4.83771669886124,176.118065831139,"squared_euclidean_pc1_pc3",613.085704195239,"sampled_pixels",10000,1,1906.36221094728,15313.4828591179,4465.06384510572,"sampled_pixels",10000,35266,FALSE,"all_pixels",6.02743040756504,5.18579215561846,4.0590750431385,105.61108065823,"squared_euclidean_pc1_pc3",555.82797214977,"sampled_pixels",10000,1,2532.94372226603,26390.2470972164,5691.68019387728,"sampled_pixels",10000,35266,621827745,"bootstrap_mean",2.72552125235141,NA,2.72552125235141,0.0115787607699634,0.0042482738888842,2.72604595944066,2.69953747777668,2.75463423140361,"20m"
"422",33078,FALSE,"all_pixels",7.71617894815578,6.75215731584598,4.87867226960367,166.680282238154,"squared_euclidean_pc1_pc3",664.965875778489,"sampled_pixels",10000,1,2294.06391201315,16093.16120578,4999.32828428474,"sampled_pixels",10000,33078,FALSE,"all_pixels",6.47609104857146,5.24807099950209,6.07838240746136,157.77074200569,"squared_euclidean_pc1_pc3",553.480245333196,"sampled_pixels",10000,1,3619.52862811873,63350.1303463515,10193.9675996283,"sampled_pixels",10000,33078,547060503,"bootstrap_mean",2.77459484167646,NA,2.77459484167646,0.116153868820882,0.0418633622019927,2.79380597631212,2.0994774988275,2.83758178685963,"20m"
"423",30682,FALSE,"all_pixels",8.17688904200516,7.31947324530991,4.57117736815936,175.512991793313,"squared_euclidean_pc1_pc3",738.294823069329,"sampled_pixels",10000,1,1553.34074506414,14184.9032432996,4053.98575814234,"sampled_pixels",10000,30682,FALSE,"all_pixels",6.8842073785125,5.9701023498335,4.55869774758131,136.346718115763,"squared_euclidean_pc1_pc3",623.751088460168,"sampled_pixels",10000,1,3324.27035275179,69574.7913801161,9512.59471242367,"sampled_pixels",10000,30682,470677221,"bootstrap_mean",2.84053604568827,NA,2.84053604568827,0.013951048143668,0.00491141387374567,2.84152707981306,2.79743593770152,2.86686029379977,"20m"
"424",26756,FALSE,"all_pixels",7.49910066047274,6.87005074748701,4.0862171498496,145.866114516618,"squared_euclidean_pc1_pc3",517.610694927556,"sampled_pixels",10000,1,1642.51289714429,11974.7563401177,3720.14776033985,"sampled_pixels",10000,26756,FALSE,"all_pixels",5.71632026185338,4.95975726553341,4.06750108726432,98.4405281625047,"squared_euclidean_pc1_pc3",472.689502669019,"sampled_pixels",10000,1,4307.69001175824,72302.9425500154,11712.8067693111,"sampled_pixels",10000,26756,357928390,"bootstrap_mean",2.81393948240517,NA,2.81393948240517,0.0114106509114062,0.0040550448873382,2.81460114752814,2.79247833394827,2.83771506547539,"20m"
"5",28447,FALSE,"all_pixels",9.85818850550336,9.38389421630283,4.61650018130169,236.990410697416,"squared_euclidean_pc1_pc3",967.110922727247,"sampled_pixels",10000,1,1807.46987782593,14608.9595787454,4295.48261560554,"sampled_pixels",10000,28447,FALSE,"all_pixels",9.34736186177753,8.09846698145172,5.82824806446298,242.68091035799,"squared_euclidean_pc1_pc3",1000.36968598491,"sampled_pixels",10000,1,3849.91488180574,73571.8680977015,10400.7576887754,"sampled_pixels",10000,28447,404601681,"bootstrap_mean",2.95904324127179,NA,2.95904324127179,0.0116355771185428,0.00393220922095814,2.95893901343073,2.93110154371381,2.99212733923972,"20m"
"500",25108,FALSE,"all_pixels",7.10750954760965,6.46486312488512,3.88834771404621,131.270675492282,"squared_euclidean_pc1_pc3",553.360546489007,"sampled_pixels",10000,1,1281.97683798266,12421.9473717203,3461.5907120643,"sampled_pixels",10000,25108,FALSE,"all_pixels",6.1841436105571,5.4317906269776,3.80369594674129,105.422317632941,"squared_euclidean_pc1_pc3",551.154255497969,"sampled_pixels",10000,1,2405.40543478462,41162.2456771464,7304.29643095296,"sampled_pixels",10000,25108,315193278,"bootstrap_mean",2.78416430444028,NA,2.78416430444028,0.0127910651073425,0.00459422063810777,2.78553296441396,2.75860793823416,2.8145653182894,"20m"
"501",28680,FALSE,"all_pixels",10.0137820128487,8.98483416469349,5.3133094312388,257.012205918976,"squared_euclidean_pc1_pc3",893.106489441699,"sampled_pixels",10000,1,2028.03731593141,21977.0641607301,4826.7355939171,"sampled_pixels",10000,28680,FALSE,"all_pixels",8.89578229180495,7.89146468412624,5.21684125597346,212.698852678046,"squared_euclidean_pc1_pc3",805.303698673223,"sampled_pixels",10000,1,3272.45631914782,64438.8401360811,9169.56941881866,"sampled_pixels",10000,28680,411256860,"bootstrap_mean",2.87689296737705,NA,2.87689296737705,0.0120673670945359,0.00419458326443688,2.87724047745844,2.84625674663333,2.90597283242242,"20m"
"502",31361,FALSE,"all_pixels",8.92237586051397,8.08046368715599,4.84109551969666,206.088499045895,"squared_euclidean_pc1_pc3",641.001636942275,"sampled_pixels",10000,1,1088.90568117878,8971.9560665484,2847.41297549922,"sampled_pixels",10000,31361,FALSE,"all_pixels",6.84464404637154,6.21460820269334,3.6279378961587,120.021331617577,"squared_euclidean_pc1_pc3",543.733406272472,"sampled_pixels",10000,1,1191.25238436782,13593.354131005,3305.1239100561,"sampled_pixels",10000,31361,491740480,"bootstrap_mean",2.82623064498178,NA,2.82623064498178,0.249621936175598,0.0883232713574966,2.72036066085541,2.70272256643529,3.41843193625581,"20m"
"503",28894,FALSE,"all_pixels",7.43387107213887,6.72277437540257,4.13219003231754,144.67368525484,"squared_euclidean_pc1_pc3",517.73600381962,"sampled_pixels",10000,1,915.3961722309,7843.01459831155,2652.963668529,"sampled_pixels",10000,28894,FALSE,"all_pixels",5.76738719768013,5.30611312236893,3.13992417110054,86.2430753424658,"squared_euclidean_pc1_pc3",461.385046330457,"sampled_pixels",10000,1,1447.31690038953,22247.607823536,4736.47430059514,"sampled_pixels",10000,28894,417417171,"bootstrap_mean",2.78260654736159,NA,2.78260654736159,0.230149911711379,0.0827101883770103,2.69628465859218,2.67075612418538,3.3939645816168,"20m"
"504",30296,FALSE,"all_pixels",8.35606266077767,7.48166387095156,4.58890290892908,181.762236044352,"squared_euclidean_pc1_pc3",599.997203714614,"sampled_pixels",10000,1,1021.06101343161,8658.09605348627,2683.5582108256,"sampled_pixels",10000,30296,FALSE,"all_pixels",5.98144906889992,5.4214491033854,3.20546847069599,92.1048438517163,"squared_euclidean_pc1_pc3",537.624537913497,"sampled_pixels",10000,1,1166.28777416952,13825.6189459629,3176.1335656809,"sampled_pixels",10000,30296,458908660,"bootstrap_mean",2.77618154854974,NA,2.77618154854974,0.159633525511518,0.0575011117680362,2.73793800873081,2.7084456532547,3.43362943332415,"20m"
"505",34062,FALSE,"all_pixels",10.2989029939054,9.07372845491717,5.81436913320476,279.746597569323,"squared_euclidean_pc1_pc3",1020.4931699555,"sampled_pixels",10000,1,2042.32204572399,21972.3880597114,5273.38800790118,"sampled_pixels",10000,34062,FALSE,"all_pixels",9.35593893322513,7.91774417289515,5.78932251060605,242.097728952301,"squared_euclidean_pc1_pc3",941.731679635799,"sampled_pixels",10000,1,3232.11760395977,46244.8212269502,7802.12118673317,"sampled_pixels",10000,34062,580092891,"bootstrap_mean",2.85254271642064,NA,2.85254271642064,0.0116226047477292,0.00407447176192095,2.85279177916619,2.82865189417549,2.88142480746939,"20m"
"506",36851,FALSE,"all_pixels",10.4113535616827,9.39176225081963,5.8137228477276,284.389478292852,"squared_euclidean_pc1_pc3",1127.55881067619,"sampled_pixels",10000,1,2918.72485836715,24994.6414364623,6439.78503676835,"sampled_pixels",10000,36851,FALSE,"all_pixels",10.9816663158917,9.76210272472368,6.52794205075696,326.419732208715,"squared_euclidean_pc1_pc3",1112.30211289473,"sampled_pixels",10000,1,3588.41167758144,62373.1568752606,9698.36942142674,"sampled_pixels",10000,36851,678979675,"bootstrap_mean",2.90035037185669,NA,2.90035037185669,0.00988280142096173,0.00340745087795553,2.89961834184518,2.87165575213069,2.92264077837158,"20m"
"507",26546,FALSE,"all_pixels",10.5683779353437,10.2630508856946,4.47157145761837,263.369620531715,"squared_euclidean_pc1_pc3",903.850390944894,"sampled_pixels",10000,1,1732.78210708998,14781.6091651674,4145.17122054497,"sampled_pixels",10000,26546,FALSE,"all_pixels",10.1064030550838,9.17096136599474,5.25436598283774,259.4934091475,"squared_euclidean_pc1_pc3",1024.35000925161,"sampled_pixels",10000,1,2151.13341013,42303.2196404305,6946.92062752666,"sampled_pixels",10000,26546,352331785,"bootstrap_mean",2.98688555510711,NA,2.98688555510711,0.0124955917688702,0.00418348528536846,2.98735014953693,2.95765045000922,3.0089450566761,"20m"
"508",28915,FALSE,"all_pixels",9.83325960237364,9.62825458327239,3.89976633450188,223.801291819727,"squared_euclidean_pc1_pc3",819.709625546526,"sampled_pixels",10000,1,1225.84054329289,9088.83752543095,2884.11912344069,"sampled_pixels",10000,28915,FALSE,"all_pixels",10.9270110441811,10.0209587470304,5.15623411373181,291.970802231502,"squared_euclidean_pc1_pc3",987.155684840965,"sampled_pixels",10000,1,2154.68307287332,30540.0305664726,5725.40047333787,"sampled_pixels",10000,28915,418024155,"bootstrap_mean",2.99583333724673,NA,2.99583333724673,0.00919758865878648,0.0030701269474621,2.99519100688253,2.97407303164666,3.02019638256851,"20m"
"509",28879,FALSE,"all_pixels",8.66156474537381,7.92316227970652,4.62430797620331,192.812375240924,"squared_euclidean_pc1_pc3",726.129236815505,"sampled_pixels",10000,1,1391.67150592765,11885.1097868283,3928.44302285127,"sampled_pixels",10000,28879,FALSE,"all_pixels",6.59655376895725,5.90555313853068,3.73718896119825,114.961238668627,"squared_euclidean_pc1_pc3",595.677185437408,"sampled_pixels",10000,1,1633.72845025158,28674.4319016798,5692.61827993003,"sampled_pixels",10000,28879,416983881,"bootstrap_mean",2.71990511803179,NA,2.71990511803179,0.0807867042798227,0.0297020303187202,2.71116573495648,2.68298771578457,3.37912384746548,"20m"
"510",34392,FALSE,"all_pixels",8.53645646124258,7.42503742005834,5.38804035724213,203.802447371696,"squared_euclidean_pc1_pc3",798.287808948131,"sampled_pixels",10000,1,2127.59205366315,21976.3877532028,5587.25497709938,"sampled_pixels",10000,34392,FALSE,"all_pixels",7.22714094739015,5.84232850530463,5.57950771102687,166.723134784277,"squared_euclidean_pc1_pc3",727.597192265935,"sampled_pixels",10000,1,3343.31938562543,58261.4251816863,8846.65901770061,"sampled_pixels",10000,34392,591387636,"bootstrap_mean",2.80033108225732,NA,2.80033108225732,0.0128113453392343,0.00457493952068955,2.80014886637337,2.77558897113207,2.82989346830853,"20m"
"511",32244,FALSE,"all_pixels",8.07879343932226,7.18667007348685,4.60259036792316,172.900169089418,"squared_euclidean_pc1_pc3",775.129903917396,"sampled_pixels",10000,1,2052.25233313906,21019.381787459,5325.77366072932,"sampled_pixels",10000,32244,FALSE,"all_pixels",7.25881728823673,6.38965214238202,4.68178478769611,149.217714867093,"squared_euclidean_pc1_pc3",698.591509426749,"sampled_pixels",10000,1,4309.52696333386,104952.782322603,14740.4792037144,"sampled_pixels",10000,32244,519821646,"bootstrap_mean",2.78242872992748,NA,2.78242872992748,0.230161899926272,0.0827197827030314,2.86623120015327,2.16902680458027,2.90454014114373,"20m"
"512",29211,FALSE,"all_pixels",7.87204396093424,7.30601493662183,4.0452243347961,156.664711694527,"squared_euclidean_pc1_pc3",595.450987161669,"sampled_pixels",10000,1,869.158981816628,6543.94870189217,2296.72353945229,"sampled_pixels",10000,29211,FALSE,"all_pixels",6.70211547614522,6.14622123581869,3.58456287530892,115.53400598194,"squared_euclidean_pc1_pc3",564.53915225008,"sampled_pixels",10000,1,1488.66606039417,32181.6872025632,5728.39166216568,"sampled_pixels",10000,29211,426626655,"bootstrap_mean",2.81411923931905,NA,2.81411923931905,0.0130058025654412,0.00462162455084466,2.81472589576157,2.78610414228514,2.84999259590516,"20m"
"513",31024,FALSE,"all_pixels",7.83383653535645,7.24727553934455,4.09870501205771,156.335672284404,"squared_euclidean_pc1_pc3",636.251566434625,"sampled_pixels",10000,1,1216.36840827431,10017.3446176518,3057.70589345188,"sampled_pixels",10000,31024,FALSE,"all_pixels",6.37245925511364,5.62194827546395,3.80369354258786,110.151710345298,"squared_euclidean_pc1_pc3",618.58240796524,"sampled_pixels",10000,1,1485.27159752514,27656.6073607011,5275.24662423741,"sampled_pixels",10000,31024,481228776,"bootstrap_mean",2.78557862609146,NA,2.78557862609146,0.0113708253492455,0.00408203352895492,2.7832297576269,2.76522509463122,2.81624033645161,"20m"
"514",33333,FALSE,"all_pixels",8.1737969447652,7.24546361886113,4.79843513774907,179.670491018274,"squared_euclidean_pc1_pc3",834.68388311561,"sampled_pixels",10000,1,1808.8091553234,16760.3641927345,4492.44045123615,"sampled_pixels",10000,33333,FALSE,"all_pixels",6.93662590502572,6.12427917219169,4.42440454846695,135.383094576456,"squared_euclidean_pc1_pc3",716.244912163637,"sampled_pixels",10000,1,3024.86774920873,52731.9980582905,8378.32710963335,"sampled_pixels",10000,33333,555527778,"bootstrap_mean",2.76894075172406,NA,2.76894075172406,0.0151020386955652,0.00545408517179792,2.76900424074273,2.7354349212463,2.80015315054965,"20m"
"515",35815,FALSE,"all_pixels",7.71993866457568,6.62523119858123,4.89666875633081,167.148296831496,"squared_euclidean_pc1_pc3",775.26403297775,"sampled_pixels",10000,1,2180.68510268749,18228.3381531184,5146.96916778363,"sampled_pixels",10000,35815,FALSE,"all_pixels",7.00547772069419,5.72301359882189,5.96666896401966,169.353725185241,"squared_euclidean_pc1_pc3",717.428203506881,"sampled_pixels",10000,1,5354.52476748695,86676.6801368081,12322.0199732111,"sampled_pixels",10000,35815,641339205,"bootstrap_mean",2.82572478383696,NA,2.82572478383696,0.0817085636499809,0.0289159666636152,2.8356797366149,2.16659935476468,2.88177896982474,"20m"
"516",32448,FALSE,"all_pixels",7.23606342410926,6.56072464966688,3.93851721508307,135.74410735314,"squared_euclidean_pc1_pc3",591.288210954918,"sampled_pixels",10000,1,1241.1512820165,10726.1958407863,3209.84225043385,"sampled_pixels",10000,32448,FALSE,"all_pixels",5.99543323444148,5.21927335325464,3.72720788116698,99.673740248986,"squared_euclidean_pc1_pc3",566.558416538163,"sampled_pixels",10000,1,2102.87176333766,35539.8741020498,6432.92575943789,"sampled_pixels",10000,32448,526420128,"bootstrap_mean",2.76293777264089,NA,2.76293777264089,0.0118929615244236,0.00430446231623089,2.76280639100618,2.73087884674069,2.79896123216094,"20m"
"517",30394,FALSE,"all_pixels",7.12892236767996,6.4876385670579,3.87974500475419,131.74692036628,"squared_euclidean_pc1_pc3",521.278205474992,"sampled_pixels",10000,1,1403.05950096171,9138.04634294525,3011.1099516776,"sampled_pixels",10000,30394,FALSE,"all_pixels",5.58999484836669,4.91262240748439,3.58705678479474,88.2291908855049,"squared_euclidean_pc1_pc3",485.715541117778,"sampled_pixels",10000,1,2200.6127611362,27621.6149331014,5575.86042437775,"sampled_pixels",10000,30394,461882421,"bootstrap_mean",2.7165876742785,NA,2.7165876742785,0.0831430259738873,0.0306056847570617,2.70695821855129,2.67821501590471,3.39289894645866,"20m"
"518",29630,FALSE,"all_pixels",7.06722165893664,6.4408588426677,3.99505325009757,131.811067578376,"squared_euclidean_pc1_pc3",529.860697275941,"sampled_pixels",10000,1,1200.28820053764,7862.05602783726,2856.63806165159,"sampled_pixels",10000,29630,FALSE,"all_pixels",5.41858600681953,4.69525076693035,3.59702202791023,84.5984102227563,"squared_euclidean_pc1_pc3",457.026529437289,"sampled_pixels",10000,1,2378.3630783648,32023.8474982071,5847.9322397182,"sampled_pixels",10000,29630,438953635,"bootstrap_mean",2.69142750661481,NA,2.69142750661481,0.0124654307870764,0.0046315313180235,2.68977406845993,2.66804908253675,2.72337601371405,"20m"
"519",27711,FALSE,"all_pixels",9.59684211193859,8.31069319986934,5.70847703474327,249.369825258254,"squared_euclidean_pc1_pc3",947.587860659176,"sampled_pixels",10000,1,2200.81921856408,18878.0389601625,4842.54615696983,"sampled_pixels",10000,27711,FALSE,"all_pixels",8.95733673159569,7.22712119183432,7.55352279115751,274.57505784913,"squared_euclidean_pc1_pc3",861.332614204961,"sampled_pixels",10000,1,5674.58096141452,141469.289295065,16809.7653210729,"sampled_pixels",10000,27711,383935905,"bootstrap_mean",2.93993564402578,NA,2.93993564402578,0.228540719617185,0.0777366402838108,3.02445796772581,2.32547488808761,3.06586482580575,"20m"
"520",31862,FALSE,"all_pixels",9.14212215731224,8.30165190829617,4.79131303783868,213.068715324683,"squared_euclidean_pc1_pc3",735.266930971812,"sampled_pixels",10000,1,1548.74250935185,15446.3392171095,4079.55573014094,"sampled_pixels",10000,31862,FALSE,"all_pixels",7.12861143509441,6.1982382594117,4.59196530245611,143.805169070965,"squared_euclidean_pc1_pc3",685.562139423626,"sampled_pixels",10000,1,2484.35722220659,54550.6566788578,8403.44876554264,"sampled_pixels",10000,31862,507577591,"bootstrap_mean",2.84833554371337,NA,2.84833554371337,0.0137970883805045,0.00484391258289648,2.84924518779254,2.80753460332997,2.87702008310394,"20m"
"521",33707,FALSE,"all_pixels",7.40177237153441,6.29702463696925,4.83861237497549,156.395418752827,"squared_euclidean_pc1_pc3",583.653414871237,"sampled_pixels",10000,1,2086.14965876136,16343.4239314689,5159.99637830577,"sampled_pixels",10000,33707,FALSE,"all_pixels",5.97804130618612,4.91470253932941,5.18520779010991,125.245120070685,"squared_euclidean_pc1_pc3",523.637831437645,"sampled_pixels",10000,1,3247.7805566384,40968.3743164575,8582.21633217761,"sampled_pixels",10000,33707,568064071,"bootstrap_mean",2.697365491895,NA,2.697365491895,0.0154131945202235,0.00571416612488623,2.69840937718107,2.66553084463397,2.73368846842461,"20m"
"522",35898,FALSE,"all_pixels",7.3615716862115,6.34512444909533,4.72538089602054,153.042680570163,"squared_euclidean_pc1_pc3",655.40288920154,"sampled_pixels",10000,1,2107.31186843937,14533.8222673162,4788.03736451399,"sampled_pixels",10000,35898,FALSE,"all_pixels",5.55691252516951,4.65583229355515,4.48941529758166,102.067130157682,"squared_euclidean_pc1_pc3",506.609527154242,"sampled_pixels",10000,1,2949.29930768826,33044.3635864214,7367.50432621552,"sampled_pixels",10000,35898,644315253,"bootstrap_mean",2.65447359694469,NA,2.65447359694469,0.0135847251462108,0.00511767197904958,2.655863131829,2.61978382736476,2.68141505405653,"20m"
"523",32411,FALSE,"all_pixels",7.59307724163285,6.57560357257258,4.54461960646536,156.615504250872,"squared_euclidean_pc1_pc3",609.673655822442,"sampled_pixels",10000,1,1618.63751714435,12236.2271941394,4065.15116654137,"sampled_pixels",10000,32411,FALSE,"all_pixels",5.87924691793393,5.05920726338465,4.22513500283634,104.833518641601,"squared_euclidean_pc1_pc3",538.737716615986,"sampled_pixels",10000,1,3141.54064383627,47538.7501997098,8327.53905282525,"sampled_pixels",10000,32411,525220255,"bootstrap_mean",2.75401333380913,NA,2.75401333380913,0.0125805323705273,0.00456807242582479,2.75425607919253,2.73169576445609,2.78340001764128,"20m"
"524",27238,FALSE,"all_pixels",7.88904256018035,7.4328684133417,4.05642173437653,157.381891400935,"squared_euclidean_pc1_pc3",491.77995230735,"sampled_pixels",10000,1,1276.71702329434,7491.5269121252,2824.1375869293,"sampled_pixels",10000,27238,FALSE,"all_pixels",5.85453746105845,5.0087158906679,4.18683580072167,103.60911866776,"squared_euclidean_pc1_pc3",517.52875697381,"sampled_pixels",10000,1,3115.28813107504,68386.9086240929,10852.4156190242,"sampled_pixels",10000,27238,370940703,"bootstrap_mean",2.90022479013955,NA,2.90022479013955,0.0131785384915506,0.00454397139709868,2.90176995492035,2.86894949197918,2.92668680895029,"20m"
"6",27997,FALSE,"all_pixels",8.47382067649422,7.72819806447797,4.55430088268985,185.093105069252,"squared_euclidean_pc1_pc3",797.551391873918,"sampled_pixels",10000,1,1782.558471506,15364.0628062085,4236.15138638734,"sampled_pixels",10000,27997,FALSE,"all_pixels",7.97195597258075,6.96779602721413,4.93614979791932,175.833573127837,"squared_euclidean_pc1_pc3",813.777888949684,"sampled_pixels",10000,1,2781.36390675344,44755.0023276154,7230.45691213598,"sampled_pixels",10000,27997,391902006,"bootstrap_mean",2.89849246710073,NA,2.89849246710073,0.010983292793498,0.00378931217457475,2.8991076012231,2.87216276252996,2.92130551795302,"20m"
"600",25802,FALSE,"all_pixels",6.98370893721658,6.32448314937255,3.70362181882553,124.976946956741,"squared_euclidean_pc1_pc3",520.179834869876,"sampled_pixels",10000,1,831.079876107556,8991.74899307332,2660.19607563343,"sampled_pixels",10000,25802,FALSE,"all_pixels",6.43052778151715,5.82597218861123,3.44208116698589,106.398302245533,"squared_euclidean_pc1_pc3",539.829609955782,"sampled_pixels",10000,1,1307.71095540067,21011.0910830444,4601.88633169738,"sampled_pixels",10000,25802,332858701,"bootstrap_mean",2.77833366263295,NA,2.77833366263295,0.0124455646039818,0.00447950682503248,2.77914254446793,2.75027559070563,2.80585709478698,"20m"
"601",27483,FALSE,"all_pixels",7.98286242077198,7.38438666786081,4.16575771364029,162.157996659337,"squared_euclidean_pc1_pc3",567.302862750009,"sampled_pixels",10000,1,1342.4941283752,9162.70818841298,2852.35862061764,"sampled_pixels",10000,27483,FALSE,"all_pixels",6.60462972670328,5.93362314597524,3.80965594733415,116.268168349207,"squared_euclidean_pc1_pc3",592.059252842416,"sampled_pixels",10000,1,3535.04250868108,27656.5841223588,5277.44789697844,"sampled_pixels",10000,27483,377643903,"bootstrap_mean",2.78357812305928,NA,2.78357812305928,0.0138371868348026,0.00497100717963499,2.78244604477867,2.75800808020078,2.8129827270801,"20m"
"602",29865,FALSE,"all_pixels",7.67795276340412,7.115877977789,4.14500569321874,152.262911085327,"squared_euclidean_pc1_pc3",605.530147542941,"sampled_pixels",10000,1,1025.15252684086,8566.19975841847,2600.07735174361,"sampled_pixels",10000,29865,FALSE,"all_pixels",6.37626646663144,5.66035080385965,3.68579953919262,108.482874824694,"squared_euclidean_pc1_pc3",586.156908995595,"sampled_pixels",10000,1,2232.09913561959,32300.9439980385,5653.97252798849,"sampled_pixels",10000,29865,445944180,"bootstrap_mean",2.79616784988348,NA,2.79616784988348,0.0147304092499499,0.00526807045956262,2.79583585755095,2.74837993213718,2.82999095360345,"20m"
"603",29781,FALSE,"all_pixels",6.25183330348968,5.65390009232813,3.50560573415176,102.74855712635,"squared_euclidean_pc1_pc3",490.402839260903,"sampled_pixels",10000,1,878.670597478153,6706.94622409364,2208.260027689,"sampled_pixels",10000,29781,FALSE,"all_pixels",6.08357994965832,5.52456473472813,3.29532408644005,95.7374824094035,"squared_euclidean_pc1_pc3",534.109078399855,"sampled_pixels",10000,1,1637.15928695563,21482.6124389303,4199.819996583,"sampled_pixels",10000,29781,443439090,"bootstrap_mean",2.79909952731946,NA,2.79909952731946,0.00986174252221902,0.00352318394754011,2.79974765199986,2.7746925791984,2.82314995216538,"20m"
"604",24896,FALSE,"all_pixels",8.69607382584368,7.5960796599816,4.94672064116002,200.181524391146,"squared_euclidean_pc1_pc3",612.268590925539,"sampled_pixels",10000,1,1025.76861513958,8861.40645656606,2753.14387517711,"sampled_pixels",10000,24896,FALSE,"all_pixels",6.51536589806785,6.00353500315995,3.26575073151709,106.229384477811,"squared_euclidean_pc1_pc3",559.160033597347,"sampled_pixels",10000,1,1406.48405260107,18582.0937211719,3980.47005623691,"sampled_pixels",10000,24896,309892960,"bootstrap_mean",2.7670218452422,NA,2.7670218452422,0.010826444192741,0.00391267029978702,2.76778898102677,2.73326997031622,2.79510539879257,"20m"
"605",33825,FALSE,"all_pixels",10.2563759895191,9.49791362737232,5.05891647907396,261.570255523361,"squared_euclidean_pc1_pc3",984.636067960647,"sampled_pixels",10000,1,1530.28596559788,16158.127375199,4303.50619963038,"sampled_pixels",10000,33825,FALSE,"all_pixels",9.2044531749164,8.39804677253412,4.86705693401068,216.819002261038,"squared_euclidean_pc1_pc3",891.457398603084,"sampled_pixels",10000,1,2058.94961819493,28003.4285121399,5524.36916006433,"sampled_pixels",10000,33825,572048400,"bootstrap_mean",2.83717179135753,NA,2.83717179135753,0.0110037267838175,0.00387841399570396,2.83625988334832,2.80955533950584,2.86468823912912,"20m"
"606",32408,FALSE,"all_pixels",11.8294913128915,10.2080072329337,7.13035676812837,381.554567105562,"squared_euclidean_pc1_pc3",1126.69366813189,"sampled_pixels",10000,1,2845.04174988578,34378.2806042522,7115.60904693104,"sampled_pixels",10000,32408,FALSE,"all_pixels",9.87321492782366,8.67922654769031,5.92585035363659,265.189983748525,"squared_euclidean_pc1_pc3",952.127588565399,"sampled_pixels",10000,1,4218.41689247377,66022.1138665576,11634.9453063089,"sampled_pixels",10000,32408,525123028,"bootstrap_mean",2.85149231499868,NA,2.85149231499868,0.0117737150286229,0.00412896607390238,2.85390594230292,2.82200567082764,2.87251587853091,"20m"
"607",27518,FALSE,"all_pixels",10.9484842843118,9.634564253174,7.41328089404426,349.648089236706,"squared_euclidean_pc1_pc3",1040.0665165995,"sampled_pixels",10000,1,2735.66137048534,32287.7469952015,7467.60907673967,"sampled_pixels",10000,27518,FALSE,"all_pixels",9.6884761019384,8.55935018276374,5.9327803852309,258.12634638282,"squared_euclidean_pc1_pc3",1015.85482424698,"sampled_pixels",10000,1,3443.84830418335,60062.6776480356,9860.84363291564,"sampled_pixels",10000,27518,378606403,"bootstrap_mean",2.95461582997072,NA,2.95461582997072,0.0132865647326506,0.00449688402731609,2.95702702009838,2.91799074638358,2.98264806741718,"20m"
"608",26995,FALSE,"all_pixels",8.07983014815777,7.50034448178222,4.18574235750873,165.606890562362,"squared_euclidean_pc1_pc3",652.631697438471,"sampled_pixels",10000,1,1176.71086319455,11240.4235964248,3286.05231872003,"sampled_pixels",10000,26995,FALSE,"all_pixels",6.78021531906659,6.24170898908791,3.58801270544112,117.689356100576,"squared_euclidean_pc1_pc3",603.560978069218,"sampled_pixels",10000,1,1216.65595924038,20820.0798297105,4625.71797541,"sampled_pixels",10000,26995,364351515,"bootstrap_mean",2.78442093791673,NA,2.78442093791673,0.0809774689928001,0.0290823373327262,2.77595053992578,2.74350668417935,3.44529338839723,"20m"
"609",27041,FALSE,"all_pixels",8.86243089675869,8.15515474098145,4.76893715992764,202.569203975605,"squared_euclidean_pc1_pc3",688.016088765492,"sampled_pixels",10000,1,1249.65132288923,9370.17189629351,2931.14020249029,"sampled_pixels",10000,27041,FALSE,"all_pixels",6.31364687011575,5.61778793706312,3.52344004564324,104.552614903641,"squared_euclidean_pc1_pc3",570.58646402263,"sampled_pixels",10000,1,1619.74393517425,16671.9618421624,3637.84544575768,"sampled_pixels",10000,27041,365594320,"bootstrap_mean",2.78642194504347,NA,2.78642194504347,0.0125075034461501,0.00448873275219447,2.78929416123887,2.75783904867695,2.81302168491537,"20m"
"610",31962,FALSE,"all_pixels",9.54553239104598,8.9203392198897,5.40072629645534,240.568241157807,"squared_euclidean_pc1_pc3",840.142420088567,"sampled_pixels",10000,1,2531.09619291666,20828.5246955381,5956.36539772018,"sampled_pixels",10000,31962,FALSE,"all_pixels",7.58121684865805,6.32541630619763,5.93860563084092,185.481564679674,"squared_euclidean_pc1_pc3",724.630768221496,"sampled_pixels",10000,1,3217.52887680753,44115.8455037928,8301.67843678041,"sampled_pixels",10000,31962,510768741,"bootstrap_mean",2.80814471410826,NA,2.80814471410826,0.010081922271124,0.00359024313115771,2.80854046640325,2.78485506186386,2.83368231791296,"20m"
"611",31396,FALSE,"all_pixels",7.14412774483435,6.58451929372479,3.81011665618995,131.110175569795,"squared_euclidean_pc1_pc3",531.996533152556,"sampled_pixels",10000,1,1477.195041585,9206.56012105107,3070.86748809227,"sampled_pixels",10000,31396,FALSE,"all_pixels",6.22661221808916,5.50492461809488,3.73987386737346,105.513821533296,"squared_euclidean_pc1_pc3",560.414053549685,"sampled_pixels",10000,1,2594.28950405566,33032.6675388009,5816.18477211984,"sampled_pixels",10000,31396,492838710,"bootstrap_mean",2.76332663669438,NA,2.76332663669438,0.0143235794019313,0.00518345504716222,2.76452909662829,2.71196302384623,2.80111267060725,"20m"
"612",28524,FALSE,"all_pixels",8.22469444732278,7.53311306105634,4.486615792634,175.549228621618,"squared_euclidean_pc1_pc3",773.760024090573,"sampled_pixels",10000,1,1333.0097789575,11446.2754487327,3487.63818019184,"sampled_pixels",10000,28524,FALSE,"all_pixels",7.5374959805234,6.60017813764857,4.66999144519146,157.24380235333,"squared_euclidean_pc1_pc3",734.273975320971,"sampled_pixels",10000,1,2753.77314667101,63191.4422421904,8805.26108980632,"sampled_pixels",10000,28524,406795026,"bootstrap_mean",2.92574517849429,NA,2.92574517849429,0.0144800313583583,0.00494917720955121,2.92438639886863,2.8901455903764,2.95112302590237,"20m"
"613",27388,FALSE,"all_pixels",8.20920998838054,7.20753821486928,5.37762463926513,192.617838998718,"squared_euclidean_pc1_pc3",614.825660605135,"sampled_pixels",10000,1,2503.83239399424,20926.8475993869,6044.15112978207,"sampled_pixels",10000,27388,FALSE,"all_pixels",7.70861699193358,6.03096924180785,9.33574563190007,293.151480313824,"squared_euclidean_pc1_pc3",609.118801598946,"sampled_pixels",10000,1,5522.16154416184,104182.669774485,16079.5018777727,"sampled_pixels",10000,27388,375037578,"bootstrap_mean",2.90074640741103,NA,2.90074640741103,0.0146180301770531,0.00503940301010316,2.89846879066509,2.87254091183784,2.94335393664849,"20m"
"614",30209,FALSE,"all_pixels",8.3642379383558,7.52162753260465,4.49922394369518,180.405644572205,"squared_euclidean_pc1_pc3",559.43077375098,"sampled_pixels",10000,1,873.063545111528,6595.12094719493,2369.65652770625,"sampled_pixels",10000,30209,FALSE,"all_pixels",5.76925965159582,5.20067719601945,3.19372705050501,86.967823512995,"squared_euclidean_pc1_pc3",508.753257053611,"sampled_pixels",10000,1,1403.32396226886,22254.4174800543,4338.1731913832,"sampled_pixels",10000,30209,456276736,"bootstrap_mean",2.81339182141879,NA,2.81339182141879,0.0116038402261534,0.00412450201134857,2.81336496550329,2.78005839497644,2.8469154229236,"20m"
"615",32547,FALSE,"all_pixels",6.71077482605976,5.99935757432038,3.60368760551998,116.041328229379,"squared_euclidean_pc1_pc3",535.90615986664,"sampled_pixels",10000,1,1157.82745937916,8956.58261276373,2748.48052568606,"sampled_pixels",10000,32547,FALSE,"all_pixels",5.97025594569828,5.29348282106162,3.44485176549203,95.0211902641364,"squared_euclidean_pc1_pc3",549.189319713134,"sampled_pixels",10000,1,1640.14053633026,30374.6002110203,5543.41414711336,"sampled_pixels",10000,32547,529637331,"bootstrap_mean",2.78277537636819,NA,2.78277537636819,0.0128211530651667,0.00460732589990775,2.78199738577365,2.75183301406857,2.81158750051536,"20m"
"616",34660,FALSE,"all_pixels",7.88490846260367,6.80323434340584,4.88234712334639,172.016814298836,"squared_euclidean_pc1_pc3",736.995199217412,"sampled_pixels",10000,1,2403.90570077729,18613.7161617372,5178.36747735941,"sampled_pixels",10000,34660,FALSE,"all_pixels",6.91736830277202,5.76212421172173,5.47148500869016,155.57253739766,"squared_euclidean_pc1_pc3",667.578030616494,"sampled_pixels",10000,1,4385.93196353906,85999.4843106586,12630.1566243819,"sampled_pixels",10000,34660,600640470,"bootstrap_mean",2.81998536123842,NA,2.81998536123842,0.0133488203219433,0.00473364880024805,2.82227899363286,2.79071930673195,2.843780316697,"20m"
"617",29704,FALSE,"all_pixels",7.86746516954827,7.11857989151796,4.5271673858953,164.783125502645,"squared_euclidean_pc1_pc3",611.140234391492,"sampled_pixels",10000,1,1110.65236713344,8012.37799691568,2790.75844938812,"sampled_pixels",10000,29704,FALSE,"all_pixels",5.77767392955946,5.19980578729828,3.19735645634002,87.2085203596698,"squared_euclidean_pc1_pc3",461.470181082737,"sampled_pixels",10000,1,1272.37161561122,17302.1411112206,3578.67538009497,"sampled_pixels",10000,29704,441148956,"bootstrap_mean",2.7781902209169,NA,2.7781902209169,0.0796711356631157,0.028677350839145,2.76852103058818,2.74346048115238,3.42908298973742,"20m"
"618",30915,FALSE,"all_pixels",7.29741882604466,6.50429108738904,4.2001997473331,141.78685757827,"squared_euclidean_pc1_pc3",515.516705218219,"sampled_pixels",10000,1,883.071013168314,6140.99032389491,2253.69511018031,"sampled_pixels",10000,30915,FALSE,"all_pixels",5.3982145078529,4.86479146355298,2.89357940799673,75.0265016603786,"squared_euclidean_pc1_pc3",414.886939392955,"sampled_pixels",10000,1,1259.43959229638,16730.2235486388,3612.80480287403,"sampled_pixels",10000,30915,477853155,"bootstrap_mean",2.76492135119815,NA,2.76492135119815,0.207512514261197,0.0750518687163647,2.6990065139189,2.66527558113955,3.40401826577009,"20m"
"619",28239,FALSE,"all_pixels",7.42304967997314,6.5086238131144,4.40384918784196,148.98973488778,"squared_euclidean_pc1_pc3",551.781536021562,"sampled_pixels",10000,1,1381.08481366321,11941.4020279686,4288.45122948521,"sampled_pixels",10000,28239,FALSE,"all_pixels",5.71778838268098,5.02957010801515,3.5921190376912,91.1919324749664,"squared_euclidean_pc1_pc3",467.041375045922,"sampled_pixels",10000,1,1688.20495520008,28721.911609003,5432.25106080619,"sampled_pixels",10000,28239,398706441,"bootstrap_mean",2.75855817472983,NA,2.75855817472983,0.0805369835575351,0.0291953181539928,2.75060356117562,2.71877979952679,3.41497749305268,"20m"
"620",26531,FALSE,"all_pixels",8.78981779941102,7.91141792035338,5.26192425796186,209.895400479557,"squared_euclidean_pc1_pc3",755.266341709514,"sampled_pixels",10000,1,2428.23019371837,16818.5503434512,5489.60435532207,"sampled_pixels",10000,26531,FALSE,"all_pixels",7.39518924502918,5.98388470183757,7.20360141349928,213.157482796988,"squared_euclidean_pc1_pc3",679.076600585423,"sampled_pixels",10000,1,5469.85823243478,89433.1291023003,13388.9166220773,"sampled_pixels",10000,26531,351933715,"bootstrap_mean",2.87126630975769,NA,2.87126630975769,0.0865168226962034,0.0301319394868338,2.87909428411229,2.16813736368747,2.91244099336463,"20m"
"621",32179,FALSE,"all_pixels",7.65374151527288,6.92058622971923,4.17153858069931,151.961905067333,"squared_euclidean_pc1_pc3",575.954155038078,"sampled_pixels",10000,1,1343.96281786533,8765.06132775963,2927.6133042318,"sampled_pixels",10000,32179,FALSE,"all_pixels",5.60256257676357,4.77956772722603,3.6044604705627,88.7608779292522,"squared_euclidean_pc1_pc3",530.331161896895,"sampled_pixels",10000,1,2665.63205854401,37469.3912325145,6964.73010207602,"sampled_pixels",10000,32179,517727931,"bootstrap_mean",2.72427602455289,NA,2.72427602455289,0.0139642463470679,0.0051258559049132,2.72369344688694,2.6958209565662,2.76420425276942,"20m"
"622",33221,FALSE,"all_pixels",7.1548675207864,6.20727239576148,4.61947616135978,145.062093787701,"squared_euclidean_pc1_pc3",598.098683803315,"sampled_pixels",10000,1,1769.19592530502,14172.6729243032,4259.55607185878,"sampled_pixels",10000,33221,FALSE,"all_pixels",5.74945936604823,4.77381781932943,4.81851316492106,112.547306449999,"squared_euclidean_pc1_pc3",523.3782206154,"sampled_pixels",10000,1,2934.29022030615,44752.0508939074,7810.19258144601,"sampled_pixels",10000,33221,551800810,"bootstrap_mean",2.71547365476208,NA,2.71547365476208,0.0151592948406829,0.00558256008637692,2.71547480436326,2.68019992283801,2.75746588533655,"20m"
"623",35399,FALSE,"all_pixels",7.31013890791469,6.4326389957276,4.01720175151091,139.151169758622,"squared_euclidean_pc1_pc3",592.602813444725,"sampled_pixels",10000,1,1502.20630870935,12391.8308591948,3771.63260155404,"sampled_pixels",10000,35399,FALSE,"all_pixels",5.68356925700957,5.00960243935257,3.35299131220771,87.0903852876279,"squared_euclidean_pc1_pc3",502.603319262635,"sampled_pixels",10000,1,1647.32821910635,22669.2510569878,5161.23249558145,"sampled_pixels",10000,35399,626526901,"bootstrap_mean",2.71685509141432,NA,2.71685509141432,0.231016733886621,0.0850309369155054,2.63200917053116,2.59755151481302,3.33039219248809,"20m"
"624",34103,FALSE,"all_pixels",8.85497584939598,7.93331315544973,5.0970061723951,208.778614840986,"squared_euclidean_pc1_pc3",641.081220243194,"sampled_pixels",10000,1,1571.14344627537,13681.3878867392,4627.879906648,"sampled_pixels",10000,34103,FALSE,"all_pixels",5.71385351407759,4.85665818138483,3.82243989668246,94.517480610669,"squared_euclidean_pc1_pc3",568.023521237591,"sampled_pixels",10000,1,2057.59720750096,29284.4173811915,6321.50383955435,"sampled_pixels",10000,34103,581490253,"bootstrap_mean",2.72134297765891,NA,2.72134297765891,0.0128101163777204,0.0047072774298889,2.72169234802972,2.69674286827799,2.7491014306666,"20m"
"7",32500,FALSE,"all_pixels",8.94209297130512,8.28999232087774,4.20149421476068,195.226074377271,"squared_euclidean_pc1_pc3",697.277039247949,"sampled_pixels",10000,1,1146.48343010933,12244.3224547148,3195.18435263278,"sampled_pixels",10000,32500,FALSE,"all_pixels",6.89449030714346,6.25657509490643,3.6980264191596,122.417950421155,"squared_euclidean_pc1_pc3",627.53906038047,"sampled_pixels",10000,1,1410.45924333316,21950.6310906668,4394.90295247746,"sampled_pixels",10000,32500,528108750,"bootstrap_mean",2.7658520867422,NA,2.7658520867422,0.0127547821657488,0.00461151998217382,2.76413779200621,2.73047532716866,2.79321381104614,"20m"
"700",23364,FALSE,"all_pixels",8.18033835916859,7.3465875331089,4.64684319337526,177.020326256377,"squared_euclidean_pc1_pc3",667.027080353019,"sampled_pixels",10000,1,1312.92679853517,12413.7978873963,3456.02229958558,"sampled_pixels",10000,23364,FALSE,"all_pixels",7.28871007181621,6.25126001413205,5.43366018363969,165.297387640811,"squared_euclidean_pc1_pc3",650.768056629943,"sampled_pixels",10000,1,2970.31018416962,48720.2087365625,8143.06156451627,"sampled_pixels",10000,23364,272926566,"bootstrap_mean",2.91165346001397,NA,2.91165346001397,0.0132941449217095,0.00456584037361565,2.91370250152211,2.881991795982,2.94117247114631,"20m"
"701",27291,FALSE,"all_pixels",6.66881224566566,6.03696091122309,3.73301507749157,116.815895428225,"squared_euclidean_pc1_pc3",409.123468631258,"sampled_pixels",10000,1,637.348034505564,4432.59364433505,1726.89701446468,"sampled_pixels",10000,27291,FALSE,"all_pixels",5.38037720721378,4.82963222930209,2.97858472961678,75.6402015915284,"squared_euclidean_pc1_pc3",422.532784414671,"sampled_pixels",10000,1,847.710182511391,9382.38601576634,2445.69230270603,"sampled_pixels",10000,27291,372385695,"bootstrap_mean",2.80084430295331,NA,2.80084430295331,0.240749434240142,0.0859560218989278,2.70557015364423,2.68010101523198,3.40645197397273,"20m"
"702",28731,FALSE,"all_pixels",6.96776707787782,6.23369815796686,3.93741876826128,128.105010015109,"squared_euclidean_pc1_pc3",531.731544332328,"sampled_pixels",10000,1,1100.86469426721,8369.94372394767,2547.31666258716,"sampled_pixels",10000,28731,FALSE,"all_pixels",5.53375048817324,4.9479502421119,3.24408148478457,82.2921856975636,"squared_euclidean_pc1_pc3",434.585835977922,"sampled_pixels",10000,1,2451.86921541275,26277.9858014725,5222.68140477007,"sampled_pixels",10000,28731,412720815,"bootstrap_mean",2.70201663217424,NA,2.70201663217424,0.139784978490905,0.0517335744075062,2.6729958721757,2.64105387605254,3.37209317097415,"20m"
"703",26785,FALSE,"all_pixels",7.90086907284348,7.14951576484341,4.34179130808352,162.548360148128,"squared_euclidean_pc1_pc3",658.63329566386,"sampled_pixels",10000,1,1459.21165885762,15469.2930624084,3878.49581068355,"sampled_pixels",10000,26785,FALSE,"all_pixels",7.13417278312693,6.39958150713678,4.57807521298169,143.708822947029,"squared_euclidean_pc1_pc3",631.960251792531,"sampled_pixels",10000,1,4520.41120804309,92014.0761442497,12221.2497181194,"sampled_pixels",10000,26785,358704720,"bootstrap_mean",2.82519930844724,NA,2.82519930844724,0.0813425297667656,0.0287917845383703,2.83264849410989,2.16404807390664,2.86919095159915,"20m"
"704",23027,FALSE,"all_pixels",8.66313489326316,8.03740927267423,4.62344981730254,192.850532155827,"squared_euclidean_pc1_pc3",762.964896517844,"sampled_pixels",10000,1,1211.82523576594,9063.38212675102,2905.58208304104,"sampled_pixels",10000,23027,FALSE,"all_pixels",8.57473892079838,7.7488596464757,4.54335252257328,188.334606552056,"squared_euclidean_pc1_pc3",849.944877633528,"sampled_pixels",10000,1,1785.9725511641,28941.2860177503,5199.4668229957,"sampled_pixels",10000,23027,265109851,"bootstrap_mean",2.88762093270616,NA,2.88762093270616,0.0133484675350721,0.00462265229618019,2.88789602734697,2.85321284770822,2.91923358216191,"20m"
"705",26874,FALSE,"all_pixels",8.90360018480194,8.1411870086904,4.989751165887,208.341572981712,"squared_euclidean_pc1_pc3",789.275258842967,"sampled_pixels",10000,1,1338.79448212102,12283.2477622791,3605.11949305218,"sampled_pixels",10000,26874,FALSE,"all_pixels",7.18747012566052,6.31539886229253,4.24652380246925,139.384040386416,"squared_euclidean_pc1_pc3",692.536444021226,"sampled_pixels",10000,1,1402.53500304304,18586.3122212393,4017.02748665703,"sampled_pixels",10000,26874,361092501,"bootstrap_mean",2.79074255363196,NA,2.79074255363196,0.117652635350841,0.0421581830247024,2.77156124991325,2.73892398088911,3.47113284608496,"20m"
"706",30024,FALSE,"all_pixels",9.99785482414723,9.4766334680469,4.73089668061978,244.675478075339,"squared_euclidean_pc1_pc3",824.320710822116,"sampled_pixels",10000,1,1341.40526787011,14269.6988772301,3689.80153916418,"sampled_pixels",10000,30024,FALSE,"all_pixels",8.53631984932742,7.71411184301632,4.47115915289703,185.718709795516,"squared_euclidean_pc1_pc3",859.583985474674,"sampled_pixels",10000,1,1773.57761579817,27644.7652800561,5086.10289561195,"sampled_pixels",10000,30024,450705276,"bootstrap_mean",2.88852424447648,NA,2.88852424447648,0.0100683084178995,0.00348562364922239,2.89002930026786,2.86455553826846,2.91396980120446,"20m"
"707",26572,FALSE,"all_pixels",8.5650031826372,7.97583523924834,4.18385096127677,181.726459246653,"squared_euclidean_pc1_pc3",742.620119422178,"sampled_pixels",10000,1,1241.8708512857,11402.2957317646,3189.70992780537,"sampled_pixels",10000,26572,FALSE,"all_pixels",8.81330089485968,7.87138291965016,4.95082441629178,204.368025279677,"squared_euclidean_pc1_pc3",939.898447979125,"sampled_pixels",10000,1,2198.67895820744,38435.1747271563,6164.005344691,"sampled_pixels",10000,26572,353022306,"bootstrap_mean",2.95555147422505,NA,2.95555147422505,0.010814910027456,0.00365918513745112,2.95459345331203,2.92771449043908,2.98206776431679,"20m"
"708",26837,FALSE,"all_pixels",8.20548469579581,7.68064411570306,4.22085607750063,170.289882548503,"squared_euclidean_pc1_pc3",689.477786130959,"sampled_pixels",10000,1,1174.43019549311,9681.27340171329,2893.83768317323,"sampled_pixels",10000,26837,FALSE,"all_pixels",7.42518402730779,6.71092232227971,4.12465813841312,144.29105733444,"squared_euclidean_pc1_pc3",703.714547729246,"sampled_pixels",10000,1,1974.88755488872,35337.2844263685,6100.72508430444,"sampled_pixels",10000,26837,360098866,"bootstrap_mean",2.91898044642654,NA,2.91898044642654,0.0109043953583632,0.00373568633243588,2.91960854581221,2.89502844845206,2.94859077095457,"20m"
"709",26582,FALSE,"all_pixels",7.44356753034962,6.85565112093279,3.91645659735571,141.489505654126,"squared_euclidean_pc1_pc3",530.403160643312,"sampled_pixels",10000,1,1097.47699536699,9031.90198770186,2630.04875827711,"sampled_pixels",10000,26582,FALSE,"all_pixels",6.29234119348449,5.71303910122193,3.60858745791324,105.229942519786,"squared_euclidean_pc1_pc3",526.933391849092,"sampled_pixels",10000,1,2280.27878738151,42283.7405578313,6982.63846059857,"sampled_pixels",10000,26582,353288071,"bootstrap_mean",2.80058626032264,NA,2.80058626032264,0.0118632928936878,0.00423600339034768,2.80093472974496,2.77652967352785,2.82807717246225,"20m"
"710",26998,FALSE,"all_pixels",6.85337306860442,6.30357235313871,3.69397435598014,121.227327071527,"squared_euclidean_pc1_pc3",490.369593372941,"sampled_pixels",10000,1,986.484810055476,7592.08118871346,2474.75114470836,"sampled_pixels",10000,26998,FALSE,"all_pixels",5.5507189118218,5.01015035667385,2.97956977691456,79.3759753209162,"squared_euclidean_pc1_pc3",445.630722444136,"sampled_pixels",10000,1,1127.10387114946,11093.2063581436,2909.45420614505,"sampled_pixels",10000,26998,364432503,"bootstrap_mean",2.80976928188275,NA,2.80976928188275,0.264265328739735,0.0940523232436572,2.69384814595968,2.66183764446605,3.39916199960942,"20m"
"711",30154,FALSE,"all_pixels",7.6191327709078,6.67599780632302,4.41799004580248,155.138345854256,"squared_euclidean_pc1_pc3",584.061913122702,"sampled_pixels",10000,1,1313.59337798235,8523.64073213873,2729.32207283898,"sampled_pixels",10000,30154,FALSE,"all_pixels",5.77306464793208,5.23825064048564,3.12085213908674,86.1353410080777,"squared_euclidean_pc1_pc3",479.085296588052,"sampled_pixels",10000,1,1654.78751518851,16734.8137132418,3666.3692776552,"sampled_pixels",10000,30154,454616781,"bootstrap_mean",2.71774732523456,NA,2.71774732523456,0.139271982437842,0.0512453755890726,2.68854577045058,2.66566912218739,3.38621264719201,"20m"
"712",24373,FALSE,"all_pixels",14.0484042339864,11.9269358080248,10.0412077268226,596.35875470005,"squared_euclidean_pc1_pc3",1530.48028668188,"sampled_pixels",10000,1,4421.88846203075,51282.2292323123,11534.223892265,"sampled_pixels",10000,24373,FALSE,"all_pixels",16.288882421495,11.6808369685178,16.1361838907244,1051.38687622007,"squared_euclidean_pc1_pc3",1235.40039906959,"sampled_pixels",10000,1,7400.91949880509,189833.135992046,20682.4832765035,"sampled_pixels",10000,24373,297009378,"bootstrap_mean",3.17956256138643,NA,3.17956256138643,0.287569857308832,0.0904432140449654,3.32760487791852,2.63774082217017,3.3828907844571,"20m"
"713",28554,FALSE,"all_pixels",11.465304926935,9.61099617636152,9.52238575092154,444.251743731557,"squared_euclidean_pc1_pc3",1010.09152663651,"sampled_pixels",10000,1,5520.92719013306,59132.2217158715,13186.0300694253,"sampled_pixels",10000,28554,FALSE,"all_pixels",10.5610347985797,8.29630287689129,11.0415397540018,466.893573011044,"squared_euclidean_pc1_pc3",840.591243119332,"sampled_pixels",10000,1,7779.20623999621,116575.315924322,16762.6306171588,"sampled_pixels",10000,28554,407651181,"bootstrap_mean",2.77965212177144,NA,2.77965212177144,0.308623198161175,0.11102943269192,2.96537236630366,2.27322790505587,3.01286168696329,"20m"
"714",24555,FALSE,"all_pixels",7.07355805754685,6.52605338820376,3.56127879536704,125.43482749963,"squared_euclidean_pc1_pc3",518.485093275509,"sampled_pixels",10000,1,853.842648962609,5861.28992472998,2201.22891960384,"sampled_pixels",10000,24555,FALSE,"all_pixels",9.96981868154937,8.68736755107519,6.12925904147569,273.927141989586,"squared_euclidean_pc1_pc3",987.398729914595,"sampled_pixels",10000,1,2594.56362941058,33196.3702633244,6693.87611908075,"sampled_pixels",10000,24555,301461735,"bootstrap_mean",3.04370954669158,NA,3.04370954669158,0.0116907589572792,0.00384095748228892,3.04320676676451,3.01527241013917,3.06663908204947,"20m"
"715",27082,FALSE,"all_pixels",7.1695578726268,6.56512953434109,3.70889342488073,130.315885182523,"squared_euclidean_pc1_pc3",600.030012740692,"sampled_pixels",10000,1,1264.10786412798,7923.24946840814,2818.42201760254,"sampled_pixels",10000,27082,FALSE,"all_pixels",8.01078826779244,7.09405081223645,4.71790817074922,172.861128560875,"squared_euclidean_pc1_pc3",778.377425249631,"sampled_pixels",10000,1,2431.76108255292,31326.3973396111,6098.65369306654,"sampled_pixels",10000,27082,366703821,"bootstrap_mean",2.90447835504279,NA,2.90447835504279,0.0106015853045331,0.00365008239297996,2.90324758598031,2.87452906343283,2.92887733914167,"20m"
"716",31846,FALSE,"all_pixels",8.63469900379705,7.79617298448375,4.79938814226867,195.182860258,"squared_euclidean_pc1_pc3",726.540467705381,"sampled_pixels",10000,1,2157.77183974673,25288.4474564135,6249.05406244576,"sampled_pixels",10000,31846,FALSE,"all_pixels",7.39924952319239,6.37028982681652,4.947810687462,158.457910759957,"squared_euclidean_pc1_pc3",699.872540853093,"sampled_pixels",10000,1,3516.41468176784,70904.6542923095,10602.6270021122,"sampled_pixels",10000,31846,507067935,"bootstrap_mean",2.84652775708065,NA,2.84652775708065,0.0127264488597999,0.0044708676485389,2.84552375954473,2.81783925702696,2.87735276376148,"20m"
"717",28459,FALSE,"all_pixels",9.72112701497897,8.77379462104587,5.28708018157572,244.905090120219,"squared_euclidean_pc1_pc3",710.061025577828,"sampled_pixels",10000,1,1582.22569646129,13699.5829671377,3951.62070722886,"sampled_pixels",10000,28459,FALSE,"all_pixels",6.87912383651447,6.14992499485701,4.0346232106421,127.199914445456,"squared_euclidean_pc1_pc3",632.942068830172,"sampled_pixels",10000,1,2328.99781223729,44939.0133159645,7802.36057654737,"sampled_pixels",10000,28459,404943111,"bootstrap_mean",2.90494122148097,NA,2.90494122148097,0.0115978720835881,0.00399246359885913,2.90606396053893,2.88409584365019,2.93173096571489,"20m"
"718",27938,FALSE,"all_pixels",7.28314081504982,6.54283283845932,3.98136754894899,137.789720635856,"squared_euclidean_pc1_pc3",530.958097464086,"sampled_pixels",10000,1,1100.20009906931,8084.26592513155,2609.5942952111,"sampled_pixels",10000,27938,FALSE,"all_pixels",5.98130392393534,5.48243760669207,3.1597532587277,91.5193598446752,"squared_euclidean_pc1_pc3",488.537365541319,"sampled_pixels",10000,1,1664.28862679454,23112.4604360472,4667.5629088342,"sampled_pixels",10000,27938,390251953,"bootstrap_mean",2.73137974725138,NA,2.73137974725138,0.0108554498771832,0.00397434662393875,2.72976896947768,2.70298711320333,2.75317291403695,"20m"
"719",29838,FALSE,"all_pixels",6.41561992078233,5.65563957687474,3.6589086459043,109.094685540819,"squared_euclidean_pc1_pc3",425.931933889141,"sampled_pixels",10000,1,1080.18772298316,6383.47599654949,2475.06614058656,"sampled_pixels",10000,29838,FALSE,"all_pixels",5.08381551796583,4.59936719111637,2.73137480353359,66.6106770152934,"squared_euclidean_pc1_pc3",410.754776824986,"sampled_pixels",10000,1,1095.20645120086,11121.4880557026,2940.66802536993,"sampled_pixels",10000,29838,445138203,"bootstrap_mean",2.87738457417572,NA,2.87738457417572,0.328466269035259,0.114154455397869,2.6477829861622,2.61863392919561,3.34676864234897,"20m"
"720",29830,FALSE,"all_pixels",7.88444834312775,7.00600976655366,4.47475716834538,164.374612277911,"squared_euclidean_pc1_pc3",635.105422871525,"sampled_pixels",10000,1,1295.8738402134,10835.1974286639,3632.35161155936,"sampled_pixels",10000,29830,FALSE,"all_pixels",5.64797825993628,4.89848908446122,3.90852382021963,94.3514095146101,"squared_euclidean_pc1_pc3",508.748460288005,"sampled_pixels",10000,1,3236.93548090846,44728.4428401131,8535.95754400046,"sampled_pixels",10000,29830,444899535,"bootstrap_mean",2.66722299511599,NA,2.66722299511599,0.0125543034938765,0.0047068818455993,2.66627211820466,2.64334373145582,2.69688399184179,"20m"
"721",30089,FALSE,"all_pixels",7.77396042256314,7.01160150442945,4.20633604662138,156.25427111549,"squared_euclidean_pc1_pc3",588.674380125577,"sampled_pixels",10000,1,939.836460698857,7589.86085385782,2469.8842869435,"sampled_pixels",10000,30089,FALSE,"all_pixels",6.37933456349016,5.62632635966983,3.8076775037507,110.387671189469,"squared_euclidean_pc1_pc3",590.665005893652,"sampled_pixels",10000,1,1867.16477244096,30551.71548346,5496.46414133896,"sampled_pixels",10000,30089,452658916,"bootstrap_mean",2.81695806272186,NA,2.81695806272186,0.0139228351338622,0.00494250706750296,2.81814353696799,2.78511456793386,2.84451225255569,"20m"
"722",34737,FALSE,"all_pixels",9.23789742447674,8.79580572947197,4.27054068645609,207.151483125534,"squared_euclidean_pc1_pc3",681.812118032351,"sampled_pixels",10000,1,1013.46980060739,7989.14881857601,2646.48644816476,"sampled_pixels",10000,34737,FALSE,"all_pixels",6.57149481052329,5.7383282861384,3.81168475832035,115.426132972127,"squared_euclidean_pc1_pc3",667.935583238575,"sampled_pixels",10000,1,1576.75472278855,28707.9992521948,5183.84049805668,"sampled_pixels",10000,34737,603312216,"bootstrap_mean",2.79168590782651,NA,2.79168590782651,0.0119214794053088,0.00427035124971862,2.79147504467764,2.76361518091932,2.81511924838275,"20m"
"723",32763,FALSE,"all_pixels",8.35264959635254,7.39303176345035,4.77301640424376,185.095491053313,"squared_euclidean_pc1_pc3",653.300856668804,"sampled_pixels",10000,1,1687.52825473917,14226.9138452634,3966.59229223263,"sampled_pixels",10000,32763,FALSE,"all_pixels",5.81383042335794,4.87943641301015,4.00592333122281,99.6951122480262,"squared_euclidean_pc1_pc3",541.028700984869,"sampled_pixels",10000,1,2881.63415122995,45674.3414838431,8018.67452760783,"sampled_pixels",10000,32763,536690703,"bootstrap_mean",2.70585360412026,NA,2.70585360412026,0.0120683614020253,0.00446009399165147,2.70497480767217,2.67969676573684,2.74448667768304,"20m"
"724",34915,FALSE,"all_pixels",7.82284262397187,6.85623482657776,4.75747483521974,167.659570559054,"squared_euclidean_pc1_pc3",608.191139139755,"sampled_pixels",10000,1,1511.28148344515,11748.2407893717,3854.00709933532,"sampled_pixels",10000,34915,FALSE,"all_pixels",5.3916009638404,4.55094420093336,3.94664543205983,89.289850014812,"squared_euclidean_pc1_pc3",499.713733036258,"sampled_pixels",10000,1,1904.85228811603,27370.1321808285,5868.31694524901,"sampled_pixels",10000,34915,609511155,"bootstrap_mean",2.69969953478515,NA,2.69969953478515,0.17773584703638,0.0658354178849479,2.65235664688889,2.60225052327313,3.35021342125314,"20m"
"8",32924,FALSE,"all_pixels",7.91108271891755,7.158607771626,4.2340128262758,161.02309981264,"squared_euclidean_pc1_pc3",670.727657170007,"sampled_pixels",10000,1,1551.44968641225,10543.4033996153,3170.06054460482,"sampled_pixels",10000,32924,FALSE,"all_pixels",6.60789919047378,5.83931454881379,4.05640057721841,120.236435171185,"squared_euclidean_pc1_pc3",633.047497673485,"sampled_pixels",10000,1,2288.46281268506,38262.3937876959,6508.88011981574,"sampled_pixels",10000,32924,541978426,"bootstrap_mean",2.81090516773038,NA,2.81090516773038,0.0128483624692387,0.00457089859051093,2.81108839847212,2.78537055514992,2.852144703158,"20m"
"800",23892,FALSE,"all_pixels",11.8721368800376,9.37133061741486,12.4717549213315,592.971589183391,"squared_euclidean_pc1_pc3",811.3264428732,"sampled_pixels",10000,1,4024.13733490321,53542.4489941867,11070.7321414426,"sampled_pixels",10000,23892,FALSE,"all_pixels",12.040832983497,8.34644861313581,16.0562927376466,805.550810001862,"squared_euclidean_pc1_pc3",727.524722928599,"sampled_pixels",10000,1,7146.21815341051,165346.768682435,19783.2944827432,"sampled_pixels",10000,23892,285401886,"bootstrap_mean",3.0156362200871,NA,3.0156362200871,0.301044674813453,0.0998279145237078,3.18252703563074,2.48067566205909,3.2271538392196,"20m"
"801",24121,FALSE,"all_pixels",12.1131030570657,9.27528901651681,13.2380140650618,643.930033622274,"squared_euclidean_pc1_pc3",771.812893083178,"sampled_pixels",10000,1,3973.99504598446,42876.1113633619,9610.98336672467,"sampled_pixels",10000,24121,FALSE,"all_pixels",12.7946884543254,8.88714103607023,18.1736664492451,987.945024258932,"squared_euclidean_pc1_pc3",670.467135148254,"sampled_pixels",10000,1,7437.9130915746,131727.325506564,18549.863658298,"sampled_pixels",10000,24121,290899260,"bootstrap_mean",3.00633563120415,NA,3.00633563120415,0.295042959483455,0.0981403927163245,3.16733937394887,2.46852777567688,3.20867696904399,"20m"
"802",22269,FALSE,"all_pixels",8.76864706101206,7.64543432120723,7.68968348093094,272.035496002992,"squared_euclidean_pc1_pc3",625.876537909625,"sampled_pixels",10000,1,2940.48707497552,23008.6092816814,6688.03916735265,"sampled_pixels",10000,22269,FALSE,"all_pixels",8.69869460136862,6.79837937085909,11.5737479605005,419.225828918204,"squared_euclidean_pc1_pc3",601.410204919686,"sampled_pixels",10000,1,4628.52982584884,73539.9510736538,12447.1302006817,"sampled_pixels",10000,22269,247943046,"bootstrap_mean",2.9448777496626,NA,2.9448777496626,0.0149283174773043,0.00506924862297412,2.94683301693399,2.90124641060477,2.97079573054664,"20m"
"803",28961,FALSE,"all_pixels",10.9055720903641,9.57918057891872,6.88341925028678,332.622654299364,"squared_euclidean_pc1_pc3",915.670005649062,"sampled_pixels",10000,1,3215.69915495105,34296.3688451712,7843.56085518239,"sampled_pixels",10000,28961,FALSE,"all_pixels",8.98600434654383,6.95542058170708,9.58625444760304,345.282750691939,"squared_euclidean_pc1_pc3",769.929990977748,"sampled_pixels",10000,1,5224.72959452456,96014.9868283716,14325.0218577907,"sampled_pixels",10000,28961,419355280,"bootstrap_mean",2.91626898149548,NA,2.91626898149548,0.0185846760919406,0.00637275786625496,2.91741467038924,2.8755268973145,2.95835662841791,"20m"
"804",32325,FALSE,"all_pixels",12.2781634720602,10.6129230929181,10.2210000477518,510.437816789432,"squared_euclidean_pc1_pc3",986.374966493715,"sampled_pixels",10000,1,3692.61184029629,45006.6190506258,9721.56027285424,"sampled_pixels",10000,32325,FALSE,"all_pixels",12.662923629832,9.23364723175319,15.3084563821396,789.382443776324,"squared_euclidean_pc1_pc3",879.665040317711,"sampled_pixels",10000,1,8070.01545358181,157865.171269913,20728.6120077595,"sampled_pixels",10000,32325,522436650,"bootstrap_mean",2.79189424061394,NA,2.79189424061394,0.345753156077051,0.123841781342341,2.78905282015842,2.40583280120425,3.17185504234359,"20m"
"805",28847,FALSE,"all_pixels",8.42305428599474,7.92832816864627,4.23432894081176,177.753527089202,"squared_euclidean_pc1_pc3",650.562860231927,"sampled_pixels",10000,1,1023.72916969172,12312.5800132978,3304.57617535578,"sampled_pixels",10000,28847,FALSE,"all_pixels",7.20673313660028,6.55222765172318,3.9480683181375,135.047411209862,"squared_euclidean_pc1_pc3",678.023763766458,"sampled_pixels",10000,1,1962.21274606192,28920.5941131567,5235.710333366,"sampled_pixels",10000,28847,416060281,"bootstrap_mean",2.84980630756003,NA,2.84980630756003,0.0807861826882888,0.0283479556045536,2.83975297862227,2.81083708996746,3.50943077996957,"20m"
"806",29849,FALSE,"all_pixels",9.14631657508122,8.65730248573935,4.58244600307012,209.306429522646,"squared_euclidean_pc1_pc3",771.844001630953,"sampled_pixels",10000,1,1304.77600659161,11289.3701333674,3343.24467161441,"sampled_pixels",10000,29849,FALSE,"all_pixels",7.58155950124341,6.70128642266444,4.34929115700402,152.791488610079,"squared_euclidean_pc1_pc3",763.185858022677,"sampled_pixels",10000,1,2123.65746073863,32927.1248902257,5852.15069232915,"sampled_pixels",10000,29849,445466476,"bootstrap_mean",2.85430119789804,NA,2.85430119789804,0.0117887900186731,0.00413018430828342,2.85555919248992,2.82237403893795,2.87992069268419,"20m"
"807",32818,FALSE,"all_pixels",8.68228722212137,8.06226210036595,4.58967161536253,192.893110136616,"squared_euclidean_pc1_pc3",754.858316370068,"sampled_pixels",10000,1,1354.97413686352,13356.150778305,3849.33326691799,"sampled_pixels",10000,32818,FALSE,"all_pixels",7.42102760685525,6.69082316034806,4.0650016698474,143.190771612251,"squared_euclidean_pc1_pc3",735.791645420046,"sampled_pixels",10000,1,1541.74009386578,22312.1101620342,4536.50208762579,"sampled_pixels",10000,32818,538494153,"bootstrap_mean",2.80857607870629,NA,2.80857607870629,0.0104092442385532,0.00370623545414086,2.80921593361684,2.78620306966656,2.83560861536626,"20m"
"808",28576,FALSE,"all_pixels",7.82872085813266,7.18049323312048,4.18691395550639,157.637010569666,"squared_euclidean_pc1_pc3",674.415701333479,"sampled_pixels",10000,1,1132.61902672382,11209.8260530459,3119.25789105763,"sampled_pixels",10000,28576,FALSE,"all_pixels",7.77663822809426,7.05928428135968,4.2082817179195,156.37023481993,"squared_euclidean_pc1_pc3",745.26123637816,"sampled_pixels",10000,1,2779.78277951837,44671.157226645,7132.72113717007,"sampled_pixels",10000,28576,408279600,"bootstrap_mean",2.98967038270448,NA,2.98967038270448,0.0104647266252621,0.00350029444242465,2.99094745682464,2.9576633487699,3.00915343379707,"20m"
"809",30223,FALSE,"all_pixels",7.81100168439542,7.44074400178521,3.81242562357925,151.091711074846,"squared_euclidean_pc1_pc3",604.456229480332,"sampled_pixels",10000,1,1032.56587366419,9383.84624186988,2794.26311400359,"sampled_pixels",10000,30223,FALSE,"all_pixels",6.7507838197198,5.93375823400049,3.88962935284472,121.403596193818,"squared_euclidean_pc1_pc3",664.644650673265,"sampled_pixels",10000,1,1435.46365151462,23680.0207658515,4601.27741245769,"sampled_pixels",10000,30223,456699753,"bootstrap_mean",2.8444297099861,NA,2.8444297099861,0.0101188182604631,0.0035574154724015,2.8449226451466,2.82094742953825,2.86808965989517,"20m"
"810",27661,FALSE,"all_pixels",7.36351405567051,6.61494656051792,4.21576697357519,143.986775811033,"squared_euclidean_pc1_pc3",606.623307240344,"sampled_pixels",10000,1,1092.72329209405,9639.19843246668,2845.84301111949,"sampled_pixels",10000,27661,FALSE,"all_pixels",6.63832545111462,6.01173549755578,3.67028058536248,115.075674736608,"squared_euclidean_pc1_pc3",613.557284873143,"sampled_pixels",10000,1,1591.42118439136,23263.2373488207,4522.63662353267,"sampled_pixels",10000,27661,382551630,"bootstrap_mean",2.83059332577027,NA,2.83059332577027,0.0118467226225982,0.00418524360767171,2.82906208984009,2.80295576079004,2.85855660094581,"20m"
"811",24888,FALSE,"all_pixels",8.44737230454518,7.88025783473558,4.34283176591022,180.435057592262,"squared_euclidean_pc1_pc3",697.106099007458,"sampled_pixels",10000,1,1735.00769701588,15588.9820329851,4434.08227989575,"sampled_pixels",10000,24888,FALSE,"all_pixels",7.43553795038762,6.4730499799747,5.64861818921714,174.385660080533,"squared_euclidean_pc1_pc3",628.358086519711,"sampled_pixels",10000,1,4938.62813215834,77509.2689622948,11824.1158814546,"sampled_pixels",10000,24888,309693828,"bootstrap_mean",2.86729092405767,NA,2.86729092405767,0.0132464298169915,0.00461984157444536,2.86708893984396,2.84165144680356,2.8992307867149,"20m"
"812",25823,FALSE,"all_pixels",11.8999843144999,9.7293271836045,8.77710806843581,437.288538870748,"squared_euclidean_pc1_pc3",1355.5917693261,"sampled_pixels",10000,1,2801.70167178171,25285.0291670631,6304.69860319129,"sampled_pixels",10000,25823,FALSE,"all_pixels",14.3118259648288,10.9580907002785,13.1388637673631,754.902836858471,"squared_euclidean_pc1_pc3",1175.08018619345,"sampled_pixels",10000,1,5918.17813368897,107917.010031694,15109.344060709,"sampled_pixels",10000,25823,333400753,"bootstrap_mean",3.15094128741886,NA,3.15094128741886,0.159303521455927,0.0505574388491456,3.18798180380521,2.49164254287923,3.21958621637844,"20m"
"813",28028,FALSE,"all_pixels",5.96691955246288,5.40944614964047,3.25598861047123,92.4104250633815,"squared_euclidean_pc1_pc3",445.059430235868,"sampled_pixels",10000,1,889.18308900148,5506.17427691674,2122.22393335645,"sampled_pixels",10000,28028,FALSE,"all_pixels",6.23155139432105,5.69581265359944,3.30194084089772,99.4693141993206,"squared_euclidean_pc1_pc3",541.101621507935,"sampled_pixels",10000,1,1830.56301192191,27693.9026008127,5368.2451449025,"sampled_pixels",10000,28028,392770378,"bootstrap_mean",2.8211963429333,NA,2.8211963429333,0.0114553817926557,0.00406046953142764,2.82038102442269,2.79096835056557,2.84860696720843,"20m"
"814",22979,FALSE,"all_pixels",6.29213542863261,5.61735717757331,3.530019360226,104.102925312992,"squared_euclidean_pc1_pc3",497.810863253808,"sampled_pixels",10000,1,796.840231518653,5219.09965102666,1973.07050597715,"sampled_pixels",10000,22979,FALSE,"all_pixels",7.37561195724201,6.65022497354319,4.08328404076237,142.144269433509,"squared_euclidean_pc1_pc3",730.14168952922,"sampled_pixels",10000,1,1894.79078222318,34933.0508701138,5721.43164592622,"sampled_pixels",10000,22979,264005731,"bootstrap_mean",2.98771170694046,NA,2.98771170694046,0.00975910543941921,0.00326641470016962,2.98850417888914,2.96567382451025,3.01024577871569,"20m"
"815",24090,FALSE,"all_pixels",5.77161727816201,5.13982388132994,3.42443958490467,90.0757313712045,"squared_euclidean_pc1_pc3",464.207045366564,"sampled_pixels",10000,1,752.810611286987,4452.8207000397,1820.78499210061,"sampled_pixels",10000,24090,FALSE,"all_pixels",7.10532086884391,6.4793153672167,3.78304478054341,129.592836758279,"squared_euclidean_pc1_pc3",689.888872954814,"sampled_pixels",10000,1,1717.44383176546,25635.5972416414,5284.35072454352,"sampled_pixels",10000,24090,290152005,"bootstrap_mean",2.93893020561476,NA,2.93893020561476,0.0105265451368858,0.00358176084507724,2.93931006054554,2.91809423938961,2.95786506456225,"20m"
"816",27742,FALSE,"all_pixels",6.70651170847916,6.20148044446835,3.62599714746058,116.249361352286,"squared_euclidean_pc1_pc3",448.483531275971,"sampled_pixels",10000,1,931.934624909985,5831.01210139876,2302.09008553185,"sampled_pixels",10000,27742,FALSE,"all_pixels",5.82908792692918,5.24915583732725,3.2482770767053,89.058379380208,"squared_euclidean_pc1_pc3",500.613251670698,"sampled_pixels",10000,1,1544.22121508493,21395.5783947091,4809.03934501711,"sampled_pixels",10000,27742,384795411,"bootstrap_mean",2.83501417365238,NA,2.83501417365238,0.0114376381388682,0.004034420090441,2.83474835101988,2.81005329436383,2.85854593457827,"20m"
"817",22967,FALSE,"all_pixels",5.34688257703419,4.56630602001539,3.6805387829379,84.2698584132342,"squared_euclidean_pc1_pc3",411.744929584811,"sampled_pixels",10000,1,1411.60984917559,8327.48512301946,3276.3917874105,"sampled_pixels",10000,22967,FALSE,"all_pixels",6.66729170796299,6.01037505680427,3.94518740861983,120.03320943663,"squared_euclidean_pc1_pc3",585.072385234326,"sampled_pixels",10000,1,2474.43913030949,37479.7910828054,6998.557384793,"sampled_pixels",10000,22967,263730061,"bootstrap_mean",3.02120988544397,NA,3.02120988544397,0.00961492834018099,0.00318247612868779,3.02169802317589,2.99914847641009,3.04606259357335,"20m"
"818",28390,FALSE,"all_pixels",8.65042966504382,8.27437978848647,3.90455078730492,180.149826474909,"squared_euclidean_pc1_pc3",743.696054178221,"sampled_pixels",10000,1,1334.17425300728,10399.8873611639,3244.95467697912,"sampled_pixels",10000,28390,FALSE,"all_pixels",8.62984016526131,7.91678139972871,4.40219680018952,187.705590668381,"squared_euclidean_pc1_pc3",843.679881927234,"sampled_pixels",10000,1,2684.89662057925,36667.3211166661,6164.54312865955,"sampled_pixels",10000,28390,402981855,"bootstrap_mean",2.85243734192486,NA,2.85243734192486,0.0105872047335457,0.00371163446009345,2.85291317129387,2.82694272668778,2.87938983173365,"20m"
"819",28134,FALSE,"all_pixels",9.10439942575146,7.83436193859158,5.33710544956731,222.747542036545,"squared_euclidean_pc1_pc3",675.30564590035,"sampled_pixels",10000,1,1303.72881564402,10686.0819694624,3264.73782766279,"sampled_pixels",10000,28134,FALSE,"all_pixels",6.36399393725635,5.66252475629998,3.96502502813341,112.442567004064,"squared_euclidean_pc1_pc3",539.940102900716,"sampled_pixels",10000,1,2786.98533571073,46239.0066041734,8316.75509827093,"sampled_pixels",10000,28134,395746911,"bootstrap_mean",2.72276021718807,NA,2.72276021718807,0.0146139426969421,0.00536732636413893,2.72344028514478,2.68695975233398,2.75906246278214,"20m"
"820",29570,FALSE,"all_pixels",6.93020638621113,6.2302502943981,3.65530637093575,122.777146737701,"squared_euclidean_pc1_pc3",478.207725957754,"sampled_pixels",10000,1,1021.56054147933,6793.98226288924,2387.34274683726,"sampled_pixels",10000,29570,FALSE,"all_pixels",5.300943650381,4.85931688900355,2.75785785447966,71.4110526346321,"squared_euclidean_pc1_pc3",392.876092589356,"sampled_pixels",10000,1,1792.02075343886,18179.2098499167,4362.17235391666,"sampled_pixels",10000,29570,437177665,"bootstrap_mean",2.73817266823888,NA,2.73817266823888,0.249187899383891,0.09100518103709,2.63627051009566,2.6080511049991,3.33416994699358,"20m"
"821",29194,FALSE,"all_pixels",8.26357995275836,7.7451214977995,4.27438570711343,173.113001964999,"squared_euclidean_pc1_pc3",617.260098395311,"sampled_pixels",10000,1,1553.83750288638,9500.15856243513,3445.04515341524,"sampled_pixels",10000,29194,FALSE,"all_pixels",6.37251409023163,5.67770387038988,3.78591746487135,109.883231836227,"squared_euclidean_pc1_pc3",566.89803677387,"sampled_pixels",10000,1,2983.28664842663,48649.8012849941,7837.39327322385,"sampled_pixels",10000,29194,426130221,"bootstrap_mean",2.80160354060559,NA,2.80160354060559,0.0138778208231208,0.00495352772866676,2.80237590113961,2.76147542788879,2.82761692891558,"20m"
"822",31742,FALSE,"all_pixels",8.02506678987985,7.31073750437248,4.51146041929088,169.508661774522,"squared_euclidean_pc1_pc3",632.487941192332,"sampled_pixels",10000,1,1175.78694017753,7051.79926209803,2608.91158282806,"sampled_pixels",10000,31742,FALSE,"all_pixels",6.27595771452193,5.3997868698548,3.99355066701539,110.671179449196,"squared_euclidean_pc1_pc3",638.708326521119,"sampled_pixels",10000,1,2056.05833343289,38843.153362985,6287.49020321789,"sampled_pixels",10000,31742,503761411,"bootstrap_mean",2.81698245849601,NA,2.81698245849601,0.0162172092754019,0.00575694364957469,2.81744287095283,2.77347890599879,2.85858095080587,"20m"
"823",32894,FALSE,"all_pixels",7.36659561992071,6.52425116990682,4.32557865353796,145.953585798928,"squared_euclidean_pc1_pc3",592.603194636473,"sampled_pixels",10000,1,1155.02334038856,8943.15036900217,2827.17537263232,"sampled_pixels",10000,32894,FALSE,"all_pixels",5.78799340767939,4.97046095959346,3.60735350189407,93.0269427418553,"squared_euclidean_pc1_pc3",522.906084361011,"sampled_pixels",10000,1,1739.98028875487,26573.641647872,4932.7507421951,"sampled_pixels",10000,32894,540991171,"bootstrap_mean",2.71982016590474,NA,2.71982016590474,0.0134026898107579,0.00492778529212041,2.72194988161163,2.68244239288033,2.7429595885452,"20m"
"824",33400,FALSE,"all_pixels",8.45226608615923,7.40467733230951,4.98943182975111,192.668973265512,"squared_euclidean_pc1_pc3",708.040479830154,"sampled_pixels",10000,1,1802.30197693401,15500.2875882309,4396.78154813195,"sampled_pixels",10000,33400,FALSE,"all_pixels",6.26851390590105,5.35815695974645,4.79773121426289,124.62360444876,"squared_euclidean_pc1_pc3",565.906627709693,"sampled_pixels",10000,1,3421.31867291956,51702.2046889174,8719.52647431541,"sampled_pixels",10000,33400,557763300,"bootstrap_mean",2.74764627072219,NA,2.74764627072219,0.0152002261991796,0.00553208990587582,2.74840624688111,2.72095955719106,2.77986057449289,"20m"
"9",35583,FALSE,"all_pixels",6.74752652039562,5.7537394196451,4.36133574518443,129.099658131275,"squared_euclidean_pc1_pc3",682.530792169488,"sampled_pixels",10000,1,1655.61383867166,16873.6111405099,4676.22386441515,"sampled_pixels",10000,35583,FALSE,"all_pixels",6.96120698648593,5.73191633319007,5.36866383038136,154.560288046631,"squared_euclidean_pc1_pc3",718.04765162111,"sampled_pixels",10000,1,3879.64113234496,77047.7790567194,11149.5872654852,"sampled_pixels",10000,35583,633057153,"bootstrap_mean",2.88077061432227,NA,2.88077061432227,0.0119271388293779,0.00414025982147971,2.88052436246031,2.85350117033794,2.91712082113676,"20m"
"900",18364,FALSE,"all_pixels",8.87151061217311,8.24593741564351,4.49865865001582,197.881056295218,"squared_euclidean_pc1_pc3",642.012261152185,"sampled_pixels",10000,1,1351.79847375534,13714.3337780636,3813.35187099309,"sampled_pixels",10000,18364,FALSE,"all_pixels",8.05338173976707,7.16284769302667,5.06352234152228,180.989639559821,"squared_euclidean_pc1_pc3",801.225383685743,"sampled_pixels",10000,1,4459.83574537986,97806.3576948266,13006.4539525713,"sampled_pixels",10000,18364,168609066,"bootstrap_mean",3.05553271086206,NA,3.05553271086206,0.0116941580111245,0.00382720759936659,3.05488709917211,3.02780788765417,3.08066665877509,"20m"
"901",22989,FALSE,"all_pixels",7.85403158501399,7.23186573051432,4.06580605895743,156.43174394806,"squared_euclidean_pc1_pc3",633.530095412349,"sampled_pixels",10000,1,1193.52749279185,11823.396532382,3177.08054350337,"sampled_pixels",10000,22989,FALSE,"all_pixels",7.5505492482498,6.82505392779144,4.17285719041583,148.845547288141,"squared_euclidean_pc1_pc3",743.999138836868,"sampled_pixels",10000,1,2296.62818903437,42539.1173422344,7074.07557474492,"sampled_pixels",10000,22989,264235566,"bootstrap_mean",2.96407898353935,NA,2.96407898353935,0.00972145512407636,0.00327975576159181,2.96326610753477,2.94644094025602,2.98520144645393,"20m"
"902",26928,FALSE,"all_pixels",8.10703208580137,7.37567570846107,4.49615932970689,171.877334472149,"squared_euclidean_pc1_pc3",644.006444922196,"sampled_pixels",10000,1,1506.13654893426,13313.4524887403,3761.3204411393,"sampled_pixels",10000,26928,FALSE,"all_pixels",6.84842648422836,6.03770092586326,4.27056966667098,130.276066617811,"squared_euclidean_pc1_pc3",672.32417611424,"sampled_pixels",10000,1,2255.85039329341,46731.4201580701,8608.44973052655,"sampled_pixels",10000,26928,362545128,"bootstrap_mean",2.85195290811147,NA,2.85195290811147,0.0125031859055177,0.00438407866762329,2.8524150169856,2.82743758266104,2.87741952587819,"20m"
"903",25362,FALSE,"all_pixels",8.41959973805343,7.74406369969673,4.52223686485762,182.678959323583,"squared_euclidean_pc1_pc3",665.55422912552,"sampled_pixels",10000,1,1338.4062041939,12787.0655655994,3498.1119844901,"sampled_pixels",10000,25362,FALSE,"all_pixels",7.15378210940686,6.37361335227863,4.28845230140048,139.133392954514,"squared_euclidean_pc1_pc3",686.321612935114,"sampled_pixels",10000,1,1815.77471240611,27840.5689122869,5424.84475719318,"sampled_pixels",10000,25362,321602841,"bootstrap_mean",2.83577439785973,NA,2.83577439785973,0.0116008286232337,0.00409088559089514,2.83726478189882,2.8063599280489,2.85970400225025,"20m"
"904",30702,FALSE,"all_pixels",9.52431376442919,8.99881106033647,4.71043521057518,225.800059721472,"squared_euclidean_pc1_pc3",747.443098801371,"sampled_pixels",10000,1,1616.62648346709,13791.22269214,3814.26122775545,"sampled_pixels",10000,30702,FALSE,"all_pixels",7.64839243103437,6.39561006217523,5.31847513211231,173.566326392308,"squared_euclidean_pc1_pc3",768.869717629901,"sampled_pixels",10000,1,2834.86053563682,37763.2594873788,7457.1255000226,"sampled_pixels",10000,30702,471291051,"bootstrap_mean",2.87118150034458,NA,2.87118150034458,0.0115417109399516,0.00401984720874193,2.86967435006178,2.84925965100283,2.90457399411451,"20m"
"905",27021,FALSE,"all_pixels",10.987267821479,8.77144619882217,10.8827425744969,478.299514170157,"squared_euclidean_pc1_pc3",789.791878112778,"sampled_pixels",10000,1,4253.54149241177,53161.845960122,11311.3834058787,"sampled_pixels",10000,27021,FALSE,"all_pixels",10.485031592845,7.80568602883276,12.6714549439647,540.99143128251,"squared_euclidean_pc1_pc3",830.419889191011,"sampled_pixels",10000,1,7665.86233784139,137158.383453922,18545.9436376749,"sampled_pixels",10000,27021,365053710,"bootstrap_mean",3.01266142127711,NA,3.01266142127711,0.160373888351623,0.0532332930673763,3.05112946182604,2.35263001193809,3.09292750558063,"20m"
"906",32176,FALSE,"all_pixels",7.95414700061645,7.43089295429229,4.06581953233956,159.59765842482,"squared_euclidean_pc1_pc3",606.814098550861,"sampled_pixels",10000,1,1085.59259106684,8529.70962247596,2607.650628715,"sampled_pixels",10000,32176,FALSE,"all_pixels",7.05647939028674,6.33863848241343,3.93767514781576,130.597410130974,"squared_euclidean_pc1_pc3",665.403600951402,"sampled_pixels",10000,1,2185.02526427179,31398.0307203467,5665.72407094672,"sampled_pixels",10000,32176,517631400,"bootstrap_mean",2.83910447074209,NA,2.83910447074209,0.0135041448820259,0.00475648043993822,2.83872065850693,2.80110126410327,2.87554440261264,"20m"
"907",29655,FALSE,"all_pixels",7.69163347370411,7.04022489379583,4.18891549802874,153.415293676776,"squared_euclidean_pc1_pc3",585.150809607898,"sampled_pixels",10000,1,1231.46019676816,10762.9590569987,3318.10930922686,"sampled_pixels",10000,29655,FALSE,"all_pixels",6.5862276199477,6.0001975155665,3.57246493483568,112.280939212651,"squared_euclidean_pc1_pc3",548.341386970514,"sampled_pixels",10000,1,1728.3060331105,26083.7503527866,5515.47390043047,"sampled_pixels",10000,29655,439694685,"bootstrap_mean",2.7668308017021,NA,2.7668308017021,0.141215949004272,0.0510388813502434,2.73881388505546,2.70748254978296,3.43319325752717,"20m"
"908",NA,TRUE,"manual_excluded",NA,NA,NA,NA,"squared_euclidean_pc1_pc3",NA,"manual_excluded",NA,1,NA,NA,NA,"manual_excluded",NA,NA,TRUE,"manual_excluded",NA,NA,NA,NA,"squared_euclidean_pc1_pc3",NA,"manual_excluded",NA,1,NA,NA,NA,"manual_excluded",NA,29063,422314453,"bootstrap_mean",2.75516470203263,NA,2.75516470203263,0.0122282025959799,0.00443828370295196,2.75603249945109,2.72957588177755,2.77984024845801,"20m"
"909",NA,TRUE,"manual_excluded",NA,NA,NA,NA,"squared_euclidean_pc1_pc3",NA,"manual_excluded",NA,1,NA,NA,NA,"manual_excluded",NA,NA,TRUE,"manual_excluded",NA,NA,NA,NA,"squared_euclidean_pc1_pc3",NA,"manual_excluded",NA,1,NA,NA,NA,"manual_excluded",NA,28707,412031571,"bootstrap_mean",2.82796465220456,NA,2.82796465220456,0.0121144696577324,0.00428381226345544,2.82773857740031,2.80285786565204,2.85631414820138,"20m"
"910",29396,FALSE,"all_pixels",8.10809085406013,7.40104880421017,4.14377332149519,165.82282103078,"squared_euclidean_pc1_pc3",694.204008238045,"sampled_pixels",10000,1,1082.55153869433,10426.9363839893,2936.16252040316,"sampled_pixels",10000,29396,FALSE,"all_pixels",7.50320384010378,6.79862855480579,3.9323542754412,143.521903951655,"squared_euclidean_pc1_pc3",735.136224290115,"sampled_pixels",10000,1,1697.20686086163,25922.8593971078,4745.60679550552,"sampled_pixels",10000,29396,432047710,"bootstrap_mean",2.86795956180087,NA,2.86795956180087,0.0119052272373201,0.00415111405191656,2.86639431826757,2.83802614722316,2.89990486429652,"20m"
"911",31602,FALSE,"all_pixels",9.26641955970536,8.78115869875289,4.35023994674015,209.581040418502,"squared_euclidean_pc1_pc3",687.026108979229,"sampled_pixels",10000,1,1311.35546418381,14461.516608249,3733.3911365347,"sampled_pixels",10000,31602,FALSE,"all_pixels",8.53541103550589,8.03918670186127,4.06545040086246,178.761211011225,"squared_euclidean_pc1_pc3",748.358047570704,"sampled_pixels",10000,1,1826.10303907743,26883.079264911,4874.41310206595,"sampled_pixels",10000,31602,499327401,"bootstrap_mean",2.77817921622597,NA,2.77817921622597,0.0111175305062981,0.00400173266050155,2.77740100754657,2.75477402837759,2.80623167613342,"20m"
"912",29618,FALSE,"all_pixels",9.24698043845768,8.79085663847719,4.5123842002456,211.735141851269,"squared_euclidean_pc1_pc3",757.029654336468,"sampled_pixels",10000,1,1364.34660006297,15108.7347168687,3742.05095812299,"sampled_pixels",10000,29618,FALSE,"all_pixels",8.24596049637586,7.21975313854769,4.97457758556131,185.482902285742,"squared_euclidean_pc1_pc3",831.166806148045,"sampled_pixels",10000,1,2908.27465412593,62825.2980326457,8830.81551743949,"sampled_pixels",10000,29618,438598153,"bootstrap_mean",2.95229466504588,NA,2.95229466504588,0.0133509632023559,0.00452223260788517,2.95038101897331,2.92150138350709,2.98509567184688,"20m"
"913",18955,FALSE,"all_pixels",6.87264998347916,6.46205571477481,3.39894892246231,117.571124168926,"squared_euclidean_pc1_pc3",556.354694883496,"sampled_pixels",10000,1,899.860817012787,8701.19264073793,2556.50838200529,"sampled_pixels",10000,18955,FALSE,"all_pixels",7.82360833679432,7.33054653501438,3.95228344696524,153.657135534026,"squared_euclidean_pc1_pc3",777.154169855234,"sampled_pixels",10000,1,1685.73205994143,29622.4418950607,5249.62724979964,"sampled_pixels",10000,18955,179636535,"bootstrap_mean",2.92697556356342,NA,2.92697556356342,0.0109067876415827,0.00372629952137502,2.92862249366439,2.904255840013,2.94772883120361,"20m"
"914",24027,FALSE,"all_pixels",6.05874150159443,5.46610458033391,3.54102403385571,98.4933558529018,"squared_euclidean_pc1_pc3",494.822187023671,"sampled_pixels",10000,1,1049.9789872989,7941.40370994976,2595.02574518804,"sampled_pixels",10000,24027,FALSE,"all_pixels",7.33508756213809,6.58868638293085,4.22010954494953,143.224185788581,"squared_euclidean_pc1_pc3",707.11687490012,"sampled_pixels",10000,1,2756.90389568771,64734.9927518395,9284.35606382771,"sampled_pixels",10000,24027,288636351,"bootstrap_mean",2.99581421660886,NA,2.99581421660886,0.0842412793989521,0.0281196607359417,3.0040732943176,2.30620891595859,3.03981645679184,"20m"
"915",26333,FALSE,"all_pixels",5.300723789817,4.90921020439807,2.83994829808609,72.3253455008023,"squared_euclidean_pc1_pc3",416.083149626804,"sampled_pixels",10000,1,663.93009971741,3462.5073426001,1578.63514518436,"sampled_pixels",10000,26333,FALSE,"all_pixels",6.89649782637564,6.27514144293546,3.64187335628118,121.648840277237,"squared_euclidean_pc1_pc3",643.190216969108,"sampled_pixels",10000,1,1339.67305752359,22704.3105790781,4451.62302306975,"sampled_pixels",10000,26333,346700278,"bootstrap_mean",2.94076151990168,NA,2.94076151990168,0.00977728914760884,0.00332474737629718,2.94164584265553,2.91566756829158,2.9653699882985,"20m"
"916",21808,FALSE,"all_pixels",6.2795674011328,5.83345000030606,3.25888073279156,100.105566769502,"squared_euclidean_pc1_pc3",365.598192356295,"sampled_pixels",10000,1,498.362448644648,2963.94740687732,1279.7747532221,"sampled_pixels",10000,21808,FALSE,"all_pixels",5.81735977023162,5.33675167452869,2.95481246254428,85.1443820625391,"squared_euclidean_pc1_pc3",477.633939552246,"sampled_pixels",10000,1,864.937942200541,11004.8833840789,2780.04014478849,"sampled_pixels",10000,21808,237783528,"bootstrap_mean",2.86104013538853,NA,2.86104013538853,0.00981619296820478,0.00343098750932822,2.86132499525199,2.8378402757693,2.88333651354306,"20m"
"917",17861,FALSE,"all_pixels",4.02754219486042,3.69406849143234,2.19673310258478,42.092924556194,"squared_euclidean_pc1_pc3",241.857528853193,"sampled_pixels",10000,1,329.581967937354,1776.79129377285,902.809246120034,"sampled_pixels",10000,17861,FALSE,"all_pixels",6.64606992316374,6.14841127479387,3.34946300225145,110.777039408346,"squared_euclidean_pc1_pc3",598.709994466123,"sampled_pixels",10000,1,1044.170310849,12415.9809050979,3056.26949727486,"sampled_pixels",10000,17861,159498730,"bootstrap_mean",3.00829457256182,NA,3.00829457256182,0.0092051923349854,0.00305993715474026,3.00870634275878,2.98973068340709,3.03122728204489,"20m"
"918",19833,FALSE,"all_pixels",7.64182272565059,6.6674277698028,5.16602883091644,170.167925646872,"squared_euclidean_pc1_pc3",648.594554654259,"sampled_pixels",10000,1,1968.20066582072,14578.9380146914,4579.4541547512,"sampled_pixels",10000,19833,FALSE,"all_pixels",9.2186970498555,7.32141328782088,9.78802739929711,361.570050113593,"squared_euclidean_pc1_pc3",852.044694686351,"sampled_pixels",10000,1,7673.9512486016,194052.401293206,23121.4873505959,"sampled_pixels",10000,19833,196664028,"bootstrap_mean",2.76113285487144,NA,2.76113285487144,0.346405013572431,0.125457568244597,2.45134430416056,2.3965139704547,3.13441255262961,"20m"
"919",29383,FALSE,"all_pixels",8.75134328335121,7.6462248836234,5.66061981801243,217.255070943277,"squared_euclidean_pc1_pc3",741.167904963563,"sampled_pixels",10000,1,2575.88734623387,20184.8216152924,5989.78272925162,"sampled_pixels",10000,29383,FALSE,"all_pixels",8.06423263397025,6.81838574768151,7.15744795751697,232.51833149227,"squared_euclidean_pc1_pc3",678.182479901308,"sampled_pixels",10000,1,5874.63671294459,98735.4977683642,14536.7096087116,"sampled_pixels",10000,29383,431665653,"bootstrap_mean",2.93409310776395,NA,2.93409310776395,0.0132797152336235,0.00452600334954738,2.93319081346379,2.90513301945001,2.96493549553236,"20m"
"920",24921,FALSE,"all_pixels",6.95952140015679,6.45096524514754,3.23614093799036,117.814252115033,"squared_euclidean_pc1_pc3",544.463950377603,"sampled_pixels",10000,1,1026.98855847732,6712.88516395184,2440.82086749855,"sampled_pixels",10000,24921,FALSE,"all_pixels",6.54179611340726,6.092256157654,3.27821872860551,107.082766381115,"squared_euclidean_pc1_pc3",542.108151542618,"sampled_pixels",10000,1,1697.85963127136,24252.6671957271,4696.49955806691,"sampled_pixels",10000,24921,310515660,"bootstrap_mean",2.81214857910325,NA,2.81214857910325,0.080203121587662,0.0285202290460903,2.80425122142773,2.76280942599656,3.46530042008293,"20m"
"921",30232,FALSE,"all_pixels",6.71506463681331,6.34432393249521,3.30822278622135,112.072138136291,"squared_euclidean_pc1_pc3",507.835246608171,"sampled_pixels",10000,1,763.037710874803,5210.69269813415,2028.31874342968,"sampled_pixels",10000,30232,FALSE,"all_pixels",5.78614984337571,5.23492211675352,3.07751091670696,85.9005803453918,"squared_euclidean_pc1_pc3",508.815045716125,"sampled_pixels",10000,1,1061.29254950592,15668.855371253,3417.39535233336,"sampled_pixels",10000,30232,456971796,"bootstrap_mean",2.78556514991129,NA,2.78556514991129,0.231342579897083,0.0830505005077519,2.6994376089703,2.67143558793484,3.4122700450534,"20m"
"922",29921,FALSE,"all_pixels",7.58185150330596,7.04450836885239,3.87252023680647,144.960768004797,"squared_euclidean_pc1_pc3",571.429239580157,"sampled_pixels",10000,1,1013.37444497675,6596.23885728732,2309.02483197941,"sampled_pixels",10000,29921,FALSE,"all_pixels",6.46035854037566,5.77156584735772,3.77499183853056,111.972639156424,"squared_euclidean_pc1_pc3",568.693944610183,"sampled_pixels",10000,1,2010.46171648124,34644.7671228858,5880.52263752492,"sampled_pixels",10000,29921,447618160,"bootstrap_mean",2.84052901248415,NA,2.84052901248415,0.0134925017194833,0.00474999609586229,2.84006270942218,2.81216997706535,2.87448325592822,"20m"
"923",28945,FALSE,"all_pixels",8.92614518406843,8.35730307245927,4.48410456066342,199.565133778095,"squared_euclidean_pc1_pc3",668.000926197154,"sampled_pixels",10000,1,1038.08679692933,8522.22903105091,2653.91231597052,"sampled_pixels",10000,28945,FALSE,"all_pixels",6.80380557286867,6.17240088710966,3.63199881918656,118.965459910483,"squared_euclidean_pc1_pc3",626.347374690281,"sampled_pixels",10000,1,1491.48532622274,23401.7153664101,4407.80282336724,"sampled_pixels",10000,28945,418892040,"bootstrap_mean",2.77049457926049,NA,2.77049457926049,0.0119022631182068,0.00429607883274899,2.76993752733907,2.74314565435035,2.79101385677836,"20m"
"924",29027,FALSE,"all_pixels",7.8757988599027,6.78628841142007,4.80822607510024,170.2928984085,"squared_euclidean_pc1_pc3",708.747898895763,"sampled_pixels",10000,1,1638.93618928097,12879.4012060511,3876.46180574421,"sampled_pixels",10000,29027,FALSE,"all_pixels",6.62094068311071,5.77331582892522,4.13436902520902,121.85854780018,"squared_euclidean_pc1_pc3",643.510697408793,"sampled_pixels",10000,1,2577.13977888577,54714.8901157193,8337.76351089343,"sampled_pixels",10000,29027,421268851,"bootstrap_mean",2.84170394810548,NA,2.84170394810548,0.0143796617976899,0.00506022515374151,2.84329355130638,2.80204452684796,2.8776094875362,"20m"
