"source","scale","quad_id","metric_id","metric_label","sample_rule","n_boot","metric_value","metric_sd","metric_cv","metric_se"
"final_sa_entropy","10m","0_a","sa_entropy","Spectral angle entropy","final_70_iteration_bootstrap",70,3.02560440689825,0.113606797214914,0.0375484636907242,0.0135786094246116
"final_sa_entropy","10m","0_b","sa_entropy","Spectral angle entropy","final_70_iteration_bootstrap",70,2.9493690301664,0.00703979803226579,0.00238688274009191,0.000841416801210004
"final_sa_entropy","10m","0_c","sa_entropy","Spectral angle entropy","final_70_iteration_bootstrap",70,2.87333740952765,0.00736203277839273,0.0025621887474757,0.000879931219959256
"final_sa_entropy","10m","0_d","sa_entropy","Spectral angle entropy","final_70_iteration_bootstrap",70,2.86599322516298,0.0103257935436796,0.00360286739445884,0.00123416838574862
"final_sa_entropy","10m","1_a","sa_entropy","Spectral angle entropy","final_70_iteration_bootstrap",70,2.72941276815474,0.0123812707021637,0.00453623975333503,0.00147984489631398
"final_sa_entropy","10m","1_b","sa_entropy","Spectral angle entropy","final_70_iteration_bootstrap",70,2.77564472288952,0.0815946451820419,0.0293966459428928,0.00975242542900652
"final_sa_entropy","10m","1_c","sa_entropy","Spectral angle entropy","final_70_iteration_bootstrap",70,2.81737734954891,0.115143105422075,0.0408688972531531,0.013762233376807
"final_sa_entropy","10m","1_d","sa_entropy","Spectral angle entropy","final_70_iteration_bootstrap",70,2.74143484971684,0.0101619128305846,0.00370678618593989,0.0012145808940677
"final_sa_entropy","10m","10_a","sa_entropy","Spectral angle entropy","final_70_iteration_bootstrap",70,2.81255312163456,0.0101261433370882,0.00360033851776752,0.00121030562187087
"final_sa_entropy","10m","10_b","sa_entropy","Spectral angle entropy","final_70_iteration_bootstrap",70,2.89471004861514,0.138329681483175,0.0477870595534615,0.0165335592828805
"final_sa_entropy","10m","10_c","sa_entropy","Spectral angle entropy","final_70_iteration_bootstrap",70,2.80667211175505,0.0091248127473781,0.0032511146240279,0.00109062372504855
"final_sa_entropy","10m","10_d","sa_entropy","Spectral angle entropy","final_70_iteration_bootstrap",70,2.79935898522427,0.0100531402586438,0.00359122938919477,0.00120158008507824
"final_sa_entropy","10m","100_a","sa_entropy","Spectral angle entropy","final_70_iteration_bootstrap",70,2.86670711222497,0.267898109431075,0.0934515103718246,0.0320199484778617
"final_sa_entropy","10m","100_b","sa_entropy","Spectral angle entropy","final_70_iteration_bootstrap",70,2.80547975441096,0.00927687330467943,0.0033066976477352,0.00110879843789234
"final_sa_entropy","10m","100_c","sa_entropy","Spectral angle entropy","final_70_iteration_bootstrap",70,2.7119673023501,0.010159943608257,0.00374633705924579,0.00121434552698129
"final_sa_entropy","10m","100_d","sa_entropy","Spectral angle entropy","final_70_iteration_bootstrap",70,2.87140268822607,0.010946261884586,0.00381216536763378,0.00130832853697238
"final_sa_entropy","10m","1000_a","sa_entropy","Spectral angle entropy","final_70_iteration_bootstrap",70,2.75452741927128,0.113854329235838,0.0413335254676673,0.0136081951599251
"final_sa_entropy","10m","1000_b","sa_entropy","Spectral angle entropy","final_70_iteration_bootstrap",70,2.81547794935047,0.00998494200454869,0.00354644653027817,0.00119342883463813
"final_sa_entropy","10m","1000_c","sa_entropy","Spectral angle entropy","final_70_iteration_bootstrap",70,2.88646562090943,0.00834199886036717,0.0028900392230339,0.000997059569694575
"final_sa_entropy","10m","1000_d","sa_entropy","Spectral angle entropy","final_70_iteration_bootstrap",70,2.83119656767579,0.11621778391248,0.0410489985892739,0.0138906820245639
"final_sa_entropy","10m","1001_a","sa_entropy","Spectral angle entropy","final_70_iteration_bootstrap",70,2.79682679332404,0.0104675821029022,0.00374266369583133,0.00125111535999454
"final_sa_entropy","10m","1001_b","sa_entropy","Spectral angle entropy","final_70_iteration_bootstrap",70,2.87798981203083,0.00983045271907761,0.00341573576041981,0.00117496383325506
"final_sa_entropy","10m","1001_c","sa_entropy","Spectral angle entropy","final_70_iteration_bootstrap",70,2.91120599007606,0.0113424461590152,0.00389613314814556,0.001355681614909
"final_sa_entropy","10m","1001_d","sa_entropy","Spectral angle entropy","final_70_iteration_bootstrap",70,2.85367248172176,0.0102462456696373,0.00359054717570647,0.00122466059626191
"final_sa_entropy","10m","1002_a","sa_entropy","Spectral angle entropy","final_70_iteration_bootstrap",70,2.77518747844706,0.0832363061897824,0.0299930389698788,0.00994864144933454
"final_sa_entropy","10m","1002_b","sa_entropy","Spectral angle entropy","final_70_iteration_bootstrap",70,2.75123454046596,0.0112061924981955,0.00407315055600369,0.00133939618755517
"final_sa_entropy","10m","1002_c","sa_entropy","Spectral angle entropy","final_70_iteration_bootstrap",70,2.95626842070185,0.162933939960066,0.0551147314022939,0.0194743306471843
"final_sa_entropy","10m","1002_d","sa_entropy","Spectral angle entropy","final_70_iteration_bootstrap",70,2.86247437923713,0.0114827701112247,0.00401148397851685,0.00137245353513456
"final_sa_entropy","10m","1003_a","sa_entropy","Spectral angle entropy","final_70_iteration_bootstrap",70,2.86382297942568,0.010233308452129,0.00357330342191096,0.0012231143030128
"final_sa_entropy","10m","1003_b","sa_entropy","Spectral angle entropy","final_70_iteration_bootstrap",70,2.80129208964044,0.0819755530542893,0.0292634792913763,0.0097979526276496
"final_sa_entropy","10m","1003_c","sa_entropy","Spectral angle entropy","final_70_iteration_bootstrap",70,2.83243877999138,0.00849250373979953,0.00299830089878425,0.00101504834346877
"final_sa_entropy","10m","1003_d","sa_entropy","Spectral angle entropy","final_70_iteration_bootstrap",70,2.85110823143384,0.0101882989530643,0.00357345218983166,0.00121773463891541
"final_sa_entropy","10m","1004_a","sa_entropy","Spectral angle entropy","final_70_iteration_bootstrap",70,2.83609365992005,0.00772015587040438,0.00272210892732717,0.000922735116482818
"final_sa_entropy","10m","1004_b","sa_entropy","Spectral angle entropy","final_70_iteration_bootstrap",70,2.87904644764019,0.00708329991183749,0.00246029372594642,0.000846616270312396
"final_sa_entropy","10m","1004_c","sa_entropy","Spectral angle entropy","final_70_iteration_bootstrap",70,2.83064045208284,0.0101457895606866,0.00358427350009115,0.00121265379472189
"final_sa_entropy","10m","1004_d","sa_entropy","Spectral angle entropy","final_70_iteration_bootstrap",70,2.92555255802296,0.00883389303326901,0.00301956394837043,0.00105585216851629
"final_sa_entropy","10m","1005_a","sa_entropy","Spectral angle entropy","final_70_iteration_bootstrap",70,2.86824792793487,0.0107961212911732,0.00376401258274294,0.00129038330370544
"final_sa_entropy","10m","1005_b","sa_entropy","Spectral angle entropy","final_70_iteration_bootstrap",70,2.80576929663546,0.177224536393947,0.0631643295143566,0.021182383617407
"final_sa_entropy","10m","1005_c","sa_entropy","Spectral angle entropy","final_70_iteration_bootstrap",70,2.80125202964313,0.0088875605031407,0.00317271006289032,0.00106226665805441
"final_sa_entropy","10m","1005_d","sa_entropy","Spectral angle entropy","final_70_iteration_bootstrap",70,2.79762078925154,0.19031900283033,0.0680288778098647,0.0227474717082804
"final_sa_entropy","10m","1006_a","sa_entropy","Spectral angle entropy","final_70_iteration_bootstrap",70,2.78235337390387,0.0098404029032966,0.00353671930948502,0.00117615310773973
"final_sa_entropy","10m","1006_b","sa_entropy","Spectral angle entropy","final_70_iteration_bootstrap",70,2.75357890806725,0.0105964100967363,0.00384823186497094,0.00126651325038591
"final_sa_entropy","10m","1006_c","sa_entropy","Spectral angle entropy","final_70_iteration_bootstrap",70,2.77484299257359,0.0085982972249179,0.00309866080636988,0.00102769308347824
"final_sa_entropy","10m","1006_d","sa_entropy","Spectral angle entropy","final_70_iteration_bootstrap",70,2.81384456610537,0.00894607373560173,0.00317930629266561,0.00106926032700062
"final_sa_entropy","10m","1007_a","sa_entropy","Spectral angle entropy","final_70_iteration_bootstrap",70,2.8186310110749,0.0788774915178464,0.0279843268621975,0.0094276634494661
"final_sa_entropy","10m","1007_b","sa_entropy","Spectral angle entropy","final_70_iteration_bootstrap",70,2.83104590303268,0.0116265524477492,0.00410680463898329,0.00138963881134767
"final_sa_entropy","10m","1007_c","sa_entropy","Spectral angle entropy","final_70_iteration_bootstrap",70,2.97128659044138,0.00997996472937795,0.00335880246674402,0.00119283393647007
"final_sa_entropy","10m","1007_d","sa_entropy","Spectral angle entropy","final_70_iteration_bootstrap",70,2.85138807780482,0.0105720805737218,0.00370769614140384,0.00126360531619007
"final_sa_entropy","10m","1008_a","sa_entropy","Spectral angle entropy","final_70_iteration_bootstrap",70,2.83432232287496,0.0104555250509652,0.0036888976834363,0.00124967426665261
"final_sa_entropy","10m","1008_b","sa_entropy","Spectral angle entropy","final_70_iteration_bootstrap",70,2.81739112244064,0.275260432226423,0.0977004683637858,0.0328999143614772
"final_sa_entropy","10m","1008_c","sa_entropy","Spectral angle entropy","final_70_iteration_bootstrap",70,2.80969573437501,0.115541017560316,0.041122252543839,0.0138097929739697
"final_sa_entropy","10m","1008_d","sa_entropy","Spectral angle entropy","final_70_iteration_bootstrap",70,2.76334347746195,0.081606671905616,0.0295318597095174,0.00975386289741575
"final_sa_entropy","10m","1009_a","sa_entropy","Spectral angle entropy","final_70_iteration_bootstrap",70,2.77200847136035,0.00890371288044159,0.00321200781759232,0.00106419723640029
"final_sa_entropy","10m","1009_b","sa_entropy","Spectral angle entropy","final_70_iteration_bootstrap",70,2.82410938509222,0.00739050487010366,0.00261693293790825,0.000883334285817306
"final_sa_entropy","10m","1009_c","sa_entropy","Spectral angle entropy","final_70_iteration_bootstrap",70,2.8419230205988,0.242487109783889,0.0853250098705334,0.0289827531008514
"final_sa_entropy","10m","1009_d","sa_entropy","Spectral angle entropy","final_70_iteration_bootstrap",70,2.85001808007445,0.00845250315330887,0.00296577176559107,0.00101026735893239
"final_sa_entropy","10m","101_a","sa_entropy","Spectral angle entropy","final_70_iteration_bootstrap",70,2.85194601345427,0.00891326463900113,0.00312532726669865,0.00106533888991027
"final_sa_entropy","10m","101_b","sa_entropy","Spectral angle entropy","final_70_iteration_bootstrap",70,2.72375795683688,0.114813003821564,0.0421524253039346,0.0137227786891152
"final_sa_entropy","10m","101_c","sa_entropy","Spectral angle entropy","final_70_iteration_bootstrap",70,2.76892416645651,0.0110677327022351,0.00399712380581331,0.00132284707661773
"final_sa_entropy","10m","101_d","sa_entropy","Spectral angle entropy","final_70_iteration_bootstrap",70,2.8101464765213,0.00834681445412066,0.00297024177346557,0.000997635143237085
"final_sa_entropy","10m","1010_a","sa_entropy","Spectral angle entropy","final_70_iteration_bootstrap",70,2.75106404116264,0.00731069872281866,0.0026574076842388,0.000873795626773727
"final_sa_entropy","10m","1010_b","sa_entropy","Spectral angle entropy","final_70_iteration_bootstrap",70,2.80881356087747,0.00927449778215946,0.00330192715933133,0.00110851450864454
"final_sa_entropy","10m","1010_c","sa_entropy","Spectral angle entropy","final_70_iteration_bootstrap",70,2.78202990814551,0.00987182579830651,0.00354842547501116,0.00117990886205013
"final_sa_entropy","10m","1010_d","sa_entropy","Spectral angle entropy","final_70_iteration_bootstrap",70,2.7771777916677,0.0828497810751517,0.0298323648286846,0.00990244286181125
"final_sa_entropy","10m","1011_a","sa_entropy","Spectral angle entropy","final_70_iteration_bootstrap",70,2.80014257426152,0.0818760698172699,0.0292399646253238,0.00978606210654612
"final_sa_entropy","10m","1011_b","sa_entropy","Spectral angle entropy","final_70_iteration_bootstrap",70,2.75301206039817,0.00953624544489853,0.00346393159044836,0.00113979933813775
"final_sa_entropy","10m","1011_c","sa_entropy","Spectral angle entropy","final_70_iteration_bootstrap",70,2.79991355478852,0.0101439619187018,0.00362295539494537,0.0012124353497231
"final_sa_entropy","10m","1011_d","sa_entropy","Spectral angle entropy","final_70_iteration_bootstrap",70,2.7659407638256,0.00956009745682196,0.00345636377389344,0.00114265019884186
"final_sa_entropy","10m","1012_a","sa_entropy","Spectral angle entropy","final_70_iteration_bootstrap",70,2.79717833074624,0.0102106528302223,0.00365034031544863,0.00122040643826629
"final_sa_entropy","10m","1012_b","sa_entropy","Spectral angle entropy","final_70_iteration_bootstrap",70,2.85369444325078,0.00879690775684084,0.00308263828933972,0.00105143158246518
"final_sa_entropy","10m","1012_c","sa_entropy","Spectral angle entropy","final_70_iteration_bootstrap",70,2.87393324605681,0.0102667258705483,0.00357236059140721,0.00122710844846729
"final_sa_entropy","10m","1012_d","sa_entropy","Spectral angle entropy","final_70_iteration_bootstrap",70,2.79263127381835,0.00976465783570247,0.0034965797050433,0.00116709984055929
"final_sa_entropy","10m","1013_a","sa_entropy","Spectral angle entropy","final_70_iteration_bootstrap",70,2.74249020902693,0.191329219592936,0.069764777632815,0.02286821570591
"final_sa_entropy","10m","1013_b","sa_entropy","Spectral angle entropy","final_70_iteration_bootstrap",70,2.97130637807386,0.0831965395952505,0.0279999868775506,0.00994388843218651
"final_sa_entropy","10m","1013_c","sa_entropy","Spectral angle entropy","final_70_iteration_bootstrap",70,2.97885876410192,0.00968919016100744,0.00325265174629002,0.00115807972817174
"final_sa_entropy","10m","1013_d","sa_entropy","Spectral angle entropy","final_70_iteration_bootstrap",70,2.87865865429179,0.00991337768592167,0.00344374893881281,0.00118487526253508
"final_sa_entropy","10m","1014_a","sa_entropy","Spectral angle entropy","final_70_iteration_bootstrap",70,3.12601381236971,0.00711148614347306,0.00227493753077249,0.000849985169356412
"final_sa_entropy","10m","1014_b","sa_entropy","Spectral angle entropy","final_70_iteration_bootstrap",70,3.03576524541034,0.00857365962659875,0.00282421693823689,0.00102474832724061
"final_sa_entropy","10m","1014_c","sa_entropy","Spectral angle entropy","final_70_iteration_bootstrap",70,3.02787601267205,0.008369492934149,0.00276414651693847,0.00100034574005169
"final_sa_entropy","10m","1014_d","sa_entropy","Spectral angle entropy","final_70_iteration_bootstrap",70,2.99493936551989,0.00709058695204575,0.00236752270636201,0.000847487238205824
"final_sa_entropy","10m","1015_a","sa_entropy","Spectral angle entropy","final_70_iteration_bootstrap",70,2.97601417321757,0.00688628135082816,0.00231392760585644,0.000823068048243571
"final_sa_entropy","10m","1015_b","sa_entropy","Spectral angle entropy","final_70_iteration_bootstrap",70,3.03955868463154,0.00728363115593514,0.00239627916801287,0.000870560433741302
"final_sa_entropy","10m","1015_c","sa_entropy","Spectral angle entropy","final_70_iteration_bootstrap",70,3.04525044882768,0.160820722327929,0.0528103435268648,0.0192217528300163
"final_sa_entropy","10m","1015_d","sa_entropy","Spectral angle entropy","final_70_iteration_bootstrap",70,3.04653270645314,0.00770483545041744,0.0025290506266672,0.000920903976055277
"final_sa_entropy","10m","1016_b","sa_entropy","Spectral angle entropy","final_70_iteration_bootstrap",70,3.06445292740076,0.00638001840342688,0.0020819436795325,0.000762558052385575
"final_sa_entropy","10m","1016_c","sa_entropy","Spectral angle entropy","final_70_iteration_bootstrap",70,2.95819253039896,0.00748626805683048,0.00253068993309264,0.000894780175866999
"final_sa_entropy","10m","1016_d","sa_entropy","Spectral angle entropy","final_70_iteration_bootstrap",70,2.90558281989579,0.0079824409651117,0.00274727703868995,0.000954084181382435
"final_sa_entropy","10m","1017_a","sa_entropy","Spectral angle entropy","final_70_iteration_bootstrap",70,2.93546130857236,0.00674688308514684,0.00229840640905199,0.00080640676872018
"final_sa_entropy","10m","1017_b","sa_entropy","Spectral angle entropy","final_70_iteration_bootstrap",70,2.86637374546051,0.00611037683690529,0.00213174462910928,0.00073032972092834
"final_sa_entropy","10m","1017_c","sa_entropy","Spectral angle entropy","final_70_iteration_bootstrap",70,2.83649915251303,0.00822136755960634,0.00289842059438746,0.000982641371509518
"final_sa_entropy","10m","1017_d","sa_entropy","Spectral angle entropy","final_70_iteration_bootstrap",70,2.88526799565235,0.00859421150198268,0.00297865276810779,0.00102720474618404
"final_sa_entropy","10m","1018_a","sa_entropy","Spectral angle entropy","final_70_iteration_bootstrap",70,2.96854841195814,0.0074471950954619,0.00250869922331821,0.000890110063739084
"final_sa_entropy","10m","1018_b","sa_entropy","Spectral angle entropy","final_70_iteration_bootstrap",70,3.19511935884301,0.00673667138394276,0.00210842557893743,0.000805186236977271
"final_sa_entropy","10m","1018_c","sa_entropy","Spectral angle entropy","final_70_iteration_bootstrap",70,3.12950407414604,0.00686991550208975,0.00219520899775929,0.000821111955180752
"final_sa_entropy","10m","1018_d","sa_entropy","Spectral angle entropy","final_70_iteration_bootstrap",70,2.8932964171842,0.00691528027196375,0.00239010432214678,0.00082653408226168
"final_sa_entropy","10m","1019_a","sa_entropy","Spectral angle entropy","final_70_iteration_bootstrap",70,2.92391293926913,0.00798267791171646,0.00273013529387501,0.000954112501918525
"final_sa_entropy","10m","1019_b","sa_entropy","Spectral angle entropy","final_70_iteration_bootstrap",70,2.84162910216819,0.00984391572000021,0.00346418035784093,0.00117657296964208
"final_sa_entropy","10m","1019_c","sa_entropy","Spectral angle entropy","final_70_iteration_bootstrap",70,2.85535179738726,0.00926081338950231,0.00324331782793848,0.00110687891088402
"final_sa_entropy","10m","1019_d","sa_entropy","Spectral angle entropy","final_70_iteration_bootstrap",70,2.88357923366294,0.00865505771259106,0.00300149814215327,0.00103447725935291
"final_sa_entropy","10m","102_a","sa_entropy","Spectral angle entropy","final_70_iteration_bootstrap",70,2.87886431455721,0.00843466065314706,0.00292985696147489,0.00100813477226685
"final_sa_entropy","10m","102_b","sa_entropy","Spectral angle entropy","final_70_iteration_bootstrap",70,2.8625639888642,0.00853248401461096,0.0029807138103475,0.00101982690029514
"final_sa_entropy","10m","102_c","sa_entropy","Spectral angle entropy","final_70_iteration_bootstrap",70,2.78967697185516,0.00823388017045361,0.00295155326352284,0.000984136914555731
"final_sa_entropy","10m","102_d","sa_entropy","Spectral angle entropy","final_70_iteration_bootstrap",70,2.80271981295096,0.231294063586277,0.0825248612142752,0.0276449281967527
"final_sa_entropy","10m","1020_a","sa_entropy","Spectral angle entropy","final_70_iteration_bootstrap",70,2.76442731911433,0.00864374367688622,0.00312677552313276,0.00103312497343677
"final_sa_entropy","10m","1020_b","sa_entropy","Spectral angle entropy","final_70_iteration_bootstrap",70,2.82059080049043,0.00991740864751364,0.00351607494635141,0.00118535705459686
"final_sa_entropy","10m","1020_c","sa_entropy","Spectral angle entropy","final_70_iteration_bootstrap",70,2.7554470415512,0.00932147781067979,0.00338292758674549,0.00111412969606002
"final_sa_entropy","10m","1020_d","sa_entropy","Spectral angle entropy","final_70_iteration_bootstrap",70,2.81424667867297,0.00826291511944547,0.00293610193522259,0.000987607254726294
"final_sa_entropy","10m","1021_a","sa_entropy","Spectral angle entropy","final_70_iteration_bootstrap",70,2.81339299677194,0.114829072933486,0.0408151556022353,0.0137246993153448
"final_sa_entropy","10m","1021_b","sa_entropy","Spectral angle entropy","final_70_iteration_bootstrap",70,2.75768788029689,0.0825121458344002,0.0299207703757674,0.00986208773188468
"final_sa_entropy","10m","1021_c","sa_entropy","Spectral angle entropy","final_70_iteration_bootstrap",70,2.82256488367107,0.290536993006349,0.102933680882642,0.0347258126111175
"final_sa_entropy","10m","1021_d","sa_entropy","Spectral angle entropy","final_70_iteration_bootstrap",70,2.75022438829374,0.114481060930654,0.0416260801911071,0.0136831039251272
"final_sa_entropy","10m","1022_a","sa_entropy","Spectral angle entropy","final_70_iteration_bootstrap",70,2.87245163627917,0.297686562543375,0.103635012956731,0.0355803496166254
"final_sa_entropy","10m","1022_b","sa_entropy","Spectral angle entropy","final_70_iteration_bootstrap",70,2.75507659054856,0.11616623921317,0.0421644318752098,0.0138845212546364
"final_sa_entropy","10m","1022_c","sa_entropy","Spectral angle entropy","final_70_iteration_bootstrap",70,2.73484782987417,0.113264519468914,0.041415291275685,0.0135376994091758
"final_sa_entropy","10m","1022_d","sa_entropy","Spectral angle entropy","final_70_iteration_bootstrap",70,2.91181223364855,0.332187825091971,0.114082845471026,0.0397040392222493
"final_sa_entropy","10m","1023_a","sa_entropy","Spectral angle entropy","final_70_iteration_bootstrap",70,3.18306549631088,0.231652845765114,0.0727766506952482,0.0276878108692192
"final_sa_entropy","10m","1023_b","sa_entropy","Spectral angle entropy","final_70_iteration_bootstrap",70,2.81749044961789,0.307605875464628,0.109177255776092,0.0367659342754676
"final_sa_entropy","10m","1023_c","sa_entropy","Spectral angle entropy","final_70_iteration_bootstrap",70,2.73439639370514,0.192960734051807,0.0705679449022177,0.0230632189816885
"final_sa_entropy","10m","1023_d","sa_entropy","Spectral angle entropy","final_70_iteration_bootstrap",70,2.82061977402042,0.00929154598812646,0.00329415048199941,0.0011105521589955
"final_sa_entropy","10m","1024_a","sa_entropy","Spectral angle entropy","final_70_iteration_bootstrap",70,2.73340197013786,0.0102223194621573,0.0037397790642705,0.00122180086749262
"final_sa_entropy","10m","1024_b","sa_entropy","Spectral angle entropy","final_70_iteration_bootstrap",70,2.90287216759859,0.193403405087497,0.0666248439205269,0.0231161282903265
"final_sa_entropy","10m","1024_c","sa_entropy","Spectral angle entropy","final_70_iteration_bootstrap",70,2.63532749390031,0.331409597352898,0.125756513420049,0.0396110232164176
"final_sa_entropy","10m","1024_d","sa_entropy","Spectral angle entropy","final_70_iteration_bootstrap",70,2.70595964160742,0.140084384116495,0.0517688371853471,0.0167432863617023
"final_sa_entropy","10m","103_a","sa_entropy","Spectral angle entropy","final_70_iteration_bootstrap",70,2.82616960350146,0.0098188097089085,0.00347424644888388,0.00117357222736977
"final_sa_entropy","10m","103_b","sa_entropy","Spectral angle entropy","final_70_iteration_bootstrap",70,2.80824447269157,0.00885137989627496,0.00315192640183187,0.00105794224841151
"final_sa_entropy","10m","103_c","sa_entropy","Spectral angle entropy","final_70_iteration_bootstrap",70,2.79655587340317,0.00812057076180696,0.00290377561880247,0.000970593849863607
"final_sa_entropy","10m","103_d","sa_entropy","Spectral angle entropy","final_70_iteration_bootstrap",70,2.83678165753289,0.00869019929856447,0.00306340083505835,0.00103867748224619
"final_sa_entropy","10m","104_a","sa_entropy","Spectral angle entropy","final_70_iteration_bootstrap",70,2.83043456250889,0.00803070264176101,0.00283726843507826,0.000959852555049005
"final_sa_entropy","10m","104_b","sa_entropy","Spectral angle entropy","final_70_iteration_bootstrap",70,2.79179141215578,0.159603703606846,0.0571689213284035,0.0190762912706629
"final_sa_entropy","10m","104_c","sa_entropy","Spectral angle entropy","final_70_iteration_bootstrap",70,2.80114049930835,0.176223648331092,0.0629113921185332,0.0210627546126604
"final_sa_entropy","10m","104_d","sa_entropy","Spectral angle entropy","final_70_iteration_bootstrap",70,2.82167506892261,0.231974554932998,0.0822116470772702,0.0277262624693532
"final_sa_entropy","10m","105_a","sa_entropy","Spectral angle entropy","final_70_iteration_bootstrap",70,2.82971625247808,0.0083778864505547,0.00296068075490534,0.0010013489571458
"final_sa_entropy","10m","105_b","sa_entropy","Spectral angle entropy","final_70_iteration_bootstrap",70,2.90937433334239,0.0107892362442011,0.00370843865657057,0.00128956038319367
"final_sa_entropy","10m","105_c","sa_entropy","Spectral angle entropy","final_70_iteration_bootstrap",70,2.94240837052683,0.0104212998361005,0.00354175849297038,0.00124558357105591
"final_sa_entropy","10m","105_d","sa_entropy","Spectral angle entropy","final_70_iteration_bootstrap",70,2.99106770863526,0.00775303069777255,0.00259206124802506,0.000926664409902555
"final_sa_entropy","10m","106_a","sa_entropy","Spectral angle entropy","final_70_iteration_bootstrap",70,2.99575414886308,0.00854024380536456,0.00285078260130447,0.00102075437268626
"final_sa_entropy","10m","106_b","sa_entropy","Spectral angle entropy","final_70_iteration_bootstrap",70,2.9149295404359,0.0106376946673524,0.00364938312222863,0.00127144770037835
"final_sa_entropy","10m","106_c","sa_entropy","Spectral angle entropy","final_70_iteration_bootstrap",70,2.80868371542098,0.0081575680971913,0.00290440965367602,0.000975015877235657
"final_sa_entropy","10m","106_d","sa_entropy","Spectral angle entropy","final_70_iteration_bootstrap",70,2.87636428076548,0.00847831292543936,0.00294757968666717,0.00101335221673747
"final_sa_entropy","10m","107_a","sa_entropy","Spectral angle entropy","final_70_iteration_bootstrap",70,2.89977019509019,0.00834377591977952,0.00287739212366103,0.000997271968919588
"final_sa_entropy","10m","107_b","sa_entropy","Spectral angle entropy","final_70_iteration_bootstrap",70,2.85884884722456,0.00833515833061144,0.00291556454224693,0.00099624197000787
"final_sa_entropy","10m","107_c","sa_entropy","Spectral angle entropy","final_70_iteration_bootstrap",70,2.7491911778205,0.00967972528446859,0.00352093567102978,0.00115694845904944
"final_sa_entropy","10m","107_d","sa_entropy","Spectral angle entropy","final_70_iteration_bootstrap",70,2.80644054003199,0.160866714717353,0.0573205497934831,0.0192272499719814
"final_sa_entropy","10m","108_a","sa_entropy","Spectral angle entropy","final_70_iteration_bootstrap",70,2.78917136137195,0.231992224746373,0.0831760385752202,0.0277283744159999
"final_sa_entropy","10m","108_b","sa_entropy","Spectral angle entropy","final_70_iteration_bootstrap",70,2.90797339615432,0.307096638148062,0.10560503701794,0.0367050687744976
"final_sa_entropy","10m","108_c","sa_entropy","Spectral angle entropy","final_70_iteration_bootstrap",70,2.82622280785807,0.0823635920859805,0.0291426393761227,0.00984433216287117
"final_sa_entropy","10m","108_d","sa_entropy","Spectral angle entropy","final_70_iteration_bootstrap",70,2.88952469978247,0.313412852282886,0.108465192322627,0.03746000075816
"final_sa_entropy","10m","109_a","sa_entropy","Spectral angle entropy","final_70_iteration_bootstrap",70,2.75050630269938,0.160363688738635,0.0583033344011072,0.0191671268678812
"final_sa_entropy","10m","109_b","sa_entropy","Spectral angle entropy","final_70_iteration_bootstrap",70,2.79698242725229,0.0105931654053946,0.00378735500880539,0.0012661254355939
"final_sa_entropy","10m","109_c","sa_entropy","Spectral angle entropy","final_70_iteration_bootstrap",70,2.7264527028902,0.0108251552184937,0.00397041738777217,0.00129385352176292
"final_sa_entropy","10m","109_d","sa_entropy","Spectral angle entropy","final_70_iteration_bootstrap",70,2.80224321292247,0.00988427587333571,0.00352727266061512,0.00118139693063645
"final_sa_entropy","10m","11_a","sa_entropy","Spectral angle entropy","final_70_iteration_bootstrap",70,2.76057591991277,0.0804038983915495,0.0291257696669651,0.00961010396595956
"final_sa_entropy","10m","11_b","sa_entropy","Spectral angle entropy","final_70_iteration_bootstrap",70,2.77223952314846,0.0105479785197363,0.00380485828575046,0.00126072456974335
"final_sa_entropy","10m","11_c","sa_entropy","Spectral angle entropy","final_70_iteration_bootstrap",70,2.71753081990538,0.0085662087841326,0.00315220299302102,0.00102385778123269
"final_sa_entropy","10m","11_d","sa_entropy","Spectral angle entropy","final_70_iteration_bootstrap",70,2.72166016783295,0.232151541093001,0.0852977692941898,0.0277474163615424
"final_sa_entropy","10m","110_a","sa_entropy","Spectral angle entropy","final_70_iteration_bootstrap",70,3.24956899948264,0.00762884254794553,0.00234764750314891,0.000911821086941199
"final_sa_entropy","10m","110_b","sa_entropy","Spectral angle entropy","final_70_iteration_bootstrap",70,2.96967811316948,0.11164400397272,0.0375946482137637,0.0133440107608838
"final_sa_entropy","10m","110_c","sa_entropy","Spectral angle entropy","final_70_iteration_bootstrap",70,2.85687646771322,0.0089987057979301,0.00314984070876998,0.00107555106166693
"final_sa_entropy","10m","110_d","sa_entropy","Spectral angle entropy","final_70_iteration_bootstrap",70,2.91350310906213,0.00901964642331683,0.00309580806530194,0.00107805394512289
"final_sa_entropy","10m","1100_a","sa_entropy","Spectral angle entropy","final_70_iteration_bootstrap",70,2.82801876765238,0.010684190312314,0.00377797716002544,0.00127700499288511
"final_sa_entropy","10m","1100_b","sa_entropy","Spectral angle entropy","final_70_iteration_bootstrap",70,2.77081303755601,0.00754054885733069,0.00272142102520992,0.000901267972436541
"final_sa_entropy","10m","1100_c","sa_entropy","Spectral angle entropy","final_70_iteration_bootstrap",70,2.75995068921228,0.179874645934815,0.0651731375628863,0.0214991322915185
"final_sa_entropy","10m","1100_d","sa_entropy","Spectral angle entropy","final_70_iteration_bootstrap",70,2.90074629400709,0.0100925147207526,0.00347928212184691,0.0012062862334372
"final_sa_entropy","10m","1101_a","sa_entropy","Spectral angle entropy","final_70_iteration_bootstrap",70,2.86080989373573,0.285423024814413,0.0997700075909972,0.0341145765020947
"final_sa_entropy","10m","1101_b","sa_entropy","Spectral angle entropy","final_70_iteration_bootstrap",70,2.79616759676244,0.00895658880118195,0.00320316593738958,0.00107051711772167
"final_sa_entropy","10m","1101_c","sa_entropy","Spectral angle entropy","final_70_iteration_bootstrap",70,2.80482863815112,0.0100204700637963,0.00357257834845893,0.00119767524992282
"final_sa_entropy","10m","1101_d","sa_entropy","Spectral angle entropy","final_70_iteration_bootstrap",70,2.73909731347523,0.00963931953359128,0.00351915920846251,0.00115211904810642
"final_sa_entropy","10m","1102_a","sa_entropy","Spectral angle entropy","final_70_iteration_bootstrap",70,2.71218166850206,0.112800863091438,0.0415904525871004,0.0134822818724499
"final_sa_entropy","10m","1102_b","sa_entropy","Spectral angle entropy","final_70_iteration_bootstrap",70,2.70569973861268,0.0108909278381093,0.00402517976502948,0.00130171485343046
"final_sa_entropy","10m","1102_c","sa_entropy","Spectral angle entropy","final_70_iteration_bootstrap",70,2.70432316561527,0.0819873097609995,0.0303171273328002,0.00979935782287076
"final_sa_entropy","10m","1102_d","sa_entropy","Spectral angle entropy","final_70_iteration_bootstrap",70,2.82660455596352,0.00872586998250766,0.00308705013727441,0.00104294094444254
"final_sa_entropy","10m","1103_a","sa_entropy","Spectral angle entropy","final_70_iteration_bootstrap",70,2.83422699031161,0.0111463566441269,0.00393276779955489,0.0013322444350905
"final_sa_entropy","10m","1103_b","sa_entropy","Spectral angle entropy","final_70_iteration_bootstrap",70,2.91513838634433,0.00842238999281,0.0028891904522488,0.00100666814783782
"final_sa_entropy","10m","1103_c","sa_entropy","Spectral angle entropy","final_70_iteration_bootstrap",70,2.89806333630433,0.115113549261078,0.0397208535158769,0.0137587007398864
"final_sa_entropy","10m","1103_d","sa_entropy","Spectral angle entropy","final_70_iteration_bootstrap",70,2.80077212572964,0.0109764986541353,0.00391909736365137,0.0013119425221743
"final_sa_entropy","10m","1104_a","sa_entropy","Spectral angle entropy","final_70_iteration_bootstrap",70,2.95859983018448,0.0109574594411376,0.00370359631922726,0.00130966690096689
"final_sa_entropy","10m","1104_b","sa_entropy","Spectral angle entropy","final_70_iteration_bootstrap",70,2.85896810854118,0.00898458687892861,0.00314259779676699,0.00107386352807459
"final_sa_entropy","10m","1104_c","sa_entropy","Spectral angle entropy","final_70_iteration_bootstrap",70,2.8818966265226,0.0101504063851674,0.00352212716158914,0.00121320561079226
"final_sa_entropy","10m","1104_d","sa_entropy","Spectral angle entropy","final_70_iteration_bootstrap",70,2.74374719940241,0.0811058053622492,0.0295602325826207,0.00969399789520671
"final_sa_entropy","10m","1105_a","sa_entropy","Spectral angle entropy","final_70_iteration_bootstrap",70,2.88205102596461,0.0113574229045145,0.00394074317289829,0.00135747167837855
"final_sa_entropy","10m","1105_b","sa_entropy","Spectral angle entropy","final_70_iteration_bootstrap",70,2.95431119885367,0.0107822844121872,0.00364967794062146,0.00128872948034264
"final_sa_entropy","10m","1105_c","sa_entropy","Spectral angle entropy","final_70_iteration_bootstrap",70,2.81816444914747,0.00761843680812811,0.00270333294795226,0.000910577363148092
"final_sa_entropy","10m","1105_d","sa_entropy","Spectral angle entropy","final_70_iteration_bootstrap",70,2.87035442494808,0.010314550884037,0.00359347639942534,0.00123282463090364
"final_sa_entropy","10m","1106_a","sa_entropy","Spectral angle entropy","final_70_iteration_bootstrap",70,2.79798247637465,0.159245520404842,0.0569144094895034,0.0190334801896211
"final_sa_entropy","10m","1106_b","sa_entropy","Spectral angle entropy","final_70_iteration_bootstrap",70,2.81597472242736,0.251059342852897,0.0891553964790155,0.0300073309218475
"final_sa_entropy","10m","1106_c","sa_entropy","Spectral angle entropy","final_70_iteration_bootstrap",70,2.77404015588524,0.00953252917075663,0.00343633423998314,0.0011393551584203
"final_sa_entropy","10m","1106_d","sa_entropy","Spectral angle entropy","final_70_iteration_bootstrap",70,2.80019528655023,0.114151275437904,0.040765469460716,0.0136436870195393
"final_sa_entropy","10m","1107_a","sa_entropy","Spectral angle entropy","final_70_iteration_bootstrap",70,2.9403165111039,0.336224921924899,0.114349907792297,0.0401865645855862
"final_sa_entropy","10m","1107_b","sa_entropy","Spectral angle entropy","final_70_iteration_bootstrap",70,2.78994487721856,0.14099524944799,0.0505369301735294,0.0168521555920477
"final_sa_entropy","10m","1107_c","sa_entropy","Spectral angle entropy","final_70_iteration_bootstrap",70,2.8735055506649,0.00954280735343455,0.00332096360531701,0.00114058363621916
"final_sa_entropy","10m","1107_d","sa_entropy","Spectral angle entropy","final_70_iteration_bootstrap",70,2.86163790906137,0.00823596715850957,0.00287806054442821,0.000984386357338913
"final_sa_entropy","10m","1108_a","sa_entropy","Spectral angle entropy","final_70_iteration_bootstrap",70,3.09167674822434,0.0119058244614127,0.0038509279691839,0.00142301820139937
"final_sa_entropy","10m","1108_b","sa_entropy","Spectral angle entropy","final_70_iteration_bootstrap",70,3.07019696135906,0.0107823509508749,0.00351194111862517,0.00128873743323696
"final_sa_entropy","10m","1108_c","sa_entropy","Spectral angle entropy","final_70_iteration_bootstrap",70,2.86001153680147,0.00871603012646997,0.00304755068793101,0.00104176485669774
"final_sa_entropy","10m","1108_d","sa_entropy","Spectral angle entropy","final_70_iteration_bootstrap",70,2.85796544194843,0.0102014635666511,0.00356948457700602,0.00121930811119439
"final_sa_entropy","10m","1109_a","sa_entropy","Spectral angle entropy","final_70_iteration_bootstrap",70,3.00077718052258,0.00748996192084593,0.00249600735751448,0.000895221677062024
"final_sa_entropy","10m","1109_b","sa_entropy","Spectral angle entropy","final_70_iteration_bootstrap",70,2.79452894638298,0.00846268613180849,0.0030283050539741,0.00101148445765549
"final_sa_entropy","10m","1109_c","sa_entropy","Spectral angle entropy","final_70_iteration_bootstrap",70,2.87035729896117,0.00830787432522649,0.00289436939722914,0.000992980907626537
"final_sa_entropy","10m","1109_d","sa_entropy","Spectral angle entropy","final_70_iteration_bootstrap",70,2.79181948510227,0.00963926353960334,0.00345268151864419,0.00115211235554478
"final_sa_entropy","10m","111_a","sa_entropy","Spectral angle entropy","final_70_iteration_bootstrap",70,2.88467689484219,0.00751377276755969,0.00260471901757675,0.000898067617582501
"final_sa_entropy","10m","111_b","sa_entropy","Spectral angle entropy","final_70_iteration_bootstrap",70,2.7594008836799,0.27496831455418,0.0996478315928803,0.0328649996215615
"final_sa_entropy","10m","111_c","sa_entropy","Spectral angle entropy","final_70_iteration_bootstrap",70,3.10182920163524,0.0818632991051178,0.0263919428774353,0.00978453571449355
"final_sa_entropy","10m","111_d","sa_entropy","Spectral angle entropy","final_70_iteration_bootstrap",70,2.95180782757939,0.0111120743544217,0.00376449789535727,0.00132814691774558
"final_sa_entropy","10m","1110_a","sa_entropy","Spectral angle entropy","final_70_iteration_bootstrap",70,2.64896242408516,0.00902433132191409,0.0034067419151975,0.00107861389760642
"final_sa_entropy","10m","1110_b","sa_entropy","Spectral angle entropy","final_70_iteration_bootstrap",70,2.74898610026209,0.0814864338691149,0.0296423593634562,0.00973949170330012
"final_sa_entropy","10m","1110_c","sa_entropy","Spectral angle entropy","final_70_iteration_bootstrap",70,2.74748705055968,0.139219176949807,0.0506714588232354,0.0166398743258397
"final_sa_entropy","10m","1110_d","sa_entropy","Spectral angle entropy","final_70_iteration_bootstrap",70,2.86461611030859,0.260722977087816,0.091014979685962,0.0311623561326193
"final_sa_entropy","10m","1111_a","sa_entropy","Spectral angle entropy","final_70_iteration_bootstrap",70,2.82463142890975,0.0087453422690069,0.00309610031931933,0.00104526832783384
"final_sa_entropy","10m","1111_b","sa_entropy","Spectral angle entropy","final_70_iteration_bootstrap",70,2.80555129697908,0.139781370957741,0.0498231385425932,0.0167070693620676
"final_sa_entropy","10m","1111_c","sa_entropy","Spectral angle entropy","final_70_iteration_bootstrap",70,2.78721692078871,0.0115316366056984,0.00413733015169672,0.00137829419835785
"final_sa_entropy","10m","1111_d","sa_entropy","Spectral angle entropy","final_70_iteration_bootstrap",70,2.82240504665999,0.00908018331959826,0.00321717938052289,0.00108528948815848
"final_sa_entropy","10m","1112_a","sa_entropy","Spectral angle entropy","final_70_iteration_bootstrap",70,2.78294416951029,0.0834100713065912,0.0299718809383333,0.00996941035322596
"final_sa_entropy","10m","1112_b","sa_entropy","Spectral angle entropy","final_70_iteration_bootstrap",70,2.88513421801481,0.0092189987935978,0.0031953448598801,0.00110188111075273
"final_sa_entropy","10m","1112_c","sa_entropy","Spectral angle entropy","final_70_iteration_bootstrap",70,2.93198768739987,0.00827489991398625,0.00282228330956074,0.000989039711657508
"final_sa_entropy","10m","1112_d","sa_entropy","Spectral angle entropy","final_70_iteration_bootstrap",70,2.81120491619378,0.0114997919957486,0.00409069859315653,0.00137448803947134
"final_sa_entropy","10m","1113_a","sa_entropy","Spectral angle entropy","final_70_iteration_bootstrap",70,2.81230470718477,0.0102216281365033,0.00363460904872414,0.00122171823827261
"final_sa_entropy","10m","1113_b","sa_entropy","Spectral angle entropy","final_70_iteration_bootstrap",70,2.82090502140409,0.0114934274083266,0.00407437589040336,0.001373727325774
"final_sa_entropy","10m","1113_c","sa_entropy","Spectral angle entropy","final_70_iteration_bootstrap",70,2.75978640458003,0.0109098338171943,0.00395314427199465,0.00130397455013945
"final_sa_entropy","10m","1113_d","sa_entropy","Spectral angle entropy","final_70_iteration_bootstrap",70,2.83761776276717,0.0107772442421996,0.00379799012524149,0.00128812706480613
"final_sa_entropy","10m","1114_a","sa_entropy","Spectral angle entropy","final_70_iteration_bootstrap",70,2.85078782847221,0.0101393622049132,0.00355668777018283,0.00121188557877161
"final_sa_entropy","10m","1114_b","sa_entropy","Spectral angle entropy","final_70_iteration_bootstrap",70,3.06521077425904,0.115306639296953,0.0376178500562743,0.013781779413392
"final_sa_entropy","10m","1114_c","sa_entropy","Spectral angle entropy","final_70_iteration_bootstrap",70,2.9544755766254,0.010559040326744,0.00357391356025509,0.001262046708564
"final_sa_entropy","10m","1114_d","sa_entropy","Spectral angle entropy","final_70_iteration_bootstrap",70,2.96548217380084,0.081688464707319,0.027546435931739,0.00976363900707906
"final_sa_entropy","10m","1115_b","sa_entropy","Spectral angle entropy","final_70_iteration_bootstrap",70,3.08922704950223,0.00697431208645625,0.00225762366271525,0.000833589733615916
"final_sa_entropy","10m","1116_b","sa_entropy","Spectral angle entropy","final_70_iteration_bootstrap",70,3.11039292025413,0.0066491378465768,0.00213771636479726,0.000794723978163667
"final_sa_entropy","10m","1116_c","sa_entropy","Spectral angle entropy","final_70_iteration_bootstrap",70,2.69316404564192,0.324537607329026,0.120504210597268,0.0387896633084583
"final_sa_entropy","10m","1116_d","sa_entropy","Spectral angle entropy","final_70_iteration_bootstrap",70,3.07898336065191,0.0813205019586198,0.0264114782164337,0.0097196590466376
"final_sa_entropy","10m","1117_a","sa_entropy","Spectral angle entropy","final_70_iteration_bootstrap",70,3.09035189877362,0.00757563338997048,0.00245138212026171,0.000905461376152161
"final_sa_entropy","10m","1117_b","sa_entropy","Spectral angle entropy","final_70_iteration_bootstrap",70,3.01123917535663,0.00748144833127335,0.00248450816942739,0.000894204108479497
"final_sa_entropy","10m","1117_c","sa_entropy","Spectral angle entropy","final_70_iteration_bootstrap",70,2.92214133187534,0.00940179539519614,0.00321743349393794,0.00112372948354468
"final_sa_entropy","10m","1118_a","sa_entropy","Spectral angle entropy","final_70_iteration_bootstrap",70,3.03838898727165,0.00819824504937466,0.00269822102558907,0.000979877702934665
"final_sa_entropy","10m","1118_b","sa_entropy","Spectral angle entropy","final_70_iteration_bootstrap",70,2.90378346878163,0.00743518131419336,0.00256051506392555,0.00088867414223124
"final_sa_entropy","10m","1118_c","sa_entropy","Spectral angle entropy","final_70_iteration_bootstrap",70,2.86110596307299,0.00677610480948561,0.00236835157346206,0.000809899432814558
"final_sa_entropy","10m","1118_d","sa_entropy","Spectral angle entropy","final_70_iteration_bootstrap",70,2.84664688504734,0.00996893899699038,0.00350199353820612,0.00119151610939122
"final_sa_entropy","10m","1119_a","sa_entropy","Spectral angle entropy","final_70_iteration_bootstrap",70,2.81759963783562,0.00799803609886975,0.00283859920744934,0.000955948156385837
"final_sa_entropy","10m","1119_b","sa_entropy","Spectral angle entropy","final_70_iteration_bootstrap",70,2.92655583718436,0.00868182971796643,0.00296656896398711,0.0010376771260283
"final_sa_entropy","10m","1119_c","sa_entropy","Spectral angle entropy","final_70_iteration_bootstrap",70,2.90148855143624,0.00793449061694216,0.00273462758038959,0.000948353018586457
"final_sa_entropy","10m","112_a","sa_entropy","Spectral angle entropy","final_70_iteration_bootstrap",70,2.73666957165051,0.0109434493389824,0.00399882011783481,0.00130799237347533
"final_sa_entropy","10m","112_b","sa_entropy","Spectral angle entropy","final_70_iteration_bootstrap",70,3.06860627904306,0.0110624058560571,0.00360502614219602,0.00132221039672278
"final_sa_entropy","10m","112_c","sa_entropy","Spectral angle entropy","final_70_iteration_bootstrap",70,2.79332891589308,0.0088612622920329,0.00317229462009123,0.00105912342062538
"final_sa_entropy","10m","112_d","sa_entropy","Spectral angle entropy","final_70_iteration_bootstrap",70,2.87034722670179,0.00931947315781961,0.00324681037580539,0.00111389009421499
"final_sa_entropy","10m","1120_b","sa_entropy","Spectral angle entropy","final_70_iteration_bootstrap",70,2.81703768969052,0.0102295363024502,0.00363130970518679,0.00122266344489132
"final_sa_entropy","10m","1120_c","sa_entropy","Spectral angle entropy","final_70_iteration_bootstrap",70,2.90519551607435,0.0097170463272807,0.00334471338452666,0.00116140917685936
"final_sa_entropy","10m","1120_d","sa_entropy","Spectral angle entropy","final_70_iteration_bootstrap",70,2.79351482644328,0.00679732732315697,0.00243325263886692,0.000812436008364758
"final_sa_entropy","10m","1121_a","sa_entropy","Spectral angle entropy","final_70_iteration_bootstrap",70,2.80222076058463,0.0108891502267689,0.00388590020455671,0.00130150238823743
"final_sa_entropy","10m","1121_b","sa_entropy","Spectral angle entropy","final_70_iteration_bootstrap",70,2.7648585106255,0.00922577339982823,0.00333679765686854,0.00110269083107109
"final_sa_entropy","10m","1121_c","sa_entropy","Spectral angle entropy","final_70_iteration_bootstrap",70,2.80271764438984,0.00880187696864632,0.0031404793794569,0.00105202551687676
"final_sa_entropy","10m","1121_d","sa_entropy","Spectral angle entropy","final_70_iteration_bootstrap",70,2.81182653286364,0.00862682103000891,0.00306804880357364,0.00103110233026743
"final_sa_entropy","10m","1122_a","sa_entropy","Spectral angle entropy","final_70_iteration_bootstrap",70,2.73437111164185,0.0817843273761508,0.0299097394014829,0.00977509678751455
"final_sa_entropy","10m","1122_b","sa_entropy","Spectral angle entropy","final_70_iteration_bootstrap",70,2.73772106324253,0.0100268737826712,0.00366248918390375,0.00119844064072336
"final_sa_entropy","10m","1122_c","sa_entropy","Spectral angle entropy","final_70_iteration_bootstrap",70,2.79043609954771,0.296809552424848,0.10636672614469,0.0354755268581915
"final_sa_entropy","10m","1122_d","sa_entropy","Spectral angle entropy","final_70_iteration_bootstrap",70,2.77391026158433,0.115178937520178,0.041522229148968,0.0137665161316855
"final_sa_entropy","10m","1123_a","sa_entropy","Spectral angle entropy","final_70_iteration_bootstrap",70,2.80910681976415,0.140364066218377,0.0499675075475279,0.0167767147666711
"final_sa_entropy","10m","1123_b","sa_entropy","Spectral angle entropy","final_70_iteration_bootstrap",70,2.71102221944391,0.082336879526082,0.0303711562876719,0.00984113940128925
"final_sa_entropy","10m","1123_c","sa_entropy","Spectral angle entropy","final_70_iteration_bootstrap",70,2.79846287950501,0.0104502527650646,0.00373428314579361,0.00124904410795811
"final_sa_entropy","10m","1123_d","sa_entropy","Spectral angle entropy","final_70_iteration_bootstrap",70,2.71818861441713,0.00893685975830963,0.00328779971739598,0.00106815904607409
"final_sa_entropy","10m","1124_a","sa_entropy","Spectral angle entropy","final_70_iteration_bootstrap",70,2.95196559179526,0.344943274292437,0.116852064689093,0.0412286070031802
"final_sa_entropy","10m","1124_b","sa_entropy","Spectral angle entropy","final_70_iteration_bootstrap",70,2.68985018022281,0.00959070590991865,0.00356551676388319,0.00114630860872472
"final_sa_entropy","10m","1124_c","sa_entropy","Spectral angle entropy","final_70_iteration_bootstrap",70,2.71534333280732,0.00926634566911523,0.00341258711454916,0.00110754014477084
"final_sa_entropy","10m","1124_d","sa_entropy","Spectral angle entropy","final_70_iteration_bootstrap",70,2.94980752453076,0.341702535979371,0.115838926146114,0.0408412646884659
"final_sa_entropy","10m","113_a","sa_entropy","Spectral angle entropy","final_70_iteration_bootstrap",70,2.73867563764108,0.141196111805227,0.0515563471133969,0.0168761632356385
"final_sa_entropy","10m","113_b","sa_entropy","Spectral angle entropy","final_70_iteration_bootstrap",70,2.64852564041623,0.227331369465661,0.0858331767669558,0.0271712956584525
"final_sa_entropy","10m","113_c","sa_entropy","Spectral angle entropy","final_70_iteration_bootstrap",70,2.85969362070613,0.0112920670460717,0.00394869819770531,0.0013496601591987
"final_sa_entropy","10m","113_d","sa_entropy","Spectral angle entropy","final_70_iteration_bootstrap",70,2.69862878658091,0.114592867201688,0.0424633679783999,0.0136964673305114
"final_sa_entropy","10m","114_a","sa_entropy","Spectral angle entropy","final_70_iteration_bootstrap",70,2.80729206614488,0.00900660414084192,0.00320828895912147,0.00107649509420839
"final_sa_entropy","10m","114_b","sa_entropy","Spectral angle entropy","final_70_iteration_bootstrap",70,3.02026959455353,0.0120781569434239,0.00399903272383514,0.00144361587268111
"final_sa_entropy","10m","114_c","sa_entropy","Spectral angle entropy","final_70_iteration_bootstrap",70,2.84894120387895,0.00969850893588965,0.00340425029575365,0.00115919353480606
"final_sa_entropy","10m","114_d","sa_entropy","Spectral angle entropy","final_70_iteration_bootstrap",70,2.87335336413753,0.00949969091353956,0.00330613388248925,0.00113543023596965
"final_sa_entropy","10m","115_a","sa_entropy","Spectral angle entropy","final_70_iteration_bootstrap",70,2.75300474631518,0.0830852335350384,0.0301798366480282,0.00993058481343073
"final_sa_entropy","10m","115_b","sa_entropy","Spectral angle entropy","final_70_iteration_bootstrap",70,2.89097005771551,0.01136621965167,0.00393162828557684,0.00135852309076548
"final_sa_entropy","10m","115_c","sa_entropy","Spectral angle entropy","final_70_iteration_bootstrap",70,2.70892908141182,0.117191604427929,0.0432612301414888,0.014007075838606
"final_sa_entropy","10m","115_d","sa_entropy","Spectral angle entropy","final_70_iteration_bootstrap",70,2.85403193002605,0.0127254661656208,0.00445876797373625,0.00152098412282668
"final_sa_entropy","10m","116_a","sa_entropy","Spectral angle entropy","final_70_iteration_bootstrap",70,2.87600856531387,0.333515750076201,0.115964797218816,0.0398627566154695
"final_sa_entropy","10m","116_b","sa_entropy","Spectral angle entropy","final_70_iteration_bootstrap",70,2.73918170632412,0.207508612424338,0.0757556944635147,0.0248020230252851
"final_sa_entropy","10m","116_c","sa_entropy","Spectral angle entropy","final_70_iteration_bootstrap",70,3.09262023780349,0.328418959710695,0.106194402951962,0.0392535736494062
"final_sa_entropy","10m","116_d","sa_entropy","Spectral angle entropy","final_70_iteration_bootstrap",70,2.68971320863078,0.111739170035881,0.0415431539977314,0.0133553852810165
"final_sa_entropy","10m","117_a","sa_entropy","Spectral angle entropy","final_70_iteration_bootstrap",70,2.7246838204762,0.0134121305869343,0.00492245393250446,0.00160305621896328
"final_sa_entropy","10m","117_b","sa_entropy","Spectral angle entropy","final_70_iteration_bootstrap",70,2.73084096771478,0.0109529039531206,0.00401081721074597,0.00130912241600615
"final_sa_entropy","10m","117_c","sa_entropy","Spectral angle entropy","final_70_iteration_bootstrap",70,2.7847153226614,0.0127569813051871,0.00458107196860431,0.00152475090247036
"final_sa_entropy","10m","117_d","sa_entropy","Spectral angle entropy","final_70_iteration_bootstrap",70,3.03750773066536,0.0111015254714327,0.00365481389869614,0.00132688608507109
"final_sa_entropy","10m","118_a","sa_entropy","Spectral angle entropy","final_70_iteration_bootstrap",70,2.7953099792892,0.274814955265855,0.0983128730988666,0.0328466696806701
"final_sa_entropy","10m","118_b","sa_entropy","Spectral angle entropy","final_70_iteration_bootstrap",70,2.75900579756001,0.0807918317555585,0.0292829510641147,0.00965647087147745
"final_sa_entropy","10m","118_c","sa_entropy","Spectral angle entropy","final_70_iteration_bootstrap",70,2.80257931021449,0.00882383230616859,0.00314846836769564,0.00105464968163018
"final_sa_entropy","10m","118_d","sa_entropy","Spectral angle entropy","final_70_iteration_bootstrap",70,2.71824502381079,0.159160435832832,0.0585526449744772,0.0190233106381532
"final_sa_entropy","10m","119_a","sa_entropy","Spectral angle entropy","final_70_iteration_bootstrap",70,2.79164964323438,0.0106006715953581,0.00379727865244448,0.00126702259689305
"final_sa_entropy","10m","119_b","sa_entropy","Spectral angle entropy","final_70_iteration_bootstrap",70,2.81092245654861,0.00967562376964328,0.003442152503034,0.00115645823426335
"final_sa_entropy","10m","119_c","sa_entropy","Spectral angle entropy","final_70_iteration_bootstrap",70,2.71378461486879,0.00892297955482559,0.00328802054000037,0.00106650004444334
"final_sa_entropy","10m","119_d","sa_entropy","Spectral angle entropy","final_70_iteration_bootstrap",70,2.83975464040257,0.0112673103942948,0.00396770560174082,0.00134670117335119
"final_sa_entropy","10m","12_a","sa_entropy","Spectral angle entropy","final_70_iteration_bootstrap",70,2.7530803587243,0.0129231442912704,0.00469406722921034,0.00154461117794828
"final_sa_entropy","10m","12_b","sa_entropy","Spectral angle entropy","final_70_iteration_bootstrap",70,2.84949614604188,0.327802216179512,0.115038659250285,0.039179858698097
"final_sa_entropy","10m","12_c","sa_entropy","Spectral angle entropy","final_70_iteration_bootstrap",70,2.683615445688,0.157393473799792,0.0586497868212414,0.0188121182808035
"final_sa_entropy","10m","12_d","sa_entropy","Spectral angle entropy","final_70_iteration_bootstrap",70,2.93565362438237,0.34567229683084,0.117749687483504,0.0413157418626551
"final_sa_entropy","10m","120_a","sa_entropy","Spectral angle entropy","final_70_iteration_bootstrap",70,2.7889040716059,0.0115083969601902,0.00412649437367112,0.00137551652943963
"final_sa_entropy","10m","120_b","sa_entropy","Spectral angle entropy","final_70_iteration_bootstrap",70,2.71746482490046,0.14068738489095,0.0517715569312302,0.0168153587394103
"final_sa_entropy","10m","120_c","sa_entropy","Spectral angle entropy","final_70_iteration_bootstrap",70,2.7653030949759,0.0106650825839591,0.00385674995386069,0.00127472118252619
"final_sa_entropy","10m","120_d","sa_entropy","Spectral angle entropy","final_70_iteration_bootstrap",70,2.81525116144607,0.00891271331978244,0.00316586791325729,0.00106527299465997
"final_sa_entropy","10m","1200_a","sa_entropy","Spectral angle entropy","final_70_iteration_bootstrap",70,2.80029269783076,0.00954348380034236,0.00340803081325577,0.00114066448708885
"final_sa_entropy","10m","1200_b","sa_entropy","Spectral angle entropy","final_70_iteration_bootstrap",70,2.88699593879671,0.0105821248483293,0.00366544500673592,0.00126480583662716
"final_sa_entropy","10m","1200_c","sa_entropy","Spectral angle entropy","final_70_iteration_bootstrap",70,2.90270402821463,0.00664145100404287,0.0022880221129978,0.000793805224752467
"final_sa_entropy","10m","1200_d","sa_entropy","Spectral angle entropy","final_70_iteration_bootstrap",70,2.79591184230948,0.00952368999681559,0.00340629123304147,0.00113829867506258
"final_sa_entropy","10m","1201_a","sa_entropy","Spectral angle entropy","final_70_iteration_bootstrap",70,2.84984560308888,0.00826203111184436,0.00289911534256078,0.000987501595608723
"final_sa_entropy","10m","1201_b","sa_entropy","Spectral angle entropy","final_70_iteration_bootstrap",70,2.76475841886938,0.00601310820247873,0.00217491270175343,0.000718703895462589
"final_sa_entropy","10m","1201_c","sa_entropy","Spectral angle entropy","final_70_iteration_bootstrap",70,2.89356945939104,0.328329666498473,0.113468735106007,0.0392429010692195
"final_sa_entropy","10m","1201_d","sa_entropy","Spectral angle entropy","final_70_iteration_bootstrap",70,2.76012068968532,0.0820489969556249,0.0297265975586666,0.00980673085285534
"final_sa_entropy","10m","1202_a","sa_entropy","Spectral angle entropy","final_70_iteration_bootstrap",70,2.75669951676244,0.00945941180804011,0.00343142651221906,0.00113061596204451
"final_sa_entropy","10m","1202_b","sa_entropy","Spectral angle entropy","final_70_iteration_bootstrap",70,2.84467359684414,0.0106851176260373,0.00375618406199267,0.0012771158280743
"final_sa_entropy","10m","1202_c","sa_entropy","Spectral angle entropy","final_70_iteration_bootstrap",70,2.81602393862846,0.160916777885165,0.0571432563757036,0.0192332336650257
"final_sa_entropy","10m","1202_d","sa_entropy","Spectral angle entropy","final_70_iteration_bootstrap",70,2.83936120435227,0.00972540209583995,0.00342520778298039,0.00116240788222286
"final_sa_entropy","10m","1203_a","sa_entropy","Spectral angle entropy","final_70_iteration_bootstrap",70,2.8538045711097,0.00990092984685566,0.00346937906929125,0.00118338746119747
"final_sa_entropy","10m","1203_b","sa_entropy","Spectral angle entropy","final_70_iteration_bootstrap",70,3.01494740817896,0.00885779571899584,0.0029379602758464,0.00105870908589835
"final_sa_entropy","10m","1203_c","sa_entropy","Spectral angle entropy","final_70_iteration_bootstrap",70,3.04251222510062,0.00925641176126782,0.00304235811606696,0.00110635281568467
"final_sa_entropy","10m","1203_d","sa_entropy","Spectral angle entropy","final_70_iteration_bootstrap",70,2.90627192756261,0.0107185001512462,0.00368805824726643,0.00128110580299245
"final_sa_entropy","10m","1204_a","sa_entropy","Spectral angle entropy","final_70_iteration_bootstrap",70,2.79354697847517,0.0105349233639367,0.00377116384478598,0.00125916418017225
"final_sa_entropy","10m","1204_b","sa_entropy","Spectral angle entropy","final_70_iteration_bootstrap",70,3.10431544617596,0.139123535252789,0.0448161720884929,0.0166284429565875
"final_sa_entropy","10m","1204_c","sa_entropy","Spectral angle entropy","final_70_iteration_bootstrap",70,3.14393819083953,0.141480869290793,0.0450011611879092,0.0169101982649856
"final_sa_entropy","10m","1204_d","sa_entropy","Spectral angle entropy","final_70_iteration_bootstrap",70,2.90716269553563,0.0105553761298429,0.0036308171352268,0.00126160875326736
"final_sa_entropy","10m","1205_a","sa_entropy","Spectral angle entropy","final_70_iteration_bootstrap",70,2.81997477217637,0.011608300685982,0.00411645550893459,0.00138745730856418
"final_sa_entropy","10m","1205_b","sa_entropy","Spectral angle entropy","final_70_iteration_bootstrap",70,2.84223702312129,0.0107844857983168,0.00379436539267701,0.00128899259631087
"final_sa_entropy","10m","1205_c","sa_entropy","Spectral angle entropy","final_70_iteration_bootstrap",70,2.82516410010348,0.00903777497687522,0.00319902655443773,0.00108022072170877
"final_sa_entropy","10m","1205_d","sa_entropy","Spectral angle entropy","final_70_iteration_bootstrap",70,2.8871856108041,0.0103473069276605,0.00358387312853733,0.00123673972695038
"final_sa_entropy","10m","1206_a","sa_entropy","Spectral angle entropy","final_70_iteration_bootstrap",70,3.04532476899314,0.00784450896561202,0.00257591868213307,0.000937598154187964
"final_sa_entropy","10m","1206_b","sa_entropy","Spectral angle entropy","final_70_iteration_bootstrap",70,2.91426704519632,0.0073271641643358,0.00251423910393298,0.000875763623450388
"final_sa_entropy","10m","1206_c","sa_entropy","Spectral angle entropy","final_70_iteration_bootstrap",70,2.90252110290762,0.00909950894247543,0.00313503627358985,0.00108759934189408
"final_sa_entropy","10m","1206_d","sa_entropy","Spectral angle entropy","final_70_iteration_bootstrap",70,2.96012169698397,0.00711653158784786,0.00240413480131537,0.000850588215302768
"final_sa_entropy","10m","1207_a","sa_entropy","Spectral angle entropy","final_70_iteration_bootstrap",70,2.80304197371867,0.0103346186283255,0.00368692967327029,0.00123522318511348
"final_sa_entropy","10m","1207_b","sa_entropy","Spectral angle entropy","final_70_iteration_bootstrap",70,2.7942375988669,0.00951297232996362,0.00340449657316946,0.0011370176688579
"final_sa_entropy","10m","1207_c","sa_entropy","Spectral angle entropy","final_70_iteration_bootstrap",70,2.82470920192842,0.0109751263908063,0.00388540044522588,0.00131177850533526
"final_sa_entropy","10m","1207_d","sa_entropy","Spectral angle entropy","final_70_iteration_bootstrap",70,2.88321621961774,0.296906071121243,0.102977386538359,0.0354870630489182
"final_sa_entropy","10m","1208_a","sa_entropy","Spectral angle entropy","final_70_iteration_bootstrap",70,3.20564094320405,0.00902892450143857,0.00281657386507365,0.00107916288756397
"final_sa_entropy","10m","1208_b","sa_entropy","Spectral angle entropy","final_70_iteration_bootstrap",70,2.64089950629277,0.333150698589028,0.126150464186612,0.0398191246173346
"final_sa_entropy","10m","1208_c","sa_entropy","Spectral angle entropy","final_70_iteration_bootstrap",70,2.95737805917174,0.0094655559633507,0.00320065807413262,0.00113135032906525
"final_sa_entropy","10m","1208_d","sa_entropy","Spectral angle entropy","final_70_iteration_bootstrap",70,3.04805427378366,0.0827399709601205,0.0271451764070501,0.0098893180427033
"final_sa_entropy","10m","1209_a","sa_entropy","Spectral angle entropy","final_70_iteration_bootstrap",70,2.80025506908998,0.00919414578132421,0.00328332439527093,0.00109891060762298
"final_sa_entropy","10m","1209_b","sa_entropy","Spectral angle entropy","final_70_iteration_bootstrap",70,2.96192530956557,0.00997489504442111,0.00336770647531425,0.00119222799322
"final_sa_entropy","10m","1209_c","sa_entropy","Spectral angle entropy","final_70_iteration_bootstrap",70,2.88364113326787,0.0099797054062214,0.00346080005971892,0.00119280294142449
"final_sa_entropy","10m","1209_d","sa_entropy","Spectral angle entropy","final_70_iteration_bootstrap",70,2.84311757467509,0.009029205961548,0.00317581166602997,0.00107919652848148
"final_sa_entropy","10m","121_a","sa_entropy","Spectral angle entropy","final_70_iteration_bootstrap",70,2.80114099807942,0.220435062984515,0.0786947401561201,0.0263470293779521
"final_sa_entropy","10m","121_b","sa_entropy","Spectral angle entropy","final_70_iteration_bootstrap",70,2.73876190929405,0.206918593280133,0.0755518734863187,0.0247315022491642
"final_sa_entropy","10m","121_c","sa_entropy","Spectral angle entropy","final_70_iteration_bootstrap",70,2.8181301825063,0.31980348500155,0.113480735200505,0.0382238274638695
"final_sa_entropy","10m","121_d","sa_entropy","Spectral angle entropy","final_70_iteration_bootstrap",70,2.81255792946373,0.252954569841511,0.089937550153764,0.0302338538736449
"final_sa_entropy","10m","1210_a","sa_entropy","Spectral angle entropy","final_70_iteration_bootstrap",70,2.91272819533787,0.00860024812433205,0.00295264355187609,0.00102792626055761
"final_sa_entropy","10m","1210_b","sa_entropy","Spectral angle entropy","final_70_iteration_bootstrap",70,2.77644212586846,0.00916000628324415,0.00329918862629954,0.00109483015714162
"final_sa_entropy","10m","1210_c","sa_entropy","Spectral angle entropy","final_70_iteration_bootstrap",70,2.78650902713477,0.00823552112883613,0.00295549773879768,0.000984333046596282
"final_sa_entropy","10m","1210_d","sa_entropy","Spectral angle entropy","final_70_iteration_bootstrap",70,2.92877991435335,0.00822354572318034,0.00280784011214992,0.000982901711851464
"final_sa_entropy","10m","1211_a","sa_entropy","Spectral angle entropy","final_70_iteration_bootstrap",70,2.84462820163399,0.220927331639597,0.0776647477208773,0.0264058667359554
"final_sa_entropy","10m","1211_b","sa_entropy","Spectral angle entropy","final_70_iteration_bootstrap",70,2.78706025828942,0.00982778383385313,0.00352621864009679,0.00117464484045753
"final_sa_entropy","10m","1211_c","sa_entropy","Spectral angle entropy","final_70_iteration_bootstrap",70,2.7177406626363,0.115495323243658,0.0424968153994591,0.0138043314585144
"final_sa_entropy","10m","1211_d","sa_entropy","Spectral angle entropy","final_70_iteration_bootstrap",70,2.84270724086347,0.00736287538708977,0.00259009274020539,0.000880031930961374
"final_sa_entropy","10m","1212_a","sa_entropy","Spectral angle entropy","final_70_iteration_bootstrap",70,2.76029932150867,0.00847359569601263,0.00306981044772394,0.00101278839998071
"final_sa_entropy","10m","1212_b","sa_entropy","Spectral angle entropy","final_70_iteration_bootstrap",70,2.73219665868111,0.00948771940436936,0.00347256094257478,0.00113399936694393
"final_sa_entropy","10m","1212_c","sa_entropy","Spectral angle entropy","final_70_iteration_bootstrap",70,2.93121185983381,0.083516402198021,0.0284921070845954,0.00998211932557525
"final_sa_entropy","10m","1212_d","sa_entropy","Spectral angle entropy","final_70_iteration_bootstrap",70,2.86403006612547,0.0076031378062026,0.00265469901874609,0.000908748782668529
"final_sa_entropy","10m","1213_a","sa_entropy","Spectral angle entropy","final_70_iteration_bootstrap",70,2.78948028594428,0.0108639137446504,0.00389460137051042,0.00129848605169473
"final_sa_entropy","10m","1213_b","sa_entropy","Spectral angle entropy","final_70_iteration_bootstrap",70,2.82359906677316,0.00927962348673121,0.00328645224314232,0.00110912714751925
"final_sa_entropy","10m","1213_c","sa_entropy","Spectral angle entropy","final_70_iteration_bootstrap",70,2.88563706748694,0.00937414744169452,0.00324855386261666,0.00112042492104321
"final_sa_entropy","10m","1213_d","sa_entropy","Spectral angle entropy","final_70_iteration_bootstrap",70,2.886330576253,0.0113535887832571,0.0039335718772713,0.0013570134132367
"final_sa_entropy","10m","1214_a","sa_entropy","Spectral angle entropy","final_70_iteration_bootstrap",70,2.86496499368221,0.00960699249794487,0.00335326697503464,0.00114825522832046
"final_sa_entropy","10m","1214_b","sa_entropy","Spectral angle entropy","final_70_iteration_bootstrap",70,2.9093158364895,0.0109753559418937,0.00377248692088962,0.00131180594193796
"final_sa_entropy","10m","1214_c","sa_entropy","Spectral angle entropy","final_70_iteration_bootstrap",70,2.90825313076046,0.114953286546052,0.0395265753624387,0.0137395456816856
"final_sa_entropy","10m","1214_d","sa_entropy","Spectral angle entropy","final_70_iteration_bootstrap",70,2.75896356492411,0.0107617718302983,0.00390065746685361,0.00128627775787015
"final_sa_entropy","10m","1215_a","sa_entropy","Spectral angle entropy","final_70_iteration_bootstrap",70,2.82079525101366,0.0098473606724403,0.00349098739757933,0.0011769847202135
"final_sa_entropy","10m","1215_b","sa_entropy","Spectral angle entropy","final_70_iteration_bootstrap",70,2.89377194300852,0.218017073659951,0.0753401021067641,0.0260580243761737
"final_sa_entropy","10m","1215_d","sa_entropy","Spectral angle entropy","final_70_iteration_bootstrap",70,2.91092700478648,0.00913886244670205,0.00313950244429864,0.001092302985307
"final_sa_entropy","10m","1216_c","sa_entropy","Spectral angle entropy","final_70_iteration_bootstrap",70,3.11148190064627,0.00738905593479448,0.00237477066257713,0.000883161104923845
"final_sa_entropy","10m","1217_a","sa_entropy","Spectral angle entropy","final_70_iteration_bootstrap",70,2.61380415799658,0.00803187523489293,0.00307286803042244,0.000959992706734843
"final_sa_entropy","10m","1217_b","sa_entropy","Spectral angle entropy","final_70_iteration_bootstrap",70,3.17703493966935,0.00665960015125695,0.00209616837010613,0.000795974462750996
"final_sa_entropy","10m","1218_a","sa_entropy","Spectral angle entropy","final_70_iteration_bootstrap",70,3.1227859446241,0.0829153514795827,0.0265517243096095,0.00991028002414141
"final_sa_entropy","10m","1218_b","sa_entropy","Spectral angle entropy","final_70_iteration_bootstrap",70,3.08300659014048,0.00628539361245662,0.00203872208141151,0.000751248226653581
"final_sa_entropy","10m","1218_c","sa_entropy","Spectral angle entropy","final_70_iteration_bootstrap",70,2.97673891470806,0.00770612042524011,0.00258877941466892,0.00092105755992231
"final_sa_entropy","10m","1218_d","sa_entropy","Spectral angle entropy","final_70_iteration_bootstrap",70,3.08869527302206,0.00672514639424065,0.00217734214604492,0.000803808737235846
"final_sa_entropy","10m","1219_b","sa_entropy","Spectral angle entropy","final_70_iteration_bootstrap",70,2.97972549025858,0.00683376242456964,0.00229342013111973,0.000816790835924
"final_sa_entropy","10m","122_a","sa_entropy","Spectral angle entropy","final_70_iteration_bootstrap",70,3.08284471965491,0.311535987391808,0.101054712683252,0.0372356724967928
"final_sa_entropy","10m","122_b","sa_entropy","Spectral angle entropy","final_70_iteration_bootstrap",70,3.00521856601791,0.342625733726503,0.114010254562117,0.0409516079244104
"final_sa_entropy","10m","122_c","sa_entropy","Spectral angle entropy","final_70_iteration_bootstrap",70,2.8410550544928,0.340984095319225,0.120020235010933,0.0407553946053544
"final_sa_entropy","10m","122_d","sa_entropy","Spectral angle entropy","final_70_iteration_bootstrap",70,2.68028235965481,0.0116947882033093,0.00436326723607413,0.00139779454407016
"final_sa_entropy","10m","1220_c","sa_entropy","Spectral angle entropy","final_70_iteration_bootstrap",70,2.8205816503489,0.00703001867369797,0.00249240034332222,0.000840247944295884
"final_sa_entropy","10m","1221_a","sa_entropy","Spectral angle entropy","final_70_iteration_bootstrap",70,2.82291265961665,0.00774281953610636,0.00274284771430294,0.000925443942646758
"final_sa_entropy","10m","1221_b","sa_entropy","Spectral angle entropy","final_70_iteration_bootstrap",70,2.9118060706514,0.0102490301123058,0.00351981892462123,0.00122499340081576
"final_sa_entropy","10m","1221_c","sa_entropy","Spectral angle entropy","final_70_iteration_bootstrap",70,2.79381049050866,0.00957965772554811,0.0034288860171772,0.00114498809812063
"final_sa_entropy","10m","1221_d","sa_entropy","Spectral angle entropy","final_70_iteration_bootstrap",70,2.9195183502448,0.113472018517715,0.0388666913185186,0.0135625002891295
"final_sa_entropy","10m","1222_a","sa_entropy","Spectral angle entropy","final_70_iteration_bootstrap",70,2.82580171407096,0.00949000918576134,0.00335834221435505,0.00113427304816681
"final_sa_entropy","10m","1222_b","sa_entropy","Spectral angle entropy","final_70_iteration_bootstrap",70,2.90609882384389,0.00811199035714813,0.00279136768873483,0.000969568295350817
"final_sa_entropy","10m","1222_c","sa_entropy","Spectral angle entropy","final_70_iteration_bootstrap",70,2.77951513179867,0.157943891178733,0.056824260235822,0.018877905740642
"final_sa_entropy","10m","1222_d","sa_entropy","Spectral angle entropy","final_70_iteration_bootstrap",70,2.83610874856502,0.139531131026224,0.0491980891412654,0.0166771599695329
"final_sa_entropy","10m","1223_a","sa_entropy","Spectral angle entropy","final_70_iteration_bootstrap",70,2.88213203204791,0.00910983515249263,0.00316079730255092,0.00108883356005793
"final_sa_entropy","10m","1223_b","sa_entropy","Spectral angle entropy","final_70_iteration_bootstrap",70,2.81864075538901,0.115766110286744,0.0410716087409891,0.0138366967006077
"final_sa_entropy","10m","1223_c","sa_entropy","Spectral angle entropy","final_70_iteration_bootstrap",70,2.71769400622809,0.00983363415969587,0.00361837430452446,0.00117534408813965
"final_sa_entropy","10m","1223_d","sa_entropy","Spectral angle entropy","final_70_iteration_bootstrap",70,2.75319563160341,0.0835050631144123,0.0303302323147231,0.00998076404586198
"final_sa_entropy","10m","1224_a","sa_entropy","Spectral angle entropy","final_70_iteration_bootstrap",70,2.75969954467935,0.00731415668750105,0.00265034528907418,0.000874208932605573
"final_sa_entropy","10m","1224_b","sa_entropy","Spectral angle entropy","final_70_iteration_bootstrap",70,3.04633252689433,0.329156156290967,0.108049975957987,0.0393416854937507
"final_sa_entropy","10m","1224_c","sa_entropy","Spectral angle entropy","final_70_iteration_bootstrap",70,3.11095203727097,0.307820894448914,0.0989474896305197,0.0367916339596245
"final_sa_entropy","10m","1224_d","sa_entropy","Spectral angle entropy","final_70_iteration_bootstrap",70,2.74993445409115,0.117017915946263,0.0425529836800919,0.0139863160943661
"final_sa_entropy","10m","123_a","sa_entropy","Spectral angle entropy","final_70_iteration_bootstrap",70,2.68836852515826,0.00998152199338227,0.00371285480393529,0.0011930200651191
"final_sa_entropy","10m","123_b","sa_entropy","Spectral angle entropy","final_70_iteration_bootstrap",70,2.7963902089453,0.0108761321530596,0.00388934710122651,0.00129994643082385
"final_sa_entropy","10m","123_c","sa_entropy","Spectral angle entropy","final_70_iteration_bootstrap",70,2.86503341284718,0.0117363430733348,0.00409640705085934,0.00140276130102133
"final_sa_entropy","10m","123_d","sa_entropy","Spectral angle entropy","final_70_iteration_bootstrap",70,2.7611752489601,0.0153522151665125,0.00556002925648939,0.00183494067836731
"final_sa_entropy","10m","124_a","sa_entropy","Spectral angle entropy","final_70_iteration_bootstrap",70,2.83669548464764,0.0102980024537261,0.00363028125840773,0.00123084671516892
"final_sa_entropy","10m","124_b","sa_entropy","Spectral angle entropy","final_70_iteration_bootstrap",70,2.852702145065,0.113999247877542,0.0399618474276236,0.0136255162505841
"final_sa_entropy","10m","124_c","sa_entropy","Spectral angle entropy","final_70_iteration_bootstrap",70,2.93743158648333,0.0825397222884287,0.0280992832882432,0.00986538374856457
"final_sa_entropy","10m","124_d","sa_entropy","Spectral angle entropy","final_70_iteration_bootstrap",70,2.87295413549729,0.00942023336200335,0.00327893621607459,0.00112593324208727
"final_sa_entropy","10m","13_a","sa_entropy","Spectral angle entropy","final_70_iteration_bootstrap",70,2.77714083789253,0.0118122927032762,0.00425340067097212,0.00141183901807876
"final_sa_entropy","10m","13_b","sa_entropy","Spectral angle entropy","final_70_iteration_bootstrap",70,2.72517175870325,0.0105046840254333,0.00385468695390848,0.00125554988792159
"final_sa_entropy","10m","13_c","sa_entropy","Spectral angle entropy","final_70_iteration_bootstrap",70,2.71166750204474,0.00914553679766106,0.00337266157844383,0.0010931007228285
"final_sa_entropy","10m","13_d","sa_entropy","Spectral angle entropy","final_70_iteration_bootstrap",70,2.7355666539669,0.00923107968721062,0.00337446710495043,0.00110332505371997
"final_sa_entropy","10m","1300_a","sa_entropy","Spectral angle entropy","final_70_iteration_bootstrap",70,2.82221208193104,0.0823002935113001,0.0291616261011072,0.00983676653613236
"final_sa_entropy","10m","1300_b","sa_entropy","Spectral angle entropy","final_70_iteration_bootstrap",70,2.81992487487246,0.00993443009614745,0.00352294140339351,0.00118739150683481
"final_sa_entropy","10m","1300_c","sa_entropy","Spectral angle entropy","final_70_iteration_bootstrap",70,2.84666322081183,0.0101783848568529,0.00357554935983968,0.00121654967777265
"final_sa_entropy","10m","1300_d","sa_entropy","Spectral angle entropy","final_70_iteration_bootstrap",70,2.87891104644078,0.00953939236379192,0.00331354189480274,0.00114017546688701
"final_sa_entropy","10m","1301_a","sa_entropy","Spectral angle entropy","final_70_iteration_bootstrap",70,2.87768837008966,0.00738962679174551,0.0025679037621142,0.000883229335379816
"final_sa_entropy","10m","1301_b","sa_entropy","Spectral angle entropy","final_70_iteration_bootstrap",70,2.84653527758365,0.00862068738048632,0.00302848429400257,0.00103036921892852
"final_sa_entropy","10m","1301_c","sa_entropy","Spectral angle entropy","final_70_iteration_bootstrap",70,2.82215632302435,0.00853014307422823,0.00302256221763327,0.00101954710440332
"final_sa_entropy","10m","1301_d","sa_entropy","Spectral angle entropy","final_70_iteration_bootstrap",70,2.83437799168554,0.00784762987344165,0.00276873088080071,0.000937971174020471
"final_sa_entropy","10m","1302_a","sa_entropy","Spectral angle entropy","final_70_iteration_bootstrap",70,2.91483535236964,0.00840235149045801,0.00288261615999245,0.00100427308870789
"final_sa_entropy","10m","1302_b","sa_entropy","Spectral angle entropy","final_70_iteration_bootstrap",70,2.80746768541239,0.00822588363095458,0.00293000117995883,0.00098318114527724
"final_sa_entropy","10m","1302_c","sa_entropy","Spectral angle entropy","final_70_iteration_bootstrap",70,2.79844076483577,0.00880241169037558,0.00314547007783178,0.00105208942834764
"final_sa_entropy","10m","1302_d","sa_entropy","Spectral angle entropy","final_70_iteration_bootstrap",70,2.89993683510489,0.00894226594505548,0.00308360714509564,0.0010688052089807
"final_sa_entropy","10m","1303_a","sa_entropy","Spectral angle entropy","final_70_iteration_bootstrap",70,2.76298979815943,0.207548460022842,0.0751173457683777,0.0248067857242596
"final_sa_entropy","10m","1303_b","sa_entropy","Spectral angle entropy","final_70_iteration_bootstrap",70,2.76520135435899,0.0816467647899406,0.0295265169971202,0.0097586549136533
"final_sa_entropy","10m","1303_c","sa_entropy","Spectral angle entropy","final_70_iteration_bootstrap",70,2.74144243108567,0.0111288907575851,0.00405950189994608,0.00133015686236228
"final_sa_entropy","10m","1303_d","sa_entropy","Spectral angle entropy","final_70_iteration_bootstrap",70,2.75563800700419,0.115273902841373,0.0418320194990685,0.0137778666585642
"final_sa_entropy","10m","1304_a","sa_entropy","Spectral angle entropy","final_70_iteration_bootstrap",70,2.82701182538862,0.00897580621580224,0.0031750154474746,0.00107281403809683
"final_sa_entropy","10m","1304_b","sa_entropy","Spectral angle entropy","final_70_iteration_bootstrap",70,2.78623202414892,0.0091908790264026,0.00329867683191605,0.00109852015572878
"final_sa_entropy","10m","1304_c","sa_entropy","Spectral angle entropy","final_70_iteration_bootstrap",70,2.79486052390616,0.00981785905850291,0.00351282612299423,0.00117345860291355
"final_sa_entropy","10m","1304_d","sa_entropy","Spectral angle entropy","final_70_iteration_bootstrap",70,2.73237473913444,0.0822737205657873,0.0301107016498951,0.00983359046166125
"final_sa_entropy","10m","1305_a","sa_entropy","Spectral angle entropy","final_70_iteration_bootstrap",70,2.76520938377296,0.0101679710369295,0.00367710709235911,0.00121530498822216
"final_sa_entropy","10m","1305_b","sa_entropy","Spectral angle entropy","final_70_iteration_bootstrap",70,2.74653976696397,0.00906730316396885,0.00330135513529879,0.00108375001510838
"final_sa_entropy","10m","1305_c","sa_entropy","Spectral angle entropy","final_70_iteration_bootstrap",70,2.94484543401492,0.00901610135599688,0.00306165520670624,0.00107763022853461
"final_sa_entropy","10m","1305_d","sa_entropy","Spectral angle entropy","final_70_iteration_bootstrap",70,3.03760644677829,0.00948084545565095,0.00312115661517192,0.0011331777729272
"final_sa_entropy","10m","1306_a","sa_entropy","Spectral angle entropy","final_70_iteration_bootstrap",70,2.94154832298667,0.0816728858394854,0.0277652708273579,0.00976177697622548
"final_sa_entropy","10m","1306_b","sa_entropy","Spectral angle entropy","final_70_iteration_bootstrap",70,3.00620665048156,0.00834962406982643,0.00277746177844724,0.000997970956544362
"final_sa_entropy","10m","1306_c","sa_entropy","Spectral angle entropy","final_70_iteration_bootstrap",70,2.92557595870369,0.00769416631915092,0.00262996634774104,0.000919628770962628
"final_sa_entropy","10m","1306_d","sa_entropy","Spectral angle entropy","final_70_iteration_bootstrap",70,2.88727855349903,0.00782306939583272,0.0027094958975649,0.00093503563547076
"final_sa_entropy","10m","1307_a","sa_entropy","Spectral angle entropy","final_70_iteration_bootstrap",70,2.81705583211164,0.00901189136750077,0.00319904606247919,0.00107712703866506
"final_sa_entropy","10m","1307_b","sa_entropy","Spectral angle entropy","final_70_iteration_bootstrap",70,2.85640025083779,0.00809642395469235,0.0028344851014201,0.000967707754394861
"final_sa_entropy","10m","1307_c","sa_entropy","Spectral angle entropy","final_70_iteration_bootstrap",70,2.80758046955472,0.0814251676343763,0.0290018998626566,0.00973216898764555
"final_sa_entropy","10m","1307_d","sa_entropy","Spectral angle entropy","final_70_iteration_bootstrap",70,2.83774008099247,0.00830830470509472,0.00292778918011018,0.000993032347859676
"final_sa_entropy","10m","1308_a","sa_entropy","Spectral angle entropy","final_70_iteration_bootstrap",70,2.79885690312544,0.0100215478610499,0.00358058600632958,0.00119780407133407
"final_sa_entropy","10m","1308_b","sa_entropy","Spectral angle entropy","final_70_iteration_bootstrap",70,2.8268791519056,0.00786159740562015,0.00278101644363561,0.000939640613426625
"final_sa_entropy","10m","1308_c","sa_entropy","Spectral angle entropy","final_70_iteration_bootstrap",70,2.70587650374967,0.00820716976824617,0.00303309103607392,0.000980944410867215
"final_sa_entropy","10m","1308_d","sa_entropy","Spectral angle entropy","final_70_iteration_bootstrap",70,2.85104561127043,0.00980640739399664,0.00343958278157005,0.00117208986720931
"final_sa_entropy","10m","1309_a","sa_entropy","Spectral angle entropy","final_70_iteration_bootstrap",70,2.77102846279311,0.138514885931882,0.0499868145678531,0.0165556954484475
"final_sa_entropy","10m","1309_b","sa_entropy","Spectral angle entropy","final_70_iteration_bootstrap",70,2.77656504950349,0.0835919480501131,0.0301062451481413,0.00999114878194896
"final_sa_entropy","10m","1309_c","sa_entropy","Spectral angle entropy","final_70_iteration_bootstrap",70,2.79991202316388,0.0098631946673834,0.00352268020772955,0.00117887724458911
"final_sa_entropy","10m","1309_d","sa_entropy","Spectral angle entropy","final_70_iteration_bootstrap",70,2.79220164500238,0.00744647378296232,0.00266688252844861,0.000890023850405508
"final_sa_entropy","10m","1310_a","sa_entropy","Spectral angle entropy","final_70_iteration_bootstrap",70,2.73949707667056,0.114504927786185,0.0417977915586421,0.0136859565599817
"final_sa_entropy","10m","1310_b","sa_entropy","Spectral angle entropy","final_70_iteration_bootstrap",70,2.77342674068967,0.00848424186424195,0.00305911879328464,0.00101406086046545
"final_sa_entropy","10m","1310_c","sa_entropy","Spectral angle entropy","final_70_iteration_bootstrap",70,2.92688471569813,0.0105133848022703,0.00359200509192674,0.00125658982966149
"final_sa_entropy","10m","1310_d","sa_entropy","Spectral angle entropy","final_70_iteration_bootstrap",70,2.79920318266496,0.00916340590439553,0.00327357655247862,0.00109523648958772
"final_sa_entropy","10m","1311_a","sa_entropy","Spectral angle entropy","final_70_iteration_bootstrap",70,2.81326766200028,0.00980430534095984,0.00348502400727445,0.00117183862381652
"final_sa_entropy","10m","1311_b","sa_entropy","Spectral angle entropy","final_70_iteration_bootstrap",70,2.87026237664846,0.00734904162881429,0.0025604076089363,0.000878378480594827
"final_sa_entropy","10m","1311_c","sa_entropy","Spectral angle entropy","final_70_iteration_bootstrap",70,2.79251974628298,0.00833903373216338,0.00298620403428235,0.000996705169088623
"final_sa_entropy","10m","1311_d","sa_entropy","Spectral angle entropy","final_70_iteration_bootstrap",70,2.82631670091605,0.00917630868907166,0.00324673759529408,0.00109677866732622
"final_sa_entropy","10m","1312_a","sa_entropy","Spectral angle entropy","final_70_iteration_bootstrap",70,2.82499258293205,0.00802469348929084,0.00284060692327979,0.000959134323953985
"final_sa_entropy","10m","1312_b","sa_entropy","Spectral angle entropy","final_70_iteration_bootstrap",70,2.83636693192687,0.28381380989883,0.100062444919996,0.0339222385315275
"final_sa_entropy","10m","1312_c","sa_entropy","Spectral angle entropy","final_70_iteration_bootstrap",70,2.86907613937051,0.00773718851845196,0.00269675259303141,0.000924770907306737
"final_sa_entropy","10m","1312_d","sa_entropy","Spectral angle entropy","final_70_iteration_bootstrap",70,2.78998453205805,0.00898653643237647,0.00322099865756155,0.00107409654428022
"final_sa_entropy","10m","1313_a","sa_entropy","Spectral angle entropy","final_70_iteration_bootstrap",70,2.83671547039282,0.231069334276889,0.0814566482569687,0.027618067906759
"final_sa_entropy","10m","1313_b","sa_entropy","Spectral angle entropy","final_70_iteration_bootstrap",70,2.81742605652005,0.00979288463520453,0.00347582667255524,0.00117047358839077
"final_sa_entropy","10m","1313_c","sa_entropy","Spectral angle entropy","final_70_iteration_bootstrap",70,2.89955223168472,0.0118318512142212,0.00408057874761806,0.00141417670726251
"final_sa_entropy","10m","1313_d","sa_entropy","Spectral angle entropy","final_70_iteration_bootstrap",70,2.82946027843725,0.00914307688776722,0.00323138548982108,0.00109280670736035
"final_sa_entropy","10m","1314_a","sa_entropy","Spectral angle entropy","final_70_iteration_bootstrap",70,2.81426703243955,0.00776577355816253,0.00275943024192369,0.000928187473032841
"final_sa_entropy","10m","1314_b","sa_entropy","Spectral angle entropy","final_70_iteration_bootstrap",70,2.95071278047986,0.0107741765686016,0.00365138099508603,0.00128776040768129
"final_sa_entropy","10m","1314_c","sa_entropy","Spectral angle entropy","final_70_iteration_bootstrap",70,2.82354983753455,0.00988145176527822,0.0034996555165842,0.00118105938516184
"final_sa_entropy","10m","1314_d","sa_entropy","Spectral angle entropy","final_70_iteration_bootstrap",70,2.77944627263788,0.139833551961593,0.0503098596789503,0.0167133061849343
"final_sa_entropy","10m","1315_a","sa_entropy","Spectral angle entropy","final_70_iteration_bootstrap",70,2.86948013292217,0.0110259309916245,0.00384248382315724,0.00131785081657363
"final_sa_entropy","10m","1315_b","sa_entropy","Spectral angle entropy","final_70_iteration_bootstrap",70,2.82887997957035,0.0103369276580286,0.00365407077453976,0.00123549916694958
"final_sa_entropy","10m","1315_c","sa_entropy","Spectral angle entropy","final_70_iteration_bootstrap",70,2.90521999129648,0.179005959418431,0.0616152855737951,0.021395304393826
"final_sa_entropy","10m","1315_d","sa_entropy","Spectral angle entropy","final_70_iteration_bootstrap",70,2.92940725192263,0.00958410965307531,0.00327168905818235,0.00114552020523535
"final_sa_entropy","10m","1316_a","sa_entropy","Spectral angle entropy","final_70_iteration_bootstrap",70,2.77008973848281,0.333975481761968,0.120564860091821,0.0399177050618141
"final_sa_entropy","10m","1316_b","sa_entropy","Spectral angle entropy","final_70_iteration_bootstrap",70,2.96842078215505,0.0071748195068472,0.00241704934488376,0.000857554954139426
"final_sa_entropy","10m","1316_d","sa_entropy","Spectral angle entropy","final_70_iteration_bootstrap",70,2.73472372370243,0.341857827257757,0.125006348646777,0.0408598255463366
"final_sa_entropy","10m","1317_a","sa_entropy","Spectral angle entropy","final_70_iteration_bootstrap",70,2.90060489786926,0.205873347984415,0.0709760050862653,0.0246065715410428
"final_sa_entropy","10m","1322_b","sa_entropy","Spectral angle entropy","final_70_iteration_bootstrap",70,2.88199611541076,0.00782935159698933,0.00271664196739329,0.000935786502125957
"final_sa_entropy","10m","1322_c","sa_entropy","Spectral angle entropy","final_70_iteration_bootstrap",70,2.88923575071355,0.00892644272303862,0.003089551526155,0.00106691397221606
"final_sa_entropy","10m","1322_d","sa_entropy","Spectral angle entropy","final_70_iteration_bootstrap",70,2.94364515974825,0.00752904254024858,0.00255772762396826,0.00089989270450008
"final_sa_entropy","10m","1323_a","sa_entropy","Spectral angle entropy","final_70_iteration_bootstrap",70,2.88016876878241,0.00743359505046184,0.00258095814767284,0.000888484547451854
"final_sa_entropy","10m","1323_b","sa_entropy","Spectral angle entropy","final_70_iteration_bootstrap",70,2.91073316298007,0.00861889212579309,0.00296107256941715,0.00103015464495148
"final_sa_entropy","10m","1323_c","sa_entropy","Spectral angle entropy","final_70_iteration_bootstrap",70,2.76703369249693,0.0113012760919141,0.00408425677018626,0.00135076085070425
"final_sa_entropy","10m","1323_d","sa_entropy","Spectral angle entropy","final_70_iteration_bootstrap",70,2.76253840289962,0.0106885208697234,0.0038690940399252,0.00127752259349611
"final_sa_entropy","10m","1324_a","sa_entropy","Spectral angle entropy","final_70_iteration_bootstrap",70,2.83645029301268,0.00980319811864565,0.00345615015457696,0.00117170628543784
"final_sa_entropy","10m","1324_b","sa_entropy","Spectral angle entropy","final_70_iteration_bootstrap",70,2.74385016617058,0.0821192960738675,0.0299284913900661,0.0098151332045888
"final_sa_entropy","10m","1324_c","sa_entropy","Spectral angle entropy","final_70_iteration_bootstrap",70,2.8694621420826,0.00898635548096952,0.00313172122021704,0.00107407491645037
"final_sa_entropy","10m","1324_d","sa_entropy","Spectral angle entropy","final_70_iteration_bootstrap",70,2.81032521940533,0.00729593091636253,0.00259611623095577,0.000872030536296379
"final_sa_entropy","10m","14_a","sa_entropy","Spectral angle entropy","final_70_iteration_bootstrap",70,2.88493496545277,0.0124035608711875,0.00429942477723786,0.00148250908108639
"final_sa_entropy","10m","14_b","sa_entropy","Spectral angle entropy","final_70_iteration_bootstrap",70,2.8450989975978,0.00720920162916538,0.002533901855525,0.000861664403763858
"final_sa_entropy","10m","14_c","sa_entropy","Spectral angle entropy","final_70_iteration_bootstrap",70,2.88628069222606,0.012256427829629,0.00424644348092706,0.00146492331902148
"final_sa_entropy","10m","14_d","sa_entropy","Spectral angle entropy","final_70_iteration_bootstrap",70,2.82332665639863,0.0107157432294624,0.00379543160731221,0.00128077628781348
"final_sa_entropy","10m","1400_a","sa_entropy","Spectral angle entropy","final_70_iteration_bootstrap",70,2.81146308742958,0.00935633055015426,0.00332792224517819,0.00111829539519338
"final_sa_entropy","10m","1400_b","sa_entropy","Spectral angle entropy","final_70_iteration_bootstrap",70,2.91111167549858,0.00927733530858211,0.00318687028967832,0.00110885365792055
"final_sa_entropy","10m","1400_c","sa_entropy","Spectral angle entropy","final_70_iteration_bootstrap",70,2.88417289750421,0.00830058591141362,0.00287797791824354,0.000992109775555956
"final_sa_entropy","10m","1400_d","sa_entropy","Spectral angle entropy","final_70_iteration_bootstrap",70,2.81428441797397,0.0108582735263584,0.00385827155813037,0.00129781191666818
"final_sa_entropy","10m","1401_a","sa_entropy","Spectral angle entropy","final_70_iteration_bootstrap",70,2.9494481705836,0.218540103694645,0.0740952514013507,0.0261205384222745
"final_sa_entropy","10m","1401_b","sa_entropy","Spectral angle entropy","final_70_iteration_bootstrap",70,3.01654068125852,0.00834221245302937,0.00276548978930029,0.000997085098900635
"final_sa_entropy","10m","1401_c","sa_entropy","Spectral angle entropy","final_70_iteration_bootstrap",70,3.05066295286483,0.159839409957881,0.0523949752652217,0.0191044635680788
"final_sa_entropy","10m","1401_d","sa_entropy","Spectral angle entropy","final_70_iteration_bootstrap",70,2.85170791207535,0.00859803040056661,0.00301504595339476,0.00102766119186841
"final_sa_entropy","10m","1402_a","sa_entropy","Spectral angle entropy","final_70_iteration_bootstrap",70,2.9303662781916,0.00756291031301272,0.00258087542478819,0.000903940677594294
"final_sa_entropy","10m","1402_b","sa_entropy","Spectral angle entropy","final_70_iteration_bootstrap",70,2.96346672626216,0.00932606056287154,0.00314701038490638,0.00111467743971293
"final_sa_entropy","10m","1402_c","sa_entropy","Spectral angle entropy","final_70_iteration_bootstrap",70,2.82054802459995,0.00917953088390222,0.00325452032861741,0.00109716379327086
"final_sa_entropy","10m","1402_d","sa_entropy","Spectral angle entropy","final_70_iteration_bootstrap",70,2.79880047273285,0.00826067949128125,0.00295150710876336,0.000987340046052123
"final_sa_entropy","10m","1403_a","sa_entropy","Spectral angle entropy","final_70_iteration_bootstrap",70,2.8246553325946,0.00768733963810154,0.00272151421428125,0.000918812826512926
"final_sa_entropy","10m","1403_b","sa_entropy","Spectral angle entropy","final_70_iteration_bootstrap",70,2.75349999628981,0.0836155605813721,0.0303670095129978,0.00999397101923891
"final_sa_entropy","10m","1403_c","sa_entropy","Spectral angle entropy","final_70_iteration_bootstrap",70,2.78136082854854,0.163265403373718,0.058699828406988,0.0195139481026788
"final_sa_entropy","10m","1403_d","sa_entropy","Spectral angle entropy","final_70_iteration_bootstrap",70,2.7008204269027,0.081630377647833,0.0302242891955045,0.00975669627554608
"final_sa_entropy","10m","1404_a","sa_entropy","Spectral angle entropy","final_70_iteration_bootstrap",70,2.85353614076046,0.00900306104306743,0.00315505414999515,0.00107607161302581
"final_sa_entropy","10m","1404_b","sa_entropy","Spectral angle entropy","final_70_iteration_bootstrap",70,2.86422174448648,0.319533672418944,0.111560382164557,0.0381915786920806
"final_sa_entropy","10m","1404_c","sa_entropy","Spectral angle entropy","final_70_iteration_bootstrap",70,2.87286947786787,0.0809682763849485,0.0281837643543207,0.00967756003837848
"final_sa_entropy","10m","1404_d","sa_entropy","Spectral angle entropy","final_70_iteration_bootstrap",70,2.95291142578759,0.0119423704430839,0.0040442697802555,0.00142738628168433
"final_sa_entropy","10m","1405_a","sa_entropy","Spectral angle entropy","final_70_iteration_bootstrap",70,2.9945165810405,0.140751266800108,0.0470030013162264,0.0168229940879547
"final_sa_entropy","10m","1405_b","sa_entropy","Spectral angle entropy","final_70_iteration_bootstrap",70,2.77092870170784,0.0821973877628831,0.0296642016491516,0.00982446694667507
"final_sa_entropy","10m","1405_c","sa_entropy","Spectral angle entropy","final_70_iteration_bootstrap",70,2.89281243806956,0.00792197525123094,0.00273850290014566,0.000946857146271024
"final_sa_entropy","10m","1405_d","sa_entropy","Spectral angle entropy","final_70_iteration_bootstrap",70,2.89307580063392,0.00808578544120665,0.00279487507359293,0.000966436208826971
"final_sa_entropy","10m","1406_a","sa_entropy","Spectral angle entropy","final_70_iteration_bootstrap",70,3.04014449301537,0.00787888013676027,0.00259161370614513,0.000941706294897235
"final_sa_entropy","10m","1406_b","sa_entropy","Spectral angle entropy","final_70_iteration_bootstrap",70,2.9656808756134,0.00951297447312297,0.00320768648823531,0.00113701792501444
"final_sa_entropy","10m","1406_c","sa_entropy","Spectral angle entropy","final_70_iteration_bootstrap",70,3.00170654146559,0.00787455813603364,0.00262336042089873,0.000941189717005432
"final_sa_entropy","10m","1406_d","sa_entropy","Spectral angle entropy","final_70_iteration_bootstrap",70,2.96666566730693,0.243526482956909,0.0820876061770644,0.0291069819560682
"final_sa_entropy","10m","1407_a","sa_entropy","Spectral angle entropy","final_70_iteration_bootstrap",70,2.98804466466211,0.00718878744655812,0.00240585006361377,0.000859224442255021
"final_sa_entropy","10m","1407_b","sa_entropy","Spectral angle entropy","final_70_iteration_bootstrap",70,2.89345078883925,0.00904802134488832,0.00312706937328561,0.00108144539692788
"final_sa_entropy","10m","1407_c","sa_entropy","Spectral angle entropy","final_70_iteration_bootstrap",70,2.90283027739477,0.00923923892730461,0.0031828381422274,0.00110430026943905
"final_sa_entropy","10m","1407_d","sa_entropy","Spectral angle entropy","final_70_iteration_bootstrap",70,2.85480565958783,0.0108844999707961,0.00381269384633615,0.00130094657633949
"final_sa_entropy","10m","1408_a","sa_entropy","Spectral angle entropy","final_70_iteration_bootstrap",70,2.90782680987341,0.00812295921217204,0.00279348109199312,0.000970879324284439
"final_sa_entropy","10m","1408_b","sa_entropy","Spectral angle entropy","final_70_iteration_bootstrap",70,2.79370838222095,0.00874485192781182,0.00313019497076492,0.00104520972085137
"final_sa_entropy","10m","1408_c","sa_entropy","Spectral angle entropy","final_70_iteration_bootstrap",70,2.80925019601165,0.00885904917692315,0.00315352800882617,0.00105885890277589
"final_sa_entropy","10m","1408_d","sa_entropy","Spectral angle entropy","final_70_iteration_bootstrap",70,2.75436633624911,0.00910714948317821,0.00330644089107635,0.00108851256117795
"final_sa_entropy","10m","1409_a","sa_entropy","Spectral angle entropy","final_70_iteration_bootstrap",70,2.83591339406368,0.00769260350600808,0.00271256644230065,0.000919441979064692
"final_sa_entropy","10m","1409_b","sa_entropy","Spectral angle entropy","final_70_iteration_bootstrap",70,2.78326194043389,0.114167726741833,0.0410193970906077,0.013645653326451
"final_sa_entropy","10m","1409_c","sa_entropy","Spectral angle entropy","final_70_iteration_bootstrap",70,2.83093550574553,0.00890367854047922,0.00314513648311971,0.00106419313198975
"final_sa_entropy","10m","1409_d","sa_entropy","Spectral angle entropy","final_70_iteration_bootstrap",70,2.84511125975054,0.00661006544171045,0.00232330648548697,0.000790053932550492
"final_sa_entropy","10m","1410_a","sa_entropy","Spectral angle entropy","final_70_iteration_bootstrap",70,2.83183342574132,0.266867238006154,0.0942383247476124,0.0318967357759006
"final_sa_entropy","10m","1410_b","sa_entropy","Spectral angle entropy","final_70_iteration_bootstrap",70,2.7452566288243,0.00929291645837295,0.00338508114716867,0.00111071596152018
"final_sa_entropy","10m","1410_c","sa_entropy","Spectral angle entropy","final_70_iteration_bootstrap",70,2.76442740601916,0.177343607044774,0.0641520217382566,0.021196615282247
"final_sa_entropy","10m","1410_d","sa_entropy","Spectral angle entropy","final_70_iteration_bootstrap",70,3.06563670223593,0.334537379429453,0.109124926376781,0.0399848646785837
"final_sa_entropy","10m","1411_a","sa_entropy","Spectral angle entropy","final_70_iteration_bootstrap",70,2.78470760026693,0.00798573357979669,0.00286770990930294,0.000954477724109537
"final_sa_entropy","10m","1411_b","sa_entropy","Spectral angle entropy","final_70_iteration_bootstrap",70,2.8098632155969,0.0832697633880599,0.0296348103088608,0.00995264034939148
"final_sa_entropy","10m","1411_c","sa_entropy","Spectral angle entropy","final_70_iteration_bootstrap",70,2.85562948222872,0.00820119619304998,0.00287193988018684,0.000980230432069765
"final_sa_entropy","10m","1411_d","sa_entropy","Spectral angle entropy","final_70_iteration_bootstrap",70,2.83343148592732,0.00873631959617546,0.00308330010433135,0.00104418991216376
"final_sa_entropy","10m","1412_a","sa_entropy","Spectral angle entropy","final_70_iteration_bootstrap",70,2.81614586803275,0.0106507933386876,0.00378204604370436,0.00127301329105076
"final_sa_entropy","10m","1412_b","sa_entropy","Spectral angle entropy","final_70_iteration_bootstrap",70,2.83771589073331,0.00747282731934624,0.00263339516959718,0.000893173700469827
"final_sa_entropy","10m","1412_c","sa_entropy","Spectral angle entropy","final_70_iteration_bootstrap",70,2.87356217800389,0.00723219638375314,0.00251680525276713,0.00086441280261865
"final_sa_entropy","10m","1412_d","sa_entropy","Spectral angle entropy","final_70_iteration_bootstrap",70,2.85607748422357,0.00809285979163655,0.00283355750547384,0.000967281755429598
"final_sa_entropy","10m","1413_a","sa_entropy","Spectral angle entropy","final_70_iteration_bootstrap",70,2.79904006883277,0.00977069039154553,0.00349072901825947,0.00116782086889239
"final_sa_entropy","10m","1413_b","sa_entropy","Spectral angle entropy","final_70_iteration_bootstrap",70,2.74518937782657,0.00950364527920357,0.00346192701893952,0.00113590287306699
"final_sa_entropy","10m","1413_c","sa_entropy","Spectral angle entropy","final_70_iteration_bootstrap",70,2.85117390831505,0.00826410521621001,0.00289849215865399,0.00098774949849638
"final_sa_entropy","10m","1413_d","sa_entropy","Spectral angle entropy","final_70_iteration_bootstrap",70,2.80306801362212,0.00932570753862954,0.00332696441659969,0.00111463524524555
"final_sa_entropy","10m","1414_a","sa_entropy","Spectral angle entropy","final_70_iteration_bootstrap",70,2.70719015152057,0.34490878821178,0.127404714448319,0.0412244851281577
"final_sa_entropy","10m","1414_b","sa_entropy","Spectral angle entropy","final_70_iteration_bootstrap",70,2.82743514592123,0.00778809344478652,0.00275447288544226,0.00093085520973785
"final_sa_entropy","10m","1414_c","sa_entropy","Spectral angle entropy","final_70_iteration_bootstrap",70,2.78211744528301,0.00892656149311156,0.0032085494838639,0.00106692816795497
"final_sa_entropy","10m","1414_d","sa_entropy","Spectral angle entropy","final_70_iteration_bootstrap",70,2.83077138734369,0.00947609888007383,0.003347532380199,0.00113261044863458
"final_sa_entropy","10m","1415_a","sa_entropy","Spectral angle entropy","final_70_iteration_bootstrap",70,2.82767332027562,0.00763759779380955,0.00270101844475623,0.000912867538975042
"final_sa_entropy","10m","1415_b","sa_entropy","Spectral angle entropy","final_70_iteration_bootstrap",70,2.88860689395712,0.00980441349271332,0.0033941667567241,0.00117185155042351
"final_sa_entropy","10m","1415_c","sa_entropy","Spectral angle entropy","final_70_iteration_bootstrap",70,2.8670936041505,0.00898376287540459,0.00313340410735087,0.00107376504081598
"final_sa_entropy","10m","1415_d","sa_entropy","Spectral angle entropy","final_70_iteration_bootstrap",70,2.82716681162125,0.00877589912897315,0.00310413205648116,0.00104892057115815
"final_sa_entropy","10m","1416_a","sa_entropy","Spectral angle entropy","final_70_iteration_bootstrap",70,2.83037359336446,0.0121863813322988,0.00430557342707995,0.00145655116126221
"final_sa_entropy","10m","1416_b","sa_entropy","Spectral angle entropy","final_70_iteration_bootstrap",70,2.84952671294511,0.217286275363174,0.0762534614524103,0.0259706772729777
"final_sa_entropy","10m","1416_c","sa_entropy","Spectral angle entropy","final_70_iteration_bootstrap",70,2.90906091370153,0.177829139563327,0.0611293970249163,0.0212546475179407
"final_sa_entropy","10m","1416_d","sa_entropy","Spectral angle entropy","final_70_iteration_bootstrap",70,2.82402922986483,0.00974841205348466,0.00345195154157496,0.00116515809819051
"final_sa_entropy","10m","1417_a","sa_entropy","Spectral angle entropy","final_70_iteration_bootstrap",70,2.88819633808485,0.115110831908346,0.0398556117499529,0.0137583759541138
"final_sa_entropy","10m","1417_b","sa_entropy","Spectral angle entropy","final_70_iteration_bootstrap",70,2.87167720680938,0.00871923121191099,0.00303628527302294,0.00104214745958774
"final_sa_entropy","10m","1417_c","sa_entropy","Spectral angle entropy","final_70_iteration_bootstrap",70,2.98858242895204,0.00999325462207977,0.00334381094035407,0.00119442238246729
"final_sa_entropy","10m","1417_d","sa_entropy","Spectral angle entropy","final_70_iteration_bootstrap",70,2.99832463446519,0.0811411424743702,0.0270621604951204,0.00969822148794454
"final_sa_entropy","10m","1418_a","sa_entropy","Spectral angle entropy","final_70_iteration_bootstrap",70,3.00752800951933,0.011550278775048,0.0038404559287526,0.00138052236377252
"final_sa_entropy","10m","1418_b","sa_entropy","Spectral angle entropy","final_70_iteration_bootstrap",70,2.95290831177436,0.311836263287665,0.105603097137915,0.037271562330935
"final_sa_entropy","10m","1418_d","sa_entropy","Spectral angle entropy","final_70_iteration_bootstrap",70,3.22389973299299,0.114530727813555,0.0355255241474979,0.0136890402530651
"final_sa_entropy","10m","1423_b","sa_entropy","Spectral angle entropy","final_70_iteration_bootstrap",70,2.90321488065333,0.00816820260609934,0.00281350259690774,0.000976286944164968
"final_sa_entropy","10m","1423_c","sa_entropy","Spectral angle entropy","final_70_iteration_bootstrap",70,2.80995665765781,0.010247630739353,0.00364689993044046,0.00122482614375693
"final_sa_entropy","10m","1423_d","sa_entropy","Spectral angle entropy","final_70_iteration_bootstrap",70,2.92109219375652,0.00825650778923687,0.00282651393437159,0.000986841432288817
"final_sa_entropy","10m","1424_a","sa_entropy","Spectral angle entropy","final_70_iteration_bootstrap",70,2.75308607357478,0.00709453104732472,0.00257693761027701,0.00084795864775736
"final_sa_entropy","10m","1424_b","sa_entropy","Spectral angle entropy","final_70_iteration_bootstrap",70,2.78698870496249,0.00933037724683984,0.00334783461096424,0.00111519338213057
"final_sa_entropy","10m","15_a","sa_entropy","Spectral angle entropy","final_70_iteration_bootstrap",70,2.99750134939495,0.082560396667582,0.0275430723940281,0.00986785480950899
"final_sa_entropy","10m","15_b","sa_entropy","Spectral angle entropy","final_70_iteration_bootstrap",70,2.75694979905847,0.194358764634798,0.0704977525166302,0.02323031559664
"final_sa_entropy","10m","15_c","sa_entropy","Spectral angle entropy","final_70_iteration_bootstrap",70,2.990173714609,0.0135926450945373,0.00454577104605267,0.00162463182935198
"final_sa_entropy","10m","15_d","sa_entropy","Spectral angle entropy","final_70_iteration_bootstrap",70,2.78576484094399,0.011476508872012,0.00411969765119264,0.00137170517391087
"final_sa_entropy","10m","1500_a","sa_entropy","Spectral angle entropy","final_70_iteration_bootstrap",70,2.81714809080566,0.0809595653091009,0.0287381290225136,0.00967651886567137
"final_sa_entropy","10m","1500_b","sa_entropy","Spectral angle entropy","final_70_iteration_bootstrap",70,2.89382121663789,0.00958892838575194,0.00331358700759426,0.00114609615395094
"final_sa_entropy","10m","1500_c","sa_entropy","Spectral angle entropy","final_70_iteration_bootstrap",70,2.85818304542934,0.00783574262426169,0.00274151182752001,0.000936550375989853
"final_sa_entropy","10m","1500_d","sa_entropy","Spectral angle entropy","final_70_iteration_bootstrap",70,2.9324615347456,0.0101155249086309,0.00344949960597128,0.00120903647692303
"final_sa_entropy","10m","1501_a","sa_entropy","Spectral angle entropy","final_70_iteration_bootstrap",70,2.87284403465461,0.00844560875770072,0.00293980761079363,0.0010094433210449
"final_sa_entropy","10m","1501_b","sa_entropy","Spectral angle entropy","final_70_iteration_bootstrap",70,2.84232975360375,0.00926649118879242,0.00326017457230062,0.00110755753769898
"final_sa_entropy","10m","1501_c","sa_entropy","Spectral angle entropy","final_70_iteration_bootstrap",70,2.89043251522175,0.0090246934655963,0.00312226402729348,0.00107865718205539
"final_sa_entropy","10m","1501_d","sa_entropy","Spectral angle entropy","final_70_iteration_bootstrap",70,2.80097707384805,0.160264435839974,0.0572173322432086,0.0191552638774773
"final_sa_entropy","10m","1502_a","sa_entropy","Spectral angle entropy","final_70_iteration_bootstrap",70,2.80118682827979,0.0827426431080376,0.0295384235969901,0.00988963742546718
"final_sa_entropy","10m","1502_b","sa_entropy","Spectral angle entropy","final_70_iteration_bootstrap",70,2.86590401297564,0.00847040198590782,0.00295557769819133,0.00101240667861199
"final_sa_entropy","10m","1502_c","sa_entropy","Spectral angle entropy","final_70_iteration_bootstrap",70,2.85024617098489,0.0111599992966793,0.0039154510267522,0.00133387504395428
"final_sa_entropy","10m","1502_d","sa_entropy","Spectral angle entropy","final_70_iteration_bootstrap",70,2.84142222368217,0.268987308737952,0.0946664337654733,0.0321501326951464
"final_sa_entropy","10m","1503_a","sa_entropy","Spectral angle entropy","final_70_iteration_bootstrap",70,2.77552688480683,0.161580973706987,0.0582163244721128,0.0193126202498699
"final_sa_entropy","10m","1503_b","sa_entropy","Spectral angle entropy","final_70_iteration_bootstrap",70,2.83830475654146,0.00980164112533589,0.00345334344479604,0.001171520189143
"final_sa_entropy","10m","1503_c","sa_entropy","Spectral angle entropy","final_70_iteration_bootstrap",70,2.81370755237291,0.00961222128966843,0.00341621192350358,0.00114888018846648
"final_sa_entropy","10m","1503_d","sa_entropy","Spectral angle entropy","final_70_iteration_bootstrap",70,2.79452380164391,0.00907419519126842,0.00324713469462326,0.00108457376992886
"final_sa_entropy","10m","1504_a","sa_entropy","Spectral angle entropy","final_70_iteration_bootstrap",70,2.86444988737844,0.0116766099765125,0.00407638828941043,0.00139562183039671
"final_sa_entropy","10m","1504_b","sa_entropy","Spectral angle entropy","final_70_iteration_bootstrap",70,2.94300511477341,0.139807828836256,0.0475051260136939,0.0167102316834019
"final_sa_entropy","10m","1504_c","sa_entropy","Spectral angle entropy","final_70_iteration_bootstrap",70,2.89409359862914,0.0105568537014223,0.0036477236625736,0.00126178535684976
"final_sa_entropy","10m","1504_d","sa_entropy","Spectral angle entropy","final_70_iteration_bootstrap",70,2.88962583259999,0.00876852971842083,0.0030344862021569,0.00104803975812554
"final_sa_entropy","10m","1505_a","sa_entropy","Spectral angle entropy","final_70_iteration_bootstrap",70,2.88215927691324,0.176988593091544,0.0614083317703029,0.0211541829988857
"final_sa_entropy","10m","1505_b","sa_entropy","Spectral angle entropy","final_70_iteration_bootstrap",70,3.04993168796118,0.00977328684192529,0.00320442811244029,0.00116813120407005
"final_sa_entropy","10m","1505_c","sa_entropy","Spectral angle entropy","final_70_iteration_bootstrap",70,2.8385050883754,0.00913877836155597,0.00321957441576633,0.00109229293520978
"final_sa_entropy","10m","1505_d","sa_entropy","Spectral angle entropy","final_70_iteration_bootstrap",70,2.96038667128936,0.0108248739370736,0.00365657433944565,0.00129381990220286
"final_sa_entropy","10m","1506_a","sa_entropy","Spectral angle entropy","final_70_iteration_bootstrap",70,2.97701694231184,0.0102489111648031,0.00344267814507101,0.00122497918386993
"final_sa_entropy","10m","1506_b","sa_entropy","Spectral angle entropy","final_70_iteration_bootstrap",70,2.93588529584634,0.0103833535450805,0.00353670273146257,0.00124104812179139
"final_sa_entropy","10m","1506_c","sa_entropy","Spectral angle entropy","final_70_iteration_bootstrap",70,2.98189112389361,0.0814094335477491,0.0273012763260949,0.00973028840459769
"final_sa_entropy","10m","1506_d","sa_entropy","Spectral angle entropy","final_70_iteration_bootstrap",70,2.80072616865512,0.177617840888397,0.0634184958444857,0.0212293924958016
"final_sa_entropy","10m","1507_a","sa_entropy","Spectral angle entropy","final_70_iteration_bootstrap",70,2.90607908555632,0.324291718852366,0.111590809921226,0.0387602740142574
"final_sa_entropy","10m","1507_b","sa_entropy","Spectral angle entropy","final_70_iteration_bootstrap",70,2.96950899089951,0.00871836510157022,0.00293596184698848,0.00104204393960193
"final_sa_entropy","10m","1507_c","sa_entropy","Spectral angle entropy","final_70_iteration_bootstrap",70,2.95496071833659,0.00904782942626698,0.0030619119131168,0.00108142245826519
"final_sa_entropy","10m","1507_d","sa_entropy","Spectral angle entropy","final_70_iteration_bootstrap",70,2.79090169139201,0.0817309167178916,0.0292847709290422,0.00976871299283507
"final_sa_entropy","10m","1508_a","sa_entropy","Spectral angle entropy","final_70_iteration_bootstrap",70,3.00288768682305,0.081994969949581,0.0273053735274158,0.00980027339052531
"final_sa_entropy","10m","1508_b","sa_entropy","Spectral angle entropy","final_70_iteration_bootstrap",70,2.90466926536243,0.0105817095637007,0.00364299980375918,0.00126475620062024
"final_sa_entropy","10m","1508_c","sa_entropy","Spectral angle entropy","final_70_iteration_bootstrap",70,2.95213311686551,0.00788063496922375,0.00266947141516138,0.00094191603749373
"final_sa_entropy","10m","1508_d","sa_entropy","Spectral angle entropy","final_70_iteration_bootstrap",70,2.95150604513787,0.00874372395864661,0.00296246181607877,0.0010450749027497
"final_sa_entropy","10m","1509_a","sa_entropy","Spectral angle entropy","final_70_iteration_bootstrap",70,2.89212087605922,0.0105467864518086,0.00364673086077216,0.0012605820903742
"final_sa_entropy","10m","1509_b","sa_entropy","Spectral angle entropy","final_70_iteration_bootstrap",70,2.87051373964811,0.00919442423155972,0.00320305877814292,0.00109894388879176
"final_sa_entropy","10m","1509_c","sa_entropy","Spectral angle entropy","final_70_iteration_bootstrap",70,2.91465457304748,0.00657588628237223,0.00225614600892368,0.000785968741642088
"final_sa_entropy","10m","1509_d","sa_entropy","Spectral angle entropy","final_70_iteration_bootstrap",70,2.72582098790581,0.0827103805982613,0.0303432914212778,0.00988578131799783
"final_sa_entropy","10m","1510_a","sa_entropy","Spectral angle entropy","final_70_iteration_bootstrap",70,2.84872275207026,0.0106978232960861,0.00375530517608695,0.00127863444610861
"final_sa_entropy","10m","1510_b","sa_entropy","Spectral angle entropy","final_70_iteration_bootstrap",70,2.86252808525896,0.00672704432295507,0.00235003609487608,0.000804035583105642
"final_sa_entropy","10m","1510_c","sa_entropy","Spectral angle entropy","final_70_iteration_bootstrap",70,2.79053480455775,0.205446818723201,0.0736227401240965,0.0245555915434707
"final_sa_entropy","10m","1510_d","sa_entropy","Spectral angle entropy","final_70_iteration_bootstrap",70,2.8454317200075,0.00920580316078704,0.00323529223915547,0.00110030393096737
"final_sa_entropy","10m","1511_a","sa_entropy","Spectral angle entropy","final_70_iteration_bootstrap",70,2.94095987604041,0.0110437375444615,0.00375514730222376,0.00131997910671207
"final_sa_entropy","10m","1511_b","sa_entropy","Spectral angle entropy","final_70_iteration_bootstrap",70,2.85049355287292,0.0095674664726691,0.00335642452621103,0.00114353096469817
"final_sa_entropy","10m","1511_c","sa_entropy","Spectral angle entropy","final_70_iteration_bootstrap",70,2.83551300538751,0.00737559771330622,0.00260115107893792,0.000881552539788493
"final_sa_entropy","10m","1511_d","sa_entropy","Spectral angle entropy","final_70_iteration_bootstrap",70,2.86592808283402,0.00775036541580376,0.00270431259675564,0.000926345847776451
"final_sa_entropy","10m","1512_a","sa_entropy","Spectral angle entropy","final_70_iteration_bootstrap",70,2.72311966122252,0.0116940092904577,0.00429434279256307,0.00139770144617772
"final_sa_entropy","10m","1512_b","sa_entropy","Spectral angle entropy","final_70_iteration_bootstrap",70,2.7537144781362,0.13987989268998,0.0507968032999031,0.0167188449613689
"final_sa_entropy","10m","1512_c","sa_entropy","Spectral angle entropy","final_70_iteration_bootstrap",70,2.82561975729174,0.00923934942183725,0.0032698488174123,0.00110431347606171
"final_sa_entropy","10m","1512_d","sa_entropy","Spectral angle entropy","final_70_iteration_bootstrap",70,2.74494089362806,0.010637891653481,0.00387545381329527,0.001271471244724
"final_sa_entropy","10m","1513_a","sa_entropy","Spectral angle entropy","final_70_iteration_bootstrap",70,2.74835344417388,0.00983983719331568,0.00358026629150437,0.00117608549246435
"final_sa_entropy","10m","1513_b","sa_entropy","Spectral angle entropy","final_70_iteration_bootstrap",70,2.81054258161588,0.00815453384105417,0.00290140910669492,0.000974653214261343
"final_sa_entropy","10m","1513_c","sa_entropy","Spectral angle entropy","final_70_iteration_bootstrap",70,2.91219256927968,0.0814584324928129,0.0279715130627372,0.00973614489869443
"final_sa_entropy","10m","1513_d","sa_entropy","Spectral angle entropy","final_70_iteration_bootstrap",70,2.89767477966481,0.0109808213351346,0.00378952856000105,0.00131245918137424
"final_sa_entropy","10m","1514_a","sa_entropy","Spectral angle entropy","final_70_iteration_bootstrap",70,2.91293669744591,0.00834001518232595,0.00286309523637728,0.000996822474819917
"final_sa_entropy","10m","1514_b","sa_entropy","Spectral angle entropy","final_70_iteration_bootstrap",70,2.82662594352506,0.010767239769806,0.00380921989146475,0.00128693130164352
"final_sa_entropy","10m","1514_c","sa_entropy","Spectral angle entropy","final_70_iteration_bootstrap",70,2.94081364275127,0.00901997760670981,0.00306717075695799,0.00107809352910951
"final_sa_entropy","10m","1514_d","sa_entropy","Spectral angle entropy","final_70_iteration_bootstrap",70,3.01861257770507,0.00991493191250983,0.00328459901934409,0.00118506102814343
"final_sa_entropy","10m","1515_a","sa_entropy","Spectral angle entropy","final_70_iteration_bootstrap",70,2.86581519869373,0.00685623039080425,0.00239241888099742,0.000819476271527717
"final_sa_entropy","10m","1515_b","sa_entropy","Spectral angle entropy","final_70_iteration_bootstrap",70,2.78756395812198,0.00893565665983068,0.00320554318898955,0.0010680152483019
"final_sa_entropy","10m","1515_c","sa_entropy","Spectral angle entropy","final_70_iteration_bootstrap",70,2.76436285350337,0.116359552472109,0.0420927203260031,0.0139076266084011
"final_sa_entropy","10m","1515_d","sa_entropy","Spectral angle entropy","final_70_iteration_bootstrap",70,2.80598555780028,0.00618001512768689,0.00220244010540511,0.000738653088673072
"final_sa_entropy","10m","1516_a","sa_entropy","Spectral angle entropy","final_70_iteration_bootstrap",70,3.00932155444103,0.338406326257166,0.11245269743865,0.0404472922722314
"final_sa_entropy","10m","1516_b","sa_entropy","Spectral angle entropy","final_70_iteration_bootstrap",70,2.75100910780738,0.009291374935548,0.00337744244800173,0.00111053171430195
"final_sa_entropy","10m","1516_c","sa_entropy","Spectral angle entropy","final_70_iteration_bootstrap",70,2.799259467132,0.0106756522780692,0.00381374159966923,0.00127598450260542
"final_sa_entropy","10m","1516_d","sa_entropy","Spectral angle entropy","final_70_iteration_bootstrap",70,2.68413679503823,0.00884212450807353,0.00329421530393632,0.00105683601793463
"final_sa_entropy","10m","1517_a","sa_entropy","Spectral angle entropy","final_70_iteration_bootstrap",70,2.79878412971116,0.219422243027535,0.0783991307861891,0.0262259742390834
"final_sa_entropy","10m","1517_b","sa_entropy","Spectral angle entropy","final_70_iteration_bootstrap",70,2.84226480741967,0.241868643733487,0.0850971531935008,0.0289088322691172
"final_sa_entropy","10m","1517_c","sa_entropy","Spectral angle entropy","final_70_iteration_bootstrap",70,2.94284505830507,0.0116484907811722,0.00395824127685511,0.0013922609437225
"final_sa_entropy","10m","1517_d","sa_entropy","Spectral angle entropy","final_70_iteration_bootstrap",70,2.71554503576298,0.0112461739458014,0.00414140579430367,0.00134417488455729
"final_sa_entropy","10m","1518_a","sa_entropy","Spectral angle entropy","final_70_iteration_bootstrap",70,2.9418564835231,0.00907532419533722,0.00308489698466487,0.00108470871172517
"final_sa_entropy","10m","1518_b","sa_entropy","Spectral angle entropy","final_70_iteration_bootstrap",70,2.90004321656134,0.00930427652427697,0.00320832340399027,0.00111207374909742
"final_sa_entropy","10m","1518_c","sa_entropy","Spectral angle entropy","final_70_iteration_bootstrap",70,2.94595039005516,0.0809099853273816,0.0274648159726365,0.00967059292441125
"final_sa_entropy","10m","1518_d","sa_entropy","Spectral angle entropy","final_70_iteration_bootstrap",70,2.8777262485829,0.00881388476135838,0.00306279472055366,0.0010534607226152
"final_sa_entropy","10m","1519_a","sa_entropy","Spectral angle entropy","final_70_iteration_bootstrap",70,2.74980599827205,0.115776765090201,0.0421036120958913,0.0138379701931996
"final_sa_entropy","10m","1519_b","sa_entropy","Spectral angle entropy","final_70_iteration_bootstrap",70,2.73350378887258,0.331842419469443,0.121398192612826,0.0396627553540623
"final_sa_entropy","10m","16_a","sa_entropy","Spectral angle entropy","final_70_iteration_bootstrap",70,2.80146842634556,0.0112754914790787,0.00402485045808184,0.0013476790000101
"final_sa_entropy","10m","16_b","sa_entropy","Spectral angle entropy","final_70_iteration_bootstrap",70,3.00590802378454,0.012102996349553,0.00402640275543591,0.00144658474956555
"final_sa_entropy","10m","16_c","sa_entropy","Spectral angle entropy","final_70_iteration_bootstrap",70,2.95251762175723,0.0131907115075307,0.00446761482821568,0.00157659157712771
"final_sa_entropy","10m","16_d","sa_entropy","Spectral angle entropy","final_70_iteration_bootstrap",70,2.8606258601502,0.0115882834199541,0.00405096086887282,0.00138506478766045
"final_sa_entropy","10m","1600_a","sa_entropy","Spectral angle entropy","final_70_iteration_bootstrap",70,2.80376454737734,0.0120282059671756,0.00429001999416352,0.00143764558909349
"final_sa_entropy","10m","1600_b","sa_entropy","Spectral angle entropy","final_70_iteration_bootstrap",70,2.77176942152775,0.0082228425649592,0.00296664019059238,0.000982817668369184
"final_sa_entropy","10m","1600_c","sa_entropy","Spectral angle entropy","final_70_iteration_bootstrap",70,3.03608323025943,0.0104223228157987,0.00343281854460496,0.00124570584051612
"final_sa_entropy","10m","1600_d","sa_entropy","Spectral angle entropy","final_70_iteration_bootstrap",70,2.83840907586774,0.0125008323259694,0.00440416867048938,0.00149413524364908
"final_sa_entropy","10m","1601_a","sa_entropy","Spectral angle entropy","final_70_iteration_bootstrap",70,2.82744879085409,0.010207322535906,0.00361008219456476,0.00122000839196185
"final_sa_entropy","10m","1601_b","sa_entropy","Spectral angle entropy","final_70_iteration_bootstrap",70,2.93164706082186,0.0101368234831439,0.00345772300445407,0.00121158214348263
"final_sa_entropy","10m","1601_c","sa_entropy","Spectral angle entropy","final_70_iteration_bootstrap",70,2.82257597952129,0.00854400735839648,0.00302702475341179,0.00102120420331191
"final_sa_entropy","10m","1601_d","sa_entropy","Spectral angle entropy","final_70_iteration_bootstrap",70,2.82943671368047,0.010508330652837,0.00371393026817976,0.00125598574326163
"final_sa_entropy","10m","1602_a","sa_entropy","Spectral angle entropy","final_70_iteration_bootstrap",70,2.80983085426275,0.193666295615141,0.0689245387569621,0.0231475497183029
"final_sa_entropy","10m","1602_b","sa_entropy","Spectral angle entropy","final_70_iteration_bootstrap",70,2.84687814971513,0.231149404335783,0.0811939929213035,0.0276276381092731
"final_sa_entropy","10m","1602_c","sa_entropy","Spectral angle entropy","final_70_iteration_bootstrap",70,2.85675807930022,0.00695764448916646,0.002435503565941,0.000831597574702954
"final_sa_entropy","10m","1602_d","sa_entropy","Spectral angle entropy","final_70_iteration_bootstrap",70,2.8381106574451,0.00744592914396819,0.00262355138424063,0.000889958753594753
"final_sa_entropy","10m","1603_a","sa_entropy","Spectral angle entropy","final_70_iteration_bootstrap",70,2.76853689598782,0.00880297700922599,0.00317964951884272,0.00105215699687398
"final_sa_entropy","10m","1603_b","sa_entropy","Spectral angle entropy","final_70_iteration_bootstrap",70,2.81188001688127,0.277727498833671,0.0987693276975968,0.0331947852204888
"final_sa_entropy","10m","1603_c","sa_entropy","Spectral angle entropy","final_70_iteration_bootstrap",70,2.77434887854809,0.00989913566982343,0.00356809330879972,0.00118317301602555
"final_sa_entropy","10m","1603_d","sa_entropy","Spectral angle entropy","final_70_iteration_bootstrap",70,2.76945036229532,0.0081349677028529,0.00293739429801899,0.000972314613446108
"final_sa_entropy","10m","1604_a","sa_entropy","Spectral angle entropy","final_70_iteration_bootstrap",70,2.84300953218155,0.0101621049304448,0.00357441817039814,0.00121460385439257
"final_sa_entropy","10m","1604_b","sa_entropy","Spectral angle entropy","final_70_iteration_bootstrap",70,2.83662680568878,0.00796559613467915,0.00280812270359441,0.000952070839057198
"final_sa_entropy","10m","1604_c","sa_entropy","Spectral angle entropy","final_70_iteration_bootstrap",70,2.89583751805474,0.00857918714268148,0.00296259271771729,0.00102540899177667
"final_sa_entropy","10m","1604_d","sa_entropy","Spectral angle entropy","final_70_iteration_bootstrap",70,2.85816319032829,0.0118220878266252,0.00413625361442967,0.00141300975924463
"final_sa_entropy","10m","1605_a","sa_entropy","Spectral angle entropy","final_70_iteration_bootstrap",70,2.90976845643772,0.00906070756473695,0.00311389297821639,0.00108296169021862
"final_sa_entropy","10m","1605_b","sa_entropy","Spectral angle entropy","final_70_iteration_bootstrap",70,2.89086162451446,0.00997224408123953,0.0034495750321202,0.00119191114251631
"final_sa_entropy","10m","1605_c","sa_entropy","Spectral angle entropy","final_70_iteration_bootstrap",70,2.98238009750741,0.00950151599468701,0.00318588365132536,0.00113564837488983
"final_sa_entropy","10m","1605_d","sa_entropy","Spectral angle entropy","final_70_iteration_bootstrap",70,2.87541850743044,0.00999057543300942,0.00347447698732986,0.00119410215812462
"final_sa_entropy","10m","1606_a","sa_entropy","Spectral angle entropy","final_70_iteration_bootstrap",70,2.93967857855556,0.0104119292852464,0.00354185976698255,0.00124446357600931
"final_sa_entropy","10m","1606_b","sa_entropy","Spectral angle entropy","final_70_iteration_bootstrap",70,3.00114737575931,0.00947929553041707,0.00315855715949929,0.00113299252142901
"final_sa_entropy","10m","1606_c","sa_entropy","Spectral angle entropy","final_70_iteration_bootstrap",70,2.91632961041051,0.00919949157228205,0.00315447593421619,0.00109954955185221
"final_sa_entropy","10m","1606_d","sa_entropy","Spectral angle entropy","final_70_iteration_bootstrap",70,2.78161925235557,0.00758351396203615,0.00272629474922355,0.000906403284671242
"final_sa_entropy","10m","1607_a","sa_entropy","Spectral angle entropy","final_70_iteration_bootstrap",70,2.85463905647708,0.29783322292898,0.104333058238381,0.0355978788854985
"final_sa_entropy","10m","1607_b","sa_entropy","Spectral angle entropy","final_70_iteration_bootstrap",70,2.76833363532181,0.219755634276829,0.0793819182315731,0.0262658221150092
"final_sa_entropy","10m","1607_c","sa_entropy","Spectral angle entropy","final_70_iteration_bootstrap",70,2.88041498598307,0.00942582546881606,0.00327238453996554,0.00112660162669217
"final_sa_entropy","10m","1607_d","sa_entropy","Spectral angle entropy","final_70_iteration_bootstrap",70,2.76835581034039,0.141148993721827,0.0509865795410424,0.0168705315475088
"final_sa_entropy","10m","1608_a","sa_entropy","Spectral angle entropy","final_70_iteration_bootstrap",70,2.90218866299313,0.276667130413733,0.0953305117415753,0.0330680469532943
"final_sa_entropy","10m","1608_b","sa_entropy","Spectral angle entropy","final_70_iteration_bootstrap",70,2.82982846744793,0.0102490013811005,0.0036217747821102,0.0012249899667799
"final_sa_entropy","10m","1608_c","sa_entropy","Spectral angle entropy","final_70_iteration_bootstrap",70,2.84163782470918,0.0812970425940375,0.0286092203190452,0.00971685511626704
"final_sa_entropy","10m","1608_d","sa_entropy","Spectral angle entropy","final_70_iteration_bootstrap",70,2.77054800978405,0.0101443025787426,0.00366147871934308,0.00121247606638578
"final_sa_entropy","10m","1609_a","sa_entropy","Spectral angle entropy","final_70_iteration_bootstrap",70,2.72873765927296,0.0106947100398618,0.00391928846788127,0.00127826234081786
"final_sa_entropy","10m","1609_b","sa_entropy","Spectral angle entropy","final_70_iteration_bootstrap",70,2.6688324982086,0.140132438698004,0.0525070190025282,0.0167490299827652
"final_sa_entropy","10m","1609_c","sa_entropy","Spectral angle entropy","final_70_iteration_bootstrap",70,2.75847943932021,0.0104544503050409,0.00378993229241442,0.00124954580994496
"final_sa_entropy","10m","1609_d","sa_entropy","Spectral angle entropy","final_70_iteration_bootstrap",70,2.85776424410218,0.00876663675283571,0.00306765569305733,0.00104781350546316
"final_sa_entropy","10m","1610_a","sa_entropy","Spectral angle entropy","final_70_iteration_bootstrap",70,2.85866985294738,0.139707437151781,0.0488714837104181,0.0166982325820595
"final_sa_entropy","10m","1610_b","sa_entropy","Spectral angle entropy","final_70_iteration_bootstrap",70,2.83528243352084,0.011184772526015,0.00394485303960559,0.00133683601119904
"final_sa_entropy","10m","1610_c","sa_entropy","Spectral angle entropy","final_70_iteration_bootstrap",70,2.73915545160888,0.0103352009335112,0.00377313413426051,0.00123529278389521
"final_sa_entropy","10m","1610_d","sa_entropy","Spectral angle entropy","final_70_iteration_bootstrap",70,2.62901541283563,0.082243710542773,0.0312830842075839,0.0098300035778539
"final_sa_entropy","10m","1611_a","sa_entropy","Spectral angle entropy","final_70_iteration_bootstrap",70,2.73599775320254,0.00987718959274613,0.00361008688007315,0.00118054995810701
"final_sa_entropy","10m","1611_b","sa_entropy","Spectral angle entropy","final_70_iteration_bootstrap",70,2.78281509148753,0.0819207395803542,0.0294380822609971,0.00979140116442718
"final_sa_entropy","10m","1611_c","sa_entropy","Spectral angle entropy","final_70_iteration_bootstrap",70,2.96180665055365,0.00774299980014048,0.00261428267057644,0.000925465488319839
"final_sa_entropy","10m","1611_d","sa_entropy","Spectral angle entropy","final_70_iteration_bootstrap",70,2.87983148580624,0.012670048806238,0.00439957992982734,0.00151436048148787
"final_sa_entropy","10m","1612_a","sa_entropy","Spectral angle entropy","final_70_iteration_bootstrap",70,2.87544804460783,0.00922152777586666,0.00320698813986894,0.00110218338194876
"final_sa_entropy","10m","1612_b","sa_entropy","Spectral angle entropy","final_70_iteration_bootstrap",70,2.93219344831671,0.00852852363445829,0.0029085815055464,0.00101935354432891
"final_sa_entropy","10m","1612_c","sa_entropy","Spectral angle entropy","final_70_iteration_bootstrap",70,2.75170208937527,0.158551581692386,0.0576194575366926,0.0189505386493959
"final_sa_entropy","10m","1612_d","sa_entropy","Spectral angle entropy","final_70_iteration_bootstrap",70,2.8748025052238,0.00821133443536516,0.00285631253640706,0.000981442183796112
"final_sa_entropy","10m","1613_a","sa_entropy","Spectral angle entropy","final_70_iteration_bootstrap",70,2.75351042086806,0.00700685321423205,0.00254469827356713,0.00083747914230568
"final_sa_entropy","10m","1613_b","sa_entropy","Spectral angle entropy","final_70_iteration_bootstrap",70,2.77457803322473,0.218583097335481,0.0787806631199464,0.0261256771452291
"final_sa_entropy","10m","1613_c","sa_entropy","Spectral angle entropy","final_70_iteration_bootstrap",70,2.83846476230941,0.00959199028087526,0.00337928813076794,0.00114646212041596
"final_sa_entropy","10m","1613_d","sa_entropy","Spectral angle entropy","final_70_iteration_bootstrap",70,2.82933289375654,0.00911909010669658,0.00322305308322665,0.0010899397386622
"final_sa_entropy","10m","1614_a","sa_entropy","Spectral angle entropy","final_70_iteration_bootstrap",70,2.80498998770046,0.00988343936021614,0.00352352037032353,0.00118129694819519
"final_sa_entropy","10m","1614_b","sa_entropy","Spectral angle entropy","final_70_iteration_bootstrap",70,2.96179880979033,0.0095005019291152,0.0032076797038715,0.00113552717087151
"final_sa_entropy","10m","1614_c","sa_entropy","Spectral angle entropy","final_70_iteration_bootstrap",70,2.93439591933835,0.00931725749917075,0.0031751875872536,0.00111362527235443
"final_sa_entropy","10m","1614_d","sa_entropy","Spectral angle entropy","final_70_iteration_bootstrap",70,2.9109670496027,0.0814226989822639,0.0279710136167212,0.00973187392728242
"final_sa_entropy","10m","1615_a","sa_entropy","Spectral angle entropy","final_70_iteration_bootstrap",70,2.9460258493106,0.0107609362573954,0.00365269580370912,0.00128617788780628
"final_sa_entropy","10m","1615_b","sa_entropy","Spectral angle entropy","final_70_iteration_bootstrap",70,2.90123458636186,0.0123307254051637,0.0042501648998423,0.00147380357780981
"final_sa_entropy","10m","1615_c","sa_entropy","Spectral angle entropy","final_70_iteration_bootstrap",70,2.74794111288496,0.0802211224753499,0.0291931737908055,0.00958825806554565
"final_sa_entropy","10m","1615_d","sa_entropy","Spectral angle entropy","final_70_iteration_bootstrap",70,2.92029128240215,0.00758836955896268,0.00259849748711392,0.000906983639507441
"final_sa_entropy","10m","1616_a","sa_entropy","Spectral angle entropy","final_70_iteration_bootstrap",70,2.85940563830593,0.00815120808784568,0.00285066517973117,0.000974255710723105
"final_sa_entropy","10m","1616_b","sa_entropy","Spectral angle entropy","final_70_iteration_bootstrap",70,2.84192246829802,0.269657782147344,0.0948856927503857,0.0322302695952167
"final_sa_entropy","10m","1616_c","sa_entropy","Spectral angle entropy","final_70_iteration_bootstrap",70,2.79328226469875,0.1409987756093,0.0504778114948246,0.0168525770489356
"final_sa_entropy","10m","1616_d","sa_entropy","Spectral angle entropy","final_70_iteration_bootstrap",70,2.80324432988292,0.00894521144883938,0.00319102097290713,0.00106915726401984
"final_sa_entropy","10m","1617_a","sa_entropy","Spectral angle entropy","final_70_iteration_bootstrap",70,2.84135964507738,0.00803530825903097,0.0028279800035001,0.000960403031601475
"final_sa_entropy","10m","1617_b","sa_entropy","Spectral angle entropy","final_70_iteration_bootstrap",70,2.82505179173727,0.260737841870537,0.0922948891178367,0.0311641328139773
"final_sa_entropy","10m","1617_c","sa_entropy","Spectral angle entropy","final_70_iteration_bootstrap",70,2.82642144187591,0.260261495663905,0.0920816307886372,0.0311071985525658
"final_sa_entropy","10m","1617_d","sa_entropy","Spectral angle entropy","final_70_iteration_bootstrap",70,2.89495207906443,0.322027319591719,0.111237530293002,0.0384896265363293
"final_sa_entropy","10m","1618_a","sa_entropy","Spectral angle entropy","final_70_iteration_bootstrap",70,2.71233423710862,0.0115223010996854,0.00424811254529173,0.00137717839197091
"final_sa_entropy","10m","1618_b","sa_entropy","Spectral angle entropy","final_70_iteration_bootstrap",70,2.86473260923955,0.0107291470786849,0.00374525253913068,0.00128237835422007
"final_sa_entropy","10m","1618_c","sa_entropy","Spectral angle entropy","final_70_iteration_bootstrap",70,2.87112100697129,0.00825804540018021,0.00287624428929644,0.000987025211947768
"final_sa_entropy","10m","1618_d","sa_entropy","Spectral angle entropy","final_70_iteration_bootstrap",70,2.69958471207357,0.00957557101500643,0.0035470533568296,0.00114449964278489
"final_sa_entropy","10m","1619_a","sa_entropy","Spectral angle entropy","final_70_iteration_bootstrap",70,2.78888740452924,0.00893678898200483,0.00320442803373532,0.00106815058668766
"final_sa_entropy","10m","1619_b","sa_entropy","Spectral angle entropy","final_70_iteration_bootstrap",70,2.74738871400784,0.11262560427256,0.0409936910995983,0.0134613344370138
"final_sa_entropy","10m","1619_c","sa_entropy","Spectral angle entropy","final_70_iteration_bootstrap",70,2.73119979787461,0.206318063863464,0.0755411830449089,0.0246597252552093
"final_sa_entropy","10m","1619_d","sa_entropy","Spectral angle entropy","final_70_iteration_bootstrap",70,2.78629335270062,0.0102175091782673,0.00366706153476767,0.00122122592860018
"final_sa_entropy","10m","1620_a","sa_entropy","Spectral angle entropy","final_70_iteration_bootstrap",70,2.81019150427827,0.0105146208657074,0.00374160296538503,0.00125673756749979
"final_sa_entropy","10m","1620_b","sa_entropy","Spectral angle entropy","final_70_iteration_bootstrap",70,2.90250602326784,0.00956703514083332,0.003296129297972,0.00114347941068315
"final_sa_entropy","10m","1620_d","sa_entropy","Spectral angle entropy","final_70_iteration_bootstrap",70,2.87855124651047,0.010483980122317,0.00364210299713309,0.00125307529818864
"final_sa_entropy","10m","1621_a","sa_entropy","Spectral angle entropy","final_70_iteration_bootstrap",70,3.06520731527212,0.140963403345762,0.0459882118391879,0.0168483492547998
"final_sa_entropy","10m","17_a","sa_entropy","Spectral angle entropy","final_70_iteration_bootstrap",70,2.80564249465142,0.0111657582141534,0.00397975088965874,0.00133456336624666
"final_sa_entropy","10m","17_b","sa_entropy","Spectral angle entropy","final_70_iteration_bootstrap",70,2.81651615382787,0.0817477114304285,0.0290244070921897,0.00977072034492604
"final_sa_entropy","10m","17_c","sa_entropy","Spectral angle entropy","final_70_iteration_bootstrap",70,2.89762267122614,0.012394806207437,0.00427757772967454,0.00148146269862842
"final_sa_entropy","10m","17_d","sa_entropy","Spectral angle entropy","final_70_iteration_bootstrap",70,2.76404482269985,0.0107879684704056,0.00390296437373552,0.00128940885524262
"final_sa_entropy","10m","1700_a","sa_entropy","Spectral angle entropy","final_70_iteration_bootstrap",70,2.79346567517608,0.138283457752565,0.0495024724955134,0.016528034490355
"final_sa_entropy","10m","1700_b","sa_entropy","Spectral angle entropy","final_70_iteration_bootstrap",70,2.76840144844069,0.228741257865389,0.0826257542937743,0.0273398095535849
"final_sa_entropy","10m","1700_c","sa_entropy","Spectral angle entropy","final_70_iteration_bootstrap",70,2.71630136569177,0.138378773733689,0.0509438221699112,0.0165394269291116
"final_sa_entropy","10m","1700_d","sa_entropy","Spectral angle entropy","final_70_iteration_bootstrap",70,2.72431831309644,0.0114657224308004,0.00420865740089252,0.00137041594759797
"final_sa_entropy","10m","1701_a","sa_entropy","Spectral angle entropy","final_70_iteration_bootstrap",70,2.74665282561003,0.0102779398011664,0.00374198723090664,0.00122844876953707
"final_sa_entropy","10m","1701_b","sa_entropy","Spectral angle entropy","final_70_iteration_bootstrap",70,2.75084828514822,0.0113374020017378,0.00412142031348954,0.0013550787228002
"final_sa_entropy","10m","1701_c","sa_entropy","Spectral angle entropy","final_70_iteration_bootstrap",70,2.82159537288659,0.00963758060556033,0.00341564942236942,0.0011519112064532
"final_sa_entropy","10m","1701_d","sa_entropy","Spectral angle entropy","final_70_iteration_bootstrap",70,2.8358020902851,0.0123328344613266,0.00434897572844609,0.00147405565823627
"final_sa_entropy","10m","1702_a","sa_entropy","Spectral angle entropy","final_70_iteration_bootstrap",70,2.78420127679095,0.0112723767629299,0.0040486931950273,0.001347306720225
"final_sa_entropy","10m","1702_b","sa_entropy","Spectral angle entropy","final_70_iteration_bootstrap",70,2.78772336356462,0.193832915548945,0.0695309004050867,0.0231674646094796
"final_sa_entropy","10m","1702_c","sa_entropy","Spectral angle entropy","final_70_iteration_bootstrap",70,2.81557729380091,0.00800938415401893,0.00284466854156456,0.000957304508403297
"final_sa_entropy","10m","1702_d","sa_entropy","Spectral angle entropy","final_70_iteration_bootstrap",70,2.81091188394014,0.138728410801532,0.0493535253076209,0.0165812165517486
"final_sa_entropy","10m","1703_a","sa_entropy","Spectral angle entropy","final_70_iteration_bootstrap",70,2.84002130676618,0.00752086177880555,0.00264817089959415,0.000898914916487795
"final_sa_entropy","10m","1703_b","sa_entropy","Spectral angle entropy","final_70_iteration_bootstrap",70,2.79950678411451,0.114250045983781,0.04081077660968,0.0136554923577585
"final_sa_entropy","10m","1703_c","sa_entropy","Spectral angle entropy","final_70_iteration_bootstrap",70,2.91803902116686,0.00752785299374608,0.00257976433458928,0.000899750526498888
"final_sa_entropy","10m","1703_d","sa_entropy","Spectral angle entropy","final_70_iteration_bootstrap",70,2.85686549467339,0.00832766752545219,0.00291496660972632,0.000995346647544541
"final_sa_entropy","10m","1704_a","sa_entropy","Spectral angle entropy","final_70_iteration_bootstrap",70,2.79421932124221,0.161464704357191,0.0577852651471216,0.0192987234045434
"final_sa_entropy","10m","1704_b","sa_entropy","Spectral angle entropy","final_70_iteration_bootstrap",70,2.78544119117515,0.00924177445908747,0.00331788532759812,0.00110460332345172
"final_sa_entropy","10m","1704_c","sa_entropy","Spectral angle entropy","final_70_iteration_bootstrap",70,2.74345636463703,0.115675054145108,0.04216398541495,0.0138258134100538
"final_sa_entropy","10m","1704_d","sa_entropy","Spectral angle entropy","final_70_iteration_bootstrap",70,2.83417600504876,0.00856802112262494,0.00302310834167038,0.00102407439711427
"final_sa_entropy","10m","1705_a","sa_entropy","Spectral angle entropy","final_70_iteration_bootstrap",70,2.82603281049648,0.231540467934539,0.0819312737893734,0.0276743791494034
"final_sa_entropy","10m","1705_b","sa_entropy","Spectral angle entropy","final_70_iteration_bootstrap",70,2.79213975349083,0.00823435874219924,0.00294912127228029,0.000984194114819931
"final_sa_entropy","10m","1705_c","sa_entropy","Spectral angle entropy","final_70_iteration_bootstrap",70,2.8169441046846,0.00750205278657081,0.00266318837285228,0.000896666811924624
"final_sa_entropy","10m","1705_d","sa_entropy","Spectral angle entropy","final_70_iteration_bootstrap",70,2.79339854378838,0.114762405447211,0.0410834342641173,0.013716731026654
"final_sa_entropy","10m","1706_a","sa_entropy","Spectral angle entropy","final_70_iteration_bootstrap",70,2.80287699385589,0.248329917096736,0.0885982216276682,0.0296811021467657
"final_sa_entropy","10m","1706_b","sa_entropy","Spectral angle entropy","final_70_iteration_bootstrap",70,2.79027936905741,0.268530118572043,0.0962377178249198,0.0320954880185263
"final_sa_entropy","10m","1706_c","sa_entropy","Spectral angle entropy","final_70_iteration_bootstrap",70,2.78159391014668,0.00822316212348929,0.00295627700847809,0.000982855862918936
"final_sa_entropy","10m","1706_d","sa_entropy","Spectral angle entropy","final_70_iteration_bootstrap",70,2.87380382562392,0.00987656786903706,0.00343675785416313,0.00118047564791059
"final_sa_entropy","10m","1707_a","sa_entropy","Spectral angle entropy","final_70_iteration_bootstrap",70,2.8736707978714,0.00794813678959248,0.00276584805590114,0.000949984048182415
"final_sa_entropy","10m","1707_b","sa_entropy","Spectral angle entropy","final_70_iteration_bootstrap",70,2.87531481546311,0.00720363494683309,0.00250533781834697,0.000860999057965595
"final_sa_entropy","10m","1707_c","sa_entropy","Spectral angle entropy","final_70_iteration_bootstrap",70,2.81474682802821,0.274990013016071,0.0976961800890306,0.0328675930838045
"final_sa_entropy","10m","1707_d","sa_entropy","Spectral angle entropy","final_70_iteration_bootstrap",70,2.77872615452579,0.00934721806110627,0.0033638500310231,0.00111720624443214
"final_sa_entropy","10m","1708_a","sa_entropy","Spectral angle entropy","final_70_iteration_bootstrap",70,2.86945742679008,0.0083717044483167,0.00291752174824273,0.00100061006655201
"final_sa_entropy","10m","1708_b","sa_entropy","Spectral angle entropy","final_70_iteration_bootstrap",70,2.84374724810467,0.0108781511781343,0.00382528763250126,0.00130018775047708
"final_sa_entropy","10m","1708_c","sa_entropy","Spectral angle entropy","final_70_iteration_bootstrap",70,3.00822071998893,0.345392301197834,0.114816143277913,0.0412822759835493
"final_sa_entropy","10m","1708_d","sa_entropy","Spectral angle entropy","final_70_iteration_bootstrap",70,2.77645333417418,0.0828282301800801,0.0298323869378905,0.00989986703717662
"final_sa_entropy","10m","1709_a","sa_entropy","Spectral angle entropy","final_70_iteration_bootstrap",70,2.82248337896426,0.00795422543197292,0.00281816555280896,0.000950711780138926
"final_sa_entropy","10m","1709_b","sa_entropy","Spectral angle entropy","final_70_iteration_bootstrap",70,2.78788856231348,0.207069393987038,0.0742746309110738,0.0247495263810843
"final_sa_entropy","10m","1709_c","sa_entropy","Spectral angle entropy","final_70_iteration_bootstrap",70,2.92662050489789,0.0110768365413635,0.00378485578257438,0.00132393519351583
"final_sa_entropy","10m","1709_d","sa_entropy","Spectral angle entropy","final_70_iteration_bootstrap",70,2.7738046149043,0.0100339343928079,0.00361739047476281,0.00119928454504683
"final_sa_entropy","10m","1710_a","sa_entropy","Spectral angle entropy","final_70_iteration_bootstrap",70,2.77659917922503,0.178042290439331,0.0641224314159107,0.0212801239204512
"final_sa_entropy","10m","1710_b","sa_entropy","Spectral angle entropy","final_70_iteration_bootstrap",70,2.8376713123063,0.325374198822305,0.114662398499514,0.0388896551171676
"final_sa_entropy","10m","1710_c","sa_entropy","Spectral angle entropy","final_70_iteration_bootstrap",70,2.78635295780916,0.0110605460682009,0.00396954235004655,0.00132198810955748
"final_sa_entropy","10m","1710_d","sa_entropy","Spectral angle entropy","final_70_iteration_bootstrap",70,2.91126523652691,0.010225493284444,0.00351238806967753,0.00122218021181242
"final_sa_entropy","10m","1711_a","sa_entropy","Spectral angle entropy","final_70_iteration_bootstrap",70,2.77231805229753,0.0119785853163483,0.00432078321836888,0.00143171478694524
"final_sa_entropy","10m","1711_b","sa_entropy","Spectral angle entropy","final_70_iteration_bootstrap",70,2.72935912277876,0.0827146887206851,0.0303055351090894,0.00988629623711517
"final_sa_entropy","10m","1711_c","sa_entropy","Spectral angle entropy","final_70_iteration_bootstrap",70,2.80646312455491,0.00966976243073986,0.0034455333997212,0.00115575767026872
"final_sa_entropy","10m","1711_d","sa_entropy","Spectral angle entropy","final_70_iteration_bootstrap",70,2.62793604086551,0.333910830396152,0.127062008056398,0.0399099777456085
"final_sa_entropy","10m","1712_a","sa_entropy","Spectral angle entropy","final_70_iteration_bootstrap",70,2.82649777268436,0.00970821485026124,0.0034347151956328,0.00116035361345972
"final_sa_entropy","10m","1712_b","sa_entropy","Spectral angle entropy","final_70_iteration_bootstrap",70,2.83656997773536,0.00808764692395114,0.00285120655842522,0.000966658698570171
"final_sa_entropy","10m","1712_c","sa_entropy","Spectral angle entropy","final_70_iteration_bootstrap",70,2.85715022324632,0.00873343727363268,0.00305669516519494,0.00104384540872731
"final_sa_entropy","10m","1712_d","sa_entropy","Spectral angle entropy","final_70_iteration_bootstrap",70,2.85287815179729,0.00880696552660161,0.00308704580356973,0.0010526337158816
"final_sa_entropy","10m","1713_a","sa_entropy","Spectral angle entropy","final_70_iteration_bootstrap",70,2.92002361713008,0.00818352153575348,0.00280255320119519,0.000978117906463669
"final_sa_entropy","10m","1713_b","sa_entropy","Spectral angle entropy","final_70_iteration_bootstrap",70,2.89549200491393,0.00681043680624937,0.00235208275301448,0.00081400289128932
"final_sa_entropy","10m","1713_c","sa_entropy","Spectral angle entropy","final_70_iteration_bootstrap",70,2.85250490107191,0.312823451086381,0.109666227381004,0.0373895538409161
"final_sa_entropy","10m","1713_d","sa_entropy","Spectral angle entropy","final_70_iteration_bootstrap",70,2.79681623820501,0.00753252872028352,0.00269325121092614,0.000900309382711585
"final_sa_entropy","10m","1714_a","sa_entropy","Spectral angle entropy","final_70_iteration_bootstrap",70,2.77688541256269,0.0810627409367252,0.0291919646990098,0.00968885071186363
"final_sa_entropy","10m","1714_b","sa_entropy","Spectral angle entropy","final_70_iteration_bootstrap",70,2.96154471115151,0.343863377609921,0.116109466899191,0.0410995346621733
"final_sa_entropy","10m","1714_c","sa_entropy","Spectral angle entropy","final_70_iteration_bootstrap",70,2.7820135158756,0.00861962474357009,0.00309834035470427,0.00103024220952416
"final_sa_entropy","10m","1714_d","sa_entropy","Spectral angle entropy","final_70_iteration_bootstrap",70,2.79800044952739,0.0103835880776384,0.00371107448513539,0.00124107615379369
"final_sa_entropy","10m","1715_a","sa_entropy","Spectral angle entropy","final_70_iteration_bootstrap",70,2.77750824553947,0.0105705516331664,0.00380576786770736,0.00126342257284069
"final_sa_entropy","10m","1715_b","sa_entropy","Spectral angle entropy","final_70_iteration_bootstrap",70,2.8983558039732,0.00860311928654132,0.00296827576336479,0.00102826943007907
"final_sa_entropy","10m","1715_c","sa_entropy","Spectral angle entropy","final_70_iteration_bootstrap",70,2.97118312712057,0.00798009722731586,0.00268583149738385,0.000953804051135799
"final_sa_entropy","10m","1715_d","sa_entropy","Spectral angle entropy","final_70_iteration_bootstrap",70,2.82285614591428,0.0107510660105702,0.00380857736095798,0.00128499816766761
"final_sa_entropy","10m","1716_a","sa_entropy","Spectral angle entropy","final_70_iteration_bootstrap",70,2.85700803045424,0.00918370820168033,0.0032144495583445,0.00109766307824272
"final_sa_entropy","10m","1716_b","sa_entropy","Spectral angle entropy","final_70_iteration_bootstrap",70,2.83555725225308,0.011113573696222,0.00391936141913246,0.00132832612336707
"final_sa_entropy","10m","1716_c","sa_entropy","Spectral angle entropy","final_70_iteration_bootstrap",70,2.88954624566481,0.328400398975849,0.113651200242442,0.0392513552172764
"final_sa_entropy","10m","1716_d","sa_entropy","Spectral angle entropy","final_70_iteration_bootstrap",70,2.8831369920922,0.00780234243087428,0.00270619899514812,0.00093255828932046
"final_sa_entropy","10m","1717_a","sa_entropy","Spectral angle entropy","final_70_iteration_bootstrap",70,2.83441442293309,0.00727250336381206,0.00256578688880872,0.000869230408190879
"final_sa_entropy","10m","1717_b","sa_entropy","Spectral angle entropy","final_70_iteration_bootstrap",70,2.80578308010234,0.00758724188439756,0.00270414414364521,0.000906848856617216
"final_sa_entropy","10m","1717_c","sa_entropy","Spectral angle entropy","final_70_iteration_bootstrap",70,2.78526540014056,0.25023667949606,0.0898430287768741,0.0299090038438532
"final_sa_entropy","10m","1717_d","sa_entropy","Spectral angle entropy","final_70_iteration_bootstrap",70,2.80229804541934,0.00881337382291507,0.00314505226784192,0.00105339965379069
"final_sa_entropy","10m","1718_a","sa_entropy","Spectral angle entropy","final_70_iteration_bootstrap",70,2.77169807539955,0.0827870792585265,0.0298687219915151,0.00989494856130249
"final_sa_entropy","10m","1718_b","sa_entropy","Spectral angle entropy","final_70_iteration_bootstrap",70,2.75981324881076,0.00933663502634295,0.00338306768777425,0.00111594132983987
"final_sa_entropy","10m","1718_c","sa_entropy","Spectral angle entropy","final_70_iteration_bootstrap",70,2.66879547041182,0.111773524299771,0.041881637442424,0.0133594914009219
"final_sa_entropy","10m","1718_d","sa_entropy","Spectral angle entropy","final_70_iteration_bootstrap",70,2.79319108585985,0.00779453960719152,0.00279055007967422,0.000931625673510537
"final_sa_entropy","10m","1719_a","sa_entropy","Spectral angle entropy","final_70_iteration_bootstrap",70,2.8029539157457,0.00844201807394868,0.00301182906594551,0.00100901415225015
"final_sa_entropy","10m","1719_b","sa_entropy","Spectral angle entropy","final_70_iteration_bootstrap",70,2.74892499811714,0.0811082452877099,0.0295054413428029,0.00969428952207824
"final_sa_entropy","10m","1719_c","sa_entropy","Spectral angle entropy","final_70_iteration_bootstrap",70,2.8174633497158,0.00933773833263045,0.00331423595397341,0.00111607320016384
"final_sa_entropy","10m","1719_d","sa_entropy","Spectral angle entropy","final_70_iteration_bootstrap",70,2.80267458120805,0.0088938975515371,0.00317336076445361,0.00106302408020863
"final_sa_entropy","10m","1720_a","sa_entropy","Spectral angle entropy","final_70_iteration_bootstrap",70,2.80936256190048,0.00876644402282943,0.00312043882897731,0.00104779046982142
"final_sa_entropy","10m","1720_b","sa_entropy","Spectral angle entropy","final_70_iteration_bootstrap",70,2.87988776727139,0.00908370506987445,0.00315418717809306,0.00108571041782698
"final_sa_entropy","10m","1720_c","sa_entropy","Spectral angle entropy","final_70_iteration_bootstrap",70,2.77007975542602,0.0102059006988335,0.00368433460402799,0.00121983844992717
"final_sa_entropy","10m","1720_d","sa_entropy","Spectral angle entropy","final_70_iteration_bootstrap",70,2.83659057846047,0.0100013145093257,0.0035258223676234,0.00119538572324973
"final_sa_entropy","10m","1721_a","sa_entropy","Spectral angle entropy","final_70_iteration_bootstrap",70,2.87872773048968,0.00907634161095786,0.00315290032983214,0.00108483031615091
"final_sa_entropy","10m","1721_b","sa_entropy","Spectral angle entropy","final_70_iteration_bootstrap",70,2.77248824420539,0.160859044017829,0.0580197388948466,0.019226333148029
"final_sa_entropy","10m","1721_c","sa_entropy","Spectral angle entropy","final_70_iteration_bootstrap",70,2.81219607403318,0.00672315632810071,0.0023907139300065,0.000803570878837354
"final_sa_entropy","10m","1721_d","sa_entropy","Spectral angle entropy","final_70_iteration_bootstrap",70,3.12965028093885,0.0109090696268469,0.00348571522297191,0.00130388321192283
"final_sa_entropy","10m","1722_a","sa_entropy","Spectral angle entropy","final_70_iteration_bootstrap",70,3.06238139346125,0.00847452336635239,0.00276729847707639,0.00101289927779372
"final_sa_entropy","10m","1722_d","sa_entropy","Spectral angle entropy","final_70_iteration_bootstrap",70,2.99317850077142,0.192983577530284,0.064474463344083,0.0230659492995897
"final_sa_entropy","10m","18_a","sa_entropy","Spectral angle entropy","final_70_iteration_bootstrap",70,2.68756289254201,0.0834331965588017,0.031044183855317,0.00997217434952997
"final_sa_entropy","10m","18_b","sa_entropy","Spectral angle entropy","final_70_iteration_bootstrap",70,2.86842936201384,0.0123881781337103,0.00431880188432214,0.00148067049229413
"final_sa_entropy","10m","18_c","sa_entropy","Spectral angle entropy","final_70_iteration_bootstrap",70,2.8630659477259,0.010529041648815,0.00367754073467225,0.00125846118075371
"final_sa_entropy","10m","18_d","sa_entropy","Spectral angle entropy","final_70_iteration_bootstrap",70,2.83036108694892,0.00929647830263445,0.00328455558038211,0.00111114168333651
"final_sa_entropy","10m","1800_a","sa_entropy","Spectral angle entropy","final_70_iteration_bootstrap",70,2.96423024150545,0.343938042203409,0.116029462687329,0.0411084587879975
"final_sa_entropy","10m","1800_b","sa_entropy","Spectral angle entropy","final_70_iteration_bootstrap",70,2.74642454247552,0.0826359224109573,0.0300885464475468,0.00987688186243133
"final_sa_entropy","10m","1800_c","sa_entropy","Spectral angle entropy","final_70_iteration_bootstrap",70,2.81971805789229,0.207252522430224,0.0735011508863915,0.0247714144165322
"final_sa_entropy","10m","1800_d","sa_entropy","Spectral angle entropy","final_70_iteration_bootstrap",70,2.82729698113336,0.191619554554791,0.0677748237392372,0.0229029173711799
"final_sa_entropy","10m","1801_a","sa_entropy","Spectral angle entropy","final_70_iteration_bootstrap",70,2.82379350740782,0.251630064149891,0.089110646189169,0.0300755451640598
"final_sa_entropy","10m","1801_b","sa_entropy","Spectral angle entropy","final_70_iteration_bootstrap",70,2.78266898928463,0.113649791606437,0.0408420088929275,0.0135837482372905
"final_sa_entropy","10m","1801_c","sa_entropy","Spectral angle entropy","final_70_iteration_bootstrap",70,2.80158651616429,0.00984611128122362,0.00351447696668106,0.00117683538940086
"final_sa_entropy","10m","1801_d","sa_entropy","Spectral angle entropy","final_70_iteration_bootstrap",70,2.83022349051166,0.0113193050532186,0.00399943859245272,0.00135291572373902
"final_sa_entropy","10m","1802_a","sa_entropy","Spectral angle entropy","final_70_iteration_bootstrap",70,2.8254799882271,0.0109408010845558,0.00387219202759983,0.00130767584652979
"final_sa_entropy","10m","1802_b","sa_entropy","Spectral angle entropy","final_70_iteration_bootstrap",70,2.70297250260653,0.00787965092840447,0.00291517983287139,0.000941798422119734
"final_sa_entropy","10m","1802_c","sa_entropy","Spectral angle entropy","final_70_iteration_bootstrap",70,2.76760423893386,0.0103921013785798,0.00375490875190415,0.0012420936878782
"final_sa_entropy","10m","1802_d","sa_entropy","Spectral angle entropy","final_70_iteration_bootstrap",70,2.83665869388806,0.00849081597266436,0.00299324553600999,0.00101484661671219
"final_sa_entropy","10m","1803_a","sa_entropy","Spectral angle entropy","final_70_iteration_bootstrap",70,2.89267155547705,0.00780994237626083,0.00269990637598427,0.000933466656535998
"final_sa_entropy","10m","1803_b","sa_entropy","Spectral angle entropy","final_70_iteration_bootstrap",70,2.82566569897104,0.00831089922271346,0.00294121814400757,0.00099334245202821
"final_sa_entropy","10m","1803_c","sa_entropy","Spectral angle entropy","final_70_iteration_bootstrap",70,2.85596855893488,0.00731463675442998,0.00256117551838804,0.000874266311578359
"final_sa_entropy","10m","1803_d","sa_entropy","Spectral angle entropy","final_70_iteration_bootstrap",70,2.88820952502045,0.00803835939800425,0.0027831635234107,0.000960767712460667
"final_sa_entropy","10m","1804_a","sa_entropy","Spectral angle entropy","final_70_iteration_bootstrap",70,2.80245110590216,0.00741775575108592,0.00264688141586613,0.000886591389075262
"final_sa_entropy","10m","1804_b","sa_entropy","Spectral angle entropy","final_70_iteration_bootstrap",70,2.77454892864159,0.0843400088478284,0.0303977370797786,0.010080559148644
"final_sa_entropy","10m","1804_c","sa_entropy","Spectral angle entropy","final_70_iteration_bootstrap",70,2.81463433923253,0.01028881543567,0.00365547143806804,0.00122974865648741
"final_sa_entropy","10m","1804_d","sa_entropy","Spectral angle entropy","final_70_iteration_bootstrap",70,2.79062906422054,0.229845031169326,0.0823631610937603,0.0274717356966934
"final_sa_entropy","10m","1805_a","sa_entropy","Spectral angle entropy","final_70_iteration_bootstrap",70,2.85733948820508,0.00856006206444003,0.00299581554791631,0.00102312310770968
"final_sa_entropy","10m","1805_b","sa_entropy","Spectral angle entropy","final_70_iteration_bootstrap",70,2.84433500625487,0.00997135622621024,0.00350568980246089,0.00119180502354311
"final_sa_entropy","10m","1805_c","sa_entropy","Spectral angle entropy","final_70_iteration_bootstrap",70,2.82067948978224,0.0111188094652475,0.00394189042233435,0.00132895191746019
"final_sa_entropy","10m","1805_d","sa_entropy","Spectral angle entropy","final_70_iteration_bootstrap",70,2.84712649434739,0.00848679949075043,0.00298082979720076,0.00101436655530295
"final_sa_entropy","10m","1806_a","sa_entropy","Spectral angle entropy","final_70_iteration_bootstrap",70,2.72843358498431,0.177590202152522,0.065088702591067,0.0212260890350173
"final_sa_entropy","10m","1806_b","sa_entropy","Spectral angle entropy","final_70_iteration_bootstrap",70,2.77672025265549,0.23186220244641,0.0835021829169399,0.0277128337787232
"final_sa_entropy","10m","1806_c","sa_entropy","Spectral angle entropy","final_70_iteration_bootstrap",70,2.81779058427702,0.00945955338108299,0.00335708176252215,0.00113063288325963
"final_sa_entropy","10m","1806_d","sa_entropy","Spectral angle entropy","final_70_iteration_bootstrap",70,2.7619841564582,0.0124167754115055,0.00449559979642609,0.00148408852075112
"final_sa_entropy","10m","1807_a","sa_entropy","Spectral angle entropy","final_70_iteration_bootstrap",70,2.91513532825791,0.00701797066595244,0.00240742534246133,0.00083880793194159
"final_sa_entropy","10m","1807_b","sa_entropy","Spectral angle entropy","final_70_iteration_bootstrap",70,2.91040063981511,0.0081863702693639,0.00281279840217598,0.000978458395254824
"final_sa_entropy","10m","1807_c","sa_entropy","Spectral angle entropy","final_70_iteration_bootstrap",70,2.83629972305369,0.00805544301338575,0.00284012403481564,0.000962809595046151
"final_sa_entropy","10m","1807_d","sa_entropy","Spectral angle entropy","final_70_iteration_bootstrap",70,2.86259710257496,0.00876916901259985,0.0030633612409905,0.0010481161683948
"final_sa_entropy","10m","1808_a","sa_entropy","Spectral angle entropy","final_70_iteration_bootstrap",70,2.86998667490159,0.00721623407068677,0.00251437894600476,0.000862504941293842
"final_sa_entropy","10m","1808_b","sa_entropy","Spectral angle entropy","final_70_iteration_bootstrap",70,2.77000783282524,0.00906643967491355,0.00327307365974714,0.00108364680842611
"final_sa_entropy","10m","1808_c","sa_entropy","Spectral angle entropy","final_70_iteration_bootstrap",70,2.77035186327035,0.113551547430471,0.0409881318456151,0.013572005812309
"final_sa_entropy","10m","1808_d","sa_entropy","Spectral angle entropy","final_70_iteration_bootstrap",70,2.8669705626447,0.335404327328686,0.116989107491667,0.0400884847717803
"final_sa_entropy","10m","1809_a","sa_entropy","Spectral angle entropy","final_70_iteration_bootstrap",70,2.78983007888306,0.159399212850754,0.0571358141333725,0.0190518499504604
"final_sa_entropy","10m","1809_b","sa_entropy","Spectral angle entropy","final_70_iteration_bootstrap",70,2.75323056438856,0.141129819976725,0.0512597171490675,0.0168682398466394
"final_sa_entropy","10m","1809_c","sa_entropy","Spectral angle entropy","final_70_iteration_bootstrap",70,2.8219909923549,0.00908230323307563,0.0032184026305118,0.00108554286628223
"final_sa_entropy","10m","1809_d","sa_entropy","Spectral angle entropy","final_70_iteration_bootstrap",70,2.83496349597077,0.220469235267245,0.0777679273756398,0.0263511137469486
"final_sa_entropy","10m","1810_a","sa_entropy","Spectral angle entropy","final_70_iteration_bootstrap",70,2.74413729102848,0.112631684626487,0.0410444787127518,0.0134620611783106
"final_sa_entropy","10m","1810_b","sa_entropy","Spectral angle entropy","final_70_iteration_bootstrap",70,2.75458201229179,0.0807501434704508,0.0293148445426998,0.00965148816837397
"final_sa_entropy","10m","1810_c","sa_entropy","Spectral angle entropy","final_70_iteration_bootstrap",70,2.75213597261407,0.0112402919114588,0.00408420660291082,0.00134347184698455
"final_sa_entropy","10m","1810_d","sa_entropy","Spectral angle entropy","final_70_iteration_bootstrap",70,2.77829044143229,0.0115440492335899,0.004155090865028,0.00137977779115514
"final_sa_entropy","10m","1811_a","sa_entropy","Spectral angle entropy","final_70_iteration_bootstrap",70,2.82860679107795,0.00999158920000223,0.00353233585930639,0.00119422332645592
"final_sa_entropy","10m","1811_b","sa_entropy","Spectral angle entropy","final_70_iteration_bootstrap",70,2.82803068320493,0.00880241153217183,0.00311255870894452,0.00105208940943868
"final_sa_entropy","10m","1811_c","sa_entropy","Spectral angle entropy","final_70_iteration_bootstrap",70,3.00089499894979,0.0110700779521804,0.00368892545592382,0.00132312738760079
"final_sa_entropy","10m","1811_d","sa_entropy","Spectral angle entropy","final_70_iteration_bootstrap",70,2.62343842182911,0.321772392762796,0.122652923768057,0.0384591569524077
"final_sa_entropy","10m","1812_a","sa_entropy","Spectral angle entropy","final_70_iteration_bootstrap",70,2.96595042730388,0.00627893233992581,0.00211700515360046,0.000750475956875428
"final_sa_entropy","10m","1812_b","sa_entropy","Spectral angle entropy","final_70_iteration_bootstrap",70,2.962390913174,0.00831686854558463,0.00280748516632252,0.000994055922575608
"final_sa_entropy","10m","1812_c","sa_entropy","Spectral angle entropy","final_70_iteration_bootstrap",70,2.87386896046664,0.00736525332787262,0.00256283547690939,0.000880316149246871
"final_sa_entropy","10m","1812_d","sa_entropy","Spectral angle entropy","final_70_iteration_bootstrap",70,2.85419793038838,0.00785513202798189,0.00275213290022708,0.000938867852994285
"final_sa_entropy","10m","1813_a","sa_entropy","Spectral angle entropy","final_70_iteration_bootstrap",70,2.84707352286247,0.00695355478857522,0.00244235167540881,0.000831108761987927
"final_sa_entropy","10m","1813_b","sa_entropy","Spectral angle entropy","final_70_iteration_bootstrap",70,2.9373525319696,0.00775180545786734,0.00263904498132183,0.000926517965723754
"final_sa_entropy","10m","1813_c","sa_entropy","Spectral angle entropy","final_70_iteration_bootstrap",70,2.91185570779134,0.00910550216160947,0.00312704442642731,0.00108831566859118
"final_sa_entropy","10m","1813_d","sa_entropy","Spectral angle entropy","final_70_iteration_bootstrap",70,2.81110446699867,0.00799622833234722,0.00284451482547874,0.000955732086959165
"final_sa_entropy","10m","1814_a","sa_entropy","Spectral angle entropy","final_70_iteration_bootstrap",70,2.81354024744339,0.00705459769955741,0.00250737401249824,0.000843185699785562
"final_sa_entropy","10m","1814_b","sa_entropy","Spectral angle entropy","final_70_iteration_bootstrap",70,2.96622567397416,0.341429001466722,0.115105537809359,0.0408085710609501
"final_sa_entropy","10m","1814_c","sa_entropy","Spectral angle entropy","final_70_iteration_bootstrap",70,2.74791026733023,0.194252051441943,0.0706908277724337,0.0232175609305307
"final_sa_entropy","10m","1814_d","sa_entropy","Spectral angle entropy","final_70_iteration_bootstrap",70,2.85688669155252,0.321190854623399,0.112426879082437,0.0383896498502451
"final_sa_entropy","10m","1815_a","sa_entropy","Spectral angle entropy","final_70_iteration_bootstrap",70,2.79461588389447,0.229962218049785,0.0822875942898166,0.0274857422079097
"final_sa_entropy","10m","1815_b","sa_entropy","Spectral angle entropy","final_70_iteration_bootstrap",70,2.79650382858037,0.00990572219860002,0.00354218081068339,0.00118396025678855
"final_sa_entropy","10m","1815_c","sa_entropy","Spectral angle entropy","final_70_iteration_bootstrap",70,2.85954531394018,0.0122554379346592,0.00428579952026441,0.00146480500394267
"final_sa_entropy","10m","1815_d","sa_entropy","Spectral angle entropy","final_70_iteration_bootstrap",70,2.77639256188861,0.0070481499210223,0.00253859991478578,0.00084241504284838
"final_sa_entropy","10m","1816_a","sa_entropy","Spectral angle entropy","final_70_iteration_bootstrap",70,2.77012628956292,0.00946994494719774,0.00341859682819441,0.00113187491297124
"final_sa_entropy","10m","1816_b","sa_entropy","Spectral angle entropy","final_70_iteration_bootstrap",70,2.88332845530953,0.010896564554476,0.00377916173039891,0.00130238856989688
"final_sa_entropy","10m","1816_c","sa_entropy","Spectral angle entropy","final_70_iteration_bootstrap",70,2.86819799829553,0.0075533663670651,0.00263348847309489,0.00090279995787004
"final_sa_entropy","10m","1816_d","sa_entropy","Spectral angle entropy","final_70_iteration_bootstrap",70,2.81669385421305,0.00698426125200846,0.00247959544540554,0.000834778886346616
"final_sa_entropy","10m","1817_a","sa_entropy","Spectral angle entropy","final_70_iteration_bootstrap",70,2.87809107707393,0.00721421771276684,0.00250659813034872,0.000862263940426586
"final_sa_entropy","10m","1817_b","sa_entropy","Spectral angle entropy","final_70_iteration_bootstrap",70,2.79053145879386,0.206321154345109,0.0739361506550752,0.0246600946384171
"final_sa_entropy","10m","1817_c","sa_entropy","Spectral angle entropy","final_70_iteration_bootstrap",70,2.79873990367733,0.23029848944451,0.0822864922681509,0.0275259343270573
"final_sa_entropy","10m","1817_d","sa_entropy","Spectral angle entropy","final_70_iteration_bootstrap",70,2.7573283892501,0.175871128106799,0.0637831637292321,0.021020620386916
"final_sa_entropy","10m","1818_a","sa_entropy","Spectral angle entropy","final_70_iteration_bootstrap",70,2.80054430559824,0.00716621745457738,0.00255886594625632,0.000856526812242238
"final_sa_entropy","10m","1818_b","sa_entropy","Spectral angle entropy","final_70_iteration_bootstrap",70,2.78638078171092,0.00664355038399569,0.00238429378626289,0.000794056148650615
"final_sa_entropy","10m","1818_c","sa_entropy","Spectral angle entropy","final_70_iteration_bootstrap",70,2.81525281824829,0.11412921393185,0.0405395967254066,0.0136410501652193
"final_sa_entropy","10m","1818_d","sa_entropy","Spectral angle entropy","final_70_iteration_bootstrap",70,2.76955834275992,0.206719846156397,0.074640004135243,0.024707747424333
"final_sa_entropy","10m","1819_a","sa_entropy","Spectral angle entropy","final_70_iteration_bootstrap",70,2.86672079260443,0.2981616389761,0.104007910273403,0.0356371321110268
"final_sa_entropy","10m","1819_b","sa_entropy","Spectral angle entropy","final_70_iteration_bootstrap",70,2.7669712105388,0.115376940205578,0.041697918563855,0.013790181979117
"final_sa_entropy","10m","1819_c","sa_entropy","Spectral angle entropy","final_70_iteration_bootstrap",70,2.88426378722722,0.00830516275570733,0.00287947405937218,0.000992656813079987
"final_sa_entropy","10m","1819_d","sa_entropy","Spectral angle entropy","final_70_iteration_bootstrap",70,2.87412263632026,0.00959111864067983,0.00333705963673121,0.00114635793948609
"final_sa_entropy","10m","1820_a","sa_entropy","Spectral angle entropy","final_70_iteration_bootstrap",70,2.87726160598619,0.00864125565665152,0.00300329161542811,0.00103282759814026
"final_sa_entropy","10m","1820_b","sa_entropy","Spectral angle entropy","final_70_iteration_bootstrap",70,2.85679567861344,0.00869234135448969,0.00304268919879792,0.00103893350689866
"final_sa_entropy","10m","1820_c","sa_entropy","Spectral angle entropy","final_70_iteration_bootstrap",70,2.79797694545223,0.00925662480523909,0.00330832776170104,0.00110637827930962
"final_sa_entropy","10m","1820_d","sa_entropy","Spectral angle entropy","final_70_iteration_bootstrap",70,2.81458145555179,0.081553775416226,0.0289754539721565,0.00974754055767053
"final_sa_entropy","10m","1821_a","sa_entropy","Spectral angle entropy","final_70_iteration_bootstrap",70,2.85344487269831,0.0105281593262682,0.00368963123381193,0.00125835572303865
"final_sa_entropy","10m","1821_b","sa_entropy","Spectral angle entropy","final_70_iteration_bootstrap",70,2.9510270838144,0.00975017500765791,0.00330399373870034,0.00116536881151699
"final_sa_entropy","10m","1821_c","sa_entropy","Spectral angle entropy","final_70_iteration_bootstrap",70,3.10809913084398,0.0112894214597578,0.00363225913476326,0.00134934395115362
"final_sa_entropy","10m","1821_d","sa_entropy","Spectral angle entropy","final_70_iteration_bootstrap",70,2.91576864284017,0.00869672151551224,0.00298265143116465,0.00103945703627542
"final_sa_entropy","10m","1822_a","sa_entropy","Spectral angle entropy","final_70_iteration_bootstrap",70,2.86289608834371,0.00920746802905416,0.00321613769586063,0.00110050292078573
"final_sa_entropy","10m","1822_b","sa_entropy","Spectral angle entropy","final_70_iteration_bootstrap",70,2.94454854797983,0.00886576293545296,0.00301090737374173,0.00105966135040299
"final_sa_entropy","10m","1822_c","sa_entropy","Spectral angle entropy","final_70_iteration_bootstrap",70,2.91513234999207,0.0101100944649831,0.0034681425236184,0.00120838741476211
"final_sa_entropy","10m","19_a","sa_entropy","Spectral angle entropy","final_70_iteration_bootstrap",70,3.07016425909729,0.00964024924929695,0.0031399783320165,0.00115223017038741
"final_sa_entropy","10m","19_b","sa_entropy","Spectral angle entropy","final_70_iteration_bootstrap",70,2.77066415994564,0.0101042655094551,0.00364687487409278,0.00120769072132115
"final_sa_entropy","10m","19_c","sa_entropy","Spectral angle entropy","final_70_iteration_bootstrap",70,2.8099497754053,0.0115723325945188,0.00411834143649405,0.00138315829937018
"final_sa_entropy","10m","19_d","sa_entropy","Spectral angle entropy","final_70_iteration_bootstrap",70,2.72882836363188,0.00909547122311422,0.0033331049121055,0.00108711674212438
"final_sa_entropy","10m","1900_a","sa_entropy","Spectral angle entropy","final_70_iteration_bootstrap",70,2.85594992226216,0.284952241770939,0.0997749433733879,0.0340583071658597
"final_sa_entropy","10m","1900_b","sa_entropy","Spectral angle entropy","final_70_iteration_bootstrap",70,2.76342815064334,0.138751166042579,0.050209796846094,0.0165839363232597
"final_sa_entropy","10m","1900_c","sa_entropy","Spectral angle entropy","final_70_iteration_bootstrap",70,2.87441183387131,0.301308219045132,0.10482430370436,0.0360132203630336
"final_sa_entropy","10m","1900_d","sa_entropy","Spectral angle entropy","final_70_iteration_bootstrap",70,2.89194910623112,0.320479633940774,0.110817867869893,0.0383046427195027
"final_sa_entropy","10m","1901_a","sa_entropy","Spectral angle entropy","final_70_iteration_bootstrap",70,2.72729093406657,0.160812444930763,0.0589641695068378,0.019220763491826
"final_sa_entropy","10m","1901_b","sa_entropy","Spectral angle entropy","final_70_iteration_bootstrap",70,2.94280460095992,0.338363472607063,0.114979931897854,0.0404421702813696
"final_sa_entropy","10m","1901_c","sa_entropy","Spectral angle entropy","final_70_iteration_bootstrap",70,3.00785027737189,0.176374783263675,0.0586381525006567,0.0210808186921897
"final_sa_entropy","10m","1901_d","sa_entropy","Spectral angle entropy","final_70_iteration_bootstrap",70,2.89220856233523,0.300564437006235,0.103922117139282,0.0359243214058337
"final_sa_entropy","10m","1902_a","sa_entropy","Spectral angle entropy","final_70_iteration_bootstrap",70,3.00763831967422,0.346691963970097,0.115270497021613,0.0414376153963389
"final_sa_entropy","10m","1902_b","sa_entropy","Spectral angle entropy","final_70_iteration_bootstrap",70,2.81145183701452,0.00973241740571261,0.00346170518647314,0.00116324637212917
"final_sa_entropy","10m","1902_c","sa_entropy","Spectral angle entropy","final_70_iteration_bootstrap",70,2.77329727703686,0.00830498136064222,0.0029946235585374,0.000992635132222846
"final_sa_entropy","10m","1902_d","sa_entropy","Spectral angle entropy","final_70_iteration_bootstrap",70,2.82194406258503,0.00878053201560896,0.00311151880436836,0.00104947430702324
"final_sa_entropy","10m","1903_a","sa_entropy","Spectral angle entropy","final_70_iteration_bootstrap",70,2.93171508271861,0.00715049602608637,0.00243901464649001,0.000854647742131032
"final_sa_entropy","10m","1903_b","sa_entropy","Spectral angle entropy","final_70_iteration_bootstrap",70,2.91771464651136,0.0081896125981313,0.00280685865148719,0.00097884592766519
"final_sa_entropy","10m","1903_c","sa_entropy","Spectral angle entropy","final_70_iteration_bootstrap",70,2.93106590417131,0.010089625767636,0.00344230600658863,0.0012059409374956
"final_sa_entropy","10m","1903_d","sa_entropy","Spectral angle entropy","final_70_iteration_bootstrap",70,2.84332789408129,0.00856042020360331,0.00301070454147156,0.00102316591352708
"final_sa_entropy","10m","1904_a","sa_entropy","Spectral angle entropy","final_70_iteration_bootstrap",70,2.87307303635035,0.00883970018323517,0.00307674050446841,0.00105654625569412
"final_sa_entropy","10m","1904_b","sa_entropy","Spectral angle entropy","final_70_iteration_bootstrap",70,2.88504589417472,0.0095214473436094,0.00330027586834387,0.00113803062673529
"final_sa_entropy","10m","1904_c","sa_entropy","Spectral angle entropy","final_70_iteration_bootstrap",70,2.83844137659997,0.00770744934195272,0.00271538084439324,0.000921216395849744
"final_sa_entropy","10m","1904_d","sa_entropy","Spectral angle entropy","final_70_iteration_bootstrap",70,2.94783388702052,0.00862792785513998,0.00292687043633267,0.00103123462117364
"final_sa_entropy","10m","1905_a","sa_entropy","Spectral angle entropy","final_70_iteration_bootstrap",70,2.98290766461797,0.0088053232265987,0.00295192617962796,0.00105243742348674
"final_sa_entropy","10m","1905_b","sa_entropy","Spectral angle entropy","final_70_iteration_bootstrap",70,2.85934027819187,0.00749974565848948,0.00262289371981708,0.000896391057375804
"final_sa_entropy","10m","1905_c","sa_entropy","Spectral angle entropy","final_70_iteration_bootstrap",70,2.77994035300684,0.141399122960375,0.0508640851978837,0.0169004277097032
"final_sa_entropy","10m","1905_d","sa_entropy","Spectral angle entropy","final_70_iteration_bootstrap",70,2.88047301797466,0.00776983868089303,0.0026974176228723,0.000928673348131635
"final_sa_entropy","10m","1906_a","sa_entropy","Spectral angle entropy","final_70_iteration_bootstrap",70,2.81791352517656,0.00870610301015844,0.00308955648651885,0.00104057833935537
"final_sa_entropy","10m","1906_b","sa_entropy","Spectral angle entropy","final_70_iteration_bootstrap",70,2.87129816073088,0.290354774239774,0.101123170770209,0.0347040333028207
"final_sa_entropy","10m","1906_c","sa_entropy","Spectral angle entropy","final_70_iteration_bootstrap",70,2.81593638603224,0.00821343065338606,0.0029167671166603,0.00098169272977111
"final_sa_entropy","10m","1906_d","sa_entropy","Spectral angle entropy","final_70_iteration_bootstrap",70,2.84684322371834,0.268880008577719,0.0944484776462425,0.0321373078730167
"final_sa_entropy","10m","1907_a","sa_entropy","Spectral angle entropy","final_70_iteration_bootstrap",70,2.86026379455745,0.00804456749794259,0.00281252642265021,0.000961509722326259
"final_sa_entropy","10m","1907_b","sa_entropy","Spectral angle entropy","final_70_iteration_bootstrap",70,2.90742826023872,0.00952448147104254,0.00327591280627523,0.00113839327432654
"final_sa_entropy","10m","1907_c","sa_entropy","Spectral angle entropy","final_70_iteration_bootstrap",70,2.89153731466939,0.00983583338775503,0.00340159310338335,0.00117560694616912
"final_sa_entropy","10m","1907_d","sa_entropy","Spectral angle entropy","final_70_iteration_bootstrap",70,2.9340100838042,0.00925881295779066,0.00315568545892174,0.00110663981356274
"final_sa_entropy","10m","1908_a","sa_entropy","Spectral angle entropy","final_70_iteration_bootstrap",70,2.90464694380528,0.0105862674153348,0.00364459695795802,0.00126530096808726
"final_sa_entropy","10m","1908_b","sa_entropy","Spectral angle entropy","final_70_iteration_bootstrap",70,2.8372257896124,0.00794148928553059,0.00279903323683502,0.000949189519478871
"final_sa_entropy","10m","1908_c","sa_entropy","Spectral angle entropy","final_70_iteration_bootstrap",70,2.77414961783585,0.00736025235473279,0.00265315623476523,0.000879718418629747
"final_sa_entropy","10m","1908_d","sa_entropy","Spectral angle entropy","final_70_iteration_bootstrap",70,2.82047390528341,0.0105113101831445,0.00372678866606577,0.00125634186524823
"final_sa_entropy","10m","1909_a","sa_entropy","Spectral angle entropy","final_70_iteration_bootstrap",70,2.74239324235836,0.115098807927556,0.0419702054941528,0.0137569388135299
"final_sa_entropy","10m","1909_b","sa_entropy","Spectral angle entropy","final_70_iteration_bootstrap",70,2.77780467744574,0.00822669928851737,0.00296158306424987,0.000983278635002686
"final_sa_entropy","10m","1909_c","sa_entropy","Spectral angle entropy","final_70_iteration_bootstrap",70,2.76970682202758,0.178834492689607,0.0645680226034503,0.0213748101998421
"final_sa_entropy","10m","1909_d","sa_entropy","Spectral angle entropy","final_70_iteration_bootstrap",70,2.79735213243254,0.00719548844331748,0.00257224979289983,0.000860025364558805
"final_sa_entropy","10m","1910_a","sa_entropy","Spectral angle entropy","final_70_iteration_bootstrap",70,2.7911050913292,0.00908085363326495,0.00325349757036214,0.00108536960596564
"final_sa_entropy","10m","1910_b","sa_entropy","Spectral angle entropy","final_70_iteration_bootstrap",70,2.85982550289636,0.00933389167199585,0.00326379762070893,0.00111561343627975
"final_sa_entropy","10m","1910_c","sa_entropy","Spectral angle entropy","final_70_iteration_bootstrap",70,2.80739286027784,0.00926396816559458,0.00329984744802612,0.00110725597874817
"final_sa_entropy","10m","1910_d","sa_entropy","Spectral angle entropy","final_70_iteration_bootstrap",70,2.90831697374337,0.327829132813144,0.112721252797692,0.0391830758511554
"final_sa_entropy","10m","1911_a","sa_entropy","Spectral angle entropy","final_70_iteration_bootstrap",70,2.81899245481685,0.00859314051974022,0.00304830206446882,0.00102707673932241
"final_sa_entropy","10m","1911_b","sa_entropy","Spectral angle entropy","final_70_iteration_bootstrap",70,2.82624855513673,0.00809795156024951,0.00286526517476016,0.000967890338181431
"final_sa_entropy","10m","1911_c","sa_entropy","Spectral angle entropy","final_70_iteration_bootstrap",70,2.73538158909921,0.0817564510110681,0.0298884994096898,0.00977176492460744
"final_sa_entropy","10m","1911_d","sa_entropy","Spectral angle entropy","final_70_iteration_bootstrap",70,2.81612974063017,0.00710052373784507,0.00252137663808634,0.000848674911273041
"final_sa_entropy","10m","1912_a","sa_entropy","Spectral angle entropy","final_70_iteration_bootstrap",70,2.87653187371257,0.0073808280739381,0.00256587738220057,0.000882177687454929
"final_sa_entropy","10m","1912_b","sa_entropy","Spectral angle entropy","final_70_iteration_bootstrap",70,2.91950306366108,0.00668447979004429,0.00228959505925707,0.00079894814835785
"final_sa_entropy","10m","1912_c","sa_entropy","Spectral angle entropy","final_70_iteration_bootstrap",70,2.88702615259382,0.00682396725226039,0.00236366658685425,0.000815620088906263
"final_sa_entropy","10m","1912_d","sa_entropy","Spectral angle entropy","final_70_iteration_bootstrap",70,2.98445060968117,0.00752347775268414,0.00252089202893121,0.000899227585169891
"final_sa_entropy","10m","1913_a","sa_entropy","Spectral angle entropy","final_70_iteration_bootstrap",70,2.90622198761551,0.00808335783456909,0.0027813972466712,0.000966146054336429
"final_sa_entropy","10m","1913_b","sa_entropy","Spectral angle entropy","final_70_iteration_bootstrap",70,2.85961788402546,0.00860350149098025,0.00300861927708648,0.00102831511224707
"final_sa_entropy","10m","1913_c","sa_entropy","Spectral angle entropy","final_70_iteration_bootstrap",70,2.80827781520421,0.00741580581469079,0.00264069522414809,0.000886358327098678
"final_sa_entropy","10m","1913_d","sa_entropy","Spectral angle entropy","final_70_iteration_bootstrap",70,2.77739044766509,0.140081954670816,0.0504365364936646,0.0167429959874043
"final_sa_entropy","10m","1914_a","sa_entropy","Spectral angle entropy","final_70_iteration_bootstrap",70,2.76139587026038,0.0811650262124084,0.0293927528053973,0.00970107614064465
"final_sa_entropy","10m","1914_b","sa_entropy","Spectral angle entropy","final_70_iteration_bootstrap",70,2.76073468277174,0.00825572893104096,0.00299041011892976,0.000986748340928981
"final_sa_entropy","10m","1914_c","sa_entropy","Spectral angle entropy","final_70_iteration_bootstrap",70,2.84382835300516,0.303145165069129,0.106597560555575,0.036232777407202
"final_sa_entropy","10m","1914_d","sa_entropy","Spectral angle entropy","final_70_iteration_bootstrap",70,2.87530962766457,0.00741677922876796,0.00257947149670699,0.000886474672334055
"final_sa_entropy","10m","1915_a","sa_entropy","Spectral angle entropy","final_70_iteration_bootstrap",70,2.83134629848822,0.00877142029400746,0.00309796802273566,0.0010483852479894
"final_sa_entropy","10m","1915_b","sa_entropy","Spectral angle entropy","final_70_iteration_bootstrap",70,2.83565322925276,0.00842223545491299,0.00297012179346499,0.00100664967702625
"final_sa_entropy","10m","1915_c","sa_entropy","Spectral angle entropy","final_70_iteration_bootstrap",70,2.838026021197,0.251208451088534,0.0885152036000649,0.0300251527647596
"final_sa_entropy","10m","1915_d","sa_entropy","Spectral angle entropy","final_70_iteration_bootstrap",70,2.82059477282731,0.22031808845942,0.0781105072525454,0.0263330482480564
"final_sa_entropy","10m","1916_a","sa_entropy","Spectral angle entropy","final_70_iteration_bootstrap",70,2.7701398891392,0.20812259128867,0.0751307152771057,0.0248754075357027
"final_sa_entropy","10m","1916_b","sa_entropy","Spectral angle entropy","final_70_iteration_bootstrap",70,2.83217738574783,0.300409308803505,0.106070089506128,0.035905780039232
"final_sa_entropy","10m","1916_c","sa_entropy","Spectral angle entropy","final_70_iteration_bootstrap",70,2.8659451314108,0.00724414522892936,0.00252766361418906,0.000865840962778962
"final_sa_entropy","10m","1916_d","sa_entropy","Spectral angle entropy","final_70_iteration_bootstrap",70,2.93211809534715,0.00875130387550073,0.00298463554022186,0.00104598087609774
"final_sa_entropy","10m","1917_a","sa_entropy","Spectral angle entropy","final_70_iteration_bootstrap",70,2.76665709240561,0.00887580253912091,0.00320813250166952,0.00106086131255602
"final_sa_entropy","10m","1917_b","sa_entropy","Spectral angle entropy","final_70_iteration_bootstrap",70,2.82424283945038,0.00843691867914949,0.00298732055236134,0.00100840465799472
"final_sa_entropy","10m","1917_c","sa_entropy","Spectral angle entropy","final_70_iteration_bootstrap",70,2.9549743453192,0.00856254068733588,0.00289767005960621,0.00102341935980936
"final_sa_entropy","10m","1917_d","sa_entropy","Spectral angle entropy","final_70_iteration_bootstrap",70,2.95862532010852,0.00727482475058586,0.00245885300215001,0.000869507866979416
"final_sa_entropy","10m","1918_a","sa_entropy","Spectral angle entropy","final_70_iteration_bootstrap",70,2.8247617755769,0.00784197841487038,0.00277615566830191,0.000937295695523586
"final_sa_entropy","10m","1918_b","sa_entropy","Spectral angle entropy","final_70_iteration_bootstrap",70,2.8228781395311,0.267273705651117,0.0946812764987132,0.0319453179517035
"final_sa_entropy","10m","1918_c","sa_entropy","Spectral angle entropy","final_70_iteration_bootstrap",70,2.97901983321325,0.342882689166057,0.115099162933808,0.0409823199736783
"final_sa_entropy","10m","1918_d","sa_entropy","Spectral angle entropy","final_70_iteration_bootstrap",70,2.86147127273159,0.00875354304131097,0.00305910568619993,0.00104624850760149
"final_sa_entropy","10m","1919_a","sa_entropy","Spectral angle entropy","final_70_iteration_bootstrap",70,2.8801983009047,0.00791669529850103,0.00274866327641896,0.000946226071215152
"final_sa_entropy","10m","1919_b","sa_entropy","Spectral angle entropy","final_70_iteration_bootstrap",70,2.81479167903693,0.178069335566958,0.0632619944463827,0.0212833564314795
"final_sa_entropy","10m","1919_c","sa_entropy","Spectral angle entropy","final_70_iteration_bootstrap",70,2.85169425163911,0.0082490549984975,0.00289268563548006,0.00098595065341771
"final_sa_entropy","10m","1919_d","sa_entropy","Spectral angle entropy","final_70_iteration_bootstrap",70,2.79591553687836,0.115195280099084,0.0412012732786983,0.0137684694434714
"final_sa_entropy","10m","1920_a","sa_entropy","Spectral angle entropy","final_70_iteration_bootstrap",70,2.85762362169624,0.00884411880083485,0.00309492080541563,0.001057074381511
"final_sa_entropy","10m","1920_b","sa_entropy","Spectral angle entropy","final_70_iteration_bootstrap",70,2.86512263360566,0.00778012434871897,0.00271545945624252,0.000929902720576803
"final_sa_entropy","10m","1920_c","sa_entropy","Spectral angle entropy","final_70_iteration_bootstrap",70,2.82940872341135,0.00861257795836296,0.00304394974366906,0.00102939995759582
"final_sa_entropy","10m","1920_d","sa_entropy","Spectral angle entropy","final_70_iteration_bootstrap",70,2.78615861360587,0.00950991032906762,0.0034132695398701,0.00113665168975063
"final_sa_entropy","10m","1921_a","sa_entropy","Spectral angle entropy","final_70_iteration_bootstrap",70,2.75767220871784,0.161933588886697,0.0587211157202715,0.0193547658249574
"final_sa_entropy","10m","1921_b","sa_entropy","Spectral angle entropy","final_70_iteration_bootstrap",70,2.82142496451644,0.207016482708581,0.073373024380275,0.0247432022737075
"final_sa_entropy","10m","1921_c","sa_entropy","Spectral angle entropy","final_70_iteration_bootstrap",70,2.75658876723157,0.0827719000931889,0.0300269307765904,0.00989313430403475
"final_sa_entropy","10m","2_a","sa_entropy","Spectral angle entropy","final_70_iteration_bootstrap",70,2.77864669833318,0.0815203924402169,0.029338163966336,0.00974355052887145
"final_sa_entropy","10m","2_b","sa_entropy","Spectral angle entropy","final_70_iteration_bootstrap",70,2.98855058207144,0.342223750187313,0.11451161383727,0.0409035617017583
"final_sa_entropy","10m","2_c","sa_entropy","Spectral angle entropy","final_70_iteration_bootstrap",70,2.82112218089608,0.00789158397597312,0.0027973208779871,0.000943224694104794
"final_sa_entropy","10m","2_d","sa_entropy","Spectral angle entropy","final_70_iteration_bootstrap",70,2.91934639129211,0.00722124806229631,0.00247358384186132,0.00086310422791571
"final_sa_entropy","10m","20_a","sa_entropy","Spectral angle entropy","final_70_iteration_bootstrap",70,2.74952422438877,0.0100269357673088,0.0036467893893671,0.00119844804930458
"final_sa_entropy","10m","20_b","sa_entropy","Spectral angle entropy","final_70_iteration_bootstrap",70,2.65477194097683,0.0101062005850827,0.00380680555986445,0.00120792200709628
"final_sa_entropy","10m","20_c","sa_entropy","Spectral angle entropy","final_70_iteration_bootstrap",70,2.7657075294714,0.0815080931661547,0.0294709734480612,0.00974208048444813
"final_sa_entropy","10m","20_d","sa_entropy","Spectral angle entropy","final_70_iteration_bootstrap",70,2.70738983013762,0.010082214821714,0.00372396125208223,0.00120505516003678
"final_sa_entropy","10m","200_a","sa_entropy","Spectral angle entropy","final_70_iteration_bootstrap",70,2.81365887345455,0.00724165372796058,0.00257374971652815,0.000865543171455155
"final_sa_entropy","10m","200_b","sa_entropy","Spectral angle entropy","final_70_iteration_bootstrap",70,2.7990584697802,0.208673291184099,0.0745512440833309,0.0249412287627202
"final_sa_entropy","10m","200_c","sa_entropy","Spectral angle entropy","final_70_iteration_bootstrap",70,2.76245278193828,0.159786689802401,0.0578423243456443,0.019098162304267
"final_sa_entropy","10m","200_d","sa_entropy","Spectral angle entropy","final_70_iteration_bootstrap",70,2.72509195976118,0.0840165681238798,0.0308307276834954,0.0100419005879753
"final_sa_entropy","10m","201_a","sa_entropy","Spectral angle entropy","final_70_iteration_bootstrap",70,2.76993298840991,0.232003419360343,0.0837577733219913,0.0277297124282887
"final_sa_entropy","10m","201_b","sa_entropy","Spectral angle entropy","final_70_iteration_bootstrap",70,2.78151115580257,0.0811133081508556,0.0291615972783872,0.00969489464996593
"final_sa_entropy","10m","201_c","sa_entropy","Spectral angle entropy","final_70_iteration_bootstrap",70,3.01727155926939,0.00779610644169077,0.00258382657594749,0.000931812946052497
"final_sa_entropy","10m","201_d","sa_entropy","Spectral angle entropy","final_70_iteration_bootstrap",70,2.9255572663802,0.0106592027479865,0.00364347773003096,0.00127401840770893
"final_sa_entropy","10m","202_a","sa_entropy","Spectral angle entropy","final_70_iteration_bootstrap",70,2.97059287358531,0.00940756604750512,0.00316689847712144,0.0011244192084181
"final_sa_entropy","10m","202_b","sa_entropy","Spectral angle entropy","final_70_iteration_bootstrap",70,2.97013102813923,0.00750119065333885,0.00252554199874418,0.000896563767294235
"final_sa_entropy","10m","202_c","sa_entropy","Spectral angle entropy","final_70_iteration_bootstrap",70,2.81389849641378,0.00829374973424956,0.00294742320834233,0.00099129269610346
"final_sa_entropy","10m","202_d","sa_entropy","Spectral angle entropy","final_70_iteration_bootstrap",70,3.01848659907525,0.082965715411537,0.0274858650811817,0.00991629966537644
"final_sa_entropy","10m","203_a","sa_entropy","Spectral angle entropy","final_70_iteration_bootstrap",70,2.97584452565918,0.00927756129469057,0.00311762298557432,0.00110888066842676
"final_sa_entropy","10m","203_b","sa_entropy","Spectral angle entropy","final_70_iteration_bootstrap",70,2.86281653039383,0.0108606654081284,0.00379369941902437,0.00129809780122035
"final_sa_entropy","10m","203_c","sa_entropy","Spectral angle entropy","final_70_iteration_bootstrap",70,2.880165299611,0.00954019681105249,0.00331237822091009,0.00114027161672507
"final_sa_entropy","10m","203_d","sa_entropy","Spectral angle entropy","final_70_iteration_bootstrap",70,2.82757956623529,0.00859607369810643,0.00304008198416551,0.00102742732119237
"final_sa_entropy","10m","204_a","sa_entropy","Spectral angle entropy","final_70_iteration_bootstrap",70,2.76414203022633,0.00900845772405637,0.00325904299618017,0.00107671663977716
"final_sa_entropy","10m","204_b","sa_entropy","Spectral angle entropy","final_70_iteration_bootstrap",70,2.82621393696287,0.00832948573441818,0.00294722406732213,0.000995563965081931
"final_sa_entropy","10m","204_c","sa_entropy","Spectral angle entropy","final_70_iteration_bootstrap",70,2.80085609801713,0.115110005032522,0.0410981503526777,0.0137582771235496
"final_sa_entropy","10m","204_d","sa_entropy","Spectral angle entropy","final_70_iteration_bootstrap",70,2.78939340179548,0.159901751369079,0.057324919197899,0.0191119147918998
"final_sa_entropy","10m","205_a","sa_entropy","Spectral angle entropy","final_70_iteration_bootstrap",70,2.97303997759459,0.00769652595362181,0.00258877311157076,0.000919910801225346
"final_sa_entropy","10m","205_b","sa_entropy","Spectral angle entropy","final_70_iteration_bootstrap",70,2.88451806185525,0.00858249008818827,0.0029753636150464,0.00102580376927315
"final_sa_entropy","10m","205_c","sa_entropy","Spectral angle entropy","final_70_iteration_bootstrap",70,2.88120314052478,0.0103182058374041,0.0035812142824212,0.00123326148138665
"final_sa_entropy","10m","205_d","sa_entropy","Spectral angle entropy","final_70_iteration_bootstrap",70,2.81266134082278,0.0092135151246735,0.00327572857455292,0.00110122568695449
"final_sa_entropy","10m","206_a","sa_entropy","Spectral angle entropy","final_70_iteration_bootstrap",70,2.97832042434863,0.00890989714047326,0.00299158447413256,0.00106493639685203
"final_sa_entropy","10m","206_b","sa_entropy","Spectral angle entropy","final_70_iteration_bootstrap",70,2.93516088234797,0.00860176626964035,0.00293059447656559,0.00102810771362817
"final_sa_entropy","10m","206_c","sa_entropy","Spectral angle entropy","final_70_iteration_bootstrap",70,2.9947884694728,0.00814733200736732,0.0027205033311757,0.000973792430495124
"final_sa_entropy","10m","206_d","sa_entropy","Spectral angle entropy","final_70_iteration_bootstrap",70,2.94489218105024,0.00732800937229912,0.00248837951333271,0.000875864645124248
"final_sa_entropy","10m","207_a","sa_entropy","Spectral angle entropy","final_70_iteration_bootstrap",70,2.88121719672811,0.00820814481382762,0.00284884625260072,0.00098106095110465
"final_sa_entropy","10m","207_b","sa_entropy","Spectral angle entropy","final_70_iteration_bootstrap",70,2.87942091082996,0.00925632867281025,0.00321464938939483,0.00110634288471451
"final_sa_entropy","10m","207_c","sa_entropy","Spectral angle entropy","final_70_iteration_bootstrap",70,2.80615696362685,0.00851019994053685,0.00303268849563488,0.00101716344400855
"final_sa_entropy","10m","207_d","sa_entropy","Spectral angle entropy","final_70_iteration_bootstrap",70,2.90642195313332,0.00750894886020883,0.00258357147767676,0.000897491050375048
"final_sa_entropy","10m","208_a","sa_entropy","Spectral angle entropy","final_70_iteration_bootstrap",70,2.71373795818873,0.0805486218395015,0.029681797977747,0.00962740172650293
"final_sa_entropy","10m","208_b","sa_entropy","Spectral angle entropy","final_70_iteration_bootstrap",70,2.82672255472332,0.009411273676129,0.0033293941990887,0.0011248623547985
"final_sa_entropy","10m","208_c","sa_entropy","Spectral angle entropy","final_70_iteration_bootstrap",70,2.73590074120011,0.14086409622566,0.051487283184064,0.0168364797836942
"final_sa_entropy","10m","208_d","sa_entropy","Spectral angle entropy","final_70_iteration_bootstrap",70,2.78291854813467,0.160082689136865,0.0575233110017411,0.0191335409915565
"final_sa_entropy","10m","209_a","sa_entropy","Spectral angle entropy","final_70_iteration_bootstrap",70,2.7226931895476,0.113092674191304,0.0415370614013603,0.013517159969958
"final_sa_entropy","10m","209_b","sa_entropy","Spectral angle entropy","final_70_iteration_bootstrap",70,2.73727679726826,0.190189650880727,0.0694813367323799,0.0227320111931965
"final_sa_entropy","10m","209_c","sa_entropy","Spectral angle entropy","final_70_iteration_bootstrap",70,2.72668955857998,0.159875576205407,0.0586335821407803,0.0191087862614523
"final_sa_entropy","10m","209_d","sa_entropy","Spectral angle entropy","final_70_iteration_bootstrap",70,3.11368187997013,0.307891250755379,0.0988833357498721,0.0368000431466579
"final_sa_entropy","10m","21_a","sa_entropy","Spectral angle entropy","final_70_iteration_bootstrap",70,3.14681479875461,0.294586969426137,0.0936143333070391,0.0352098773795235
"final_sa_entropy","10m","21_b","sa_entropy","Spectral angle entropy","final_70_iteration_bootstrap",70,2.74374095401951,0.116200379321183,0.0423510751446679,0.0138886017780187
"final_sa_entropy","10m","21_c","sa_entropy","Spectral angle entropy","final_70_iteration_bootstrap",70,2.72979770487485,0.221171868452076,0.0810213401737093,0.0264350944753864
"final_sa_entropy","10m","21_d","sa_entropy","Spectral angle entropy","final_70_iteration_bootstrap",70,2.7339404470988,0.231087522298279,0.0845254411241854,0.0276202417911103
"final_sa_entropy","10m","210_a","sa_entropy","Spectral angle entropy","final_70_iteration_bootstrap",70,2.81880873060344,0.218587928197405,0.0775462080219295,0.0261262545436671
"final_sa_entropy","10m","210_b","sa_entropy","Spectral angle entropy","final_70_iteration_bootstrap",70,2.80067582163899,0.138818002042047,0.049565894406447,0.0165919247531295
"final_sa_entropy","10m","210_c","sa_entropy","Spectral angle entropy","final_70_iteration_bootstrap",70,2.75927458882097,0.14055299489138,0.0509383862921152,0.0167992960621808
"final_sa_entropy","10m","210_d","sa_entropy","Spectral angle entropy","final_70_iteration_bootstrap",70,2.8123401575118,0.0110131530587775,0.00391601031239454,0.00131632356148295
"final_sa_entropy","10m","211_a","sa_entropy","Spectral angle entropy","final_70_iteration_bootstrap",70,2.76999063740066,0.161089957549918,0.0581554158973924,0.0192539325940125
"final_sa_entropy","10m","211_b","sa_entropy","Spectral angle entropy","final_70_iteration_bootstrap",70,2.80142916649219,0.0109612070381845,0.0039127196822576,0.00131011482448756
"final_sa_entropy","10m","211_c","sa_entropy","Spectral angle entropy","final_70_iteration_bootstrap",70,2.77418731613616,0.0819540679573082,0.029541649001356,0.00979538466739099
"final_sa_entropy","10m","211_d","sa_entropy","Spectral angle entropy","final_70_iteration_bootstrap",70,2.81598179879631,0.00821398150013722,0.00291691569300919,0.000981758568550745
"final_sa_entropy","10m","212_a","sa_entropy","Spectral angle entropy","final_70_iteration_bootstrap",70,2.85608096631712,0.00776230775653656,0.00271781782382239,0.000927773230507077
"final_sa_entropy","10m","212_b","sa_entropy","Spectral angle entropy","final_70_iteration_bootstrap",70,2.82915582088618,0.00967225217574836,0.00341877676172629,0.00115605525171513
"final_sa_entropy","10m","212_c","sa_entropy","Spectral angle entropy","final_70_iteration_bootstrap",70,2.80821117765987,0.241227054905049,0.0859006106179192,0.0288321477367993
"final_sa_entropy","10m","212_d","sa_entropy","Spectral angle entropy","final_70_iteration_bootstrap",70,2.84448090597139,0.00714378340766818,0.0025114541611692,0.000853845430773336
"final_sa_entropy","10m","213_a","sa_entropy","Spectral angle entropy","final_70_iteration_bootstrap",70,2.823415154722,0.00959201657685163,0.00339731001330411,0.00114646526338628
"final_sa_entropy","10m","213_b","sa_entropy","Spectral angle entropy","final_70_iteration_bootstrap",70,2.78411873612014,0.082754806831358,0.0297238784243385,0.00989109126847804
"final_sa_entropy","10m","213_c","sa_entropy","Spectral angle entropy","final_70_iteration_bootstrap",70,2.76094035625644,0.115669692080242,0.0418950347181998,0.0138251725207205
"final_sa_entropy","10m","213_d","sa_entropy","Spectral angle entropy","final_70_iteration_bootstrap",70,2.86288383090289,0.00972442731842818,0.00339672438450334,0.00116229137403783
"final_sa_entropy","10m","214_a","sa_entropy","Spectral angle entropy","final_70_iteration_bootstrap",70,2.71347723951456,0.00968638454754239,0.00356973126823621,0.00115774439322372
"final_sa_entropy","10m","214_b","sa_entropy","Spectral angle entropy","final_70_iteration_bootstrap",70,3.06529299966189,0.334926973778835,0.109264260811537,0.0400314301098254
"final_sa_entropy","10m","214_c","sa_entropy","Spectral angle entropy","final_70_iteration_bootstrap",70,3.18559390044286,0.260931059287813,0.0819097058327298,0.0311872267124723
"final_sa_entropy","10m","214_d","sa_entropy","Spectral angle entropy","final_70_iteration_bootstrap",70,2.82234453098137,0.00992888847547283,0.00351795762936866,0.00118672915647757
"final_sa_entropy","10m","215_a","sa_entropy","Spectral angle entropy","final_70_iteration_bootstrap",70,2.87982080328848,0.00995358682108838,0.0034563215911637,0.00118968117340586
"final_sa_entropy","10m","215_b","sa_entropy","Spectral angle entropy","final_70_iteration_bootstrap",70,2.73085211939489,0.0117881616680032,0.00431666057062632,0.00140895480770565
"final_sa_entropy","10m","215_c","sa_entropy","Spectral angle entropy","final_70_iteration_bootstrap",70,2.90915409778157,0.0102892832826025,0.00353686430376746,0.00122980457489126
"final_sa_entropy","10m","215_d","sa_entropy","Spectral angle entropy","final_70_iteration_bootstrap",70,2.91417434614538,0.0101897967801287,0.00349663251740817,0.00121791366349133
"final_sa_entropy","10m","216_a","sa_entropy","Spectral angle entropy","final_70_iteration_bootstrap",70,2.75501535263292,0.0110496174003232,0.00401072806718238,0.00132068188390654
"final_sa_entropy","10m","216_b","sa_entropy","Spectral angle entropy","final_70_iteration_bootstrap",70,2.88535046767008,0.0115617903679007,0.00400706621169554,0.00138189826228417
"final_sa_entropy","10m","216_c","sa_entropy","Spectral angle entropy","final_70_iteration_bootstrap",70,2.77231107538894,0.00956144882709883,0.00344890907516842,0.00114281171848353
"final_sa_entropy","10m","216_d","sa_entropy","Spectral angle entropy","final_70_iteration_bootstrap",70,2.90422924429719,0.0126058674906954,0.00434052081647776,0.00150668934703575
"final_sa_entropy","10m","217_a","sa_entropy","Spectral angle entropy","final_70_iteration_bootstrap",70,2.87347355804205,0.0111210880915487,0.00387025941492444,0.0013292242653947
"final_sa_entropy","10m","217_b","sa_entropy","Spectral angle entropy","final_70_iteration_bootstrap",70,2.86801783986517,0.0114325647116954,0.00398622510389715,0.00136645284214852
"final_sa_entropy","10m","217_c","sa_entropy","Spectral angle entropy","final_70_iteration_bootstrap",70,2.76986469094038,0.00898598359278554,0.0032441958707141,0.00107403046731067
"final_sa_entropy","10m","217_d","sa_entropy","Spectral angle entropy","final_70_iteration_bootstrap",70,2.70411989665918,0.0103043675201334,0.00381061784015717,0.00123160748611595
"final_sa_entropy","10m","218_a","sa_entropy","Spectral angle entropy","final_70_iteration_bootstrap",70,2.64873673066672,0.113282918174679,0.0427686590604137,0.0135398984751263
"final_sa_entropy","10m","218_b","sa_entropy","Spectral angle entropy","final_70_iteration_bootstrap",70,2.81931482864502,0.334332120722222,0.118586302361593,0.039960331570664
"final_sa_entropy","10m","218_c","sa_entropy","Spectral angle entropy","final_70_iteration_bootstrap",70,2.63903963292821,0.1600582978897,0.0606502061934186,0.0191306256799136
"final_sa_entropy","10m","218_d","sa_entropy","Spectral angle entropy","final_70_iteration_bootstrap",70,2.85784529963246,0.326484264738147,0.114241405852211,0.0390223333712537
"final_sa_entropy","10m","219_a","sa_entropy","Spectral angle entropy","final_70_iteration_bootstrap",70,2.95776029650394,0.0108166448630866,0.00365703903587855,0.0012928363397371
"final_sa_entropy","10m","219_b","sa_entropy","Spectral angle entropy","final_70_iteration_bootstrap",70,2.95996455843604,0.0821537289793366,0.0277549704928712,0.00981924872396072
"final_sa_entropy","10m","219_c","sa_entropy","Spectral angle entropy","final_70_iteration_bootstrap",70,2.7867136566692,0.00956732028769392,0.00343319101508592,0.00114351349225171
"final_sa_entropy","10m","219_d","sa_entropy","Spectral angle entropy","final_70_iteration_bootstrap",70,2.83518756204909,0.0089727478671589,0.00316478104915006,0.00107244849551725
"final_sa_entropy","10m","22_a","sa_entropy","Spectral angle entropy","final_70_iteration_bootstrap",70,2.77351985785899,0.275848844083917,0.0994580382405691,0.032970243030092
"final_sa_entropy","10m","22_b","sa_entropy","Spectral angle entropy","final_70_iteration_bootstrap",70,2.69217720762585,0.11494382936822,0.0426954916053188,0.0137384153327347
"final_sa_entropy","10m","22_c","sa_entropy","Spectral angle entropy","final_70_iteration_bootstrap",70,2.91478053742055,0.0109551554518712,0.00375848380734901,0.00130939152157821
"final_sa_entropy","10m","22_d","sa_entropy","Spectral angle entropy","final_70_iteration_bootstrap",70,2.70584837956161,0.011190017148187,0.00413549304266634,0.00133746286344556
"final_sa_entropy","10m","220_a","sa_entropy","Spectral angle entropy","final_70_iteration_bootstrap",70,2.86963370795448,0.0091475459741861,0.00318770508892113,0.00109334086535489
"final_sa_entropy","10m","220_b","sa_entropy","Spectral angle entropy","final_70_iteration_bootstrap",70,2.8050637557459,0.0110272991732431,0.00393121159925678,0.00131801434555497
"final_sa_entropy","10m","220_c","sa_entropy","Spectral angle entropy","final_70_iteration_bootstrap",70,2.85801855755521,0.248274965859804,0.086869612936377,0.0296745342177158
"final_sa_entropy","10m","220_d","sa_entropy","Spectral angle entropy","final_70_iteration_bootstrap",70,2.82487752567859,0.00980263331223732,0.00347010913681382,0.00117163877816004
"final_sa_entropy","10m","221_a","sa_entropy","Spectral angle entropy","final_70_iteration_bootstrap",70,2.77258524776464,0.0101294456164005,0.00365342981773681,0.00121070031974187
"final_sa_entropy","10m","221_b","sa_entropy","Spectral angle entropy","final_70_iteration_bootstrap",70,2.65453269677949,0.115714872999077,0.0435914287812178,0.0138305726733993
"final_sa_entropy","10m","221_c","sa_entropy","Spectral angle entropy","final_70_iteration_bootstrap",70,2.75585719345357,0.00879842227538289,0.00319262634373189,0.00105161260205426
"final_sa_entropy","10m","221_d","sa_entropy","Spectral angle entropy","final_70_iteration_bootstrap",70,2.7118239000711,0.00906014592742858,0.00334097871443313,0.00108289456172071
"final_sa_entropy","10m","222_a","sa_entropy","Spectral angle entropy","final_70_iteration_bootstrap",70,2.69224791004205,0.16076482673534,0.0597139758696398,0.0192150720288765
"final_sa_entropy","10m","222_b","sa_entropy","Spectral angle entropy","final_70_iteration_bootstrap",70,3.09411170776451,0.292992198113084,0.094693477736384,0.0350192657496529
"final_sa_entropy","10m","222_c","sa_entropy","Spectral angle entropy","final_70_iteration_bootstrap",70,2.76743526958932,0.0821049738099469,0.0296682544709099,0.00981342136662996
"final_sa_entropy","10m","222_d","sa_entropy","Spectral angle entropy","final_70_iteration_bootstrap",70,3.0490201600683,0.302079623543,0.0990743280412527,0.0361054208355557
"final_sa_entropy","10m","223_a","sa_entropy","Spectral angle entropy","final_70_iteration_bootstrap",70,2.78745668685401,0.260015585172071,0.0932805831202101,0.0310778066270483
"final_sa_entropy","10m","223_b","sa_entropy","Spectral angle entropy","final_70_iteration_bootstrap",70,2.73785991941221,0.282441108268286,0.103161270693835,0.0337581693054368
"final_sa_entropy","10m","223_c","sa_entropy","Spectral angle entropy","final_70_iteration_bootstrap",70,2.73035889856557,0.280960583870512,0.102902436752223,0.0335812127937331
"final_sa_entropy","10m","223_d","sa_entropy","Spectral angle entropy","final_70_iteration_bootstrap",70,2.82900190924855,0.313419762035654,0.110788105519132,0.0374608266315791
"final_sa_entropy","10m","224_a","sa_entropy","Spectral angle entropy","final_70_iteration_bootstrap",70,2.71391744196095,0.00957611981994504,0.00352852289162702,0.00114456523752124
"final_sa_entropy","10m","224_b","sa_entropy","Spectral angle entropy","final_70_iteration_bootstrap",70,2.71946245608858,0.0109036482195643,0.00400948657892013,0.00130323522981413
"final_sa_entropy","10m","224_c","sa_entropy","Spectral angle entropy","final_70_iteration_bootstrap",70,2.85928364864055,0.0826097230210984,0.0288917551290776,0.00987375043640069
"final_sa_entropy","10m","224_d","sa_entropy","Spectral angle entropy","final_70_iteration_bootstrap",70,2.71997064994841,0.0105779024899079,0.00388897670278483,0.00126430116826874
"final_sa_entropy","10m","23_a","sa_entropy","Spectral angle entropy","final_70_iteration_bootstrap",70,2.87723727297452,0.0129562631641667,0.00450302214762161,0.00154856964038774
"final_sa_entropy","10m","23_b","sa_entropy","Spectral angle entropy","final_70_iteration_bootstrap",70,2.82017217170931,0.229433275429939,0.0813543505362934,0.0274225214727161
"final_sa_entropy","10m","23_c","sa_entropy","Spectral angle entropy","final_70_iteration_bootstrap",70,2.94653139656989,0.0104017196973519,0.00353015742831071,0.00124324329685521
"final_sa_entropy","10m","23_d","sa_entropy","Spectral angle entropy","final_70_iteration_bootstrap",70,2.76497461182873,0.00904407140633464,0.00327094193474455,0.00108097328897143
"final_sa_entropy","10m","24_a","sa_entropy","Spectral angle entropy","final_70_iteration_bootstrap",70,2.84265928333013,0.00914025667320473,0.00321538945128066,0.00109246962724739
"final_sa_entropy","10m","24_b","sa_entropy","Spectral angle entropy","final_70_iteration_bootstrap",70,2.9988054470175,0.00720821848799467,0.00240369661031652,0.000861546895918433
"final_sa_entropy","10m","24_d","sa_entropy","Spectral angle entropy","final_70_iteration_bootstrap",70,2.23877524959359,0.114988235506615,0.051362116642789,0.0137437228814387
"final_sa_entropy","10m","3_a","sa_entropy","Spectral angle entropy","final_70_iteration_bootstrap",70,2.75576134860881,0.139443166133103,0.0506005958039503,0.0166666461538454
"final_sa_entropy","10m","3_b","sa_entropy","Spectral angle entropy","final_70_iteration_bootstrap",70,2.74902033906162,0.00894893293558321,0.00325531710639796,0.00106960206676239
"final_sa_entropy","10m","3_c","sa_entropy","Spectral angle entropy","final_70_iteration_bootstrap",70,2.75990030676791,0.0100688752745322,0.0036482749937891,0.00120346077919406
"final_sa_entropy","10m","3_d","sa_entropy","Spectral angle entropy","final_70_iteration_bootstrap",70,2.78295442502068,0.207531251645183,0.0745722782160334,0.0248047289297298
"final_sa_entropy","10m","300_a","sa_entropy","Spectral angle entropy","final_70_iteration_bootstrap",70,2.77960690303673,0.00815102528496877,0.00293243813578954,0.00097423386160027
"final_sa_entropy","10m","300_b","sa_entropy","Spectral angle entropy","final_70_iteration_bootstrap",70,2.83340040935168,0.00856864637479623,0.00302415653873532,0.00102414912904259
"final_sa_entropy","10m","300_c","sa_entropy","Spectral angle entropy","final_70_iteration_bootstrap",70,2.85341405270187,0.308350952344916,0.108063865478247,0.036854987995815
"final_sa_entropy","10m","300_d","sa_entropy","Spectral angle entropy","final_70_iteration_bootstrap",70,2.81095778403642,0.0078653782047335,0.00279811324431887,0.000940092505353267
"final_sa_entropy","10m","301_a","sa_entropy","Spectral angle entropy","final_70_iteration_bootstrap",70,2.8681089681411,0.283799915671623,0.0989501859322875,0.0339205778537412
"final_sa_entropy","10m","301_b","sa_entropy","Spectral angle entropy","final_70_iteration_bootstrap",70,2.74122671322506,0.0828498584225048,0.0302236433137016,0.00990245210658818
"final_sa_entropy","10m","301_c","sa_entropy","Spectral angle entropy","final_70_iteration_bootstrap",70,2.76706223908329,0.00822218866613499,0.0029714505694888,0.000982739512510954
"final_sa_entropy","10m","301_d","sa_entropy","Spectral angle entropy","final_70_iteration_bootstrap",70,2.85973451848227,0.00944121996299076,0.00330143231896975,0.00112844162067856
"final_sa_entropy","10m","302_a","sa_entropy","Spectral angle entropy","final_70_iteration_bootstrap",70,2.81428246771908,0.220241796133067,0.0782585965194774,0.0263239295709435
"final_sa_entropy","10m","302_b","sa_entropy","Spectral angle entropy","final_70_iteration_bootstrap",70,2.9385492545649,0.00727734210171356,0.00247650846430719,0.000869808747988173
"final_sa_entropy","10m","302_c","sa_entropy","Spectral angle entropy","final_70_iteration_bootstrap",70,2.89834426119763,0.00832157432126144,0.00287114765235751,0.000994618370347411
"final_sa_entropy","10m","302_d","sa_entropy","Spectral angle entropy","final_70_iteration_bootstrap",70,2.78169763974653,0.00923019842011643,0.00331818896785543,0.00110321972215563
"final_sa_entropy","10m","303_a","sa_entropy","Spectral angle entropy","final_70_iteration_bootstrap",70,2.77024729592351,0.116084207317907,0.0419039150362961,0.0138747165678267
"final_sa_entropy","10m","303_b","sa_entropy","Spectral angle entropy","final_70_iteration_bootstrap",70,2.91714644981614,0.00888644839900148,0.00304628120386674,0.00106213373618604
"final_sa_entropy","10m","303_c","sa_entropy","Spectral angle entropy","final_70_iteration_bootstrap",70,2.85058688030286,0.0105279230233463,0.0036932475540713,0.00125832747943737
"final_sa_entropy","10m","303_d","sa_entropy","Spectral angle entropy","final_70_iteration_bootstrap",70,2.81217283571621,0.0110863082400219,0.00394225706870481,0.00132506727803738
"final_sa_entropy","10m","304_a","sa_entropy","Spectral angle entropy","final_70_iteration_bootstrap",70,2.71128965497949,0.0113384186347513,0.00418192818828022,0.0013552002336865
"final_sa_entropy","10m","304_b","sa_entropy","Spectral angle entropy","final_70_iteration_bootstrap",70,2.86940814001445,0.00918603507787515,0.00320136928231789,0.00109794119314257
"final_sa_entropy","10m","304_c","sa_entropy","Spectral angle entropy","final_70_iteration_bootstrap",70,2.79534550668164,0.116349396530828,0.041622545854429,0.0139064127412437
"final_sa_entropy","10m","304_d","sa_entropy","Spectral angle entropy","final_70_iteration_bootstrap",70,2.76568928238195,0.0096429489659071,0.00348663496920454,0.00115255284824037
"final_sa_entropy","10m","305_a","sa_entropy","Spectral angle entropy","final_70_iteration_bootstrap",70,2.81491028953691,0.010675323363641,0.00379242045592765,0.00127594518981196
"final_sa_entropy","10m","305_b","sa_entropy","Spectral angle entropy","final_70_iteration_bootstrap",70,2.85630648154166,0.00808858701331436,0.00283183442168595,0.000966771060740396
"final_sa_entropy","10m","305_c","sa_entropy","Spectral angle entropy","final_70_iteration_bootstrap",70,2.82280110262505,0.00833602836633281,0.00295310511200409,0.000996345959166402
"final_sa_entropy","10m","305_d","sa_entropy","Spectral angle entropy","final_70_iteration_bootstrap",70,2.99015169315451,0.113677583795426,0.0380173300423763,0.0135870700392301
"final_sa_entropy","10m","306_a","sa_entropy","Spectral angle entropy","final_70_iteration_bootstrap",70,3.01063026743829,0.00891417204033604,0.00296089896416308,0.00106544734511384
"final_sa_entropy","10m","306_b","sa_entropy","Spectral angle entropy","final_70_iteration_bootstrap",70,2.99818937592889,0.00893861507590461,0.00298133771924773,0.00106836884665489
"final_sa_entropy","10m","306_c","sa_entropy","Spectral angle entropy","final_70_iteration_bootstrap",70,3.09133897757581,0.114780729059183,0.0371297777085555,0.0137189211171795
"final_sa_entropy","10m","306_d","sa_entropy","Spectral angle entropy","final_70_iteration_bootstrap",70,2.97162320470938,0.00809879340504837,0.00272537695634276,0.000967990957880252
"final_sa_entropy","10m","307_a","sa_entropy","Spectral angle entropy","final_70_iteration_bootstrap",70,3.07022673769193,0.00896604723903976,0.00292032087694607,0.0010716476172744
"final_sa_entropy","10m","307_b","sa_entropy","Spectral angle entropy","final_70_iteration_bootstrap",70,2.92842843932913,0.0103835015986698,0.00354575903553529,0.00124106581757996
"final_sa_entropy","10m","307_c","sa_entropy","Spectral angle entropy","final_70_iteration_bootstrap",70,2.93913445762174,0.010138692314047,0.00344955035580473,0.00121180551149877
"final_sa_entropy","10m","307_d","sa_entropy","Spectral angle entropy","final_70_iteration_bootstrap",70,2.90495673387908,0.00807625424920602,0.0027801633514939,0.00096529701349095
"final_sa_entropy","10m","308_a","sa_entropy","Spectral angle entropy","final_70_iteration_bootstrap",70,2.84112702228763,0.00948395711867203,0.0033380968342048,0.00113354968779374
"final_sa_entropy","10m","308_b","sa_entropy","Spectral angle entropy","final_70_iteration_bootstrap",70,2.82597940330081,0.00802665879779826,0.00284031043836446,0.000959369223249409
"final_sa_entropy","10m","308_c","sa_entropy","Spectral angle entropy","final_70_iteration_bootstrap",70,2.85914476784858,0.00890545823147421,0.00311472798845905,0.00106440584574904
"final_sa_entropy","10m","308_d","sa_entropy","Spectral angle entropy","final_70_iteration_bootstrap",70,2.78606928708628,0.00888107198839849,0.00318767089876881,0.00106149113220922
"final_sa_entropy","10m","309_a","sa_entropy","Spectral angle entropy","final_70_iteration_bootstrap",70,2.71609612773001,0.159118461371227,0.0585835161527257,0.019018293730416
"final_sa_entropy","10m","309_b","sa_entropy","Spectral angle entropy","final_70_iteration_bootstrap",70,2.76021974512837,0.00897279551387437,0.00325075404945959,0.00107245419038899
"final_sa_entropy","10m","309_c","sa_entropy","Spectral angle entropy","final_70_iteration_bootstrap",70,2.85817879662073,0.313502392777492,0.109686067627452,0.0374707028942447
"final_sa_entropy","10m","309_d","sa_entropy","Spectral angle entropy","final_70_iteration_bootstrap",70,2.78244402993444,0.284111638863911,0.102108662674737,0.0339578359015028
"final_sa_entropy","10m","310_a","sa_entropy","Spectral angle entropy","final_70_iteration_bootstrap",70,2.67365897068846,0.115270927531734,0.0431135491831451,0.013777511041044
"final_sa_entropy","10m","310_b","sa_entropy","Spectral angle entropy","final_70_iteration_bootstrap",70,2.73475285590738,0.0105026697574318,0.00384044566760204,0.00125530913684736
"final_sa_entropy","10m","310_c","sa_entropy","Spectral angle entropy","final_70_iteration_bootstrap",70,2.78507032259336,0.116326055965728,0.0417677266609946,0.0139036230101272
"final_sa_entropy","10m","310_d","sa_entropy","Spectral angle entropy","final_70_iteration_bootstrap",70,3.00305593941519,0.342201787332826,0.113951186470228,0.0409009366385558
"final_sa_entropy","10m","311_a","sa_entropy","Spectral angle entropy","final_70_iteration_bootstrap",70,2.77162939764331,0.0834629777516554,0.030113325332248,0.00997573388290185
"final_sa_entropy","10m","311_b","sa_entropy","Spectral angle entropy","final_70_iteration_bootstrap",70,2.74957088527207,0.114739095335209,0.0417298189873202,0.0137139449353788
"final_sa_entropy","10m","311_c","sa_entropy","Spectral angle entropy","final_70_iteration_bootstrap",70,2.92510633496871,0.00825486878966039,0.0028220747707446,0.000986645534370368
"final_sa_entropy","10m","311_d","sa_entropy","Spectral angle entropy","final_70_iteration_bootstrap",70,2.87899826119844,0.00928733023907552,0.00322588949227413,0.00111004828060795
"final_sa_entropy","10m","312_a","sa_entropy","Spectral angle entropy","final_70_iteration_bootstrap",70,2.9222220293806,0.0107498383203664,0.00367865213946285,0.00128485143062211
"final_sa_entropy","10m","312_b","sa_entropy","Spectral angle entropy","final_70_iteration_bootstrap",70,2.91155365418575,0.00924859819659739,0.00317651649087809,0.00110541891608117
"final_sa_entropy","10m","312_c","sa_entropy","Spectral angle entropy","final_70_iteration_bootstrap",70,2.85971187168173,0.0108791396841052,0.0038042782532869,0.00130030589953877
"final_sa_entropy","10m","312_d","sa_entropy","Spectral angle entropy","final_70_iteration_bootstrap",70,2.97724308175477,0.00976756807374953,0.0032807425546162,0.00116744768053667
"final_sa_entropy","10m","313_a","sa_entropy","Spectral angle entropy","final_70_iteration_bootstrap",70,2.77200605932383,0.00903604368755785,0.00325974889454678,0.00108001379305646
"final_sa_entropy","10m","313_b","sa_entropy","Spectral angle entropy","final_70_iteration_bootstrap",70,2.76378575872265,0.00738714551353539,0.00267283579786211,0.000882932765909371
"final_sa_entropy","10m","313_c","sa_entropy","Spectral angle entropy","final_70_iteration_bootstrap",70,2.72029617011846,0.0813623234576668,0.0299093622052645,0.00972465767185222
"final_sa_entropy","10m","313_d","sa_entropy","Spectral angle entropy","final_70_iteration_bootstrap",70,2.81154877402228,0.00977090829001144,0.00347527611126337,0.00116784691274043
"final_sa_entropy","10m","314_a","sa_entropy","Spectral angle entropy","final_70_iteration_bootstrap",70,2.68700847161121,0.113579811092942,0.0422699862292717,0.013575383966108
"final_sa_entropy","10m","314_b","sa_entropy","Spectral angle entropy","final_70_iteration_bootstrap",70,2.76639276947607,0.252547077855715,0.0912911140609816,0.0301851492656951
"final_sa_entropy","10m","314_c","sa_entropy","Spectral angle entropy","final_70_iteration_bootstrap",70,2.94591395527246,0.341628640171792,0.115966944506427,0.0408324324501331
"final_sa_entropy","10m","314_d","sa_entropy","Spectral angle entropy","final_70_iteration_bootstrap",70,2.61923203159754,0.0817255316668148,0.0312020969050872,0.0097680693561241
"final_sa_entropy","10m","315_a","sa_entropy","Spectral angle entropy","final_70_iteration_bootstrap",70,2.77902665078835,0.0100580671662032,0.00361927697359433,0.0012021689631653
"final_sa_entropy","10m","315_b","sa_entropy","Spectral angle entropy","final_70_iteration_bootstrap",70,2.89567812833389,0.0108866617922131,0.00375962427788099,0.00130120496342007
"final_sa_entropy","10m","315_c","sa_entropy","Spectral angle entropy","final_70_iteration_bootstrap",70,2.84721888061306,0.0102106448610155,0.00358618191616408,0.00122040548576389
"final_sa_entropy","10m","315_d","sa_entropy","Spectral angle entropy","final_70_iteration_bootstrap",70,2.94156477062277,0.114668263958231,0.0389820632553856,0.0137054789665586
"final_sa_entropy","10m","316_a","sa_entropy","Spectral angle entropy","final_70_iteration_bootstrap",70,2.92727690980847,0.0818968420075914,0.0279771420780789,0.0097885448581612
"final_sa_entropy","10m","316_b","sa_entropy","Spectral angle entropy","final_70_iteration_bootstrap",70,2.82514309452041,0.010262672518941,0.00363262042862405,0.00122662398028682
"final_sa_entropy","10m","316_c","sa_entropy","Spectral angle entropy","final_70_iteration_bootstrap",70,2.55878426375909,0.342770833520971,0.133958473317093,0.0409689506669661
"final_sa_entropy","10m","316_d","sa_entropy","Spectral angle entropy","final_70_iteration_bootstrap",70,2.89691832645419,0.0114212694603383,0.00394255832345742,0.00136510280139135
"final_sa_entropy","10m","317_a","sa_entropy","Spectral angle entropy","final_70_iteration_bootstrap",70,2.88236559898182,0.00925270059081101,0.00321010651600876,0.00110590924597426
"final_sa_entropy","10m","317_b","sa_entropy","Spectral angle entropy","final_70_iteration_bootstrap",70,2.71318755208098,0.0112780540461939,0.00415675430824668,0.00134798528536305
"final_sa_entropy","10m","317_c","sa_entropy","Spectral angle entropy","final_70_iteration_bootstrap",70,2.77546519941701,0.010721609019978,0.00386299529975374,0.00128147738387754
"final_sa_entropy","10m","317_d","sa_entropy","Spectral angle entropy","final_70_iteration_bootstrap",70,2.77812258029651,0.00922581355533389,0.00332088066263412,0.00110269563057201
"final_sa_entropy","10m","318_a","sa_entropy","Spectral angle entropy","final_70_iteration_bootstrap",70,2.81394282957158,0.00961666413734567,0.00341750515905463,0.00114941121033156
"final_sa_entropy","10m","318_b","sa_entropy","Spectral angle entropy","final_70_iteration_bootstrap",70,2.87181513853781,0.0131161894807341,0.00456721231973596,0.00156768449128242
"final_sa_entropy","10m","318_c","sa_entropy","Spectral angle entropy","final_70_iteration_bootstrap",70,2.72235435201431,0.00959531753666924,0.00352463944657665,0.00114685980354751
"final_sa_entropy","10m","318_d","sa_entropy","Spectral angle entropy","final_70_iteration_bootstrap",70,2.74360795485477,0.010071659766502,0.00367095442651722,0.00120379358964053
"final_sa_entropy","10m","319_a","sa_entropy","Spectral angle entropy","final_70_iteration_bootstrap",70,2.82460838292988,0.0106845911365395,0.00378268053055083,0.00127705290054327
"final_sa_entropy","10m","319_b","sa_entropy","Spectral angle entropy","final_70_iteration_bootstrap",70,2.69671144445474,0.0835596460246735,0.0309857571882589,0.00998728795145447
"final_sa_entropy","10m","319_c","sa_entropy","Spectral angle entropy","final_70_iteration_bootstrap",70,2.73903145206806,0.00914228071199516,0.00333777865350631,0.00109271154615426
"final_sa_entropy","10m","319_d","sa_entropy","Spectral angle entropy","final_70_iteration_bootstrap",70,2.66063297682753,0.0120980458974883,0.00454705553259498,0.00144599305737186
"final_sa_entropy","10m","320_a","sa_entropy","Spectral angle entropy","final_70_iteration_bootstrap",70,2.86815688794245,0.0115354353109197,0.00402189829971084,0.00137874823047374
"final_sa_entropy","10m","320_b","sa_entropy","Spectral angle entropy","final_70_iteration_bootstrap",70,2.94048742467241,0.115568701118089,0.0393025660128318,0.0138131017919956
"final_sa_entropy","10m","320_c","sa_entropy","Spectral angle entropy","final_70_iteration_bootstrap",70,2.83916287085522,0.0112112158083958,0.00394877515604404,0.00133999658796167
"final_sa_entropy","10m","320_d","sa_entropy","Spectral angle entropy","final_70_iteration_bootstrap",70,2.87027445175735,0.0112651674950332,0.00392477015155676,0.00134644504790075
"final_sa_entropy","10m","321_a","sa_entropy","Spectral angle entropy","final_70_iteration_bootstrap",70,2.8877626726595,0.0105590686593922,0.00365648768832785,0.00126205009496317
"final_sa_entropy","10m","321_b","sa_entropy","Spectral angle entropy","final_70_iteration_bootstrap",70,2.88529683759668,0.010197325494293,0.00353423792013959,0.0012188135169474
"final_sa_entropy","10m","321_c","sa_entropy","Spectral angle entropy","final_70_iteration_bootstrap",70,2.89160055376323,0.0100626848897512,0.00347997059160032,0.00120272088669475
"final_sa_entropy","10m","321_d","sa_entropy","Spectral angle entropy","final_70_iteration_bootstrap",70,2.83845180621186,0.011175971549615,0.00393734765027779,0.00133578409332071
"final_sa_entropy","10m","322_a","sa_entropy","Spectral angle entropy","final_70_iteration_bootstrap",70,2.87573646698396,0.319752612694442,0.111189817413901,0.0382177470601817
"final_sa_entropy","10m","322_b","sa_entropy","Spectral angle entropy","final_70_iteration_bootstrap",70,2.78082561394346,0.00901527395627581,0.00324194149790333,0.00107753133535281
"final_sa_entropy","10m","322_c","sa_entropy","Spectral angle entropy","final_70_iteration_bootstrap",70,2.8060274682712,0.31189109529806,0.111150407052222,0.0372781160096881
"final_sa_entropy","10m","322_d","sa_entropy","Spectral angle entropy","final_70_iteration_bootstrap",70,2.78994213219838,0.0827521103228699,0.0296608697964871,0.00989076897406901
"final_sa_entropy","10m","323_a","sa_entropy","Spectral angle entropy","final_70_iteration_bootstrap",70,2.868403390951,0.00866824216970669,0.00302197459292251,0.00103605310338723
"final_sa_entropy","10m","323_b","sa_entropy","Spectral angle entropy","final_70_iteration_bootstrap",70,2.73994512245812,0.010157863631052,0.00370732375177606,0.00121409692215507
"final_sa_entropy","10m","323_c","sa_entropy","Spectral angle entropy","final_70_iteration_bootstrap",70,2.86047839444092,0.302575381393542,0.105777894348571,0.0361646752321827
"final_sa_entropy","10m","323_d","sa_entropy","Spectral angle entropy","final_70_iteration_bootstrap",70,2.82488554198701,0.0121371021658083,0.00429649342793236,0.00145066117429885
"final_sa_entropy","10m","324_a","sa_entropy","Spectral angle entropy","final_70_iteration_bootstrap",70,2.79881857878015,0.250069823783292,0.0893483506502534,0.0298890607717001
"final_sa_entropy","10m","324_b","sa_entropy","Spectral angle entropy","final_70_iteration_bootstrap",70,2.75886191624351,0.220155905045821,0.0797995375374158,0.0263136636224671
"final_sa_entropy","10m","324_c","sa_entropy","Spectral angle entropy","final_70_iteration_bootstrap",70,2.66866384945569,0.0108894669021452,0.00408049402863769,0.00130154023818439
"final_sa_entropy","10m","324_d","sa_entropy","Spectral angle entropy","final_70_iteration_bootstrap",70,2.68418365504889,0.0114018746507173,0.00424779974696242,0.00136278467825819
"final_sa_entropy","10m","4_a","sa_entropy","Spectral angle entropy","final_70_iteration_bootstrap",70,2.7302381034651,0.115850847023123,0.0424325068484284,0.0138468246777659
"final_sa_entropy","10m","4_b","sa_entropy","Spectral angle entropy","final_70_iteration_bootstrap",70,2.74559024951781,0.176243478759521,0.0641914716846306,0.0210651248021998
"final_sa_entropy","10m","4_c","sa_entropy","Spectral angle entropy","final_70_iteration_bootstrap",70,2.86194920477795,0.00920693424655586,0.00321701525351502,0.00110043912157442
"final_sa_entropy","10m","4_d","sa_entropy","Spectral angle entropy","final_70_iteration_bootstrap",70,2.74168479992794,0.0109833595462258,0.00400606209237272,0.00131276255562551
"final_sa_entropy","10m","400_a","sa_entropy","Spectral angle entropy","final_70_iteration_bootstrap",70,2.87336260680566,0.00960637145220795,0.00334325066716429,0.00114818099915721
"final_sa_entropy","10m","400_b","sa_entropy","Spectral angle entropy","final_70_iteration_bootstrap",70,2.87922030283994,0.00995701399040325,0.00345823276551019,0.00119009079848728
"final_sa_entropy","10m","400_c","sa_entropy","Spectral angle entropy","final_70_iteration_bootstrap",70,2.90107545036396,0.00737207355946235,0.00254115195747062,0.000881131322838704
"final_sa_entropy","10m","400_d","sa_entropy","Spectral angle entropy","final_70_iteration_bootstrap",70,2.84967363345693,0.00850055378525367,0.00298299204703722,0.0010160105079321
"final_sa_entropy","10m","401_a","sa_entropy","Spectral angle entropy","final_70_iteration_bootstrap",70,2.80690860765761,0.0835421760484264,0.0297630552774367,0.00998519988991298
"final_sa_entropy","10m","401_b","sa_entropy","Spectral angle entropy","final_70_iteration_bootstrap",70,2.80875493654572,0.00851984784899306,0.00303331833551524,0.00101831658962926
"final_sa_entropy","10m","401_c","sa_entropy","Spectral angle entropy","final_70_iteration_bootstrap",70,2.77575584778848,0.00803918351303003,0.00289621420393838,0.000960866213046287
"final_sa_entropy","10m","401_d","sa_entropy","Spectral angle entropy","final_70_iteration_bootstrap",70,2.77946263369188,0.00778891229344937,0.00280230869054843,0.000930953080872705
"final_sa_entropy","10m","402_a","sa_entropy","Spectral angle entropy","final_70_iteration_bootstrap",70,2.78836130955274,0.00887280672439053,0.00318208644410353,0.00106050324420862
"final_sa_entropy","10m","402_b","sa_entropy","Spectral angle entropy","final_70_iteration_bootstrap",70,2.74179922563794,0.0823886673550148,0.0300491248901879,0.00984732923076483
"final_sa_entropy","10m","402_c","sa_entropy","Spectral angle entropy","final_70_iteration_bootstrap",70,2.80789094190437,0.00904642503472669,0.0032217864660339,0.00108125460137042
"final_sa_entropy","10m","402_d","sa_entropy","Spectral angle entropy","final_70_iteration_bootstrap",70,2.86386141186988,0.00958282009625559,0.00334611865523156,0.00114536607371492
"final_sa_entropy","10m","403_a","sa_entropy","Spectral angle entropy","final_70_iteration_bootstrap",70,3.02858155694117,0.344605528397709,0.113784463755949,0.0411882386475738
"final_sa_entropy","10m","403_b","sa_entropy","Spectral angle entropy","final_70_iteration_bootstrap",70,2.86265374081509,0.00869442019332083,0.0030371889094925,0.00103918197566317
"final_sa_entropy","10m","403_c","sa_entropy","Spectral angle entropy","final_70_iteration_bootstrap",70,2.83456765135682,0.00907935042048325,0.00320308122338772,0.00108518993767338
"final_sa_entropy","10m","403_d","sa_entropy","Spectral angle entropy","final_70_iteration_bootstrap",70,2.91360221502768,0.334470289106965,0.114796140455222,0.039976845851299
"final_sa_entropy","10m","404_a","sa_entropy","Spectral angle entropy","final_70_iteration_bootstrap",70,2.81975808618141,0.00793252815755744,0.00281319457737592,0.00094811845982633
"final_sa_entropy","10m","404_b","sa_entropy","Spectral angle entropy","final_70_iteration_bootstrap",70,2.90572365102059,0.337530283185738,0.116160490027049,0.0403425850980334
"final_sa_entropy","10m","404_c","sa_entropy","Spectral angle entropy","final_70_iteration_bootstrap",70,2.61180042876914,0.0108469116754757,0.00415304000872207,0.00129645391574518
"final_sa_entropy","10m","404_d","sa_entropy","Spectral angle entropy","final_70_iteration_bootstrap",70,2.77039318622169,0.0119764437682807,0.00432301228137743,0.00143145882299337
"final_sa_entropy","10m","405_a","sa_entropy","Spectral angle entropy","final_70_iteration_bootstrap",70,2.74367272294394,0.114023467395746,0.0415586984709313,0.0136284110366903
"final_sa_entropy","10m","405_b","sa_entropy","Spectral angle entropy","final_70_iteration_bootstrap",70,2.78305534496877,0.229112707457542,0.0823241650122889,0.0273842062715316
"final_sa_entropy","10m","405_c","sa_entropy","Spectral angle entropy","final_70_iteration_bootstrap",70,2.96125953704714,0.0104955600500771,0.00354428915087356,0.00125445936428393
"final_sa_entropy","10m","405_d","sa_entropy","Spectral angle entropy","final_70_iteration_bootstrap",70,2.71082475370964,0.00988030147902361,0.00364475846898729,0.00118092189965779
"final_sa_entropy","10m","406_a","sa_entropy","Spectral angle entropy","final_70_iteration_bootstrap",70,2.90807489809069,0.0107837444573619,0.00370820726262656,0.00128890398911901
"final_sa_entropy","10m","406_b","sa_entropy","Spectral angle entropy","final_70_iteration_bootstrap",70,2.97620423693003,0.0114463524702301,0.00384595664779952,0.00136810079449444
"final_sa_entropy","10m","406_c","sa_entropy","Spectral angle entropy","final_70_iteration_bootstrap",70,2.86497619481284,0.00849740841846043,0.00296596126482494,0.00101563456469428
"final_sa_entropy","10m","406_d","sa_entropy","Spectral angle entropy","final_70_iteration_bootstrap",70,3.05227553704727,0.00892283463102883,0.00292333851342289,0.00106648272273654
"final_sa_entropy","10m","407_a","sa_entropy","Spectral angle entropy","final_70_iteration_bootstrap",70,3.12280272283669,0.00833630133154867,0.00266949342351545,0.000996378584749937
"final_sa_entropy","10m","407_b","sa_entropy","Spectral angle entropy","final_70_iteration_bootstrap",70,3.12833826438602,0.00809653163792406,0.00258812537317256,0.000967720625002789
"final_sa_entropy","10m","407_c","sa_entropy","Spectral angle entropy","final_70_iteration_bootstrap",70,3.0342185718915,0.00693695448228468,0.00228624086166616,0.000829124645887711
"final_sa_entropy","10m","407_d","sa_entropy","Spectral angle entropy","final_70_iteration_bootstrap",70,2.93464031229469,0.00788931018453342,0.00268833974353897,0.000942952924046755
"final_sa_entropy","10m","408_a","sa_entropy","Spectral angle entropy","final_70_iteration_bootstrap",70,2.94522961302643,0.0823028071931092,0.0279444450881156,0.00983706697857366
"final_sa_entropy","10m","408_b","sa_entropy","Spectral angle entropy","final_70_iteration_bootstrap",70,2.95435400762801,0.00742928893543695,0.00251469150828062,0.00088796986826457
"final_sa_entropy","10m","408_c","sa_entropy","Spectral angle entropy","final_70_iteration_bootstrap",70,2.88059889385838,0.0101687836841983,0.00353009358778787,0.00121540211814866
"final_sa_entropy","10m","408_d","sa_entropy","Spectral angle entropy","final_70_iteration_bootstrap",70,2.89342568030071,0.0112722258651217,0.00389580625549371,0.00134728868448726
"final_sa_entropy","10m","409_a","sa_entropy","Spectral angle entropy","final_70_iteration_bootstrap",70,2.8894118091254,0.0100213769272434,0.00346831036531162,0.00119778364083649
"final_sa_entropy","10m","409_b","sa_entropy","Spectral angle entropy","final_70_iteration_bootstrap",70,2.84598323558522,0.00754617031728394,0.00265151608165824,0.000901939865412776
"final_sa_entropy","10m","409_c","sa_entropy","Spectral angle entropy","final_70_iteration_bootstrap",70,2.74117646328886,0.0112134218150991,0.00409073329107944,0.00134026025619409
"final_sa_entropy","10m","409_d","sa_entropy","Spectral angle entropy","final_70_iteration_bootstrap",70,2.87584999618131,0.00886533236053685,0.00308268246685629,0.00105960988685717
"final_sa_entropy","10m","410_a","sa_entropy","Spectral angle entropy","final_70_iteration_bootstrap",70,2.82003822150519,0.00885700463150234,0.0031407392155043,0.00105861453285788
"final_sa_entropy","10m","410_b","sa_entropy","Spectral angle entropy","final_70_iteration_bootstrap",70,3.07699052072588,0.326778883344143,0.106200809246255,0.0390575470299266
"final_sa_entropy","10m","410_c","sa_entropy","Spectral angle entropy","final_70_iteration_bootstrap",70,3.0066593886951,0.340922379737877,0.113389092565566,0.0407480181825075
"final_sa_entropy","10m","410_d","sa_entropy","Spectral angle entropy","final_70_iteration_bootstrap",70,2.78998274794342,0.0121243408930515,0.00434566876873655,0.00144913591046981
"final_sa_entropy","10m","411_a","sa_entropy","Spectral angle entropy","final_70_iteration_bootstrap",70,2.73723466562069,0.0114775155038043,0.0041931061475877,0.0013718254894226
"final_sa_entropy","10m","411_b","sa_entropy","Spectral angle entropy","final_70_iteration_bootstrap",70,2.7537903639449,0.219964525429859,0.079877004549741,0.026290789383243
"final_sa_entropy","10m","411_c","sa_entropy","Spectral angle entropy","final_70_iteration_bootstrap",70,2.75075333609746,0.00886126955571646,0.0032213973675619,0.00105912428880162
"final_sa_entropy","10m","411_d","sa_entropy","Spectral angle entropy","final_70_iteration_bootstrap",70,2.80838466535,0.00883989235919998,0.00314767861691707,0.00105656922511523
"final_sa_entropy","10m","412_a","sa_entropy","Spectral angle entropy","final_70_iteration_bootstrap",70,2.75744208630436,0.113245696227389,0.041069111402142,0.0135354496014967
"final_sa_entropy","10m","412_b","sa_entropy","Spectral angle entropy","final_70_iteration_bootstrap",70,2.37634672080357,0.206379405780832,0.0868473459592814,0.0246670570166682
"final_sa_entropy","10m","412_c","sa_entropy","Spectral angle entropy","final_70_iteration_bootstrap",70,2.94263790937466,0.00893346306802629,0.00303586895267204,0.00106775306393372
"final_sa_entropy","10m","412_d","sa_entropy","Spectral angle entropy","final_70_iteration_bootstrap",70,2.86977838300026,0.00943460777431396,0.00328757364338719,0.00112765131297087
"final_sa_entropy","10m","413_a","sa_entropy","Spectral angle entropy","final_70_iteration_bootstrap",70,2.8083874380043,0.00775376503525168,0.00276093139084886,0.000926752180018951
"final_sa_entropy","10m","413_b","sa_entropy","Spectral angle entropy","final_70_iteration_bootstrap",70,2.80766655103167,0.192382644408114,0.0685204745333534,0.0229941240535983
"final_sa_entropy","10m","413_c","sa_entropy","Spectral angle entropy","final_70_iteration_bootstrap",70,2.72255571847494,0.00923396542091206,0.00339165342264676,0.00110366996486786
"final_sa_entropy","10m","413_d","sa_entropy","Spectral angle entropy","final_70_iteration_bootstrap",70,2.70649842493941,0.0108127703768794,0.00399511423219151,0.00129237325006097
"final_sa_entropy","10m","414_a","sa_entropy","Spectral angle entropy","final_70_iteration_bootstrap",70,2.83127352683276,0.0115122183409781,0.00406609189535156,0.00137597327180412
"final_sa_entropy","10m","414_b","sa_entropy","Spectral angle entropy","final_70_iteration_bootstrap",70,2.63146305843898,0.117979489421147,0.0448341803783992,0.0141012461070819
"final_sa_entropy","10m","414_c","sa_entropy","Spectral angle entropy","final_70_iteration_bootstrap",70,2.7328676328155,0.15963477347213,0.0584129181945296,0.0190800048298505
"final_sa_entropy","10m","414_d","sa_entropy","Spectral angle entropy","final_70_iteration_bootstrap",70,2.72824836771692,0.00959429739431696,0.00351665101603112,0.00114673787321501
"final_sa_entropy","10m","415_a","sa_entropy","Spectral angle entropy","final_70_iteration_bootstrap",70,2.75304013134806,0.0130248312305522,0.00473107205457785,0.00155676509185081
"final_sa_entropy","10m","415_b","sa_entropy","Spectral angle entropy","final_70_iteration_bootstrap",70,2.73638186961959,0.114599834721655,0.0418800592102983,0.0136973001084315
"final_sa_entropy","10m","415_c","sa_entropy","Spectral angle entropy","final_70_iteration_bootstrap",70,2.8189732202591,0.31291591062087,0.111003505947499,0.0374006048689988
"final_sa_entropy","10m","415_d","sa_entropy","Spectral angle entropy","final_70_iteration_bootstrap",70,2.73831715496399,0.0100314646203926,0.00366336843130376,0.0011989893507819
"final_sa_entropy","10m","416_a","sa_entropy","Spectral angle entropy","final_70_iteration_bootstrap",70,2.7042697624357,0.114669621262519,0.0424031739937209,0.0137056411954502
"final_sa_entropy","10m","416_b","sa_entropy","Spectral angle entropy","final_70_iteration_bootstrap",70,2.86138335359396,0.00954307223814307,0.0033351253777851,0.00114061529599734
"final_sa_entropy","10m","416_c","sa_entropy","Spectral angle entropy","final_70_iteration_bootstrap",70,2.90530867787667,0.00878851919937209,0.00302498638657395,0.00105042895807741
"final_sa_entropy","10m","416_d","sa_entropy","Spectral angle entropy","final_70_iteration_bootstrap",70,2.82814388401785,0.00971516219459036,0.00343517253471148,0.00116118397992983
"final_sa_entropy","10m","417_a","sa_entropy","Spectral angle entropy","final_70_iteration_bootstrap",70,2.97912250846758,0.0121339999262681,0.00407301139573131,0.00145029038575371
"final_sa_entropy","10m","417_b","sa_entropy","Spectral angle entropy","final_70_iteration_bootstrap",70,2.88414484340041,0.0825039599799342,0.0286060390374368,0.00986110933513972
"final_sa_entropy","10m","417_c","sa_entropy","Spectral angle entropy","final_70_iteration_bootstrap",70,2.73511421067509,0.138214538456331,0.0505333700204849,0.0165197970588956
"final_sa_entropy","10m","417_d","sa_entropy","Spectral angle entropy","final_70_iteration_bootstrap",70,2.65040954918752,0.114857138726306,0.043335619116493,0.013728053819197
"final_sa_entropy","10m","418_a","sa_entropy","Spectral angle entropy","final_70_iteration_bootstrap",70,2.69177504972673,0.0124075154188266,0.00460941764806319,0.00148298173993392
"final_sa_entropy","10m","418_b","sa_entropy","Spectral angle entropy","final_70_iteration_bootstrap",70,2.83076647529554,0.0107233616986533,0.00378814776571554,0.00128168686904711
"final_sa_entropy","10m","418_c","sa_entropy","Spectral angle entropy","final_70_iteration_bootstrap",70,2.93083397773172,0.11472528996097,0.0391442472800048,0.0137122948775535
"final_sa_entropy","10m","418_d","sa_entropy","Spectral angle entropy","final_70_iteration_bootstrap",70,2.81597409847963,0.00791482859158965,0.00281068941502798,0.000946002957064579
"final_sa_entropy","10m","419_a","sa_entropy","Spectral angle entropy","final_70_iteration_bootstrap",70,2.94161145091641,0.194484875264824,0.0661150796119711,0.0232453886999349
"final_sa_entropy","10m","419_b","sa_entropy","Spectral angle entropy","final_70_iteration_bootstrap",70,2.88358343881236,0.081394550534798,0.0282268754353512,0.00972850954431046
"final_sa_entropy","10m","419_c","sa_entropy","Spectral angle entropy","final_70_iteration_bootstrap",70,2.38005132602421,0.229901878647039,0.0965953448706007,0.0274785302698665
"final_sa_entropy","10m","419_d","sa_entropy","Spectral angle entropy","final_70_iteration_bootstrap",70,2.61109794055686,0.0101072213602526,0.00387087025854613,0.00120804401306496
"final_sa_entropy","10m","420_a","sa_entropy","Spectral angle entropy","final_70_iteration_bootstrap",70,2.36017383841713,0.317725145190167,0.134619382699053,0.0379754183436212
"final_sa_entropy","10m","420_b","sa_entropy","Spectral angle entropy","final_70_iteration_bootstrap",70,2.6732901249168,0.140691004199182,0.0526284083002631,0.0168157913294848
"final_sa_entropy","10m","420_c","sa_entropy","Spectral angle entropy","final_70_iteration_bootstrap",70,2.6628067549671,0.0112940145855872,0.00424139474804912,0.00134989293469337
"final_sa_entropy","10m","420_d","sa_entropy","Spectral angle entropy","final_70_iteration_bootstrap",70,2.72121609603942,0.0811814580265977,0.0298327862108243,0.00970304011808688
"final_sa_entropy","10m","421_a","sa_entropy","Spectral angle entropy","final_70_iteration_bootstrap",70,2.73544276124977,0.116203759390656,0.0424807863051627,0.0138890057735922
"final_sa_entropy","10m","421_b","sa_entropy","Spectral angle entropy","final_70_iteration_bootstrap",70,2.73009367446846,0.18098253216501,0.0662916931596665,0.0216315500233402
"final_sa_entropy","10m","421_c","sa_entropy","Spectral angle entropy","final_70_iteration_bootstrap",70,2.81542001518631,0.218805107601903,0.077716683983801,0.0261522124474285
"final_sa_entropy","10m","421_d","sa_entropy","Spectral angle entropy","final_70_iteration_bootstrap",70,2.7732452979886,0.0111957086786863,0.00403704233693516,0.00133814313145392
"final_sa_entropy","10m","422_a","sa_entropy","Spectral angle entropy","final_70_iteration_bootstrap",70,2.87089215838443,0.337023556146248,0.117393318018572,0.0402820196325612
"final_sa_entropy","10m","422_b","sa_entropy","Spectral angle entropy","final_70_iteration_bootstrap",70,2.72856262066279,0.0118375781264944,0.00433839342254821,0.00141486120420171
"final_sa_entropy","10m","422_c","sa_entropy","Spectral angle entropy","final_70_iteration_bootstrap",70,2.85966773564004,0.282612812252137,0.0988271499971598,0.0337786918568204
"final_sa_entropy","10m","422_d","sa_entropy","Spectral angle entropy","final_70_iteration_bootstrap",70,2.76221453262611,0.010571865476657,0.00382731513131462,0.0012635796071735
"final_sa_entropy","10m","423_a","sa_entropy","Spectral angle entropy","final_70_iteration_bootstrap",70,3.05268230232493,0.344155212844208,0.112738627462838,0.0411344156442965
"final_sa_entropy","10m","423_b","sa_entropy","Spectral angle entropy","final_70_iteration_bootstrap",70,2.83642459225466,0.0823932047827331,0.0290482620295007,0.009847871557107
"final_sa_entropy","10m","423_c","sa_entropy","Spectral angle entropy","final_70_iteration_bootstrap",70,2.97903615376222,0.00935502013061551,0.00314028418849535,0.00111813877010108
"final_sa_entropy","10m","423_d","sa_entropy","Spectral angle entropy","final_70_iteration_bootstrap",70,2.85444132838932,0.00940684233158788,0.00329551083710518,0.00112433270782117
"final_sa_entropy","10m","424_a","sa_entropy","Spectral angle entropy","final_70_iteration_bootstrap",70,2.8227037280409,0.00860068215483905,0.00304696595303268,0.00102797813712554
"final_sa_entropy","10m","424_b","sa_entropy","Spectral angle entropy","final_70_iteration_bootstrap",70,2.91011096401072,0.00960238707546755,0.00329966355036632,0.00114770477505016
"final_sa_entropy","10m","424_c","sa_entropy","Spectral angle entropy","final_70_iteration_bootstrap",70,2.73562530482929,0.142557247351793,0.052111393727837,0.0170388500502823
"final_sa_entropy","10m","424_d","sa_entropy","Spectral angle entropy","final_70_iteration_bootstrap",70,2.80293953010835,0.00974731152743307,0.00347753186350627,0.00116502656016829
"final_sa_entropy","10m","5_a","sa_entropy","Spectral angle entropy","final_70_iteration_bootstrap",70,2.94456869777075,0.00951273510802231,0.00323060389632755,0.0011369893154128
"final_sa_entropy","10m","5_b","sa_entropy","Spectral angle entropy","final_70_iteration_bootstrap",70,2.87811245782682,0.0109425081176691,0.00380197378594839,0.0013078798760112
"final_sa_entropy","10m","5_c","sa_entropy","Spectral angle entropy","final_70_iteration_bootstrap",70,2.8801273916405,0.0112950238640749,0.0039217098163291,0.0013500135665457
"final_sa_entropy","10m","5_d","sa_entropy","Spectral angle entropy","final_70_iteration_bootstrap",70,3.05260540805833,0.0100572226329491,0.00329463565988578,0.00120206802213461
"final_sa_entropy","10m","500_a","sa_entropy","Spectral angle entropy","final_70_iteration_bootstrap",70,2.73894330627772,0.00813783354132986,0.00297115808227128,0.000972657146659847
"final_sa_entropy","10m","500_b","sa_entropy","Spectral angle entropy","final_70_iteration_bootstrap",70,2.75103316334386,0.0091896314348413,0.00334042917304252,0.0010983710400161
"final_sa_entropy","10m","500_c","sa_entropy","Spectral angle entropy","final_70_iteration_bootstrap",70,2.8469930167791,0.010066480067062,0.00353582885793328,0.00120317449714469
"final_sa_entropy","10m","500_d","sa_entropy","Spectral angle entropy","final_70_iteration_bootstrap",70,2.79098384649175,0.00859868689527606,0.00308088020863487,0.00102773965799427
"final_sa_entropy","10m","501_a","sa_entropy","Spectral angle entropy","final_70_iteration_bootstrap",70,2.86124334757351,0.0102169152355946,0.00357079562780255,0.00122115493887271
"final_sa_entropy","10m","501_b","sa_entropy","Spectral angle entropy","final_70_iteration_bootstrap",70,2.90881028932597,0.00972821505427351,0.00334439653557735,0.00116274409506252
"final_sa_entropy","10m","501_c","sa_entropy","Spectral angle entropy","final_70_iteration_bootstrap",70,2.85643245107856,0.00802173932743048,0.00280830702802076,0.000958781234076775
"final_sa_entropy","10m","501_d","sa_entropy","Spectral angle entropy","final_70_iteration_bootstrap",70,2.89501305434047,0.0103359190092864,0.00357024953438115,0.00123537861036623
"final_sa_entropy","10m","502_a","sa_entropy","Spectral angle entropy","final_70_iteration_bootstrap",70,2.77083497985382,0.161254487739811,0.0581970737746058,0.0192735977130184
"final_sa_entropy","10m","502_b","sa_entropy","Spectral angle entropy","final_70_iteration_bootstrap",70,2.77898569530143,0.00946703874525331,0.00340665256437257,0.00113152755540039
"final_sa_entropy","10m","502_c","sa_entropy","Spectral angle entropy","final_70_iteration_bootstrap",70,2.8953081866699,0.326342722790172,0.112714330133374,0.0390054158726897
"final_sa_entropy","10m","502_d","sa_entropy","Spectral angle entropy","final_70_iteration_bootstrap",70,2.69321062746887,0.139752190511602,0.051890553633729,0.0167035816316617
"final_sa_entropy","10m","503_a","sa_entropy","Spectral angle entropy","final_70_iteration_bootstrap",70,2.73995262173527,0.115445469982094,0.0421341117602901,0.0137983728540654
"final_sa_entropy","10m","503_b","sa_entropy","Spectral angle entropy","final_70_iteration_bootstrap",70,3.09152227857119,0.32250226131289,0.104318271793901,0.0385463929296203
"final_sa_entropy","10m","503_c","sa_entropy","Spectral angle entropy","final_70_iteration_bootstrap",70,2.84088646495473,0.281564305400061,0.0991114248575039,0.0336533713181519
"final_sa_entropy","10m","503_d","sa_entropy","Spectral angle entropy","final_70_iteration_bootstrap",70,2.76070747759344,0.16050209156876,0.0581380290637212,0.019183669170099
"final_sa_entropy","10m","504_a","sa_entropy","Spectral angle entropy","final_70_iteration_bootstrap",70,2.83499017257331,0.278524946453527,0.0982454715886057,0.0332900984414586
"final_sa_entropy","10m","504_b","sa_entropy","Spectral angle entropy","final_70_iteration_bootstrap",70,2.75331032082132,0.14065981033212,0.0510875251759349,0.0168120629492499
"final_sa_entropy","10m","504_c","sa_entropy","Spectral angle entropy","final_70_iteration_bootstrap",70,2.76473645561997,0.00924311983321753,0.00334321913918006,0.00110476412641677
"final_sa_entropy","10m","504_d","sa_entropy","Spectral angle entropy","final_70_iteration_bootstrap",70,2.80447043897537,0.177796485957746,0.0633975254246949,0.0212507446655819
"final_sa_entropy","10m","505_a","sa_entropy","Spectral angle entropy","final_70_iteration_bootstrap",70,2.79922572841578,0.00824477758042618,0.00294537789386936,0.000985439404172417
"final_sa_entropy","10m","505_b","sa_entropy","Spectral angle entropy","final_70_iteration_bootstrap",70,2.91801858443623,0.00960355583131632,0.00329112223017995,0.00114784446809294
"final_sa_entropy","10m","505_c","sa_entropy","Spectral angle entropy","final_70_iteration_bootstrap",70,2.78646894717523,0.0111589804025966,0.0040047029463253,0.00133375326281853
"final_sa_entropy","10m","505_d","sa_entropy","Spectral angle entropy","final_70_iteration_bootstrap",70,2.87545162942057,0.00938506948901415,0.00326385928143932,0.0011217303553861
"final_sa_entropy","10m","506_a","sa_entropy","Spectral angle entropy","final_70_iteration_bootstrap",70,2.93909548888218,0.00989375914675579,0.00336625985245503,0.00118253039860664
"final_sa_entropy","10m","506_b","sa_entropy","Spectral angle entropy","final_70_iteration_bootstrap",70,2.73072342018831,0.0096904011026229,0.0035486571181034,0.00115822446337804
"final_sa_entropy","10m","506_c","sa_entropy","Spectral angle entropy","final_70_iteration_bootstrap",70,2.89121725791402,0.00876189935277195,0.00303052263844523,0.00104724727785415
"final_sa_entropy","10m","506_d","sa_entropy","Spectral angle entropy","final_70_iteration_bootstrap",70,2.88586892206508,0.00917685501574646,0.00317992787045215,0.0010968439658534
"final_sa_entropy","10m","507_a","sa_entropy","Spectral angle entropy","final_70_iteration_bootstrap",70,2.92370142450743,0.00920885158465446,0.0031497236713239,0.00110066828730934
"final_sa_entropy","10m","507_b","sa_entropy","Spectral angle entropy","final_70_iteration_bootstrap",70,3.00010264735816,0.00836233694077799,0.00278735027554531,0.00099949043525117
"final_sa_entropy","10m","507_c","sa_entropy","Spectral angle entropy","final_70_iteration_bootstrap",70,3.06879773603391,0.00901609787263646,0.00293799026464637,0.00107762981219341
"final_sa_entropy","10m","507_d","sa_entropy","Spectral angle entropy","final_70_iteration_bootstrap",70,2.79079371073232,0.00927351079572839,0.00332289368435439,0.00110839654120259
"final_sa_entropy","10m","508_a","sa_entropy","Spectral angle entropy","final_70_iteration_bootstrap",70,3.00985919602753,0.00879688774605485,0.00292269078821533,0.00105142919071879
"final_sa_entropy","10m","508_b","sa_entropy","Spectral angle entropy","final_70_iteration_bootstrap",70,3.08165304487344,0.00881054938115036,0.00285903352936092,0.00105306206843043
"final_sa_entropy","10m","508_c","sa_entropy","Spectral angle entropy","final_70_iteration_bootstrap",70,2.76197408876099,0.20720777397227,0.0750216212438192,0.0247660659528152
"final_sa_entropy","10m","508_d","sa_entropy","Spectral angle entropy","final_70_iteration_bootstrap",70,2.74312742634556,0.00810648747346878,0.0029551990168639,0.000968910574950077
"final_sa_entropy","10m","509_a","sa_entropy","Spectral angle entropy","final_70_iteration_bootstrap",70,3.03088313264042,0.344015959548824,0.113503538240726,0.0411177716920378
"final_sa_entropy","10m","509_b","sa_entropy","Spectral angle entropy","final_70_iteration_bootstrap",70,2.95148943666856,0.341854089446519,0.115824263234491,0.0408593787924438
"final_sa_entropy","10m","509_c","sa_entropy","Spectral angle entropy","final_70_iteration_bootstrap",70,2.78024023239156,0.0092414226818138,0.00332396552432605,0.00110456127802556
"final_sa_entropy","10m","509_d","sa_entropy","Spectral angle entropy","final_70_iteration_bootstrap",70,2.75635618123242,0.138130499722051,0.0501134434883846,0.0165097525089452
"final_sa_entropy","10m","510_a","sa_entropy","Spectral angle entropy","final_70_iteration_bootstrap",70,2.81199453956558,0.289714608297779,0.103028154650164,0.0346275188379613
"final_sa_entropy","10m","510_b","sa_entropy","Spectral angle entropy","final_70_iteration_bootstrap",70,2.75945701696826,0.0122147889686649,0.00442651901934132,0.00145994652323304
"final_sa_entropy","10m","510_c","sa_entropy","Spectral angle entropy","final_70_iteration_bootstrap",70,2.81648382713647,0.0112785651920708,0.00400448427340616,0.00134804637898061
"final_sa_entropy","10m","510_d","sa_entropy","Spectral angle entropy","final_70_iteration_bootstrap",70,2.87888939046038,0.0109167919330509,0.00379201506290076,0.00130480620405334
"final_sa_entropy","10m","511_a","sa_entropy","Spectral angle entropy","final_70_iteration_bootstrap",70,2.80279810936747,0.0104776565421217,0.00373828443336802,0.00125231948579235
"final_sa_entropy","10m","511_b","sa_entropy","Spectral angle entropy","final_70_iteration_bootstrap",70,2.87805174742899,0.011880493438755,0.00412796380376694,0.00141999056510095
"final_sa_entropy","10m","511_c","sa_entropy","Spectral angle entropy","final_70_iteration_bootstrap",70,2.64740856880832,0.342517642633125,0.129378459626012,0.0409386885676885
"final_sa_entropy","10m","511_d","sa_entropy","Spectral angle entropy","final_70_iteration_bootstrap",70,2.81882187142263,0.117462639508262,0.0416708273407072,0.0140394707268207
"final_sa_entropy","10m","512_a","sa_entropy","Spectral angle entropy","final_70_iteration_bootstrap",70,2.84571511687302,0.00963166810114941,0.0033846213361417,0.00115120452701072
"final_sa_entropy","10m","512_b","sa_entropy","Spectral angle entropy","final_70_iteration_bootstrap",70,2.85636955131675,0.00959834463369694,0.0033603301187944,0.00114722161084458
"final_sa_entropy","10m","512_c","sa_entropy","Spectral angle entropy","final_70_iteration_bootstrap",70,2.77629475868235,0.00981089304431377,0.00353380814974058,0.00117262600496836
"final_sa_entropy","10m","512_d","sa_entropy","Spectral angle entropy","final_70_iteration_bootstrap",70,2.78892141770948,0.00886608534246444,0.00317903734618169,0.00105969988541138
"final_sa_entropy","10m","513_a","sa_entropy","Spectral angle entropy","final_70_iteration_bootstrap",70,2.80743892707079,0.0106295392845829,0.00378620499348619,0.00127047294569773
"final_sa_entropy","10m","513_b","sa_entropy","Spectral angle entropy","final_70_iteration_bootstrap",70,2.81966110417339,0.0108405540784945,0.00384463014454089,0.00129569403756533
"final_sa_entropy","10m","513_c","sa_entropy","Spectral angle entropy","final_70_iteration_bootstrap",70,2.78027009155618,0.0799377926575876,0.0287518082866706,0.00955439367513895
"final_sa_entropy","10m","513_d","sa_entropy","Spectral angle entropy","final_70_iteration_bootstrap",70,2.76983725161835,0.115036987757109,0.0415320386386948,0.0137495498898947
"final_sa_entropy","10m","514_a","sa_entropy","Spectral angle entropy","final_70_iteration_bootstrap",70,2.70048681989665,0.0817196206974722,0.0302610700024079,0.00976736286015738
"final_sa_entropy","10m","514_b","sa_entropy","Spectral angle entropy","final_70_iteration_bootstrap",70,2.78939558370674,0.0118371427925484,0.00424362283416911,0.00141480917184303
"final_sa_entropy","10m","514_c","sa_entropy","Spectral angle entropy","final_70_iteration_bootstrap",70,2.7498404573801,0.0112225308421097,0.00408115707658253,0.00134134899316271
"final_sa_entropy","10m","514_d","sa_entropy","Spectral angle entropy","final_70_iteration_bootstrap",70,2.83265807897034,0.0107848827014594,0.00380733657250283,0.00128904003530999
"final_sa_entropy","10m","515_a","sa_entropy","Spectral angle entropy","final_70_iteration_bootstrap",70,2.92854551404887,0.21867265783832,0.074669373171528,0.0261363816727551
"final_sa_entropy","10m","515_b","sa_entropy","Spectral angle entropy","final_70_iteration_bootstrap",70,2.77610834055079,0.0791124825834294,0.028497620726046,0.00945575025391838
"final_sa_entropy","10m","515_c","sa_entropy","Spectral angle entropy","final_70_iteration_bootstrap",70,2.79803976978724,0.0828971561159435,0.029626868428052,0.00990810526222353
"final_sa_entropy","10m","515_d","sa_entropy","Spectral angle entropy","final_70_iteration_bootstrap",70,2.6958773239948,0.0112119521869348,0.00415892521782882,0.00134008460203138
"final_sa_entropy","10m","516_a","sa_entropy","Spectral angle entropy","final_70_iteration_bootstrap",70,2.84636165336042,0.0120021154177281,0.00421665159926478,0.0014345271719802
"final_sa_entropy","10m","516_b","sa_entropy","Spectral angle entropy","final_70_iteration_bootstrap",70,2.72577593009163,0.0828365888305857,0.0303900947675479,0.00990086608699859
"final_sa_entropy","10m","516_c","sa_entropy","Spectral angle entropy","final_70_iteration_bootstrap",70,2.70205489051979,0.010262091468511,0.00379788416013151,0.00122655453147707
"final_sa_entropy","10m","516_d","sa_entropy","Spectral angle entropy","final_70_iteration_bootstrap",70,2.77008543107599,0.00994758058845436,0.00359107357370939,0.00118896329129801
"final_sa_entropy","10m","517_a","sa_entropy","Spectral angle entropy","final_70_iteration_bootstrap",70,2.74565855096479,0.00875200695948374,0.00318758024606096,0.00104606491070687
"final_sa_entropy","10m","517_b","sa_entropy","Spectral angle entropy","final_70_iteration_bootstrap",70,2.75985189453636,0.0116936273409241,0.00423704886630831,0.00139765579447674
"final_sa_entropy","10m","517_c","sa_entropy","Spectral angle entropy","final_70_iteration_bootstrap",70,2.71686539701937,0.204545154863991,0.0752871876127521,0.0244478220994176
"final_sa_entropy","10m","517_d","sa_entropy","Spectral angle entropy","final_70_iteration_bootstrap",70,2.65845658754572,0.00938282355801899,0.00352942515667754,0.0011214619152881
"final_sa_entropy","10m","518_a","sa_entropy","Spectral angle entropy","final_70_iteration_bootstrap",70,2.67810784367211,0.0105803183897366,0.00395066928120017,0.001264589923528
"final_sa_entropy","10m","518_b","sa_entropy","Spectral angle entropy","final_70_iteration_bootstrap",70,2.9407334473234,0.344480442949563,0.117140995306155,0.0411732880769502
"final_sa_entropy","10m","518_c","sa_entropy","Spectral angle entropy","final_70_iteration_bootstrap",70,2.77573646444757,0.0101731052753584,0.00366501121617937,0.0012159186470879
"final_sa_entropy","10m","518_d","sa_entropy","Spectral angle entropy","final_70_iteration_bootstrap",70,2.67549613614044,0.00891299909620388,0.00333134440966206,0.00106530715147545
"final_sa_entropy","10m","519_a","sa_entropy","Spectral angle entropy","final_70_iteration_bootstrap",70,2.97924720860704,0.116308937674529,0.0390397068556488,0.0139015769829888
"final_sa_entropy","10m","519_b","sa_entropy","Spectral angle entropy","final_70_iteration_bootstrap",70,2.73954799125751,0.341314300230916,0.124587815698109,0.0407948616410939
"final_sa_entropy","10m","519_c","sa_entropy","Spectral angle entropy","final_70_iteration_bootstrap",70,3.14025080976756,0.113850624404049,0.0362552647227806,0.0136077523478304
"final_sa_entropy","10m","519_d","sa_entropy","Spectral angle entropy","final_70_iteration_bootstrap",70,2.83200026726757,0.0098835346941892,0.00348994836209011,0.0011813083427844
"final_sa_entropy","10m","520_a","sa_entropy","Spectral angle entropy","final_70_iteration_bootstrap",70,2.94458992036876,0.00914466723447127,0.00310558260463177,0.00109299679014829
"final_sa_entropy","10m","520_b","sa_entropy","Spectral angle entropy","final_70_iteration_bootstrap",70,2.87660202962968,0.00958542725656984,0.0033322048576194,0.0011456776889746
"final_sa_entropy","10m","520_c","sa_entropy","Spectral angle entropy","final_70_iteration_bootstrap",70,2.70872473089064,0.0127434048370206,0.00470457728380193,0.00152312820415373
"final_sa_entropy","10m","520_d","sa_entropy","Spectral angle entropy","final_70_iteration_bootstrap",70,2.79416793182924,0.00938505567268863,0.00335880158303319,0.00112172870401935
"final_sa_entropy","10m","521_a","sa_entropy","Spectral angle entropy","final_70_iteration_bootstrap",70,2.6927569262824,0.138680857099199,0.0515014391925309,0.0165755327971977
"final_sa_entropy","10m","521_b","sa_entropy","Spectral angle entropy","final_70_iteration_bootstrap",70,2.67957320430078,0.0126300180384621,0.00471344392390201,0.00150957588959794
"final_sa_entropy","10m","521_c","sa_entropy","Spectral angle entropy","final_70_iteration_bootstrap",70,2.80002419316992,0.0136938038610551,0.00489060197924656,0.00163672261453468
"final_sa_entropy","10m","521_d","sa_entropy","Spectral angle entropy","final_70_iteration_bootstrap",70,2.91635161494944,0.342678289279334,0.117502391523278,0.0409578895144427
"final_sa_entropy","10m","522_a","sa_entropy","Spectral angle entropy","final_70_iteration_bootstrap",70,2.72580244134449,0.195463840630353,0.0717087334230801,0.0233623974411776
"final_sa_entropy","10m","522_b","sa_entropy","Spectral angle entropy","final_70_iteration_bootstrap",70,2.73151467494263,0.0134087299792461,0.00490889911822558,0.00160264976860347
"final_sa_entropy","10m","522_c","sa_entropy","Spectral angle entropy","final_70_iteration_bootstrap",70,2.65449691595487,0.0122736776083695,0.00462373021968813,0.00146698506192702
"final_sa_entropy","10m","522_d","sa_entropy","Spectral angle entropy","final_70_iteration_bootstrap",70,3.1677203302665,0.220668394662686,0.0696615773034866,0.0263749178476735
"final_sa_entropy","10m","523_a","sa_entropy","Spectral angle entropy","final_70_iteration_bootstrap",70,2.68752966823708,0.193849172392314,0.0721291283528311,0.0231694076739089
"final_sa_entropy","10m","523_b","sa_entropy","Spectral angle entropy","final_70_iteration_bootstrap",70,2.73694732415413,0.11640191040435,0.0425298321882481,0.0139126893496458
"final_sa_entropy","10m","523_c","sa_entropy","Spectral angle entropy","final_70_iteration_bootstrap",70,2.898530379417,0.00970771344564394,0.00334918464701291,0.00116029368414538
"final_sa_entropy","10m","523_d","sa_entropy","Spectral angle entropy","final_70_iteration_bootstrap",70,2.73527226515701,0.0126843173717572,0.00463731436659344,0.00151606590126014
"final_sa_entropy","10m","524_a","sa_entropy","Spectral angle entropy","final_70_iteration_bootstrap",70,2.97412200259313,0.114424629196923,0.0384734147076538,0.0136763590428642
"final_sa_entropy","10m","524_b","sa_entropy","Spectral angle entropy","final_70_iteration_bootstrap",70,2.87502415112371,0.00963740261732169,0.00335211188175755,0.0011518899327897
"final_sa_entropy","10m","524_c","sa_entropy","Spectral angle entropy","final_70_iteration_bootstrap",70,2.82173051916731,0.0112746537799629,0.00399565220823782,0.00134757887581518
"final_sa_entropy","10m","524_d","sa_entropy","Spectral angle entropy","final_70_iteration_bootstrap",70,2.86434182947269,0.010660614353592,0.00372183733236704,0.0012741871268494
"final_sa_entropy","10m","6_a","sa_entropy","Spectral angle entropy","final_70_iteration_bootstrap",70,2.94999997539202,0.00925741319917518,0.00313810619538903,0.0011064725104084
"final_sa_entropy","10m","6_b","sa_entropy","Spectral angle entropy","final_70_iteration_bootstrap",70,2.91279422473974,0.00887646597212689,0.00304740578539152,0.00106094060796693
"final_sa_entropy","10m","6_c","sa_entropy","Spectral angle entropy","final_70_iteration_bootstrap",70,2.90067110886893,0.00918872044957533,0.00316779121268881,0.00109826215645084
"final_sa_entropy","10m","6_d","sa_entropy","Spectral angle entropy","final_70_iteration_bootstrap",70,2.80710411775862,0.00800886094049163,0.00285306871584316,0.000957241972425636
"final_sa_entropy","10m","600_a","sa_entropy","Spectral angle entropy","final_70_iteration_bootstrap",70,2.81078127978019,0.0101916861867682,0.00362592644973257,0.00121813949077835
"final_sa_entropy","10m","600_b","sa_entropy","Spectral angle entropy","final_70_iteration_bootstrap",70,3.01278832615704,0.346082133758934,0.114871041803451,0.041364726744817
"final_sa_entropy","10m","600_c","sa_entropy","Spectral angle entropy","final_70_iteration_bootstrap",70,2.81036857818315,0.00871543752250602,0.00310117241922068,0.00104169402697657
"final_sa_entropy","10m","600_d","sa_entropy","Spectral angle entropy","final_70_iteration_bootstrap",70,2.78015755325867,0.0822736042344332,0.0295931445101012,0.00983357655740499
"final_sa_entropy","10m","601_a","sa_entropy","Spectral angle entropy","final_70_iteration_bootstrap",70,2.94087229701268,0.334938967307348,0.113891027382446,0.040032863610666
"final_sa_entropy","10m","601_b","sa_entropy","Spectral angle entropy","final_70_iteration_bootstrap",70,2.83623826275959,0.00985611685483243,0.00347506659939164,0.00117803128418386
"final_sa_entropy","10m","601_c","sa_entropy","Spectral angle entropy","final_70_iteration_bootstrap",70,2.82015380271372,0.00729207054234792,0.00258569959387713,0.00087156913334988
"final_sa_entropy","10m","601_d","sa_entropy","Spectral angle entropy","final_70_iteration_bootstrap",70,2.77566559499988,0.00989423496286504,0.00356463508453202,0.00118258726950929
"final_sa_entropy","10m","602_a","sa_entropy","Spectral angle entropy","final_70_iteration_bootstrap",70,2.71838455765163,0.0822729262832365,0.030265374356861,0.00983349552673838
"final_sa_entropy","10m","602_b","sa_entropy","Spectral angle entropy","final_70_iteration_bootstrap",70,2.79805892543635,0.0103022600740613,0.00368193106314037,0.00123135559813215
"final_sa_entropy","10m","602_c","sa_entropy","Spectral angle entropy","final_70_iteration_bootstrap",70,2.82165751148202,0.0088095048391186,0.00312210280775415,0.00105293722177843
"final_sa_entropy","10m","602_d","sa_entropy","Spectral angle entropy","final_70_iteration_bootstrap",70,2.83426760269528,0.0105814568623123,0.00373340077424225,0.00126472599702734
"final_sa_entropy","10m","603_a","sa_entropy","Spectral angle entropy","final_70_iteration_bootstrap",70,2.83270621990607,0.00906033452460602,0.0031984730576496,0.00108291710339492
"final_sa_entropy","10m","603_b","sa_entropy","Spectral angle entropy","final_70_iteration_bootstrap",70,2.80584277550155,0.00932940465832943,0.00332499195599504,0.00111507713556929
"final_sa_entropy","10m","603_c","sa_entropy","Spectral angle entropy","final_70_iteration_bootstrap",70,2.7629466422789,0.0802991961958539,0.0290628834328927,0.00959758965998401
"final_sa_entropy","10m","603_d","sa_entropy","Spectral angle entropy","final_70_iteration_bootstrap",70,2.81270681057184,0.0811975906304026,0.0288681316962057,0.00970496833304795
"final_sa_entropy","10m","604_a","sa_entropy","Spectral angle entropy","final_70_iteration_bootstrap",70,2.81588918094559,0.0094032513122249,0.00333935418192389,0.00112390349891324
"final_sa_entropy","10m","604_b","sa_entropy","Spectral angle entropy","final_70_iteration_bootstrap",70,2.76831793893303,0.115492832784044,0.0417194973018733,0.0138040337916563
"final_sa_entropy","10m","604_c","sa_entropy","Spectral angle entropy","final_70_iteration_bootstrap",70,2.8160945697553,0.240318704135038,0.0853375830187122,0.0287235790540365
"final_sa_entropy","10m","604_d","sa_entropy","Spectral angle entropy","final_70_iteration_bootstrap",70,2.78601287667479,0.00716126012022624,0.00257043324536729,0.000855934297457986
"final_sa_entropy","10m","605_a","sa_entropy","Spectral angle entropy","final_70_iteration_bootstrap",70,2.79438289236193,0.263348769301219,0.0942421920850745,0.031476198330182
"final_sa_entropy","10m","605_b","sa_entropy","Spectral angle entropy","final_70_iteration_bootstrap",70,2.93921289851148,0.00826537419407668,0.00281210462782827,0.000987901170361466
"final_sa_entropy","10m","605_c","sa_entropy","Spectral angle entropy","final_70_iteration_bootstrap",70,2.82974436628882,0.00923367387620422,0.00326307704194287,0.00110363511861029
"final_sa_entropy","10m","605_d","sa_entropy","Spectral angle entropy","final_70_iteration_bootstrap",70,2.81300870518273,0.177975156821328,0.0632686121779232,0.0212720999183626
"final_sa_entropy","10m","606_a","sa_entropy","Spectral angle entropy","final_70_iteration_bootstrap",70,2.78111309816611,0.00791963965409388,0.00284765105716706,0.000946577989019215
"final_sa_entropy","10m","606_b","sa_entropy","Spectral angle entropy","final_70_iteration_bootstrap",70,2.88960344502091,0.0101169347156488,0.00350114986645705,0.00120920498109118
"final_sa_entropy","10m","606_c","sa_entropy","Spectral angle entropy","final_70_iteration_bootstrap",70,2.88913721837001,0.00925356301818892,0.00320288110905635,0.00110601232576181
"final_sa_entropy","10m","606_d","sa_entropy","Spectral angle entropy","final_70_iteration_bootstrap",70,2.85225671919654,0.00941558635077457,0.0033011005942785,0.00112537781801042
"final_sa_entropy","10m","607_a","sa_entropy","Spectral angle entropy","final_70_iteration_bootstrap",70,3.03688589540618,0.00890516494727717,0.00293233438923332,0.00106437079158275
"final_sa_entropy","10m","607_b","sa_entropy","Spectral angle entropy","final_70_iteration_bootstrap",70,2.89543600732459,0.0079487323657079,0.00274526266358503,0.000950055233143634
"final_sa_entropy","10m","607_c","sa_entropy","Spectral angle entropy","final_70_iteration_bootstrap",70,2.87766550219271,0.00885959941059452,0.00307874539408549,0.00105892466827847
"final_sa_entropy","10m","607_d","sa_entropy","Spectral angle entropy","final_70_iteration_bootstrap",70,2.99323257502192,0.00845777282094709,0.00282563169047602,0.00101089720468468
"final_sa_entropy","10m","608_a","sa_entropy","Spectral angle entropy","final_70_iteration_bootstrap",70,2.84135107155521,0.00935632932754314,0.00329291562074446,0.0011182952490634
"final_sa_entropy","10m","608_b","sa_entropy","Spectral angle entropy","final_70_iteration_bootstrap",70,2.78244748210752,0.231657969625742,0.0832569064161729,0.0276884232877005
"final_sa_entropy","10m","608_c","sa_entropy","Spectral angle entropy","final_70_iteration_bootstrap",70,2.82022723925633,0.231369995317926,0.0820394867822552,0.027654003774555
"final_sa_entropy","10m","608_d","sa_entropy","Spectral angle entropy","final_70_iteration_bootstrap",70,2.78229646430122,0.0837755358591197,0.0301102118102861,0.0100130917221139
"final_sa_entropy","10m","609_a","sa_entropy","Spectral angle entropy","final_70_iteration_bootstrap",70,2.82636285632017,0.00861688864660079,0.00304875526768692,0.0010299151833866
"final_sa_entropy","10m","609_b","sa_entropy","Spectral angle entropy","final_70_iteration_bootstrap",70,2.7699951095166,0.080705578711518,0.029135639421978,0.00964616166088951
"final_sa_entropy","10m","609_c","sa_entropy","Spectral angle entropy","final_70_iteration_bootstrap",70,2.79219194760231,0.139453858169498,0.0499442233150371,0.0166679240966245
"final_sa_entropy","10m","609_d","sa_entropy","Spectral angle entropy","final_70_iteration_bootstrap",70,2.79471572152203,0.116757927235829,0.0417781051348727,0.0139552414998846
"final_sa_entropy","10m","610_a","sa_entropy","Spectral angle entropy","final_70_iteration_bootstrap",70,2.72636220710596,0.159250207313648,0.0584112437073035,0.0190340403823705
"final_sa_entropy","10m","610_b","sa_entropy","Spectral angle entropy","final_70_iteration_bootstrap",70,2.74548684007859,0.206864884049825,0.0753472502690647,0.0247250827682993
"final_sa_entropy","10m","610_c","sa_entropy","Spectral angle entropy","final_70_iteration_bootstrap",70,2.87578711513585,0.0074849451869872,0.0026027466176451,0.000894622062678687
"final_sa_entropy","10m","610_d","sa_entropy","Spectral angle entropy","final_70_iteration_bootstrap",70,2.80280474277529,0.193807486573817,0.0691476946702725,0.0231644252656217
"final_sa_entropy","10m","611_a","sa_entropy","Spectral angle entropy","final_70_iteration_bootstrap",70,2.67056591871733,0.140626190957816,0.0526578243106461,0.0168080446654503
"final_sa_entropy","10m","611_b","sa_entropy","Spectral angle entropy","final_70_iteration_bootstrap",70,2.7765872405218,0.0103392467085166,0.00372372477897492,0.00123577634649855
"final_sa_entropy","10m","611_c","sa_entropy","Spectral angle entropy","final_70_iteration_bootstrap",70,2.78983202087605,0.0116160785702868,0.00416371970905945,0.00138838694354829
"final_sa_entropy","10m","611_d","sa_entropy","Spectral angle entropy","final_70_iteration_bootstrap",70,2.7995716979068,0.00933961786501561,0.00333608811376351,0.00111629784725173
"final_sa_entropy","10m","612_a","sa_entropy","Spectral angle entropy","final_70_iteration_bootstrap",70,2.85627371439683,0.00984107716930753,0.00344542510744133,0.00117623369794239
"final_sa_entropy","10m","612_b","sa_entropy","Spectral angle entropy","final_70_iteration_bootstrap",70,2.92920576659317,0.0109575129557569,0.00374077952485429,0.00130967329718729
"final_sa_entropy","10m","612_c","sa_entropy","Spectral angle entropy","final_70_iteration_bootstrap",70,2.90143989295396,0.0814505874756407,0.028072471076668,0.00973520723979794
"final_sa_entropy","10m","612_d","sa_entropy","Spectral angle entropy","final_70_iteration_bootstrap",70,2.98300429779999,0.00993742705004071,0.00333134855265536,0.00118774971133821
"final_sa_entropy","10m","613_a","sa_entropy","Spectral angle entropy","final_70_iteration_bootstrap",70,2.87476566952265,0.00983949070376454,0.00342271052144517,0.00117604407904192
"final_sa_entropy","10m","613_b","sa_entropy","Spectral angle entropy","final_70_iteration_bootstrap",70,3.18938018522376,0.160449376559385,0.0503073848965198,0.0191773685213644
"final_sa_entropy","10m","613_c","sa_entropy","Spectral angle entropy","final_70_iteration_bootstrap",70,3.02638264554646,0.34416406786811,0.113721266666187,0.0411354740220869
"final_sa_entropy","10m","613_d","sa_entropy","Spectral angle entropy","final_70_iteration_bootstrap",70,2.82632893420193,0.219044210333895,0.0775013154637454,0.0261807906900132
"final_sa_entropy","10m","614_a","sa_entropy","Spectral angle entropy","final_70_iteration_bootstrap",70,2.82764202698412,0.00829703551889259,0.00293425951365632,0.000991685422484406
"final_sa_entropy","10m","614_b","sa_entropy","Spectral angle entropy","final_70_iteration_bootstrap",70,2.73773416621771,0.176371804292627,0.0644225456470418,0.0210804626370474
"final_sa_entropy","10m","614_c","sa_entropy","Spectral angle entropy","final_70_iteration_bootstrap",70,2.82500723359672,0.0094024939153249,0.00332830790785407,0.00112381297266889
"final_sa_entropy","10m","614_d","sa_entropy","Spectral angle entropy","final_70_iteration_bootstrap",70,2.86144718856555,0.00873609804758013,0.00305303487077794,0.00104416343204181
"final_sa_entropy","10m","615_a","sa_entropy","Spectral angle entropy","final_70_iteration_bootstrap",70,2.76246753417266,0.139698858825808,0.0505703169712171,0.0166972072759972
"final_sa_entropy","10m","615_b","sa_entropy","Spectral angle entropy","final_70_iteration_bootstrap",70,2.86712214245057,0.00811735239945624,0.00283118471978254,0.000970209181987929
"final_sa_entropy","10m","615_c","sa_entropy","Spectral angle entropy","final_70_iteration_bootstrap",70,2.73725488399971,0.113190764555929,0.0413519271506545,0.013528884010968
"final_sa_entropy","10m","615_d","sa_entropy","Spectral angle entropy","final_70_iteration_bootstrap",70,2.79985829971481,0.0116797569437256,0.00417155287641352,0.00139599796492129
"final_sa_entropy","10m","616_a","sa_entropy","Spectral angle entropy","final_70_iteration_bootstrap",70,2.72016503287724,0.00949938237523952,0.00349220810517941,0.00113539335858932
"final_sa_entropy","10m","616_b","sa_entropy","Spectral angle entropy","final_70_iteration_bootstrap",70,2.7706773512023,0.0096947407005822,0.00349905076329992,0.00115874314454144
"final_sa_entropy","10m","616_c","sa_entropy","Spectral angle entropy","final_70_iteration_bootstrap",70,2.88792549397384,0.0101860387575406,0.00352711272461689,0.00121746449388015
"final_sa_entropy","10m","616_d","sa_entropy","Spectral angle entropy","final_70_iteration_bootstrap",70,2.89148454465491,0.0123669826880022,0.00427703572231204,0.00147813715198434
"final_sa_entropy","10m","617_a","sa_entropy","Spectral angle entropy","final_70_iteration_bootstrap",70,2.76293141201027,0.0108957202506532,0.00394353627574332,0.00130228765628848
"final_sa_entropy","10m","617_b","sa_entropy","Spectral angle entropy","final_70_iteration_bootstrap",70,2.77612331700396,0.00880233720295576,0.00317072989843096,0.00105208052539812
"final_sa_entropy","10m","617_c","sa_entropy","Spectral angle entropy","final_70_iteration_bootstrap",70,2.86066370302135,0.288937144330246,0.101003534258529,0.0345345941202891
"final_sa_entropy","10m","617_d","sa_entropy","Spectral angle entropy","final_70_iteration_bootstrap",70,2.81754741389006,0.00967158441066642,0.0034326252552085,0.0011559754385221
"final_sa_entropy","10m","618_a","sa_entropy","Spectral angle entropy","final_70_iteration_bootstrap",70,2.79465315153419,0.0837276592397343,0.0299599466194115,0.0100073693715932
"final_sa_entropy","10m","618_b","sa_entropy","Spectral angle entropy","final_70_iteration_bootstrap",70,2.77697746556854,0.241468346780799,0.0869536572675653,0.0288609876321089
"final_sa_entropy","10m","618_c","sa_entropy","Spectral angle entropy","final_70_iteration_bootstrap",70,2.84014422044092,0.323366907807864,0.113855805448381,0.0386497379523956
"final_sa_entropy","10m","618_d","sa_entropy","Spectral angle entropy","final_70_iteration_bootstrap",70,2.78865586106288,0.23141986111797,0.0829861670452824,0.027659963877639
"final_sa_entropy","10m","619_a","sa_entropy","Spectral angle entropy","final_70_iteration_bootstrap",70,2.80603095113913,0.00996874550315815,0.00355261423581635,0.00119149298245482
"final_sa_entropy","10m","619_b","sa_entropy","Spectral angle entropy","final_70_iteration_bootstrap",70,2.65754577435927,0.0839867058174893,0.0316031078854091,0.0100383313596815
"final_sa_entropy","10m","619_c","sa_entropy","Spectral angle entropy","final_70_iteration_bootstrap",70,2.75078896145106,0.116357393871703,0.0422996440302435,0.013907368606305
"final_sa_entropy","10m","619_d","sa_entropy","Spectral angle entropy","final_70_iteration_bootstrap",70,2.76522879197882,0.00980726451652301,0.00354663763988399,0.00117219231294583
"final_sa_entropy","10m","620_a","sa_entropy","Spectral angle entropy","final_70_iteration_bootstrap",70,2.9039953244402,0.0805013522928599,0.0277208959723026,0.0096217519350533
"final_sa_entropy","10m","620_b","sa_entropy","Spectral angle entropy","final_70_iteration_bootstrap",70,2.97115353375399,0.0118631951600337,0.00399279102384347,0.00141792302533896
"final_sa_entropy","10m","620_c","sa_entropy","Spectral angle entropy","final_70_iteration_bootstrap",70,2.80102218231259,0.0105668389870661,0.00377249386091682,0.00126297882675715
"final_sa_entropy","10m","620_d","sa_entropy","Spectral angle entropy","final_70_iteration_bootstrap",70,2.87233858913311,0.0083421632445224,0.00290431054196856,0.0009970792173591
"final_sa_entropy","10m","621_a","sa_entropy","Spectral angle entropy","final_70_iteration_bootstrap",70,2.70582124592648,0.0825729465788025,0.030516778114265,0.00986935481080253
"final_sa_entropy","10m","621_b","sa_entropy","Spectral angle entropy","final_70_iteration_bootstrap",70,2.74593564583503,0.0114233672834951,0.00416010014685589,0.00136535353921679
"final_sa_entropy","10m","621_c","sa_entropy","Spectral angle entropy","final_70_iteration_bootstrap",70,2.69048323345466,0.0800608831875955,0.0297570645273246,0.00956910580743931
"final_sa_entropy","10m","621_d","sa_entropy","Spectral angle entropy","final_70_iteration_bootstrap",70,2.77972660818589,0.00944796495261864,0.00339888279832836,0.00112924780113585
"final_sa_entropy","10m","622_a","sa_entropy","Spectral angle entropy","final_70_iteration_bootstrap",70,2.73749170321151,0.00920509988805218,0.00336260375775866,0.00110021987379808
"final_sa_entropy","10m","622_b","sa_entropy","Spectral angle entropy","final_70_iteration_bootstrap",70,2.8387713472205,0.32234426558047,0.113550626716056,0.0385275088276662
"final_sa_entropy","10m","622_c","sa_entropy","Spectral angle entropy","final_70_iteration_bootstrap",70,2.63553441859794,0.0109673438168608,0.00416133583362394,0.00131084830983187
"final_sa_entropy","10m","622_d","sa_entropy","Spectral angle entropy","final_70_iteration_bootstrap",70,2.85107876544814,0.0129207003893493,0.00453186370925055,0.00154431907579883
"final_sa_entropy","10m","623_a","sa_entropy","Spectral angle entropy","final_70_iteration_bootstrap",70,2.69091180033009,0.178359231301166,0.0662820800292624,0.0213180055990044
"final_sa_entropy","10m","623_b","sa_entropy","Spectral angle entropy","final_70_iteration_bootstrap",70,2.66569453598769,0.0116552988465464,0.00437233099636747,0.00139307466317344
"final_sa_entropy","10m","623_c","sa_entropy","Spectral angle entropy","final_70_iteration_bootstrap",70,2.726575581797,0.249422430761784,0.0914782749566756,0.0298116825056211
"final_sa_entropy","10m","623_d","sa_entropy","Spectral angle entropy","final_70_iteration_bootstrap",70,2.97400401188303,0.343355048223259,0.11545211332982,0.041038777679583
"final_sa_entropy","10m","624_a","sa_entropy","Spectral angle entropy","final_70_iteration_bootstrap",70,2.64180758968333,0.0799549519120412,0.0302652442306085,0.00955644459832273
"final_sa_entropy","10m","624_b","sa_entropy","Spectral angle entropy","final_70_iteration_bootstrap",70,2.79221521867749,0.114199037042496,0.0408990812307748,0.0136493956231629
"final_sa_entropy","10m","624_c","sa_entropy","Spectral angle entropy","final_70_iteration_bootstrap",70,2.80051077563335,0.00873884032809965,0.00312044517169313,0.00104449119725499
"final_sa_entropy","10m","624_d","sa_entropy","Spectral angle entropy","final_70_iteration_bootstrap",70,2.626559435986,0.0119451689052495,0.00454783879686519,0.00142772076188858
"final_sa_entropy","10m","7_a","sa_entropy","Spectral angle entropy","final_70_iteration_bootstrap",70,2.77638486257936,0.140658387243425,0.050662424053396,0.0168118928576177
"final_sa_entropy","10m","7_b","sa_entropy","Spectral angle entropy","final_70_iteration_bootstrap",70,2.87811266740481,0.00904119226021117,0.00314136147712508,0.00108062916518971
"final_sa_entropy","10m","7_c","sa_entropy","Spectral angle entropy","final_70_iteration_bootstrap",70,2.71989386704147,0.00999454739572402,0.00367460933561921,0.00119457689847179
"final_sa_entropy","10m","7_d","sa_entropy","Spectral angle entropy","final_70_iteration_bootstrap",70,2.83523806156089,0.311786279540927,0.109968289353903,0.0372655881305247
"final_sa_entropy","10m","700_a","sa_entropy","Spectral angle entropy","final_70_iteration_bootstrap",70,2.85158706572017,0.0086419611786184,0.00303057945608821,0.00103291192414419
"final_sa_entropy","10m","700_b","sa_entropy","Spectral angle entropy","final_70_iteration_bootstrap",70,2.92061279904677,0.00784800295131241,0.00268710831982721,0.000938015765354935
"final_sa_entropy","10m","700_c","sa_entropy","Spectral angle entropy","final_70_iteration_bootstrap",70,2.7627938678889,0.162346109029217,0.0587615713630018,0.0194040714125841
"final_sa_entropy","10m","700_d","sa_entropy","Spectral angle entropy","final_70_iteration_bootstrap",70,3.05936352095743,0.0828563275378414,0.0270828644488483,0.00990322531376092
"final_sa_entropy","10m","701_a","sa_entropy","Spectral angle entropy","final_70_iteration_bootstrap",70,2.76980753103521,0.11613010203478,0.0419271378005735,0.0138802020356891
"final_sa_entropy","10m","701_b","sa_entropy","Spectral angle entropy","final_70_iteration_bootstrap",70,2.97536743099621,0.338363496448788,0.113721583735793,0.0404421731310008
"final_sa_entropy","10m","701_c","sa_entropy","Spectral angle entropy","final_70_iteration_bootstrap",70,2.69953672538461,0.114460990978718,0.0424002347893268,0.013680705107053
"final_sa_entropy","10m","701_d","sa_entropy","Spectral angle entropy","final_70_iteration_bootstrap",70,2.79926493879605,0.269213389410787,0.0961728865602034,0.0321771545039653
"final_sa_entropy","10m","702_a","sa_entropy","Spectral angle entropy","final_70_iteration_bootstrap",70,2.82687682056609,0.296099986794477,0.104744566385168,0.0353907175440295
"final_sa_entropy","10m","702_b","sa_entropy","Spectral angle entropy","final_70_iteration_bootstrap",70,2.70143265461114,0.0112412940358462,0.00416123423127286,0.00134359162375835
"final_sa_entropy","10m","702_c","sa_entropy","Spectral angle entropy","final_70_iteration_bootstrap",70,2.66387461366276,0.0818442119944584,0.0307237478726241,0.00978225436842058
"final_sa_entropy","10m","702_d","sa_entropy","Spectral angle entropy","final_70_iteration_bootstrap",70,2.71783269886825,0.177700794308207,0.0653832718924181,0.0212393073258615
"final_sa_entropy","10m","703_a","sa_entropy","Spectral angle entropy","final_70_iteration_bootstrap",70,2.80037663533457,0.00788520906126251,0.00281576733706766,0.000942462746060375
"final_sa_entropy","10m","703_b","sa_entropy","Spectral angle entropy","final_70_iteration_bootstrap",70,2.90696928477373,0.302218793972898,0.103963531901033,0.0361220548834945
"final_sa_entropy","10m","703_c","sa_entropy","Spectral angle entropy","final_70_iteration_bootstrap",70,2.80374849220567,0.00946078735331375,0.00337433524426832,0.00113078037115096
"final_sa_entropy","10m","703_d","sa_entropy","Spectral angle entropy","final_70_iteration_bootstrap",70,2.88008871810751,0.268202177441716,0.0931228874150621,0.0320562915564118
"final_sa_entropy","10m","704_a","sa_entropy","Spectral angle entropy","final_70_iteration_bootstrap",70,2.80783052603045,0.00753702819663955,0.00268428885816516,0.00090084717299836
"final_sa_entropy","10m","704_b","sa_entropy","Spectral angle entropy","final_70_iteration_bootstrap",70,2.81772184457418,0.0826284103501464,0.0293245447591842,0.00987598399943171
"final_sa_entropy","10m","704_c","sa_entropy","Spectral angle entropy","final_70_iteration_bootstrap",70,2.81005124817692,0.00763589920614532,0.00271735229423281,0.000912664518917867
"final_sa_entropy","10m","704_d","sa_entropy","Spectral angle entropy","final_70_iteration_bootstrap",70,2.98586232391536,0.00789091625114524,0.00264275957666993,0.000943144885723049
"final_sa_entropy","10m","705_a","sa_entropy","Spectral angle entropy","final_70_iteration_bootstrap",70,2.85772088728419,0.0075274313184013,0.00263406806168357,0.000899700126655295
"final_sa_entropy","10m","705_b","sa_entropy","Spectral angle entropy","final_70_iteration_bootstrap",70,2.96549367012305,0.342123746647313,0.115368226914177,0.040891608992554
"final_sa_entropy","10m","705_c","sa_entropy","Spectral angle entropy","final_70_iteration_bootstrap",70,2.8027823978921,0.00785649869214274,0.00280310690478554,0.000939031200604725
"final_sa_entropy","10m","705_d","sa_entropy","Spectral angle entropy","final_70_iteration_bootstrap",70,2.79781504842961,0.140230483295283,0.0501214272094196,0.0167607485535311
"final_sa_entropy","10m","706_a","sa_entropy","Spectral angle entropy","final_70_iteration_bootstrap",70,2.87028167042263,0.00832824967247676,0.00290154438788945,0.000995416227422402
"final_sa_entropy","10m","706_b","sa_entropy","Spectral angle entropy","final_70_iteration_bootstrap",70,2.74204975803654,0.160943815368099,0.058694710005315,0.0192364652623384
"final_sa_entropy","10m","706_c","sa_entropy","Spectral angle entropy","final_70_iteration_bootstrap",70,2.82325714054535,0.0104839208170539,0.00371341337156018,0.00125306820985392
"final_sa_entropy","10m","706_d","sa_entropy","Spectral angle entropy","final_70_iteration_bootstrap",70,2.95001147532903,0.00874256790545632,0.00296357081271395,0.00104493672796501
"final_sa_entropy","10m","707_a","sa_entropy","Spectral angle entropy","final_70_iteration_bootstrap",70,3.00854110551208,0.010556236244951,0.00350875586363452,0.00126171155668581
"final_sa_entropy","10m","707_b","sa_entropy","Spectral angle entropy","final_70_iteration_bootstrap",70,2.9575929527625,0.00876573034080064,0.00296380552726606,0.00104770516850355
"final_sa_entropy","10m","707_c","sa_entropy","Spectral angle entropy","final_70_iteration_bootstrap",70,2.92310307720437,0.00804312283826028,0.00275157003561867,0.000961337052467954
"final_sa_entropy","10m","707_d","sa_entropy","Spectral angle entropy","final_70_iteration_bootstrap",70,2.93242753560169,0.00801158295264645,0.00273206510830373,0.000957567315105875
"final_sa_entropy","10m","708_a","sa_entropy","Spectral angle entropy","final_70_iteration_bootstrap",70,2.91634633602418,0.00800862682445785,0.00274611651076255,0.000957213990207488
"final_sa_entropy","10m","708_b","sa_entropy","Spectral angle entropy","final_70_iteration_bootstrap",70,2.87246318379244,0.00721078248749728,0.00251031328379884,0.000861853352474417
"final_sa_entropy","10m","708_c","sa_entropy","Spectral angle entropy","final_70_iteration_bootstrap",70,2.773677468593,0.00866982141442878,0.00312574966361418,0.00103624185923453
"final_sa_entropy","10m","708_d","sa_entropy","Spectral angle entropy","final_70_iteration_bootstrap",70,3.03505547849581,0.0804587373994973,0.0265098078007368,0.00961665848108023
"final_sa_entropy","10m","709_a","sa_entropy","Spectral angle entropy","final_70_iteration_bootstrap",70,2.88636549658462,0.0109270406565334,0.00378574392933368,0.00130603116080488
"final_sa_entropy","10m","709_b","sa_entropy","Spectral angle entropy","final_70_iteration_bootstrap",70,2.79857855669973,0.141152281129936,0.0504371338056673,0.0168709244679311
"final_sa_entropy","10m","709_c","sa_entropy","Spectral angle entropy","final_70_iteration_bootstrap",70,2.7848426649863,0.160894432352111,0.0577750529231075,0.019230562862986
"final_sa_entropy","10m","709_d","sa_entropy","Spectral angle entropy","final_70_iteration_bootstrap",70,2.78544317863447,0.00792154392038959,0.00284390792142205,0.000946805592374857
"final_sa_entropy","10m","710_a","sa_entropy","Spectral angle entropy","final_70_iteration_bootstrap",70,2.71195495783559,0.0813062036033104,0.0299806615033905,0.00971795006630437
"final_sa_entropy","10m","710_b","sa_entropy","Spectral angle entropy","final_70_iteration_bootstrap",70,2.9923359175518,0.340731324739462,0.113868006175668,0.0407251827425013
"final_sa_entropy","10m","710_c","sa_entropy","Spectral angle entropy","final_70_iteration_bootstrap",70,3.0322335858841,0.337156653127788,0.111190857688981,0.0402979277645765
"final_sa_entropy","10m","710_d","sa_entropy","Spectral angle entropy","final_70_iteration_bootstrap",70,2.75943790389188,0.176902735833584,0.064108250301296,0.0211439210937824
"final_sa_entropy","10m","711_a","sa_entropy","Spectral angle entropy","final_70_iteration_bootstrap",70,2.75562120535036,0.00881388231659558,0.00319851012159524,0.00105346043041015
"final_sa_entropy","10m","711_b","sa_entropy","Spectral angle entropy","final_70_iteration_bootstrap",70,2.73692337697492,0.01037728977268,0.00379158943943469,0.00124032336236603
"final_sa_entropy","10m","711_c","sa_entropy","Spectral angle entropy","final_70_iteration_bootstrap",70,2.91468032890658,0.333964964814606,0.11458030628693,0.0399164480461771
"final_sa_entropy","10m","711_d","sa_entropy","Spectral angle entropy","final_70_iteration_bootstrap",70,2.71685441822832,0.230686224054444,0.084909306331134,0.0275722774769195
"final_sa_entropy","10m","712_a","sa_entropy","Spectral angle entropy","final_70_iteration_bootstrap",70,2.85548124830405,0.0126092065255466,0.00441579034463475,0.00150708843803392
"final_sa_entropy","10m","712_b","sa_entropy","Spectral angle entropy","final_70_iteration_bootstrap",70,2.8838024559652,0.0826607138991183,0.028663792045857,0.00987984501202314
"final_sa_entropy","10m","712_c","sa_entropy","Spectral angle entropy","final_70_iteration_bootstrap",70,3.20195623388369,0.24192261437047,0.0755546287017918,0.0289152829940558
"final_sa_entropy","10m","712_d","sa_entropy","Spectral angle entropy","final_70_iteration_bootstrap",70,3.01145984779936,0.291622755598539,0.0968376702122205,0.0348555860624306
"final_sa_entropy","10m","713_a","sa_entropy","Spectral angle entropy","final_70_iteration_bootstrap",70,2.72083964755455,0.331955558541998,0.122004822607005,0.0396762780596974
"final_sa_entropy","10m","713_b","sa_entropy","Spectral angle entropy","final_70_iteration_bootstrap",70,2.89162434912788,0.219933870201745,0.0760589356179956,0.0262871253826763
"final_sa_entropy","10m","713_c","sa_entropy","Spectral angle entropy","final_70_iteration_bootstrap",70,2.79328524105624,0.081996181495272,0.029354746980393,0.00980041819793245
"final_sa_entropy","10m","713_d","sa_entropy","Spectral angle entropy","final_70_iteration_bootstrap",70,2.97995840458644,0.345593308620671,0.115972527699974,0.0413063009657956
"final_sa_entropy","10m","714_a","sa_entropy","Spectral angle entropy","final_70_iteration_bootstrap",70,3.01066140875047,0.00835959085428804,0.00277666257321097,0.000999162215137521
"final_sa_entropy","10m","714_b","sa_entropy","Spectral angle entropy","final_70_iteration_bootstrap",70,2.85246021896537,0.00724387827849503,0.00253951947526984,0.000865809056099324
"final_sa_entropy","10m","714_c","sa_entropy","Spectral angle entropy","final_70_iteration_bootstrap",70,2.98550052576616,0.00883287758966973,0.00295859187209588,0.00105573079979219
"final_sa_entropy","10m","714_d","sa_entropy","Spectral angle entropy","final_70_iteration_bootstrap",70,3.13069619601274,0.00650637863358018,0.00207825295915544,0.000777660988601705
"final_sa_entropy","10m","715_a","sa_entropy","Spectral angle entropy","final_70_iteration_bootstrap",70,2.93074113461892,0.00684499207001571,0.00233558398903278,0.000818133035274983
"final_sa_entropy","10m","715_b","sa_entropy","Spectral angle entropy","final_70_iteration_bootstrap",70,2.8815403798581,0.00790973231510466,0.00274496667490538,0.000945393835518986
"final_sa_entropy","10m","715_c","sa_entropy","Spectral angle entropy","final_70_iteration_bootstrap",70,2.91200538747473,0.00852271160580247,0.00292674994437195,0.00101865887403614
"final_sa_entropy","10m","715_d","sa_entropy","Spectral angle entropy","final_70_iteration_bootstrap",70,2.84774605812841,0.00735705517179104,0.00258346601895614,0.000879336282177621
"final_sa_entropy","10m","716_a","sa_entropy","Spectral angle entropy","final_70_iteration_bootstrap",70,2.81457026339499,0.206021396074052,0.0731981712282943,0.0246242666722719
"final_sa_entropy","10m","716_b","sa_entropy","Spectral angle entropy","final_70_iteration_bootstrap",70,2.80316049836558,0.00891861078420798,0.00318162687773608,0.00106597787648036
"final_sa_entropy","10m","716_c","sa_entropy","Spectral angle entropy","final_70_iteration_bootstrap",70,2.91374740363383,0.114020937940356,0.0391320599027071,0.0136281087089455
"final_sa_entropy","10m","716_d","sa_entropy","Spectral angle entropy","final_70_iteration_bootstrap",70,2.90337765871556,0.00964229259717915,0.00332106040984171,0.00115247439717218
"final_sa_entropy","10m","717_a","sa_entropy","Spectral angle entropy","final_70_iteration_bootstrap",70,3.03265188867911,0.00767624848800919,0.00253120000902993,0.000917487180522846
"final_sa_entropy","10m","717_b","sa_entropy","Spectral angle entropy","final_70_iteration_bootstrap",70,2.84433684902628,0.0106688537361112,0.00375091077548132,0.00127517192142042
"final_sa_entropy","10m","717_c","sa_entropy","Spectral angle entropy","final_70_iteration_bootstrap",70,2.76814253400908,0.0822037575022391,0.0296963601015096,0.0098252282761463
"final_sa_entropy","10m","717_d","sa_entropy","Spectral angle entropy","final_70_iteration_bootstrap",70,2.87728700729744,0.00701877506964334,0.00243937259364191,0.000838904076572072
"final_sa_entropy","10m","718_a","sa_entropy","Spectral angle entropy","final_70_iteration_bootstrap",70,2.73183772892363,0.00872001638978081,0.00319199647089455,0.00104224130629308
"final_sa_entropy","10m","718_b","sa_entropy","Spectral angle entropy","final_70_iteration_bootstrap",70,2.80843579784856,0.24280955694376,0.0864572218919042,0.0290212929078991
"final_sa_entropy","10m","718_c","sa_entropy","Spectral angle entropy","final_70_iteration_bootstrap",70,2.71558745207527,0.11576747252182,0.0426307289177337,0.0138368595188413
"final_sa_entropy","10m","718_d","sa_entropy","Spectral angle entropy","final_70_iteration_bootstrap",70,2.79762568524744,0.00901708226326823,0.00322311962991243,0.00107774746937799
"final_sa_entropy","10m","719_a","sa_entropy","Spectral angle entropy","final_70_iteration_bootstrap",70,2.73485888771397,0.207816831461257,0.0759881368632397,0.0248388622463718
"final_sa_entropy","10m","719_b","sa_entropy","Spectral angle entropy","final_70_iteration_bootstrap",70,3.07439337291444,0.328243134652431,0.10676679749061,0.0392325585354187
"final_sa_entropy","10m","719_c","sa_entropy","Spectral angle entropy","final_70_iteration_bootstrap",70,3.02149575532033,0.343734822124357,0.113763132554166,0.04108416934275
"final_sa_entropy","10m","719_d","sa_entropy","Spectral angle entropy","final_70_iteration_bootstrap",70,2.79540839860856,0.289381992031763,0.10352047027397,0.0345877635902541
"final_sa_entropy","10m","720_a","sa_entropy","Spectral angle entropy","final_70_iteration_bootstrap",70,2.90204459488062,0.344102355319302,0.118572387180514,0.0411280979616979
"final_sa_entropy","10m","720_b","sa_entropy","Spectral angle entropy","final_70_iteration_bootstrap",70,2.67447120748628,0.0104108279359267,0.00389266779421108,0.00124433193958773
"final_sa_entropy","10m","720_c","sa_entropy","Spectral angle entropy","final_70_iteration_bootstrap",70,2.78317952256703,0.0115798236090343,0.00416064559082189,0.00138405364685636
"final_sa_entropy","10m","720_d","sa_entropy","Spectral angle entropy","final_70_iteration_bootstrap",70,2.7458665756721,0.284339030336795,0.103551655734474,0.0339850143808937
"final_sa_entropy","10m","721_a","sa_entropy","Spectral angle entropy","final_70_iteration_bootstrap",70,2.76890606047432,0.00960973033540532,0.00347058734587737,0.0011485824624865
"final_sa_entropy","10m","721_b","sa_entropy","Spectral angle entropy","final_70_iteration_bootstrap",70,2.77936476869656,0.0116525254018248,0.00419251389132687,0.00139274317312568
"final_sa_entropy","10m","721_c","sa_entropy","Spectral angle entropy","final_70_iteration_bootstrap",70,2.77527319694511,0.0112610155724935,0.00405762415926801,0.00134594879824044
"final_sa_entropy","10m","721_d","sa_entropy","Spectral angle entropy","final_70_iteration_bootstrap",70,2.91974109058879,0.00978792713238923,0.00335232708267821,0.0011698810534712
"final_sa_entropy","10m","722_a","sa_entropy","Spectral angle entropy","final_70_iteration_bootstrap",70,2.7727035242196,0.00963633365591055,0.0034754287906143,0.00115176216746362
"final_sa_entropy","10m","722_b","sa_entropy","Spectral angle entropy","final_70_iteration_bootstrap",70,2.85645557374653,0.0103451691779789,0.00362168040457573,0.00123648421699248
"final_sa_entropy","10m","722_c","sa_entropy","Spectral angle entropy","final_70_iteration_bootstrap",70,2.77459568645127,0.1770151271598,0.0637985303675736,0.0211573544266359
"final_sa_entropy","10m","722_d","sa_entropy","Spectral angle entropy","final_70_iteration_bootstrap",70,2.79091620027897,0.0133315650558692,0.00477677009955964,0.00159342679619775
"final_sa_entropy","10m","723_a","sa_entropy","Spectral angle entropy","final_70_iteration_bootstrap",70,2.72594055333161,0.0112254615214285,0.0041180140585637,0.00134169927633937
"final_sa_entropy","10m","723_b","sa_entropy","Spectral angle entropy","final_70_iteration_bootstrap",70,2.74471703824179,0.0140501602392491,0.00511898313869518,0.00167931534836831
"final_sa_entropy","10m","723_c","sa_entropy","Spectral angle entropy","final_70_iteration_bootstrap",70,2.66404261234953,0.0819911897301064,0.0307769813253081,0.00979982156787875
"final_sa_entropy","10m","723_d","sa_entropy","Spectral angle entropy","final_70_iteration_bootstrap",70,2.70425300182571,0.0112775402639553,0.00417029777034233,0.00134792387663999
"final_sa_entropy","10m","724_a","sa_entropy","Spectral angle entropy","final_70_iteration_bootstrap",70,2.79099110039872,0.252269474055506,0.0903870578517669,0.0301519692652881
"final_sa_entropy","10m","724_b","sa_entropy","Spectral angle entropy","final_70_iteration_bootstrap",70,2.58646156288983,0.0116597682782931,0.0045079998270942,0.00139360886244255
"final_sa_entropy","10m","724_c","sa_entropy","Spectral angle entropy","final_70_iteration_bootstrap",70,2.78237451930544,0.269020652830564,0.0966874340474192,0.0321541180764906
"final_sa_entropy","10m","724_d","sa_entropy","Spectral angle entropy","final_70_iteration_bootstrap",70,2.87873128136973,0.32736099977834,0.113717109303296,0.0391271232515382
"final_sa_entropy","10m","8_a","sa_entropy","Spectral angle entropy","final_70_iteration_bootstrap",70,2.74060738825463,0.138480480504299,0.0505291203321507,0.0165515832133112
"final_sa_entropy","10m","8_b","sa_entropy","Spectral angle entropy","final_70_iteration_bootstrap",70,2.77316848702625,0.0815460487846449,0.0294053712084725,0.00974661704855857
"final_sa_entropy","10m","8_c","sa_entropy","Spectral angle entropy","final_70_iteration_bootstrap",70,2.83893043979041,0.0123498680542776,0.00435018339342947,0.00147609156199775
"final_sa_entropy","10m","8_d","sa_entropy","Spectral angle entropy","final_70_iteration_bootstrap",70,2.89513761369376,0.00775154426066861,0.00267743551256578,0.000926486746687294
"final_sa_entropy","10m","800_a","sa_entropy","Spectral angle entropy","final_70_iteration_bootstrap",70,2.85455482195701,0.346939047981437,0.121538758097343,0.0414671475842651
"final_sa_entropy","10m","800_b","sa_entropy","Spectral angle entropy","final_70_iteration_bootstrap",70,2.85006548932428,0.00931946531702179,0.00326991269215759,0.00111388915706041
"final_sa_entropy","10m","800_c","sa_entropy","Spectral angle entropy","final_70_iteration_bootstrap",70,2.84567109378337,0.00832041666839577,0.00292388557713942,0.000994480004364938
"final_sa_entropy","10m","800_d","sa_entropy","Spectral angle entropy","final_70_iteration_bootstrap",70,3.00605234012424,0.31661412767106,0.105325553865098,0.0378426263511903
"final_sa_entropy","10m","801_a","sa_entropy","Spectral angle entropy","final_70_iteration_bootstrap",70,2.99755839091314,0.310825499424266,0.103692892310791,0.0371507529422534
"final_sa_entropy","10m","801_b","sa_entropy","Spectral angle entropy","final_70_iteration_bootstrap",70,2.94007401606151,0.00712602154149682,0.00242375583150888,0.000851722481713018
"final_sa_entropy","10m","801_c","sa_entropy","Spectral angle entropy","final_70_iteration_bootstrap",70,2.85335837656224,0.325164846943509,0.113958642424465,0.0388646327816721
"final_sa_entropy","10m","801_d","sa_entropy","Spectral angle entropy","final_70_iteration_bootstrap",70,3.15426237748168,0.341863964973588,0.108381587852095,0.0408605591436923
"final_sa_entropy","10m","802_a","sa_entropy","Spectral angle entropy","final_70_iteration_bootstrap",70,2.83250735538839,0.00846382418541533,0.00298810316213805,0.00101162048107848
"final_sa_entropy","10m","802_b","sa_entropy","Spectral angle entropy","final_70_iteration_bootstrap",70,2.711255437271,0.00881726757928682,0.00325209770281247,0.00105386504669202
"final_sa_entropy","10m","802_c","sa_entropy","Spectral angle entropy","final_70_iteration_bootstrap",70,3.18996850726388,0.0115607537367051,0.00362409651079003,0.00138177436115794
"final_sa_entropy","10m","802_d","sa_entropy","Spectral angle entropy","final_70_iteration_bootstrap",70,3.00117939870256,0.00800364130972567,0.00266683201716822,0.000956618107223472
"final_sa_entropy","10m","803_a","sa_entropy","Spectral angle entropy","final_70_iteration_bootstrap",70,2.85785812454564,0.00996897297183126,0.0034882672747851,0.0011915201701614
"final_sa_entropy","10m","803_b","sa_entropy","Spectral angle entropy","final_70_iteration_bootstrap",70,3.03205674073088,0.011472420819551,0.00378370914549099,0.00137121655818509
"final_sa_entropy","10m","803_c","sa_entropy","Spectral angle entropy","final_70_iteration_bootstrap",70,2.90834610773169,0.0136573452448525,0.00469591470167361,0.00163236497642047
"final_sa_entropy","10m","803_d","sa_entropy","Spectral angle entropy","final_70_iteration_bootstrap",70,2.85085739911816,0.0106778007827248,0.0037454699719557,0.00127624129802859
"final_sa_entropy","10m","804_a","sa_entropy","Spectral angle entropy","final_70_iteration_bootstrap",70,3.3924161354981,0.207321971062072,0.0611133666334927,0.0247797151156986
"final_sa_entropy","10m","804_b","sa_entropy","Spectral angle entropy","final_70_iteration_bootstrap",70,2.81135880218214,0.1599389545264,0.0568902675824436,0.0191163614196986
"final_sa_entropy","10m","804_c","sa_entropy","Spectral angle entropy","final_70_iteration_bootstrap",70,2.86005992320586,0.00827715221646971,0.00289404853000136,0.000989308913294018
"final_sa_entropy","10m","804_d","sa_entropy","Spectral angle entropy","final_70_iteration_bootstrap",70,2.29882369908563,0.156098437475764,0.0679036141561674,0.0186573318343429
"final_sa_entropy","10m","805_a","sa_entropy","Spectral angle entropy","final_70_iteration_bootstrap",70,2.85886075568474,0.00972621077095917,0.00340212819096521,0.00116250453738667
"final_sa_entropy","10m","805_b","sa_entropy","Spectral angle entropy","final_70_iteration_bootstrap",70,2.79873622286048,0.0827997165813077,0.0295846803657264,0.00989645901027583
"final_sa_entropy","10m","805_c","sa_entropy","Spectral angle entropy","final_70_iteration_bootstrap",70,2.79473896566085,0.00997765196665063,0.00357015524141851,0.00119255750845224
"final_sa_entropy","10m","805_d","sa_entropy","Spectral angle entropy","final_70_iteration_bootstrap",70,2.89479404721999,0.00966966960240968,0.00334036530567552,0.00115574657516112
"final_sa_entropy","10m","806_a","sa_entropy","Spectral angle entropy","final_70_iteration_bootstrap",70,2.86230460796141,0.00811744382045214,0.00283598181614693,0.000970220108886908
"final_sa_entropy","10m","806_b","sa_entropy","Spectral angle entropy","final_70_iteration_bootstrap",70,2.94135138177261,0.00669500511396548,0.00227616637558302,0.000800206165185161
"final_sa_entropy","10m","806_c","sa_entropy","Spectral angle entropy","final_70_iteration_bootstrap",70,2.80312342565449,0.11585129620778,0.0413293596519856,0.0138468783656012
"final_sa_entropy","10m","806_d","sa_entropy","Spectral angle entropy","final_70_iteration_bootstrap",70,2.80865393052107,0.00956962578008851,0.00340719291760987,0.00114378905129858
"final_sa_entropy","10m","807_a","sa_entropy","Spectral angle entropy","final_70_iteration_bootstrap",70,2.84847023248138,0.297249937309248,0.104354236853058,0.0355281629194868
"final_sa_entropy","10m","807_b","sa_entropy","Spectral angle entropy","final_70_iteration_bootstrap",70,2.76589653681663,0.00912218765850871,0.00329809432026252,0.00109030996691667
"final_sa_entropy","10m","807_c","sa_entropy","Spectral angle entropy","final_70_iteration_bootstrap",70,2.89045261996482,0.00858981529324112,0.0029717889973044,0.00102667929873799
"final_sa_entropy","10m","807_d","sa_entropy","Spectral angle entropy","final_70_iteration_bootstrap",70,2.83168862735412,0.00821943961928491,0.00290266364030463,0.000982410938566592
"final_sa_entropy","10m","808_a","sa_entropy","Spectral angle entropy","final_70_iteration_bootstrap",70,2.95765052066209,0.00949459514521254,0.00321018155420442,0.00113482117516055
"final_sa_entropy","10m","808_b","sa_entropy","Spectral angle entropy","final_70_iteration_bootstrap",70,2.97386958888597,0.00757000922162677,0.00254550813186887,0.00090478915946135
"final_sa_entropy","10m","808_c","sa_entropy","Spectral angle entropy","final_70_iteration_bootstrap",70,2.98651779646598,0.00890175152795187,0.00298064573346442,0.00106396280993942
"final_sa_entropy","10m","808_d","sa_entropy","Spectral angle entropy","final_70_iteration_bootstrap",70,3.0268377477184,0.113744501282516,0.0375786582443196,0.0135950682087336
"final_sa_entropy","10m","809_a","sa_entropy","Spectral angle entropy","final_70_iteration_bootstrap",70,2.79535308957542,0.00818248201652066,0.00292717297397427,0.000977993660150967
"final_sa_entropy","10m","809_b","sa_entropy","Spectral angle entropy","final_70_iteration_bootstrap",70,2.90281159416626,0.00832678516043299,0.00286852414988531,0.000995241184753059
"final_sa_entropy","10m","809_c","sa_entropy","Spectral angle entropy","final_70_iteration_bootstrap",70,2.71653909228462,0.113752929719704,0.0418742104771396,0.0135960755996595
"final_sa_entropy","10m","809_d","sa_entropy","Spectral angle entropy","final_70_iteration_bootstrap",70,2.8634290397669,0.00884611341003871,0.0030893426333201,0.00105731278290949
"final_sa_entropy","10m","810_a","sa_entropy","Spectral angle entropy","final_70_iteration_bootstrap",70,2.90100262145047,0.00916289663919477,0.00315852752818728,0.00109517562075396
"final_sa_entropy","10m","810_b","sa_entropy","Spectral angle entropy","final_70_iteration_bootstrap",70,2.86015964495084,0.303025198933881,0.105946952810423,0.0362184387115021
"final_sa_entropy","10m","810_c","sa_entropy","Spectral angle entropy","final_70_iteration_bootstrap",70,2.79967908925381,0.0825883652121452,0.0294992256538078,0.00987119768997133
"final_sa_entropy","10m","810_d","sa_entropy","Spectral angle entropy","final_70_iteration_bootstrap",70,2.90507287575883,0.00676990221431145,0.00233037259436843,0.000809158080894131
"final_sa_entropy","10m","811_a","sa_entropy","Spectral angle entropy","final_70_iteration_bootstrap",70,2.83027305192285,0.00911572623173775,0.00322079391793829,0.0010895376787033
"final_sa_entropy","10m","811_b","sa_entropy","Spectral angle entropy","final_70_iteration_bootstrap",70,2.79761155504886,0.00614819452898709,0.0021976583982474,0.000734849799679857
"final_sa_entropy","10m","811_c","sa_entropy","Spectral angle entropy","final_70_iteration_bootstrap",70,2.94009115439773,0.0129124154602822,0.0043918418791091,0.0015433288373741
"final_sa_entropy","10m","811_d","sa_entropy","Spectral angle entropy","final_70_iteration_bootstrap",70,2.87635650836106,0.0104771039713937,0.00364249144392867,0.00125225344095807
"final_sa_entropy","10m","812_a","sa_entropy","Spectral angle entropy","final_70_iteration_bootstrap",70,2.92719370801829,0.00730328680399751,0.00249497899096737,0.000872909733031217
"final_sa_entropy","10m","812_b","sa_entropy","Spectral angle entropy","final_70_iteration_bootstrap",70,3.20596762458806,0.3365870746758,0.104987671146258,0.0402298501184688
"final_sa_entropy","10m","812_c","sa_entropy","Spectral angle entropy","final_70_iteration_bootstrap",70,3.20730590175299,0.0814800314219082,0.0254045089298699,0.009738726464493
"final_sa_entropy","10m","812_d","sa_entropy","Spectral angle entropy","final_70_iteration_bootstrap",70,2.85671656802723,0.00976696065039106,0.00341894633850073,0.00116737507955907
"final_sa_entropy","10m","813_a","sa_entropy","Spectral angle entropy","final_70_iteration_bootstrap",70,2.78650923013721,0.0822098167970542,0.0295027972302845,0.00982595250039784
"final_sa_entropy","10m","813_b","sa_entropy","Spectral angle entropy","final_70_iteration_bootstrap",70,2.81290034787344,0.00885608539681798,0.00314838220398145,0.00105850466329854
"final_sa_entropy","10m","813_c","sa_entropy","Spectral angle entropy","final_70_iteration_bootstrap",70,2.90213878766911,0.00788292380332203,0.00271624632040885,0.000942189605493358
"final_sa_entropy","10m","813_d","sa_entropy","Spectral angle entropy","final_70_iteration_bootstrap",70,2.82566387704205,0.0808222145620793,0.0286029117683612,0.009660102311436
"final_sa_entropy","10m","814_a","sa_entropy","Spectral angle entropy","final_70_iteration_bootstrap",70,2.89696928678525,0.00835409007083838,0.00288373442857893,0.000998504745762242
"final_sa_entropy","10m","814_b","sa_entropy","Spectral angle entropy","final_70_iteration_bootstrap",70,3.02648835528287,0.00802822521403389,0.0026526535943944,0.000959556445799304
"final_sa_entropy","10m","814_c","sa_entropy","Spectral angle entropy","final_70_iteration_bootstrap",70,3.02107794126157,0.00749708720914199,0.00248159344277337,0.000896073311904145
"final_sa_entropy","10m","814_d","sa_entropy","Spectral angle entropy","final_70_iteration_bootstrap",70,2.99525583713889,0.00741352521153762,0.0024750891458471,0.000886085742885158
"final_sa_entropy","10m","815_a","sa_entropy","Spectral angle entropy","final_70_iteration_bootstrap",70,2.98722135696421,0.00865560942330229,0.00289754537377124,0.00103454320139553
"final_sa_entropy","10m","815_b","sa_entropy","Spectral angle entropy","final_70_iteration_bootstrap",70,2.99172565927585,0.007529010115344,0.00251661113778942,0.000899888828982719
"final_sa_entropy","10m","815_c","sa_entropy","Spectral angle entropy","final_70_iteration_bootstrap",70,2.84828399756772,0.00776708555766888,0.0027269350824221,0.000928344286967383
"final_sa_entropy","10m","815_d","sa_entropy","Spectral angle entropy","final_70_iteration_bootstrap",70,2.91682323892865,0.00970832826687366,0.00332839101708458,0.00116036716933772
"final_sa_entropy","10m","816_a","sa_entropy","Spectral angle entropy","final_70_iteration_bootstrap",70,2.80614257837755,0.00780848102314706,0.00278263873094494,0.000933291991431006
"final_sa_entropy","10m","816_b","sa_entropy","Spectral angle entropy","final_70_iteration_bootstrap",70,2.80373305978497,0.205943446747924,0.0734533004235855,0.0246149499458053
"final_sa_entropy","10m","816_c","sa_entropy","Spectral angle entropy","final_70_iteration_bootstrap",70,2.87532274668948,0.00751333561172549,0.00261304078659553,0.000898015367466523
"final_sa_entropy","10m","816_d","sa_entropy","Spectral angle entropy","final_70_iteration_bootstrap",70,2.88368307716032,0.00812529831563969,0.002817680756944,0.000971158900622912
"final_sa_entropy","10m","817_a","sa_entropy","Spectral angle entropy","final_70_iteration_bootstrap",70,3.0601316436576,0.00777581559922243,0.00254100689273892,0.000929387726509931
"final_sa_entropy","10m","817_b","sa_entropy","Spectral angle entropy","final_70_iteration_bootstrap",70,2.99294260509429,0.00681559873487538,0.00227722333307513,0.000814619859766635
"final_sa_entropy","10m","817_c","sa_entropy","Spectral angle entropy","final_70_iteration_bootstrap",70,2.99068241604828,0.00738352529159726,0.00246884298111246,0.000882500066626112
"final_sa_entropy","10m","817_d","sa_entropy","Spectral angle entropy","final_70_iteration_bootstrap",70,3.05320363585462,0.00679281269766457,0.00222481482004498,0.000811896407409863
"final_sa_entropy","10m","818_a","sa_entropy","Spectral angle entropy","final_70_iteration_bootstrap",70,2.90409538768107,0.00938722911849548,0.00323241073909464,0.00112198848048027
"final_sa_entropy","10m","818_b","sa_entropy","Spectral angle entropy","final_70_iteration_bootstrap",70,2.76365391873809,0.010051531649725,0.00363704427011419,0.00120138781953815
"final_sa_entropy","10m","818_c","sa_entropy","Spectral angle entropy","final_70_iteration_bootstrap",70,2.76906705915318,0.00988927926887797,0.00357133975365055,0.00118199495078605
"final_sa_entropy","10m","818_d","sa_entropy","Spectral angle entropy","final_70_iteration_bootstrap",70,2.89744257480546,0.00930071732406429,0.00320997468765667,0.00111164834330537
"final_sa_entropy","10m","819_a","sa_entropy","Spectral angle entropy","final_70_iteration_bootstrap",70,2.67031141460263,0.159732054624886,0.0598177627341102,0.0190916321515428
"final_sa_entropy","10m","819_b","sa_entropy","Spectral angle entropy","final_70_iteration_bootstrap",70,2.9045950665722,0.00814686034075857,0.00280481793641994,0.000973736055552639
"final_sa_entropy","10m","819_c","sa_entropy","Spectral angle entropy","final_70_iteration_bootstrap",70,3.11933796725208,0.29143478899178,0.0934284107882398,0.0348331197558308
"final_sa_entropy","10m","819_d","sa_entropy","Spectral angle entropy","final_70_iteration_bootstrap",70,2.67379131746565,0.0813061946453486,0.0304085790518666,0.00971794899562315
"final_sa_entropy","10m","820_a","sa_entropy","Spectral angle entropy","final_70_iteration_bootstrap",70,2.69508185726742,0.220860802490768,0.081949571177293,0.0263979149817519
"final_sa_entropy","10m","820_b","sa_entropy","Spectral angle entropy","final_70_iteration_bootstrap",70,2.8044651766266,0.288697803070648,0.102942195708742,0.0345059873682025
"final_sa_entropy","10m","820_c","sa_entropy","Spectral angle entropy","final_70_iteration_bootstrap",70,2.63309808465829,0.00992145054145632,0.0037679760580373,0.00118584015332448
"final_sa_entropy","10m","820_d","sa_entropy","Spectral angle entropy","final_70_iteration_bootstrap",70,2.86934080198595,0.328698825715024,0.114555519333055,0.0392870240349216
"final_sa_entropy","10m","821_a","sa_entropy","Spectral angle entropy","final_70_iteration_bootstrap",70,2.75638454281741,0.0101432248070253,0.00367990193293475,0.0012123472480267
"final_sa_entropy","10m","821_b","sa_entropy","Spectral angle entropy","final_70_iteration_bootstrap",70,2.68986695168315,0.0835568387741258,0.0310635582632967,0.00998695242083765
"final_sa_entropy","10m","821_c","sa_entropy","Spectral angle entropy","final_70_iteration_bootstrap",70,2.84432826831718,0.010516818057351,0.00369746986467676,0.00125700018213105
"final_sa_entropy","10m","821_d","sa_entropy","Spectral angle entropy","final_70_iteration_bootstrap",70,2.8616848780616,0.0101542498308255,0.00354834660820642,0.00121366499041316
"final_sa_entropy","10m","822_a","sa_entropy","Spectral angle entropy","final_70_iteration_bootstrap",70,2.81781972159668,0.0112836718089247,0.00400439805373032,0.00134865673643668
"final_sa_entropy","10m","822_b","sa_entropy","Spectral angle entropy","final_70_iteration_bootstrap",70,2.83418208595022,0.0822475139778755,0.0290198411688501,0.00983045817529872
"final_sa_entropy","10m","822_c","sa_entropy","Spectral angle entropy","final_70_iteration_bootstrap",70,2.73882668663113,0.114242145748433,0.0417120755782309,0.0136545480990277
"final_sa_entropy","10m","822_d","sa_entropy","Spectral angle entropy","final_70_iteration_bootstrap",70,2.86565385129138,0.010509167634789,0.00366728438958289,0.00125608578173909
"final_sa_entropy","10m","823_a","sa_entropy","Spectral angle entropy","final_70_iteration_bootstrap",70,2.79488637311047,0.00934812972782239,0.00334472621776702,0.00111731520944627
"final_sa_entropy","10m","823_b","sa_entropy","Spectral angle entropy","final_70_iteration_bootstrap",70,2.71040651735846,0.0115806745522915,0.00427267071493686,0.00138415535402896
"final_sa_entropy","10m","823_c","sa_entropy","Spectral angle entropy","final_70_iteration_bootstrap",70,2.68375098954151,0.160712081376096,0.05988338038901,0.0192087677526387
"final_sa_entropy","10m","823_d","sa_entropy","Spectral angle entropy","final_70_iteration_bootstrap",70,2.69901648077516,0.00931612670764739,0.00345167462814892,0.00111349011691644
"final_sa_entropy","10m","824_a","sa_entropy","Spectral angle entropy","final_70_iteration_bootstrap",70,2.84014200866715,0.0102918753771683,0.00362371858370497,0.00123011438944958
"final_sa_entropy","10m","824_b","sa_entropy","Spectral angle entropy","final_70_iteration_bootstrap",70,2.64808698823559,0.159999383947954,0.0604207432228507,0.0191235841170473
"final_sa_entropy","10m","824_c","sa_entropy","Spectral angle entropy","final_70_iteration_bootstrap",70,2.80466914181311,0.0124408268203766,0.00443575558874444,0.00148696321394887
"final_sa_entropy","10m","824_d","sa_entropy","Spectral angle entropy","final_70_iteration_bootstrap",70,2.73978562256685,0.115968770265679,0.0423276804252409,0.0138609192010867
"final_sa_entropy","10m","9_a","sa_entropy","Spectral angle entropy","final_70_iteration_bootstrap",70,2.93963221118558,0.0123986282631067,0.00421774813050721,0.00148191952165671
"final_sa_entropy","10m","9_b","sa_entropy","Spectral angle entropy","final_70_iteration_bootstrap",70,2.93151658285243,0.00935480726174838,0.00319111524610445,0.00111811332740508
"final_sa_entropy","10m","9_c","sa_entropy","Spectral angle entropy","final_70_iteration_bootstrap",70,2.81977898647868,0.0119499241685135,0.00423789390083954,0.00142828912455839
"final_sa_entropy","10m","9_d","sa_entropy","Spectral angle entropy","final_70_iteration_bootstrap",70,2.8128574698224,0.0110970628710056,0.00394512092776114,0.00132635270230084
"final_sa_entropy","10m","900_a","sa_entropy","Spectral angle entropy","final_70_iteration_bootstrap",70,2.90815029711118,0.0077889865524784,0.00267833012627154,0.000930961956524305
"final_sa_entropy","10m","900_b","sa_entropy","Spectral angle entropy","final_70_iteration_bootstrap",70,3.03261135870161,0.290934899262594,0.0959354380929166,0.0347733715052472
"final_sa_entropy","10m","900_c","sa_entropy","Spectral angle entropy","final_70_iteration_bootstrap",70,3.09586306157801,0.0078134070301715,0.00252382191161546,0.000933880761883546
"final_sa_entropy","10m","900_d","sa_entropy","Spectral angle entropy","final_70_iteration_bootstrap",70,2.97675120579494,0.00769065443189751,0.00258357313064184,0.000919209020150825
"final_sa_entropy","10m","901_a","sa_entropy","Spectral angle entropy","final_70_iteration_bootstrap",70,3.04711314612215,0.176777985525694,0.0580149069130129,0.0211290105800811
"final_sa_entropy","10m","901_b","sa_entropy","Spectral angle entropy","final_70_iteration_bootstrap",70,2.92367456044219,0.138346565824127,0.0473194136228361,0.016535577347616
"final_sa_entropy","10m","901_c","sa_entropy","Spectral angle entropy","final_70_iteration_bootstrap",70,2.9433983628028,0.0100218200891125,0.00340484666151999,0.00119783660881094
"final_sa_entropy","10m","901_d","sa_entropy","Spectral angle entropy","final_70_iteration_bootstrap",70,2.89473795012806,0.00620907589067457,0.00214495266847898,0.000742126514206268
"final_sa_entropy","10m","902_a","sa_entropy","Spectral angle entropy","final_70_iteration_bootstrap",70,2.85795513165807,0.00925002490239234,0.00323658856639427,0.00110558944003949
"final_sa_entropy","10m","902_b","sa_entropy","Spectral angle entropy","final_70_iteration_bootstrap",70,2.88573997153073,0.00910671270993347,0.00315576344361437,0.00108846035679016
"final_sa_entropy","10m","902_c","sa_entropy","Spectral angle entropy","final_70_iteration_bootstrap",70,2.77502960705403,0.00866257161651854,0.0031216141242236,0.0010353753426471
"final_sa_entropy","10m","902_d","sa_entropy","Spectral angle entropy","final_70_iteration_bootstrap",70,2.86881453296927,0.00978129426066202,0.00340952478741741,0.00116908827366616
"final_sa_entropy","10m","903_a","sa_entropy","Spectral angle entropy","final_70_iteration_bootstrap",70,2.85346629204337,0.00758510806063581,0.00265820839790054,0.000906593815896484
"final_sa_entropy","10m","903_b","sa_entropy","Spectral angle entropy","final_70_iteration_bootstrap",70,2.81912441663264,0.00734644694682313,0.00260593214810939,0.000878068356780031
"final_sa_entropy","10m","903_c","sa_entropy","Spectral angle entropy","final_70_iteration_bootstrap",70,2.82781214585096,0.0096444179058437,0.00341055820132687,0.00115272842014413
"final_sa_entropy","10m","903_d","sa_entropy","Spectral angle entropy","final_70_iteration_bootstrap",70,2.82035832034156,0.00879467919520785,0.00311828434414772,0.00105116521840304
"final_sa_entropy","10m","904_a","sa_entropy","Spectral angle entropy","final_70_iteration_bootstrap",70,2.78379687102427,0.00890694737550477,0.00319956799586011,0.00106458383250392
"final_sa_entropy","10m","904_b","sa_entropy","Spectral angle entropy","final_70_iteration_bootstrap",70,3.00319760609871,0.0110913069081559,0.00369316587281248,0.00132566473315361
"final_sa_entropy","10m","904_c","sa_entropy","Spectral angle entropy","final_70_iteration_bootstrap",70,2.73478462954801,0.0101954794644564,0.00372807399686952,0.00121859287417996
"final_sa_entropy","10m","904_d","sa_entropy","Spectral angle entropy","final_70_iteration_bootstrap",70,2.77727122422696,0.00956746997129658,0.00344491740231805,0.00114353138286414
"final_sa_entropy","10m","905_a","sa_entropy","Spectral angle entropy","final_70_iteration_bootstrap",70,2.82259542538884,0.00872103294792931,0.00308972120817772,0.0010423628082313
"final_sa_entropy","10m","905_b","sa_entropy","Spectral angle entropy","final_70_iteration_bootstrap",70,2.93569629653042,0.0093338206865232,0.00317942312273734,0.00111560495189297
"final_sa_entropy","10m","905_c","sa_entropy","Spectral angle entropy","final_70_iteration_bootstrap",70,3.17296047611135,0.261867400121815,0.0825309366736107,0.031299140847761
"final_sa_entropy","10m","905_d","sa_entropy","Spectral angle entropy","final_70_iteration_bootstrap",70,2.98128437330229,0.268806258664481,0.0901645817727652,0.0321284930723929
"final_sa_entropy","10m","906_a","sa_entropy","Spectral angle entropy","final_70_iteration_bootstrap",70,2.91005589830801,0.0112497860901406,0.00386583161398432,0.00134460661838282
"final_sa_entropy","10m","906_b","sa_entropy","Spectral angle entropy","final_70_iteration_bootstrap",70,2.8811142017195,0.00864064775846698,0.00299906465120685,0.00103275494041008
"final_sa_entropy","10m","906_c","sa_entropy","Spectral angle entropy","final_70_iteration_bootstrap",70,2.78207696340951,0.00989684342660952,0.00355735788649092,0.00118289904055867
"final_sa_entropy","10m","906_d","sa_entropy","Spectral angle entropy","final_70_iteration_bootstrap",70,2.77516895627139,0.0116044665674738,0.00418153516067906,0.00138699904375092
"final_sa_entropy","10m","907_a","sa_entropy","Spectral angle entropy","final_70_iteration_bootstrap",70,2.80111657648744,0.00901814125307618,0.0032194808772953,0.00107787404286954
"final_sa_entropy","10m","907_b","sa_entropy","Spectral angle entropy","final_70_iteration_bootstrap",70,2.86265726572028,0.282812157886204,0.0987935794035913,0.0338025182173187
"final_sa_entropy","10m","907_c","sa_entropy","Spectral angle entropy","final_70_iteration_bootstrap",70,2.76427262771838,0.00858844169344929,0.00310694452035223,0.00102651512216109
"final_sa_entropy","10m","907_d","sa_entropy","Spectral angle entropy","final_70_iteration_bootstrap",70,2.80138315700013,0.275569331640515,0.09836902565503,0.0329368349031901
"final_sa_entropy","10m","908_a","sa_entropy","Spectral angle entropy","final_70_iteration_bootstrap",70,2.70373492124184,0.0832329088251675,0.0307844190535284,0.00994823538659613
"final_sa_entropy","10m","908_b","sa_entropy","Spectral angle entropy","final_70_iteration_bootstrap",70,2.76947098439389,0.0109197392283014,0.00394289714166883,0.00130515847321369
"final_sa_entropy","10m","908_c","sa_entropy","Spectral angle entropy","final_70_iteration_bootstrap",70,2.83548005622793,0.00873196994900174,0.00307953848231892,0.00104367002988951
"final_sa_entropy","10m","908_d","sa_entropy","Spectral angle entropy","final_70_iteration_bootstrap",70,2.84346089441312,0.290264032380446,0.102081246466502,0.0346931875761874
"final_sa_entropy","10m","909_a","sa_entropy","Spectral angle entropy","final_70_iteration_bootstrap",70,2.80153807616423,0.00934973235461665,0.00333735687341361,0.00111750675998572
"final_sa_entropy","10m","909_b","sa_entropy","Spectral angle entropy","final_70_iteration_bootstrap",70,2.77911619526046,0.00972291396683231,0.00349856331427016,0.00116211049392549
"final_sa_entropy","10m","909_c","sa_entropy","Spectral angle entropy","final_70_iteration_bootstrap",70,2.87443440637416,0.00785280988668248,0.00273194958607113,0.000938590304022688
"final_sa_entropy","10m","909_d","sa_entropy","Spectral angle entropy","final_70_iteration_bootstrap",70,2.84374245640114,0.008755682772073,0.00307892958181369,0.00104650425434379
"final_sa_entropy","10m","910_a","sa_entropy","Spectral angle entropy","final_70_iteration_bootstrap",70,2.87901332304859,0.0102393002970234,0.00355653105702928,0.00122383046545685
"final_sa_entropy","10m","910_b","sa_entropy","Spectral angle entropy","final_70_iteration_bootstrap",70,2.89382395595922,0.00805551636664258,0.00278369261200356,0.000962818362437266
"final_sa_entropy","10m","910_c","sa_entropy","Spectral angle entropy","final_70_iteration_bootstrap",70,2.90275391343173,0.00844115560841054,0.00290798182007483,0.00100891106790157
"final_sa_entropy","10m","910_d","sa_entropy","Spectral angle entropy","final_70_iteration_bootstrap",70,2.82014920530424,0.0095923056646984,0.00340134686727101,0.00114649981599279
"final_sa_entropy","10m","911_a","sa_entropy","Spectral angle entropy","final_70_iteration_bootstrap",70,2.82171405511786,0.00998419468431604,0.00353834388931341,0.00119333951278589
"final_sa_entropy","10m","911_b","sa_entropy","Spectral angle entropy","final_70_iteration_bootstrap",70,2.81620028907693,0.00984070679513326,0.0034943206395163,0.00117618942976146
"final_sa_entropy","10m","911_c","sa_entropy","Spectral angle entropy","final_70_iteration_bootstrap",70,2.80812344181554,0.00983225048302991,0.00350135978234385,0.00117517870714593
"final_sa_entropy","10m","911_d","sa_entropy","Spectral angle entropy","final_70_iteration_bootstrap",70,2.71304561521636,0.115421441844158,0.0425431261445831,0.0137955009422764
"final_sa_entropy","10m","912_a","sa_entropy","Spectral angle entropy","final_70_iteration_bootstrap",70,2.8093087508807,0.0109378804722533,0.00389344192546452,0.00130732676659171
"final_sa_entropy","10m","912_b","sa_entropy","Spectral angle entropy","final_70_iteration_bootstrap",70,3.00208822454126,0.00784546299665657,0.00261333525528065,0.000937712182707828
"final_sa_entropy","10m","912_c","sa_entropy","Spectral angle entropy","final_70_iteration_bootstrap",70,3.00011505978692,0.114987936384127,0.0383278421302595,0.0137436871294632
"final_sa_entropy","10m","912_d","sa_entropy","Spectral angle entropy","final_70_iteration_bootstrap",70,2.93473881275518,0.0105522609822167,0.00359563888150922,0.00126123642191084
"final_sa_entropy","10m","913_b","sa_entropy","Spectral angle entropy","final_70_iteration_bootstrap",70,2.93122130577647,0.00778647666744842,0.00265639331022323,0.000930661967884908
"final_sa_entropy","10m","913_c","sa_entropy","Spectral angle entropy","final_70_iteration_bootstrap",70,2.91830322924693,0.00849656112621799,0.00291147302345635,0.00101553329390142
"final_sa_entropy","10m","913_d","sa_entropy","Spectral angle entropy","final_70_iteration_bootstrap",70,2.9252752930057,0.00670316986825568,0.00229146633969216,0.000801182039976745
"final_sa_entropy","10m","914_a","sa_entropy","Spectral angle entropy","final_70_iteration_bootstrap",70,2.93095464394747,0.206964234894735,0.0706132506424567,0.0247369574655191
"final_sa_entropy","10m","914_b","sa_entropy","Spectral angle entropy","final_70_iteration_bootstrap",70,2.96497622164339,0.00846203850558689,0.00285399877537523,0.00101140705151667
"final_sa_entropy","10m","914_c","sa_entropy","Spectral angle entropy","final_70_iteration_bootstrap",70,2.97677870963362,0.00655654323270302,0.00220256319742021,0.000783656805006446
"final_sa_entropy","10m","914_d","sa_entropy","Spectral angle entropy","final_70_iteration_bootstrap",70,3.0571290960153,0.00842754145663955,0.0027566848477626,0.00100728386553272
"final_sa_entropy","10m","915_a","sa_entropy","Spectral angle entropy","final_70_iteration_bootstrap",70,2.9328647191239,0.00789989669202332,0.00269357691151305,0.000944218253709241
"final_sa_entropy","10m","915_b","sa_entropy","Spectral angle entropy","final_70_iteration_bootstrap",70,2.97369163945583,0.00867360657442947,0.00291678076480609,0.0010366942723869
"final_sa_entropy","10m","915_c","sa_entropy","Spectral angle entropy","final_70_iteration_bootstrap",70,2.88992837803745,0.00841906309122941,0.00291324281778457,0.00100627050704287
"final_sa_entropy","10m","915_d","sa_entropy","Spectral angle entropy","final_70_iteration_bootstrap",70,2.95185889023044,0.00778807861640917,0.00263836413122079,0.000930853437407766
"final_sa_entropy","10m","916_a","sa_entropy","Spectral angle entropy","final_70_iteration_bootstrap",70,2.84183541855393,0.00774485533958897,0.00272530044809208,0.000925687267703298
"final_sa_entropy","10m","916_b","sa_entropy","Spectral angle entropy","final_70_iteration_bootstrap",70,2.77638625553307,0.00780852359030423,0.0028124773974596,0.000933297079179413
"final_sa_entropy","10m","916_c","sa_entropy","Spectral angle entropy","final_70_iteration_bootstrap",70,2.87993411237272,0.00769949785392393,0.00267349791817996,0.000920266011251865
"final_sa_entropy","10m","916_d","sa_entropy","Spectral angle entropy","final_70_iteration_bootstrap",70,2.96367154382585,0.00731558015156037,0.00246841798876153,0.000874379069102379
"final_sa_entropy","10m","917_a","sa_entropy","Spectral angle entropy","final_70_iteration_bootstrap",70,2.95635951487632,0.0070305748138043,0.00237811902727887,0.000840314415752473
"final_sa_entropy","10m","917_c","sa_entropy","Spectral angle entropy","final_70_iteration_bootstrap",70,3.01534077390962,0.00725777570535537,0.00240695040777932,0.000867470116317285
"final_sa_entropy","10m","917_d","sa_entropy","Spectral angle entropy","final_70_iteration_bootstrap",70,2.96869326009862,0.00764811771090107,0.00257625730946922,0.000914124909562603
"final_sa_entropy","10m","918_a","sa_entropy","Spectral angle entropy","final_70_iteration_bootstrap",70,3.0711752964037,0.00756659460672342,0.00246374559458842,0.000904381034919116
"final_sa_entropy","10m","918_b","sa_entropy","Spectral angle entropy","final_70_iteration_bootstrap",70,2.97037566156475,0.00838846989511522,0.00282404343789172,0.0010026139207182
"final_sa_entropy","10m","918_c","sa_entropy","Spectral angle entropy","final_70_iteration_bootstrap",70,2.54253026557454,0.113256833036385,0.044544930131163,0.0135367807047696
"final_sa_entropy","10m","918_d","sa_entropy","Spectral angle entropy","final_70_iteration_bootstrap",70,3.16524387807131,0.00716828079622198,0.00226468514665918,0.000856773428738684
"final_sa_entropy","10m","919_a","sa_entropy","Spectral angle entropy","final_70_iteration_bootstrap",70,2.91282669578561,0.0096239302355193,0.00330398312039765,0.0011502796751731
"final_sa_entropy","10m","919_b","sa_entropy","Spectral angle entropy","final_70_iteration_bootstrap",70,3.10954888327215,0.0814672039195729,0.0261990426835953,0.00973719328471526
"final_sa_entropy","10m","919_c","sa_entropy","Spectral angle entropy","final_70_iteration_bootstrap",70,2.88292884698586,0.00829603951239324,0.00287764282530485,0.000991566376938095
"final_sa_entropy","10m","919_d","sa_entropy","Spectral angle entropy","final_70_iteration_bootstrap",70,2.77197224195113,0.00980832835375426,0.00353839342447758,0.00117231946581528
"final_sa_entropy","10m","920_a","sa_entropy","Spectral angle entropy","final_70_iteration_bootstrap",70,2.9130991618116,0.00736578819602742,0.00252850582382743,0.000880380078218954
"final_sa_entropy","10m","920_b","sa_entropy","Spectral angle entropy","final_70_iteration_bootstrap",70,2.74544525925452,0.139005153823968,0.0506311875479581,0.0166142936695335
"final_sa_entropy","10m","920_c","sa_entropy","Spectral angle entropy","final_70_iteration_bootstrap",70,2.83832636123453,0.00789742249716962,0.00278242227709665,0.00094392253086182
"final_sa_entropy","10m","920_d","sa_entropy","Spectral angle entropy","final_70_iteration_bootstrap",70,2.73412147403142,0.00921443702602522,0.00337016373030372,0.00110133587524155
"final_sa_entropy","10m","921_a","sa_entropy","Spectral angle entropy","final_70_iteration_bootstrap",70,2.78536717013079,0.160731484342831,0.0577056720085073,0.0192110868507335
"final_sa_entropy","10m","921_b","sa_entropy","Spectral angle entropy","final_70_iteration_bootstrap",70,2.97350286409214,0.345886351301858,0.116322857959467,0.0413413262654267
"final_sa_entropy","10m","921_c","sa_entropy","Spectral angle entropy","final_70_iteration_bootstrap",70,2.72047193487258,0.160757568972313,0.0590917946668112,0.0192142045602756
"final_sa_entropy","10m","921_d","sa_entropy","Spectral angle entropy","final_70_iteration_bootstrap",70,2.76076959155813,0.221367364021125,0.0801832085872072,0.026458460665099
"final_sa_entropy","10m","922_a","sa_entropy","Spectral angle entropy","final_70_iteration_bootstrap",70,2.78760514667532,0.00837883170042309,0.00300574552691447,0.00100146193611436
"final_sa_entropy","10m","922_b","sa_entropy","Spectral angle entropy","final_70_iteration_bootstrap",70,2.78808842577597,0.00816040177055962,0.00292688054479063,0.00097535456598359
"final_sa_entropy","10m","922_c","sa_entropy","Spectral angle entropy","final_70_iteration_bootstrap",70,2.85886523827281,0.010723787437472,0.00375106433626469,0.00128173775456873
"final_sa_entropy","10m","922_d","sa_entropy","Spectral angle entropy","final_70_iteration_bootstrap",70,2.89119948734424,0.141676803259963,0.0490027768336742,0.0169336168535348
"final_sa_entropy","10m","923_a","sa_entropy","Spectral angle entropy","final_70_iteration_bootstrap",70,2.79412454471786,0.177418436294314,0.0634969678175992,0.0212055590882336
"final_sa_entropy","10m","923_b","sa_entropy","Spectral angle entropy","final_70_iteration_bootstrap",70,2.81499292425308,0.0102367450646484,0.0036365082755455,0.00122352505677304
"final_sa_entropy","10m","923_c","sa_entropy","Spectral angle entropy","final_70_iteration_bootstrap",70,2.77316338708318,0.0110995655774281,0.00400249247091882,0.00132665183293253
"final_sa_entropy","10m","923_d","sa_entropy","Spectral angle entropy","final_70_iteration_bootstrap",70,2.7221648755673,0.115802598502683,0.0425406262280677,0.0138410578765671
"final_sa_entropy","10m","924_a","sa_entropy","Spectral angle entropy","final_70_iteration_bootstrap",70,2.7896079352314,0.0106494171362608,0.00381753184802918,0.00127284880339949
"final_sa_entropy","10m","924_b","sa_entropy","Spectral angle entropy","final_70_iteration_bootstrap",70,2.84857871909195,0.00965196253563689,0.00338834327131169,0.00115363017588169
"final_sa_entropy","10m","924_c","sa_entropy","Spectral angle entropy","final_70_iteration_bootstrap",70,2.92231119025666,0.00941985322599754,0.00322342577936412,0.00112588780714431
"final_sa_entropy","10m","924_d","sa_entropy","Spectral angle entropy","final_70_iteration_bootstrap",70,2.82712907524017,0.0100989270791002,0.00357214927593722,0.00120705265685224
"final_sa_entropy","20m","0","sa_entropy","Spectral angle entropy","final_70_iteration_bootstrap",70,2.93169469432718,0.0108841088097139,0.00371256557880144,0.00130089982364786
"final_sa_entropy","20m","1","sa_entropy","Spectral angle entropy","final_70_iteration_bootstrap",70,2.77962750086045,0.0826021254669235,0.0297169766241533,0.00987284235498961
"final_sa_entropy","20m","10","sa_entropy","Spectral angle entropy","final_70_iteration_bootstrap",70,2.8281826165553,0.0835365521640893,0.0295371846482233,0.00998452770716745
"final_sa_entropy","20m","100","sa_entropy","Spectral angle entropy","final_70_iteration_bootstrap",70,2.78188656943148,0.0120786906616687,0.00434190624247387,0.00144367966421266
"final_sa_entropy","20m","1000","sa_entropy","Spectral angle entropy","final_70_iteration_bootstrap",70,2.82510462632241,0.0114317958658892,0.00404650353809041,0.00136636094749814
"final_sa_entropy","20m","1001","sa_entropy","Spectral angle entropy","final_70_iteration_bootstrap",70,2.86469066399077,0.013727695035917,0.00479203399113015,0.00164077338471457
"final_sa_entropy","20m","1002","sa_entropy","Spectral angle entropy","final_70_iteration_bootstrap",70,2.85131045280708,0.011628656311074,0.00407835502431023,0.00138989027111126
"final_sa_entropy","20m","1003","sa_entropy","Spectral angle entropy","final_70_iteration_bootstrap",70,2.83717867165723,0.0110976957717546,0.00391152516498804,0.00132642834840904
"final_sa_entropy","20m","1004","sa_entropy","Spectral angle entropy","final_70_iteration_bootstrap",70,2.87153179702243,0.0125113882828357,0.00435704326722382,0.00149539692181363
"final_sa_entropy","20m","1005","sa_entropy","Spectral angle entropy","final_70_iteration_bootstrap",70,2.79708111879606,0.0116366360900016,0.00416027837441137,0.0013908440371183
"final_sa_entropy","20m","1006","sa_entropy","Spectral angle entropy","final_70_iteration_bootstrap",70,2.78114105428054,0.0133474642250185,0.00479927625550492,0.00159532711038094
"final_sa_entropy","20m","1007","sa_entropy","Spectral angle entropy","final_70_iteration_bootstrap",70,2.85570961853722,0.0812867309460852,0.0284646346457742,0.00971562263860284
"final_sa_entropy","20m","1008","sa_entropy","Spectral angle entropy","final_70_iteration_bootstrap",70,2.76789099256034,0.0810139846763462,0.0292692107073939,0.00968302322413471
"final_sa_entropy","20m","1009","sa_entropy","Spectral angle entropy","final_70_iteration_bootstrap",70,2.80849020909395,0.0105171451930128,0.00374476833102642,0.00125703928232126
"final_sa_entropy","20m","101","sa_entropy","Spectral angle entropy","final_70_iteration_bootstrap",70,2.79019862776734,0.0122558911128128,0.00439247980084475,0.0014648591690921
"final_sa_entropy","20m","1010","sa_entropy","Spectral angle entropy","final_70_iteration_bootstrap",70,2.7861859882824,0.0819032976230845,0.0293962061282116,0.00978931645179402
"final_sa_entropy","20m","1011","sa_entropy","Spectral angle entropy","final_70_iteration_bootstrap",70,2.77752568875323,0.012118311779193,0.00436298819062684,0.00144841529353255
"final_sa_entropy","20m","1012","sa_entropy","Spectral angle entropy","final_70_iteration_bootstrap",70,2.84759049210399,0.0115215299827052,0.00404606280806632,0.00137708622586333
"final_sa_entropy","20m","1013","sa_entropy","Spectral angle entropy","final_70_iteration_bootstrap",70,2.90002882671075,0.011617892145228,0.00400612988333815,0.00138860370721378
"final_sa_entropy","20m","1014","sa_entropy","Spectral angle entropy","final_70_iteration_bootstrap",70,3.08144354060703,0.00948289587881484,0.00307741996692458,0.00113342284536987
"final_sa_entropy","20m","1015","sa_entropy","Spectral angle entropy","final_70_iteration_bootstrap",70,3.03457948499785,0.0104095858955268,0.0034303223715144,0.00124418348736574
"final_sa_entropy","20m","1016","sa_entropy","Spectral angle entropy","final_70_iteration_bootstrap",70,3.00205067636279,0.0109909791720224,0.0036611571078936,0.00131367327509996
"final_sa_entropy","20m","1017","sa_entropy","Spectral angle entropy","final_70_iteration_bootstrap",70,2.88086259225612,0.0116106789854271,0.0040302786452353,0.00138774156971801
"final_sa_entropy","20m","1018","sa_entropy","Spectral angle entropy","final_70_iteration_bootstrap",70,3.10084059731594,0.01072672945547,0.00345929728369624,0.00128208939297677
"final_sa_entropy","20m","1019","sa_entropy","Spectral angle entropy","final_70_iteration_bootstrap",70,2.87392544468417,0.0120747543064824,0.00420148488152913,0.00144320917977914
"final_sa_entropy","20m","102","sa_entropy","Spectral angle entropy","final_70_iteration_bootstrap",70,2.82288530881549,0.0100043779028206,0.00354402563631553,0.0011957518688044
"final_sa_entropy","20m","1020","sa_entropy","Spectral angle entropy","final_70_iteration_bootstrap",70,2.78904072559041,0.0133002786772751,0.00476876459896784,0.00158968735871994
"final_sa_entropy","20m","1021","sa_entropy","Spectral angle entropy","final_70_iteration_bootstrap",70,2.73884460034468,0.0814169537342514,0.0297267518295873,0.0097311872388032
"final_sa_entropy","20m","1022","sa_entropy","Spectral angle entropy","final_70_iteration_bootstrap",70,2.80790840963952,0.250925808778169,0.0893639578544455,0.0299913705472039
"final_sa_entropy","20m","1023","sa_entropy","Spectral angle entropy","final_70_iteration_bootstrap",70,2.74609961492914,0.179858906851056,0.0654961334516982,0.0214972511111992
"final_sa_entropy","20m","1024","sa_entropy","Spectral angle entropy","final_70_iteration_bootstrap",70,2.75100522634385,0.228728930744482,0.0831437645243839,0.027338336180827
"final_sa_entropy","20m","103","sa_entropy","Spectral angle entropy","final_70_iteration_bootstrap",70,2.82736431199498,0.0117843454925066,0.00416796146238104,0.00140849868749247
"final_sa_entropy","20m","104","sa_entropy","Spectral angle entropy","final_70_iteration_bootstrap",70,2.78386074767952,0.0822498044067988,0.0295452293996234,0.0098307319339164
"final_sa_entropy","20m","105","sa_entropy","Spectral angle entropy","final_70_iteration_bootstrap",70,2.92209388651197,0.0102615383294368,0.00351170726471276,0.00122648841871243
"final_sa_entropy","20m","106","sa_entropy","Spectral angle entropy","final_70_iteration_bootstrap",70,2.9498845671403,0.0126309342516994,0.00428184017517139,0.00150968539802528
"final_sa_entropy","20m","107","sa_entropy","Spectral angle entropy","final_70_iteration_bootstrap",70,2.81568053227241,0.011964744835721,0.00424932612154859,0.00143006053310397
"final_sa_entropy","20m","108","sa_entropy","Spectral angle entropy","final_70_iteration_bootstrap",70,2.78502989316084,0.158821736457701,0.0570269413795944,0.0189828283198412
"final_sa_entropy","20m","109","sa_entropy","Spectral angle entropy","final_70_iteration_bootstrap",70,2.7602981092383,0.0141927505558771,0.00514174556305208,0.00169635815095309
"final_sa_entropy","20m","11","sa_entropy","Spectral angle entropy","final_70_iteration_bootstrap",70,2.74488839256895,0.0837259763243413,0.0305025066050069,0.0100071682247307
"final_sa_entropy","20m","110","sa_entropy","Spectral angle entropy","final_70_iteration_bootstrap",70,3.10740595277134,0.114841614261294,0.0369573901854929,0.0137261982907243
"final_sa_entropy","20m","1100","sa_entropy","Spectral angle entropy","final_70_iteration_bootstrap",70,2.80853833347376,0.0131783972901231,0.00469226185487855,0.001575119746633
"final_sa_entropy","20m","1101","sa_entropy","Spectral angle entropy","final_70_iteration_bootstrap",70,2.78625696057195,0.113153536423298,0.0406113068624045,0.0135244343980487
"final_sa_entropy","20m","1102","sa_entropy","Spectral angle entropy","final_70_iteration_bootstrap",70,2.73458331787463,0.0103417676277698,0.00378184404189506,0.00123607765397987
"final_sa_entropy","20m","1103","sa_entropy","Spectral angle entropy","final_70_iteration_bootstrap",70,2.89291795875971,0.0119004661341069,0.00411365489922468,0.00142237775878996
"final_sa_entropy","20m","1104","sa_entropy","Spectral angle entropy","final_70_iteration_bootstrap",70,2.87170922789721,0.0121394307169234,0.00422724926291105,0.00145093948938996
"final_sa_entropy","20m","1105","sa_entropy","Spectral angle entropy","final_70_iteration_bootstrap",70,2.88738521882432,0.0137153447571498,0.00475009176736537,0.00163929724406299
"final_sa_entropy","20m","1106","sa_entropy","Spectral angle entropy","final_70_iteration_bootstrap",70,2.76741724403102,0.0807700750254065,0.0291860850399836,0.00965387044484512
"final_sa_entropy","20m","1107","sa_entropy","Spectral angle entropy","final_70_iteration_bootstrap",70,2.80353985879418,0.0113767596946435,0.00405799819787003,0.00135978286685603
"final_sa_entropy","20m","1108","sa_entropy","Spectral angle entropy","final_70_iteration_bootstrap",70,2.99931476400378,0.0140942211449705,0.00469914705656173,0.00168458163387545
"final_sa_entropy","20m","1109","sa_entropy","Spectral angle entropy","final_70_iteration_bootstrap",70,2.87346456195678,0.0104788598763019,0.00364676843940822,0.00125246331173623
"final_sa_entropy","20m","111","sa_entropy","Spectral angle entropy","final_70_iteration_bootstrap",70,2.90925095400616,0.0809650178188563,0.0278301937848861,0.0096771705652366
"final_sa_entropy","20m","1110","sa_entropy","Spectral angle entropy","final_70_iteration_bootstrap",70,2.77146476013257,0.178107298120331,0.0642646807862757,0.0212878938244669
"final_sa_entropy","20m","1111","sa_entropy","Spectral angle entropy","final_70_iteration_bootstrap",70,2.80113341275401,0.012714253021139,0.00453896732060278,0.00151964389571816
"final_sa_entropy","20m","1112","sa_entropy","Spectral angle entropy","final_70_iteration_bootstrap",70,2.85943895933305,0.0121835485074438,0.00426081783200072,0.00145621257393102
"final_sa_entropy","20m","1113","sa_entropy","Spectral angle entropy","final_70_iteration_bootstrap",70,2.80657548927977,0.0115738540033421,0.00412383491823061,0.00138334014250539
"final_sa_entropy","20m","1114","sa_entropy","Spectral angle entropy","final_70_iteration_bootstrap",70,3.0102062133046,0.0845095407991266,0.0280743360456865,0.0101008220924828
"final_sa_entropy","20m","1115","sa_entropy","Spectral angle entropy","final_70_iteration_bootstrap",70,3.11125537663092,0.0826372059306033,0.0265607274000402,0.00987703527237149
"final_sa_entropy","20m","1116","sa_entropy","Spectral angle entropy","final_70_iteration_bootstrap",70,2.97662301107177,0.28227287964119,0.0948299057661167,0.0337380621386354
"final_sa_entropy","20m","1117","sa_entropy","Spectral angle entropy","final_70_iteration_bootstrap",70,3.01029452461366,0.0121186734383925,0.00402574344114977,0.00144845852007475
"final_sa_entropy","20m","1118","sa_entropy","Spectral angle entropy","final_70_iteration_bootstrap",70,2.90296386688676,0.0105058807065307,0.00361901876436292,0.00125569291866997
"final_sa_entropy","20m","1119","sa_entropy","Spectral angle entropy","final_70_iteration_bootstrap",70,2.90887266652461,0.0101437373053115,0.00348717130936872,0.00121240850328809
"final_sa_entropy","20m","112","sa_entropy","Spectral angle entropy","final_70_iteration_bootstrap",70,2.88743070902151,0.014421394102035,0.00499454205324365,0.00172368628172385
"final_sa_entropy","20m","1120","sa_entropy","Spectral angle entropy","final_70_iteration_bootstrap",70,2.85022460117293,0.0140244238379076,0.00492046270042589,0.00167623926004984
"final_sa_entropy","20m","1121","sa_entropy","Spectral angle entropy","final_70_iteration_bootstrap",70,2.8001620155434,0.0120322565554987,0.00429698584892907,0.00143812972699834
"final_sa_entropy","20m","1122","sa_entropy","Spectral angle entropy","final_70_iteration_bootstrap",70,2.74314983562716,0.137217518574583,0.0500218824332688,0.0164006303902215
"final_sa_entropy","20m","1123","sa_entropy","Spectral angle entropy","final_70_iteration_bootstrap",70,2.7667414342598,0.0826107285739732,0.0298584925757887,0.0098738706229571
"final_sa_entropy","20m","1124","sa_entropy","Spectral angle entropy","final_70_iteration_bootstrap",70,2.69572464892831,0.116413037234747,0.0431843205058154,0.013914019260248
"final_sa_entropy","20m","113","sa_entropy","Spectral angle entropy","final_70_iteration_bootstrap",70,2.75116074284627,0.0139007419522863,0.00505268257713832,0.00166145644723474
"final_sa_entropy","20m","114","sa_entropy","Spectral angle entropy","final_70_iteration_bootstrap",70,2.89098160903849,0.0161031360402336,0.00557012745770782,0.0019246928895291
"final_sa_entropy","20m","115","sa_entropy","Spectral angle entropy","final_70_iteration_bootstrap",70,2.80497743245838,0.0120195385432038,0.00428507495429988,0.00143660963378346
"final_sa_entropy","20m","116","sa_entropy","Spectral angle entropy","final_70_iteration_bootstrap",70,2.79436178888477,0.283136539345151,0.101324223825058,0.0338412892173258
"final_sa_entropy","20m","117","sa_entropy","Spectral angle entropy","final_70_iteration_bootstrap",70,2.85686077662406,0.0158940238205896,0.00556345760725921,0.0018996991987811
"final_sa_entropy","20m","118","sa_entropy","Spectral angle entropy","final_70_iteration_bootstrap",70,2.72278102101961,0.0126868953162937,0.00465953568000953,0.00151637402456647
"final_sa_entropy","20m","119","sa_entropy","Spectral angle entropy","final_70_iteration_bootstrap",70,2.78976537585738,0.0128700308676675,0.00461330224363837,0.00153826290960529
"final_sa_entropy","20m","12","sa_entropy","Spectral angle entropy","final_70_iteration_bootstrap",70,2.65811937591885,0.0129605989221402,0.00487585284526959,0.00154908786258505
"final_sa_entropy","20m","120","sa_entropy","Spectral angle entropy","final_70_iteration_bootstrap",70,2.76261618457642,0.0136511739762735,0.00494139361540247,0.00163162736874432
"final_sa_entropy","20m","1200","sa_entropy","Spectral angle entropy","final_70_iteration_bootstrap",70,2.84046698678483,0.0114489030550774,0.00403064112638624,0.00136840564769245
"final_sa_entropy","20m","1201","sa_entropy","Spectral angle entropy","final_70_iteration_bootstrap",70,2.77916136239919,0.114994223179605,0.0413773107007838,0.0137444385452448
"final_sa_entropy","20m","1202","sa_entropy","Spectral angle entropy","final_70_iteration_bootstrap",70,2.81368246243643,0.0100095533847181,0.00355745664919508,0.0011963704572075
"final_sa_entropy","20m","1203","sa_entropy","Spectral angle entropy","final_70_iteration_bootstrap",70,3.00631266662295,0.0116854872728458,0.00388698334760114,0.00139668287025182
"final_sa_entropy","20m","1204","sa_entropy","Spectral angle entropy","final_70_iteration_bootstrap",70,3.04257407422634,0.0162227362876562,0.00533191169446921,0.00193898785326939
"final_sa_entropy","20m","1205","sa_entropy","Spectral angle entropy","final_70_iteration_bootstrap",70,2.8470759315176,0.0121235995934885,0.00425826352549233,0.00144904730822523
"final_sa_entropy","20m","1206","sa_entropy","Spectral angle entropy","final_70_iteration_bootstrap",70,2.97012651253575,0.00915875671066843,0.00308362511563494,0.00109468080465243
"final_sa_entropy","20m","1207","sa_entropy","Spectral angle entropy","final_70_iteration_bootstrap",70,2.7913084422773,0.013274946318143,0.00475581491356527,0.00158665956268228
"final_sa_entropy","20m","1208","sa_entropy","Spectral angle entropy","final_70_iteration_bootstrap",70,3.0203211062745,0.113877409503758,0.0377037425812726,0.013610953779578
"final_sa_entropy","20m","1209","sa_entropy","Spectral angle entropy","final_70_iteration_bootstrap",70,2.87894153697211,0.0115455598093874,0.00401034882477339,0.00137995833949612
"final_sa_entropy","20m","121","sa_entropy","Spectral angle entropy","final_70_iteration_bootstrap",70,2.76713164778012,0.229724870584968,0.0830191331045854,0.0274573737598795
"final_sa_entropy","20m","1210","sa_entropy","Spectral angle entropy","final_70_iteration_bootstrap",70,2.86731177276163,0.0111149669061788,0.00387644169419131,0.00132849264380699
"final_sa_entropy","20m","1211","sa_entropy","Spectral angle entropy","final_70_iteration_bootstrap",70,2.79599651813405,0.114779148066059,0.0410512485697438,0.0137187321523582
"final_sa_entropy","20m","1212","sa_entropy","Spectral angle entropy","final_70_iteration_bootstrap",70,2.86630480052216,0.0119263613140884,0.00416088383619066,0.00142547282478574
"final_sa_entropy","20m","1213","sa_entropy","Spectral angle entropy","final_70_iteration_bootstrap",70,2.84855341290862,0.011231715536815,0.00394295416259947,0.00134244677415069
"final_sa_entropy","20m","1214","sa_entropy","Spectral angle entropy","final_70_iteration_bootstrap",70,2.86837179896598,0.0149667440487472,0.00521785357607497,0.00178886806756479
"final_sa_entropy","20m","1215","sa_entropy","Spectral angle entropy","final_70_iteration_bootstrap",70,2.87891767893768,0.113001481725522,0.0392513764989695,0.0135062603855522
"final_sa_entropy","20m","1216","sa_entropy","Spectral angle entropy","final_70_iteration_bootstrap",70,3.10514010895164,0.00720079536198101,0.00231899209353621,0.000860659662660211
"final_sa_entropy","20m","1217","sa_entropy","Spectral angle entropy","final_70_iteration_bootstrap",70,2.83092239199265,0.338449729174048,0.119554577028096,0.0404524799130299
"final_sa_entropy","20m","1218","sa_entropy","Spectral angle entropy","final_70_iteration_bootstrap",70,3.07630371922478,0.00866685098569491,0.00281729366692016,0.00103588682509405
"final_sa_entropy","20m","1219","sa_entropy","Spectral angle entropy","final_70_iteration_bootstrap",70,2.97867304055694,0.00704282312891137,0.00236441631324347,0.000841778369415684
"final_sa_entropy","20m","122","sa_entropy","Spectral angle entropy","final_70_iteration_bootstrap",70,2.72619090060428,0.258864946586055,0.0949548127861021,0.0309402790113473
"final_sa_entropy","20m","1220","sa_entropy","Spectral angle entropy","final_70_iteration_bootstrap",70,2.82236769616443,0.00782355978616011,0.00277198459888563,0.000935094248325663
"final_sa_entropy","20m","1221","sa_entropy","Spectral angle entropy","final_70_iteration_bootstrap",70,2.87613880750689,0.0126929364033701,0.00441318630736486,0.00151709607257699
"final_sa_entropy","20m","1222","sa_entropy","Spectral angle entropy","final_70_iteration_bootstrap",70,2.83322605898727,0.0124125852034938,0.00438107829910708,0.00148358769510166
"final_sa_entropy","20m","1223","sa_entropy","Spectral angle entropy","final_70_iteration_bootstrap",70,2.80108487140123,0.0124897010094339,0.00445887989219904,0.00149280479685081
"final_sa_entropy","20m","1224","sa_entropy","Spectral angle entropy","final_70_iteration_bootstrap",70,2.78552322982667,0.241043241843394,0.0865342781070231,0.0288101778737934
"final_sa_entropy","20m","123","sa_entropy","Spectral angle entropy","final_70_iteration_bootstrap",70,2.78795266716497,0.0125833690750668,0.00451348016889494,0.00150400027203335
"final_sa_entropy","20m","124","sa_entropy","Spectral angle entropy","final_70_iteration_bootstrap",70,2.86858711395021,0.115505972647117,0.0402658061473541,0.013805604305683
"final_sa_entropy","20m","13","sa_entropy","Spectral angle entropy","final_70_iteration_bootstrap",70,2.74036531987552,0.0157009143032866,0.0057294967898659,0.00187661819679957
"final_sa_entropy","20m","1300","sa_entropy","Spectral angle entropy","final_70_iteration_bootstrap",70,2.84088991657968,0.0125176036990048,0.00440622624127425,0.00149613980613606
"final_sa_entropy","20m","1301","sa_entropy","Spectral angle entropy","final_70_iteration_bootstrap",70,2.84189168573095,0.00917539934195256,0.00322862387332422,0.00109666997955697
"final_sa_entropy","20m","1302","sa_entropy","Spectral angle entropy","final_70_iteration_bootstrap",70,2.8509996467129,0.0109973895415151,0.00385738018389259,0.00131443946080137
"final_sa_entropy","20m","1303","sa_entropy","Spectral angle entropy","final_70_iteration_bootstrap",70,2.73361497349276,0.0118841634272199,0.00434741671466463,0.00142042921262187
"final_sa_entropy","20m","1304","sa_entropy","Spectral angle entropy","final_70_iteration_bootstrap",70,2.78878303480024,0.012474538776371,0.00447311197059994,0.00149099256337699
"final_sa_entropy","20m","1305","sa_entropy","Spectral angle entropy","final_70_iteration_bootstrap",70,2.90009088831545,0.0122140346709858,0.00421160409840828,0.00145985636741644
"final_sa_entropy","20m","1306","sa_entropy","Spectral angle entropy","final_70_iteration_bootstrap",70,2.95310490813209,0.00984048030749284,0.00333224880714352,0.00117616235931072
"final_sa_entropy","20m","1307","sa_entropy","Spectral angle entropy","final_70_iteration_bootstrap",70,2.82708891816767,0.0104259134833909,0.00368786189086272,0.0012461350073794
"final_sa_entropy","20m","1308","sa_entropy","Spectral angle entropy","final_70_iteration_bootstrap",70,2.79786715672293,0.0126613280254864,0.00452534995990169,0.00151331814882287
"final_sa_entropy","20m","1309","sa_entropy","Spectral angle entropy","final_70_iteration_bootstrap",70,2.7965533965784,0.115500415854165,0.0413009871349069,0.0138049401418918
"final_sa_entropy","20m","1310","sa_entropy","Spectral angle entropy","final_70_iteration_bootstrap",70,2.81040464337479,0.0124095441761854,0.00441557204420348,0.00148322422281758
"final_sa_entropy","20m","1311","sa_entropy","Spectral angle entropy","final_70_iteration_bootstrap",70,2.82787162107182,0.0138185281258546,0.00488654719078693,0.00165163001549134
"final_sa_entropy","20m","1312","sa_entropy","Spectral angle entropy","final_70_iteration_bootstrap",70,2.79432329454183,0.0118321700669409,0.00423435974285892,0.00141421481745178
"final_sa_entropy","20m","1313","sa_entropy","Spectral angle entropy","final_70_iteration_bootstrap",70,2.82011657753783,0.0103423820364234,0.00366735975342306,0.00123615108985994
"final_sa_entropy","20m","1314","sa_entropy","Spectral angle entropy","final_70_iteration_bootstrap",70,2.85069468213735,0.0116672198020527,0.00409276373059534,0.00139449948988061
"final_sa_entropy","20m","1315","sa_entropy","Spectral angle entropy","final_70_iteration_bootstrap",70,2.88951494899304,0.0808114681911379,0.0279671396818001,0.00965881787443643
"final_sa_entropy","20m","1316","sa_entropy","Spectral angle entropy","final_70_iteration_bootstrap",70,2.83011472655688,0.313191210393634,0.110663785978268,0.0374335094854539
"final_sa_entropy","20m","1317","sa_entropy","Spectral angle entropy","final_70_iteration_bootstrap",70,3.09653952574355,0.138786469385248,0.0448198604382167,0.016588155879776
"final_sa_entropy","20m","1322","sa_entropy","Spectral angle entropy","final_70_iteration_bootstrap",70,2.89577018828415,0.0832318376510923,0.0287425562939476,0.00994810735680611
"final_sa_entropy","20m","1323","sa_entropy","Spectral angle entropy","final_70_iteration_bootstrap",70,2.81895575746161,0.0812135639784969,0.0288098043977914,0.00970687751331087
"final_sa_entropy","20m","1324","sa_entropy","Spectral angle entropy","final_70_iteration_bootstrap",70,2.82090817784503,0.0115761460123186,0.00410369472612964,0.00138361408997554
"final_sa_entropy","20m","14","sa_entropy","Spectral angle entropy","final_70_iteration_bootstrap",70,2.86558653621522,0.0137908754478582,0.00481258383705024,0.00164832488830474
"final_sa_entropy","20m","1400","sa_entropy","Spectral angle entropy","final_70_iteration_bootstrap",70,2.85914075543687,0.0125673115217686,0.00439548542612705,0.00150208102732356
"final_sa_entropy","20m","1401","sa_entropy","Spectral angle entropy","final_70_iteration_bootstrap",70,2.96017048144669,0.137072786155238,0.0463057067200563,0.0163833315573916
"final_sa_entropy","20m","1402","sa_entropy","Spectral angle entropy","final_70_iteration_bootstrap",70,2.89891302547439,0.011428223694221,0.00394224441844054,0.00136593399132061
"final_sa_entropy","20m","1403","sa_entropy","Spectral angle entropy","final_70_iteration_bootstrap",70,2.7760326628988,0.083996451055882,0.0302577315384218,0.0100394961384546
"final_sa_entropy","20m","1404","sa_entropy","Spectral angle entropy","final_70_iteration_bootstrap",70,2.86258988717455,0.0125261190737011,0.00437579938705949,0.00149715758808168
"final_sa_entropy","20m","1405","sa_entropy","Spectral angle entropy","final_70_iteration_bootstrap",70,2.89296867984967,0.0830533510440442,0.0287086934685929,0.00992677412689342
"final_sa_entropy","20m","1406","sa_entropy","Spectral angle entropy","final_70_iteration_bootstrap",70,2.98821540451354,0.140550849676622,0.0470350462233504,0.0167990396599756
"final_sa_entropy","20m","1407","sa_entropy","Spectral angle entropy","final_70_iteration_bootstrap",70,2.90856117882751,0.0118732041713875,0.00408215727343709,0.00141911933101108
"final_sa_entropy","20m","1408","sa_entropy","Spectral angle entropy","final_70_iteration_bootstrap",70,2.82013719055948,0.0109812782800651,0.003893880878145,0.00131251379673962
"final_sa_entropy","20m","1409","sa_entropy","Spectral angle entropy","final_70_iteration_bootstrap",70,2.82901506533418,0.0109050327414304,0.0038547100279023,0.00130340071182859
"final_sa_entropy","20m","1410","sa_entropy","Spectral angle entropy","final_70_iteration_bootstrap",70,2.80978101205307,0.251110195302438,0.0893700235802202,0.0300134089521021
"final_sa_entropy","20m","1411","sa_entropy","Spectral angle entropy","final_70_iteration_bootstrap",70,2.81690511180186,0.0118091490836034,0.00419224241318146,0.00141146328366178
"final_sa_entropy","20m","1412","sa_entropy","Spectral angle entropy","final_70_iteration_bootstrap",70,2.8422509281479,0.00967380244408503,0.00340357086289661,0.00115624054422194
"final_sa_entropy","20m","1413","sa_entropy","Spectral angle entropy","final_70_iteration_bootstrap",70,2.79746906847057,0.0109612849291418,0.00391828637273709,0.00131012413423762
"final_sa_entropy","20m","1414","sa_entropy","Spectral angle entropy","final_70_iteration_bootstrap",70,2.81249051257786,0.205659291400358,0.0731235502771015,0.0245809868857147
"final_sa_entropy","20m","1415","sa_entropy","Spectral angle entropy","final_70_iteration_bootstrap",70,2.85192950923534,0.0101231441273327,0.00354957725797609,0.00120994714774035
"final_sa_entropy","20m","1416","sa_entropy","Spectral angle entropy","final_70_iteration_bootstrap",70,2.89421707657199,0.0163864790407964,0.00566180027525963,0.00195855885558183
"final_sa_entropy","20m","1417","sa_entropy","Spectral angle entropy","final_70_iteration_bootstrap",70,2.93569739052897,0.083730357689408,0.0285214538663063,0.0100076918980182
"final_sa_entropy","20m","1418","sa_entropy","Spectral angle entropy","final_70_iteration_bootstrap",70,3.19356553594977,0.207708522181678,0.065039693046382,0.0248259168114109
"final_sa_entropy","20m","1423","sa_entropy","Spectral angle entropy","final_70_iteration_bootstrap",70,2.87336406596643,0.0113554990317046,0.00395198755570337,0.00135724173159623
"final_sa_entropy","20m","1424","sa_entropy","Spectral angle entropy","final_70_iteration_bootstrap",70,2.79375856022948,0.0117565413297196,0.00420814507634257,0.00140517545441031
"final_sa_entropy","20m","15","sa_entropy","Spectral angle entropy","final_70_iteration_bootstrap",70,2.89755989662347,0.0138967199692319,0.00479600783591248,0.00166097572831345
"final_sa_entropy","20m","1500","sa_entropy","Spectral angle entropy","final_70_iteration_bootstrap",70,2.87777191917505,0.0103146365327924,0.00358424392984877,0.00123283486788792
"final_sa_entropy","20m","1501","sa_entropy","Spectral angle entropy","final_70_iteration_bootstrap",70,2.84658180886508,0.0112048077340469,0.00393623246630464,0.00133923067658241
"final_sa_entropy","20m","1502","sa_entropy","Spectral angle entropy","final_70_iteration_bootstrap",70,2.80046245285587,0.0122417888745547,0.00437134547619832,0.00146317362922993
"final_sa_entropy","20m","1503","sa_entropy","Spectral angle entropy","final_70_iteration_bootstrap",70,2.79881674656085,0.0131749794310801,0.00470733907365295,0.00157471123434191
"final_sa_entropy","20m","1504","sa_entropy","Spectral angle entropy","final_70_iteration_bootstrap",70,2.89105804490312,0.113805751241145,0.039364741030289,0.013602388979021
"final_sa_entropy","20m","1505","sa_entropy","Spectral angle entropy","final_70_iteration_bootstrap",70,2.95705853129121,0.115259662630388,0.0389778089986131,0.013776164627807
"final_sa_entropy","20m","1506","sa_entropy","Spectral angle entropy","final_70_iteration_bootstrap",70,2.92238033210621,0.0821491177586024,0.0281103444531452,0.00981869757766617
"final_sa_entropy","20m","1507","sa_entropy","Spectral angle entropy","final_70_iteration_bootstrap",70,2.86681082917718,0.0118315530681137,0.00412707840632426,0.00141414107198676
"final_sa_entropy","20m","1508","sa_entropy","Spectral angle entropy","final_70_iteration_bootstrap",70,2.95871979602897,0.0126722360459917,0.00428301323531876,0.00151462190664078
"final_sa_entropy","20m","1509","sa_entropy","Spectral angle entropy","final_70_iteration_bootstrap",70,2.85286440456708,0.0110546288658028,0.00387492263849125,0.00132128086859813
"final_sa_entropy","20m","1510","sa_entropy","Spectral angle entropy","final_70_iteration_bootstrap",70,2.83194214830055,0.00993702419271333,0.00350890790571994,0.0011877015606779
"final_sa_entropy","20m","1511","sa_entropy","Spectral angle entropy","final_70_iteration_bootstrap",70,2.89225371184676,0.0114238805184942,0.00394981964123743,0.00136541488253221
"final_sa_entropy","20m","1512","sa_entropy","Spectral angle entropy","final_70_iteration_bootstrap",70,2.76327276047858,0.0101052686599037,0.0036569928254761,0.00120781062073271
"final_sa_entropy","20m","1513","sa_entropy","Spectral angle entropy","final_70_iteration_bootstrap",70,2.84700069903011,0.0134497813161377,0.00472419319065134,0.0016075563418339
"final_sa_entropy","20m","1514","sa_entropy","Spectral angle entropy","final_70_iteration_bootstrap",70,2.92166788904918,0.0118954048471157,0.00407144319575177,0.00142177281928877
"final_sa_entropy","20m","1515","sa_entropy","Spectral angle entropy","final_70_iteration_bootstrap",70,2.80300720227591,0.0110639432029526,0.00394716902402862,0.00132239414482198
"final_sa_entropy","20m","1516","sa_entropy","Spectral angle entropy","final_70_iteration_bootstrap",70,2.72132146014345,0.0130705437798221,0.00480301352532351,0.00156222878652011
"final_sa_entropy","20m","1517","sa_entropy","Spectral angle entropy","final_70_iteration_bootstrap",70,2.81068999936212,0.0114671277016721,0.00407982655656602,0.00137058390959294
"final_sa_entropy","20m","1518","sa_entropy","Spectral angle entropy","final_70_iteration_bootstrap",70,2.9318486657167,0.0112607605647304,0.00384083963691818,0.00134591831898303
"final_sa_entropy","20m","1519","sa_entropy","Spectral angle entropy","final_70_iteration_bootstrap",70,2.80337426948803,0.276932395024744,0.0987853809028928,0.0330997521385068
"final_sa_entropy","20m","16","sa_entropy","Spectral angle entropy","final_70_iteration_bootstrap",70,2.9135693199138,0.0157752609389818,0.00541441071305919,0.00188550431939864
"final_sa_entropy","20m","1600","sa_entropy","Spectral angle entropy","final_70_iteration_bootstrap",70,2.88011432070311,0.0143008016048773,0.00496535901442486,0.00170927272145646
"final_sa_entropy","20m","1601","sa_entropy","Spectral angle entropy","final_70_iteration_bootstrap",70,2.85619581925023,0.0127506875423012,0.00446422036485171,0.0015239986539242
"final_sa_entropy","20m","1602","sa_entropy","Spectral angle entropy","final_70_iteration_bootstrap",70,2.80735352172303,0.0114501897713928,0.00407864192478514,0.00136855943970767
"final_sa_entropy","20m","1603","sa_entropy","Spectral angle entropy","final_70_iteration_bootstrap",70,2.76133943081574,0.0821868550554677,0.0297634018253194,0.0098232080473514
"final_sa_entropy","20m","1604","sa_entropy","Spectral angle entropy","final_70_iteration_bootstrap",70,2.86373888724933,0.0133698478690644,0.00466866861660923,0.00159800246755542
"final_sa_entropy","20m","1605","sa_entropy","Spectral angle entropy","final_70_iteration_bootstrap",70,2.92324083748994,0.0141004238545516,0.00482355872760011,0.00168532299947012
"final_sa_entropy","20m","1606","sa_entropy","Spectral angle entropy","final_70_iteration_bootstrap",70,2.92781198602536,0.0143256308659355,0.00489294768049065,0.001712240385773
"final_sa_entropy","20m","1607","sa_entropy","Spectral angle entropy","final_70_iteration_bootstrap",70,2.82746238748901,0.0103563386231027,0.00366276795367025,0.00123781922102871
"final_sa_entropy","20m","1608","sa_entropy","Spectral angle entropy","final_70_iteration_bootstrap",70,2.81672543562008,0.012049600467141,0.00427787540622977,0.0014402027209376
"final_sa_entropy","20m","1609","sa_entropy","Spectral angle entropy","final_70_iteration_bootstrap",70,2.77364326937751,0.0141245946960209,0.0050924337862637,0.0016882119675937
"final_sa_entropy","20m","1610","sa_entropy","Spectral angle entropy","final_70_iteration_bootstrap",70,2.7731266228849,0.0114083145384813,0.00411388158201488,0.00136355439206783
"final_sa_entropy","20m","1611","sa_entropy","Spectral angle entropy","final_70_iteration_bootstrap",70,2.86508962260934,0.0123237308970502,0.00430134219879185,0.00147296757418926
"final_sa_entropy","20m","1612","sa_entropy","Spectral angle entropy","final_70_iteration_bootstrap",70,2.88379807046166,0.0128829537114245,0.0044673563809418,0.00153980748486253
"final_sa_entropy","20m","1613","sa_entropy","Spectral angle entropy","final_70_iteration_bootstrap",70,2.78798636841468,0.0113513190368619,0.00407151167073912,0.00135674212665395
"final_sa_entropy","20m","1614","sa_entropy","Spectral angle entropy","final_70_iteration_bootstrap",70,2.90385223483348,0.0109309679704409,0.00376429896787354,0.00130650056459889
"final_sa_entropy","20m","1615","sa_entropy","Spectral angle entropy","final_70_iteration_bootstrap",70,2.89542411949395,0.0145423937696856,0.00502254356167595,0.00173814850817345
"final_sa_entropy","20m","1616","sa_entropy","Spectral angle entropy","final_70_iteration_bootstrap",70,2.81319439584063,0.0808637891047277,0.0287444725555712,0.00966507141971534
"final_sa_entropy","20m","1617","sa_entropy","Spectral angle entropy","final_70_iteration_bootstrap",70,2.77856078143039,0.138713734210098,0.0499228719908331,0.0165794623635516
"final_sa_entropy","20m","1618","sa_entropy","Spectral angle entropy","final_70_iteration_bootstrap",70,2.8002322165939,0.0129575732239993,0.00462732095831695,0.00154872622248693
"final_sa_entropy","20m","1619","sa_entropy","Spectral angle entropy","final_70_iteration_bootstrap",70,2.74729887009369,0.0126710282969547,0.00461217686757268,0.00151447755302059
"final_sa_entropy","20m","1620","sa_entropy","Spectral angle entropy","final_70_iteration_bootstrap",70,2.85878080843071,0.0125280201602901,0.00438229476122976,0.00149738481138968
"final_sa_entropy","20m","1621","sa_entropy","Spectral angle entropy","final_70_iteration_bootstrap",70,3.09726121420921,0.00575967003935325,0.00185960099617358,0.000688412241136116
"final_sa_entropy","20m","17","sa_entropy","Spectral angle entropy","final_70_iteration_bootstrap",70,2.81539495246102,0.0861485774073026,0.0305991091345808,0.0102967244370667
"final_sa_entropy","20m","1700","sa_entropy","Spectral angle entropy","final_70_iteration_bootstrap",70,2.74094678184748,0.139056478875559,0.0507330094099203,0.0166204281865372
"final_sa_entropy","20m","1701","sa_entropy","Spectral angle entropy","final_70_iteration_bootstrap",70,2.7877704956014,0.0132566060652319,0.00475527167180672,0.0015844674831841
"final_sa_entropy","20m","1702","sa_entropy","Spectral angle entropy","final_70_iteration_bootstrap",70,2.7702018477729,0.0101521942486986,0.00366478502527187,0.00121341930135647
"final_sa_entropy","20m","1703","sa_entropy","Spectral angle entropy","final_70_iteration_bootstrap",70,2.85647240430011,0.0103760751507164,0.00363247869473422,0.00124017818727399
"final_sa_entropy","20m","1704","sa_entropy","Spectral angle entropy","final_70_iteration_bootstrap",70,2.79117920082927,0.0125838120403338,0.00450842140002875,0.00150405321650936
"final_sa_entropy","20m","1705","sa_entropy","Spectral angle entropy","final_70_iteration_bootstrap",70,2.8001528290367,0.11615606084834,0.0414820432812945,0.0138833047073523
"final_sa_entropy","20m","1706","sa_entropy","Spectral angle entropy","final_70_iteration_bootstrap",70,2.80633196515325,0.117179235862459,0.0417553009827403,0.0140055975122754
"final_sa_entropy","20m","1707","sa_entropy","Spectral angle entropy","final_70_iteration_bootstrap",70,2.80425468667079,0.0114398495098686,0.0040794616709547,0.0013673235420675
"final_sa_entropy","20m","1708","sa_entropy","Spectral angle entropy","final_70_iteration_bootstrap",70,2.79376337117263,0.0145856561504773,0.0052207915319454,0.00174331935169646
"final_sa_entropy","20m","1709","sa_entropy","Spectral angle entropy","final_70_iteration_bootstrap",70,2.83207158794046,0.0100656461805093,0.00355416375185249,0.00120307482863822
"final_sa_entropy","20m","1710","sa_entropy","Spectral angle entropy","final_70_iteration_bootstrap",70,2.77656464424144,0.0118333931566,0.0042618828202478,0.00141436100462701
"final_sa_entropy","20m","1711","sa_entropy","Spectral angle entropy","final_70_iteration_bootstrap",70,2.75600317062448,0.24185518532637,0.0877557718018038,0.0289072236817949
"final_sa_entropy","20m","1712","sa_entropy","Spectral angle entropy","final_70_iteration_bootstrap",70,2.84514518864483,0.011696393377653,0.00411100052972133,0.00139798639910002
"final_sa_entropy","20m","1713","sa_entropy","Spectral angle entropy","final_70_iteration_bootstrap",70,2.86732052926328,0.010131520665242,0.00353344544561439,0.00121094833551599
"final_sa_entropy","20m","1714","sa_entropy","Spectral angle entropy","final_70_iteration_bootstrap",70,2.75892530110646,0.115294409933697,0.0417896091233273,0.0137803177249082
"final_sa_entropy","20m","1715","sa_entropy","Spectral angle entropy","final_70_iteration_bootstrap",70,2.86007328419469,0.0130837386413807,0.00457461657142982,0.00156380587412321
"final_sa_entropy","20m","1716","sa_entropy","Spectral angle entropy","final_70_iteration_bootstrap",70,2.79920058738361,0.0103650532434835,0.00370286191357641,0.00123886081738857
"final_sa_entropy","20m","1717","sa_entropy","Spectral angle entropy","final_70_iteration_bootstrap",70,2.78767773689792,0.0126340523969446,0.00453210650202472,0.0015100580876658
"final_sa_entropy","20m","1718","sa_entropy","Spectral angle entropy","final_70_iteration_bootstrap",70,2.75809767846834,0.142363702733733,0.0516166283178165,0.0170157170438135
"final_sa_entropy","20m","1719","sa_entropy","Spectral angle entropy","final_70_iteration_bootstrap",70,2.7912084496763,0.0114897631299699,0.00411641170379174,0.00137328936074155
"final_sa_entropy","20m","1720","sa_entropy","Spectral angle entropy","final_70_iteration_bootstrap",70,2.82778995987921,0.0110246071567761,0.00389866549962819,0.00131769258804515
"final_sa_entropy","20m","1721","sa_entropy","Spectral angle entropy","final_70_iteration_bootstrap",70,2.98433975496297,0.0830431883958077,0.0278263184537573,0.00992555945810153
"final_sa_entropy","20m","1722","sa_entropy","Spectral angle entropy","final_70_iteration_bootstrap",70,3.05855778484128,0.0112075933765222,0.00366433926214144,0.0013395636245406
"final_sa_entropy","20m","18","sa_entropy","Spectral angle entropy","final_70_iteration_bootstrap",70,2.81795039203835,0.0134057442582724,0.00475726765671534,0.00160229290669075
"final_sa_entropy","20m","1800","sa_entropy","Spectral angle entropy","final_70_iteration_bootstrap",70,2.77191289044029,0.139904880761987,0.0504723222885136,0.0167218316072244
"final_sa_entropy","20m","1801","sa_entropy","Spectral angle entropy","final_70_iteration_bootstrap",70,2.7782757428621,0.0119505529291389,0.00430142794855481,0.00142836427582718
"final_sa_entropy","20m","1802","sa_entropy","Spectral angle entropy","final_70_iteration_bootstrap",70,2.78982998225387,0.0108196629728594,0.00387825173637223,0.00129319707285176
"final_sa_entropy","20m","1803","sa_entropy","Spectral angle entropy","final_70_iteration_bootstrap",70,2.86305133270557,0.0108368678608168,0.00378507634041477,0.00129525345028246
"final_sa_entropy","20m","1804","sa_entropy","Spectral angle entropy","final_70_iteration_bootstrap",70,2.78332647999513,0.0106314789344467,0.00381970243550633,0.00127070477819866
"final_sa_entropy","20m","1805","sa_entropy","Spectral angle entropy","final_70_iteration_bootstrap",70,2.84709684644686,0.0117588092162262,0.00413010510369572,0.00140544651869385
"final_sa_entropy","20m","1806","sa_entropy","Spectral angle entropy","final_70_iteration_bootstrap",70,2.75029707776978,0.0117703338747406,0.00427965908478701,0.00140682397885077
"final_sa_entropy","20m","1807","sa_entropy","Spectral angle entropy","final_70_iteration_bootstrap",70,2.88322656827726,0.0105465851833415,0.00365791065446624,0.0012605580341912
"final_sa_entropy","20m","1808","sa_entropy","Spectral angle entropy","final_70_iteration_bootstrap",70,2.79420623000261,0.0840830543491794,0.0300919285936532,0.0100498472118358
"final_sa_entropy","20m","1809","sa_entropy","Spectral angle entropy","final_70_iteration_bootstrap",70,2.77325867170056,0.0105345057584964,0.003798601935692,0.00125911426677528
"final_sa_entropy","20m","1810","sa_entropy","Spectral angle entropy","final_70_iteration_bootstrap",70,2.75433055658025,0.0140096239858519,0.00508639892636782,0.00167447033939075
"final_sa_entropy","20m","1811","sa_entropy","Spectral angle entropy","final_70_iteration_bootstrap",70,2.86987024635674,0.218466646079066,0.0761242242071417,0.0261117585579031
"final_sa_entropy","20m","1812","sa_entropy","Spectral angle entropy","final_70_iteration_bootstrap",70,2.93173830475672,0.00968373268763175,0.00330306858286771,0.00115742743534041
"final_sa_entropy","20m","1813","sa_entropy","Spectral angle entropy","final_70_iteration_bootstrap",70,2.87307986227856,0.013203303160871,0.00459552250329717,0.00157809656755882
"final_sa_entropy","20m","1814","sa_entropy","Spectral angle entropy","final_70_iteration_bootstrap",70,2.78202742222739,0.205822197991928,0.0739828070519661,0.024600457947604
"final_sa_entropy","20m","1815","sa_entropy","Spectral angle entropy","final_70_iteration_bootstrap",70,2.78143966323712,0.0138715210719008,0.00498717310148541,0.00165796388401207
"final_sa_entropy","20m","1816","sa_entropy","Spectral angle entropy","final_70_iteration_bootstrap",70,2.84211787785313,0.0133378397645783,0.00469292279131415,0.00159417676733419
"final_sa_entropy","20m","1817","sa_entropy","Spectral angle entropy","final_70_iteration_bootstrap",70,2.76577010368818,0.113542039220714,0.0410525947436138,0.0135708693638765
"final_sa_entropy","20m","1818","sa_entropy","Spectral angle entropy","final_70_iteration_bootstrap",70,2.79574492298826,0.116694338233597,0.0417399803802084,0.0139476411604139
"final_sa_entropy","20m","1819","sa_entropy","Spectral angle entropy","final_70_iteration_bootstrap",70,2.81050124875535,0.0120534263805531,0.00428871055862047,0.0014406600050543
"final_sa_entropy","20m","1820","sa_entropy","Spectral angle entropy","final_70_iteration_bootstrap",70,2.83642336249834,0.011393708488994,0.00401692802267653,0.00136180863524618
"final_sa_entropy","20m","1821","sa_entropy","Spectral angle entropy","final_70_iteration_bootstrap",70,2.99638527241713,0.011087201737109,0.00370019230810235,0.00132517407136547
"final_sa_entropy","20m","1822","sa_entropy","Spectral angle entropy","final_70_iteration_bootstrap",70,2.89984397308117,0.00983502915356677,0.00339157183795539,0.00117551082179808
"final_sa_entropy","20m","19","sa_entropy","Spectral angle entropy","final_70_iteration_bootstrap",70,2.87651060455018,0.0153131317625556,0.00532350958078606,0.00183026931811137
"final_sa_entropy","20m","1900","sa_entropy","Spectral angle entropy","final_70_iteration_bootstrap",70,2.8829585984958,0.301422051141982,0.104553028024492,0.0360268259009152
"final_sa_entropy","20m","1901","sa_entropy","Spectral angle entropy","final_70_iteration_bootstrap",70,2.78767768033936,0.0809416784089676,0.0290355226430317,0.00967438097219421
"final_sa_entropy","20m","1902","sa_entropy","Spectral angle entropy","final_70_iteration_bootstrap",70,2.78245210553556,0.0116808136179857,0.00419802863623323,0.00139612426165193
"final_sa_entropy","20m","1903","sa_entropy","Spectral angle entropy","final_70_iteration_bootstrap",70,2.89867374001785,0.0121334720903304,0.00418587022155026,0.00145022729729233
"final_sa_entropy","20m","1904","sa_entropy","Spectral angle entropy","final_70_iteration_bootstrap",70,2.88306666734431,0.0106328552854173,0.00368803656393127,0.00127086928360432
"final_sa_entropy","20m","1905","sa_entropy","Spectral angle entropy","final_70_iteration_bootstrap",70,2.90290694905038,0.0108014094788362,0.00372089414797456,0.00129101536302407
"final_sa_entropy","20m","1906","sa_entropy","Spectral angle entropy","final_70_iteration_bootstrap",70,2.77437340203042,0.011520008367614,0.00415229195867547,0.00137690435807439
"final_sa_entropy","20m","1907","sa_entropy","Spectral angle entropy","final_70_iteration_bootstrap",70,2.90159959027836,0.0115560741463893,0.00398265638894741,0.0013812150431354
"final_sa_entropy","20m","1908","sa_entropy","Spectral angle entropy","final_70_iteration_bootstrap",70,2.84202618120489,0.0126797701643786,0.00446152475590602,0.001515522406025
"final_sa_entropy","20m","1909","sa_entropy","Spectral angle entropy","final_70_iteration_bootstrap",70,2.74984768939358,0.0122277855844604,0.00444671376950225,0.00146149991593537
"final_sa_entropy","20m","1910","sa_entropy","Spectral angle entropy","final_70_iteration_bootstrap",70,2.79976085257441,0.0130947783329283,0.00467710601813992,0.0015651253696408
"final_sa_entropy","20m","1911","sa_entropy","Spectral angle entropy","final_70_iteration_bootstrap",70,2.79468004015341,0.0108636776434719,0.00388727063112226,0.00129845783220641
"final_sa_entropy","20m","1912","sa_entropy","Spectral angle entropy","final_70_iteration_bootstrap",70,2.91349807389878,0.0107359300421786,0.00368489347508373,0.00128318907342245
"final_sa_entropy","20m","1913","sa_entropy","Spectral angle entropy","final_70_iteration_bootstrap",70,2.82343087892741,0.00945714926057085,0.00334952391827759,0.00113034553589799
"final_sa_entropy","20m","1914","sa_entropy","Spectral angle entropy","final_70_iteration_bootstrap",70,2.77085614576463,0.0105707416577677,0.00381497309917209,0.00126344528512468
"final_sa_entropy","20m","1915","sa_entropy","Spectral angle entropy","final_70_iteration_bootstrap",70,2.79862663624463,0.0112879783339019,0.00403339916361577,0.00134917146462263
"final_sa_entropy","20m","1916","sa_entropy","Spectral angle entropy","final_70_iteration_bootstrap",70,2.8161537306795,0.0112914802636481,0.00400953972811834,0.00134959002528469
"final_sa_entropy","20m","1917","sa_entropy","Spectral angle entropy","final_70_iteration_bootstrap",70,2.8845932145551,0.0123235208255862,0.00427218672061074,0.00147294246584688
"final_sa_entropy","20m","1918","sa_entropy","Spectral angle entropy","final_70_iteration_bootstrap",70,2.78245310147619,0.0122380566944074,0.00439829756264884,0.0014627275483812
"final_sa_entropy","20m","1919","sa_entropy","Spectral angle entropy","final_70_iteration_bootstrap",70,2.81914992706993,0.0113050631893156,0.00401009647651677,0.00135121349542031
"final_sa_entropy","20m","1920","sa_entropy","Spectral angle entropy","final_70_iteration_bootstrap",70,2.83182132838708,0.0113504117064046,0.00400816661440622,0.00135663367992188
"final_sa_entropy","20m","1921","sa_entropy","Spectral angle entropy","final_70_iteration_bootstrap",70,2.8174159809973,0.193799904668236,0.0687864007215703,0.0231635190545754
"final_sa_entropy","20m","2","sa_entropy","Spectral angle entropy","final_70_iteration_bootstrap",70,2.81418913500395,0.0113479093129678,0.00403239042174465,0.00135633458669913
"final_sa_entropy","20m","20","sa_entropy","Spectral angle entropy","final_70_iteration_bootstrap",70,2.73715537208225,0.115198156335285,0.0420868166674986,0.0137688132194509
"final_sa_entropy","20m","200","sa_entropy","Spectral angle entropy","final_70_iteration_bootstrap",70,2.77830545692635,0.13743624539435,0.0494676512446532,0.0164267732454829
"final_sa_entropy","20m","201","sa_entropy","Spectral angle entropy","final_70_iteration_bootstrap",70,2.87897521342584,0.0123170057535615,0.00427826043660336,0.0014721637657993
"final_sa_entropy","20m","202","sa_entropy","Spectral angle entropy","final_70_iteration_bootstrap",70,2.96003517727559,0.0107848395895717,0.00364348358842751,0.00128903488245383
"final_sa_entropy","20m","203","sa_entropy","Spectral angle entropy","final_70_iteration_bootstrap",70,2.89265976161327,0.0132731313000089,0.00458855599823683,0.00158644262652225
"final_sa_entropy","20m","204","sa_entropy","Spectral angle entropy","final_70_iteration_bootstrap",70,2.7834267551269,0.011448417752524,0.00411306592905191,0.00136834764294284
"final_sa_entropy","20m","205","sa_entropy","Spectral angle entropy","final_70_iteration_bootstrap",70,2.88475960159479,0.0105688212563876,0.00366367486931835,0.00126321575325759
"final_sa_entropy","20m","206","sa_entropy","Spectral angle entropy","final_70_iteration_bootstrap",70,2.95886241130822,0.0119774765171179,0.00404800049888843,0.00143158226008902
"final_sa_entropy","20m","207","sa_entropy","Spectral angle entropy","final_70_iteration_bootstrap",70,2.86801428403613,0.0112210263816782,0.0039124722788643,0.00134116917574778
"final_sa_entropy","20m","208","sa_entropy","Spectral angle entropy","final_70_iteration_bootstrap",70,2.74942498602281,0.0117391892660175,0.00426968887156251,0.00140310148611353
"final_sa_entropy","20m","209","sa_entropy","Spectral angle entropy","final_70_iteration_bootstrap",70,2.78525673940171,0.248390420227863,0.0891804395314809,0.0296883336540934
"final_sa_entropy","20m","21","sa_entropy","Spectral angle entropy","final_70_iteration_bootstrap",70,2.74104590530849,0.220298626051343,0.0803702796894784,0.0263307220453624
"final_sa_entropy","20m","210","sa_entropy","Spectral angle entropy","final_70_iteration_bootstrap",70,2.75638029711198,0.0120350148653849,0.00436623889598785,0.00143845940808727
"final_sa_entropy","20m","211","sa_entropy","Spectral angle entropy","final_70_iteration_bootstrap",70,2.77473639337146,0.0110215454958972,0.00397210543034878,0.0013173266495777
"final_sa_entropy","20m","212","sa_entropy","Spectral angle entropy","final_70_iteration_bootstrap",70,2.81704494057219,0.0113157381900614,0.00401688238163605,0.00135248940204992
"final_sa_entropy","20m","213","sa_entropy","Spectral angle entropy","final_70_iteration_bootstrap",70,2.80309348854162,0.0119288197302172,0.00425559110995741,0.00142576666171482
"final_sa_entropy","20m","214","sa_entropy","Spectral angle entropy","final_70_iteration_bootstrap",70,2.70377886537279,0.0130503043718191,0.0048266907249531,0.00155980971457199
"final_sa_entropy","20m","215","sa_entropy","Spectral angle entropy","final_70_iteration_bootstrap",70,2.86284241074058,0.0133191344566922,0.00465241621638778,0.001591941055421
"final_sa_entropy","20m","216","sa_entropy","Spectral angle entropy","final_70_iteration_bootstrap",70,2.83440054570714,0.0138945790787617,0.00490212263746768,0.00166071984295951
"final_sa_entropy","20m","217","sa_entropy","Spectral angle entropy","final_70_iteration_bootstrap",70,2.8195728609412,0.0123050143456872,0.00436414129109602,0.00147073051842355
"final_sa_entropy","20m","218","sa_entropy","Spectral angle entropy","final_70_iteration_bootstrap",70,2.61508460391247,0.0130308509428241,0.00498295578021775,0.00155748458508354
"final_sa_entropy","20m","219","sa_entropy","Spectral angle entropy","final_70_iteration_bootstrap",70,2.8876492124115,0.0803015677772792,0.0278086297435756,0.0095978731181809
"final_sa_entropy","20m","22","sa_entropy","Spectral angle entropy","final_70_iteration_bootstrap",70,2.73972707437973,0.0137507852215346,0.00501903468784305,0.00164353318975907
"final_sa_entropy","20m","220","sa_entropy","Spectral angle entropy","final_70_iteration_bootstrap",70,2.84280084593243,0.114792872433453,0.0403802020101768,0.0137203725280136
"final_sa_entropy","20m","221","sa_entropy","Spectral angle entropy","final_70_iteration_bootstrap",70,2.71869465191659,0.0137753969682824,0.00506691582983445,0.00164647485614294
"final_sa_entropy","20m","222","sa_entropy","Spectral angle entropy","final_70_iteration_bootstrap",70,2.66175594943241,0.138389362082838,0.0519917545830405,0.0165406924788944
"final_sa_entropy","20m","223","sa_entropy","Spectral angle entropy","final_70_iteration_bootstrap",70,2.80824586541447,0.296498253869739,0.105581301666398,0.0354383195642804
"final_sa_entropy","20m","224","sa_entropy","Spectral angle entropy","final_70_iteration_bootstrap",70,2.75309649939738,0.081905694591639,0.0297503900097826,0.00978960294433322
"final_sa_entropy","20m","23","sa_entropy","Spectral angle entropy","final_70_iteration_bootstrap",70,2.86091445447738,0.114770592679733,0.0401167509570638,0.0137177095881081
"final_sa_entropy","20m","24","sa_entropy","Spectral angle entropy","final_70_iteration_bootstrap",70,2.69866642637982,0.321035160776906,0.11896066799466,0.0383710408762825
"final_sa_entropy","20m","3","sa_entropy","Spectral angle entropy","final_70_iteration_bootstrap",70,2.74771347459471,0.0819743548151376,0.0298336619058248,0.00979780941067811
"final_sa_entropy","20m","300","sa_entropy","Spectral angle entropy","final_70_iteration_bootstrap",70,2.78560950989544,0.0819476977618779,0.029418228746984,0.00979462328340845
"final_sa_entropy","20m","301","sa_entropy","Spectral angle entropy","final_70_iteration_bootstrap",70,2.77957171126768,0.0107840782499235,0.00387976255701826,0.00128894388496093
"final_sa_entropy","20m","302","sa_entropy","Spectral angle entropy","final_70_iteration_bootstrap",70,2.84573939709323,0.011562909638072,0.00406323560403418,0.00138203204065721
"final_sa_entropy","20m","303","sa_entropy","Spectral angle entropy","final_70_iteration_bootstrap",70,2.84534000334324,0.0117708446366529,0.00413688509029581,0.00140688502657579
"final_sa_entropy","20m","304","sa_entropy","Spectral angle entropy","final_70_iteration_bootstrap",70,2.78744531516698,0.0125095270253811,0.00448781074100884,0.00149517445899773
"final_sa_entropy","20m","305","sa_entropy","Spectral angle entropy","final_70_iteration_bootstrap",70,2.896619588277,0.0113202255412209,0.00390808153995621,0.00135302574309851
"final_sa_entropy","20m","306","sa_entropy","Spectral angle entropy","final_70_iteration_bootstrap",70,3.01402022822319,0.082511399478176,0.0273758612186945,0.00986199852525349
"final_sa_entropy","20m","307","sa_entropy","Spectral angle entropy","final_70_iteration_bootstrap",70,2.9678973693955,0.0125015050111398,0.00421224303106079,0.00149421564490516
"final_sa_entropy","20m","308","sa_entropy","Spectral angle entropy","final_70_iteration_bootstrap",70,2.82710493102307,0.0110159371935823,0.00389654344722036,0.00131665632924004
"final_sa_entropy","20m","309","sa_entropy","Spectral angle entropy","final_70_iteration_bootstrap",70,2.71085581888456,0.0834450672470455,0.0307818168217374,0.00997359316815012
"final_sa_entropy","20m","310","sa_entropy","Spectral angle entropy","final_70_iteration_bootstrap",70,2.74375626324239,0.11589443865934,0.0422393345254303,0.0138520348748393
"final_sa_entropy","20m","311","sa_entropy","Spectral angle entropy","final_70_iteration_bootstrap",70,2.83845681656502,0.0110786475665021,0.00390305306103232,0.00132415165242162
"final_sa_entropy","20m","312","sa_entropy","Spectral angle entropy","final_70_iteration_bootstrap",70,2.91652613776148,0.0138377742318024,0.00474460833820034,0.00165393036513605
"final_sa_entropy","20m","313","sa_entropy","Spectral angle entropy","final_70_iteration_bootstrap",70,2.7677714614906,0.0109944303888724,0.00397230426783551,0.00131408577441158
"final_sa_entropy","20m","314","sa_entropy","Spectral angle entropy","final_70_iteration_bootstrap",70,2.69981563144888,0.176292266339045,0.0652978908209506,0.0210709560332825
"final_sa_entropy","20m","315","sa_entropy","Spectral angle entropy","final_70_iteration_bootstrap",70,2.87552503535802,0.0129516592971052,0.00450410242924302,0.00154801937302519
"final_sa_entropy","20m","316","sa_entropy","Spectral angle entropy","final_70_iteration_bootstrap",70,2.81534001836016,0.231330470169895,0.0821678620206725,0.0276492796157835
"final_sa_entropy","20m","317","sa_entropy","Spectral angle entropy","final_70_iteration_bootstrap",70,2.79553240293147,0.0118555655932593,0.00424089721901532,0.0014170111176904
"final_sa_entropy","20m","318","sa_entropy","Spectral angle entropy","final_70_iteration_bootstrap",70,2.79337399043578,0.0129574358046279,0.00463863265319747,0.00154870979773051
"final_sa_entropy","20m","319","sa_entropy","Spectral angle entropy","final_70_iteration_bootstrap",70,2.73887484923156,0.0107881949131578,0.00393891488549929,0.0012894359203282
"final_sa_entropy","20m","320","sa_entropy","Spectral angle entropy","final_70_iteration_bootstrap",70,2.88466110414884,0.0127195319074692,0.00440936784191925,0.00152027484331489
"final_sa_entropy","20m","321","sa_entropy","Spectral angle entropy","final_70_iteration_bootstrap",70,2.86945595858669,0.0110212437960725,0.00384088271614416,0.0013172905895515
"final_sa_entropy","20m","322","sa_entropy","Spectral angle entropy","final_70_iteration_bootstrap",70,2.72068753092739,0.0124754959518595,0.00458542034322,0.00149110696772979
"final_sa_entropy","20m","323","sa_entropy","Spectral angle entropy","final_70_iteration_bootstrap",70,2.77892997122322,0.0124818935607409,0.00449161860500092,0.00149187162824643
"final_sa_entropy","20m","324","sa_entropy","Spectral angle entropy","final_70_iteration_bootstrap",70,2.7176306488753,0.138382321075164,0.0509202091654485,0.0165398509175134
"final_sa_entropy","20m","4","sa_entropy","Spectral angle entropy","final_70_iteration_bootstrap",70,2.7639344975755,0.0817158819554726,0.0295650573583249,0.0097669159950173
"final_sa_entropy","20m","400","sa_entropy","Spectral angle entropy","final_70_iteration_bootstrap",70,2.87185245101868,0.0116372714307505,0.00405218291302626,0.00139091997486228
"final_sa_entropy","20m","401","sa_entropy","Spectral angle entropy","final_70_iteration_bootstrap",70,2.80354969684062,0.0819908893312741,0.0292453846720361,0.00979978566335089
"final_sa_entropy","20m","402","sa_entropy","Spectral angle entropy","final_70_iteration_bootstrap",70,2.81065175839686,0.00932081605244438,0.00331624721013491,0.00111405060082248
"final_sa_entropy","20m","403","sa_entropy","Spectral angle entropy","final_70_iteration_bootstrap",70,2.79570534855648,0.0809168868857796,0.0289432814969431,0.00967141781841588
"final_sa_entropy","20m","404","sa_entropy","Spectral angle entropy","final_70_iteration_bootstrap",70,2.71964227369279,0.0143769996240456,0.00528635687241477,0.00171838012670491
"final_sa_entropy","20m","405","sa_entropy","Spectral angle entropy","final_70_iteration_bootstrap",70,2.84324059212325,0.0131495316785422,0.00462483959850985,0.00157166964615425
"final_sa_entropy","20m","406","sa_entropy","Spectral angle entropy","final_70_iteration_bootstrap",70,2.96614622644073,0.0130065482165907,0.00438499899318791,0.00155457985371564
"final_sa_entropy","20m","407","sa_entropy","Spectral angle entropy","final_70_iteration_bootstrap",70,3.08195868583186,0.00973198801886037,0.00315772825365879,0.00116319505058415
"final_sa_entropy","20m","408","sa_entropy","Spectral angle entropy","final_70_iteration_bootstrap",70,2.92311764488631,0.0118046347142151,0.00403837140625047,0.00141092371331718
"final_sa_entropy","20m","409","sa_entropy","Spectral angle entropy","final_70_iteration_bootstrap",70,2.84825408200973,0.0111894065186601,0.00392851416920109,0.00133738987925753
"final_sa_entropy","20m","410","sa_entropy","Spectral angle entropy","final_70_iteration_bootstrap",70,2.74544624808588,0.114205067427626,0.0415979979601674,0.0136501163920462
"final_sa_entropy","20m","411","sa_entropy","Spectral angle entropy","final_70_iteration_bootstrap",70,2.74331098659969,0.0110256857934038,0.00401911626033696,0.0013178215097808
"final_sa_entropy","20m","412","sa_entropy","Spectral angle entropy","final_70_iteration_bootstrap",70,2.66716344811974,0.31916587991355,0.119664912226714,0.038147619079606
"final_sa_entropy","20m","413","sa_entropy","Spectral angle entropy","final_70_iteration_bootstrap",70,2.74536597220988,0.0123230953638447,0.00448868948205299,0.00147289161344232
"final_sa_entropy","20m","414","sa_entropy","Spectral angle entropy","final_70_iteration_bootstrap",70,2.72329158382869,0.0127432490003616,0.00467935533456383,0.00152310957811041
"final_sa_entropy","20m","415","sa_entropy","Spectral angle entropy","final_70_iteration_bootstrap",70,2.70981753823622,0.0111933540128743,0.00413066704858657,0.00133786169505953
"final_sa_entropy","20m","416","sa_entropy","Spectral angle entropy","final_70_iteration_bootstrap",70,2.83187246461769,0.0115846525226828,0.00409081011501229,0.00138463081243083
"final_sa_entropy","20m","417","sa_entropy","Spectral angle entropy","final_70_iteration_bootstrap",70,2.82927057429633,0.0153810328475482,0.00543639515685899,0.00183838505005017
"final_sa_entropy","20m","418","sa_entropy","Spectral angle entropy","final_70_iteration_bootstrap",70,2.82948792812385,0.011905509886948,0.00420765530349594,0.00142298060255937
"final_sa_entropy","20m","419","sa_entropy","Spectral angle entropy","final_70_iteration_bootstrap",70,2.55129853051345,0.299430327508665,0.117363892906881,0.0357887693940724
"final_sa_entropy","20m","420","sa_entropy","Spectral angle entropy","final_70_iteration_bootstrap",70,2.58681782854407,0.25550814303862,0.0987731490865852,0.0305390642477663
"final_sa_entropy","20m","421","sa_entropy","Spectral angle entropy","final_70_iteration_bootstrap",70,2.72552125235141,0.0115787607699634,0.0042482738888842,0.0013839266132899
"final_sa_entropy","20m","422","sa_entropy","Spectral angle entropy","final_70_iteration_bootstrap",70,2.77459484167646,0.116153868820882,0.0418633622019927,0.0138830427099592
"final_sa_entropy","20m","423","sa_entropy","Spectral angle entropy","final_70_iteration_bootstrap",70,2.84053604568827,0.013951048143668,0.00491141387374567,0.00166746918715135
"final_sa_entropy","20m","424","sa_entropy","Spectral angle entropy","final_70_iteration_bootstrap",70,2.81393948240517,0.0114106509114062,0.0040550448873382,0.00136383364204403
"final_sa_entropy","20m","5","sa_entropy","Spectral angle entropy","final_70_iteration_bootstrap",70,2.95904324127179,0.0116355771185428,0.00393220922095814,0.0013907174658199
"final_sa_entropy","20m","500","sa_entropy","Spectral angle entropy","final_70_iteration_bootstrap",70,2.78416430444028,0.0127910651073425,0.00459422063810777,0.00152882469601547
"final_sa_entropy","20m","501","sa_entropy","Spectral angle entropy","final_70_iteration_bootstrap",70,2.87689296737705,0.0120673670945359,0.00419458326443688,0.00144232623907298
"final_sa_entropy","20m","502","sa_entropy","Spectral angle entropy","final_70_iteration_bootstrap",70,2.82623064498178,0.249621936175598,0.0883232713574966,0.0298355279634519
"final_sa_entropy","20m","503","sa_entropy","Spectral angle entropy","final_70_iteration_bootstrap",70,2.78260654736159,0.230149911711379,0.0827101883770103,0.0275081758913225
"final_sa_entropy","20m","504","sa_entropy","Spectral angle entropy","final_70_iteration_bootstrap",70,2.77618154854974,0.159633525511518,0.0575011117680362,0.0190798556700278
"final_sa_entropy","20m","505","sa_entropy","Spectral angle entropy","final_70_iteration_bootstrap",70,2.85254271642064,0.0116226047477292,0.00407447176192095,0.00138916697094717
"final_sa_entropy","20m","506","sa_entropy","Spectral angle entropy","final_70_iteration_bootstrap",70,2.90035037185669,0.00988280142096173,0.00340745087795553,0.00118122069987041
"final_sa_entropy","20m","507","sa_entropy","Spectral angle entropy","final_70_iteration_bootstrap",70,2.98688555510711,0.0124955917688702,0.00418348528536846,0.0014935088772717
"final_sa_entropy","20m","508","sa_entropy","Spectral angle entropy","final_70_iteration_bootstrap",70,2.99583333724673,0.00919758865878648,0.0030701269474621,0.00109932211018712
"final_sa_entropy","20m","509","sa_entropy","Spectral angle entropy","final_70_iteration_bootstrap",70,2.71990511803179,0.0807867042798227,0.0297020303187202,0.00965585802090814
"final_sa_entropy","20m","510","sa_entropy","Spectral angle entropy","final_70_iteration_bootstrap",70,2.80033108225732,0.0128113453392343,0.00457493952068955,0.00153124864735157
"final_sa_entropy","20m","511","sa_entropy","Spectral angle entropy","final_70_iteration_bootstrap",70,2.78242872992748,0.230161899926272,0.0827197827030314,0.027509608757064
"final_sa_entropy","20m","512","sa_entropy","Spectral angle entropy","final_70_iteration_bootstrap",70,2.81411923931905,0.0130058025654412,0.00462162455084466,0.001554490731357
"final_sa_entropy","20m","513","sa_entropy","Spectral angle entropy","final_70_iteration_bootstrap",70,2.78557862609146,0.0113708253492455,0.00408203352895492,0.0013590735769163
"final_sa_entropy","20m","514","sa_entropy","Spectral angle entropy","final_70_iteration_bootstrap",70,2.76894075172406,0.0151020386955652,0.00545408517179792,0.00180503887082146
"final_sa_entropy","20m","515","sa_entropy","Spectral angle entropy","final_70_iteration_bootstrap",70,2.82572478383696,0.0817085636499809,0.0289159666636152,0.00976604129020775
"final_sa_entropy","20m","516","sa_entropy","Spectral angle entropy","final_70_iteration_bootstrap",70,2.76293777264089,0.0118929615244236,0.00430446231623089,0.00142148078637043
"final_sa_entropy","20m","517","sa_entropy","Spectral angle entropy","final_70_iteration_bootstrap",70,2.7165876742785,0.0831430259738873,0.0306056847570617,0.00993749233106227
"final_sa_entropy","20m","518","sa_entropy","Spectral angle entropy","final_70_iteration_bootstrap",70,2.69142750661481,0.0124654307870764,0.0046315313180235,0.00148990395043915
"final_sa_entropy","20m","519","sa_entropy","Spectral angle entropy","final_70_iteration_bootstrap",70,2.93993564402578,0.228540719617185,0.0777366402838108,0.027315840648433
"final_sa_entropy","20m","520","sa_entropy","Spectral angle entropy","final_70_iteration_bootstrap",70,2.84833554371337,0.0137970883805045,0.00484391258289648,0.00164906747578941
"final_sa_entropy","20m","521","sa_entropy","Spectral angle entropy","final_70_iteration_bootstrap",70,2.697365491895,0.0154131945202235,0.00571416612488623,0.00184222910518072
"final_sa_entropy","20m","522","sa_entropy","Spectral angle entropy","final_70_iteration_bootstrap",70,2.65447359694469,0.0135847251462108,0.00511767197904958,0.00162368521446955
"final_sa_entropy","20m","523","sa_entropy","Spectral angle entropy","final_70_iteration_bootstrap",70,2.75401333380913,0.0125805323705273,0.00456807242582479,0.00150366122099117
"final_sa_entropy","20m","524","sa_entropy","Spectral angle entropy","final_70_iteration_bootstrap",70,2.90022479013955,0.0131785384915506,0.00454397139709868,0.00157513662343158
"final_sa_entropy","20m","6","sa_entropy","Spectral angle entropy","final_70_iteration_bootstrap",70,2.89849246710073,0.010983292793498,0.00378931217457475,0.00131275457714851
"final_sa_entropy","20m","600","sa_entropy","Spectral angle entropy","final_70_iteration_bootstrap",70,2.77833366263295,0.0124455646039818,0.00447950682503248,0.00148752948739985
"final_sa_entropy","20m","601","sa_entropy","Spectral angle entropy","final_70_iteration_bootstrap",70,2.78357812305928,0.0138371868348026,0.00497100717963499,0.00165386015776613
"final_sa_entropy","20m","602","sa_entropy","Spectral angle entropy","final_70_iteration_bootstrap",70,2.79616784988348,0.0147304092499499,0.00526807045956262,0.00176062065627441
"final_sa_entropy","20m","603","sa_entropy","Spectral angle entropy","final_70_iteration_bootstrap",70,2.79909952731946,0.00986174252221902,0.00352318394754011,0.00117870368004457
"final_sa_entropy","20m","604","sa_entropy","Spectral angle entropy","final_70_iteration_bootstrap",70,2.7670218452422,0.010826444192741,0.00391267029978702,0.00129400758365262
"final_sa_entropy","20m","605","sa_entropy","Spectral angle entropy","final_70_iteration_bootstrap",70,2.83717179135753,0.0110037267838175,0.00387841399570396,0.00131519690613178
"final_sa_entropy","20m","606","sa_entropy","Spectral angle entropy","final_70_iteration_bootstrap",70,2.85149231499868,0.0117737150286229,0.00412896607390238,0.00140722810403604
"final_sa_entropy","20m","607","sa_entropy","Spectral angle entropy","final_70_iteration_bootstrap",70,2.95461582997072,0.0132865647326506,0.00449688402731609,0.00158804822882374
"final_sa_entropy","20m","608","sa_entropy","Spectral angle entropy","final_70_iteration_bootstrap",70,2.78442093791673,0.0809774689928001,0.0290823373327262,0.00967865876516835
"final_sa_entropy","20m","609","sa_entropy","Spectral angle entropy","final_70_iteration_bootstrap",70,2.78642194504347,0.0125075034461501,0.00448873275219447,0.00149493259501871
"final_sa_entropy","20m","610","sa_entropy","Spectral angle entropy","final_70_iteration_bootstrap",70,2.80814471410826,0.010081922271124,0.00359024313115771,0.0012050201935533
"final_sa_entropy","20m","611","sa_entropy","Spectral angle entropy","final_70_iteration_bootstrap",70,2.76332663669438,0.0143235794019313,0.00518345504716222,0.00171199518892611
"final_sa_entropy","20m","612","sa_entropy","Spectral angle entropy","final_70_iteration_bootstrap",70,2.92574517849429,0.0144800313583583,0.00494917720955121,0.0017306947743569
"final_sa_entropy","20m","613","sa_entropy","Spectral angle entropy","final_70_iteration_bootstrap",70,2.90074640741103,0.0146180301770531,0.00503940301010316,0.00174718878797274
"final_sa_entropy","20m","614","sa_entropy","Spectral angle entropy","final_70_iteration_bootstrap",70,2.81339182141879,0.0116038402261534,0.00412450201134857,0.00138692418164438
"final_sa_entropy","20m","615","sa_entropy","Spectral angle entropy","final_70_iteration_bootstrap",70,2.78277537636819,0.0128211530651667,0.00460732589990775,0.00153242089481426
"final_sa_entropy","20m","616","sa_entropy","Spectral angle entropy","final_70_iteration_bootstrap",70,2.81998536123842,0.0133488203219433,0.00473364880024805,0.0015954891949651
"final_sa_entropy","20m","617","sa_entropy","Spectral angle entropy","final_70_iteration_bootstrap",70,2.7781902209169,0.0796711356631157,0.028677350839145,0.00952252206827176
"final_sa_entropy","20m","618","sa_entropy","Spectral angle entropy","final_70_iteration_bootstrap",70,2.76492135119815,0.207512514261197,0.0750518687163647,0.0248024893839894
"final_sa_entropy","20m","619","sa_entropy","Spectral angle entropy","final_70_iteration_bootstrap",70,2.75855817472983,0.0805369835575351,0.0291953181539928,0.00962601068574596
"final_sa_entropy","20m","620","sa_entropy","Spectral angle entropy","final_70_iteration_bootstrap",70,2.87126630975769,0.0865168226962034,0.0301319394868338,0.0103407381675213
"final_sa_entropy","20m","621","sa_entropy","Spectral angle entropy","final_70_iteration_bootstrap",70,2.72427602455289,0.0139642463470679,0.0051258559049132,0.00166904667418089
"final_sa_entropy","20m","622","sa_entropy","Spectral angle entropy","final_70_iteration_bootstrap",70,2.71547365476208,0.0151592948406829,0.00558256008637692,0.00181188228909195
"final_sa_entropy","20m","623","sa_entropy","Spectral angle entropy","final_70_iteration_bootstrap",70,2.71685509141432,0.231016733886621,0.0850309369155054,0.027611780957628
"final_sa_entropy","20m","624","sa_entropy","Spectral angle entropy","final_70_iteration_bootstrap",70,2.72134297765891,0.0128101163777204,0.0047072774298889,0.00153110175835545
"final_sa_entropy","20m","7","sa_entropy","Spectral angle entropy","final_70_iteration_bootstrap",70,2.7658520867422,0.0127547821657488,0.00461151998217382,0.00152448805503311
"final_sa_entropy","20m","700","sa_entropy","Spectral angle entropy","final_70_iteration_bootstrap",70,2.91165346001397,0.0132941449217095,0.00456584037361565,0.00158895423470647
"final_sa_entropy","20m","701","sa_entropy","Spectral angle entropy","final_70_iteration_bootstrap",70,2.80084430295331,0.240749434240142,0.0859560218989278,0.0287750611484887
"final_sa_entropy","20m","702","sa_entropy","Spectral angle entropy","final_70_iteration_bootstrap",70,2.70201663217424,0.139784978490905,0.0517335744075062,0.0167075005447523
"final_sa_entropy","20m","703","sa_entropy","Spectral angle entropy","final_70_iteration_bootstrap",70,2.82519930844724,0.0813425297667656,0.0287917845383703,0.00972229187328728
"final_sa_entropy","20m","704","sa_entropy","Spectral angle entropy","final_70_iteration_bootstrap",70,2.88762093270616,0.0133484675350721,0.00462265229618019,0.00159544702886895
"final_sa_entropy","20m","705","sa_entropy","Spectral angle entropy","final_70_iteration_bootstrap",70,2.79074255363196,0.117652635350841,0.0421581830247024,0.0140621795734912
"final_sa_entropy","20m","706","sa_entropy","Spectral angle entropy","final_70_iteration_bootstrap",70,2.88852424447648,0.0100683084178995,0.00348562364922239,0.00120339302686758
"final_sa_entropy","20m","707","sa_entropy","Spectral angle entropy","final_70_iteration_bootstrap",70,2.95555147422505,0.010814910027456,0.00365918513745112,0.00129262898721928
"final_sa_entropy","20m","708","sa_entropy","Spectral angle entropy","final_70_iteration_bootstrap",70,2.91898044642654,0.0109043953583632,0.00373568633243588,0.00130332452998089
"final_sa_entropy","20m","709","sa_entropy","Spectral angle entropy","final_70_iteration_bootstrap",70,2.80058626032264,0.0118632928936878,0.00423600339034768,0.00141793470674491
"final_sa_entropy","20m","710","sa_entropy","Spectral angle entropy","final_70_iteration_bootstrap",70,2.80976928188275,0.264265328739735,0.0940523232436572,0.031585748136489
"final_sa_entropy","20m","711","sa_entropy","Spectral angle entropy","final_70_iteration_bootstrap",70,2.71774732523456,0.139271982437842,0.0512453755890726,0.0166461857888426
"final_sa_entropy","20m","712","sa_entropy","Spectral angle entropy","final_70_iteration_bootstrap",70,3.17956256138643,0.287569857308832,0.0904432140449654,0.0343711720637725
"final_sa_entropy","20m","713","sa_entropy","Spectral angle entropy","final_70_iteration_bootstrap",70,2.77965212177144,0.308623198161175,0.11102943269192,0.0368875275946514
"final_sa_entropy","20m","714","sa_entropy","Spectral angle entropy","final_70_iteration_bootstrap",70,3.04370954669158,0.0116907589572792,0.00384095748228892,0.00139731295705724
"final_sa_entropy","20m","715","sa_entropy","Spectral angle entropy","final_70_iteration_bootstrap",70,2.90447835504279,0.0106015853045331,0.00365008239297996,0.0012671318060277
"final_sa_entropy","20m","716","sa_entropy","Spectral angle entropy","final_70_iteration_bootstrap",70,2.84652775708065,0.0127264488597999,0.0044708676485389,0.00152110157724639
"final_sa_entropy","20m","717","sa_entropy","Spectral angle entropy","final_70_iteration_bootstrap",70,2.90494122148097,0.0115978720835881,0.00399246359885913,0.00138621085217052
"final_sa_entropy","20m","718","sa_entropy","Spectral angle entropy","final_70_iteration_bootstrap",70,2.73137974725138,0.0108554498771832,0.00397434662393875,0.00129747442604049
"final_sa_entropy","20m","719","sa_entropy","Spectral angle entropy","final_70_iteration_bootstrap",70,2.87738457417572,0.328466269035259,0.114154455397869,0.0392592281952269
"final_sa_entropy","20m","720","sa_entropy","Spectral angle entropy","final_70_iteration_bootstrap",70,2.66722299511599,0.0125543034938765,0.0047068818455993,0.00150052627061479
"final_sa_entropy","20m","721","sa_entropy","Spectral angle entropy","final_70_iteration_bootstrap",70,2.81695806272186,0.0139228351338622,0.00494250706750296,0.00166409708750382
"final_sa_entropy","20m","722","sa_entropy","Spectral angle entropy","final_70_iteration_bootstrap",70,2.79168590782651,0.0119214794053088,0.00427035124971862,0.00142488932508159
"final_sa_entropy","20m","723","sa_entropy","Spectral angle entropy","final_70_iteration_bootstrap",70,2.70585360412026,0.0120683614020253,0.00446009399165147,0.00144244508154876
"final_sa_entropy","20m","724","sa_entropy","Spectral angle entropy","final_70_iteration_bootstrap",70,2.69969953478515,0.17773584703638,0.0658354178849479,0.0212434969282163
"final_sa_entropy","20m","8","sa_entropy","Spectral angle entropy","final_70_iteration_bootstrap",70,2.81090516773038,0.0128483624692387,0.00457089859051093,0.00153567304063324
"final_sa_entropy","20m","800","sa_entropy","Spectral angle entropy","final_70_iteration_bootstrap",70,3.0156362200871,0.301044674813453,0.0998279145237078,0.0359817208024808
"final_sa_entropy","20m","801","sa_entropy","Spectral angle entropy","final_70_iteration_bootstrap",70,3.00633563120415,0.295042959483455,0.0981403927163245,0.0352643786157314
"final_sa_entropy","20m","802","sa_entropy","Spectral angle entropy","final_70_iteration_bootstrap",70,2.9448777496626,0.0149283174773043,0.00506924862297412,0.00178427521381007
"final_sa_entropy","20m","803","sa_entropy","Spectral angle entropy","final_70_iteration_bootstrap",70,2.91626898149548,0.0185846760919406,0.00637275786625496,0.00222129365603003
"final_sa_entropy","20m","804","sa_entropy","Spectral angle entropy","final_70_iteration_bootstrap",70,2.79189424061394,0.345753156077051,0.123841781342341,0.0413254063910951
"final_sa_entropy","20m","805","sa_entropy","Spectral angle entropy","final_70_iteration_bootstrap",70,2.84980630756003,0.0807861826882888,0.0283479556045536,0.00965579567879577
"final_sa_entropy","20m","806","sa_entropy","Spectral angle entropy","final_70_iteration_bootstrap",70,2.85430119789804,0.0117887900186731,0.00413018430828342,0.00140902990997538
"final_sa_entropy","20m","807","sa_entropy","Spectral angle entropy","final_70_iteration_bootstrap",70,2.80857607870629,0.0104092442385532,0.00370623545414086,0.0012441426515468
"final_sa_entropy","20m","808","sa_entropy","Spectral angle entropy","final_70_iteration_bootstrap",70,2.98967038270448,0.0104647266252621,0.00350029444242465,0.00125077406513766
"final_sa_entropy","20m","809","sa_entropy","Spectral angle entropy","final_70_iteration_bootstrap",70,2.8444297099861,0.0101188182604631,0.0035574154724015,0.00120943010775608
"final_sa_entropy","20m","810","sa_entropy","Spectral angle entropy","final_70_iteration_bootstrap",70,2.83059332577027,0.0118467226225982,0.00418524360767171,0.00141595418053783
"final_sa_entropy","20m","811","sa_entropy","Spectral angle entropy","final_70_iteration_bootstrap",70,2.86729092405767,0.0132464298169915,0.00461984157444536,0.00158325118888084
"final_sa_entropy","20m","812","sa_entropy","Spectral angle entropy","final_70_iteration_bootstrap",70,3.15094128741886,0.159303521455927,0.0505574388491456,0.0190404126411839
"final_sa_entropy","20m","813","sa_entropy","Spectral angle entropy","final_70_iteration_bootstrap",70,2.8211963429333,0.0114553817926557,0.00406046953142764,0.00136918000494304
"final_sa_entropy","20m","814","sa_entropy","Spectral angle entropy","final_70_iteration_bootstrap",70,2.98771170694046,0.00975910543941921,0.00326641470016962,0.00116643620227047
"final_sa_entropy","20m","815","sa_entropy","Spectral angle entropy","final_70_iteration_bootstrap",70,2.93893020561476,0.0105265451368858,0.00358176084507724,0.00125816279050557
"final_sa_entropy","20m","816","sa_entropy","Spectral angle entropy","final_70_iteration_bootstrap",70,2.83501417365238,0.0114376381388682,0.004034420090441,0.00136705923267895
"final_sa_entropy","20m","817","sa_entropy","Spectral angle entropy","final_70_iteration_bootstrap",70,3.02120988544397,0.00961492834018099,0.00318247612868779,0.00114920374288844
"final_sa_entropy","20m","818","sa_entropy","Spectral angle entropy","final_70_iteration_bootstrap",70,2.85243734192486,0.0105872047335457,0.00371163446009345,0.00126541299904143
"final_sa_entropy","20m","819","sa_entropy","Spectral angle entropy","final_70_iteration_bootstrap",70,2.72276021718807,0.0146139426969421,0.00536732636413893,0.00174670024065586
"final_sa_entropy","20m","820","sa_entropy","Spectral angle entropy","final_70_iteration_bootstrap",70,2.73817266823888,0.249187899383891,0.09100518103709,0.0297836506443567
"final_sa_entropy","20m","821","sa_entropy","Spectral angle entropy","final_70_iteration_bootstrap",70,2.80160354060559,0.0138778208231208,0.00495352772866676,0.00165871684830106
"final_sa_entropy","20m","822","sa_entropy","Spectral angle entropy","final_70_iteration_bootstrap",70,2.81698245849601,0.0162172092754019,0.00575694364957469,0.00193832724895234
"final_sa_entropy","20m","823","sa_entropy","Spectral angle entropy","final_70_iteration_bootstrap",70,2.71982016590474,0.0134026898107579,0.00492778529212041,0.00160192783038524
"final_sa_entropy","20m","824","sa_entropy","Spectral angle entropy","final_70_iteration_bootstrap",70,2.74764627072219,0.0152002261991796,0.00553208990587582,0.00181677452216136
"final_sa_entropy","20m","9","sa_entropy","Spectral angle entropy","final_70_iteration_bootstrap",70,2.88077061432227,0.0119271388293779,0.00414025982147971,0.00142556575563756
"final_sa_entropy","20m","900","sa_entropy","Spectral angle entropy","final_70_iteration_bootstrap",70,3.05553271086206,0.0116941580111245,0.00382720759936659,0.0013977192216973
"final_sa_entropy","20m","901","sa_entropy","Spectral angle entropy","final_70_iteration_bootstrap",70,2.96407898353935,0.00972145512407636,0.00327975576159181,0.00116193612886565
"final_sa_entropy","20m","902","sa_entropy","Spectral angle entropy","final_70_iteration_bootstrap",70,2.85195290811147,0.0125031859055177,0.00438407866762329,0.00149441655021013
"final_sa_entropy","20m","903","sa_entropy","Spectral angle entropy","final_70_iteration_bootstrap",70,2.83577439785973,0.0116008286232337,0.00409088559089514,0.00138656422624742
"final_sa_entropy","20m","904","sa_entropy","Spectral angle entropy","final_70_iteration_bootstrap",70,2.87118150034458,0.0115417109399516,0.00401984720874193,0.00137949831160979
"final_sa_entropy","20m","905","sa_entropy","Spectral angle entropy","final_70_iteration_bootstrap",70,3.01266142127711,0.160373888351623,0.0532332930673763,0.019168345954806
"final_sa_entropy","20m","906","sa_entropy","Spectral angle entropy","final_70_iteration_bootstrap",70,2.83910447074209,0.0135041448820259,0.00475648043993822,0.0016140540307594
"final_sa_entropy","20m","907","sa_entropy","Spectral angle entropy","final_70_iteration_bootstrap",70,2.7668308017021,0.141215949004272,0.0510388813502434,0.0168785342344213
"final_sa_entropy","20m","908","sa_entropy","Spectral angle entropy","final_70_iteration_bootstrap",70,2.75516470203263,0.0122282025959799,0.00443828370295196,0.00146154975834523
"final_sa_entropy","20m","909","sa_entropy","Spectral angle entropy","final_70_iteration_bootstrap",70,2.82796465220456,0.0121144696577324,0.00428381226345544,0.00144795607218352
"final_sa_entropy","20m","910","sa_entropy","Spectral angle entropy","final_70_iteration_bootstrap",70,2.86795956180087,0.0119052272373201,0.00415111405191656,0.0014229468194672
"final_sa_entropy","20m","911","sa_entropy","Spectral angle entropy","final_70_iteration_bootstrap",70,2.77817921622597,0.0111175305062981,0.00400173266050155,0.00132879905262754
"final_sa_entropy","20m","912","sa_entropy","Spectral angle entropy","final_70_iteration_bootstrap",70,2.95229466504588,0.0133509632023559,0.00452223260788517,0.00159574531816265
"final_sa_entropy","20m","913","sa_entropy","Spectral angle entropy","final_70_iteration_bootstrap",70,2.92697556356342,0.0109067876415827,0.00372629952137502,0.00130361046251544
"final_sa_entropy","20m","914","sa_entropy","Spectral angle entropy","final_70_iteration_bootstrap",70,2.99581421660886,0.0842412793989521,0.0281196607359417,0.010068758722456
"final_sa_entropy","20m","915","sa_entropy","Spectral angle entropy","final_70_iteration_bootstrap",70,2.94076151990168,0.00977728914760884,0.00332474737629718,0.00116860957109568
"final_sa_entropy","20m","916","sa_entropy","Spectral angle entropy","final_70_iteration_bootstrap",70,2.86104013538853,0.00981619296820478,0.00343098750932822,0.00117325946703455
"final_sa_entropy","20m","917","sa_entropy","Spectral angle entropy","final_70_iteration_bootstrap",70,3.00829457256182,0.0092051923349854,0.00305993715474026,0.00110023092332002
"final_sa_entropy","20m","918","sa_entropy","Spectral angle entropy","final_70_iteration_bootstrap",70,2.76113285487144,0.346405013572431,0.125457568244597,0.0414033182638638
"final_sa_entropy","20m","919","sa_entropy","Spectral angle entropy","final_70_iteration_bootstrap",70,2.93409310776395,0.0132797152336235,0.00452600334954738,0.00158722955710406
"final_sa_entropy","20m","920","sa_entropy","Spectral angle entropy","final_70_iteration_bootstrap",70,2.81214857910325,0.080203121587662,0.0285202290460903,0.00958610654794985
"final_sa_entropy","20m","921","sa_entropy","Spectral angle entropy","final_70_iteration_bootstrap",70,2.78556514991129,0.231342579897083,0.0830505005077519,0.0276507270050221
"final_sa_entropy","20m","922","sa_entropy","Spectral angle entropy","final_70_iteration_bootstrap",70,2.84052901248415,0.0134925017194833,0.00474999609586229,0.00161266240666199
"final_sa_entropy","20m","923","sa_entropy","Spectral angle entropy","final_70_iteration_bootstrap",70,2.77049457926049,0.0119022631182068,0.00429607883274899,0.00142259253947064
"final_sa_entropy","20m","924","sa_entropy","Spectral angle entropy","final_70_iteration_bootstrap",70,2.84170394810548,0.0143796617976899,0.00506022515374151,0.00171869831731518
"final_sa_entropy","50m","sub50_1","sa_entropy","Spectral angle entropy","final_70_iteration_bootstrap",70,2.82516356772824,0.0128165116908762,0.00453655563071774,0.0015318661444804
"final_sa_entropy","50m","sub50_10","sa_entropy","Spectral angle entropy","final_70_iteration_bootstrap",70,2.82493821424302,0.0128331829509422,0.00454281898493878,0.00153385874117885
"final_sa_entropy","50m","sub50_11","sa_entropy","Spectral angle entropy","final_70_iteration_bootstrap",70,2.75360494872893,0.0117326453642928,0.0042608310134352,0.00140231934025773
"final_sa_entropy","50m","sub50_12","sa_entropy","Spectral angle entropy","final_70_iteration_bootstrap",70,2.81096742869172,0.280609594725106,0.099826697335909,0.0335392615669176
"final_sa_entropy","50m","sub50_13","sa_entropy","Spectral angle entropy","final_70_iteration_bootstrap",70,2.92035429389884,0.0142844587332628,0.0048913444382778,0.00170731937468522
"final_sa_entropy","50m","sub50_14","sa_entropy","Spectral angle entropy","final_70_iteration_bootstrap",70,2.82111058153471,0.0137403496407453,0.00487054627729992,0.00164228589928763
"final_sa_entropy","50m","sub50_15","sa_entropy","Spectral angle entropy","final_70_iteration_bootstrap",70,2.82963069525012,0.0131298830970402,0.00464014018475284,0.00156932119147985
"final_sa_entropy","50m","sub50_16","sa_entropy","Spectral angle entropy","final_70_iteration_bootstrap",70,2.85105553449855,0.0821878815190329,0.0288271766454694,0.00982333073321336
"final_sa_entropy","50m","sub50_17","sa_entropy","Spectral angle entropy","final_70_iteration_bootstrap",70,2.91094868684144,0.0122286738599357,0.00420092388272381,0.00146160608516148
"final_sa_entropy","50m","sub50_18","sa_entropy","Spectral angle entropy","final_70_iteration_bootstrap",70,2.97404641423138,0.0129341544220475,0.00434900893279779,0.00154592714027801
"final_sa_entropy","50m","sub50_19","sa_entropy","Spectral angle entropy","final_70_iteration_bootstrap",70,2.88118984673403,0.011414285337993,0.00396165679638628,0.00136426803910753
"final_sa_entropy","50m","sub50_2","sa_entropy","Spectral angle entropy","final_70_iteration_bootstrap",70,2.82444802259305,0.0131776024154964,0.00466554962601097,0.00157502474094353
"final_sa_entropy","50m","sub50_20","sa_entropy","Spectral angle entropy","final_70_iteration_bootstrap",70,2.89709910251268,0.0150327871805639,0.00518891023352493,0.00179676173162453
"final_sa_entropy","50m","sub50_21","sa_entropy","Spectral angle entropy","final_70_iteration_bootstrap",70,2.82413726619757,0.012964901620898,0.00459074768640901,0.00154960213345031
"final_sa_entropy","50m","sub50_22","sa_entropy","Spectral angle entropy","final_70_iteration_bootstrap",70,2.9327514465544,0.0112169454781673,0.00382471739681374,0.00134068141448496
"final_sa_entropy","50m","sub50_23","sa_entropy","Spectral angle entropy","final_70_iteration_bootstrap",70,2.89152081739292,0.0827613138209442,0.0286220708919413,0.00989186900248945
"final_sa_entropy","50m","sub50_24","sa_entropy","Spectral angle entropy","final_70_iteration_bootstrap",70,2.83533767525212,0.0113380113547874,0.00399882224038067,0.00135515155442001
"final_sa_entropy","50m","sub50_25","sa_entropy","Spectral angle entropy","final_70_iteration_bootstrap",70,2.79410226629349,0.0133701880843343,0.00478514628674295,0.00159804313105782
"final_sa_entropy","50m","sub50_26","sa_entropy","Spectral angle entropy","final_70_iteration_bootstrap",70,2.84735407739015,0.0128645383455626,0.00451806765014419,0.00153760642764958
"final_sa_entropy","50m","sub50_27","sa_entropy","Spectral angle entropy","final_70_iteration_bootstrap",70,2.87489149261527,0.0128969517228448,0.0044860655631606,0.00154148056723486
"final_sa_entropy","50m","sub50_28","sa_entropy","Spectral angle entropy","final_70_iteration_bootstrap",70,2.87754311904105,0.0115256142473009,0.00400536630399542,0.00137757438885261
"final_sa_entropy","50m","sub50_29","sa_entropy","Spectral angle entropy","final_70_iteration_bootstrap",70,2.86403216982063,0.11215687947104,0.0391604817337174,0.0134053111077456
"final_sa_entropy","50m","sub50_3","sa_entropy","Spectral angle entropy","final_70_iteration_bootstrap",70,2.79296909972678,0.0801255605939684,0.0286883090120139,0.00957683623608675
"final_sa_entropy","50m","sub50_30","sa_entropy","Spectral angle entropy","final_70_iteration_bootstrap",70,2.85066655187621,0.0138089000823846,0.00484409517251186,0.00165047924419061
"final_sa_entropy","50m","sub50_31","sa_entropy","Spectral angle entropy","final_70_iteration_bootstrap",70,2.84753358073202,0.0134074787571459,0.00470845325507951,0.00160250021895839
"final_sa_entropy","50m","sub50_32","sa_entropy","Spectral angle entropy","final_70_iteration_bootstrap",70,2.81953795035748,0.0119845651744601,0.00425054224680344,0.00143242951669473
"final_sa_entropy","50m","sub50_33","sa_entropy","Spectral angle entropy","final_70_iteration_bootstrap",70,2.90194303108821,0.0160065525741585,0.00551580523900089,0.00191314895734493
"final_sa_entropy","50m","sub50_34","sa_entropy","Spectral angle entropy","final_70_iteration_bootstrap",70,2.75619945231375,0.15821761280027,0.0574042682823445,0.0189106217319474
"final_sa_entropy","50m","sub50_35","sa_entropy","Spectral angle entropy","final_70_iteration_bootstrap",70,2.78205722913375,0.139563216953877,0.0501654730507945,0.0166809949714017
"final_sa_entropy","50m","sub50_36","sa_entropy","Spectral angle entropy","final_70_iteration_bootstrap",70,2.8808076342713,0.0155552497047469,0.00539961416364464,0.00185920794724539
"final_sa_entropy","50m","sub50_37","sa_entropy","Spectral angle entropy","final_70_iteration_bootstrap",70,2.78964168057608,0.0136483318108116,0.00489250354475386,0.00163128766499707
"final_sa_entropy","50m","sub50_38","sa_entropy","Spectral angle entropy","final_70_iteration_bootstrap",70,2.80796965581913,0.0124323823172683,0.00442753442563168,0.00148595390277821
"final_sa_entropy","50m","sub50_39","sa_entropy","Spectral angle entropy","final_70_iteration_bootstrap",70,2.84445443273972,0.011289446884281,0.00396893223330958,0.00134934698996537
"final_sa_entropy","50m","sub50_4","sa_entropy","Spectral angle entropy","final_70_iteration_bootstrap",70,2.95008960714047,0.221069846935833,0.0749366549411756,0.0264229005718883
"final_sa_entropy","50m","sub50_40","sa_entropy","Spectral angle entropy","final_70_iteration_bootstrap",70,2.85368262439775,0.112696464001569,0.0394915899329739,0.0134698037945499
"final_sa_entropy","50m","sub50_41","sa_entropy","Spectral angle entropy","final_70_iteration_bootstrap",70,2.79133761048867,0.0138713747185741,0.00496943639724959,0.00165794639144376
"final_sa_entropy","50m","sub50_42","sa_entropy","Spectral angle entropy","final_70_iteration_bootstrap",70,2.79282811646656,0.0787429673222701,0.0281947058818265,0.00941158473274605
"final_sa_entropy","50m","sub50_43","sa_entropy","Spectral angle entropy","final_70_iteration_bootstrap",70,2.88660574138243,0.0133925627792344,0.00463955384943581,0.00160071741860479
"final_sa_entropy","50m","sub50_44","sa_entropy","Spectral angle entropy","final_70_iteration_bootstrap",70,3.0109348454029,0.190589350265684,0.0632990616042974,0.0227797844071999
"final_sa_entropy","50m","sub50_45","sa_entropy","Spectral angle entropy","final_70_iteration_bootstrap",70,2.9308703400663,0.0117728169592834,0.00401683308822766,0.00140712076421927
"final_sa_entropy","50m","sub50_46","sa_entropy","Spectral angle entropy","final_70_iteration_bootstrap",70,2.84286205767472,0.0128637115235364,0.00452491582868362,0.00153750760351552
"final_sa_entropy","50m","sub50_47","sa_entropy","Spectral angle entropy","final_70_iteration_bootstrap",70,2.84938825714557,0.0127871966272297,0.00448769892806379,0.00152836232420492
"final_sa_entropy","50m","sub50_48","sa_entropy","Spectral angle entropy","final_70_iteration_bootstrap",70,2.8262504613731,0.0127319610893394,0.00450489482915599,0.00152176041469107
"final_sa_entropy","50m","sub50_49","sa_entropy","Spectral angle entropy","final_70_iteration_bootstrap",70,2.82731937195229,0.0161738414643555,0.00572055694337331,0.00193314380410366
"final_sa_entropy","50m","sub50_5","sa_entropy","Spectral angle entropy","final_70_iteration_bootstrap",70,2.81356910806666,0.0138783253808204,0.0049326406595205,0.00165877715448082
"final_sa_entropy","50m","sub50_50","sa_entropy","Spectral angle entropy","final_70_iteration_bootstrap",70,2.84308327550978,0.0813671014135184,0.028619316962824,0.00972522874680502
"final_sa_entropy","50m","sub50_51","sa_entropy","Spectral angle entropy","final_70_iteration_bootstrap",70,2.81647698127603,0.0156867384617154,0.0055696313394361,0.00187492385965884
"final_sa_entropy","50m","sub50_52","sa_entropy","Spectral angle entropy","final_70_iteration_bootstrap",70,2.92651783003359,0.011328866885873,0.00387110810315581,0.00135405858133364
"final_sa_entropy","50m","sub50_53","sa_entropy","Spectral angle entropy","final_70_iteration_bootstrap",70,3.0007820395582,0.179292331526686,0.0597485352695201,0.0214295324074962
"final_sa_entropy","50m","sub50_54","sa_entropy","Spectral angle entropy","final_70_iteration_bootstrap",70,2.85428413821912,0.218344335073311,0.0764970565297479,0.0260971395965716
"final_sa_entropy","50m","sub50_55","sa_entropy","Spectral angle entropy","final_70_iteration_bootstrap",70,2.80570247186429,0.0104519972600047,0.00372526929167215,0.00124925261498423
"final_sa_entropy","50m","sub50_56","sa_entropy","Spectral angle entropy","final_70_iteration_bootstrap",70,2.82464036800341,0.0128045610208404,0.00453316505912973,0.00153043776620765
"final_sa_entropy","50m","sub50_57","sa_entropy","Spectral angle entropy","final_70_iteration_bootstrap",70,2.81685858932845,0.0139374679754871,0.00494787634291924,0.00166584604659841
"final_sa_entropy","50m","sub50_58","sa_entropy","Spectral angle entropy","final_70_iteration_bootstrap",70,2.77425817465802,0.176852404637403,0.0637476375677268,0.0211379053652207
"final_sa_entropy","50m","sub50_59","sa_entropy","Spectral angle entropy","final_70_iteration_bootstrap",70,2.77148700070363,0.0825926847624272,0.0298008559092857,0.00987171397497898
"final_sa_entropy","50m","sub50_6","sa_entropy","Spectral angle entropy","final_70_iteration_bootstrap",70,2.87711236977719,0.0125358415043004,0.00435709137953175,0.00149831964080213
"final_sa_entropy","50m","sub50_60","sa_entropy","Spectral angle entropy","final_70_iteration_bootstrap",70,2.88651322016211,0.177666492948727,0.0615505557735673,0.0212352075292426
"final_sa_entropy","50m","sub50_61","sa_entropy","Spectral angle entropy","final_70_iteration_bootstrap",70,2.97695045580609,0.013051518394615,0.00438419066369075,0.00155995481804979
"final_sa_entropy","50m","sub50_62","sa_entropy","Spectral angle entropy","final_70_iteration_bootstrap",70,3.14822619129451,0.192250591751804,0.0610663211821997,0.0229783407423223
"final_sa_entropy","50m","sub50_63","sa_entropy","Spectral angle entropy","final_70_iteration_bootstrap",70,2.83064351367321,0.0817585794944176,0.0288833896248287,0.00977201932702682
"final_sa_entropy","50m","sub50_64","sa_entropy","Spectral angle entropy","final_70_iteration_bootstrap",70,2.81292114685075,0.0800040969444453,0.0284416422529352,0.00956231855319634
"final_sa_entropy","50m","sub50_65","sa_entropy","Spectral angle entropy","final_70_iteration_bootstrap",70,2.70940820960493,0.0125927595290268,0.0046477896849892,0.00150512264595611
"final_sa_entropy","50m","sub50_66","sa_entropy","Spectral angle entropy","final_70_iteration_bootstrap",70,2.7529412859088,0.139705630539987,0.0507477697599595,0.0166980166506493
"final_sa_entropy","50m","sub50_67","sa_entropy","Spectral angle entropy","final_70_iteration_bootstrap",70,2.77868114083192,0.0148981321817995,0.00536158394098399,0.00178066738093322
"final_sa_entropy","50m","sub50_68","sa_entropy","Spectral angle entropy","final_70_iteration_bootstrap",70,2.7565791480666,0.0154120574482664,0.00559100850018258,0.00184209319908732
"final_sa_entropy","50m","sub50_69","sa_entropy","Spectral angle entropy","final_70_iteration_bootstrap",70,2.79422438443969,0.0149877296872384,0.00536382467016649,0.00179137633111578
"final_sa_entropy","50m","sub50_7","sa_entropy","Spectral angle entropy","final_70_iteration_bootstrap",70,2.83775560157539,0.0125448492150915,0.00442069401893779,0.00149939626816635
"final_sa_entropy","50m","sub50_70","sa_entropy","Spectral angle entropy","final_70_iteration_bootstrap",70,2.86698966973402,0.0823500733794824,0.028723533345386,0.0098427163683944
"final_sa_entropy","50m","sub50_71","sa_entropy","Spectral angle entropy","final_70_iteration_bootstrap",70,2.853215480713,0.0150531721509498,0.00527586235694619,0.0017991982016051
"final_sa_entropy","50m","sub50_72","sa_entropy","Spectral angle entropy","final_70_iteration_bootstrap",70,2.92226686079259,0.0115527512698038,0.00395335259240164,0.00138081788341937
"final_sa_entropy","50m","sub50_73","sa_entropy","Spectral angle entropy","final_70_iteration_bootstrap",70,2.7962661628137,0.137045466539239,0.0490101651844685,0.0163800662387278
"final_sa_entropy","50m","sub50_74","sa_entropy","Spectral angle entropy","final_70_iteration_bootstrap",70,2.75728666651351,0.115854652930823,0.0420176307156764,0.0138472795707426
"final_sa_entropy","50m","sub50_75","sa_entropy","Spectral angle entropy","final_70_iteration_bootstrap",70,2.73262771949442,0.0164096740772476,0.00600508951884731,0.00196133119269793
"final_sa_entropy","50m","sub50_76","sa_entropy","Spectral angle entropy","final_70_iteration_bootstrap",70,2.77826854823054,0.0153420920015981,0.00552217747682072,0.00183373072873504
"final_sa_entropy","50m","sub50_77","sa_entropy","Spectral angle entropy","final_70_iteration_bootstrap",70,2.71163212773938,0.115341548799944,0.0425358394378152,0.0137859518970632
"final_sa_entropy","50m","sub50_78","sa_entropy","Spectral angle entropy","final_70_iteration_bootstrap",70,2.84020615314029,0.0130947090936197,0.00461047839050046,0.00156511709396055
"final_sa_entropy","50m","sub50_8","sa_entropy","Spectral angle entropy","final_70_iteration_bootstrap",70,2.7677994725383,0.0138349888237572,0.00499855172349946,0.00165359744519762
"final_sa_entropy","50m","sub50_80","sa_entropy","Spectral angle entropy","final_70_iteration_bootstrap",70,2.95593337219945,0.113122110500072,0.0382695061952294,0.0135206782817973
"final_sa_entropy","50m","sub50_9","sa_entropy","Spectral angle entropy","final_70_iteration_bootstrap",70,2.80215607099462,0.0116258919801584,0.00414890951310637,0.00138955987037166
