"scale","x_metric","x_label","y_metric","y_label","x_transform","y_transform","n","pearson_r","spearman_r","r_squared","f_statistic","f_p_value","slope","intercept","residual_shapiro_p","residual_abs_cor_fitted","target_group","driver_metric","target_metric"
"10m","env_elev","Mean elevation","spec_alpha","Raw PCA alpha hull","identity","identity",1741,0.0176907541140532,-0.0129307746814797,0.000312962781123891,0.544412657273747,0.460709259558754,0.15489707531685,499.44410880521,2.469225833866e-23,-0.142688862948971,"spectral","env_elev","spec_alpha"
"10m","env_tri5","TRI 5x5","spec_alpha","Raw PCA alpha hull","identity","identity",1741,-0.0347203040810445,0.007756865751913,0.00120549951548019,2.09889387296696,0.147586026833741,-6.27178752551079,546.92510105091,5.88145853493483e-23,0.0329152585692465,"spectral","env_tri5","spec_alpha"
"10m","env_tri11","TRI 11x11","spec_alpha","Raw PCA alpha hull","identity","identity",1741,-0.0521398780637654,-0.00963079816478651,0.00271856688450432,4.74047511080607,0.0295949953574423,-2.11773226546109,553.812842564569,8.21157978361279e-23,0.0386944736328375,"spectral","env_tri11","spec_alpha"
"10m","env_tri21","TRI 21x21","spec_alpha","Raw PCA alpha hull","identity","identity",1741,-0.0682057406761762,-0.0333140098789067,0.00465202306118579,8.12767825005524,0.00441089098360824,-0.882815373524199,562.640338856846,1.02346354735684e-22,0.0415869957173001,"spectral","env_tri21","spec_alpha"
"10m","brightness_n_pixels","brightness_n_pixels","spec_alpha","Raw PCA alpha hull","identity","identity",1741,0.455887666183012,0.44818427589368,0.207833564177794,456.245748066888,4.39356059293461e-90,0.0547458417818772,137.548092436515,8.97745603170785e-28,0.0366701669263352,"spectral","brightness_n_pixels","spec_alpha"
"10m","mean_pixel_brightness","563 nm brightness","spec_alpha","Raw PCA alpha hull","identity","identity",1741,0.730049754555852,0.719011272965097,0.53297264412706,1984.55061889161,8.15275130606489e-290,15632.5236695864,-344.622552226273,6.80391178583411e-23,0.282485682787902,"spectral","mean_pixel_brightness","spec_alpha"
"10m","mean_blue_pixel_brightness","Blue brightness","spec_alpha","Raw PCA alpha hull","identity","identity",1741,0.673657561604153,0.630094868512014,0.453814510306453,1444.90003545447,1.17559169131088e-230,33850.971402174,-123.343612204966,4.28933482989013e-14,0.256024248674031,"spectral","mean_blue_pixel_brightness","spec_alpha"
"10m","mean_green_pixel_brightness","Green brightness","spec_alpha","Raw PCA alpha hull","identity","identity",1741,0.758018359358939,0.745618173437149,0.574591833125218,2348.83877558202,0,20429.3130765,-391.460010538615,2.75149699076163e-22,0.295090937393032,"spectral","mean_green_pixel_brightness","spec_alpha"
"10m","mean_red_pixel_brightness","Red brightness","spec_alpha","Raw PCA alpha hull","identity","identity",1741,0.572623899674602,0.539655712482097,0.327898130478549,848.405390254604,3.00726010030893e-152,7627.116362608,-288.159065895942,2.55030223116342e-27,0.159072388087097,"spectral","mean_red_pixel_brightness","spec_alpha"
"10m","mean_nir_pixel_brightness","NIR brightness","spec_alpha","Raw PCA alpha hull","identity","identity",1741,0.291763462337864,0.261420576566006,0.0851259179553783,161.808028262826,1.65092632408826e-35,888.092576387506,118.972109103793,2.56415375063498e-29,-0.1370074572131,"spectral","mean_nir_pixel_brightness","spec_alpha"
"10m","env_elev","Mean elevation","spec_rao_q","Raw PCA Rao's Q","identity","identity",1744,-0.0334344082020566,-0.0344794146147505,0.00111785965182175,1.94949077054749,0.1628196260879,-0.169684001299275,198.001583092445,8.96406878852788e-54,0.105492500306019,"spectral","env_elev","spec_rao_q"
"10m","env_tri5","TRI 5x5","spec_rao_q","Raw PCA Rao's Q","identity","identity",1744,-0.0294729439546817,-0.000652439452839655,0.000868654425355809,1.51451159617008,0.218618088766053,-3.08672129975313,165.610679202496,6.84133372608551e-54,0.0312451088215258,"spectral","env_tri5","spec_rao_q"
"10m","env_tri11","TRI 11x11","spec_rao_q","Raw PCA Rao's Q","identity","identity",1744,-0.0410685197049363,-0.0201681232510208,0.00168662331075474,2.94306164370802,0.08642493507597,-0.967109238213099,168.316804020945,6.84183567470377e-54,0.0363150811852752,"spectral","env_tri11","spec_rao_q"
"10m","env_tri21","TRI 21x21","spec_rao_q","Raw PCA Rao's Q","identity","identity",1744,-0.0534502671751189,-0.0475162137092686,0.00285693106109159,4.99103294547039,0.0256054497277929,-0.401066982123481,172.28104947968,6.70149014704611e-54,0.0412963708527455,"spectral","env_tri21","spec_rao_q"
"10m","brightness_n_pixels","brightness_n_pixels","spec_rao_q","Raw PCA Rao's Q","identity","identity",1744,0.118446291386572,0.214080582105109,0.0140295239432328,24.7871830877262,7.0353106611513e-07,0.00824227923904548,99.7713290597987,9.73845620259922e-55,-0.0454336014952164,"spectral","brightness_n_pixels","spec_rao_q"
"10m","mean_pixel_brightness","563 nm brightness","spec_rao_q","Raw PCA Rao's Q","identity","identity",1744,0.524219546203506,0.705919159330808,0.274806132621809,660.11628691496,1.03926603555121e-123,6508.42543270012,-206.462762727184,5.9953802857053e-57,0.294762891770877,"spectral","mean_pixel_brightness","spec_rao_q"
"10m","mean_blue_pixel_brightness","Blue brightness","spec_rao_q","Raw PCA Rao's Q","identity","identity",1744,0.467099064895977,0.532900893098356,0.218181536426697,486.138731897153,3.2085990129743e-95,13604.300025496,-104.849516631817,4.88832964008324e-54,0.306550522102608,"spectral","mean_blue_pixel_brightness","spec_rao_q"
"10m","mean_green_pixel_brightness","Green brightness","spec_rao_q","Raw PCA Rao's Q","identity","identity",1744,0.533097355915761,0.71137436141574,0.284192790884376,691.616171807254,1.20586134637078e-128,8330.61260171658,-218.037034129379,6.80790175201291e-57,0.312507621173546,"spectral","mean_green_pixel_brightness","spec_rao_q"
"10m","mean_red_pixel_brightness","Red brightness","spec_rao_q","Raw PCA Rao's Q","identity","identity",1744,0.36707848240708,0.506866540544329,0.134746612246285,271.283073669792,9.2647074905567e-57,2832.92788096193,-145.993284908191,4.08814501661627e-56,0.161244859117537,"spectral","mean_red_pixel_brightness","spec_rao_q"
"10m","mean_nir_pixel_brightness","NIR brightness","spec_rao_q","Raw PCA Rao's Q","identity","identity",1744,0.0954644609464323,0.217105178799521,0.00911346330379292,16.0216659398154,6.52489714594896e-05,168.337547630746,80.7710839070324,5.8471864694897e-55,-0.146395600898047,"spectral","mean_nir_pixel_brightness","spec_rao_q"
"10m","env_elev","Mean elevation","spec_pca_mean","Raw PCA mean distance","identity","identity",1744,-0.0131346247985993,-0.0614144259877953,0.000172518368599981,0.300578853474604,0.583590007620905,-0.00115513617432681,7.86869637954364,9.07071221577758e-33,0.134362498753389,"spectral","env_elev","spec_pca_mean"
"10m","env_tri5","TRI 5x5","spec_pca_mean","Raw PCA mean distance","identity","identity",1744,-0.0437193726095648,-0.0167824225886184,0.00191138354137396,3.33600651702399,0.0679499912470606,-0.0793443631178252,7.76310440921105,9.53040186014556e-33,0.0206344014082696,"spectral","env_tri5","spec_pca_mean"
"10m","env_tri11","TRI 11x11","spec_pca_mean","Raw PCA mean distance","identity","identity",1744,-0.0608541135303445,-0.0366423902356281,0.00370322313356406,6.47499304269397,0.0110259205775703,-0.0248327422023556,7.83242146440252,1.01320611926943e-32,0.024392311444535,"spectral","env_tri11","spec_pca_mean"
"10m","env_tri21","TRI 21x21","spec_pca_mean","Raw PCA mean distance","identity","identity",1744,-0.0792521113312323,-0.0655248180681583,0.00628089715045804,11.0104785192547,0.000924649504751034,-0.0103049556639284,7.93442374838731,9.92135261997613e-33,0.0261576143209986,"spectral","env_tri21","spec_pca_mean"
"10m","brightness_n_pixels","brightness_n_pixels","spec_pca_mean","Raw PCA mean distance","identity","identity",1744,0.202201483086344,0.171722265618453,0.0408854397623172,74.2585286665929,1.51044009377631e-17,0.000243825121992161,5.83900492837809,4.38086731853963e-34,-0.0941441502887379,"spectral","brightness_n_pixels","spec_pca_mean"
"10m","mean_pixel_brightness","563 nm brightness","spec_pca_mean","Raw PCA mean distance","identity","identity",1744,0.662310845927712,0.677244908914971,0.438655656633482,1361.26454801843,1.09329689139762e-220,142.492776001045,-0.406094464299556,1.01217942269155e-35,0.258861204589553,"spectral","mean_pixel_brightness","spec_pca_mean"
"10m","mean_blue_pixel_brightness","Blue brightness","spec_pca_mean","Raw PCA mean distance","identity","identity",1744,0.541587812638138,0.49130732712024,0.293317358798163,723.03861625556,1.66555801215444e-133,273.340725704221,2.29482554304502,4.36802765507801e-29,0.209516057370047,"spectral","mean_blue_pixel_brightness","spec_pca_mean"
"10m","mean_green_pixel_brightness","Green brightness","spec_pca_mean","Raw PCA mean distance","identity","identity",1744,0.665820456919947,0.680945757817874,0.443316880853087,1387.24883130913,7.6260148021498e-224,180.300031192251,-0.56490996176187,4.08879373740414e-35,0.288195803008689,"spectral","mean_green_pixel_brightness","spec_pca_mean"
"10m","mean_red_pixel_brightness","Red brightness","spec_pca_mean","Raw PCA mean distance","identity","identity",1744,0.49760797111196,0.466548600226199,0.247613692914162,573.299977676572,9.19860772307607e-110,66.5475661592907,0.429832561792875,5.9423185749398e-36,0.108110026250807,"spectral","mean_red_pixel_brightness","spec_pca_mean"
"10m","mean_nir_pixel_brightness","NIR brightness","spec_pca_mean","Raw PCA mean distance","identity","identity",1744,0.217314513190814,0.183422592192743,0.0472255976433604,86.344669725856,4.36253228861401e-20,6.64043086754506,4.49998940150324,1.03419664815227e-35,-0.20776089613382,"spectral","mean_nir_pixel_brightness","spec_pca_mean"
"10m","env_elev","Mean elevation","spec_convex","Raw PCA convex hull","identity","identity",1744,0.0872123472984682,0.0772811796819819,0.00760599352130864,13.3511897770658,0.00026590607357224,2.47704321337882,505.217662200926,1.11799339846533e-40,0.000444522355908676,"spectral","env_elev","spec_convex"
"10m","env_tri5","TRI 5x5","spec_convex","Raw PCA convex hull","identity","identity",1744,0.0202434368587031,0.0366946031279504,0.000409796735852299,0.714158573707091,0.398182764126621,11.8649660343015,1043.45267691284,2.535338189967e-40,0.0291459064024272,"spectral","env_tri5","spec_convex"
"10m","env_tri11","TRI 11x11","spec_convex","Raw PCA convex hull","identity","identity",1744,0.00351897337144258,0.0212979645432836,1.23831735889221e-05,0.0215717555186955,0.883249050953378,0.463757359396015,1062.61284359395,2.46638068686647e-40,0.0150769499359351,"spectral","env_tri11","spec_convex"
"10m","env_tri21","TRI 21x21","spec_convex","Raw PCA convex hull","identity","identity",1744,-0.00833734972628439,0.00402683335459101,6.95114004583735e-05,0.121097277239819,0.727889482450503,-0.350109101007449,1077.95746506496,2.44836625125467e-40,-0.00995442578484773,"spectral","env_tri21","spec_convex"
"10m","brightness_n_pixels","brightness_n_pixels","spec_convex","Raw PCA convex hull","identity","identity",1744,0.285448319967557,0.354002538009759,0.0814807433723009,154.530734037817,4.70914751031037e-34,0.111163368703756,260.864400139338,3.92823028874347e-43,0.0425419080790437,"spectral","brightness_n_pixels","spec_convex"
"10m","mean_pixel_brightness","563 nm brightness","spec_convex","Raw PCA convex hull","identity","identity",1744,0.531101551969718,0.558405990619506,0.282068858504642,684.416545146154,1.59829302102769e-127,36901.8929980062,-1008.30253348065,5.0841932284924e-41,0.286515924318427,"spectral","mean_pixel_brightness","spec_convex"
"10m","mean_blue_pixel_brightness","Blue brightness","spec_convex","Raw PCA convex hull","identity","identity",1744,0.562675139882687,0.577543934049597,0.316603313042002,807.031965247241,3.39335271562989e-146,91713.5031315627,-715.48963924519,3.27408499336673e-40,0.29696365189483,"spectral","mean_blue_pixel_brightness","spec_convex"
"10m","mean_green_pixel_brightness","Green brightness","spec_convex","Raw PCA convex hull","identity","identity",1744,0.559628805625068,0.589741942530437,0.31318440008534,794.343088620079,2.63439341464932e-144,48941.6743032099,-1151.34873400499,1.03005153272056e-41,0.283027283562203,"spectral","mean_green_pixel_brightness","spec_convex"
"10m","mean_red_pixel_brightness","Red brightness","spec_convex","Raw PCA convex hull","identity","identity",1744,0.425324787813627,0.440486991999438,0.180901175128707,384.727504796169,1.47038965251706e-77,18369.8511175085,-914.309580007139,9.13715980270537e-42,0.216662651045631,"spectral","mean_red_pixel_brightness","spec_convex"
"10m","mean_nir_pixel_brightness","NIR brightness","spec_convex","Raw PCA convex hull","identity","identity",1744,0.187621828385394,0.218668470801569,0.0352019504866783,63.5592057620002,2.79005881330744e-15,1851.53099519688,200.564610972036,9.71807488300943e-43,-0.0292569418397903,"spectral","mean_nir_pixel_brightness","spec_convex"
"10m","env_elev","Mean elevation","spec_hull3d_v","Raw PCA 3D hull volume","identity","identity",1744,0.00499858972588292,-0.000580196536746904,2.49858992477019e-05,0.0435265240388409,0.834761392016087,1.4257763131447,7418.07614955337,1.29081532374479e-45,-0.0569500753094563,"spectral","env_elev","spec_hull3d_v"
"10m","env_tri5","TRI 5x5","spec_hull3d_v","Raw PCA 3D hull volume","identity","identity",1744,0.00695861959675581,0.0273339604008195,4.84223866923549e-05,0.0843558823312362,0.77151357356961,40.9594053848969,7660.64672926482,1.35943573305749e-45,0.000299174955003395,"spectral","env_tri5","spec_hull3d_v"
"10m","env_tri11","TRI 11x11","spec_hull3d_v","Raw PCA 3D hull volume","identity","identity",1744,-0.00809560968632561,0.0122624217253411,6.55388961933282e-05,0.114176240153529,0.735479451217192,-10.7145192879783,7838.6852867572,1.38317773674473e-45,0.0141610201325115,"spectral","env_tri11","spec_hull3d_v"
"10m","env_tri21","TRI 21x21","spec_hull3d_v","Raw PCA 3D hull volume","identity","identity",1744,-0.0222994839562057,-0.00893402855809935,0.000497266984713076,0.86667005377456,0.352007825829432,-9.40412708878402,8040.32198445657,1.40990255073893e-45,0.0237832854895424,"spectral","env_tri21","spec_hull3d_v"
"10m","brightness_n_pixels","brightness_n_pixels","spec_hull3d_v","Raw PCA 3D hull volume","identity","identity",1744,0.263156759516762,0.364302785422402,0.0692514800793632,129.611893778286,5.13848261410323e-29,1.02919349694603,279.427558410325,1.34786980246589e-47,0.0628651596897775,"spectral","brightness_n_pixels","spec_hull3d_v"
"10m","mean_pixel_brightness","563 nm brightness","spec_hull3d_v","Raw PCA 3D hull volume","identity","identity",1744,0.560214789301494,0.626390309649146,0.313840610152117,796.768726004304,1.1445659384937e-144,390907.443375397,-14240.8251125539,6.09293191128649e-46,0.328884960248559,"spectral","mean_pixel_brightness","spec_hull3d_v"
"10m","mean_blue_pixel_brightness","Blue brightness","spec_hull3d_v","Raw PCA 3D hull volume","identity","identity",1744,0.516876616170123,0.533011209800315,0.267161436343477,635.058313236453,9.76177019564883e-120,846078.647973011,-8700.9491398196,2.61690767907782e-44,0.328706263455993,"spectral","mean_blue_pixel_brightness","spec_hull3d_v"
"10m","mean_green_pixel_brightness","Green brightness","spec_hull3d_v","Raw PCA 3D hull volume","identity","identity",1744,0.579585978788361,0.645738719900048,0.335919906808063,881.177562253044,4.69642194247755e-157,509031.816137016,-15329.4262421849,2.48830163215535e-46,0.3277543652473,"spectral","mean_green_pixel_brightness","spec_hull3d_v"
"10m","mean_red_pixel_brightness","Red brightness","spec_hull3d_v","Raw PCA 3D hull volume","identity","identity",1744,0.406371408569712,0.45559325858263,0.165137721702932,344.571696056611,2.49864793976296e-70,176261.061950939,-11267.91642221,1.89098380206716e-46,0.237420113927452,"spectral","mean_red_pixel_brightness","spec_hull3d_v"
"10m","mean_nir_pixel_brightness","NIR brightness","spec_hull3d_v","Raw PCA 3D hull volume","identity","identity",1744,0.137472474250627,0.194505181269905,0.0188986811765893,33.5556603359781,8.20022053729207e-09,13624.2206193858,1367.07481698178,3.46406215073053e-47,-0.0420086455451738,"spectral","mean_nir_pixel_brightness","spec_hull3d_v"
"10m","env_elev","Mean elevation","spec_hull3d_a","Raw PCA 3D hull area","identity","identity",1744,0.0550057809244254,0.0412025303254424,0.00302563593510588,5.28665328711639,0.0216072996743345,3.73517391735418,1786.50298726101,2.12597593621448e-41,-0.0277909564097005,"spectral","env_elev","spec_hull3d_a"
"10m","env_tri5","TRI 5x5","spec_hull3d_a","Raw PCA 3D hull area","identity","identity",1744,0.0134832037245006,0.0340890440656451,0.000181796782676387,0.316747579113069,0.573641239850152,18.8939270557773,2596.14135116681,3.6666111595025e-41,0.015995384621545,"spectral","env_tri5","spec_hull3d_a"
"10m","env_tri11","TRI 11x11","spec_hull3d_a","Raw PCA 3D hull area","identity","identity",1744,-0.00278828789998413,0.0184745863248101,7.77454941319784e-06,0.0135433703713928,0.907367979808023,-0.878535538012281,2641.34415622931,3.6992625257751e-41,-0.00229666696385423,"spectral","env_tri11","spec_hull3d_a"
"10m","env_tri21","TRI 21x21","spec_hull3d_a","Raw PCA 3D hull area","identity","identity",1744,-0.0159957993508832,-0.000564139036326464,0.000255865596873716,0.445831942810166,0.504409419185157,-1.60593592983876,2684.41963890482,3.74608672104088e-41,0.0037637307561161,"spectral","env_tri21","spec_hull3d_a"
"10m","brightness_n_pixels","brightness_n_pixels","spec_hull3d_a","Raw PCA 3D hull area","identity","identity",1744,0.288164611106498,0.362531412895011,0.0830388430941595,157.753317663029,1.063342714693e-34,0.268300658617976,688.115621226323,4.84072590134837e-44,0.0335581900038795,"spectral","brightness_n_pixels","spec_hull3d_a"
"10m","mean_pixel_brightness","563 nm brightness","spec_hull3d_a","Raw PCA 3D hull area","identity","identity",1744,0.557940849237796,0.600771106145507,0.311297991248193,787.395845900282,2.88085831781291e-143,92684.2883628243,-2578.615884897,7.58612409667842e-43,0.281291004101248,"spectral","mean_pixel_brightness","spec_hull3d_a"
"10m","mean_blue_pixel_brightness","Blue brightness","spec_hull3d_a","Raw PCA 3D hull area","identity","identity",1744,0.554566474494023,0.564633948035323,0.30754397463273,773.683214794852,3.29948486701375e-141,216110.591482439,-1566.42717319582,4.07107300196175e-41,0.289093554495494,"spectral","mean_blue_pixel_brightness","spec_hull3d_a"
"10m","mean_green_pixel_brightness","Green brightness","spec_hull3d_a","Raw PCA 3D hull area","identity","identity",1744,0.582407120972476,0.626856938620578,0.339198054559449,894.190786088898,6.27706664440427e-159,121773.369738074,-2885.75165691618,1.76563804853875e-43,0.277808832549146,"spectral","mean_green_pixel_brightness","spec_hull3d_a"
"10m","mean_red_pixel_brightness","Red brightness","spec_hull3d_a","Raw PCA 3D hull area","identity","identity",1744,0.430178192486889,0.453685058348812,0.185053277291287,395.56304732407,1.73845702876029e-79,44420.1702533401,-2157.22654634691,4.11361261034982e-43,0.206432183872291,"spectral","mean_red_pixel_brightness","spec_hull3d_a"
"10m","mean_nir_pixel_brightness","NIR brightness","spec_hull3d_a","Raw PCA 3D hull area","identity","identity",1744,0.175694662802873,0.207865856392557,0.0308686145374153,55.4858993639036,1.47365621871378e-13,4145.27242595091,693.944732036225,1.69621320295256e-43,-0.0520083814551563,"spectral","mean_nir_pixel_brightness","spec_hull3d_a"
"10m","env_elev","Mean elevation","spec_spca_alpha","Std PCA alpha hull","identity","identity",1744,-0.177945730895946,-0.184030460657518,0.0316646831440923,56.9636127866405,7.11550211182912e-14,-1.48223944770329,883.736849019192,2.12333022540874e-29,0.136891469650947,"spectral","env_elev","spec_spca_alpha"
"10m","env_tri5","TRI 5x5","spec_spca_alpha","Std PCA alpha hull","identity","identity",1744,-0.0914145749581252,-0.0955599427757559,0.00835662451477469,14.6799144376016,0.000131915855686212,-15.7134982878659,578.63070677613,2.71398571529596e-30,0.0453785583470756,"spectral","env_tri5","spec_spca_alpha"
"10m","env_tri11","TRI 11x11","spec_spca_alpha","Std PCA alpha hull","identity","identity",1744,-0.111199694732654,-0.112865378830097,0.0123653721086354,21.81016906954,3.24060860447715e-06,-4.29787336859988,586.724793613885,3.64376608413112e-30,0.0602384438711162,"spectral","env_tri11","spec_spca_alpha"
"10m","env_tri21","TRI 21x21","spec_spca_alpha","Std PCA alpha hull","identity","identity",1744,-0.134940043638513,-0.139155441083339,0.0182088153771637,32.3080476620949,1.53940430987558e-08,-1.66184843985737,600.510688457951,4.06487156246288e-30,0.0734648839448076,"spectral","env_tri21","spec_spca_alpha"
"10m","brightness_n_pixels","brightness_n_pixels","spec_spca_alpha","Std PCA alpha hull","identity","identity",1744,0.261544855645135,0.253042618875962,0.0684057115144346,127.912709353189,1.1403486797463e-28,0.0298713999401226,331.100363173848,3.74073898528154e-30,0.137868160339041,"spectral","brightness_n_pixels","spec_spca_alpha"
"10m","mean_pixel_brightness","563 nm brightness","spec_spca_alpha","Std PCA alpha hull","identity","identity",1744,0.434629032648156,0.400760064068929,0.188902396020672,405.706997842885,2.78521276477924e-81,8856.55847373096,49.6386227094345,1.01600681998566e-27,0.186500119699897,"spectral","mean_pixel_brightness","spec_spca_alpha"
"10m","mean_blue_pixel_brightness","Blue brightness","spec_spca_alpha","Std PCA alpha hull","identity","identity",1744,0.460659465338372,0.359961903139112,0.212207143005835,469.24117150113,2.4656973094489e-92,22020.6807282149,119.736122338717,2.99046183964016e-19,0.349293716631765,"spectral","mean_blue_pixel_brightness","spec_spca_alpha"
"10m","mean_green_pixel_brightness","Green brightness","spec_spca_alpha","Std PCA alpha hull","identity","identity",1744,0.482979280664964,0.432666392058826,0.233268985551646,529.98322119959,1.32035404552095e-102,12387.4652313275,-13.7595446464217,6.70366586803661e-26,0.220899142031796,"spectral","mean_green_pixel_brightness","spec_spca_alpha"
"10m","mean_red_pixel_brightness","Red brightness","spec_spca_alpha","Std PCA alpha hull","identity","identity",1744,0.12550939016216,0.0922804663923393,0.0157526070188774,27.8802276973984,1.45256004763199e-07,1589.77750750003,376.222463336889,2.11336758390283e-30,0.0497003161908152,"spectral","mean_red_pixel_brightness","spec_spca_alpha"
"10m","mean_nir_pixel_brightness","NIR brightness","spec_spca_alpha","Std PCA alpha hull","identity","identity",1744,-0.187189839852042,-0.201385096277814,0.0350400361438332,63.2562440400436,3.23639005191105e-15,-541.757686551834,801.143503126602,5.543369153886e-28,0.225497522049293,"spectral","mean_nir_pixel_brightness","spec_spca_alpha"
"10m","env_elev","Mean elevation","spec_spca_rao","Std PCA Rao's Q","identity","identity",1744,-0.0980772412017159,-0.199764471895777,0.00961914524173955,16.919300217289,4.08208610953088e-05,-0.819095368074165,329.021350931005,3.33120626886708e-61,0.0767329549714069,"spectral","env_elev","spec_spca_rao"
"10m","env_tri5","TRI 5x5","spec_spca_rao","Std PCA Rao's Q","identity","identity",1744,-0.0272950821525923,-0.0857662407093063,0.000745021509716761,1.29879510021297,0.254590107065421,-4.70410794572379,152.578575895753,2.58955499801922e-61,0.0101178518723071,"spectral","env_tri5","spec_spca_rao"
"10m","env_tri11","TRI 11x11","spec_spca_rao","Std PCA Rao's Q","identity","identity",1744,-0.0389532708767847,-0.104895159996093,0.00151735731200016,2.64725326660508,0.103909839831437,-1.50948703170347,157.026385519671,2.59786494753783e-61,0.0221999672696769,"spectral","env_tri11","spec_spca_rao"
"10m","env_tri21","TRI 21x21","spec_spca_rao","Std PCA Rao's Q","identity","identity",1744,-0.0524602502936159,-0.134576779895195,0.00275207786086883,4.80734983468298,0.0284704559275789,-0.647763332752158,163.905960478647,2.57835362191017e-61,0.0329789705452608,"spectral","env_tri21","spec_spca_rao"
"10m","brightness_n_pixels","brightness_n_pixels","spec_spca_rao","Std PCA Rao's Q","identity","identity",1744,-0.0609676330762481,-0.0220147677400012,0.00371705228292001,6.4992631778793,0.0108769691587545,-0.00698142640310583,193.928652030685,3.74069546237664e-61,0.0657189193976388,"spectral","brightness_n_pixels","spec_spca_rao"
"10m","mean_pixel_brightness","563 nm brightness","spec_spca_rao","Std PCA Rao's Q","identity","identity",1744,0.213319457936398,0.235119726107636,0.0455051911342787,83.0492132797604,2.13810112450562e-19,4358.25028725,-101.768840986241,2.8922288440517e-60,0.197405212719923,"spectral","mean_pixel_brightness","spec_spca_rao"
"10m","mean_blue_pixel_brightness","Blue brightness","spec_spca_rao","Std PCA Rao's Q","identity","identity",1744,0.27792044085874,0.211000276855016,0.0772397714471161,145.814348838903,2.67246108401976e-32,13320.0748723772,-115.544344526942,3.83626318695152e-59,0.296486372599021,"spectral","mean_blue_pixel_brightness","spec_spca_rao"
"10m","mean_green_pixel_brightness","Green brightness","spec_spca_rao","Std PCA Rao's Q","identity","identity",1744,0.237563265650625,0.260284853904119,0.0564363051865893,104.192270405741,8.457477299517e-24,6108.97952854048,-133.564659952971,3.96029412110627e-60,0.21236115425909,"spectral","mean_green_pixel_brightness","spec_spca_rao"
"10m","mean_red_pixel_brightness","Red brightness","spec_spca_rao","Std PCA Rao's Q","identity","identity",1744,0.0317724812715958,-0.0709544408128181,0.0010094905661539,1.7603095821568,0.184759795317208,403.502933239121,99.7949377851709,3.63121544831385e-61,0.0803720574871742,"spectral","mean_red_pixel_brightness","spec_spca_rao"
"10m","mean_nir_pixel_brightness","NIR brightness","spec_spca_rao","Std PCA Rao's Q","identity","identity",1744,-0.208240049170294,-0.350631628950393,0.0433639180784464,78.9641397812634,1.54129236348785e-18,-604.258129176172,426.021260861928,1.20809388360844e-60,0.201989361918722,"spectral","mean_nir_pixel_brightness","spec_spca_rao"
"10m","env_elev","Mean elevation","spec_spca_mean","Std PCA mean distance","identity","identity",1744,-0.201700074136758,-0.283359563449546,0.0406829199067738,73.875101307185,1.81977552332037e-17,-0.0207788022937908,11.5530640491241,4.98923817178746e-49,0.0825710105551323,"spectral","env_elev","spec_spca_mean"
"10m","env_tri5","TRI 5x5","spec_spca_mean","Std PCA mean distance","identity","identity",1744,-0.0709805243944551,-0.11470550096302,0.00503823484331182,8.82104760645454,0.003018478920402,-0.150896894124558,7.13924441752532,8.3662396037366e-49,0.0110446836716143,"spectral","env_tri5","spec_spca_mean"
"10m","env_tri11","TRI 11x11","spec_spca_mean","Std PCA mean distance","identity","identity",1744,-0.0891626466008083,-0.134049409322426,0.00794997754886063,13.9598413151564,0.000192776331024883,-0.0426203125853459,7.2292176747711,8.27727441775856e-49,0.026449961783261,"spectral","env_tri11","spec_spca_mean"
"10m","env_tri21","TRI 21x21","spec_spca_mean","Std PCA mean distance","identity","identity",1744,-0.112039458848839,-0.166081738242292,0.0125528403391408,22.1450309080776,2.72771873675344e-06,-0.0170649582090376,7.38452791640561,7.11671862800963e-49,0.0384517719053523,"spectral","env_tri21","spec_spca_mean"
"10m","brightness_n_pixels","brightness_n_pixels","spec_spca_mean","Std PCA mean distance","identity","identity",1744,-0.0834523803120113,-0.0764005562110795,0.00696429977974058,12.2168923167789,0.000485445129727693,-0.00011787773488734,7.69662339658255,9.55821484579235e-49,0.00496581259971389,"spectral","brightness_n_pixels","spec_spca_mean"
"10m","mean_pixel_brightness","563 nm brightness","spec_spca_mean","Std PCA mean distance","identity","identity",1744,0.242340924111859,0.203375644929891,0.0587291234993896,108.689364230925,9.96457541123169e-25,61.0740443063042,3.4075627613377,1.87146637034191e-47,0.171979678080533,"spectral","mean_pixel_brightness","spec_spca_mean"
"10m","mean_blue_pixel_brightness","Blue brightness","spec_spca_mean","Std PCA mean distance","identity","identity",1744,0.284547498170004,0.136474539812805,0.0809672787148081,153.47114009603,7.68591292806249e-34,168.224471142213,3.57278717567234,5.24945119015055e-45,0.330156695837622,"spectral","mean_blue_pixel_brightness","spec_spca_mean"
"10m","mean_green_pixel_brightness","Green brightness","spec_spca_mean","Std PCA mean distance","identity","identity",1744,0.27788921559819,0.22515928212431,0.0772224161457772,145.778843439261,2.71690180022913e-32,88.1473580506065,2.84689287762591,4.79694704662662e-47,0.200297429953886,"spectral","mean_green_pixel_brightness","spec_spca_mean"
"10m","mean_red_pixel_brightness","Red brightness","spec_spca_mean","Std PCA mean distance","identity","identity",1744,-0.0543233810114701,-0.145244756076886,0.00295102972451736,5.15590902088678,0.0232890287595146,-8.51001998356845,7.75976191378128,5.20260603342437e-49,-0.0577659948611517,"spectral","mean_red_pixel_brightness","spec_spca_mean"
"10m","mean_nir_pixel_brightness","NIR brightness","spec_spca_mean","Std PCA mean distance","identity","identity",1744,-0.35249532437145,-0.433674259238639,0.124252953703734,247.158864271726,3.50182039466156e-52,-12.6171082445207,12.7450516196968,2.48713693668138e-48,0.235838949109222,"spectral","mean_nir_pixel_brightness","spec_spca_mean"
"10m","env_elev","Mean elevation","spec_spca_convex","Std PCA convex hull","identity","identity",1744,0.0820263947925596,0.0759594288633502,0.00672832944266484,11.800145153184,0.00060615331438587,5.059071052264,739.168583980691,1.78717508906151e-41,0.0515843234726549,"spectral","env_elev","spec_spca_convex"
"10m","env_tri5","TRI 5x5","spec_spca_convex","Std PCA convex hull","identity","identity",1744,0.0366730279263615,0.0256440521348897,0.00134491097728769,2.34599007023322,0.125787308386434,46.6756708352911,1794.23865409147,1.72666682321487e-41,0.067567060494342,"spectral","env_tri5","spec_spca_convex"
"10m","env_tri11","TRI 11x11","spec_spca_convex","Std PCA convex hull","identity","identity",1744,0.0193550120889316,0.0138748589991748,0.000374616492962692,0.652826490311322,0.419214262384041,5.53898039952864,1835.86305127551,1.35911769600316e-41,0.0475431435140499,"spectral","env_tri11","spec_spca_convex"
"10m","env_tri21","TRI 21x21","spec_spca_convex","Std PCA convex hull","identity","identity",1744,0.00619842832617677,-0.00217639306734047,3.84205137147512e-05,0.0669311064185887,0.795889206317225,0.56522129038306,1868.21867424643,1.21109530501176e-41,0.0336615876824035,"spectral","env_tri21","spec_spca_convex"
"10m","brightness_n_pixels","brightness_n_pixels","spec_spca_convex","Std PCA convex hull","identity","identity",1744,0.101451919334748,0.173167552952715,0.0102924919367043,18.1159795269455,2.18911024639502e-05,0.0857938234884485,1264.16227159195,5.22378695828885e-42,0.00350499727571501,"spectral","brightness_n_pixels","spec_spca_convex"
"10m","mean_pixel_brightness","563 nm brightness","spec_spca_convex","Std PCA convex hull","identity","identity",1744,0.295186092890308,0.284224919747563,0.0871348294358453,166.277428224626,2.10313924738894e-36,44537.7747820667,-618.333837187968,7.59345131667723e-40,0.21077551437029,"spectral","mean_pixel_brightness","spec_spca_convex"
"10m","mean_blue_pixel_brightness","Blue brightness","spec_spca_convex","Std PCA convex hull","identity","identity",1744,0.377725586391993,0.386110096991556,0.142676618615175,289.905390456244,2.96278118814871e-60,133694.48915996,-711.965539033713,6.33776550109697e-39,0.267281745871715,"spectral","mean_blue_pixel_brightness","spec_spca_convex"
"10m","mean_green_pixel_brightness","Green brightness","spec_spca_convex","Std PCA convex hull","identity","identity",1744,0.320820781648193,0.311665991232125,0.102925973937358,199.868730327453,4.85714481032377e-43,60926.0190339527,-875.150776270172,6.4521495556682e-40,0.212674345045144,"spectral","mean_green_pixel_brightness","spec_spca_convex"
"10m","mean_red_pixel_brightness","Red brightness","spec_spca_convex","Std PCA convex hull","identity","identity",1744,0.187931134415254,0.175403628506448,0.0353181112826042,63.7766196026512,2.50826520896564e-15,17625.6533791554,-14.6876084808969,1.71381919518742e-40,0.152339203090489,"spectral","mean_red_pixel_brightness","spec_spca_convex"
"10m","mean_nir_pixel_brightness","NIR brightness","spec_spca_convex","Std PCA convex hull","identity","identity",1744,-0.0146763792409276,-0.0106375262020265,0.000215396107623528,0.375300857824149,0.540208891288171,-314.505392086893,2033.33405335863,1.23308856588552e-41,0.029181650599364,"spectral","mean_nir_pixel_brightness","spec_spca_convex"
"10m","env_elev","Mean elevation","spec_spca_hull3d_v","Std PCA 3D hull volume","identity","identity",1744,0.0653002777784304,0.0599080252256138,0.00426412627794016,7.45991800858344,0.00637241830717437,85.7310480022828,9702.80787035091,1.05992168308859e-46,0.0533104162185424,"spectral","env_elev","spec_spca_hull3d_v"
"10m","env_tri5","TRI 5x5","spec_spca_hull3d_v","Std PCA 3D hull volume","identity","identity",1744,0.0406792793278761,0.0229257783781707,0.00165480376663537,2.88744631852267,0.0894508672105938,1102.10506600406,26969.0941659522,1.26200971462957e-46,0.0731212045477653,"spectral","env_tri5","spec_spca_hull3d_v"
"10m","env_tri11","TRI 11x11","spec_spca_hull3d_v","Std PCA 3D hull volume","identity","identity",1744,0.0211673384770537,0.0117617163762208,0.00044805621820216,0.780863802990662,0.376999024011232,128.946210915347,27968.6472396327,9.31883602296982e-47,0.047724316733955,"spectral","env_tri11","spec_spca_hull3d_v"
"10m","env_tri21","TRI 21x21","spec_spca_hull3d_v","Std PCA 3D hull volume","identity","identity",1744,0.00727097449421809,-0.00430518372219194,5.28670700955699e-05,0.0920993051269027,0.761561337985455,14.1135250592898,28691.5068671326,8.21109496838305e-47,0.0321813154316178,"spectral","env_tri21","spec_spca_hull3d_v"
"10m","brightness_n_pixels","brightness_n_pixels","spec_spca_hull3d_v","Std PCA 3D hull volume","identity","identity",1744,0.0659524592504355,0.15051221342079,0.00434972688118037,7.61032707125261,0.00586417572044915,1.18722408533893,20532.5497363725,4.7514981986947e-47,-0.00947309279519638,"spectral","brightness_n_pixels","spec_spca_hull3d_v"
"10m","mean_pixel_brightness","563 nm brightness","spec_spca_hull3d_v","Std PCA 3D hull volume","identity","identity",1744,0.27143753321843,0.267834634530793,0.0736783344397063,138.556252504724,7.83707784428263e-31,871783.150720212,-19883.3488539068,5.22379379184888e-45,0.222591736493457,"spectral","mean_pixel_brightness","spec_spca_hull3d_v"
"10m","mean_blue_pixel_brightness","Blue brightness","spec_spca_hull3d_v","Std PCA 3D hull volume","identity","identity",1744,0.339946418522045,0.358241083393083,0.115563567465966,227.615832094259,1.97100365914686e-48,2561259.13975712,-20634.057821152,3.48095036881656e-44,0.276470815569189,"spectral","mean_blue_pixel_brightness","spec_spca_hull3d_v"
"10m","mean_green_pixel_brightness","Green brightness","spec_spca_hull3d_v","Std PCA 3D hull volume","identity","identity",1744,0.293421443674197,0.292504907174843,0.0860961436078503,164.108599734938,5.69641488557804e-36,1186145.8884944,-24619.2686742691,5.45087077412405e-45,0.226507549042828,"spectral","mean_green_pixel_brightness","spec_spca_hull3d_v"
"10m","mean_red_pixel_brightness","Red brightness","spec_spca_hull3d_v","Std PCA 3D hull volume","identity","identity",1744,0.160810575326754,0.150080350845299,0.0258600411369216,46.2440650859793,1.42994911120649e-11,321045.838322688,-5483.65805923649,7.12551641104668e-46,0.154448443244248,"spectral","mean_red_pixel_brightness","spec_spca_hull3d_v"
"10m","mean_nir_pixel_brightness","NIR brightness","spec_spca_hull3d_v","Std PCA 3D hull volume","identity","identity",1744,-0.0399731767249351,-0.0415522526401784,0.00159785485748289,2.78791784981379,0.0951572286415298,-18234.0769331649,37671.2588709584,1.00372007776574e-46,0.0473380913352881,"spectral","mean_nir_pixel_brightness","spec_spca_hull3d_v"
"10m","env_elev","Mean elevation","spec_spca_hull3d_a","Std PCA 3D hull area","identity","identity",1744,0.0791522711301072,0.0738545887237074,0.00626508202505399,10.982579649998,0.00093858375390128,12.832977182955,2436.29727007733,9.24855892219909e-41,0.0546942389946311,"spectral","env_elev","spec_spca_hull3d_a"
"10m","env_tri5","TRI 5x5","spec_spca_hull3d_a","Std PCA 3D hull area","identity","identity",1744,0.0361302087737432,0.0268424058813977,0.00130539198603427,2.27696517175939,0.131489932375872,120.881866401594,5107.72505733599,9.44147814243902e-41,0.0679713725365555,"spectral","env_tri5","spec_spca_hull3d_a"
"10m","env_tri11","TRI 11x11","spec_spca_hull3d_a","Std PCA 3D hull area","identity","identity",1744,0.0187404638990682,0.0158523860997698,0.000351204987152277,0.612014029998809,0.434136822836888,14.0981979800124,5217.76734231137,7.43428377986101e-41,0.0474909084459637,"spectral","env_tri11","spec_spca_hull3d_a"
"10m","env_tri21","TRI 21x21","spec_spca_hull3d_a","Std PCA 3D hull area","identity","identity",1744,0.00552110809130306,0.000636357067591851,3.04826345558521e-05,0.0531023680963751,0.81777732005833,1.32345769893231,5303.78313849236,6.6563206312966e-41,0.0326405778786607,"spectral","env_tri21","spec_spca_hull3d_a"
"10m","brightness_n_pixels","brightness_n_pixels","spec_spca_hull3d_a","Std PCA 3D hull area","identity","identity",1744,0.0860677410291683,0.154445799659245,0.00740765604586402,13.0004396170231,0.000320185781904446,0.191329988854878,3958.66999558035,3.17445968652536e-41,-0.00369103509902587,"spectral","brightness_n_pixels","spec_spca_hull3d_a"
"10m","mean_pixel_brightness","563 nm brightness","spec_spca_hull3d_a","Std PCA 3D hull area","identity","identity",1744,0.285155418731513,0.267278467688251,0.0813136128319445,154.185710740629,5.52337563148715e-34,113099.617809348,-1014.14692160979,4.1368833729696e-39,0.202748687644091,"spectral","mean_pixel_brightness","spec_spca_hull3d_a"
"10m","mean_blue_pixel_brightness","Blue brightness","spec_spca_hull3d_a","Std PCA 3D hull area","identity","identity",1744,0.364009009064682,0.3675399303071,0.132502558680252,266.07508705714,8.91724232761309e-56,338685.123447842,-1235.98370254114,3.41586945386759e-38,0.2560410471013,"spectral","mean_blue_pixel_brightness","spec_spca_hull3d_a"
"10m","mean_green_pixel_brightness","Green brightness","spec_spca_hull3d_a","Std PCA 3D hull area","identity","identity",1744,0.309639516715783,0.293005807078068,0.0958766303119835,184.728208121761,4.59729322348707e-40,154576.538107669,-1659.98615365812,3.66667990512057e-39,0.204278493371416,"spectral","mean_green_pixel_brightness","spec_spca_hull3d_a"
"10m","mean_red_pixel_brightness","Red brightness","spec_spca_hull3d_a","Std PCA 3D hull area","identity","identity",1744,0.174449872540963,0.158927517782358,0.0304327580295582,54.6778626511255,2.1951423859574e-13,43009.4642512348,707.411977165505,8.12887113662276e-40,0.149308362399233,"spectral","mean_red_pixel_brightness","spec_spca_hull3d_a"
"10m","mean_nir_pixel_brightness","NIR brightness","spec_spca_hull3d_a","Std PCA 3D hull area","identity","identity",1744,-0.028901760707354,-0.0277852829411658,0.000835311771985146,1.4563295960536,0.227678873315898,-1628.09730572951,6107.58549857978,7.24636896525003e-41,0.0325895965560826,"spectral","mean_nir_pixel_brightness","spec_spca_hull3d_a"
"10m","env_elev","Mean elevation","spec_sa","Spectral angle entropy","identity","identity",1903,-0.183175275987192,-0.189817966569903,0.0335531817329839,65.9990775165237,8.0322068191615e-16,-0.00112393154648506,3.09710323491257,1.12112383414012e-26,-0.0256243600675676,"spectral","env_elev","spec_sa"
"10m","env_tri5","TRI 5x5","spec_sa","Spectral angle entropy","identity","identity",1903,-0.052325421013337,-0.0518875830202317,0.00273794968422301,5.21913207071287,0.0224494527591318,-0.00662130951495948,2.85661895645642,8.8391053696932e-26,-0.121098453168931,"spectral","env_tri5","spec_sa"
"10m","env_tri11","TRI 11x11","spec_sa","Spectral angle entropy","identity","identity",1903,-0.0523479574875165,-0.0605253570120184,0.00274030865311484,5.22364113858415,0.0223914837501774,-0.00149224604557929,2.8571330514017,8.27107399165811e-26,-0.11341820989505,"spectral","env_tri11","spec_sa"
"10m","env_tri21","TRI 21x21","spec_sa","Spectral angle entropy","identity","identity",1903,-0.0644504231068199,-0.0792467892004037,0.00415385703864813,7.92941990716386,0.0049139230842167,-0.000587277915217881,2.86222099903777,6.7396939102835e-26,-0.104466716810919,"spectral","env_tri21","spec_sa"
"10m","brightness_n_pixels","brightness_n_pixels","spec_sa","Spectral angle entropy","identity","identity",1903,-0.2465742814118,-0.274054697151542,0.0607988762537458,123.060610593559,9.41976618701138e-28,-1.74419014509327e-05,2.96808317286767,1.5917866552379e-28,0.195337852290374,"spectral","brightness_n_pixels","spec_sa"
"10m","mean_pixel_brightness","563 nm brightness","spec_sa","Spectral angle entropy","identity","identity",1903,-0.149548306664277,-0.154236123252569,0.0223646960261528,43.4878803710365,5.51152119226168e-11,-2.20332433357694,2.96756838018658,2.92359903315047e-26,0.0536689891593533,"spectral","mean_pixel_brightness","spec_sa"
"10m","mean_blue_pixel_brightness","Blue brightness","spec_sa","Spectral angle entropy","identity","identity",1903,-0.107988211044135,-0.157826527439162,0.0116614537245125,22.4299898186093,2.34078158038909e-06,-3.65125976299217,2.91461092959892,8.20621839660157e-27,-0.0714747821345662,"spectral","mean_blue_pixel_brightness","spec_sa"
"10m","mean_green_pixel_brightness","Green brightness","spec_sa","Spectral angle entropy","identity","identity",1903,-0.132884359699697,-0.148271103034177,0.0176582530527987,34.1717525063856,5.92433673805045e-09,-2.44558968769355,2.95459570616071,2.56801215235358e-26,0.0321824405789076,"spectral","mean_green_pixel_brightness","spec_sa"
"10m","mean_red_pixel_brightness","Red brightness","spec_sa","Spectral angle entropy","identity","identity",1903,-0.329483086355402,-0.334839044519409,0.108559104194281,231.502568531818,2.02151533670026e-49,-3.03632602536412,3.17061723663169,7.97774672982225e-30,0.0415838656832268,"spectral","mean_red_pixel_brightness","spec_sa"
"10m","mean_nir_pixel_brightness","NIR brightness","spec_sa","Spectral angle entropy","identity","identity",1903,-0.445369302410225,-0.452131085421764,0.198353815529372,470.370358676797,2.23017439167202e-93,-0.933451321992175,3.27936324501663,2.64703731329841e-32,0.0685745955964107,"spectral","mean_nir_pixel_brightness","spec_sa"
"10m","present_species_count","Present species count","phy_faith","Faith's PD","identity","identity",2000,0.709815152448792,0.754901827413617,0.503837550645902,2028.90691849209,2.1305811378061e-306,103.957861262223,25.9009576759298,1.50384947628735e-37,0.206863554082543,"biodiversity","present_species_count","phy_faith"
"10m","crown_equivalent_individuals","Crown-equivalent individuals","phy_faith","Faith's PD","identity","identity",2000,0.40859059318756,0.409625555720215,0.166946272841362,400.404730526488,2.46355076482009e-81,90.1250372603782,277.067609817065,9.08600616376887e-22,0.100026887962616,"biodiversity","crown_equivalent_individuals","phy_faith"
"10m","sp_even","Species evenness","phy_faith","Faith's PD","identity","identity",2000,0.302735319781925,0.124113289077201,0.0916486738434645,201.58945670729,1.1587758017704e-43,299.034579983764,242.782184873105,7.95186280417754e-26,0.0246724594879914,"biodiversity","sp_even","phy_faith"
"10m","sp_simpson","Simpson diversity","phy_faith","Faith's PD","identity","identity",2000,0.546768429190398,0.573793458921814,0.298955715159335,852.033932526973,2.58812059791641e-156,623.150164328749,113.7342096349,7.22361587800104e-32,0.0548155021974091,"biodiversity","sp_simpson","phy_faith"
"10m","present_species_count","Present species count","phy_rao","Phylogenetic Rao's Q","identity","identity",2000,0.501402237331727,0.564417172297548,0.251404203601262,670.997087095274,8.39255522635774e-128,22.820434947924,37.5841952288092,2.89840550389247e-34,-0.0408501693032906,"biodiversity","present_species_count","phy_rao"
"10m","crown_equivalent_individuals","Crown-equivalent individuals","phy_rao","Phylogenetic Rao's Q","identity","identity",2000,0.38884457953296,0.423541765709022,0.151200107032165,355.911701159596,3.44438873173931e-73,26.6537747225949,79.074058771108,1.57688307038105e-28,0.000944685816571003,"biodiversity","crown_equivalent_individuals","phy_rao"
"10m","sp_even","Species evenness","phy_rao","Phylogenetic Rao's Q","identity","identity",2000,0.574816104739801,0.521182892306496,0.330413554268237,985.931369483548,2.96802268097967e-176,176.446410292324,6.15885913344407,7.75408411422214e-40,0.145269050038683,"biodiversity","sp_even","phy_rao"
"10m","sp_simpson","Simpson diversity","phy_rao","Phylogenetic Rao's Q","identity","identity",2000,0.681283501040295,0.742301445219006,0.464147208789721,1730.63598505722,5.42577190208477e-273,241.29189561619,-0.545066611536777,9.18330000010004e-48,0.172304039814166,"biodiversity","sp_simpson","phy_rao"
"10m","present_species_count","Present species count","phy_afaith","Abundance-weighted Faith's PD","identity","identity",2000,0.452469992294788,0.526642863873517,0.204729093927246,514.351432377454,1.62083312043377e-101,52.7787995857671,57.1720594906163,6.37997734736498e-42,0.0514388823697173,"biodiversity","present_species_count","phy_afaith"
"10m","crown_equivalent_individuals","Crown-equivalent individuals","phy_afaith","Abundance-weighted Faith's PD","identity","identity",2000,0.717521115139303,0.816606413956647,0.514836550670749,2120.19975878702,3.96037117621875e-316,126.05191136499,25.1999518902722,2.86462692859933e-46,0.29309989088366,"biodiversity","crown_equivalent_individuals","phy_afaith"
"10m","sp_even","Species evenness","phy_afaith","Abundance-weighted Faith's PD","identity","identity",2000,0.260756249187083,0.196336908356362,0.0679938214901164,145.762612383596,1.91336880657219e-32,205.140165379736,129.247657004522,2.16966849826297e-37,0.0204860247727895,"biodiversity","sp_even","phy_afaith"
"10m","sp_simpson","Simpson diversity","phy_afaith","Abundance-weighted Faith's PD","identity","identity",2000,0.397654532019775,0.470108614711218,0.158129126835866,375.285575839686,9.35776709445896e-77,360.954845454176,77.2704361860178,6.13857744500119e-41,0.0280902826071174,"biodiversity","sp_simpson","phy_afaith"
"10m","present_species_count","Present species count","sp_rich","Species richness","identity","identity",2000,1,1,1,1.27860556235258e+32,0,0.999999999999996,1.52526898375512e-14,1.42814848259172e-72,-0.0300674434819827,"biodiversity","present_species_count","sp_rich"
"10m","crown_equivalent_individuals","Crown-equivalent individuals","sp_rich","Species richness","identity","identity",2000,0.462568472869995,0.446271262630734,0.21396959209328,543.886395108912,1.34749061008807e-106,0.696660284349929,2.75425756326624,8.68611375050692e-05,0.0629469605557603,"biodiversity","crown_equivalent_individuals","sp_rich"
"10m","sp_even","Species evenness","sp_rich","Species richness","identity","identity",2000,0.346709041701013,0.126507788830485,0.120207159597235,272.989155907799,1.39987998601476e-57,2.33836023731103,2.47008645342605,1.33949250129624e-12,0.104446120987733,"biodiversity","sp_even","sp_rich"
"10m","sp_simpson","Simpson diversity","sp_rich","Species richness","identity","identity",2000,0.718968334135465,0.733012629550681,0.516915465489526,2137.92209492826,5.41735075614593e-318,5.59483105187978,1.06432841038985,3.50420951270652e-18,0.0933559459613423,"biodiversity","sp_simpson","sp_rich"
"10m","present_species_count","Present species count","sp_shannon","Shannon diversity","identity","identity",2000,0.823942944525134,0.816865289920173,0.678881975832748,4224.01137784579,0,0.218087343096504,0.0982511169160919,2.93808813840634e-22,-0.0545872386008483,"biodiversity","present_species_count","sp_shannon"
"10m","crown_equivalent_individuals","Crown-equivalent individuals","sp_shannon","Shannon diversity","identity","identity",2000,0.473738949926686,0.461010729897358,0.224428592677639,578.165110183782,2.02987661275458e-112,0.188850195531914,0.62559258507731,1.03963635636713e-16,-0.0551711235836931,"biodiversity","crown_equivalent_individuals","sp_shannon"
"10m","sp_even","Species evenness","sp_shannon","Shannon diversity","identity","identity",2000,0.762750382628541,0.600185399339262,0.581788146199986,2779.48294756712,0,1.36163907670264,0.029461988905764,2.61803026842054e-22,0.368909535363555,"biodiversity","sp_even","sp_shannon"
"10m","sp_simpson","Simpson diversity","sp_shannon","Shannon diversity","identity","identity",2000,0.968876790522518,0.981064057261296,0.938722235213215,30607.6279459934,0,1.99562570146934,-0.0956543507419266,6.59052792762853e-11,-0.0102979104834363,"biodiversity","sp_simpson","sp_shannon"
"10m","present_species_count","Present species count","sp_simpson","Simpson diversity","identity","identity",2000,0.718968334135465,0.733012629550681,0.516915465489526,2137.92209492825,5.41735075614593e-318,0.0923916130257136,0.167060521532715,5.36172047950055e-28,-0.315247334109622,"biodiversity","present_species_count","sp_simpson"
"10m","crown_equivalent_individuals","Crown-equivalent individuals","sp_simpson","Simpson diversity","identity","identity",2000,0.441243837361348,0.450644323317074,0.194696124009368,483.051016353535,4.56925454209322e-96,0.0853977567264021,0.379755605857396,1.74623926766137e-32,-0.217460219612109,"biodiversity","crown_equivalent_individuals","sp_simpson"
"10m","sp_even","Species evenness","sp_simpson","Simpson diversity","identity","identity",2000,0.860451658542588,0.686056566824376,0.74037705668869,5697.77593766137,0,0.745753863954706,0.0174431626493656,2.42219286281093e-28,0.225984779842777,"biodiversity","sp_even","sp_simpson"
"10m","present_species_count","Present species count","sp_even","Species evenness","identity","identity",2000,0.346709041701013,0.126507788830485,0.120207159597235,272.989155907799,1.39987998601498e-57,0.0514066043713885,0.500562873711244,2.00901460090524e-24,-0.526204816628106,"biodiversity","present_species_count","sp_even"
"10m","crown_equivalent_individuals","Crown-equivalent individuals","sp_even","Species evenness","identity","identity",2000,0.314309301876841,0.239748426804736,0.0987903372463069,219.020170306438,4.20035150308799e-47,0.0701868913533332,0.573874594247136,1.78028668624136e-32,-0.321463936627426,"biodiversity","crown_equivalent_individuals","sp_even"
"10m","sp_simpson","Simpson diversity","sp_even","Species evenness","identity","identity",2000,0.860451658542588,0.686056566824376,0.74037705668869,5697.77593766137,0,0.992790104716985,0.167867337124871,2.36482604733647e-29,-0.253228918494056,"biodiversity","sp_simpson","sp_even"
"20m","env_elev","Mean elevation","spec_alpha","Raw PCA alpha hull","identity","identity",436,-0.0919708032124135,-0.138967406687772,0.00845862864353648,3.70236173430939,0.0549890791322076,-0.77928829914576,828.936014627396,6.81881813619383e-13,0.14341389650571,"spectral","env_elev","spec_alpha"
"20m","env_tri5","TRI 5x5","spec_alpha","Raw PCA alpha hull","identity","identity",436,-0.0981167780238572,-0.0749224132501591,0.00962690212978289,4.21868842490842,0.0405795626745396,-20.3454360165842,692.331560199354,6.69329677517515e-13,0.022165705009191,"spectral","env_tri5","spec_alpha"
"20m","env_tri11","TRI 11x11","spec_alpha","Raw PCA alpha hull","identity","identity",436,-0.117405333975147,-0.0999895030755989,0.0137840124458159,6.0658734769856,0.0141691445013788,-5.26205106614775,700.06110745811,7.33731901459329e-13,0.0298029035949921,"spectral","env_tri11","spec_alpha"
"20m","env_tri21","TRI 21x21","spec_alpha","Raw PCA alpha hull","identity","identity",436,-0.13546179305057,-0.126707722913049,0.0183498973764753,8.11272309767642,0.00460446894152946,-1.8269391071937,710.335501436247,6.54144556963554e-13,0.0390426608297963,"spectral","env_tri21","spec_alpha"
"20m","brightness_n_pixels","brightness_n_pixels","spec_alpha","Raw PCA alpha hull","identity","identity",436,0.387072351792729,0.360364428694078,0.149825005522354,76.4831391408458,4.93150940869787e-17,0.0141599344383366,248.127378478493,6.01684598951824e-16,-0.0250288912129818,"spectral","brightness_n_pixels","spec_alpha"
"20m","mean_pixel_brightness","563 nm brightness","spec_alpha","Raw PCA alpha hull","identity","identity",436,0.697295232977834,0.693445792796504,0.486220641933611,410.72058518147,9.48452292655586e-65,17484.7798285046,-334.788830800004,4.94972594105876e-15,0.223638812382435,"spectral","mean_pixel_brightness","spec_alpha"
"20m","mean_blue_pixel_brightness","Blue brightness","spec_alpha","Raw PCA alpha hull","identity","identity",436,0.591928594177683,0.556968401361849,0.350379460605168,234.082324497163,1.43223178932108e-42,34254.5701721784,-15.7724385049479,3.74418946387257e-12,0.236726545661103,"spectral","mean_blue_pixel_brightness","spec_alpha"
"20m","mean_green_pixel_brightness","Green brightness","spec_alpha","Raw PCA alpha hull","identity","identity",436,0.719597562957299,0.715096821458899,0.517820652614084,466.080026971054,9.57634836212489e-71,22435.7099255494,-368.392815944307,2.31318721273208e-15,0.219838318390208,"spectral","mean_green_pixel_brightness","spec_alpha"
"20m","mean_red_pixel_brightness","Red brightness","spec_alpha","Raw PCA alpha hull","identity","identity",436,0.489481776086679,0.441184139943548,0.23959240912097,136.746538048491,1.19448501392246e-27,7469.88258709325,-156.117381978453,7.86892386834628e-15,0.142746927923101,"spectral","mean_red_pixel_brightness","spec_alpha"
"20m","mean_nir_pixel_brightness","NIR brightness","spec_alpha","Raw PCA alpha hull","identity","identity",436,0.202247097182432,0.133263450360768,0.0409038883187203,18.5093937032078,2.0907660850403e-05,693.859800451192,326.63517457999,1.01914424643466e-14,-0.12937020154245,"spectral","mean_nir_pixel_brightness","spec_alpha"
"20m","env_elev","Mean elevation","spec_rao_q","Raw PCA Rao's Q","identity","identity",436,-0.0802583915710757,-0.0946089968053154,0.00644140941757611,2.81369585420148,0.0941828163801164,-0.311876832921602,245.78016663168,1.40564530731696e-24,0.176509432560045,"spectral","env_elev","spec_rao_q"
"20m","env_tri5","TRI 5x5","spec_rao_q","Raw PCA Rao's Q","identity","identity",436,-0.0511192421740857,-0.0363332578037394,0.00261317692045282,1.13709020134716,0.286860859191665,-4.86130217581605,184.646402512891,6.06475346348157e-25,0.0344547185901699,"spectral","env_tri5","spec_rao_q"
"20m","env_tri11","TRI 11x11","spec_rao_q","Raw PCA Rao's Q","identity","identity",436,-0.0655727262413901,-0.060100176855078,0.00429978242672828,1.8741640709371,0.171707010713067,-1.34782950026368,187.31576732719,5.95987151169937e-25,0.0406477826889884,"spectral","env_tri11","spec_rao_q"
"20m","env_tri21","TRI 21x21","spec_rao_q","Raw PCA Rao's Q","identity","identity",436,-0.0807511111042612,-0.0857420637822084,0.00652074194457275,2.84857683841718,0.0921733035195371,-0.499459463728803,190.949093130337,5.79452800507946e-25,0.0493352072309453,"spectral","env_tri21","spec_rao_q"
"20m","brightness_n_pixels","brightness_n_pixels","spec_rao_q","Raw PCA Rao's Q","identity","identity",436,0.202607847952237,0.296646344012615,0.0410499400518369,18.5783126010339,2.01952328689141e-05,0.00339914618378057,78.0582101316764,8.55238279632761e-27,-0.0655674855817059,"spectral","brightness_n_pixels","spec_rao_q"
"20m","mean_pixel_brightness","563 nm brightness","spec_rao_q","Raw PCA Rao's Q","identity","identity",436,0.598921354810972,0.743273896610362,0.35870678924861,242.75751547641,8.61199121521988e-44,6887.43887234041,-213.735837166851,7.06596498878622e-28,0.322290811055607,"spectral","mean_pixel_brightness","spec_rao_q"
"20m","mean_blue_pixel_brightness","Blue brightness","spec_rao_q","Raw PCA Rao's Q","identity","identity",436,0.461857894705945,0.550572227165027,0.213312714902208,117.680455781168,2.01325959278023e-24,12257.5045002628,-63.9730011779832,3.14394669850845e-26,0.238373407656931,"spectral","mean_blue_pixel_brightness","spec_rao_q"
"20m","mean_green_pixel_brightness","Green brightness","spec_rao_q","Raw PCA Rao's Q","identity","identity",436,0.596730117999815,0.750215186950224,0.356086833728074,240.003922784708,2.09367517109718e-43,8532.4269298894,-213.087043634,3.86873661906545e-28,0.322826509139699,"spectral","mean_green_pixel_brightness","spec_rao_q"
"20m","mean_red_pixel_brightness","Red brightness","spec_rao_q","Raw PCA Rao's Q","identity","identity",436,0.417669586021977,0.510693180691161,0.174447883087769,91.7087845928704,7.78170476770851e-20,2923.17346336399,-141.267554954013,2.98308076757902e-27,0.183257654036482,"spectral","mean_red_pixel_brightness","spec_rao_q"
"20m","mean_nir_pixel_brightness","NIR brightness","spec_rao_q","Raw PCA Rao's Q","identity","identity",436,0.147743263914565,0.197561093909829,0.0218280720321288,9.68478341187385,0.00198074152562497,232.456452799812,65.9819761341502,2.05613563344711e-26,-0.13707879589718,"spectral","mean_nir_pixel_brightness","spec_rao_q"
"20m","env_elev","Mean elevation","spec_pca_mean","Raw PCA mean distance","identity","identity",436,-0.0604513327603829,-0.125862611909883,0.00365436363250653,1.59181087226928,0.207745266150036,-0.00422145759672463,8.97767210904646,5.14621816436832e-11,0.186691754306935,"spectral","env_elev","spec_pca_mean"
"20m","env_tri5","TRI 5x5","spec_pca_mean","Raw PCA mean distance","identity","identity",436,-0.0686217882868598,-0.0517598274739984,0.00470894982768662,2.05335336318173,0.15259129137909,-0.11727194545581,8.25158324380865,5.58139797426845e-11,0.0198450171622084,"spectral","env_tri5","spec_pca_mean"
"20m","env_tri11","TRI 11x11","spec_pca_mean","Raw PCA mean distance","identity","identity",436,-0.0886322288612268,-0.0761889938661765,0.00785567199290888,3.43635653470982,0.064454527878971,-0.0327391406709424,8.31801928288949,6.32595203172671e-11,0.0240093381737781,"spectral","env_tri11","spec_pca_mean"
"20m","env_tri21","TRI 21x21","spec_pca_mean","Raw PCA mean distance","identity","identity",436,-0.108370962112876,-0.102721019982524,0.0117442654292704,5.15758322264361,0.0236341736927459,-0.0120456033047016,8.40352678254779,6.44951215174807e-11,0.0294087622321352,"spectral","env_tri21","spec_pca_mean"
"20m","brightness_n_pixels","brightness_n_pixels","spec_pca_mean","Raw PCA mean distance","identity","identity",436,0.295463215502541,0.255299889423931,0.0872985117151006,41.5114411126358,3.11836199883011e-10,8.90801390571874e-05,5.47821548254344,5.51279364498206e-13,-0.117460127600867,"spectral","brightness_n_pixels","spec_pca_mean"
"20m","mean_pixel_brightness","563 nm brightness","spec_pca_mean","Raw PCA mean distance","identity","identity",436,0.70507490698241,0.72026290090107,0.497130624456254,429.04718701695,8.90192140817936e-67,145.709244239718,-0.204931034249759,3.41164494218999e-12,0.232259557811328,"spectral","mean_pixel_brightness","spec_pca_mean"
"20m","mean_blue_pixel_brightness","Blue brightness","spec_pca_mean","Raw PCA mean distance","identity","identity",436,0.52402524217535,0.503376751990977,0.274602454436934,164.292622651655,4.0365448627502e-32,249.92504840386,3.14658517274955,1.56618131744159e-09,0.132359745647019,"spectral","mean_blue_pixel_brightness","spec_pca_mean"
"20m","mean_green_pixel_brightness","Green brightness","spec_pca_mean","Raw PCA mean distance","identity","identity",436,0.701701321692371,0.724812485114275,0.49238474486482,420.978245057715,6.86742882545852e-66,180.306258724989,-0.181924227593873,3.45162133944254e-12,0.261976138833136,"spectral","mean_green_pixel_brightness","spec_pca_mean"
"20m","mean_red_pixel_brightness","Red brightness","spec_pca_mean","Raw PCA mean distance","identity","identity",436,0.52156786969513,0.472897013588812,0.272033042698316,162.180905804687,8.73453684260679e-32,65.5988842959884,0.921640330891333,5.15907055000835e-13,0.115846963848618,"spectral","mean_red_pixel_brightness","spec_pca_mean"
"20m","mean_nir_pixel_brightness","NIR brightness","spec_pca_mean","Raw PCA mean distance","identity","identity",436,0.254853123340399,0.167948329070617,0.0649501144763568,30.1463591613114,6.83100042229812e-08,7.20589227614852,4.63896021370661,4.0263468940638e-13,-0.196102560450911,"spectral","mean_nir_pixel_brightness","spec_pca_mean"
"20m","env_elev","Mean elevation","spec_convex","Raw PCA convex hull","identity","identity",436,0.0942312250654547,0.102746502171415,0.00887952377733638,3.88823903028538,0.0492599905281345,3.41775737985611,684.651200970322,1.02149148087569e-22,-0.0425570192556365,"spectral","env_elev","spec_convex"
"20m","env_tri5","TRI 5x5","spec_convex","Raw PCA convex hull","identity","identity",436,0.0052684652793519,0.0286760048271374,2.77567263997361e-05,0.0120467536359301,0.912652267634803,4.67633980829212,1450.33152805907,2.52617619091477e-22,0.0314199119763597,"spectral","env_tri5","spec_convex"
"20m","env_tri11","TRI 11x11","spec_convex","Raw PCA convex hull","identity","identity",436,-0.013679244636695,0.00727530971356427,0.00018712173383055,0.081226031638331,0.775778706509091,-2.62438509752405,1483.38827197886,2.46121485863091e-22,-0.013618339639844,"spectral","env_tri11","spec_convex"
"20m","env_tri21","TRI 21x21","spec_convex","Raw PCA convex hull","identity","identity",436,-0.026480702448452,-0.011091412285166,0.000701227602163452,0.304546335635624,0.581330256637008,-1.5287447204323,1508.1472822034,2.50007482628174e-22,0.00487515548787856,"spectral","env_tri21","spec_convex"
"20m","brightness_n_pixels","brightness_n_pixels","spec_convex","Raw PCA convex hull","identity","identity",436,0.305313913369783,0.391996520232496,0.0932165856971715,44.6148413771734,7.36664393450748e-11,0.0478094671710873,95.0629330796045,7.98762319748459e-25,0.0354286264259897,"spectral","brightness_n_pixels","spec_convex"
"20m","mean_pixel_brightness","563 nm brightness","spec_convex","Raw PCA convex hull","identity","identity",436,0.525780612706616,0.575170213058608,0.276445252698145,165.816394845575,2.3166710864362e-32,56434.7046258064,-1726.27443069366,3.88153724773105e-23,0.269663480906635,"spectral","mean_pixel_brightness","spec_convex"
"20m","mean_blue_pixel_brightness","Blue brightness","spec_convex","Raw PCA convex hull","identity","identity",436,0.537025350620519,0.617665672233898,0.288396227209092,175.88996488573,6.11258076501538e-34,133027.737931606,-1134.729459573,1.04085638266421e-23,0.280573930275635,"spectral","mean_blue_pixel_brightness","spec_convex"
"20m","mean_green_pixel_brightness","Green brightness","spec_convex","Raw PCA convex hull","identity","identity",436,0.542756206346578,0.60200353710156,0.294584299527729,181.240063000355,9.09029734006924e-35,72435.7810097143,-1835.70156775742,7.48009655680137e-24,0.256990049940516,"spectral","mean_green_pixel_brightness","spec_convex"
"20m","mean_red_pixel_brightness","Red brightness","spec_convex","Raw PCA convex hull","identity","identity",436,0.426407643276457,0.473497727234886,0.181823478244582,96.4478782510678,1.08780040162485e-20,27854.825714394,-1554.824159877,2.07714848071994e-23,0.195155958437015,"spectral","mean_red_pixel_brightness","spec_convex"
"20m","mean_nir_pixel_brightness","NIR brightness","spec_convex","Raw PCA convex hull","identity","identity",436,0.199647877358703,0.246597802016423,0.0398592749338356,18.0170727786727,2.67916963227916e-05,2931.92153531207,83.6439991070528,7.83930544202135e-24,0.00471896963116461,"spectral","mean_nir_pixel_brightness","spec_convex"
"20m","env_elev","Mean elevation","spec_hull3d_v","Raw PCA 3D hull volume","identity","identity",436,-0.0176668587471727,-0.0286237373828779,0.000312117897992555,0.135501460159689,0.712974239255908,-7.38167232273694,14006.100764884,1.55193830075861e-25,0.0828537241679932,"spectral","env_elev","spec_hull3d_v"
"20m","env_tri5","TRI 5x5","spec_hull3d_v","Raw PCA 3D hull volume","identity","identity",436,-0.0123322160046841,0.000811955200574508,0.000152083551586189,0.0660143010777694,0.797352654233544,-126.099131683686,12580.9001211546,1.32414665547007e-25,-0.000427225538668966,"spectral","env_tri5","spec_hull3d_v"
"20m","env_tri11","TRI 11x11","spec_hull3d_v","Raw PCA 3D hull volume","identity","identity",436,-0.0286948427148679,-0.0207666808797436,0.000823393998431009,0.357647480107733,0.550127617317452,-63.4188450445005,12908.6944012492,1.30709095179837e-25,0.0141880878755958,"spectral","env_tri11","spec_hull3d_v"
"20m","env_tri21","TRI 21x21","spec_hull3d_v","Raw PCA 3D hull volume","identity","identity",436,-0.0447446462591986,-0.0451851331697744,0.00200208336886082,0.870647290546143,0.351294981384963,-29.7574410079571,13278.5678160295,1.30317182716429e-25,0.0296732826030495,"spectral","env_tri21","spec_hull3d_v"
"20m","brightness_n_pixels","brightness_n_pixels","spec_hull3d_v","Raw PCA 3D hull volume","identity","identity",436,0.248370072743253,0.356615433096164,0.0616876930344889,28.5325670123095,1.49010107664919e-07,0.44803877972031,-454.526719563625,2.53269545826218e-27,0.0313819725193304,"spectral","brightness_n_pixels","spec_hull3d_v"
"20m","mean_pixel_brightness","563 nm brightness","spec_hull3d_v","Raw PCA 3D hull volume","identity","identity",436,0.546123477765476,0.658194804094814,0.298250852966659,184.454617059021,2.91616452723642e-35,675276.395100529,-25787.812037886,1.42500310139976e-26,0.296790054273138,"spectral","mean_pixel_brightness","spec_hull3d_v"
"20m","mean_blue_pixel_brightness","Blue brightness","spec_hull3d_v","Raw PCA 3D hull volume","identity","identity",436,0.471354700313942,0.566241022414915,0.222175253508046,123.966305337251,1.68856599398504e-25,1345068.16679494,-13898.6911694757,2.14972827662688e-26,0.261687215224015,"spectral","mean_blue_pixel_brightness","spec_hull3d_v"
"20m","mean_green_pixel_brightness","Green brightness","spec_hull3d_v","Raw PCA 3D hull volume","identity","identity",436,0.552873651442055,0.673144596219515,0.305669274458871,191.062357224305,2.87071743619544e-36,850008.513175858,-26336.0623408718,4.01700892684605e-27,0.297162841530958,"spectral","mean_green_pixel_brightness","spec_hull3d_v"
"20m","mean_red_pixel_brightness","Red brightness","spec_hull3d_v","Raw PCA 3D hull volume","identity","identity",436,0.389261627817028,0.471062875129311,0.151524614890762,77.5057049582226,3.17694962518771e-17,292931.511585603,-19367.7058107124,1.81573756503441e-26,0.20581221062824,"spectral","mean_red_pixel_brightness","spec_hull3d_v"
"20m","mean_nir_pixel_brightness","NIR brightness","spec_hull3d_v","Raw PCA 3D hull volume","identity","identity",436,0.128848018784263,0.185439969537201,0.0166018119446298,7.32682495400697,0.0070612895506669,21797.8884026965,2103.11760577199,1.39397181176487e-26,-0.0400590234200417,"spectral","mean_nir_pixel_brightness","spec_hull3d_v"
"20m","env_elev","Mean elevation","spec_hull3d_a","Raw PCA 3D hull area","identity","identity",436,0.0467902472839408,0.037584925547849,0.00218932724089232,0.952252815576625,0.329690121972287,4.1710221075921,2671.69572118082,1.45538096695943e-23,-0.049704059191826,"spectral","env_elev","spec_hull3d_a"
"20m","env_tri5","TRI 5x5","spec_hull3d_a","Raw PCA 3D hull area","identity","identity",436,-0.00903599919532237,0.00842171864333405,8.16492814578671e-05,0.0354386816956106,0.850767378793719,-19.7123718033144,3656.20554192092,2.02249750295196e-23,-0.0189450592849093,"spectral","env_tri5","spec_hull3d_a"
"20m","env_tri11","TRI 11x11","spec_hull3d_a","Raw PCA 3D hull area","identity","identity",436,-0.0265007875996423,-0.0134114497555664,0.00070229174340135,0.30500882181341,0.581043537709432,-12.4958265028349,3730.9063617361,1.96999674038437e-23,-0.00434790590011268,"spectral","env_tri11","spec_hull3d_a"
"20m","env_tri21","TRI 21x21","spec_hull3d_a","Raw PCA 3D hull area","identity","identity",436,-0.039945648310567,-0.0333411276013369,0.0015956548189515,0.693620971069966,0.405393548477379,-5.66781546328591,3797.56981582045,1.97275632221309e-23,0.0104665367997026,"spectral","env_tri21","spec_hull3d_a"
"20m","brightness_n_pixels","brightness_n_pixels","spec_hull3d_a","Raw PCA 3D hull area","identity","identity",436,0.285618115228289,0.367682234707464,0.08157770774656,38.5495054515043,1.24966069448643e-09,0.109924327034642,480.135353207112,1.34787800195129e-25,0.0265846939532374,"spectral","brightness_n_pixels","spec_hull3d_a"
"20m","mean_pixel_brightness","563 nm brightness","spec_hull3d_a","Raw PCA 3D hull area","identity","identity",436,0.535383235517221,0.615716863924387,0.286635208872888,174.384385377757,1.04825748190026e-33,141236.587239045,-4355.63085061036,9.2154944109519e-25,0.269008648467256,"spectral","mean_pixel_brightness","spec_hull3d_a"
"20m","mean_blue_pixel_brightness","Blue brightness","spec_hull3d_a","Raw PCA 3D hull area","identity","identity",436,0.514687001844221,0.5971229740031,0.264902709867393,156.398040947354,7.33679649109415e-31,313351.211547141,-2493.52338301865,9.44637466878759e-25,0.258438075495247,"spectral","mean_blue_pixel_brightness","spec_hull3d_a"
"20m","mean_green_pixel_brightness","Green brightness","spec_hull3d_a","Raw PCA 3D hull area","identity","identity",436,0.548293812048543,0.63690805490543,0.300626104330723,186.555046002506,1.39183608313039e-35,179846.691233495,-4564.20518154632,2.14647652739455e-25,0.261162204260822,"spectral","mean_green_pixel_brightness","spec_hull3d_a"
"20m","mean_red_pixel_brightness","Red brightness","spec_hull3d_a","Raw PCA 3D hull area","identity","identity",436,0.412933967470329,0.470516021564302,0.170514461490787,89.215872792675,2.20729379671733e-19,66297.4512233893,-3557.14412202093,1.10812554565625e-24,0.191005311232631,"spectral","mean_red_pixel_brightness","spec_hull3d_a"
"20m","mean_nir_pixel_brightness","NIR brightness","spec_hull3d_a","Raw PCA 3D hull area","identity","identity",436,0.170071597767943,0.210220095167288,0.028924348367341,12.9270743945855,0.000361058336717446,6138.4708368552,736.694962117583,9.83176222622062e-25,-0.0241031238242984,"spectral","mean_nir_pixel_brightness","spec_hull3d_a"
"20m","env_elev","Mean elevation","spec_spca_alpha","Std PCA alpha hull","identity","identity",436,-0.318732064357866,-0.331531385441997,0.101590128849827,49.0757251635928,9.44247231860277e-12,-2.52330122939044,1221.5651138144,1.96387522152687e-11,0.130903049082922,"spectral","env_elev","spec_spca_alpha"
"20m","env_tri5","TRI 5x5","spec_spca_alpha","Std PCA alpha hull","identity","identity",436,-0.161496987592684,-0.190986110035277,0.0260812770015116,11.6224012860194,0.000712510424716613,-31.2883972269248,711.105910719153,1.58603351002868e-12,-0.0213973914537151,"spectral","env_tri5","spec_spca_alpha"
"20m","env_tri11","TRI 11x11","spec_spca_alpha","Std PCA alpha hull","identity","identity",436,-0.181957796108855,-0.210946627121012,0.0331086395647915,14.8611831267701,0.000133223284989571,-7.61961566038322,718.698277141025,1.55807063321862e-12,-0.00857520876495672,"spectral","env_tri11","spec_spca_alpha"
"20m","env_tri21","TRI 21x21","spec_spca_alpha","Std PCA alpha hull","identity","identity",436,-0.209290216942873,-0.239251692357588,0.0438023949079951,19.8810782298923,1.05075364632294e-05,-2.63725028680156,733.314740796502,1.27438233145349e-12,0.0118138084216506,"spectral","env_tri21","spec_spca_alpha"
"20m","brightness_n_pixels","brightness_n_pixels","spec_spca_alpha","Std PCA alpha hull","identity","identity",436,0.0265469306290358,0.0453848758030752,0.00070473952582283,0.306072655705357,0.580385088084555,0.000907357793666543,623.572518948777,6.62993300256573e-12,0.0388411536846289,"spectral","brightness_n_pixels","spec_spca_alpha"
"20m","mean_pixel_brightness","563 nm brightness","spec_spca_alpha","Std PCA alpha hull","identity","identity",436,0.295557356677721,0.28956931481145,0.0873541510863213,41.5404306244199,3.07644693106753e-10,6924.37234472846,258.577953252293,1.36802285927769e-11,0.0554018028734166,"spectral","mean_pixel_brightness","spec_spca_alpha"
"20m","mean_blue_pixel_brightness","Blue brightness","spec_spca_alpha","Std PCA alpha hull","identity","identity",436,0.244519523662078,0.173765652181152,0.0597897974519295,27.5989050361435,2.34417033675575e-07,13220.8053509327,391.639686231457,2.92577889658614e-09,0.23167669661661,"spectral","mean_blue_pixel_brightness","spec_spca_alpha"
"20m","mean_green_pixel_brightness","Green brightness","spec_spca_alpha","Std PCA alpha hull","identity","identity",436,0.332393102247155,0.30793010061845,0.110485174421488,53.9064266497641,1.04677815179052e-12,9682.71842948395,208.982682577334,5.05027585892014e-11,0.0695468803370097,"spectral","mean_green_pixel_brightness","spec_spca_alpha"
"20m","mean_red_pixel_brightness","Red brightness","spec_spca_alpha","Std PCA alpha hull","identity","identity",436,-0.0659715812962014,-0.0765786107429144,0.00435224953872131,1.89713309644896,0.169109477197876,-940.652707607306,751.263176995727,3.49527058394394e-12,-0.0477627395511108,"spectral","mean_red_pixel_brightness","spec_spca_alpha"
"20m","mean_nir_pixel_brightness","NIR brightness","spec_spca_alpha","Std PCA alpha hull","identity","identity",436,-0.366067482740312,-0.387414694391095,0.134005401919829,67.1578605249239,2.84421948893917e-15,-1173.39909882825,1200.12428538992,2.08370255455464e-10,0.207140201135186,"spectral","mean_nir_pixel_brightness","spec_spca_alpha"
"20m","env_elev","Mean elevation","spec_spca_rao","Std PCA Rao's Q","identity","identity",436,-0.160440144660814,-0.259216697783412,0.025741040018783,11.4667781637514,0.000773024502815679,-0.972201967642651,373.979264885136,3.7961592151296e-32,0.127471844828012,"spectral","env_elev","spec_spca_rao"
"20m","env_tri5","TRI 5x5","spec_spca_rao","Std PCA Rao's Q","identity","identity",436,-0.0529264629444985,-0.157657144387729,0.00280121047981538,1.21914041715277,0.270141204640657,-7.84859409194023,169.017878371732,1.66239503525951e-32,0.00232327840030964,"spectral","env_tri5","spec_spca_rao"
"20m","env_tri11","TRI 11x11","spec_spca_rao","Std PCA Rao's Q","identity","identity",436,-0.0646073103973216,-0.180552022395369,0.00417410455677587,1.81915471964548,0.178117265269972,-2.07082865839063,172.371323735923,1.56997401029668e-32,0.0124312015193548,"spectral","env_tri11","spec_spca_rao"
"20m","env_tri21","TRI 21x21","spec_spca_rao","Std PCA Rao's Q","identity","identity",436,-0.0800840332274999,-0.211591500242153,0.0064134523779833,2.80140500966569,0.0949022499345929,-0.772411025493311,178.113637646846,1.45638766957143e-32,0.0254726631611847,"spectral","env_tri21","spec_spca_rao"
"20m","brightness_n_pixels","brightness_n_pixels","spec_spca_rao","Std PCA Rao's Q","identity","identity",436,-0.0276726013945716,0.0287186513345422,0.000765772867942843,0.332600120835604,0.564431032125503,-0.000723959636787066,174.218116032548,2.4615047188657e-32,0.0427791082583317,"spectral","brightness_n_pixels","spec_spca_rao"
"20m","mean_pixel_brightness","563 nm brightness","spec_spca_rao","Std PCA Rao's Q","identity","identity",436,0.262061196488029,0.296244779589925,0.0686760707047372,32.0032737786624,2.79777571640921e-08,4699.38975804255,-111.730816075488,2.6636204226522e-31,0.2125544476091,"spectral","mean_pixel_brightness","spec_spca_rao"
"20m","mean_blue_pixel_brightness","Blue brightness","spec_spca_rao","Std PCA Rao's Q","identity","identity",436,0.229511661978794,0.219204159388196,0.0526756029842681,24.1324004397964,1.27642633288513e-06,9498.37332357886,-31.6785441682278,2.89496493870815e-31,0.240950002012818,"spectral","mean_blue_pixel_brightness","spec_spca_rao"
"20m","mean_green_pixel_brightness","Green brightness","spec_spca_rao","Std PCA Rao's Q","identity","identity",436,0.272050529089888,0.31303059238126,0.0740114903780882,34.6883211728032,7.76305020923463e-09,6065.89630724162,-122.393161285414,2.14708037919773e-31,0.209004563049704,"spectral","mean_green_pixel_brightness","spec_spca_rao"
"20m","mean_red_pixel_brightness","Red brightness","spec_spca_rao","Std PCA Rao's Q","identity","identity",436,0.045244401391675,-0.0334678146199715,0.00204705585729101,0.890244622533275,0.345935964896499,493.784405039889,100.120420265639,3.3941994649538e-32,0.100606759851294,"spectral","mean_red_pixel_brightness","spec_spca_rao"
"20m","mean_nir_pixel_brightness","NIR brightness","spec_spca_rao","Std PCA Rao's Q","identity","identity",436,-0.202732223583022,-0.341521561768609,0.0411003544789166,18.6021070371306,1.99549954117563e-05,-497.40195557396,386.978419378977,4.65337176586347e-32,0.175503261358061,"spectral","mean_nir_pixel_brightness","spec_spca_rao"
"20m","env_elev","Mean elevation","spec_spca_mean","Std PCA mean distance","identity","identity",436,-0.295896993130043,-0.362882151391711,0.087555030543401,41.645123298193,2.92973669240808e-10,-0.0232245494227226,12.3458089280431,1.53197665824709e-21,0.119219649390641,"spectral","env_elev","spec_spca_mean"
"20m","env_tri5","TRI 5x5","spec_spca_mean","Std PCA mean distance","identity","identity",436,-0.124620000061309,-0.192302062392271,0.0155301444152807,6.84640838721122,0.00919189509915667,-0.239370176116235,7.55176606936804,1.08152100909805e-21,-0.00490253049962956,"spectral","env_tri5","spec_spca_mean"
"20m","env_tri11","TRI 11x11","spec_spca_mean","Std PCA mean distance","identity","identity",436,-0.142127834964404,-0.214193289641997,0.0202003214716689,8.94768564516407,0.0029364864473168,-0.0590071908373165,7.616335877226,9.74060416094071e-22,0.00635381644115409,"spectral","env_tri11","spec_spca_mean"
"20m","env_tri21","TRI 21x21","spec_spca_mean","Std PCA mean distance","identity","identity",436,-0.166292060581467,-0.246657453504054,0.0276530494124304,12.3427377827869,0.000489169553530308,-0.0207748231905993,7.74070750013545,7.06588676745998e-22,0.0210239651899844,"spectral","env_tri21","spec_spca_mean"
"20m","brightness_n_pixels","brightness_n_pixels","spec_spca_mean","Std PCA mean distance","identity","identity",436,-0.0493484470462686,-0.0477634794750524,0.00243526922587838,1.059486980069,0.303905516240898,-1.67224979235631e-05,7.5574719399942,2.44727541043347e-21,-0.0285887309900018,"spectral","brightness_n_pixels","spec_spca_mean"
"20m","mean_pixel_brightness","563 nm brightness","spec_spca_mean","Std PCA mean distance","identity","identity",436,0.274493445441427,0.251971069028499,0.0753466515903056,35.3650877341589,5.62829825361011e-09,63.7579022116659,3.48098929205265,9.83167482590808e-20,0.173431328407941,"spectral","mean_pixel_brightness","spec_spca_mean"
"20m","mean_blue_pixel_brightness","Blue brightness","spec_spca_mean","Std PCA mean distance","identity","identity",436,0.205269075029587,0.111662372580006,0.042135393163502,19.091174788632,1.56081439794655e-05,110.035113769787,4.93433537558934,4.88248886600158e-19,0.294087675282341,"spectral","mean_blue_pixel_brightness","spec_spca_mean"
"20m","mean_green_pixel_brightness","Green brightness","spec_spca_mean","Std PCA mean distance","identity","identity",436,0.297752611296299,0.265207907876096,0.0886566175337652,42.220059694217,2.240755369421e-10,85.9932336775502,3.16821188832227,1.71309515789286e-19,0.18787515492168,"spectral","mean_green_pixel_brightness","spec_spca_mean"
"20m","mean_red_pixel_brightness","Red brightness","spec_spca_mean","Std PCA mean distance","identity","identity",436,-0.0600070845885922,-0.127683140563953,0.00360085020082246,1.5684166204597,0.211111544857812,-8.48278275217443,7.99819430976108,1.27163762829453e-21,-0.0846468429140067,"spectral","mean_red_pixel_brightness","spec_spca_mean"
"20m","mean_nir_pixel_brightness","NIR brightness","spec_spca_mean","Std PCA mean distance","identity","identity",436,-0.35699577654456,-0.441089884801684,0.127445984470654,63.3904105371725,1.49845551981445e-14,-11.3451718082399,12.4043042269553,3.31655045458493e-21,0.212492096955609,"spectral","mean_nir_pixel_brightness","spec_spca_mean"
"20m","env_elev","Mean elevation","spec_spca_convex","Std PCA convex hull","identity","identity",436,0.0907087708207666,0.105334826550993,0.00822808110381435,3.60061333762085,0.058421672053686,6.4687986499615,1089.75849554212,7.093324418261e-21,-0.0238645169586904,"spectral","env_elev","spec_spca_convex"
"20m","env_tri5","TRI 5x5","spec_spca_convex","Std PCA convex hull","identity","identity",436,0.0474846762420882,0.0478832047037804,0.00225479447781594,0.980792288407904,0.322555095219492,82.8711527082816,2393.14556483737,1.95671921016761e-20,0.0811143605621049,"spectral","env_tri5","spec_spca_convex"
"20m","env_tri11","TRI 11x11","spec_spca_convex","Std PCA convex hull","identity","identity",436,0.028711609635247,0.032124932222445,0.000824356527846807,0.358065907053393,0.549894502198126,10.830560835273,2457.99625446848,1.54298689997027e-20,0.062576239247685,"spectral","env_tri11","spec_spca_convex"
"20m","env_tri21","TRI 21x21","spec_spca_convex","Std PCA convex hull","identity","identity",436,0.0129306964443702,0.0126818773133955,0.000167202910536447,0.0725781984588416,0.787747296023964,1.46776100150706,2509.73522310394,1.288405631237e-20,0.038917167404938,"spectral","env_tri21","spec_spca_convex"
"20m","brightness_n_pixels","brightness_n_pixels","spec_spca_convex","Std PCA convex hull","identity","identity",436,0.103297144763389,0.204920358547526,0.0106703001162685,4.68085639297473,0.0310456232426934,0.0318041346900158,1648.71070730516,3.27181135074648e-21,-0.0616910589262954,"spectral","brightness_n_pixels","spec_spca_convex"
"20m","mean_pixel_brightness","563 nm brightness","spec_spca_convex","Std PCA convex hull","identity","identity",436,0.291726161117853,0.291330481548217,0.0851041530805597,40.370936824479,5.31495386041106e-10,61566.5792644865,-919.11992715213,9.94592488945985e-20,0.153732319445229,"spectral","mean_pixel_brightness","spec_spca_convex"
"20m","mean_blue_pixel_brightness","Blue brightness","spec_spca_convex","Std PCA convex hull","identity","identity",436,0.359968851282265,0.407261699908134,0.129577573893473,64.6084767384945,8.74285900337066e-15,175323.567831737,-862.71600158533,4.99730821602543e-20,0.184205979064285,"spectral","mean_blue_pixel_brightness","spec_spca_convex"
"20m","mean_green_pixel_brightness","Green brightness","spec_spca_convex","Std PCA convex hull","identity","identity",436,0.306017324346498,0.30761533767158,0.0936466028001896,44.8419189919166,6.6315096201558e-11,80301.2528917923,-1096.66124449225,5.84403647511029e-20,0.14736249619662,"spectral","mean_green_pixel_brightness","spec_spca_convex"
"20m","mean_red_pixel_brightness","Red brightness","spec_spca_convex","Std PCA convex hull","identity","identity",436,0.201069255355936,0.242777645460225,0.0404288454493905,18.2853755470096,2.34034001732064e-05,25825.5210920584,-238.362708574487,2.39713929978881e-20,0.0843621175735726,"spectral","mean_red_pixel_brightness","spec_spca_convex"
"20m","mean_nir_pixel_brightness","NIR brightness","spec_spca_convex","Std PCA convex hull","identity","identity",436,0.0152373305150072,0.0689191859888501,0.000232176241223568,0.100787889244314,0.751038855141471,439.971447397092,2349.92888373796,1.07624695399289e-20,-0.0353788009924132,"spectral","mean_nir_pixel_brightness","spec_spca_convex"
"20m","env_elev","Mean elevation","spec_spca_hull3d_v","Std PCA 3D hull volume","identity","identity",436,0.0739049908013605,0.0744654712720897,0.00546194766534919,2.3835038601056,0.123351058739279,120.250641557361,16115.0196386321,2.94114768820548e-23,0.0194074607454263,"spectral","env_elev","spec_spca_hull3d_v"
"20m","env_tri5","TRI 5x5","spec_spca_hull3d_v","Std PCA 3D hull volume","identity","identity",436,0.0494109872440983,0.0194249567635304,0.00244144566043645,1.06218067302417,0.303292349913971,1967.49081319887,39502.9896909415,5.31300889844338e-23,0.104152093084359,"spectral","env_tri5","spec_spca_hull3d_v"
"20m","env_tri11","TRI 11x11","spec_spca_hull3d_v","Std PCA 3D hull volume","identity","identity",436,0.0268863220069471,0.00595168374287024,0.000722874311061249,0.3139544005716,0.575552795618083,231.400388924259,41276.4593944327,3.67406221486661e-23,0.0756266434541092,"spectral","env_tri11","spec_spca_hull3d_v"
"20m","env_tri21","TRI 21x21","spec_spca_hull3d_v","Std PCA 3D hull volume","identity","identity",436,0.00983030787739923,-0.009797032917631,9.66349529644571e-05,0.0419436228065915,0.837823288350142,25.4589114757144,42569.4848037334,2.97140255930762e-23,0.0513520462481444,"spectral","env_tri21","spec_spca_hull3d_v"
"20m","brightness_n_pixels","brightness_n_pixels","spec_spca_hull3d_v","Std PCA 3D hull volume","identity","identity",436,0.0347324312520785,0.139110706854748,0.00120634178068036,0.524184678693979,0.469452132187699,0.243988712228587,36415.470360381,1.8316785963216e-23,-0.0601882636553886,"spectral","brightness_n_pixels","spec_spca_hull3d_v"
"20m","mean_pixel_brightness","563 nm brightness","spec_spca_hull3d_v","Std PCA 3D hull volume","identity","identity",436,0.238818173024406,0.246175898048079,0.0570341197667152,26.2499508175531,4.52230101450384e-07,1149942.96877226,-21536.9921994074,2.23395952794017e-22,0.162976100180677,"spectral","mean_pixel_brightness","spec_spca_hull3d_v"
"20m","mean_blue_pixel_brightness","Blue brightness","spec_spca_hull3d_v","Std PCA 3D hull volume","identity","identity",436,0.303699202282295,0.353031547963343,0.0922332054669024,44.0963597850308,9.3673531771491e-11,3374879.8217024,-22437.150457374,2.97687301401557e-22,0.210525880611301,"spectral","mean_blue_pixel_brightness","spec_spca_hull3d_v"
"20m","mean_green_pixel_brightness","Green brightness","spec_spca_hull3d_v","Std PCA 3D hull volume","identity","identity",436,0.252971895070644,0.263867921181852,0.063994779695633,29.67262765786,8.58501493549397e-08,1514564.8214912,-25521.6150509064,1.86099922057229e-22,0.16333268198908,"spectral","mean_green_pixel_brightness","spec_spca_hull3d_v"
"20m","mean_red_pixel_brightness","Red brightness","spec_spca_hull3d_v","Std PCA 3D hull volume","identity","identity",436,0.145530895658,0.180899941144831,0.0211792415910197,9.39067829481193,0.00231688794627076,426479.253402116,-2773.43902424639,6.66407896613793e-23,0.106861273303523,"spectral","mean_red_pixel_brightness","spec_spca_hull3d_v"
"20m","mean_nir_pixel_brightness","NIR brightness","spec_spca_hull3d_v","Std PCA 3D hull volume","identity","identity",436,-0.030342167724992,0.00988926106719697,0.000920647142251547,0.399929053277174,0.52745891683889,-19989.4798460582,52759.616908421,3.10897030832289e-23,0.055330312788863,"spectral","mean_nir_pixel_brightness","spec_spca_hull3d_v"
"20m","env_elev","Mean elevation","spec_spca_hull3d_a","Std PCA 3D hull area","identity","identity",436,0.0874502033199148,0.0977848593810289,0.00764753806069444,3.34460954715139,0.0681115543502488,16.6240543606971,3426.02484484294,6.20561803952173e-20,0.00128537878141273,"spectral","env_elev","spec_spca_hull3d_a"
"20m","env_tri5","TRI 5x5","spec_spca_hull3d_a","Std PCA 3D hull area","identity","identity",436,0.0418198386785835,0.0359181587381104,0.00174889890710275,0.760351904297031,0.383700546150446,194.551250704694,6811.85968929978,1.21379682572517e-19,0.0867350932810186,"spectral","env_tri5","spec_spca_hull3d_a"
"20m","env_tri11","TRI 11x11","spec_spca_hull3d_a","Std PCA 3D hull area","identity","identity",436,0.0222817505587814,0.0218454751378536,0.000496476407963754,0.215577790343256,0.64266309390624,22.4049763030088,6991.55556597782,9.29727296452845e-20,0.0651289096798449,"spectral","env_tri11","spec_spca_hull3d_a"
"20m","env_tri21","TRI 21x21","spec_spca_hull3d_a","Std PCA 3D hull area","identity","identity",436,0.00643238115425155,0.00502563783294253,4.13755273135701e-05,0.0179577218643009,0.893459612324864,1.9462874131833,7133.24276187565,7.8435740178524e-20,0.0409373348551378,"spectral","env_tri21","spec_spca_hull3d_a"
"20m","brightness_n_pixels","brightness_n_pixels","spec_spca_hull3d_a","Std PCA 3D hull area","identity","identity",436,0.0741915387735703,0.163794411819719,0.00550438442559019,2.40212506047735,0.121899425574876,0.060890763655376,5457.3004746527,3.48480140148449e-20,-0.0465480853206149,"spectral","brightness_n_pixels","spec_spca_hull3d_a"
"20m","mean_pixel_brightness","563 nm brightness","spec_spca_hull3d_a","Std PCA 3D hull area","identity","identity",436,0.259777583890615,0.263298770701564,0.0674843930920456,31.4077602401337,3.72306817205786e-08,146141.343560841,-1054.76265306677,7.86604583209075e-19,0.16358264193035,"spectral","mean_pixel_brightness","spec_spca_hull3d_a"
"20m","mean_blue_pixel_brightness","Blue brightness","spec_spca_hull3d_a","Std PCA 3D hull area","identity","identity",436,0.341368501929319,0.384149499369099,0.116532454109468,57.246115399213,2.32183800193998e-13,443200.865144287,-1448.06988455322,7.37171890031745e-19,0.195464276811291,"spectral","mean_blue_pixel_brightness","spec_spca_hull3d_a"
"20m","mean_green_pixel_brightness","Green brightness","spec_spca_hull3d_a","Std PCA 3D hull area","identity","identity",436,0.27700436288881,0.282086383172489,0.0767314170594356,36.0690655125853,4.03079257090567e-09,193760.252850779,-1619.4117452759,5.78963741972235e-19,0.16088019258517,"spectral","mean_green_pixel_brightness","spec_spca_hull3d_a"
"20m","mean_red_pixel_brightness","Red brightness","spec_spca_hull3d_a","Std PCA 3D hull area","identity","identity",436,0.167939397798539,0.207960867465833,0.0282036413329358,12.5956227653325,0.000428863789597146,57498.6688689409,972.783005385491,1.96223108890111e-19,0.103188182190631,"spectral","mean_red_pixel_brightness","spec_spca_hull3d_a"
"20m","mean_nir_pixel_brightness","NIR brightness","spec_spca_hull3d_a","Std PCA 3D hull area","identity","identity",436,-0.0115663619794897,0.0378807216382152,0.000133780729440585,0.0580686050375533,0.809688846477498,-890.254464810026,7612.90213860201,7.88134674124586e-20,0.0431716003049622,"spectral","mean_nir_pixel_brightness","spec_spca_hull3d_a"
"20m","env_elev","Mean elevation","spec_sa","Spectral angle entropy","identity","identity",485,-0.288207264107032,-0.297017241034736,0.0830634270840604,43.7539917881312,9.89914024689963e-11,-0.00159984256095717,3.19545719543594,7.75587774777103e-15,0.0870054612356557,"spectral","env_elev","spec_sa"
"20m","env_tri5","TRI 5x5","spec_sa","Spectral angle entropy","identity","identity",485,-0.113122250828084,-0.124114623271137,0.012796643632412,6.26089734661881,0.0126726974721518,-0.015597376531533,2.86593372119913,8.68551994265602e-14,-0.110414011925927,"spectral","env_tri5","spec_sa"
"20m","env_tri11","TRI 11x11","spec_sa","Spectral angle entropy","identity","identity",485,-0.114995954616939,-0.136938372583483,0.013224069578261,6.47282266357089,0.0112639719667601,-0.00342915232141877,2.86635558988307,8.18370034791857e-14,-0.0913653616117763,"spectral","env_tri11","spec_sa"
"20m","env_tri21","TRI 21x21","spec_sa","Spectral angle entropy","identity","identity",485,-0.131766749357453,-0.163491101791633,0.0173624762362299,8.53425176557278,0.00364844546721513,-0.00117870229430182,2.8725738071702,6.92548514577021e-14,-0.0572428483159155,"spectral","env_tri21","spec_sa"
"20m","brightness_n_pixels","brightness_n_pixels","spec_sa","Spectral angle entropy","identity","identity",485,-0.215001397147976,-0.314785534147171,0.0462256007755819,23.4090631838742,1.76437070713269e-06,-3.40884436870961e-06,2.92895585573352,2.23218117653169e-16,0.384150710600127,"spectral","brightness_n_pixels","spec_sa"
"20m","mean_pixel_brightness","563 nm brightness","spec_sa","Spectral angle entropy","identity","identity",485,-0.114556989973216,-0.121996493099273,0.0131233039517236,6.42284475260568,0.011580947760791,-1.83129256157578,2.93830131180353,8.15144073341183e-14,0.0761281867653066,"spectral","mean_pixel_brightness","spec_sa"
"20m","mean_blue_pixel_brightness","Blue brightness","spec_sa","Spectral angle entropy","identity","identity",485,-0.125519579601665,-0.16031532654463,0.0157551648633788,7.73155657754169,0.0056383373566889,-4.48667942544104,2.92258370499651,3.98907897439989e-14,-0.0154196382756556,"spectral","mean_blue_pixel_brightness","spec_sa"
"20m","mean_green_pixel_brightness","Green brightness","spec_sa","Spectral angle entropy","identity","identity",485,-0.0931176813044546,-0.109043890955793,0.00867090257151804,4.22467771087024,0.0403772922355577,-1.83612854083852,2.91855804376617,9.35629897292259e-14,0.0598427169851962,"spectral","mean_green_pixel_brightness","spec_sa"
"20m","mean_red_pixel_brightness","Red brightness","spec_sa","Spectral angle entropy","identity","identity",485,-0.370232247382671,-0.386415440461051,0.137071917002023,76.722194139245,3.33939819814493e-17,-3.61083220043526,3.22457350098377,7.41189773528384e-17,0.0718185567465259,"spectral","mean_red_pixel_brightness","spec_sa"
"20m","mean_nir_pixel_brightness","NIR brightness","spec_sa","Spectral angle entropy","identity","identity",485,-0.519650558345293,-0.546806290542623,0.270036702788575,178.677103280585,6.74279176249426e-35,-1.12492805672646,3.3609188874699,1.34696946738391e-18,0.173101136760196,"spectral","mean_nir_pixel_brightness","spec_sa"
"20m","present_species_count","Present species count","phy_faith","Faith's PD","identity","identity",500,0.726617922078965,0.7116344204815,0.527973604686354,557.025746323137,3.2257672621534e-83,90.3665165288675,78.2720835438224,4.38679064559026e-09,0.220413015751389,"biodiversity","present_species_count","phy_faith"
"20m","crown_equivalent_individuals","Crown-equivalent individuals","phy_faith","Faith's PD","identity","identity",500,0.384835859135969,0.346102805283025,0.148098638476919,86.5747201408923,4.26490956045511e-19,44.6159424425911,397.390192465389,5.38931684198159e-06,0.146075467312618,"biodiversity","crown_equivalent_individuals","phy_faith"
"20m","sp_even","Species evenness","phy_faith","Faith's PD","identity","identity",500,0.169953096010537,0.0904437809425009,0.0288840548435667,14.8120926073138,0.000134227661787301,419.557584024899,413.359905059836,7.40358440005167e-08,0.0343943290007885,"biodiversity","sp_even","phy_faith"
"20m","sp_simpson","Simpson diversity","phy_faith","Faith's PD","identity","identity",500,0.479724898181526,0.506832234216086,0.230135977935275,148.867480135514,3.85787686758001e-30,1076.51667089591,-41.7630577824943,2.02756815563641e-09,0.0917202986168282,"biodiversity","sp_simpson","phy_faith"
"20m","present_species_count","Present species count","phy_rao","Phylogenetic Rao's Q","identity","identity",500,0.412158384992238,0.495969949931197,0.16987453431941,101.909315625811,6.3195735852198e-22,10.2444208692523,102.44658689978,6.11125246222995e-20,-0.0471004156212385,"biodiversity","present_species_count","phy_rao"
"20m","crown_equivalent_individuals","Crown-equivalent individuals","phy_rao","Phylogenetic Rao's Q","identity","identity",500,0.31294168083535,0.277230580922324,0.0979324956040538,54.0651143879493,8.02603781504791e-13,7.25103140250293,121.199016142225,3.62855926352425e-14,0.083619903701891,"biodiversity","crown_equivalent_individuals","phy_rao"
"20m","sp_even","Species evenness","phy_rao","Phylogenetic Rao's Q","identity","identity",500,0.348572132816155,0.312822051288205,0.121502531776003,68.8769894201008,9.91137768244154e-16,171.979624365751,40.0532346993995,2.8089113657812e-20,-0.0865146074118774,"biodiversity","sp_even","phy_rao"
"20m","sp_simpson","Simpson diversity","phy_rao","Phylogenetic Rao's Q","identity","identity",500,0.487617323463089,0.524173616694467,0.237770654141306,155.346663580599,3.17407714328834e-31,218.690271353131,17.586158883388,5.63797409611432e-24,0.0452931442432303,"biodiversity","sp_simpson","phy_rao"
"20m","present_species_count","Present species count","phy_afaith","Abundance-weighted Faith's PD","identity","identity",500,0.236461022930609,0.304679272785819,0.0559138153653902,29.494214093114,8.78308770009369e-08,43.4948312707512,518.929274346098,2.39728349758012e-22,-0.058513019822209,"biodiversity","present_species_count","phy_afaith"
"20m","crown_equivalent_individuals","Crown-equivalent individuals","phy_afaith","Abundance-weighted Faith's PD","identity","identity",500,0.651186242823314,0.675784815139261,0.424043522842343,366.648666610415,1.18920648083666e-61,111.659686931239,-43.9970731274986,1.03794039901275e-19,0.341703140817632,"biodiversity","crown_equivalent_individuals","phy_afaith"
"20m","sp_even","Species evenness","phy_afaith","Abundance-weighted Faith's PD","identity","identity",500,-0.0179633680086031,-0.00640245760983044,0.0003226825902125,0.160747800442443,0.68864092765511,-65.5883813798605,896.057255305042,1.5338521835773e-19,0.201029438011382,"biodiversity","sp_even","phy_afaith"
"20m","sp_simpson","Simpson diversity","phy_afaith","Abundance-weighted Faith's PD","identity","identity",500,0.12058469785122,0.176679298717195,0.0145406693558701,7.34809962628308,0.00694513207913391,400.218675631169,548.091450853122,1.99368476108351e-21,-0.138421051872458,"biodiversity","sp_simpson","phy_afaith"
"20m","present_species_count","Present species count","sp_rich","Species richness","identity","identity",500,1,1,1,4.14521493107762e+31,0,0.999999999999996,2.66922072157147e-14,2.45951690413434e-44,-0.016071662606452,"biodiversity","present_species_count","sp_rich"
"20m","crown_equivalent_individuals","Crown-equivalent individuals","sp_rich","Species richness","identity","identity",500,0.399347494265927,0.350873332530902,0.159478421176474,94.4892501832594,1.44530960836721e-20,0.372275166272603,4.49627177989286,0.51125744157679,0.0984327046074085,"biodiversity","crown_equivalent_individuals","sp_rich"
"20m","sp_even","Species evenness","sp_rich","Species richness","identity","identity",500,0.318274427228396,0.232760082848151,0.101298611027564,56.1328923163308,3.11280104714114e-13,6.31775536093838,2.35675766784498,0.369680060696723,0.0965412823353599,"biodiversity","sp_even","sp_rich"
"20m","sp_simpson","Simpson diversity","sp_rich","Species richness","identity","identity",500,0.711792374743583,0.763450168079603,0.506648384743109,511.422052344329,1.97648882078431e-78,12.8434114499656,-2.01439038534059,2.37233388449472e-06,-0.0841177423888786,"biodiversity","sp_simpson","sp_rich"
"20m","present_species_count","Present species count","sp_shannon","Shannon diversity","identity","identity",500,0.85572291556057,0.859120656865096,0.732261708215483,1362.02531308,1.31937654639229e-144,0.143279503070904,0.523817358175291,1.03942728309631e-10,-0.111937784534897,"biodiversity","present_species_count","sp_shannon"
"20m","crown_equivalent_individuals","Crown-equivalent individuals","sp_shannon","Shannon diversity","identity","identity",500,0.357206355630327,0.287738686954748,0.1275963805027,72.8366963068761,1.71035553473562e-16,0.0557549183853819,1.14884964435278,4.15925559727663e-09,-0.0693331580617386,"biodiversity","crown_equivalent_individuals","sp_shannon"
"20m","sp_even","Species evenness","sp_shannon","Shannon diversity","identity","identity",500,0.727672511848551,0.648194784779139,0.52950728449998,560.464846731467,1.43243867477823e-83,2.41851025740387,-0.359460895607511,8.1002198144089e-13,0.151495007056815,"biodiversity","sp_even","sp_shannon"
"20m","sp_simpson","Simpson diversity","sp_shannon","Shannon diversity","identity","identity",500,0.949030930346041,0.974845019380078,0.900659706753472,4515.07157171498,7.24377969858584e-252,2.86720229729626,-0.521929539352373,1.16042922041718e-05,-0.312585514487746,"biodiversity","sp_simpson","sp_shannon"
"20m","present_species_count","Present species count","sp_simpson","Simpson diversity","identity","identity",500,0.711792374743583,0.763450168079603,0.506648384743109,511.422052344328,1.97648882078448e-78,0.0394481160022689,0.443171453911546,4.69953963774258e-20,-0.320761472338902,"biodiversity","present_species_count","sp_simpson"
"20m","crown_equivalent_individuals","Crown-equivalent individuals","sp_simpson","Simpson diversity","identity","identity",500,0.305793838179399,0.223374269497078,0.0935098714684882,51.3716746885549,2.77355864995407e-12,0.0157984604740101,0.611698856229741,1.48073943814916e-21,-0.205424458516296,"biodiversity","crown_equivalent_individuals","sp_simpson"
"20m","sp_even","Species evenness","sp_simpson","Simpson diversity","identity","identity",500,0.83360043112204,0.738920235680943,0.694889678766851,1134.19650514364,1.82615139988093e-130,0.917047699372922,-0.00266759467753497,8.64911912674989e-20,-0.0933239614807506,"biodiversity","sp_even","sp_simpson"
"20m","present_species_count","Present species count","sp_even","Species evenness","identity","identity",500,0.318274427228396,0.232760082848151,0.101298611027564,56.1328923163308,3.11280104714117e-13,0.0160339559290117,0.687295128963432,2.18263145318079e-14,-0.374573688141176,"biodiversity","present_species_count","sp_even"
"20m","crown_equivalent_individuals","Crown-equivalent individuals","sp_even","Species evenness","identity","identity",500,0.135205364566939,0.0455865503462014,0.0182804906076789,9.27320302339638,0.0024484567847077,0.00634959413784139,0.756364676510201,2.03543907705009e-18,-0.194312982919275,"biodiversity","crown_equivalent_individuals","sp_even"
"20m","sp_simpson","Simpson diversity","sp_even","Species evenness","identity","identity",500,0.83360043112204,0.738920235680943,0.694889678766851,1134.19650514364,1.82615139988104e-130,0.757746493712397,0.24818810115417,7.21235640700503e-15,-0.34597872558915,"biodiversity","sp_simpson","sp_even"
"50m","env_elev","Mean elevation","spec_alpha","Raw PCA alpha hull","identity","identity",74,-0.301512861489182,-0.333994816734543,0.0909100056433948,7.20007969173274,0.00903803808806867,-1.9797463796278,1177.28439438148,0.0027886227613168,0.261174883430181,"spectral","env_elev","spec_alpha"
"50m","env_tri5","TRI 5x5","spec_alpha","Raw PCA alpha hull","identity","identity",74,-0.144021220730069,-0.224998148833765,0.0207421120205792,1.52506513740034,0.220869507285044,-32.3270341621495,793.459009777055,9.03775979506976e-05,0.143647759616323,"spectral","env_tri5","spec_alpha"
"50m","env_tri11","TRI 11x11","spec_alpha","Raw PCA alpha hull","identity","identity",74,-0.181056716648397,-0.243391336542021,0.0327815346434979,2.44026616413066,0.12264113778925,-8.41323282865075,806.31347654542,9.66462413570481e-05,0.18546700625598,"spectral","env_tri11","spec_alpha"
"50m","env_tri21","TRI 21x21","spec_alpha","Raw PCA alpha hull","identity","identity",74,-0.220778390361854,-0.267323213624583,0.0487430976507713,3.68933252645889,0.0587216699601401,-2.88461029695804,821.666884560942,0.000135870995402107,0.224110097281287,"spectral","env_tri21","spec_alpha"
"50m","brightness_n_pixels","brightness_n_pixels","spec_alpha","Raw PCA alpha hull","identity","identity",74,0.35986737147322,0.330144390966309,0.129504525051044,10.7115155357033,0.00163708115041618,0.002337148288556,318.281535571914,0.00636893298176241,0.267035052735756,"spectral","brightness_n_pixels","spec_alpha"
"50m","mean_pixel_brightness","563 nm brightness","spec_alpha","Raw PCA alpha hull","identity","identity",74,0.707071305771991,0.666612365790448,0.499949831446109,71.985552906059,1.91030380358274e-12,19245.4589590929,-365.494738172329,0.0177813730689661,0.152836466216453,"spectral","mean_pixel_brightness","spec_alpha"
"50m","mean_blue_pixel_brightness","Blue brightness","spec_alpha","Raw PCA alpha hull","identity","identity",74,0.524300873030857,0.471691965938541,0.274891405460918,27.2954717986305,1.63068197105334e-06,33012.8981073634,79.2331665961223,0.569654988889663,0.452396051502839,"spectral","mean_blue_pixel_brightness","spec_alpha"
"50m","mean_green_pixel_brightness","Green brightness","spec_alpha","Raw PCA alpha hull","identity","identity",74,0.746432836245672,0.708374676045909,0.557161979025758,90.5876654439027,2.28582308636184e-14,24839.8423861389,-410.244244247251,0.134282476516222,0.187005354641863,"spectral","mean_green_pixel_brightness","spec_alpha"
"50m","mean_red_pixel_brightness","Red brightness","spec_alpha","Raw PCA alpha hull","identity","identity",74,0.347817455022479,0.33224731580896,0.120976982018314,9.90911788102928,0.00239329605237538,5886.59492890908,88.5826087100786,0.00128887440787073,0.265134206582502,"spectral","mean_red_pixel_brightness","spec_alpha"
"50m","mean_nir_pixel_brightness","NIR brightness","spec_alpha","Raw PCA alpha hull","identity","identity",74,-0.0224428956969983,0.0255164753794891,0.000503683567266359,0.0362834922419832,0.849467302946896,-79.1641702820194,766.944804039828,0.000241092245373831,0.199014474932212,"spectral","mean_nir_pixel_brightness","spec_alpha"
"50m","env_elev","Mean elevation","spec_rao_q","Raw PCA Rao's Q","identity","identity",74,-0.240780268154321,-0.284650129581636,0.0579751375324669,4.43110375176693,0.0387797184173404,-0.604550127757809,329.291645855973,0.000899352213047554,0.269825179646572,"spectral","env_elev","spec_rao_q"
"50m","env_tri5","TRI 5x5","spec_rao_q","Raw PCA Rao's Q","identity","identity",74,0.0334739431535579,-0.00709366901147723,0.00112050487024762,0.0807668503069519,0.777076600203965,2.87312126917312,186.905361140306,3.98264307011312e-05,-0.00117129286870267,"spectral","env_tri5","spec_rao_q"
"50m","env_tri11","TRI 11x11","spec_rao_q","Raw PCA Rao's Q","identity","identity",74,-0.00625602791658381,-0.0288041466123658,3.91378852930743e-05,0.00281803803315064,0.957811041865671,-0.111161565354197,193.595170263384,4.1531030226242e-05,0.0393878199984804,"spectral","env_tri11","spec_rao_q"
"50m","env_tri21","TRI 21x21","spec_rao_q","Raw PCA Rao's Q","identity","identity",74,-0.0616688934802183,-0.0663309885227693,0.0038030524230745,0.274865100849167,0.601697083041854,-0.308109047336677,202.41594694502,5.07878179535639e-05,0.0972904551220048,"spectral","env_tri21","spec_rao_q"
"50m","brightness_n_pixels","brightness_n_pixels","spec_rao_q","Raw PCA Rao's Q","identity","identity",74,0.200736690171219,0.311099592743428,0.0402952187808958,3.02307106206041,0.086362279469168,0.000498515038839218,104.848365880105,2.8637961432242e-06,-0.0967870750476948,"spectral","brightness_n_pixels","spec_rao_q"
"50m","mean_pixel_brightness","563 nm brightness","spec_rao_q","Raw PCA Rao's Q","identity","identity",74,0.601734456705261,0.683643095149944,0.362084356386376,40.8675879339452,1.42572931412428e-08,6262.93131179072,-163.786420196121,3.14686892444789e-09,-0.00328708985135154,"spectral","mean_pixel_brightness","spec_rao_q"
"50m","mean_blue_pixel_brightness","Blue brightness","spec_rao_q","Raw PCA Rao's Q","identity","identity",74,0.365001735912834,0.443643095149944,0.133226267219382,11.0666612023686,0.00138626437028491,8788.31690155078,19.4499197878061,8.88945001164544e-07,0.0381271151569885,"spectral","mean_blue_pixel_brightness","spec_rao_q"
"50m","mean_green_pixel_brightness","Green brightness","spec_rao_q","Raw PCA Rao's Q","identity","identity",74,0.606351050366524,0.708374676045909,0.367661596280587,41.86308276786,1.03192122079529e-08,7715.95955117673,-161.484519192172,2.06787275079187e-09,-0.0127281431335211,"spectral","mean_green_pixel_brightness","spec_rao_q"
"50m","mean_red_pixel_brightness","Red brightness","spec_rao_q","Raw PCA Rao's Q","identity","identity",74,0.283779661264692,0.381266197704554,0.0805308961475031,6.30605693908165,0.0142775493950981,1836.54575778153,-7.40616119089832,4.99173512302973e-07,-0.0423592309479853,"spectral","mean_red_pixel_brightness","spec_rao_q"
"50m","mean_nir_pixel_brightness","NIR brightness","spec_rao_q","Raw PCA Rao's Q","identity","identity",74,-0.0629282704668451,0.0498630136986301,0.00395996722394845,0.286251185436433,0.594281526173603,-84.8795908213062,232.629166687757,0.000176700483790955,0.425914652212541,"spectral","mean_nir_pixel_brightness","spec_rao_q"
"50m","env_elev","Mean elevation","spec_pca_mean","Raw PCA mean distance","identity","identity",74,-0.228888004748923,-0.294424287301,0.0523897187179431,3.98060238707894,0.049812188873324,-0.0106394820912877,10.8648548731776,0.381160691930671,0.231671423476403,"spectral","env_elev","spec_pca_mean"
"50m","env_tri5","TRI 5x5","spec_pca_mean","Raw PCA mean distance","identity","identity",74,-0.00765595489818123,-0.0209552017771196,5.86136454029864e-05,0.00422042984379333,0.948382038217121,-0.0121655705114996,8.48292622485462,0.0318342998037941,0.0928403876176839,"spectral","env_tri5","spec_pca_mean"
"50m","env_tri11","TRI 11x11","spec_pca_mean","Raw PCA mean distance","identity","identity",74,-0.0472823667915947,-0.0459533506108849,0.00223562220941488,0.161325461863357,0.689128847814044,-0.0155539684788373,8.6007275419501,0.0368707176040845,0.115916207029707,"spectral","env_tri11","spec_pca_mean"
"50m","env_tri21","TRI 21x21","spec_pca_mean","Raw PCA mean distance","identity","identity",74,-0.0986437443092921,-0.0836282858200666,0.009730588291357,0.707486617978901,0.403064333050948,-0.00912418064391199,8.75012426154188,0.048808466483853,0.151639782369994,"spectral","env_tri21","spec_pca_mean"
"50m","brightness_n_pixels","brightness_n_pixels","spec_pca_mean","Raw PCA mean distance","identity","identity",74,0.296046058916817,0.302658274713069,0.0876432690001794,6.91650004170809,0.0104367189439088,1.36112126870133e-05,6.06346915143774,0.00381310602964033,0.0272616425881335,"spectral","brightness_n_pixels","spec_pca_mean"
"50m","mean_pixel_brightness","563 nm brightness","spec_pca_mean","Raw PCA mean distance","identity","identity",74,0.72090638264752,0.693387634209552,0.519706012541933,77.9081851535486,4.39415948968787e-13,138.911329975866,0.554679257669081,4.82905390910509e-05,0.0133979140009367,"spectral","mean_pixel_brightness","spec_pca_mean"
"50m","mean_blue_pixel_brightness","Blue brightness","spec_pca_mean","Raw PCA mean distance","identity","identity",74,0.459069983465747,0.441095890410959,0.210745249719241,19.2252982631877,3.88988817266289e-05,204.633016934194,4.42758116428889,0.00337446758916732,0.102213168785111,"spectral","mean_blue_pixel_brightness","spec_pca_mean"
"50m","mean_green_pixel_brightness","Green brightness","spec_pca_mean","Raw PCA mean distance","identity","identity",74,0.729791367404713,0.717734172528693,0.53259543993844,82.0421428291525,1.6311842270855e-13,171.929563654821,0.569475857128492,7.61692591869254e-05,0.0255987402960023,"spectral","mean_green_pixel_brightness","spec_pca_mean"
"50m","mean_red_pixel_brightness","Red brightness","spec_pca_mean","Raw PCA mean distance","identity","identity",74,0.395774901358064,0.392610144390966,0.156637772544986,13.3725690528872,0.000482488629665409,47.4192594959517,3.29524897620866,0.000562166643714129,0.0701702435343927,"spectral","mean_red_pixel_brightness","spec_pca_mean"
"50m","mean_nir_pixel_brightness","NIR brightness","spec_pca_mean","Raw PCA mean distance","identity","identity",74,0.0356109017402794,0.0776453165494261,0.0012681363227558,0.0914217504808924,0.763249164070921,0.889255343832181,8.0393257607561,0.0147875092696932,-0.35602212660822,"spectral","mean_nir_pixel_brightness","spec_pca_mean"
"50m","env_elev","Mean elevation","spec_convex","Raw PCA convex hull","identity","identity",74,-0.0231231182702636,0.000755275823768974,0.000534678598540596,0.038517453553008,0.844960621475345,-0.956176638694722,2230.93002550285,3.94858346240827e-06,0.117203937501135,"spectral","env_elev","spec_convex"
"50m","env_tri5","TRI 5x5","spec_convex","Raw PCA convex hull","identity","identity",74,0.121184235129643,0.0838059977786005,0.0146856188439565,1.07312404749872,0.303707625144214,171.306370525075,1676.2720753558,1.0457602836048e-05,0.13517046571513,"spectral","env_tri5","spec_convex"
"50m","env_tri11","TRI 11x11","spec_convex","Raw PCA convex hull","identity","identity",74,0.0865681488964334,0.0657682339874121,0.00749404440335506,0.543645299052338,0.463322000773703,25.3334543149015,1783.69061401184,7.11685327395862e-06,0.106410813716851,"spectral","env_tri11","spec_convex"
"50m","env_tri21","TRI 21x21","spec_convex","Raw PCA convex hull","identity","identity",74,0.0430261437833545,0.0297815623843021,0.0018512490488659,0.133537142025508,0.715863794418078,3.54038933780588,1901.69993802905,4.47602938909927e-06,0.0520779829747176,"spectral","env_tri21","spec_convex"
"50m","brightness_n_pixels","brightness_n_pixels","spec_convex","Raw PCA convex hull","identity","identity",74,0.185784691948938,0.342436134764902,0.034515951762562,2.57399232171809,0.113011119585935,0.00759874265771491,677.410085202246,3.01249573658163e-07,-0.134467029859498,"spectral","brightness_n_pixels","spec_convex"
"50m","mean_pixel_brightness","563 nm brightness","spec_convex","Raw PCA convex hull","identity","identity",74,0.32832962011728,0.460022213994817,0.107800339446357,8.6994254574378,0.00429091564780917,56281.1725307585,-1187.75804201397,4.46856878038767e-07,0.0753189215197855,"spectral","mean_pixel_brightness","spec_convex"
"50m","mean_blue_pixel_brightness","Blue brightness","spec_convex","Raw PCA convex hull","identity","identity",74,0.260688208708579,0.466716031099593,0.0679583421596876,5.24976603174086,0.0248782669832029,103374.273799722,-21.788880752642,1.33002353115983e-07,-0.118664809138416,"spectral","mean_blue_pixel_brightness","spec_convex"
"50m","mean_green_pixel_brightness","Green brightness","spec_convex","Raw PCA convex hull","identity","identity",74,0.32013498220865,0.491240281377268,0.102486406833733,8.22162622183459,0.00542579117307843,67093.3143869814,-1064.03908062971,2.54788388947585e-07,0.0493991941070389,"spectral","mean_green_pixel_brightness","spec_convex"
"50m","mean_red_pixel_brightness","Red brightness","spec_convex","Raw PCA convex hull","identity","identity",74,0.175706871751553,0.303043317289893,0.0308729047807168,2.293661125746,0.134281019016895,18727.9197131732,-24.6415955997398,7.34346610348583e-07,-0.0928073849450679,"spectral","mean_red_pixel_brightness","spec_convex"
"50m","mean_nir_pixel_brightness","NIR brightness","spec_convex","Raw PCA convex hull","identity","identity",74,-0.0412300018812076,0.0530322102924843,0.00169991305512438,0.122602152969374,0.727251450751978,-915.90649979243,2446.84535414274,5.89031529595452e-06,0.265946467697037,"spectral","mean_nir_pixel_brightness","spec_convex"
"50m","env_elev","Mean elevation","spec_hull3d_v","Raw PCA 3D hull volume","identity","identity",74,-0.13194025543581,-0.125479452054794,0.0174082310044667,1.27559854648782,0.262467852995087,-66.1831939315304,34584.3937239146,1.19310390169996e-05,0.177373562056617,"spectral","env_elev","spec_hull3d_v"
"50m","env_tri5","TRI 5x5","spec_hull3d_v","Raw PCA 3D hull volume","identity","identity",74,0.0519674940456987,0.0743280266567938,0.00270062043738973,0.194971214739288,0.660134213651497,891.123374953615,17857.532413158,3.498237059482e-06,0.0164099363791239,"spectral","env_tri5","spec_hull3d_v"
"50m","env_tri11","TRI 11x11","spec_hull3d_v","Raw PCA 3D hull volume","identity","identity",74,0.0169082173743077,0.048204368752314,0.000285887814776841,0.0205898090394455,0.886302872187489,60.0223197661446,19070.6949361545,3.41423616629585e-06,-0.0282527280599687,"spectral","env_tri11","spec_hull3d_v"
"50m","env_tri21","TRI 21x21","spec_hull3d_v","Raw PCA 3D hull volume","identity","identity",74,-0.0347645876051343,0.0121880784894483,0.00120857655135506,0.0871228062783206,0.768716765100041,-34.7003899293759,20725.6270766418,3.77660567867934e-06,0.101633473887591,"spectral","env_tri21","spec_hull3d_v"
"50m","brightness_n_pixels","brightness_n_pixels","spec_hull3d_v","Raw PCA 3D hull volume","identity","identity",74,0.192376869258214,0.32170307293595,0.037008859825592,2.76704301449755,0.10057091691386,0.095447231490521,2820.37809105615,2.09182002617772e-07,-0.117379443880393,"spectral","brightness_n_pixels","spec_hull3d_v"
"50m","mean_pixel_brightness","563 nm brightness","spec_hull3d_v","Raw PCA 3D hull volume","identity","identity",74,0.464394344091031,0.554920399851907,0.215662106823738,19.797171380345,3.07428508430941e-05,965647.604345313,-35328.4126216842,6.54810703820053e-08,0.1480004618225,"spectral","mean_pixel_brightness","spec_hull3d_v"
"50m","mean_blue_pixel_brightness","Blue brightness","spec_hull3d_v","Raw PCA 3D hull volume","identity","identity",74,0.263909385773857,0.411417993335802,0.0696481638995345,5.39007674965772,0.0230849259707029,1269476.2866146,-5390.89865912748,2.01367749910404e-07,-0.0411076712925604,"spectral","mean_blue_pixel_brightness","spec_hull3d_v"
"50m","mean_green_pixel_brightness","Green brightness","spec_hull3d_v","Raw PCA 3D hull volume","identity","identity",74,0.449958286788176,0.57067752684191,0.20246245984935,18.2778820748672,5.7668657536822e-05,1143923.65427496,-32873.750457529,3.45943317681857e-08,0.107077998850305,"spectral","mean_green_pixel_brightness","spec_hull3d_v"
"50m","mean_red_pixel_brightness","Red brightness","spec_hull3d_v","Raw PCA 3D hull volume","identity","identity",74,0.210935177105086,0.325731210662717,0.0444936489403541,3.35271735258777,0.0712316780919148,272727.214706351,-10080.1510107025,3.32165249549601e-07,-0.0418190044053785,"spectral","mean_red_pixel_brightness","spec_hull3d_v"
"50m","mean_nir_pixel_brightness","NIR brightness","spec_hull3d_v","Raw PCA 3D hull volume","identity","identity",74,-0.0894990966833484,0.0188522769344687,0.00801008830713533,0.581383289603763,0.448261433130493,-24117.6568417784,30997.1655948409,2.81348750166354e-05,0.344592649740012,"spectral","mean_nir_pixel_brightness","spec_hull3d_v"
"50m","env_elev","Mean elevation","spec_hull3d_a","Raw PCA 3D hull area","identity","identity",74,-0.0738602149749793,-0.0754239170677527,0.00545533135615014,0.394938377356551,0.531703489785868,-7.41892999412779,6671.78045698314,5.99360598814191e-06,0.153846499413991,"spectral","env_elev","spec_hull3d_a"
"50m","env_tri5","TRI 5x5","spec_hull3d_a","Raw PCA 3D hull area","identity","identity",74,0.0855359564411286,0.0989707515734913,0.00731639984429865,0.530663333923193,0.46869085967945,293.707529997388,4413.85000647359,3.34187005851662e-06,0.0392100312190911,"spectral","env_tri5","spec_hull3d_a"
"50m","env_tri11","TRI 11x11","spec_hull3d_a","Raw PCA 3D hull area","identity","identity",74,0.0525935706828649,0.0735283228433913,0.0027660836771735,0.199710440546248,0.656296060487994,37.3859064482278,4653.178592145,3.11141825061925e-06,0.00864747493432355,"spectral","env_tri11","spec_hull3d_a"
"50m","env_tri21","TRI 21x21","spec_hull3d_a","Raw PCA 3D hull area","identity","identity",74,0.00633885954325126,0.0414513143280267,4.01811403090676e-05,0.00289315835265457,0.957252967916555,1.26697692739615,4953.65787517938,3.35714174211994e-06,-0.0500920665435851,"spectral","env_tri21","spec_hull3d_a"
"50m","brightness_n_pixels","brightness_n_pixels","spec_hull3d_a","Raw PCA 3D hull area","identity","identity",74,0.211252056302245,0.343472787856349,0.0446274312919271,3.363269114335,0.0707980634973195,0.0209880327150936,1300.43670683106,2.91048510469871e-07,-0.0799260088783816,"spectral","brightness_n_pixels","spec_hull3d_a"
"50m","mean_pixel_brightness","563 nm brightness","spec_hull3d_a","Raw PCA 3D hull area","identity","identity",74,0.411326993962607,0.52115512773047,0.169189895962314,14.6624029367053,0.000271916503629518,171269.197028866,-4751.31394700095,1.7560626479036e-07,0.112389918573084,"spectral","mean_pixel_brightness","spec_hull3d_a"
"50m","mean_blue_pixel_brightness","Blue brightness","spec_hull3d_a","Raw PCA 3D hull area","identity","identity",74,0.28296584634277,0.43795631247686,0.0800696701964804,6.26679659032211,0.0145708028428765,272561.230385004,-375.411795872672,2.33890371720123e-07,-0.0254869020738316,"spectral","mean_blue_pixel_brightness","spec_hull3d_a"
"50m","mean_green_pixel_brightness","Green brightness","spec_hull3d_a","Raw PCA 3D hull area","identity","identity",74,0.403540430713747,0.541236579044798,0.162844879220636,14.0055660090455,0.000363616355280485,205433.915377915,-4432.74850114833,8.21051811964077e-08,0.0699629158623955,"spectral","mean_green_pixel_brightness","spec_hull3d_a"
"50m","mean_red_pixel_brightness","Red brightness","spec_hull3d_a","Raw PCA 3D hull area","identity","identity",74,0.210677004026851,0.321584598296927,0.0443848000257297,3.34413433559719,0.0715865329855004,54545.2458154838,-945.517451172827,3.91872216039356e-07,-0.0332598822284908,"spectral","mean_red_pixel_brightness","spec_hull3d_a"
"50m","mean_nir_pixel_brightness","NIR brightness","spec_hull3d_a","Raw PCA 3D hull area","identity","identity",74,-0.0598156771649571,0.03380970011107,0.00357791523470235,0.258534912902145,0.612682943669405,-3227.68978292308,6516.97851142039,1.03521763491836e-05,0.301124489718266,"spectral","mean_nir_pixel_brightness","spec_hull3d_a"
"50m","env_elev","Mean elevation","spec_spca_alpha","Std PCA alpha hull","identity","identity",74,-0.485401996966705,-0.528293224731581,0.235615098659265,22.1933832990574,1.16830742236932e-05,-3.1892508656326,1414.97186055697,0.00231381425856515,0.318489846635378,"spectral","env_elev","spec_spca_alpha"
"50m","env_tri5","TRI 5x5","spec_spca_alpha","Std PCA alpha hull","identity","identity",74,-0.241865529233137,-0.330233246945576,0.0584989342312253,4.47362559404966,0.0378831184777676,-54.3246278304504,801.09317843036,1.77228654681862e-05,-0.0682141583493646,"spectral","env_tri5","spec_spca_alpha"
"50m","env_tri11","TRI 11x11","spec_spca_alpha","Std PCA alpha hull","identity","identity",74,-0.255152735151397,-0.334172528693077,0.0651029182552387,5.01382473633275,0.0282359547096576,-11.8640209200292,801.956737270478,1.99921499705353e-05,-0.0554805734891341,"spectral","env_tri11","spec_spca_alpha"
"50m","env_tri21","TRI 21x21","spec_spca_alpha","Std PCA alpha hull","identity","identity",74,-0.281258398811311,-0.350847834135505,0.0791062869019024,6.18491860236019,0.0152030068658926,-3.67721899691866,811.141707412907,1.71021966811561e-05,-0.0286212838985899,"spectral","env_tri21","spec_spca_alpha"
"50m","brightness_n_pixels","brightness_n_pixels","spec_spca_alpha","Std PCA alpha hull","identity","identity",74,0.081436814559794,-0.0235024065161051,0.00663195476564625,0.48068864849974,0.490341134377446,0.000529234299412441,600.630142848048,0.000874325889197143,0.322302402484672,"spectral","brightness_n_pixels","spec_spca_alpha"
"50m","mean_pixel_brightness","563 nm brightness","spec_spca_alpha","Std PCA alpha hull","identity","identity",74,0.431749978869608,0.331151425398001,0.186408044253907,16.4964502063856,0.000122596597648204,11759.2816548342,24.6530201698817,0.0571894414307357,0.210026663315352,"spectral","mean_pixel_brightness","spec_spca_alpha"
"50m","mean_blue_pixel_brightness","Blue brightness","spec_spca_alpha","Std PCA alpha hull","identity","identity",74,0.235232469126519,0.0849611255090707,0.0553343145313587,4.21743978588717,0.0436431658410017,14821.2129105215,401.78870586567,0.0258252108007092,0.512625837865534,"spectral","mean_blue_pixel_brightness","spec_spca_alpha"
"50m","mean_green_pixel_brightness","Green brightness","spec_spca_alpha","Std PCA alpha hull","identity","identity",74,0.470811045273076,0.355675675675676,0.221663040351126,20.5049223314295,2.30308890621456e-05,15677.9094156548,-25.6503848819568,0.176859089065354,0.224883025575155,"spectral","mean_green_pixel_brightness","spec_spca_alpha"
"50m","mean_red_pixel_brightness","Red brightness","spec_spca_alpha","Std PCA alpha hull","identity","identity",74,-0.0580348390330173,-0.147426878933728,0.00336804254158824,0.243318570290249,0.623320689942686,-982.844861491127,800.794811274276,9.44486162264603e-05,-0.236211904262007,"spectral","mean_red_pixel_brightness","spec_spca_alpha"
"50m","mean_nir_pixel_brightness","NIR brightness","spec_spca_alpha","Std PCA alpha hull","identity","identity",74,-0.420856080582313,-0.457860051832654,0.177119840563107,15.4975525588932,0.000188691851693148,-1485.47992751415,1394.64486002666,0.000267334460239495,0.287222646281166,"spectral","mean_nir_pixel_brightness","spec_spca_alpha"
"50m","env_elev","Mean elevation","spec_spca_rao","Std PCA Rao's Q","identity","identity",74,-0.318301824343399,-0.379607552758238,0.101316051380336,8.11715365628662,0.00571332429219949,-1.22786589429865,442.262833181035,1.31502597434961e-08,0.306908366799896,"spectral","env_elev","spec_spca_rao"
"50m","env_tri5","TRI 5x5","spec_spca_rao","Std PCA Rao's Q","identity","identity",74,0.0346841100393863,-0.17041095890411,0.00120298748922426,0.0867194216034082,0.769237280909003,4.57380898609437,155.562947618481,1.69864221709028e-09,0.2445399343826,"spectral","env_tri5","spec_spca_rao"
"50m","env_tri11","TRI 11x11","spec_spca_rao","Std PCA Rao's Q","identity","identity",74,0.0086148237972564,-0.185634950018512,7.42151890577758e-05,0.00534389020998209,0.941927719528285,0.235181285526682,162.454355591869,1.0533979897723e-09,0.203514541830936,"spectral","env_tri11","spec_spca_rao"
"50m","env_tri21","TRI 21x21","spec_spca_rao","Std PCA Rao's Q","identity","identity",74,-0.0358196345609272,-0.214779711218067,0.00128304622007838,0.0924980070639712,0.76190241249428,-0.274953866371828,173.375138124858,5.47119115517935e-10,-0.142276526857653,"spectral","env_tri21","spec_spca_rao"
"50m","brightness_n_pixels","brightness_n_pixels","spec_spca_rao","Std PCA Rao's Q","identity","identity",74,-0.0667294936810847,0.0148833765272121,0.00445282532693391,0.322037399829422,0.572151066664368,-0.000254606636695777,209.406908222817,1.40109069707621e-09,0.128657022120425,"spectral","brightness_n_pixels","spec_spca_rao"
"50m","mean_pixel_brightness","563 nm brightness","spec_spca_rao","Std PCA Rao's Q","identity","identity",74,0.233093218057094,0.378274713069234,0.0543324483042118,4.13669293282644,0.0456485137426166,3727.37244715085,-47.492773991989,5.66622603554082e-10,0.0382399593965658,"spectral","mean_pixel_brightness","spec_spca_rao"
"50m","mean_blue_pixel_brightness","Blue brightness","spec_spca_rao","Std PCA Rao's Q","identity","identity",74,0.0810274715446123,0.168130322102925,0.00656545114491297,0.475836564148615,0.492531676424412,2997.39136002638,105.549757311642,9.19976462969209e-10,0.0198859440017189,"spectral","mean_blue_pixel_brightness","spec_spca_rao"
"50m","mean_green_pixel_brightness","Green brightness","spec_spca_rao","Std PCA Rao's Q","identity","identity",74,0.244610487784948,0.394179933358015,0.0598342907343902,4.58224426866329,0.0356921149312919,4782.34900615005,-54.8510328008701,4.77415524429847e-10,0.0289612714083794,"spectral","mean_green_pixel_brightness","spec_spca_rao"
"50m","mean_red_pixel_brightness","Red brightness","spec_spca_rao","Std PCA Rao's Q","identity","identity",74,-0.113579427041091,-0.0341947426878934,0.0129002862469825,0.940959253499636,0.335278697456988,-1129.32917024952,287.575417126086,1.50212936536091e-09,0.174466723812838,"spectral","mean_red_pixel_brightness","spec_spca_rao"
"50m","mean_nir_pixel_brightness","NIR brightness","spec_spca_rao","Std PCA Rao's Q","identity","identity",74,-0.388684593045416,-0.355261014439097,0.151075712870881,12.8132172581475,0.000620966485627049,-805.480800191293,544.638847832243,6.63524299471151e-07,0.518157931372059,"spectral","mean_nir_pixel_brightness","spec_spca_rao"
"50m","env_elev","Mean elevation","spec_spca_mean","Std PCA mean distance","identity","identity",74,-0.481975904395534,-0.573698630136986,0.232300772417893,21.7867297675501,1.37398214696768e-05,-0.0270888998421325,13.4575423251997,3.58558645782275e-05,0.299119162259519,"spectral","env_elev","spec_spca_mean"
"50m","env_tri5","TRI 5x5","spec_spca_mean","Std PCA mean distance","identity","identity",74,-0.12666468746717,-0.309026286560533,0.0160439430511558,1.17399948049029,0.28219611714068,-0.243364516004011,7.81257525451475,9.5168800552716e-07,-0.223552730878131,"spectral","env_tri5","spec_spca_mean"
"50m","env_tri11","TRI 11x11","spec_spca_mean","Std PCA mean distance","identity","identity",74,-0.147526931409857,-0.318770825620141,0.0217641954912085,1.60188583176413,0.209716476403129,-0.0586788916166357,7.86687356535523,7.65261472970871e-07,-0.193634806306399,"spectral","env_tri11","spec_spca_mean"
"50m","env_tri21","TRI 21x21","spec_spca_mean","Std PCA mean distance","identity","identity",74,-0.187033367709673,-0.34489448352462,0.0349814806368219,2.60996712012663,0.110567853591274,-0.0209176073267562,7.99944827055169,4.60681346076856e-07,-0.149693553101474,"spectral","env_tri21","spec_spca_mean"
"50m","brightness_n_pixels","brightness_n_pixels","spec_spca_mean","Std PCA mean distance","identity","identity",74,-0.0216353504411046,-0.115053683820807,0.000468088388709408,0.033718147060205,0.854823783477583,-1.20273529674641e-06,7.54345276932472,8.48977767946749e-06,-0.14888891895809,"spectral","brightness_n_pixels","spec_spca_mean"
"50m","mean_pixel_brightness","563 nm brightness","spec_spca_mean","Std PCA mean distance","identity","identity",74,0.35660448434528,0.313024805627545,0.127166758255163,10.4899838324998,0.00181701436999292,83.0833854954687,2.60424552856017,0.000613580310374832,0.175579138662615,"spectral","mean_pixel_brightness","spec_spca_mean"
"50m","mean_blue_pixel_brightness","Blue brightness","spec_spca_mean","Std PCA mean distance","identity","identity",74,0.137086305293475,0.0124546464272492,0.018792655099016,1.37898597494263,0.244143411222163,73.8855427042007,5.87622491062806,0.000262985506678095,0.368324650207724,"spectral","mean_blue_pixel_brightness","spec_spca_mean"
"50m","mean_green_pixel_brightness","Green brightness","spec_spca_mean","Std PCA mean distance","identity","identity",74,0.385100619812691,0.328011847463902,0.148302487380119,12.5370556249753,0.000703942305224562,109.696972742958,2.29806595975579,0.00127258887435774,0.188759114027189,"spectral","mean_green_pixel_brightness","spec_spca_mean"
"50m","mean_red_pixel_brightness","Red brightness","spec_spca_mean","Std PCA mean distance","identity","identity",74,-0.120174865331041,-0.187530544242873,0.0144419982573339,1.05506106458414,0.307782839167815,-17.4095982176207,9.22757448713869,3.48279277512581e-06,-0.0494039474564762,"spectral","mean_red_pixel_brightness","spec_spca_mean"
"50m","mean_nir_pixel_brightness","NIR brightness","spec_spca_mean","Std PCA mean distance","identity","identity",74,-0.466016817183147,-0.502969270640503,0.217171673897511,19.9741884641175,2.85933301340206e-05,-14.0706346981253,13.9705555227105,0.00108652318932746,0.507388319577099,"spectral","mean_nir_pixel_brightness","spec_spca_mean"
"50m","env_elev","Mean elevation","spec_spca_convex","Std PCA convex hull","identity","identity",74,-0.0339916321686745,0.0238282117734172,0.00115543105749045,0.0832872688364196,0.77372030049466,-2.46415484147699,3895.23292678749,0.000201554752176958,0.166128267862927,"spectral","env_elev","spec_spca_convex"
"50m","env_tri5","TRI 5x5","spec_spca_convex","Std PCA convex hull","identity","identity",74,0.177809074098563,0.129092928544983,0.0316160668317883,2.3506759394916,0.129611268264306,440.641661060773,2467.46939785769,0.00130977491204125,0.263207099661936,"spectral","env_tri5","spec_spca_convex"
"50m","env_tri11","TRI 11x11","spec_spca_convex","Std PCA convex hull","identity","identity",74,0.149241668805067,0.10714550166605,0.0222730757077212,1.6401936073477,0.204409101907039,76.565059569526,2639.80875766473,0.000826719494476023,0.23511331912475,"spectral","env_tri11","spec_spca_convex"
"50m","env_tri21","TRI 21x21","spec_spca_convex","Std PCA convex hull","identity","identity",74,0.110693549581385,0.0742391706775268,0.0122530619189265,0.893164457565039,0.347782015509171,15.9678028404484,2828.3283309109,0.000422972111435415,0.170561694633075,"spectral","env_tri21","spec_spca_convex"
"50m","brightness_n_pixels","brightness_n_pixels","spec_spca_convex","Std PCA convex hull","identity","identity",74,0.0993591998045137,0.190551647537949,0.00987225058579333,0.717889224494167,0.399644828030501,0.00712433188682918,2084.19686349716,0.000106174780865426,-0.121178274016128,"spectral","brightness_n_pixels","spec_spca_convex"
"50m","mean_pixel_brightness","563 nm brightness","spec_spca_convex","Std PCA convex hull","identity","identity",74,0.207927828597426,0.261103295075898,0.0432339819052404,3.25350883947156,0.0754538400206184,62484.1603608496,-217.419372091873,0.000266892191758454,0.0918806621373857,"spectral","mean_pixel_brightness","spec_spca_convex"
"50m","mean_blue_pixel_brightness","Blue brightness","spec_spca_convex","Std PCA convex hull","identity","identity",74,0.177565161172577,0.312491669751944,0.0315293864622433,2.3440213812879,0.130146668979924,123439.197960798,906.223890662304,6.72577059625108e-05,-0.0851526926489416,"spectral","mean_blue_pixel_brightness","spec_spca_convex"
"50m","mean_green_pixel_brightness","Green brightness","spec_spca_convex","Std PCA convex hull","identity","identity",74,0.199225048234762,0.276475379489078,0.0396906198441432,2.9758374622088,0.0888066506967705,73197.1718024812,-20.8340418233817,0.000180871133677793,0.0657006520629253,"spectral","mean_green_pixel_brightness","spec_spca_convex"
"50m","mean_red_pixel_brightness","Red brightness","spec_spca_convex","Std PCA convex hull","identity","identity",74,0.0598875622222077,0.129566827101074,0.0035865201089188,0.259158926543608,0.612255195203952,11190.2985863496,2119.45110319343,0.000173080675196486,-0.0857654525368557,"spectral","mean_red_pixel_brightness","spec_spca_convex"
"50m","mean_nir_pixel_brightness","NIR brightness","spec_spca_convex","Std PCA convex hull","identity","identity",74,-0.123117444612462,-0.0744465012958164,0.0151579051679026,1.10816665718889,0.296000946668986,-4794.70207404123,5600.22448871725,0.000210284560120662,0.244220508842676,"spectral","mean_nir_pixel_brightness","spec_spca_convex"
"50m","env_elev","Mean elevation","spec_spca_hull3d_v","Std PCA 3D hull volume","identity","identity",74,0.0610895322315504,0.0455683080340615,0.00373193094826966,0.269705550767244,0.605122185914664,91.26356842363,38865.619881656,5.42600427152296e-05,-0.119094375949971,"spectral","env_elev","spec_spca_hull3d_v"
"50m","env_tri5","TRI 5x5","spec_spca_hull3d_v","Std PCA 3D hull volume","identity","identity",74,0.217347272023697,0.164161421695668,0.047239836656143,3.56991021465993,0.0628621294427155,11099.9366221479,37574.5194816156,0.000767044718148605,0.229270246111695,"spectral","env_tri5","spec_spca_hull3d_v"
"50m","env_tri11","TRI 11x11","spec_spca_hull3d_v","Std PCA 3D hull volume","identity","identity",74,0.180103976403978,0.13421695668271,0.0324374423165246,2.41379312194695,0.124655519739084,1904.13834916171,42139.8276892856,0.000442889721979763,0.198123715543071,"spectral","env_tri11","spec_spca_hull3d_v"
"50m","env_tri21","TRI 21x21","spec_spca_hull3d_v","Std PCA 3D hull volume","identity","identity",74,0.141002905434467,0.106641984450204,0.0198818193409611,1.46052896558521,0.230800125561271,419.165547390012,46124.3034589227,0.000232537412374362,0.149931855588639,"spectral","env_tri21","spec_spca_hull3d_v"
"50m","brightness_n_pixels","brightness_n_pixels","spec_spca_hull3d_v","Std PCA 3D hull volume","identity","identity",74,0.113128842812663,0.180155497963717,0.0127981350761324,0.933411653909906,0.337211989789062,0.167164507298281,30084.4350486832,3.87217359168278e-05,-0.0896359141328787,"spectral","brightness_n_pixels","spec_spca_hull3d_v"
"50m","mean_pixel_brightness","563 nm brightness","spec_spca_hull3d_v","Std PCA 3D hull volume","identity","identity",74,0.218994486625014,0.255979266938171,0.0479585851721532,3.62696210334445,0.0608458107084044,1356204.47021325,-17666.0387738924,8.30032204582611e-05,0.108479526902843,"spectral","mean_pixel_brightness","spec_spca_hull3d_v"
"50m","mean_blue_pixel_brightness","Blue brightness","spec_spca_hull3d_v","Std PCA 3D hull volume","identity","identity",74,0.279562667208765,0.37285449833395,0.0781552848968786,6.10426075062521,0.015854133929659,4005061.38505348,-19396.9606555694,2.62712300445717e-05,0.0604213434501461,"spectral","mean_blue_pixel_brightness","spec_spca_hull3d_v"
"50m","mean_green_pixel_brightness","Green brightness","spec_spca_hull3d_v","Std PCA 3D hull volume","identity","identity",74,0.23074598600375,0.274105886708626,0.0532437100568431,4.04913826801496,0.0479356509017627,1747105.71978168,-20666.7575217701,6.16563332914979e-05,0.102228243027507,"spectral","mean_green_pixel_brightness","spec_spca_hull3d_v"
"50m","mean_red_pixel_brightness","Red brightness","spec_spca_hull3d_v","Std PCA 3D hull volume","identity","identity",74,0.108210981703539,0.146330988522769,0.0117096165612438,0.853081651443385,0.358767064367645,416688.051180919,14128.972134588,5.935143140486e-05,-0.0296050084805476,"spectral","mean_red_pixel_brightness","spec_spca_hull3d_v"
"50m","mean_nir_pixel_brightness","NIR brightness","spec_spca_hull3d_v","Std PCA 3D hull volume","identity","identity",74,-0.0525657150531515,-0.035142539800074,0.0027631543990491,0.199498361506735,0.656466641277516,-42187.0619501359,79408.129834558,9.91741271878239e-05,0.166919861782374,"spectral","mean_nir_pixel_brightness","spec_spca_hull3d_v"
"50m","env_elev","Mean elevation","spec_spca_hull3d_a","Std PCA 3D hull area","identity","identity",74,0.0312780674925335,0.047700851536468,0.000978317506067492,0.070507839490548,0.791357614480459,5.69020850937495,8011.8589660559,0.00050914446346065,-0.186670485662204,"spectral","env_elev","spec_spca_hull3d_a"
"50m","env_tri5","TRI 5x5","spec_spca_hull3d_a","Std PCA 3D hull area","identity","identity",74,0.213866355314631,0.175298037763791,0.045738817935564,3.45104144783103,0.0673009963478271,1330.04518721539,6670.98086950884,0.00474575249264437,0.220299296420078,"spectral","env_tri5","spec_spca_hull3d_a"
"50m","env_tri11","TRI 11x11","spec_spca_hull3d_a","Std PCA 3D hull area","identity","identity",74,0.179736497706927,0.144109589041096,0.0323052086079521,2.40362461435449,0.125439196293177,231.40305886761,7188.46716708062,0.0030363316873138,0.204753110724003,"spectral","env_tri11","spec_spca_hull3d_a"
"50m","env_tri21","TRI 21x21","spec_spca_hull3d_a","Std PCA 3D hull area","identity","identity",74,0.140034794556171,0.112269529803776,0.019609743686389,1.44014236813096,0.234050121143198,50.6933624505284,7680.54812695616,0.00175152547095257,0.157596445864405,"spectral","env_tri21","spec_spca_hull3d_a"
"50m","brightness_n_pixels","brightness_n_pixels","spec_spca_hull3d_a","Std PCA 3D hull area","identity","identity",74,0.118747803113673,0.194846353202518,0.0141010407443238,1.02979613078993,0.313604605568984,0.0213675108838814,5538.17078975776,0.000366953978380737,-0.110003365692568,"spectral","brightness_n_pixels","spec_spca_hull3d_a"
"50m","mean_pixel_brightness","563 nm brightness","spec_spca_hull3d_a","Std PCA 3D hull area","identity","identity",74,0.220412172157124,0.267826730840429,0.0485815256350215,3.67647879452434,0.05915274599041,166220.730695991,-159.5324294276,0.000391149572580873,0.0670387445054845,"spectral","mean_pixel_brightness","spec_spca_hull3d_a"
"50m","mean_blue_pixel_brightness","Blue brightness","spec_spca_hull3d_a","Std PCA 3D hull area","identity","identity",74,0.250704713512611,0.36503517215846,0.0628528533774405,4.82891663223336,0.031203908114725,437371.140416744,682.318524925782,5.4960387967182e-05,-0.078251687414061,"spectral","mean_blue_pixel_brightness","spec_spca_hull3d_a"
"50m","mean_green_pixel_brightness","Green brightness","spec_spca_hull3d_a","Std PCA 3D hull area","identity","identity",74,0.224137591285487,0.283820807108478,0.05023765982726,3.80843854780013,0.0548855181248303,206660.441735506,-184.512676036505,0.00029017764295603,0.0407154480641616,"spectral","mean_green_pixel_brightness","spec_spca_hull3d_a"
"50m","mean_red_pixel_brightness","Red brightness","spec_spca_hull3d_a","Std PCA 3D hull area","identity","identity",74,0.090993523302414,0.149470566456868,0.00827982128298697,0.601124334433021,0.440688440756561,42668.5430287157,4652.294779425,0.000441594909550022,-0.081866835805063,"spectral","mean_red_pixel_brightness","spec_spca_hull3d_a"
"50m","mean_nir_pixel_brightness","NIR brightness","spec_spca_hull3d_a","Std PCA 3D hull area","identity","identity",74,-0.0831709059171054,-0.0413032210292484,0.00691739959107195,0.501521998625385,0.481118558447525,-8128.41293728959,13133.7432091103,0.00135616437739103,0.237347503154048,"spectral","mean_nir_pixel_brightness","spec_spca_hull3d_a"
"50m","env_elev","Mean elevation","spec_sa","Spectral angle entropy","identity","identity",80,-0.457675210484159,-0.423019221753399,0.209466598291719,20.667557666062,1.96920166277336e-05,-0.00200904763181662,3.29893284514998,0.000250787345970995,0.230038997780577,"spectral","env_elev","spec_sa"
"50m","env_tri5","TRI 5x5","spec_sa","Spectral angle entropy","identity","identity",80,-0.0525603167056157,-0.162681669010783,0.00276258689219465,0.216078713813646,0.643339175490114,-0.0080136305912934,2.86300608213099,7.04347370086724e-05,-0.373396349634864,"spectral","env_tri5","spec_sa"
"50m","env_tri11","TRI 11x11","spec_sa","Spectral angle entropy","identity","identity",80,-0.0568735968055722,-0.163361462728551,0.00323460601360276,0.253118006085651,0.616305856409459,-0.00180650908371644,2.8636424143865,6.9240298191057e-05,-0.35175180063596,"spectral","env_tri11","spec_sa"
"50m","env_tri21","TRI 21x21","spec_sa","Spectral angle entropy","identity","identity",80,-0.101160221144637,-0.188677918424754,0.010233390342032,0.806457238393129,0.371933453085683,-0.000906124481424435,2.87605593192209,3.32227185486643e-05,-0.286897007474401,"spectral","env_tri21","spec_sa"
"50m","brightness_n_pixels","brightness_n_pixels","spec_sa","Spectral angle entropy","identity","identity",80,-0.583500173247472,-0.453047351148617,0.34047245217983,40.26647765935,1.34457806257247e-08,-1.0852790961686e-06,3.02681245658996,0.294966082758322,0.301327563184775,"spectral","brightness_n_pixels","spec_sa"
"50m","mean_pixel_brightness","563 nm brightness","spec_sa","Spectral angle entropy","identity","identity",80,-0.0997291731785041,-0.0869901547116737,0.00994590798286811,0.783574179349272,0.378771000385836,-1.70839711246989,2.94420624383375,0.000156847302564985,0.0129350930567805,"spectral","mean_pixel_brightness","spec_sa"
"50m","mean_blue_pixel_brightness","Blue brightness","spec_sa","Spectral angle entropy","identity","identity",80,-0.166230605307268,-0.232114392873887,0.0276326141408207,2.21659419508354,0.140566182156453,-6.59978024507743,2.9765184833129,3.65351843076857e-05,-0.0937262631925511,"spectral","mean_blue_pixel_brightness","spec_sa"
"50m","mean_green_pixel_brightness","Green brightness","spec_sa","Spectral angle entropy","identity","identity",80,-0.0510388730503559,-0.0618143459915612,0.00260496656225038,0.203718070617614,0.652988744278517,-1.07110984469835,2.8962012436538,0.000193484689910964,-0.00418467483273853,"spectral","mean_green_pixel_brightness","spec_sa"
"50m","mean_red_pixel_brightness","Red brightness","spec_sa","Spectral angle entropy","identity","identity",80,-0.564338261215982,-0.532466010314112,0.318477673072278,36.4496620552714,4.9858741236845e-08,-5.78798907622859,3.47384028316472,1.08555770294109e-05,0.0279995786299004,"spectral","mean_red_pixel_brightness","spec_sa"
"50m","mean_nir_pixel_brightness","NIR brightness","spec_sa","Spectral angle entropy","identity","identity",80,-0.752566474973493,-0.692967651195499,0.566356299254029,101.871170423602,8.35757893920653e-16,-1.56347801130454,3.57952468666746,0.00276070789697376,0.268685535881533,"spectral","mean_nir_pixel_brightness","spec_sa"
"50m","present_species_count","Present species count","phy_faith","Faith's PD","identity","identity",80,0.761361840132073,0.69117390425504,0.579671851609296,107.569299364403,2.44910241489586e-16,76.794247262275,153.318034784267,0.473683189118074,0.095777942446598,"biodiversity","present_species_count","phy_faith"
"50m","crown_equivalent_individuals","Crown-equivalent individuals","phy_faith","Faith's PD","identity","identity",80,0.385013727740479,0.346999531176746,0.14823557054862,13.5746153549047,0.000421172789251694,16.1848303536739,539.025065760797,0.088335189516083,0.0645115260394859,"biodiversity","crown_equivalent_individuals","phy_faith"
"50m","sp_even","Species evenness","phy_faith","Faith's PD","identity","identity",80,0.199111545518202,0.247913736521331,0.0396454075586467,3.22000000199227,0.0766181746572375,945.319445062041,568.095060665758,0.0822266220290835,-0.0499504393632415,"biodiversity","sp_even","phy_faith"
"50m","sp_simpson","Simpson diversity","phy_faith","Faith's PD","identity","identity",80,0.449726223210368,0.544866385372714,0.202253675843063,19.7754426915484,2.85087567929968e-05,2390.98909777043,-681.148657670832,0.0365743060597191,-0.200483956830405,"biodiversity","sp_simpson","phy_faith"
"50m","present_species_count","Present species count","phy_rao","Phylogenetic Rao's Q","identity","identity",80,0.386313153106712,0.519443582365415,0.14923785226325,13.6824992831432,0.000401090377452542,4.89960820368124,132.796447910005,1.65608061154688e-07,0.154746744993077,"biodiversity","present_species_count","phy_rao"
"50m","crown_equivalent_individuals","Crown-equivalent individuals","phy_rao","Phylogenetic Rao's Q","identity","identity",80,0.313659986412566,0.176418190342241,0.0983825870763312,8.5111951942786,0.00460876132008901,1.65796490114351,126.354304423411,0.000215336901564174,0.273176377573336,"biodiversity","crown_equivalent_individuals","phy_rao"
"50m","sp_even","Species evenness","phy_rao","Phylogenetic Rao's Q","identity","identity",80,0.194472638394368,0.37892639474918,0.0378196070840665,3.06587971889272,0.0838833514514177,116.0980513446,113.550950387959,6.41888820709294e-08,-0.20128668106064,"biodiversity","sp_even","phy_rao"
"50m","sp_simpson","Simpson diversity","phy_rao","Phylogenetic Rao's Q","identity","identity",80,0.361064706983555,0.545124238162213,0.130367722629121,11.6930829612419,0.00100051545466807,241.378564278181,4.36779020838595,2.49406871420738e-08,0.0374709071553238,"biodiversity","sp_simpson","phy_rao"
"50m","present_species_count","Present species count","phy_afaith","Abundance-weighted Faith's PD","identity","identity",80,0.00922264337459469,0.0173756499373849,8.50571508149549e-05,0.00663502211964357,0.935288251905003,4.24316486779206,3725.69444117913,4.56938034508915e-07,-0.113547193251165,"biodiversity","present_species_count","phy_afaith"
"50m","crown_equivalent_individuals","Crown-equivalent individuals","phy_afaith","Abundance-weighted Faith's PD","identity","identity",80,0.529973981545481,0.505602437880919,0.28087242111517,30.4647596480122,4.29263687155194e-07,101.620983823615,-1254.49235958571,0.000412329330602005,0.342246152852768,"biodiversity","crown_equivalent_individuals","phy_afaith"
"50m","sp_even","Species evenness","phy_afaith","Abundance-weighted Faith's PD","identity","identity",80,-0.223130118676506,-0.0069620253164557,0.049787049860592,4.08686272751433,0.0466476829621873,-4832.11491186715,7750.73871234083,0.000243585184503522,0.501920352877455,"biodiversity","sp_even","phy_afaith"
"50m","sp_simpson","Simpson diversity","phy_afaith","Abundance-weighted Faith's PD","identity","identity",80,-0.0984720864280949,0.033778715424285,0.00969675180550201,0.763752559842769,0.384839512425456,-2388.02810235272,5812.72176292589,4.77981612470745e-06,0.402033793705,"biodiversity","sp_simpson","phy_afaith"
"50m","present_species_count","Present species count","sp_rich","Species richness","identity","identity",80,1,1,1,3.30761028614217e+33,0,1,3.17764371615651e-15,1.71422380759822e-18,0.103314404570199,"biodiversity","present_species_count","sp_rich"
"50m","crown_equivalent_individuals","Crown-equivalent individuals","sp_rich","Species richness","identity","identity",80,0.375429020626521,0.270565374753801,0.140946949528589,12.7976520858601,0.000600198104265,0.156466798184584,7.71827529889965,0.223445758331755,-0.0385791384735922,"biodiversity","crown_equivalent_individuals","sp_rich"
"50m","sp_even","Species evenness","sp_rich","Species richness","identity","identity",80,0.414477144477681,0.455136007444612,0.171791303294372,16.1791607722319,0.000132227463027811,19.5094557128628,-0.498117200287914,0.114825701880472,-0.0779864044822021,"biodiversity","sp_even","sp_rich"
"50m","sp_simpson","Simpson diversity","sp_rich","Species richness","identity","identity",80,0.679899939373575,0.786168643980512,0.462263927560191,67.0525713220231,4.05646271771155e-12,35.8374256346039,-14.8465624579169,0.699932700404276,-0.373013625403925,"biodiversity","sp_simpson","sp_rich"
"50m","present_species_count","Present species count","sp_shannon","Shannon diversity","identity","identity",80,0.847369684619188,0.873671239055017,0.718035382411623,198.630453377904,3.81865923775935e-23,0.0807884494006052,0.977368519181027,0.000105838500661293,-0.176451798297162,"biodiversity","present_species_count","sp_shannon"
"50m","crown_equivalent_individuals","Crown-equivalent individuals","sp_shannon","Shannon diversity","identity","identity",80,0.238160045210807,0.132770745428973,0.0567202071348137,4.69020558903012,0.0333905413056904,0.00946323465356541,1.75869082681875,0.00055950705308455,-0.0427617361651563,"biodiversity","crown_equivalent_individuals","sp_shannon"
"50m","sp_even","Species evenness","sp_shannon","Shannon diversity","identity","identity",80,0.829203277408209,0.801383028598219,0.687578075264516,171.662375859311,2.12973174558628e-21,3.72119069265308,-0.820481852376063,0.000267783807464062,-0.0685278062436531,"biodiversity","sp_even","sp_shannon"
"50m","sp_simpson","Simpson diversity","sp_shannon","Shannon diversity","identity","identity",80,0.939444763812773,0.964767932489452,0.882556464255237,586.148941918059,5.06110856615918e-38,4.72105872268496,-1.76749117172626,0.0109120898925835,-0.531767641411045,"biodiversity","sp_simpson","sp_shannon"
"50m","present_species_count","Present species count","sp_simpson","Simpson diversity","identity","identity",80,0.679899939373575,0.786168643980512,0.462263927560191,67.0525713220231,4.05646271771159e-12,0.0128989155714868,0.646663354564493,1.49798453146103e-08,-0.263983567351235,"biodiversity","present_species_count","sp_simpson"
"50m","crown_equivalent_individuals","Crown-equivalent individuals","sp_simpson","Simpson diversity","identity","identity",80,0.201896475668023,0.125761837787154,0.0407621868871686,3.31455926125503,0.0725041257467701,0.00159636166713707,0.767169339699566,1.78328406302062e-07,-0.0838032072043288,"biodiversity","crown_equivalent_individuals","sp_simpson"
"50m","sp_even","Species evenness","sp_simpson","Simpson diversity","identity","identity",80,0.902244535512642,0.861111111111111,0.814045201862423,341.456775416423,3.19766617432544e-30,0.805706791076987,0.18625695661194,0.0301703127187723,-0.341811860855344,"biodiversity","sp_even","sp_simpson"
"50m","present_species_count","Present species count","sp_even","Species evenness","identity","identity",80,0.414477144477681,0.455136007444612,0.171791303294372,16.1791607722319,0.00013222746302781,0.00880554054519871,0.683002108650883,3.5188327088484e-05,-0.315768780942712,"biodiversity","present_species_count","sp_even"
"50m","crown_equivalent_individuals","Crown-equivalent individuals","sp_even","Species evenness","identity","identity",80,0.0243145811216403,-0.023370839193624,0.000591198855120826,0.0461407890811035,0.830480697414257,0.000215286392849054,0.808688056605457,3.7243388451677e-06,0.0645952233141822,"biodiversity","crown_equivalent_individuals","sp_even"
"50m","sp_simpson","Simpson diversity","sp_even","Species evenness","identity","identity",80,0.902244535512642,0.861111111111111,0.814045201862423,341.456775416422,3.19766617432563e-30,1.010349187667,-0.0358173094990115,0.406184948531942,-0.228014470371512,"biodiversity","sp_simpson","sp_even"
