"quad_id","scale","brightness_n_pixels","mean_pixel_brightness","median_pixel_brightness","sd_pixel_brightness","blue_brightness_n_pixels","mean_blue_pixel_brightness","green_brightness_n_pixels","mean_green_pixel_brightness","red_brightness_n_pixels","mean_red_pixel_brightness","nir_brightness_n_pixels","mean_nir_pixel_brightness"
"0_a","10m",4447,0.0524950272160513,0.0525491572916508,0.0133852343590283,4447,0.0177225202249265,4447,0.0424505839333869,4447,0.100285531096738,4447,0.437154806809534
"0_b","10m",3350,0.0502304372002385,0.0495001301169395,0.0125279118354219,3350,0.0175737793146514,3350,0.0407711656823425,3350,0.0964588226686124,3350,0.419864854968083
"0_c","10m",6145,0.0559994655189182,0.055648248642683,0.0144461159342466,6145,0.0167106545681817,6145,0.0449308141338687,6145,0.10576930644515,6145,0.457804371188468
"0_d","10m",7842,0.0600125745874211,0.0607486646622419,0.0133837058312741,7842,0.0201448218092525,7842,0.0484391449543354,7842,0.113456472831502,7842,0.485689203915293
"1_a","10m",9428,0.0777125718456519,0.0791711919009686,0.0145854570551329,9428,0.0238520257916365,9428,0.0620162163720429,9428,0.138547966227504,9428,0.566417652453736
"1_b","10m",9385,0.0777191851780287,0.0791550204157829,0.0155811083228808,9385,0.0253327382066117,9385,0.0628075498179924,9385,0.132208155879034,9385,0.521140200523315
"1_c","10m",4712,0.0578037983795599,0.0553578492254019,0.0187299706422001,4712,0.0192075823938032,4712,0.0470978759968871,4712,0.10823082488735,4712,0.47103364320358
"1_d","10m",7184,0.069654269442626,0.0720139741897583,0.0171751767907647,7184,0.0220715518751456,7184,0.0563324723834366,7184,0.122984845184515,7184,0.515353408063685
"10_a","10m",9159,0.0660964424187751,0.0670597925782204,0.0179816924073021,9159,0.0242085030819615,9159,0.0542432705666229,9159,0.119001145189425,9159,0.48760631957534
"10_b","10m",7511,0.0517039202253374,0.0513612665235996,0.011164879383508,7511,0.0199946308018379,7511,0.0421982575645383,7511,0.104337934975721,7511,0.449059267291045
"10_c","10m",7047,0.0473291185540846,0.0477327667176723,0.00849946980101882,7047,0.0182794916176845,7047,0.0391607115466644,7047,0.0942923589337469,7047,0.413331222883565
"10_d","10m",7086,0.0489387801311323,0.048752024769783,0.010144154371357,7086,0.0188511321232195,7086,0.0399347829455329,7086,0.103650811812838,7086,0.476309340627574
"100_a","10m",7809,0.0593347344585674,0.0588329397141933,0.0153950702277113,7809,0.0193797283281893,7809,0.0476435684887462,7809,0.118305721316859,7809,0.512287014097926
"100_b","10m",7035,0.0589186247631473,0.0586320236325264,0.01515877234822,7035,0.0177357339319558,7035,0.047549850940797,7035,0.107089475576454,7035,0.45744125410351
"100_c","10m",8911,0.0669636104120883,0.066836915910244,0.0158318747505417,8911,0.0211497641844832,8911,0.0532626645922069,8911,0.129885651564567,8911,0.554379639527775
"100_d","10m",7619,0.0597849195146615,0.0596313588321209,0.0147602481816486,7619,0.0201597334411497,7619,0.0482224198121898,7619,0.118842273304254,7619,0.505043058343303
"1000_a","10m",7586,0.0504098585407789,0.0497235618531704,0.0116031060409209,7586,0.0162810974825367,7586,0.0399649307388582,7586,0.0939705243643187,7586,0.406850557653285
"1000_b","10m",8134,0.0595924043217282,0.058834258466959,0.016546318331109,8134,0.020129527089499,8134,0.0473067129105558,8134,0.110939153137035,8134,0.467273577052064
"1000_c","10m",7126,0.0514964620351955,0.0504429452121258,0.0129370809327571,7126,0.0193755563055299,7126,0.0422221901306307,7126,0.0966616935081923,7126,0.416952347711822
"1000_d","10m",7424,0.0458906581943979,0.0442945752292871,0.0100211911886309,7424,0.0176947127558546,7424,0.0377951892047896,7424,0.0911006260984243,7424,0.410554528575158
"1001_a","10m",6928,0.0517198654681048,0.0515213664621115,0.0111849213920528,6928,0.0179374776740053,6928,0.0416832343563601,6928,0.0984724075749337,6928,0.441473082214912
"1001_b","10m",7555,0.0605999141423652,0.0597971677780151,0.0154927588813205,7555,0.0180214371800045,7555,0.0477263481309008,7555,0.108220531440684,7555,0.453482086243326
"1001_c","10m",8660,0.0656487381847158,0.0656689256429672,0.0169537923860715,8660,0.0235296483392451,8660,0.0531546355780298,8660,0.114037724784998,8660,0.470593842876993
"1001_d","10m",8740,0.0549033577498517,0.0551071129739285,0.01112582828621,8740,0.0179646180457517,8740,0.0438466717222972,8740,0.102065492090159,8740,0.448459749410419
"1002_a","10m",9024,0.0648965538235411,0.0628884322941303,0.0169040201583259,9024,0.0215917797689283,9024,0.0519549103743599,9024,0.120655335029535,9024,0.5160498538576
"1002_b","10m",8827,0.0804426365554032,0.0814315900206566,0.0195976007155638,8827,0.0258613489228965,8827,0.0638259070161745,8827,0.134001275747315,8827,0.53108462763463
"1002_c","10m",7501,0.0702875317607625,0.0700144395232201,0.0192387372807365,7501,0.0222446023540343,7501,0.0560323004340124,7501,0.119188310312227,7501,0.479615946797146
"1002_d","10m",8618,0.0602205479837458,0.0594923663884401,0.0152954420739856,8618,0.0210736306934304,8618,0.0491461062792934,8618,0.113237361862393,8618,0.494388679057536
"1003_a","10m",9162,0.0649738040191801,0.0635394267737865,0.0175528835656177,9162,0.0239889342682329,9162,0.0541759395850669,9162,0.108068126443147,9162,0.445347816368748
"1003_b","10m",8560,0.0618049627531181,0.0615604650229216,0.0167058268789809,8560,0.0200886924110396,8560,0.0499930199848374,8560,0.109024968263607,8560,0.464159110479544
"1003_c","10m",7175,0.0570658325793332,0.0571763888001442,0.0139616882305667,7175,0.0209304484741296,7175,0.0463092643319782,7175,0.106719961887469,7175,0.467343955870663
"1003_d","10m",9306,0.0675886719636323,0.0661980248987675,0.0169235772320495,9306,0.0218564691210796,9306,0.0542938807467086,9306,0.119625039330462,9306,0.494792545245632
"1004_a","10m",9158,0.0653764157911726,0.0662573836743832,0.0110226060327357,9158,0.0216530849521774,9158,0.0527300660836097,9158,0.115880185944035,9158,0.479057055839752
"1004_b","10m",5435,0.0543480114995912,0.0531829781830311,0.0149563044600655,5435,0.0173441718883,5435,0.0435593270059621,5435,0.0993073091865829,5435,0.428944766032642
"1004_c","10m",6893,0.0590027499515398,0.0585617087781429,0.0160899897111874,6893,0.0181336651637501,6893,0.0464587675262805,6893,0.110065014794645,6893,0.454335593484806
"1004_d","10m",8100,0.0615346370366069,0.0625369399785995,0.0126383899374644,8100,0.0206894685531007,8100,0.049509110377019,8100,0.111418410884796,8100,0.464611316793587
"1005_a","10m",7610,0.0603320166402534,0.0602211821824312,0.0151728206925827,7610,0.0187455854754216,7610,0.0478713322445622,7610,0.112634957466421,7610,0.478643544986296
"1005_b","10m",8322,0.0640879869917656,0.0636700503528118,0.018974389506531,8322,0.0188611430406058,8322,0.0498542445007392,8322,0.11584795911596,8322,0.469126646421139
"1005_c","10m",7573,0.0587540354926981,0.0571653060615063,0.0176929787285613,7573,0.018034787391136,7573,0.046263362347161,7573,0.10401918587488,7573,0.430760046007488
"1005_d","10m",7128,0.0574800334951823,0.0560551062226295,0.0161437840594471,7128,0.0167925050907297,7128,0.0449908223488987,7128,0.104641839493525,7128,0.437841283875098
"1006_a","10m",7391,0.0594381529045511,0.059274822473526,0.0155071663601479,7391,0.0188805191060187,7391,0.046922017120963,7391,0.112753601020787,7391,0.468457606396153
"1006_b","10m",8041,0.0624381988133854,0.0637026429176331,0.0144553682740249,8041,0.0193380193482757,8041,0.0489535820855079,8041,0.114683702073189,8041,0.471877020206425
"1006_c","10m",8559,0.0679343688511858,0.0665536448359489,0.0204061617579211,8559,0.0194389951461412,8559,0.0532795970275285,8559,0.11812554541163,8559,0.485315972053551
"1006_d","10m",8257,0.0564512763243673,0.0553377754986286,0.0153732416877133,8257,0.0185497998252417,8257,0.0448410297806995,8257,0.107089535011254,8257,0.455810045870602
"1007_a","10m",8143,0.0584537476414649,0.0574577078223228,0.0152310121874441,8143,0.0205269755787986,8143,0.0472082276977514,8143,0.111964295402372,8143,0.474102914010012
"1007_b","10m",7968,0.0622395020771686,0.062949538230896,0.0156343625339858,7968,0.0214841057442372,7968,0.0501369185716763,7968,0.112702845088411,7968,0.471809368245734
"1007_c","10m",6227,0.0615870956623436,0.0622635893523693,0.0168641604190351,6227,0.0187509734992149,6227,0.0487283725795856,6227,0.110109440592195,6227,0.450757566292706
"1007_d","10m",8287,0.0604493996186655,0.0581923238933086,0.0164189423969215,8287,0.0223414146454654,8287,0.049280665683171,8287,0.1074414999135,8287,0.444796077016927
"1008_a","10m",5961,0.0655522979258481,0.0653505697846413,0.0186127125985079,5961,0.0176439810603952,5961,0.0512195002702277,5961,0.112256488235992,5961,0.454863901028591
"1008_b","10m",7981,0.0632892693811275,0.0628092288970947,0.0180411290517789,7981,0.0175687678830406,7981,0.0497511536665323,7981,0.112194837102845,7981,0.465183053210577
"1008_c","10m",6769,0.0668232840727885,0.0653467178344727,0.0221537961706989,6769,0.0192429472663907,6769,0.0532344265248166,6769,0.108675636193218,6769,0.426914887649369
"1008_d","10m",7119,0.073274504872933,0.0735722705721855,0.0237947607416532,7119,0.0204651087187646,7119,0.0577226498394455,7119,0.119664921617325,7119,0.459535628986197
"1009_a","10m",7147,0.0620196212337987,0.060233112424612,0.0197762212628882,7147,0.0173020264760644,7147,0.0493710346844334,7147,0.108849074985748,7147,0.444320748006946
"1009_b","10m",7837,0.0596764419452202,0.0574134588241577,0.0180475891538399,7837,0.0189115747510615,7837,0.0484734007835722,7837,0.103618913419057,7837,0.422808666082005
"1009_c","10m",8061,0.0612865009348234,0.0602215453982353,0.0169097297826308,8061,0.0207558005406499,8061,0.0498894011707322,8061,0.112089275719122,8061,0.480999740769773
"1009_d","10m",6872,0.0531780191941666,0.0525218341499567,0.0129341980283088,6872,0.01944537127321,6872,0.044236074698217,6872,0.0991827859859452,6872,0.429569287606883
"101_a","10m",8757,0.060077098810715,0.0578553192317486,0.0161801494076308,8757,0.0213146281701593,8757,0.0496429248696047,8757,0.109987099070586,8757,0.457936264009859
"101_b","10m",9262,0.0660083715831473,0.0658688768744469,0.0158999913517444,9262,0.0227214065004438,9262,0.0539108833318729,9262,0.124994496451378,9262,0.536800247382085
"101_c","10m",9272,0.0710041184212154,0.0700766369700432,0.0173448404529746,9272,0.0268298442703764,9272,0.0590145716992631,9272,0.123684930468312,9272,0.505197486231382
"101_d","10m",7769,0.0721635463356124,0.0737756490707397,0.019818728929784,7769,0.0271386168692762,7769,0.0598272410156202,7769,0.122057097459566,7769,0.479655231407253
"1010_a","10m",7474,0.0527727934049633,0.0531399287283421,0.0110611622144954,7474,0.0179717098635151,7474,0.0427483603824001,7474,0.108400863995685,7474,0.493179024340919
"1010_b","10m",7449,0.0603428287445351,0.0565660111606121,0.0195362259013433,7449,0.0190476403844557,7449,0.0478942034780152,7449,0.11227401885149,7449,0.477275082803277
"1010_c","10m",8354,0.0587819048785688,0.0559584256261587,0.0181417594236251,8354,0.017263213138429,8354,0.0468442227932357,8354,0.10844436879046,8354,0.465213910421334
"1010_d","10m",7187,0.0493253825743726,0.0487935915589333,0.0102243723806474,7187,0.0164545434461947,7187,0.0397226391319993,7187,0.0984019399902239,7187,0.441467831125383
"1011_a","10m",7687,0.0504760921899924,0.0484276041388512,0.0119063227672448,7687,0.0178381042504991,7687,0.0410561923707887,7687,0.100619983999926,7687,0.434801094059603
"1011_b","10m",8671,0.0730709442165316,0.070257693529129,0.0219418879520261,8671,0.0206694810705459,8671,0.0582088295087692,8671,0.117157886292196,8671,0.456425599495574
"1011_c","10m",8880,0.0661900182135051,0.0675214938819408,0.0145335040197884,8880,0.0213493361115375,8880,0.0534993073425077,8880,0.115817754087056,8880,0.468641871006757
"1011_d","10m",8415,0.0609416067130992,0.0629745423793793,0.0133528997062374,8415,0.0197739481828325,8415,0.0491159474163253,8415,0.117018148308593,8415,0.498865328019245
"1012_a","10m",9103,0.0513533801973966,0.0487057119607925,0.0128177629691649,9103,0.0206774407205796,9103,0.0427305212307268,9103,0.102900215492798,9103,0.450338073738045
"1012_b","10m",9167,0.0571487398373758,0.0554868243634701,0.0129960077748691,9167,0.0224444099339687,9167,0.0472843747394331,9167,0.110952848816685,9167,0.474544695138515
"1012_c","10m",9377,0.071757417808834,0.0683240815997124,0.0199856546989186,9377,0.0331391830043386,9377,0.0611120274202161,9377,0.115497720592877,9377,0.413631056934004
"1012_d","10m",9424,0.0656312028221242,0.0665374025702477,0.0167326258984164,9424,0.0234605000724437,9424,0.0537724546161694,9424,0.110669455554431,9424,0.437450945507988
"1013_a","10m",9499,0.0826217308556162,0.0808494538068771,0.0192844235533531,9499,0.0282189750981516,9499,0.0663329082569152,9499,0.138345999305625,9499,0.521176092947442
"1013_b","10m",8090,0.070055574766039,0.0708458200097084,0.0147828689586264,8090,0.0266966669476935,8090,0.0582044472684385,8090,0.114950226509431,8090,0.43127630895449
"1013_c","10m",5916,0.0609658699267953,0.0634431466460228,0.0135456471184462,5916,0.0194269448670353,5916,0.0494169658591031,5916,0.110361454008809,5916,0.454478295067145
"1013_d","10m",9445,0.0704453095945576,0.0698418244719505,0.0151823863811729,9445,0.0278596502448229,9445,0.0588817222555349,9445,0.119455941175277,9445,0.464753904881617
"1014_a","10m",5412,0.0646268063856747,0.0655257739126682,0.0174851868549864,5412,0.0298352129625473,5412,0.0551593387842761,5412,0.103204495023869,5412,0.376823527955403
"1014_b","10m",5416,0.0583540227307499,0.0526078678667545,0.021415920269035,5416,0.0171428839662612,5416,0.0465576213682299,5416,0.104946200777729,5416,0.426034620883799
"1014_c","10m",3681,0.0400695594711266,0.0388552509248257,0.00692814549642229,3681,0.0134480194459064,3681,0.0328479790080226,3681,0.0756913833626864,3681,0.33724714830619
"1014_d","10m",4991,0.047020686080146,0.0441869981586933,0.012199627849447,4991,0.0168819072915584,4991,0.0390084627415303,4991,0.0884908839158725,4991,0.38801361571089
"1015_a","10m",5129,0.0445196621932001,0.0426340065896511,0.00999189786796985,5129,0.0168740465594558,5129,0.0373539777218896,5129,0.0815113398847702,5129,0.368895750518654
"1015_b","10m",4428,0.0414833003809034,0.0398614425212145,0.008345611430963,4428,0.0150045035448311,4428,0.0344346533038951,4428,0.0764395752452998,4428,0.340195113599768
"1015_c","10m",3443,0.0390740731985866,0.0379033610224724,0.00620170125753788,3443,0.0154448074783105,3443,0.0327053046848669,3443,0.074070197735003,3443,0.321090504567753
"1015_d","10m",3668,0.0381231069175837,0.0371810551732779,0.00534208104220711,3668,0.0151437790433005,3668,0.0318975180161631,3668,0.0722125777286155,3668,0.328249169627454
"1016_a","10m",1177,0.034183167435463,0.0334905833005905,0.00300266765512177,1177,0.0104764102828287,1177,0.0275938671070615,1177,0.0663924990467151,1177,0.299670105116219
"1016_b","10m",3459,0.0381103350906642,0.0370193831622601,0.00555106932457547,3459,0.0130480406629517,3459,0.0310570602045796,3459,0.07049273472417,3459,0.295805361684488
"1016_c","10m",5061,0.0389289434110782,0.0382041037082672,0.0055664983271435,5061,0.0120785779503273,5061,0.0312860869589414,5061,0.0771845951161043,5061,0.33736753240743
"1016_d","10m",5267,0.0401104623107026,0.0392626449465752,0.00610875672690596,5267,0.0126609156972932,5267,0.0323096182145902,5267,0.0833993038483134,5267,0.377571521842471
"1017_a","10m",4329,0.0427051591997776,0.0394377037882805,0.0105861997928273,4329,0.0139321701494942,4329,0.0342070909244015,4329,0.0834351069955119,4329,0.356873058789012
"1017_b","10m",4401,0.0407722305063767,0.0402370616793633,0.00636748791828705,4401,0.0124747982014969,4401,0.0327344785691606,4401,0.0827547834952028,4401,0.369752473620001
"1017_c","10m",6969,0.0422091756089784,0.0418475791811943,0.00661331292950146,6969,0.0138158985772934,6969,0.0336100828323267,6969,0.0835120553949445,6969,0.369365620751975
"1017_d","10m",6878,0.0458137486525385,0.0451827123761177,0.00915194642758242,6878,0.0151661800259109,6878,0.0362760721142778,6878,0.0873808923967276,6878,0.370688072873269
"1018_a","10m",5184,0.0370063137738781,0.0362849067896605,0.00451423628033565,5184,0.0116806706201616,5184,0.0297228336477361,5184,0.0708186579613159,5184,0.312678685738363
"1018_b","10m",4436,0.0412990038956678,0.0384966023266315,0.00981688983605926,4436,0.0199372540030603,4436,0.0356322299821261,4436,0.0682763005508559,4436,0.265520617769621
"1018_c","10m",4161,0.042325175591789,0.0375581569969654,0.0137018366328971,4161,0.0152544194963927,4161,0.0346580820513393,4161,0.0792817318132421,4161,0.337425610749223
"1018_d","10m",6240,0.0457758329498271,0.0437991190701723,0.0104747825750295,6240,0.0158224683067316,6240,0.03680925022409,6240,0.0891522874593138,6240,0.367481986677919
"1019_a","10m",6534,0.0493315034516026,0.0478542968630791,0.0123098953459861,6534,0.0176963802061594,6534,0.0397615972997166,6534,0.0960999593847455,6534,0.406215544062369
"1019_b","10m",7882,0.0586163897426037,0.0586893912404776,0.0149792795537709,7882,0.0214114875885966,7882,0.0468490022809222,7882,0.113201548136829,7882,0.487014378940536
"1019_c","10m",7598,0.0507911670380366,0.050508638843894,0.0110056472117071,7598,0.0196620939399063,7598,0.0415495435500523,7598,0.107072530111562,7598,0.5026532628681
"1019_d","10m",6989,0.0480844126834384,0.0483461134135723,0.00924143581167445,6989,0.01967991954623,6989,0.0396826644011461,6989,0.101318811659871,6989,0.493163777327668
"102_a","10m",5286,0.0604335810355574,0.0600940603762865,0.0180675637442115,5286,0.0179127078524239,5286,0.0481524491111124,5286,0.115586680233531,5286,0.494999830945664
"102_b","10m",5853,0.0560150635189253,0.0540603660047054,0.0167080394037685,5853,0.0163739493846756,5853,0.0450913708043896,5853,0.101237867595909,5853,0.440267047233181
"102_c","10m",5277,0.0613228883255419,0.0608924739062786,0.0180327455209548,5277,0.0179924584536099,5277,0.0487481250176976,5277,0.116597848592295,5277,0.504038508787641
"102_d","10m",7148,0.0588029212014521,0.0593844670802355,0.0150729690120136,7148,0.0171413239835627,7148,0.0466971386922896,7148,0.118853294820612,7148,0.523188595719444
"1020_a","10m",7266,0.0474953152141397,0.0474897529929876,0.00878035209862972,7266,0.020514494420843,7266,0.0394923424103219,7266,0.102627588751294,7266,0.51092142835081
"1020_b","10m",7202,0.0488838025678329,0.0489563774317503,0.00963074948725994,7202,0.0215150661952569,7202,0.0406742040938751,7202,0.102648010955763,7202,0.490251839399044
"1020_c","10m",7382,0.0531028146613051,0.0539437383413315,0.0113985445903461,7382,0.0206230222842882,7382,0.0434508959091898,7382,0.109745651370983,7382,0.517821369536849
"1020_d","10m",6971,0.0499756055840109,0.0502478778362274,0.0102735818877107,6971,0.0206470587095545,6971,0.0412549344541499,6971,0.10721707934668,6971,0.519334526639162
"1021_a","10m",6804,0.0501092568353073,0.0502129346132278,0.0106072261565494,6804,0.018404828151034,6804,0.0402446542711073,6804,0.107577880058853,6804,0.519987195561312
"1021_b","10m",6499,0.0489184117610454,0.0485392361879349,0.0104118286082948,6499,0.0171613105466016,6499,0.039774159220137,6499,0.105373925786863,6499,0.500759899573044
"1021_c","10m",7396,0.052376805128718,0.0529061108827591,0.0111714736065353,7396,0.0170521000987614,7396,0.0420834301756975,7396,0.112584388057985,7396,0.5364512516644
"1021_d","10m",6058,0.0500658019001544,0.0503994654864073,0.0100832769226114,6058,0.0196022747918866,6058,0.0409902043624076,6058,0.107886745849262,6058,0.522055680681083
"1022_a","10m",7025,0.0528994607397776,0.0535331070423126,0.0115170684241608,7025,0.0170436035743526,7025,0.0423699031014755,7025,0.11293977065378,7025,0.534242416461443
"1022_b","10m",6887,0.0507970850406796,0.051264114677906,0.0103030682946034,6887,0.0156930225758173,6887,0.0405525313829977,6887,0.108972149805787,6887,0.510886888254428
"1022_c","10m",7643,0.0577179101573229,0.0580953173339367,0.0138477938950697,7643,0.0190726761615434,7643,0.045728552276275,7643,0.116056768073708,7643,0.517302263937788
"1022_d","10m",7136,0.0504043931997644,0.0496735647320747,0.0112635905595789,7136,0.0173623469710342,7136,0.0409179913766192,7136,0.107911940110124,7136,0.514358464296105
"1023_a","10m",8477,0.0549536438849339,0.0538203790783882,0.0127981693117473,8477,0.017725718386755,8477,0.0438128736047131,8477,0.113842304426823,8477,0.532524578228999
"1023_b","10m",8864,0.0578057451933515,0.0566050205379725,0.0143518556852609,8864,0.0184695590152318,8864,0.0457068696266808,8864,0.114744170853967,8864,0.511582109256385
"1023_c","10m",8166,0.0646369020034202,0.0652834884822369,0.0154906026232326,8166,0.0213891440647492,8166,0.0513787525498913,8166,0.115790376093087,8166,0.477422628387218
"1023_d","10m",7237,0.0577064244172097,0.0576714016497135,0.0147086590288916,7237,0.0187181756085481,7237,0.0459690367054449,7237,0.105316037618088,7237,0.441794509229816
"1024_a","10m",7733,0.0597320532708778,0.0602098777890205,0.0129685200251791,7733,0.0202642094538885,7733,0.0475283720214875,7733,0.118058683853512,7733,0.505783577004642
"1024_b","10m",6282,0.0541183092352388,0.0531288273632526,0.0138133294271903,6282,0.0199546337965247,6282,0.0434863780605447,6282,0.102986645166314,6282,0.427506583810721
"1024_c","10m",6205,0.0522796873672656,0.0512621514499187,0.012893176991074,6205,0.0186188085132599,6205,0.0416616770809256,6205,0.108242895743177,6205,0.471932030245524
"1024_d","10m",7811,0.0564822151481003,0.0573444217443466,0.0117934796588609,7811,0.0197642377584041,7811,0.0449329057973691,7811,0.115604530836134,7811,0.50547208667442
"103_a","10m",7116,0.0531355316558054,0.05133356153965,0.0148602201845065,7116,0.0162256002733215,7116,0.0426422346033031,7116,0.0981647187853045,7116,0.433573651883925
"103_b","10m",6618,0.063502079028446,0.0611201133579016,0.0213511648311109,6618,0.0187340094905,6618,0.0506607125854133,6618,0.111908305932339,6618,0.470141421732256
"103_c","10m",6621,0.058582828246398,0.0571776553988457,0.0173352646431629,6621,0.0173511497308651,6621,0.0467371815677378,6621,0.107013814453997,6621,0.46138062814867
"103_d","10m",7054,0.0587418104060098,0.0584553051739931,0.0154690903095757,7054,0.0196559041489946,7054,0.0476975314513459,7054,0.105930561871492,7054,0.452734875244107
"104_a","10m",5827,0.0598620135869025,0.0583800226449966,0.0181013467911898,5827,0.0182829668292,5827,0.047675234986796,5827,0.106083771464651,5827,0.447313634266274
"104_b","10m",5579,0.0546908351270705,0.0534160882234573,0.0151151787052546,5579,0.0179933761971643,5579,0.04426197811478,5579,0.102327679496854,5579,0.44432337536433
"104_c","10m",7448,0.0538826147421982,0.0524066649377346,0.0144767306668965,7448,0.0179968172636337,7448,0.0436964017578937,7448,0.10090116744037,7448,0.446504472125878
"104_d","10m",7943,0.0509049720566447,0.0478751622140408,0.0135738472426179,7943,0.0187153360411766,7943,0.0419762816507727,7943,0.0976935546697358,7943,0.443059105841854
"105_a","10m",8027,0.0579917520461937,0.0570794604718685,0.0153305060243254,8027,0.0219387609908144,8027,0.0481470821313571,8027,0.102852455847916,8027,0.431239694631997
"105_b","10m",7017,0.0605778249233613,0.0596545301377773,0.0167012373141058,7017,0.022648692570336,7017,0.050178568781651,7017,0.103865582940116,7017,0.423860306369497
"105_c","10m",7273,0.0612452502939817,0.0612698905169964,0.0166483551105671,7273,0.0215616469312785,7273,0.0500914227436935,7273,0.110042471138931,7273,0.454821441787742
"105_d","10m",6731,0.0545984126041892,0.0521879829466343,0.0159731466498788,6731,0.0206223066159908,6731,0.0454403243087638,6731,0.0930706545178057,6731,0.369849660046174
"106_a","10m",6919,0.0552319568267041,0.055565632879734,0.0137485219843113,6919,0.0210767654280668,6919,0.0459650808622269,6919,0.0934553175864652,6919,0.365637417682641
"106_b","10m",7876,0.0655485980651153,0.065566785633564,0.0185977185801174,7876,0.0229688103378862,7876,0.0536122885071932,7876,0.116084978964644,7876,0.48531806386275
"106_c","10m",5803,0.0535797156103362,0.0541422925889492,0.012657359541174,5803,0.0155421643321525,5803,0.04209855674575,5803,0.102152953190855,5803,0.449506553470133
"106_d","10m",6677,0.057994846827301,0.0572312287986279,0.0160773770696342,6677,0.0177055327912885,6677,0.0458246853809668,6677,0.101735714170132,6677,0.424990477888372
"107_a","10m",6298,0.0530919933936503,0.0513717141002417,0.0145224382899779,6298,0.0183316991533648,6298,0.0426248317619864,6298,0.10218067122608,6298,0.428367160437229
"107_b","10m",6473,0.0644549863934103,0.0638793408870697,0.0195071937341012,6473,0.0190457601431302,6473,0.0505858367658269,6473,0.114918416500385,6473,0.465920029045137
"107_c","10m",8264,0.0523742230952558,0.0529387705028057,0.0108795422128462,8264,0.0199746674005624,8264,0.0425886468311303,8264,0.107462536928999,8264,0.476503533108641
"107_d","10m",7581,0.0509283143819133,0.0508548319339752,0.0115368980020066,7581,0.0186863592073991,7581,0.0410316174330372,7581,0.103092953632047,7581,0.451553090799533
"108_a","10m",7856,0.0558340695571409,0.0554392840713263,0.0134722681080701,7856,0.0184661195232097,7856,0.0446358895959686,7856,0.110523875147408,7856,0.48578667980395
"108_b","10m",8053,0.0572607192656912,0.0575913414359093,0.0136691616056062,8053,0.0184113189053665,8053,0.0456865674700869,8053,0.111230870708365,8053,0.496793030631882
"108_c","10m",7680,0.0575195702471926,0.0576756484806538,0.0143766491602752,7680,0.0188347532479653,7680,0.046050626805109,7680,0.109527656369191,7680,0.470585591087991
"108_d","10m",8224,0.0580677175640712,0.0581209063529968,0.0136375674879688,8224,0.0199070105279416,8224,0.0466009484723199,8224,0.11802126604972,8224,0.501046825362902
"109_a","10m",8703,0.0650606028443282,0.065997876226902,0.0150919036346726,8703,0.0247282623727562,8703,0.0536362755622903,8703,0.117347268860914,8703,0.496649351115406
"109_b","10m",8297,0.0625146119824476,0.063469335436821,0.0132426756640592,8297,0.0228549651089684,8297,0.0510191396280319,8297,0.120001638518831,8297,0.505278277493312
"109_c","10m",8922,0.0674941185245955,0.0682963877916336,0.0143769201930926,8922,0.024840391027338,8922,0.0551350024688749,8922,0.130898437110516,8922,0.552348163548161
"109_d","10m",8308,0.0645625609274529,0.0651311613619328,0.0160911316269468,8308,0.0234431816784107,8308,0.0524444290435779,8308,0.118659165419933,8308,0.494506500362399
"11_a","10m",7247,0.0515796829467891,0.0511966869235039,0.0114923208566079,7247,0.0186444559817681,7247,0.0418761388876531,7247,0.107068935428181,7247,0.482029807598439
"11_b","10m",7332,0.0517721015858869,0.0516238547861576,0.0112327894491621,7332,0.0200911739419618,7332,0.042691466148114,7332,0.104929086371591,7332,0.456489846499264
"11_c","10m",6199,0.0509634264084524,0.0509558357298374,0.0107028957343928,6199,0.0201932258891093,6199,0.0416370979717039,6199,0.109771906392297,6199,0.500750502893921
"11_d","10m",7782,0.0470263214829272,0.0468925461173058,0.00908479188842948,7782,0.0178302539955292,7782,0.0385493870295981,7782,0.0993853565323653,7782,0.467249372026373
"110_a","10m",7237,0.0787403192252736,0.0815927386283875,0.0218169381308602,7237,0.0327019605133241,7237,0.0652281093163899,7237,0.135114301281596,7237,0.447870651313604
"110_b","10m",9160,0.0722799222245324,0.0732322372496128,0.0147844190006884,9160,0.0270423832595075,9160,0.0594165857669538,9160,0.130757924372272,9160,0.515190226302259
"110_c","10m",6647,0.0591596085620237,0.0546701513230801,0.0218322166926828,6647,0.0199713955531512,6647,0.0471673879500648,6647,0.115571430531791,6647,0.487446242042398
"110_d","10m",7202,0.0687929442381526,0.0643507279455662,0.022920100386976,7202,0.0233659897033478,7202,0.0552476084548548,7202,0.125510280278358,7202,0.502400010614673
"1100_a","10m",6574,0.0547672711408538,0.0553560275584459,0.012941734203398,6574,0.0199555766989786,6574,0.0442053248969284,6574,0.102906090790518,6574,0.456824799292708
"1100_b","10m",6685,0.0530307433030881,0.0532295517623425,0.0123357263474102,6685,0.0182089764157509,6685,0.0422093386223291,6685,0.0998369118839335,6685,0.434287654120974
"1100_c","10m",6635,0.0549551333676246,0.0548791140317917,0.0123763295543548,6635,0.0182714314900562,6635,0.0436907612985436,6635,0.107421248827888,6635,0.471286780816366
"1100_d","10m",5288,0.0557086307459628,0.0565070658922195,0.0125694700605642,5288,0.0202965211968174,5288,0.0448230436851688,5288,0.110195160406803,5288,0.482872962307836
"1101_a","10m",6845,0.0513444877377255,0.0515376999974251,0.0106522398164902,6845,0.0179432860845088,6845,0.0409288012932162,6845,0.104928714644612,6845,0.459372401917608
"1101_b","10m",7402,0.054790897576465,0.0545023642480373,0.0133811835846489,7402,0.0186431737629841,7402,0.0434667639566701,7402,0.104404832246447,7402,0.449106537869718
"1101_c","10m",7022,0.0533888847340345,0.053266329690814,0.0120819196189288,7022,0.0161004530473581,7022,0.0423395691147668,7022,0.102757589290559,7022,0.461515325578155
"1101_d","10m",7122,0.0603793083633354,0.0585756748914719,0.0178903691463413,7122,0.0177053984650692,7122,0.0473942598510508,7122,0.111722736728161,7122,0.476684482502857
"1102_a","10m",7992,0.0597870201970151,0.0590750370174646,0.016342314140535,7992,0.0196106704573005,7992,0.0474211888045246,7992,0.115917399791606,7992,0.500294276347945
"1102_b","10m",8842,0.0600214502996424,0.0611974690109491,0.0121693854879458,8842,0.021262960140831,8842,0.0476769541408101,8842,0.125927338797011,8842,0.548522846726189
"1102_c","10m",8006,0.0560071008387407,0.0516171623021364,0.0178205521497105,8006,0.0177759676469603,8006,0.0447995951889945,8006,0.112822383301042,8006,0.500451331478289
"1102_d","10m",7319,0.0602979231954093,0.0563236214220524,0.0200309523416559,7319,0.0185810445106926,7319,0.0481941302411038,7319,0.109250013052787,7319,0.457848586902452
"1103_a","10m",8019,0.0559925006474677,0.0572945922613144,0.0115453381678664,8019,0.0215346274721931,8019,0.0457240609496792,8019,0.116586730912822,8019,0.506085362842576
"1103_b","10m",8706,0.0663545457992849,0.0661103539168835,0.0160905434985078,8706,0.0275432913601694,8706,0.0553878041716042,8706,0.120596699079815,8706,0.487708825190258
"1103_c","10m",9373,0.0653434011484654,0.0629937052726746,0.0164065718113797,9373,0.0292542253137514,9373,0.0553769171503882,9373,0.114163171742526,9373,0.455882849405649
"1103_d","10m",8983,0.053598273359094,0.0536684915423393,0.00924843392362065,8983,0.0208877263586569,8983,0.0444040707616754,8983,0.106124970855159,8983,0.462660516836616
"1104_a","10m",8690,0.0633146574424946,0.0634166710078716,0.0135451652435824,8690,0.0236627131069274,8690,0.0514721668589849,8690,0.118063356481182,8690,0.470418854686887
"1104_b","10m",9423,0.0628385840822535,0.0634517967700958,0.0108098364303545,9423,0.0232072101270608,9423,0.0514267992730465,9423,0.112778325200713,9423,0.458860253550062
"1104_c","10m",9386,0.0636301104690988,0.0643461458384991,0.0128439525303109,9386,0.0230435186220325,9386,0.0511973006562566,9386,0.117449333385841,9386,0.476269116411087
"1104_d","10m",9275,0.0665897021786061,0.0680222362279892,0.0133709585017586,9275,0.022382412577613,9275,0.0530071565975759,9275,0.122835910478864,9275,0.498133598206965
"1105_a","10m",9065,0.0658278029915449,0.0672258287668228,0.0133926330463105,9065,0.0225131490539898,9065,0.0528851941368664,9065,0.119926958890314,9065,0.490879468304737
"1105_b","10m",8282,0.0555678771611279,0.0564042590558529,0.0105774366061407,8282,0.0198580798670798,8282,0.0451205599648793,8282,0.108256608692855,8282,0.471964821553785
"1105_c","10m",6637,0.0559544429739807,0.0564268678426743,0.0131663338914647,6637,0.0171338321623921,6637,0.0442007394120758,6637,0.106541022647068,6637,0.461044683734361
"1105_d","10m",7916,0.0573172239163639,0.0572371035814285,0.0131384034301901,7916,0.0195262093888316,7916,0.0458447280942974,7916,0.11261426920661,7916,0.483906118467416
"1106_a","10m",5908,0.0552664173015985,0.0549240354448557,0.0136239144553865,5908,0.0184844677579241,5908,0.0442501869644938,5908,0.108941559441382,5908,0.468813020501396
"1106_b","10m",7186,0.0565849946235842,0.0561929661780596,0.0146791570368779,7186,0.0173606243330989,7186,0.0444991406331246,7186,0.11316857377222,7186,0.487432684563816
"1106_c","10m",6445,0.058985926569826,0.0562003962695599,0.0185425652323301,6445,0.0184252889569116,6445,0.0463681123671725,6445,0.111601306254146,6445,0.460845726925137
"1106_d","10m",6056,0.0507449211809253,0.0500700064003468,0.0120266820804612,6056,0.0171809273715092,6056,0.0407236827370605,6056,0.10345271378162,6056,0.452974237301085
"1107_a","10m",8943,0.0609777151299452,0.0586469992995262,0.0171305196053969,8943,0.0191255284383612,8943,0.0478756482925385,8943,0.12107688302441,8943,0.50528944408505
"1107_b","10m",8921,0.0562694858416803,0.0543821416795254,0.014681877929872,8921,0.0210527748460121,8921,0.0460296435844138,8921,0.103621112678036,8921,0.430642343713686
"1107_c","10m",7936,0.0589103396991812,0.0572754964232445,0.0165247991790542,7936,0.0228156341721823,7936,0.0480434479359498,7936,0.104817496320822,7936,0.425987450873532
"1107_d","10m",6786,0.0637388916660376,0.0633106529712677,0.0187788146167357,6786,0.0191442644293091,6786,0.0495793921910421,6786,0.115379050868999,6786,0.458080844931401
"1108_a","10m",7185,0.0716892857322302,0.0722629353404045,0.0216409870294447,7185,0.0254589676446242,7185,0.0580756313636461,7185,0.11640047858132,7185,0.426586614896232
"1108_b","10m",7005,0.0607069198741477,0.0609278492629528,0.0169011266191216,7005,0.0205090555472088,7005,0.0484424224602173,7005,0.103667974231486,7005,0.409435503032949
"1108_c","10m",5320,0.0631591180164395,0.0637835934758186,0.017012697778494,5320,0.0179162462497147,5320,0.0491783046342618,5320,0.111177849944932,5320,0.446295617444203
"1108_d","10m",8765,0.0659035681611425,0.0669099614024162,0.0174185578434396,8765,0.0218105927186576,8765,0.0523190521690519,8765,0.115093968890093,8765,0.461387693747045
"1109_a","10m",4749,0.0560595525985995,0.0522846132516861,0.0195026163152252,4749,0.0174881828842325,4749,0.0446489270593863,4749,0.100168366762102,4749,0.417893011423726
"1109_b","10m",5936,0.0674640928960538,0.0664226561784744,0.0193752552336352,5936,0.0183240321274855,5936,0.0532713429889256,5936,0.113193912940429,5936,0.438550614019444
"1109_c","10m",7425,0.0593317870341668,0.0571574233472347,0.0183058883161603,7425,0.0190057867338544,7425,0.0477422244885794,7425,0.105080239450269,7425,0.428255555642012
"1109_d","10m",6274,0.0493780839567779,0.0484654121100903,0.0127621192306986,6274,0.0154526291668733,6274,0.039476256833208,6274,0.0970709228989911,6274,0.434603893726549
"111_a","10m",5088,0.0493134895841878,0.0484419614076614,0.0113884141227299,5088,0.0177740825908683,5088,0.0398393271735869,5088,0.100115295378547,5088,0.437574286576135
"111_b","10m",7414,0.0475805795613082,0.0478634182363749,0.00897916509283732,7414,0.0185466053884431,7414,0.0387641647856806,7414,0.1067501628545,7414,0.49737602969006
"111_c","10m",5294,0.0463751905087929,0.0457172300666571,0.00952646968678833,5294,0.0197884264753424,5294,0.0386134589167871,5294,0.0929979450020354,5294,0.404641185251929
"111_d","10m",7595,0.0575024139935579,0.058354202657938,0.0134505178679571,7595,0.0225085981576467,7595,0.0467351252352648,7595,0.112606903107182,7595,0.460287599668461
"1110_a","10m",7650,0.0531280820468575,0.053270110860467,0.0118739771683478,7650,0.0169278435182021,7650,0.0424886440220928,7650,0.105298018226861,7650,0.462186380627342
"1110_b","10m",7794,0.051991266603774,0.0525918304920197,0.0116417426835814,7794,0.0183446803079757,7794,0.0420493966655246,7794,0.108325972278135,7794,0.48321165740186
"1110_c","10m",6228,0.0490873171203197,0.0489889495074749,0.0106953603901731,6228,0.0173615971429114,6228,0.0398890862513611,6228,0.101359630666726,6228,0.45329114223569
"1110_d","10m",7383,0.0487077109186178,0.0483183637261391,0.0101270646320452,7383,0.0173190069324366,7383,0.0397109929032686,7383,0.097736628092779,7383,0.430575170298688
"1111_a","10m",5904,0.052057084781408,0.0507811866700649,0.0132772323595066,5904,0.0173032431147632,5904,0.0415421041084559,5904,0.0994935314055948,5904,0.421416361706311
"1111_b","10m",7917,0.0591097461334722,0.0600815676152706,0.0139450446793306,7917,0.019242917900594,7917,0.0469651248013509,7917,0.11159822307703,7917,0.476464726047616
"1111_c","10m",8501,0.0588708714114338,0.058795765042305,0.0132173191934549,8501,0.0182971614037496,8501,0.0470254091376099,8501,0.108265960126306,8501,0.457612946129798
"1111_d","10m",7825,0.0532378421195399,0.0524702034890652,0.0126525933991214,7825,0.0175471976469246,7825,0.0428053824641474,7825,0.101621212774407,7825,0.441227073286764
"1112_a","10m",8459,0.0555622805993753,0.0547547526657581,0.0123994124964943,8459,0.0190885980619267,8459,0.0446966439430029,8459,0.103718649419433,8459,0.445553091756268
"1112_b","10m",8794,0.0531524480459248,0.0522088948637247,0.0119873124268,8794,0.0176088878813791,8794,0.0432475184974827,8794,0.095447752688083,8794,0.402102487871204
"1112_c","10m",9109,0.0666881172408311,0.0674445182085037,0.0152176570381902,9109,0.0194281639266028,9109,0.0532407164903108,9109,0.10513953116023,9109,0.40329611110906
"1112_d","10m",8186,0.0663353022769996,0.0591676384210587,0.0246156974325965,8186,0.0209185108376654,8186,0.0529261343495626,8186,0.116335062556959,8186,0.469911306513396
"1113_a","10m",9276,0.0606318562971882,0.0575815811753273,0.0164431577427339,9276,0.020704937091222,9276,0.0492921181425788,9276,0.114194851398883,9276,0.485310978050689
"1113_b","10m",9249,0.0702950596301485,0.070693165063858,0.0154557829068396,9249,0.0253105316689687,9249,0.0572585560553571,9249,0.126694045367356,9249,0.512094457943155
"1113_c","10m",9538,0.0774471652122833,0.0769363455474377,0.0144139091127993,9538,0.0308480833032863,9538,0.0644213903205984,9538,0.130296622533594,9538,0.498879378245428
"1113_d","10m",9001,0.0590096227702595,0.0572122447192669,0.0142279796735224,9001,0.0215758969147015,9001,0.0485740320745118,9001,0.110634087354707,9001,0.465064977454662
"1114_a","10m",9346,0.0668464503901726,0.0691242441534996,0.0138327253969347,9346,0.0229662716653592,9346,0.0543421259003951,9346,0.12652921138222,9346,0.523924412436874
"1114_b","10m",9012,0.0659707850287596,0.0658042803406715,0.0159459952524316,9012,0.0299793495728243,9012,0.0560995213611744,9012,0.10715176588672,9012,0.40280515849716
"1114_c","10m",8594,0.0602194547047633,0.0596090909093618,0.0152519483717234,8594,0.0229374333956442,8594,0.0501201053172462,8594,0.106047407595911,8594,0.446077776711416
"1114_d","10m",7221,0.069969074773268,0.0709557086229324,0.0153794591773781,7221,0.0244657981462347,7221,0.0566692459707938,7221,0.128201365176418,7221,0.526079471743921
"1115_a","10m",1,0.031872496008873,0.031872496008873,NA,1,0.010872940118942,1,0.0262676801399461,1,0.0524117624960267,1,0.228944671452045
"1115_b","10m",2505,0.0458495572335765,0.041020579636097,0.0156518582997604,2505,0.0172605527811501,2505,0.0382183402836204,2505,0.0844955209583735,2505,0.373395753712087
"1115_c","10m",1825,0.037765366591207,0.0364265441894531,0.00601054491394686,1825,0.0141141571843064,1825,0.0314307053933565,1825,0.0683224682741994,1825,0.310159970003757
"1115_d","10m",194,0.0369433645523854,0.0351398829370737,0.00548000720425138,194,0.0130929288415415,194,0.0305446547840822,194,0.0679264808644915,194,0.279000042521769
"1116_a","10m",1207,0.0384272479273953,0.0374993234872818,0.00542464144168432,1207,0.012165302079362,1207,0.0316075697628428,1207,0.0710250872598075,1207,0.314357402084338
"1116_b","10m",2274,0.0399585332141545,0.038517227396369,0.00700838646077802,2274,0.0114341781784181,2274,0.0320556161324968,2274,0.0719171186461517,2274,0.306270685436822
"1116_c","10m",2526,0.0396949769892182,0.0383012164384127,0.00694853755353927,2526,0.0125575009865964,2526,0.0320957679216806,2526,0.0744206172724033,2526,0.322138463516726
"1116_d","10m",3469,0.0418738663469329,0.0403236001729965,0.00818164054580081,3469,0.0134775004457514,3469,0.0341260369858035,3469,0.0770901728986817,3469,0.334504912131106
"1117_a","10m",2859,0.0397900485665899,0.0390387289226055,0.00611738395380414,2859,0.0111847670423187,2859,0.0318225995666654,2859,0.0770142089276615,2859,0.332738369806748
"1117_b","10m",4963,0.0533371792084239,0.0535302758216858,0.0136651170010084,4963,0.0191770735783957,4963,0.0428057471057541,4963,0.0982164604325604,4963,0.383669488319713
"1117_c","10m",6605,0.0522200830985794,0.0533563978970051,0.0112645049974434,6605,0.0171654356070303,6605,0.0410996181816443,6605,0.0956856875880963,6605,0.385020158051655
"1117_d","10m",384,0.0367270346808558,0.0353871397674084,0.00479521475580703,384,0.0128978752637286,384,0.0300249681417232,384,0.066901348690058,384,0.278702663039245
"1118_a","10m",2308,0.0397059909758873,0.0385242700576782,0.0068055578850766,2308,0.0143680057745334,2308,0.0322713766629916,2308,0.0796594318510462,2308,0.355113600715414
"1118_b","10m",5739,0.0426258557778106,0.0416008718311787,0.007457716446876,5739,0.015489501222081,5739,0.0344133213492267,5739,0.0842242315655986,5739,0.359979371117562
"1118_c","10m",6346,0.0457658904454628,0.0444187484681606,0.00977317842839272,6346,0.0159368918393718,6346,0.0369572327353606,6346,0.0896605760715392,6346,0.37694525974432
"1118_d","10m",6688,0.0440817282740673,0.0442763119935989,0.00744839955428783,6688,0.0149707581054026,6688,0.0351839761140467,6688,0.0859495785296382,6688,0.375290793311475
"1119_a","10m",6313,0.0500305139523253,0.0489698946475983,0.0119904229288506,6313,0.0165999445193331,6313,0.039559030724543,6313,0.0966788789992085,6313,0.403646218257133
"1119_b","10m",6076,0.0444790846300314,0.0423572063446045,0.010170140719284,6076,0.0175923365379969,6076,0.0366073557800351,6076,0.0847460509733808,6076,0.348956416481229
"1119_c","10m",6946,0.0448376651662393,0.0443418975919485,0.00831431696458374,6946,0.0174461743163772,6946,0.0370579000525002,6946,0.0913215268191867,6946,0.424234697408331
"1119_d","10m",1928,0.0459338962554514,0.0448478013277054,0.00979102076047622,1928,0.0156208557168425,1928,0.0368385027609139,1928,0.0882721930433055,1928,0.376954380394079
"112_a","10m",8130,0.0598046702272081,0.0581687279045582,0.0160907602736921,8130,0.0216453930038235,8130,0.0479223775471104,8130,0.122371329347601,8130,0.535272067602962
"112_b","10m",7340,0.0522254589554278,0.0514306426048279,0.0125308013610269,7340,0.0214913799255312,7340,0.0435098099171461,7340,0.105687523501249,7340,0.457856099303253
"112_c","10m",7756,0.0500746653768291,0.0499099269509315,0.0103242683127175,7756,0.0181647853584043,7756,0.0410868244824406,7756,0.102100657868057,7756,0.46196288099304
"112_d","10m",6131,0.052914333062666,0.0534411370754242,0.0112901809078796,6131,0.0196011096199207,6131,0.0429333327814969,6131,0.107708164919415,6131,0.47174488380544
"1120_a","10m",1502,0.0540971089112318,0.0540635176002979,0.0121425399046721,1502,0.0179277374675074,1502,0.0433069560516928,1502,0.114107586765543,1502,0.530646702070608
"1120_b","10m",7584,0.0513497148095218,0.050426309928298,0.0115367662413363,7584,0.0195797661191962,7584,0.0419896885941897,7584,0.110469543133322,7584,0.530220696794239
"1120_c","10m",6457,0.0513838055992604,0.0510840862989426,0.0117706955891525,6457,0.0193988530453852,6457,0.041941914950612,6457,0.108295125321937,6457,0.516167433528682
"1120_d","10m",5700,0.0517927521137161,0.0521506369113922,0.0112416040711544,5700,0.0201048144344313,5700,0.0423762193054222,5700,0.109375904393781,5700,0.536474622394903
"1121_a","10m",7750,0.0539100569489021,0.0551645066589117,0.0110774550721777,7750,0.02019011339138,7750,0.0437147483588003,7750,0.111241430594535,7750,0.532700790652171
"1121_b","10m",7113,0.049118996959331,0.0485726073384285,0.0106331553451248,7113,0.018517897074229,7113,0.0398608415707476,7113,0.106579291761669,7113,0.535219828585281
"1121_c","10m",5808,0.0498257088179882,0.05005700327456,0.0106560969670993,5808,0.0194288194002792,5808,0.0406560602972588,5808,0.106591512658792,5808,0.516340690191717
"1121_d","10m",6344,0.0483536320685058,0.0473145265132189,0.0110368456104248,6344,0.0212089023547452,6344,0.0405202341382832,6344,0.100071758122143,6344,0.477604955706539
"1122_a","10m",7120,0.0511047953860102,0.0499643683433533,0.0124212585865681,7120,0.0208171783693495,7120,0.0424730104084532,7120,0.102513415298459,7120,0.484824439324711
"1122_b","10m",6329,0.0484144997088891,0.048003651201725,0.0106632026665161,6329,0.0197992035358493,6329,0.0401141867182958,6329,0.10848805268422,6329,0.529620196956568
"1122_c","10m",8312,0.0571494971489833,0.056817851960659,0.0142447148277144,8312,0.0194398020173168,8312,0.0461930140714104,8312,0.114835012000796,8312,0.537200664033104
"1122_d","10m",6673,0.054774686358629,0.053907360881567,0.0137952236105401,6673,0.0191012914425567,6673,0.0441859564130046,6673,0.112513289913993,6673,0.523700868302104
"1123_a","10m",5699,0.0466631248065161,0.044366367161274,0.0117778255229786,5699,0.0156368359728114,5699,0.0375461716065532,5699,0.0979459563821988,5699,0.464916386471038
"1123_b","10m",6765,0.0546154533294687,0.0535361617803574,0.0143620406797611,6765,0.0184033145478725,6765,0.0440645544903012,6765,0.112935354079722,6765,0.522233864851136
"1123_c","10m",8028,0.0655205799825861,0.0655871517956257,0.0173493047624062,8028,0.0226624205954366,8028,0.0522657192220749,8028,0.121428084948298,8028,0.510442395348299
"1123_d","10m",7933,0.0625930634163697,0.0632983148097992,0.0169847467035573,7933,0.0223274570155378,7933,0.050297242782818,7933,0.120165706112476,7933,0.533481591778085
"1124_a","10m",8301,0.0690102767118049,0.070796363055706,0.0167590304597582,8301,0.0234449504067585,8301,0.0550703122348656,8301,0.125433461024384,8301,0.546498997950752
"1124_b","10m",8472,0.0636732812009653,0.0634988285601139,0.0153647160558885,8472,0.022837923118557,8472,0.0512804693459298,8472,0.121764826081849,8472,0.528175747882807
"1124_c","10m",7749,0.0631510368149917,0.0641693025827408,0.0155703071307376,7749,0.0206919487436115,7749,0.0496805626217548,7749,0.119856106228443,7749,0.49370012873147
"1124_d","10m",7025,0.0556688693038509,0.051980197429657,0.0168986352472173,7025,0.0187014878351505,7025,0.0442839368969395,7025,0.109811894648254,7025,0.488269122552405
"113_a","10m",7431,0.0536714324397036,0.0547224171459675,0.0110616069176483,7431,0.0187927150814865,7431,0.0429974852822369,7431,0.111926765868228,7431,0.499339201876769
"113_b","10m",7326,0.0526077058611205,0.0530284568667412,0.0108351651912372,7326,0.0189167713017094,7326,0.0422905115382718,7326,0.109321816408231,7326,0.476180389626692
"113_c","10m",6624,0.0511436177325404,0.0520075894892216,0.00959796010126889,6624,0.0193109148950438,6624,0.041318315308726,6624,0.108279284981913,6624,0.468735436147235
"113_d","10m",7802,0.0535965716696452,0.054066751152277,0.0108969069204456,7802,0.0186247148264241,7802,0.0430860095306802,7802,0.110863871532405,7802,0.490594000555241
"114_a","10m",7770,0.0558582019180712,0.0561084821820259,0.0135647865892014,7770,0.0181574798248368,7770,0.0439691547367747,7770,0.10932993714678,7770,0.45529613773613
"114_b","10m",7239,0.0605342487648535,0.061899047344923,0.0148645420049554,7239,0.0207131059517373,7239,0.0479208780421181,7239,0.114777237461244,7239,0.467982905129021
"114_c","10m",8565,0.054890052637143,0.0547333173453808,0.0127169137281818,8565,0.0176353690453734,8565,0.0437375143808248,8565,0.104153664177148,8565,0.44652623186046
"114_d","10m",7311,0.0577923125398744,0.0578844733536243,0.0132779416605498,7311,0.0197513121873417,7311,0.0460852687183131,7311,0.109687833158153,7311,0.458057479773758
"115_a","10m",8447,0.0578406519517064,0.0570434965193272,0.0139848367453522,8447,0.0204008399497954,8447,0.0462211073181576,8447,0.117258997469882,8447,0.515693094118454
"115_b","10m",8653,0.0522493505926852,0.05176942050457,0.0112098838003722,8653,0.0164124641931031,8653,0.0416053318350463,8653,0.101559555340342,8653,0.443190286741854
"115_c","10m",8736,0.0528278401155185,0.0529459360986948,0.0108877641589315,8736,0.017675255831348,8736,0.0422619488425329,8736,0.107514963271608,8736,0.482628256772157
"115_d","10m",8388,0.0594634698125639,0.0608128849416971,0.0126279668419183,8388,0.0196667518199436,8388,0.0471944631262072,8388,0.116170706151789,8388,0.494396086872978
"116_a","10m",8638,0.0502967686761316,0.050234567373991,0.00940521417699833,8638,0.0194617276311244,8638,0.0409231176342794,8638,0.110338730352445,8638,0.509119098318426
"116_b","10m",8546,0.0513230594718101,0.0507389158010483,0.0104205578417413,8546,0.0198036476256194,8546,0.0418438851512062,8546,0.109320444330208,8546,0.493121403044723
"116_c","10m",8877,0.0591605790225913,0.0594112202525139,0.0121843668647914,8877,0.0238930251996042,8877,0.0492041902321362,8877,0.112195220175208,8877,0.480459559764547
"116_d","10m",8480,0.0518393284803748,0.0515362396836281,0.0103156512802032,8480,0.0185964076884239,8480,0.0420879292517249,8480,0.107614504795453,8480,0.491892857952008
"117_a","10m",8696,0.05645697048125,0.056947473436594,0.0115122282284203,8696,0.0212246362579375,8696,0.0459091777881893,8696,0.119082802759871,8696,0.531435337041264
"117_b","10m",9053,0.0646426760209182,0.0647686347365379,0.0149734101184379,9053,0.0224579962887277,9053,0.0519225560335466,9053,0.120694539142836,9053,0.511985865016354
"117_c","10m",8541,0.0565430716115416,0.057705819606781,0.0106879132846203,8541,0.0225731457429822,8541,0.0465919053879279,8541,0.11868932235602,8541,0.543376889881643
"117_d","10m",8663,0.059574555345916,0.0583449564874172,0.0143473769051054,8663,0.0242039166766664,8663,0.0493953333965965,8663,0.114478686780409,8663,0.463006785634415
"118_a","10m",9116,0.0553012493778774,0.0551251489669085,0.0103699364788338,9116,0.0193023796349816,9116,0.0448579493949144,9116,0.115107544880411,9116,0.52403567410726
"118_b","10m",8393,0.0600822570214525,0.0611589886248112,0.012391588489868,8393,0.0250328241571759,8393,0.0498403916688666,8393,0.11656597658983,8393,0.516965451112815
"118_c","10m",7323,0.0604193263171996,0.0605414919555187,0.0133969502903253,7323,0.0230966573686021,7323,0.0491553658734492,7323,0.118473847911698,7323,0.521453764646936
"118_d","10m",9087,0.060756923450657,0.0601212196052074,0.0145749847235246,9087,0.0236650244972669,9087,0.0495650332837274,9087,0.123059479549482,9087,0.548056590523006
"119_a","10m",8308,0.0616456059217507,0.0592131651937962,0.0194624735286611,8308,0.0223504607941483,8308,0.0495738338859667,8308,0.126852194473935,8308,0.572833562825695
"119_b","10m",8545,0.0614590534307128,0.0628056451678276,0.0147811370919254,8545,0.0211225600326738,8545,0.0488914663346475,8545,0.119400840270994,8545,0.534309390069449
"119_c","10m",7583,0.0579587903333582,0.0589202381670475,0.0139116140434122,7583,0.0204795501742045,7583,0.0466706518228244,7583,0.119750786300197,7583,0.554626635243667
"119_d","10m",6881,0.0580566005845989,0.0587264858186245,0.014457026001449,6881,0.0224165035305754,6881,0.0471188359220836,6881,0.118018339816657,6881,0.545263603380527
"12_a","10m",6659,0.0503313317360673,0.0502374321222305,0.0105349205012664,6659,0.0179282491123585,6659,0.0404520142937083,6659,0.1071127310679,6659,0.485658971069475
"12_b","10m",7172,0.0558196263223143,0.0561660788953304,0.0129787322785052,7172,0.0232076464307048,7172,0.0458912666696788,7172,0.111674844606026,7172,0.498090238193714
"12_c","10m",7907,0.0583592628464395,0.059426087886095,0.0137065334704453,7907,0.0238295745417675,7907,0.0477043449182653,7907,0.112002917398853,7907,0.495208040346452
"12_d","10m",7543,0.0545115567100261,0.0555267967283726,0.011459278589084,7543,0.0198232623717024,7543,0.0434481771214023,7543,0.112669625978596,7543,0.490463957361275
"120_a","10m",7517,0.0573514030917486,0.0563122443854809,0.0155172988642599,7517,0.0216619395169727,7517,0.046354159876599,7517,0.117274141501714,7517,0.537978523607558
"120_b","10m",6953,0.052367692762378,0.0483170598745346,0.0157639206134438,6953,0.0175642072193317,6953,0.0422029671555837,6953,0.109180036889246,6953,0.508949125834087
"120_c","10m",7332,0.0566960938518234,0.0571821834892035,0.0137699406846181,7332,0.0192630381559855,7332,0.0451541448380049,7332,0.117760512760732,7332,0.530902842015813
"120_d","10m",7068,0.0600680852739481,0.0610320754349232,0.0155658878508475,7068,0.0210975010460453,7068,0.0482028291264669,7068,0.119981115363795,7068,0.538214871150794
"1200_a","10m",6569,0.0539146796583989,0.0540788546204567,0.0125411509228354,6569,0.0217483307163535,6569,0.0440792809878104,6569,0.103502803248243,6569,0.455113218766512
"1200_b","10m",6459,0.0536293879166917,0.054228451102972,0.0123693882582062,6459,0.0187833867379875,6459,0.0429305344882292,6459,0.101456471178929,6459,0.449595800888985
"1200_c","10m",4450,0.0493003712489866,0.049154894426465,0.0106964718287122,4450,0.0193120210172234,4450,0.0403280506266302,4450,0.0937213179414574,4450,0.414750084430917
"1200_d","10m",6906,0.0555944380668943,0.0558787304908037,0.0134161912616862,6906,0.0210798744116044,6906,0.0449521052132293,6906,0.103418935580659,6906,0.452106743184572
"1201_a","10m",5838,0.0545380976680907,0.0551758948713541,0.0132186237371362,5838,0.0213806012637813,5838,0.044376140300981,5838,0.0993643425081847,5838,0.429722722603309
"1201_b","10m",4732,0.0504047823097598,0.0495574753731489,0.012544252158719,4732,0.019102506990916,4732,0.0405540779271386,4732,0.105158696887328,4732,0.467669174310831
"1201_c","10m",7881,0.0614811246634445,0.0604076683521271,0.0167557701267247,7881,0.0192143143088162,7881,0.0478992098157983,7881,0.119734642211551,7881,0.508725265712699
"1201_d","10m",6829,0.0529871384749184,0.0521420985460281,0.0131442229128416,6829,0.0192901745546132,6829,0.0427165727335518,6829,0.103740273956921,6829,0.464104992556127
"1202_a","10m",6077,0.052358753974915,0.0504355952143669,0.0144603146779647,6077,0.0180264316800836,6077,0.0425462845683278,6077,0.0984923104795356,6077,0.423656095500097
"1202_b","10m",7602,0.0522095770512626,0.0519715696573257,0.0117203619775249,7602,0.0184738130876032,7602,0.042312739034375,7602,0.0992829176416067,7602,0.438876135140026
"1202_c","10m",7625,0.049812672185849,0.0489288717508316,0.0109067470209746,7625,0.01824414815124,7625,0.0410543185370065,7625,0.0966440876706645,7625,0.428725786962118
"1202_d","10m",7577,0.0551119264420744,0.0544431917369366,0.0137219067289759,7577,0.0193121048912239,7577,0.0453176744690919,7577,0.099386738639665,7577,0.417968617499315
"1203_a","10m",6912,0.0570698998988653,0.0562185887247324,0.0147391870058101,6912,0.0183684934044296,6912,0.0453998218964208,6912,0.10388090924743,6912,0.436388910370491
"1203_b","10m",6852,0.050079737371024,0.049961406737566,0.0104806740607583,6852,0.018756090885844,6852,0.0411670352866944,6852,0.0951350548423202,6852,0.401342276472324
"1203_c","10m",8995,0.054045057674873,0.054029356688261,0.0100811700668156,8995,0.0201975463388876,8995,0.0444339406210301,8995,0.096814701080735,8995,0.394009697254174
"1203_d","10m",8279,0.0556552454598382,0.0559063144028187,0.011288539378548,8279,0.0194067613853998,8279,0.0447786828238929,8279,0.108691202789656,8279,0.474147881204866
"1204_a","10m",8641,0.0565590102267792,0.0567951202392578,0.0127254142585917,8641,0.0196819310751414,8641,0.0453394121830817,8641,0.107332298893886,8641,0.457537525338461
"1204_b","10m",8809,0.0606019425486372,0.0609037280082703,0.0140759574710187,8809,0.0214743260002048,8809,0.0489655355852345,8809,0.109388640601088,8809,0.441042717255374
"1204_c","10m",9011,0.0684416007900437,0.0690472051501274,0.0150759950366593,9011,0.0246799478439568,9011,0.055262421358062,9011,0.11503640985666,9011,0.435417234755283
"1204_d","10m",8767,0.0662144120808959,0.0677588731050491,0.0150881016858138,8767,0.0206006979360283,8767,0.0523752814228712,8767,0.116335972341137,8767,0.47645340203299
"1205_a","10m",8950,0.0637299290199519,0.0632061995565891,0.014703821620338,8950,0.0203452485984204,8950,0.0507219900537791,8950,0.115333661274215,8950,0.479946581228569
"1205_b","10m",9382,0.0740485182204714,0.0740223117172718,0.0158833859027256,9382,0.0243234832454527,9382,0.0590038460616006,9382,0.128510687169439,9382,0.506358567524508
"1205_c","10m",7010,0.0561883305652484,0.056622039526701,0.0134674779189936,7010,0.018891451556255,7010,0.0449960131238309,7010,0.106168552909235,7010,0.451562568582648
"1205_d","10m",7476,0.0562309374120395,0.0567172653973103,0.0135755238260733,7476,0.019270743920835,7476,0.045301261049462,7476,0.104047277024922,7476,0.430419783351256
"1206_a","10m",5126,0.0447658689266018,0.0433968659490347,0.00968932827404623,5126,0.0166197585437643,5126,0.0368545646694496,5126,0.0841183326657515,5126,0.362629099325322
"1206_b","10m",5651,0.0483876080223389,0.0476137511432171,0.0108133819496882,5651,0.0174095627926625,5651,0.0394145111824902,5651,0.0949638696386358,5651,0.417199105542464
"1206_c","10m",6870,0.052523990070347,0.0526627786457539,0.0121531895454714,6870,0.0189944773730473,6870,0.042450898468152,6870,0.101116261595686,6870,0.443846972189789
"1206_d","10m",5843,0.0499539129728021,0.0487816967070103,0.0120613367466757,5843,0.0178267338332661,5843,0.0405528826987394,5843,0.0945372339487769,5843,0.406792426070792
"1207_a","10m",7249,0.0510241251689641,0.0512846894562244,0.0111364516443494,7249,0.0210351754185826,7249,0.0424227424043218,7249,0.0993531083666981,7249,0.451180693248536
"1207_b","10m",6733,0.0563396077797306,0.0565290674567223,0.0134061518247105,6733,0.0199433757828193,6733,0.0453559109349877,6733,0.107054936189993,6733,0.456972167826564
"1207_c","10m",7674,0.0635268577724765,0.0651968941092491,0.016604495029804,7674,0.0216653702483715,7674,0.0507492666192596,7674,0.113479453258337,7674,0.465814835029517
"1207_d","10m",7907,0.0602993595795368,0.0606788471341133,0.014773515470221,7907,0.0207835092912938,7907,0.0481791003181692,7907,0.113127348858243,7907,0.490389130504971
"1208_a","10m",5198,0.0539289688402676,0.0528866555541754,0.0153305571899808,5198,0.0210504800184256,5198,0.0438828741610873,5198,0.102965271942081,5198,0.430226392515158
"1208_b","10m",5509,0.0584828715330542,0.0563425458967686,0.0179772296914474,5509,0.0193817906163818,5509,0.046407955201008,5509,0.106125049176255,5509,0.440694366792766
"1208_c","10m",7797,0.0578758164289973,0.0564868375658989,0.0164137993497862,7797,0.0220344720977601,7797,0.0468686286139016,7797,0.103979286952302,7797,0.418221457728487
"1208_d","10m",7610,0.0600221005717535,0.059084914624691,0.0176230149156367,7610,0.0213350463943312,7610,0.0482503185965948,7610,0.110911649864604,7610,0.456594063990327
"1209_a","10m",7158,0.0574692144209832,0.0572092048823833,0.0150713085787975,7158,0.0187722065130295,7158,0.0456041769082914,7158,0.108270776064982,7158,0.461738619600392
"1209_b","10m",8126,0.0596026772818405,0.0593819469213486,0.0151495694252065,8126,0.0194717530659136,8126,0.0473001781231307,8126,0.106264392044126,8126,0.433943015672248
"1209_c","10m",8206,0.0565594782335073,0.0544725805521011,0.0170005560157891,8206,0.0177076064695985,8206,0.0450911080861589,8206,0.103269101169715,8206,0.434198488968518
"1209_d","10m",8342,0.0531954842806488,0.051649197936058,0.0138352223476967,8342,0.020979372299892,8342,0.0438774508087915,8342,0.0992372148525692,8342,0.427160947188848
"121_a","10m",8772,0.0609951981320396,0.061040922999382,0.0153854127990945,8772,0.0187252054955856,8772,0.0483030743223495,8772,0.118354182694488,8772,0.524483216053892
"121_b","10m",7779,0.0586673774666579,0.0596553795039654,0.0138841702487664,7779,0.0206723576825114,7779,0.046720792138877,7779,0.120682759484996,7779,0.546671250286932
"121_c","10m",7687,0.054719975967645,0.0553274638950825,0.0114306644980623,7687,0.0219624925517812,7687,0.0448132839214002,7687,0.115518376513444,7687,0.543465012994419
"121_d","10m",7740,0.052561103070073,0.0523630026727915,0.0116882562289225,7740,0.0183834004295445,7740,0.0423683217824885,7740,0.108154936813222,7740,0.496607749228137
"1210_a","10m",6175,0.0522990308146969,0.0503352917730808,0.0145097391027803,6175,0.0170688021031438,6175,0.0420048502787836,6175,0.0953879044654746,6175,0.403271595645506
"1210_b","10m",7923,0.0545499401084047,0.0541816614568233,0.0132818502807061,7923,0.0176629601416911,7923,0.0433197693659529,7923,0.107036582211982,7923,0.467465076893248
"1210_c","10m",5756,0.0467938767678782,0.0462894476950169,0.00989560632397792,5756,0.0165868763573662,5756,0.0378873709487979,5756,0.0942318342785306,5756,0.41120794841775
"1210_d","10m",5194,0.0503946299215332,0.0490645822137594,0.0125112729602409,5194,0.0165748303622115,5194,0.0401679363828915,5194,0.0895124767048916,5194,0.369133759105336
"1211_a","10m",7376,0.0459287333407756,0.045918170362711,0.00845334129614734,7376,0.0140147851611074,7376,0.036976948620985,7376,0.0912886673947628,7376,0.403975269694039
"1211_b","10m",6661,0.0526754840117324,0.051398154348135,0.0140219715654006,6661,0.0178509561995861,6661,0.0423021431549964,6661,0.10278485379227,6661,0.439196440454535
"1211_c","10m",6877,0.0490547245948254,0.0493255220353603,0.0107976008098886,6877,0.0165688966680891,6877,0.0392184613465278,6877,0.104166425724282,6877,0.485399071450768
"1211_d","10m",5305,0.0447440857568038,0.0426260605454445,0.0105639652246658,5305,0.0148735731901871,5305,0.0363815766321456,5305,0.0879939684630972,5305,0.391669863073024
"1212_a","10m",6678,0.0537682289102007,0.0535291694104671,0.0123499775412223,6678,0.0191012868350088,6678,0.0437784561254648,6678,0.105603868602229,6678,0.468945311821593
"1212_b","10m",6988,0.0505410173780466,0.0506388023495674,0.0102612198881697,6988,0.017787791331239,6988,0.0406386994978698,6988,0.102377878570812,6988,0.468591654997812
"1212_c","10m",6495,0.0543914318110527,0.0512123480439186,0.0170287434155834,6495,0.0218131927637056,6495,0.0455059941094907,6495,0.0968677922704699,6495,0.4027191554224
"1212_d","10m",7009,0.0483696154106282,0.0475210919976234,0.0101092674724046,7009,0.0166224311243876,7009,0.0396759297568405,7009,0.0923507232162356,7009,0.419149880822174
"1213_a","10m",8363,0.0544416280698312,0.0544864125549793,0.0117047151552601,8363,0.0198616347048273,8363,0.0445576483605211,8363,0.108835575296346,8363,0.486440740845626
"1213_b","10m",8323,0.0560424766125844,0.0566403679549694,0.0111556683388391,8323,0.0194157298077188,8323,0.0458383392480737,8323,0.105619516635331,8323,0.451876009545829
"1213_c","10m",8552,0.0558865533811036,0.055891003459692,0.0118559956330718,8552,0.0180535055630656,8552,0.0452744823078406,8552,0.104699014413418,8552,0.450815472058007
"1213_d","10m",8393,0.062799081152837,0.0596496015787125,0.0187341842845058,8393,0.0203302605960838,8393,0.0503987345260883,8393,0.114420253860213,8393,0.472852635858746
"1214_a","10m",8721,0.0625347525610531,0.0627123042941093,0.0135449263400769,8721,0.0181822731787747,8721,0.050050320489615,8721,0.117460458728721,8721,0.49556751231361
"1214_b","10m",8840,0.0642247095754648,0.0650712251663208,0.0150781284097541,8840,0.020187141306544,8840,0.0518641246602682,8840,0.120255171370328,8840,0.502491081731916
"1214_c","10m",9102,0.0655410842523077,0.0655518658459187,0.0124046325295433,9102,0.0214145119680186,9102,0.0532100672206133,9102,0.122699329203086,9102,0.514156642372578
"1214_d","10m",9264,0.0662066378947975,0.0667073614895344,0.0129959373601951,9264,0.0248743644139587,9264,0.054839441588174,9264,0.124318154266271,9264,0.534939289593913
"1215_a","10m",9259,0.0647005326967461,0.0642880201339722,0.0151704687915023,9259,0.0231063392627409,9259,0.0535818724478549,9259,0.112996964689573,9259,0.473626706223741
"1215_b","10m",4679,0.0661884122712251,0.0643070861697197,0.0180276173794491,4679,0.0281405158135961,4679,0.0560227587383451,4679,0.118603056920147,4679,0.494894148276573
"1215_c","10m",1156,0.0651285574726348,0.063316635787487,0.0174559303183354,1156,0.0285296929658773,1156,0.0555673330064469,1156,0.11282842999348,1156,0.474804644746558
"1215_d","10m",6190,0.0663942815750982,0.0658546052873135,0.0159448538643718,6190,0.0241601976207263,6190,0.0550791768821422,6190,0.114017422932634,6190,0.475276524137651
"1216_a","10m",63,0.0661363120944727,0.0645849034190178,0.00940130042148069,63,0.025053732619478,63,0.0552890722865826,63,0.113238531167099,63,0.470935662795627
"1216_b","10m",3,0.0340274112919966,0.0333063267171383,0.00258709582993565,3,0.010120601117335,3,0.0268738477136053,3,0.0725298998280405,3,0.319270626405875
"1216_c","10m",2280,0.0399214757344963,0.0393608324229717,0.00611704115619097,2280,0.0118815330746738,2280,0.0323849634893232,2280,0.0760103570058245,2280,0.328728695397102
"1216_d","10m",0,NA,NA,NA,0,NA,0,NA,0,NA,0,NA
"1217_a","10m",2656,0.0412239174145352,0.0394175071269274,0.00821223430455052,2656,0.0149202131770425,2656,0.0345770240312109,2656,0.0674960576121096,2656,0.269571815421378
"1217_b","10m",3917,0.0410283009683581,0.0392871424555779,0.00826983950455661,3917,0.0138004427138717,3917,0.0337336207308976,3917,0.0717651469431835,3917,0.298598609902808
"1217_c","10m",1679,0.0375518322228374,0.0363003350794315,0.00542017953558529,1679,0.013046347669272,1679,0.0309868979835223,1679,0.0629298989075628,1679,0.258625166667233
"1217_d","10m",1564,0.0401901591097569,0.0390224009752274,0.00702349752540596,1564,0.0156686293711803,1564,0.0341429417076016,1564,0.0621084475599577,1564,0.246326747884274
"1218_a","10m",3006,0.0405807162790559,0.0390156041830778,0.00777433422122847,3006,0.0119150043196513,3006,0.0326215882856036,3006,0.0734769382402381,3006,0.309979379366921
"1218_b","10m",3704,0.0361945521449529,0.0355189088732004,0.00390259184329991,3704,0.0112239943822091,3704,0.0292356607478471,3704,0.0662043130074133,3704,0.286535155680946
"1218_c","10m",4838,0.042023595008243,0.040363946929574,0.00816743467068746,4838,0.0140202245928702,4838,0.0337052656316609,4838,0.0828346773887219,4838,0.364313336471793
"1218_d","10m",2395,0.0422640801137138,0.0417554974555969,0.00734169357773688,2395,0.0130189719607756,2395,0.0341140379105402,2395,0.0784217260510907,2395,0.333140558752159
"1219_a","10m",0,NA,NA,NA,0,NA,0,NA,0,NA,0,NA
"1219_b","10m",2148,0.0396089828373722,0.038986274972558,0.00578696844232712,2148,0.0149238383029498,2148,0.032500725938224,2148,0.0785394627546044,2148,0.33650699501049
"122_a","10m",8493,0.0649757720323877,0.0647738426923752,0.0163629434295275,8493,0.0201353594690159,8493,0.050932362009614,8493,0.128114518461469,8493,0.568987346700381
"122_b","10m",7225,0.0501553169679167,0.0509591698646545,0.00994750213152334,7225,0.0204817840182829,7225,0.0409748406194379,7225,0.11295698164552,7225,0.534903428303535
"122_c","10m",7643,0.0529398535930637,0.0536698326468468,0.0105418966664114,7643,0.0216160411808308,7643,0.0429874534599764,7643,0.118559787292602,7643,0.560155755351324
"122_d","10m",7767,0.0534284445967367,0.0506482794880867,0.0145210379574286,7767,0.0202344791033573,7767,0.0434950096751876,7767,0.112288439452118,7767,0.528444370663241
"1220_c","10m",2327,0.0498003255372581,0.0493632592260838,0.0106819714573824,2327,0.0194942956881135,2327,0.0407369319264966,2327,0.10550697000816,2327,0.519989734074052
"1221_a","10m",2998,0.0720697005115961,0.0737530924379826,0.0182759416405196,2998,0.0223725618106027,2998,0.0561050200440081,2998,0.136440874204184,2998,0.576324518440444
"1221_b","10m",6725,0.0551381633339318,0.055146612226963,0.0139986016403841,6725,0.0203386183348105,6725,0.0446647163854929,6725,0.11080832018081,6725,0.512546803913396
"1221_c","10m",8361,0.0611128173193754,0.0591657236218452,0.0171794225225071,8361,0.0206932377555201,8361,0.0486679774321604,8361,0.116784805345614,8361,0.520305796807184
"1221_d","10m",7339,0.0637602172441713,0.0625734478235245,0.0180988592794223,7339,0.0206329115798905,7339,0.050336570668266,7339,0.120254453045154,7339,0.521369084744533
"1222_a","10m",7682,0.0504546580909887,0.050220238044858,0.0107821985671236,7682,0.0175271515621059,7682,0.0409913099593778,7682,0.103161831711368,7682,0.489477346633789
"1222_b","10m",5467,0.0521631857541425,0.0517809316515923,0.0125483172752904,5467,0.0206554655675863,5467,0.0426981220767116,5467,0.105605867102832,5467,0.49647852629276
"1222_c","10m",7670,0.0569120794704677,0.0550702232867479,0.0155760819121332,7670,0.0189094880802764,7670,0.0449948221233372,7670,0.1128927445378,7670,0.531714577322853
"1222_d","10m",5632,0.0510476236932763,0.0505991466343403,0.011976003203843,5632,0.0172692861083168,5632,0.0410024273446947,5632,0.104133817640724,5632,0.492730611634721
"1223_a","10m",7362,0.0473915783676282,0.0474162511527538,0.0091102325424026,7362,0.0172134713490407,7362,0.0388945383150044,7362,0.0944113003608029,7362,0.432425725896582
"1223_b","10m",6482,0.0439071725422918,0.0427067335695028,0.00888192115152932,6482,0.0158009685408673,6482,0.0360418933270039,6482,0.0913720120120031,6482,0.439223215200032
"1223_c","10m",7304,0.0530892092890646,0.0531752873212099,0.0118831324473384,7304,0.0204552726274615,7304,0.043388289030499,7304,0.113707065590571,7304,0.540480552706153
"1223_d","10m",8022,0.0571033200957262,0.0572297275066376,0.01358823547847,8022,0.0193075844927797,8022,0.0457925647520811,8022,0.116578049404001,8022,0.527439761330153
"1224_a","10m",6662,0.0507132317420711,0.0486606042832136,0.0132948767612792,6662,0.0171366778950172,6662,0.0407256267815318,6662,0.10605959127087,6662,0.499047979656948
"1224_b","10m",8095,0.0574966716706072,0.0559558644890785,0.0146532403376413,8095,0.0215894166153712,8095,0.0468106246664055,8095,0.118001675786985,8095,0.553212124433615
"1224_c","10m",6681,0.0520647598067799,0.0506817549467087,0.0132249296025026,6681,0.0148554295183413,6681,0.0413310604262087,6681,0.111583889508707,6681,0.531186607906988
"1224_d","10m",6472,0.0467932528064429,0.0446544326841831,0.0120349755671189,6472,0.016224579975092,6472,0.0380001027877942,6472,0.1010102521956,6472,0.486972369110679
"123_a","10m",6926,0.0570028004035625,0.0589209254831076,0.0125134799880556,6926,0.0234305304133207,6926,0.0468309449845785,6926,0.115694196897439,6926,0.532292979874293
"123_b","10m",7999,0.0653556165037296,0.0632154420018196,0.0211140842109691,7999,0.0215407489511239,7999,0.0514041997063918,7999,0.124684522797617,7999,0.528752152627791
"123_c","10m",6996,0.0547991367581467,0.0529531948268414,0.0148084516002399,6996,0.0186444788604385,6996,0.0439414795140518,6996,0.106260800885602,6996,0.467773645328855
"123_d","10m",7687,0.0519654772220042,0.0519509203732014,0.010501003529514,7687,0.0188059444450361,7687,0.0416109239259619,7687,0.108974795998843,7687,0.504256095340953
"124_a","10m",7899,0.0554924161508368,0.0561810098588467,0.0118773472876582,7899,0.021046568982074,7899,0.0450993056056343,7899,0.111987647122687,7899,0.493663368150747
"124_b","10m",6641,0.0506302972038527,0.0478740520775318,0.0137297334769198,6641,0.0184218390297771,6641,0.0409788894259603,6641,0.106844752618044,6641,0.497297277052374
"124_c","10m",6848,0.0507712481131616,0.0490309651941061,0.0132261748232974,6848,0.0173897343655043,6848,0.0406154959000827,6848,0.104398999346223,6848,0.483417445617917
"124_d","10m",6386,0.0508300765859989,0.0493923835456371,0.0125051903559993,6386,0.0192613367327163,6386,0.0410669818695552,6386,0.107063617048371,6386,0.486092244568901
"13_a","10m",7947,0.056676691646471,0.0578686445951462,0.0120182430623137,7947,0.0212288783392493,7947,0.0452656320161424,7947,0.119899758359827,7947,0.513214347328448
"13_b","10m",8008,0.0573701578916723,0.0571952741593122,0.0133720202756661,8008,0.0209824585333644,8008,0.0459034880435315,8008,0.111257200874637,8008,0.480034014480626
"13_c","10m",8066,0.0586432409737173,0.059489706531167,0.0127993984884094,8066,0.019284851640624,8066,0.0459704601876411,8066,0.11984028196487,8066,0.521241180769972
"13_d","10m",7178,0.0552051425261455,0.0561561975628138,0.0114996588693351,7178,0.0193381741298936,7178,0.0435778629756984,7178,0.115917107260584,7178,0.509409517780607
"1300_a","10m",7307,0.054034164539916,0.0529580339789391,0.0141424925420409,7307,0.0181152809483668,7307,0.0430675085343247,7307,0.0988098013996363,7307,0.421806630172244
"1300_b","10m",6918,0.054443261915687,0.0547306705266237,0.0130880251189192,6918,0.0199712600032037,6918,0.0438819813678864,6918,0.101628680388886,6918,0.439179638465056
"1300_c","10m",6481,0.0540993567636615,0.0530118606984615,0.0141716984157685,6481,0.0200739546123191,6481,0.0436228046869398,6481,0.103059400640177,6481,0.455145865271621
"1300_d","10m",6545,0.0503725069143146,0.0484452918171883,0.0129935921336019,6545,0.0164829980135666,6545,0.0400626595599899,6545,0.0977402406878362,6545,0.43166592984547
"1301_a","10m",5629,0.0519974898132645,0.0497608743607998,0.0142937112166545,5629,0.0165204871135858,5629,0.0409884997598504,5629,0.10062757318577,5629,0.437580147850739
"1301_b","10m",7611,0.0562743222008842,0.0559681840240955,0.0148716864259798,7611,0.0201493351412715,7611,0.0451339340684952,7611,0.105547443581911,7611,0.459348246873447
"1301_c","10m",7184,0.055829766529243,0.0528576374053955,0.0170286274009564,7184,0.020758522611898,7184,0.0454960759028766,7184,0.100674380801171,7184,0.427655146371237
"1301_d","10m",6294,0.0493020372838729,0.0476175751537085,0.0122997669304181,6294,0.0181084993145248,6294,0.0401649508645816,6294,0.0973028283029641,6294,0.424459374893846
"1302_a","10m",6333,0.0516954511286391,0.0509826242923737,0.0128063600428179,6333,0.0188737311519427,6333,0.0419474714101289,6333,0.0951256323970029,6333,0.410753599041454
"1302_b","10m",7402,0.0562108204609714,0.0556263048201799,0.0148599116502706,7402,0.0177783667048576,7402,0.0451779936943445,7402,0.0992898715872003,7402,0.4172379590245
"1302_c","10m",7231,0.0501110136916967,0.0488738045096397,0.0120396001617113,7231,0.0172080869434714,7231,0.0404021513211824,7231,0.0945927257714796,7231,0.402869859083512
"1302_d","10m",6777,0.0506436436410822,0.0494064167141914,0.0122703042022378,6777,0.0153345828882236,6777,0.0393950301502701,6777,0.0946195265673076,6777,0.402870603892125
"1303_a","10m",6546,0.0474977381018085,0.0474861096590757,0.00944835042058759,6546,0.0150772296691974,6546,0.037494148924624,6546,0.0927311561273221,6546,0.41179873644279
"1303_b","10m",6956,0.0556428545034668,0.0541042108088732,0.0151834160668362,6956,0.0183166295108382,6956,0.0437189039595996,6956,0.109261529390564,6956,0.455136634199663
"1303_c","10m",7660,0.0555872008637294,0.0552413500845432,0.0143533934448083,7660,0.0194800799673767,7660,0.0444527250815861,7660,0.110365559051823,7660,0.473869493324825
"1303_d","10m",6527,0.0481110353408641,0.0486908778548241,0.00914750979513465,6527,0.0172882495012035,6527,0.0390870480960197,6527,0.0967422057069523,6527,0.430327504988716
"1304_a","10m",6161,0.0486174117337814,0.0488513521850109,0.00935075275150467,6161,0.0169826932117421,6161,0.0390059221246442,6161,0.0979422236228354,6161,0.423450812991903
"1304_b","10m",8073,0.0519158913183228,0.0523740611970425,0.00998655345426034,8073,0.0184816254234039,8073,0.041751594536328,8073,0.10290090027546,8073,0.446935723779967
"1304_c","10m",8232,0.0573434822242779,0.0580328125506639,0.0131326526983462,8232,0.0178034484129742,8232,0.0451177364040963,8232,0.106810181237773,8232,0.46724639858388
"1304_d","10m",7515,0.0507561180465474,0.0501502864062786,0.0113918074836285,7515,0.0170344643777168,7515,0.0405813700409294,7515,0.100545422062143,7515,0.452167811812874
"1305_a","10m",8546,0.0508389134398535,0.0514794830232859,0.00874168443267275,8546,0.0187286514540688,8546,0.0414325674341494,8546,0.105605844417411,8546,0.474404238665425
"1305_b","10m",8327,0.0558518445399095,0.0557668246328831,0.011880430332857,8327,0.0197634058424141,8327,0.0453053177900218,8327,0.105714147976304,8327,0.454614651099561
"1305_c","10m",8027,0.0525204422697471,0.0515271127223969,0.013280489161518,8027,0.0197298765495011,8027,0.0432073340467337,8027,0.0966850488162578,8027,0.408165968006881
"1305_d","10m",6533,0.052343684030372,0.0524451099336147,0.0124523559117357,6533,0.0170890120933787,6533,0.0417971736680422,6533,0.0995120786008082,6533,0.425206194572857
"1306_a","10m",6059,0.0470636755770328,0.0460302159190178,0.0104214398324517,6059,0.0157206758339594,6059,0.0375828088700114,6059,0.0962965074396679,6059,0.424489100657196
"1306_b","10m",6770,0.0442080539124337,0.0428656544536352,0.0091253389909445,6770,0.0151015973891806,6770,0.0356431201427265,6770,0.0843640452200494,6770,0.366182128350945
"1306_c","10m",4846,0.0468250022258639,0.0461099594831467,0.00990741307398912,4846,0.0154040209918716,4846,0.0371040777476189,4846,0.0916478981567379,4846,0.388988193987392
"1306_d","10m",5446,0.0458642301524863,0.0448827985674143,0.00970128504969812,5446,0.0157204098672699,5446,0.0369636316626494,5446,0.092378809959122,5446,0.416038451415572
"1307_a","10m",6569,0.0512525235156859,0.049522265791893,0.0128803566025765,6569,0.0171878433106787,6569,0.041488376074637,6569,0.0999341249123206,6569,0.449951051335336
"1307_b","10m",6194,0.0460581056891544,0.0448021572083235,0.0101230397605892,6194,0.0159688920389804,6194,0.0374839773635297,6194,0.0932118134992609,6194,0.424497070399804
"1307_c","10m",5895,0.0519728151302503,0.051775299012661,0.0133492841599928,5895,0.0171518677759934,5895,0.0418557175423051,5895,0.102020947674697,5895,0.451550434326574
"1307_d","10m",6233,0.0509480897163276,0.0505380108952522,0.0116027939066205,6233,0.0173622403963291,6233,0.0411050607697081,6233,0.0972757105600308,6233,0.432976106793721
"1308_a","10m",6666,0.0530172142261925,0.0524413883686066,0.0134047861412112,6666,0.0179563039485726,6666,0.0424304152502578,6666,0.103098334475989,6666,0.455371085880238
"1308_b","10m",5872,0.055670909721554,0.0548501741141081,0.0151481849715324,5872,0.0166093222501649,5872,0.0445996037531872,5872,0.101224585948032,5872,0.432076364544459
"1308_c","10m",7253,0.0549025449390253,0.0549005270004272,0.0134747626527209,7253,0.0201840115040847,7253,0.0445024815524739,7253,0.107664646946597,7253,0.468526878317714
"1308_d","10m",6378,0.051750061292915,0.0501448102295399,0.0129564862205413,6378,0.018167609202507,6378,0.0416009027388391,6378,0.105039885392977,6378,0.459233108585407
"1309_a","10m",6410,0.047895545397657,0.0466934368014336,0.0116161173946698,6410,0.0167642603471583,6410,0.0385710476539719,6410,0.0979150471906371,6410,0.440859687561248
"1309_b","10m",7283,0.0566266493222964,0.0550147704780102,0.0161023604219185,7283,0.0177464708733118,7283,0.0450923623204425,7283,0.103494301641938,7283,0.445107686336872
"1309_c","10m",6588,0.0537073141380661,0.0525875482708216,0.0136876814785219,6588,0.0198221858622413,6588,0.0435213597383299,6588,0.10302216153738,6588,0.450698049876954
"1309_d","10m",6288,0.0555214304873914,0.0538263525813818,0.0157972614541798,6288,0.0163366912384943,6288,0.0438144126335198,6288,0.105847961202028,6288,0.46734850149341
"1310_a","10m",7512,0.0558622656558681,0.0569923669099808,0.0131386512938083,7512,0.0171839719721059,7512,0.0438986128118829,7512,0.10955337450744,7512,0.485626430952122
"1310_b","10m",8333,0.0644077338288576,0.0640614032745361,0.0179622177178339,8333,0.0179803376117785,8333,0.0499897434167933,8333,0.115531368762266,8333,0.483009456772468
"1310_c","10m",7407,0.0597655609430122,0.0582156144082546,0.0181829512799104,7407,0.0190706464905814,7407,0.0475014003366455,7407,0.106487164707633,7407,0.437133627568555
"1310_d","10m",8205,0.0637576881705316,0.0623759329319,0.0187138297667323,8205,0.0182363402215014,8205,0.0500813073656277,8205,0.113203285036337,8205,0.464754916283577
"1311_a","10m",8211,0.0527207958302741,0.0525667555630207,0.011387856086763,8211,0.0182329771836173,8211,0.0426303034075493,8211,0.101498702523365,8211,0.432989322718697
"1311_b","10m",6338,0.0473119155126167,0.0456200651824474,0.0115262553092714,6338,0.0154256046413104,6338,0.0382638040435298,6338,0.0878730042456713,6338,0.377007596280041
"1311_c","10m",6739,0.048834615736804,0.0468330979347229,0.0125282744261321,6739,0.0159268961732498,6739,0.0392731914898583,6739,0.0956407114886943,6739,0.412738883657134
"1311_d","10m",6387,0.0500092010875674,0.0485292635858059,0.0127211085793853,6387,0.0174460223760551,6387,0.0405883848569011,6387,0.096500484686025,6387,0.414718822415505
"1312_a","10m",6034,0.0517259437450691,0.0514153111726046,0.0123908937330858,6034,0.0168953662696033,6034,0.0414350336435239,6034,0.102389352786634,6034,0.449080228939551
"1312_b","10m",7522,0.0606146740594151,0.061309602111578,0.0154761110674353,7522,0.018736659328975,7522,0.047999575192845,7522,0.116926369056196,7522,0.495485647250699
"1312_c","10m",4943,0.0531066895125126,0.0526260547339916,0.013207896068275,4943,0.0174101419878932,4943,0.0428851639901534,4943,0.100601736784841,4943,0.430165909474213
"1312_d","10m",6561,0.0491543777032635,0.0486662574112415,0.0107165067748613,6561,0.0164813370119986,6561,0.0398549753964812,6561,0.0967515749379196,6561,0.424404833324616
"1313_a","10m",7918,0.0524143787622207,0.0516395810991526,0.0124601456708356,7918,0.0170640745599867,7918,0.0426848437331444,7918,0.103573700712338,7918,0.463518421726415
"1313_b","10m",7509,0.0503554368057503,0.0502139925956726,0.0107906739911183,7509,0.017380066764986,7509,0.0411790307797392,7509,0.101025585929819,7509,0.454195297314877
"1313_c","10m",8324,0.0687152130615659,0.0691563077270985,0.0196709288328115,8324,0.0212419409240599,8324,0.0548232723143076,8324,0.119842035490119,8324,0.475316442033828
"1313_d","10m",6968,0.0548950170456024,0.0531385876238346,0.0153163362519887,6968,0.0186393813630088,6968,0.0449834529347927,6968,0.101106508026503,6968,0.441339818355312
"1314_a","10m",7818,0.0588932332555849,0.0586998704820871,0.0149788094186906,7818,0.0212157639634909,7818,0.0485921545039849,7818,0.108826006694214,7818,0.475129267638008
"1314_b","10m",8392,0.060394334652327,0.0601780191063881,0.0150528954294703,8392,0.0212091031275138,8392,0.0497272241526412,8392,0.10803002705404,8392,0.450409003277411
"1314_c","10m",8029,0.0618850668306026,0.0626882463693619,0.0145024754395253,8029,0.0219978171239712,8029,0.0510916641527324,8029,0.114661526607192,8029,0.49003758109823
"1314_d","10m",8397,0.0607181306104547,0.0617158859968185,0.0140986851677053,8397,0.0211687424157566,8397,0.0497370994649653,8397,0.113055084510967,8397,0.496781532192824
"1315_a","10m",8283,0.0609212292498377,0.0611258409917355,0.0147038138395849,8283,0.0238579126337927,8283,0.0508807015173783,8283,0.109625949785806,8283,0.471788579992546
"1315_b","10m",9077,0.0626681238559373,0.061621505767107,0.0143223112001741,9077,0.0235657466067975,9077,0.0520116751827047,9077,0.113767398515693,9077,0.484045978590421
"1315_c","10m",8444,0.0626365514019922,0.0619221571832895,0.0158960379435442,8444,0.0220626596214842,8444,0.0516361497161106,8444,0.112153089243696,8444,0.470817191523629
"1315_d","10m",8314,0.0631275894046403,0.0631751976907253,0.0152506841664255,8314,0.0202242994851866,8314,0.0513426268928239,8314,0.113040844327257,8314,0.470846917340198
"1316_a","10m",8443,0.0663976039208872,0.0671857669949532,0.015427386979353,8443,0.0241048128985873,8443,0.0547384239369647,8443,0.117169646274331,8443,0.481809122926303
"1316_b","10m",4972,0.0643853908936678,0.0647541806101799,0.0160575615807751,4972,0.0220969915206031,4972,0.0527008253823294,4972,0.115522291430961,4972,0.486861367141041
"1316_c","10m",1056,0.072804942497786,0.0737934745848179,0.0127999156607046,1056,0.0204448542102579,1056,0.0570927526666007,1056,0.131973944369463,1056,0.534819151669684
"1316_d","10m",6691,0.0721713457063916,0.072767086327076,0.0212164675521874,6691,0.021004425496164,6691,0.0568292089223445,6691,0.124274709902323,6691,0.490102807012763
"1317_a","10m",4095,0.0616467582541762,0.0620940588414669,0.0127145983045033,4095,0.0224767963344737,4095,0.051076365903734,4095,0.111740923199766,4095,0.480151002653716
"1317_b","10m",92,0.0376924533073021,0.037819679826498,0.00445863536103835,92,0.0143597863889007,92,0.0321000382030869,92,0.0546307179854519,92,0.205777475056441
"1317_c","10m",1245,0.0390996601447523,0.0373636297881603,0.00669509199999176,1245,0.0149723403889724,1245,0.0331606727897078,1245,0.0589294773981506,1245,0.228823181085674
"1317_d","10m",1396,0.0715580115649839,0.0721224471926689,0.0142601922536244,1396,0.0270568229233895,1396,0.0597175555167883,1396,0.117889016538273,1396,0.477639491072827
"1318_a","10m",3,0.031168461466829,0.030938072130084,0.000573328389814649,3,0.0101206441306406,3,0.0254999267247816,3,0.0490990483369201,3,0.195118360966444
"1318_b","10m",1790,0.0391976880169781,0.0382963996380568,0.00585916493578403,1790,0.0122068943763077,1790,0.0316363891453987,1790,0.0715048357356979,1790,0.302370307309725
"1318_c","10m",227,0.043975956007707,0.0441281832754612,0.00768894112993539,227,0.0136207275350619,227,0.035520150334984,227,0.0778597867347821,227,0.326515051909283
"1321_c","10m",1509,0.0579663525731102,0.0581898801028728,0.0157451745439101,1509,0.0200426700833849,1509,0.0460685886206635,1509,0.117909571126281,1509,0.534645701634757
"1322_a","10m",400,0.0494330212613568,0.0484350491315126,0.0113583226144789,400,0.0175603206926543,400,0.0393654843023978,400,0.103608680595196,400,0.497364849171788
"1322_b","10m",5459,0.0501549459490901,0.0496734194457531,0.011478538914954,5459,0.0164998717869384,5459,0.0401439952875235,5459,0.102818615100649,5459,0.490954462254925
"1322_c","10m",6365,0.0533699086107144,0.0523976199328899,0.0139789001308048,6365,0.0182438824128025,6365,0.0429046315334373,6365,0.110229239220232,6365,0.512605621512479
"1322_d","10m",4318,0.052881216047562,0.0515034180134535,0.0138665935997156,4318,0.0180265068378364,4318,0.0423128712858215,4318,0.106316076169505,4318,0.502559860897194
"1323_a","10m",6575,0.0503037930217646,0.0499227680265903,0.0116464057062961,6575,0.0194573862910944,6575,0.0411215023410399,6575,0.104355848808336,6575,0.503811182100397
"1323_b","10m",5932,0.0523466927898057,0.0521311741322279,0.0116062893993387,5932,0.0190412168277887,5932,0.0424599681129453,5932,0.107553222494595,5932,0.500414929039204
"1323_c","10m",7884,0.0540766732333458,0.0545528829097748,0.012023262149723,7884,0.0204741608813508,7884,0.0438166050071694,7884,0.115764602489946,7884,0.538588337002011
"1323_d","10m",8371,0.0538857237348764,0.0536420978605747,0.0115097943496324,8371,0.0196148402784497,8371,0.043611104715774,8371,0.109862787933863,8371,0.523578548088426
"1324_a","10m",7660,0.0516479309067111,0.0511047895997763,0.0117367127257875,7660,0.02106470553567,7660,0.0429959098445543,7660,0.098951234171134,7660,0.452181283109941
"1324_b","10m",6973,0.0491075082936507,0.0493264682590961,0.00927863032173368,6973,0.0199790756127284,6973,0.0406175705424749,6973,0.105107202539345,6973,0.514115104969683
"1324_c","10m",6381,0.0467033971552331,0.0459977351129055,0.00985414826083361,6381,0.0194259072034803,6381,0.0391572072227242,6381,0.091266866824164,6381,0.416987378881155
"1324_d","10m",5916,0.0504511312252267,0.0493195280432701,0.0125976151461476,5916,0.0190956476515227,5916,0.0414538046614513,5916,0.0980936806437803,5916,0.444167856136671
"14_a","10m",7629,0.0598013786163715,0.0611413791775703,0.0140676099616068,7629,0.0202453476267166,7629,0.0469379516268406,7629,0.119632268817076,7629,0.504318593862042
"14_b","10m",6476,0.0606331980572651,0.0617326982319355,0.0142873668337711,6476,0.0201749259423012,6476,0.0476886372560088,6476,0.119042026191279,6476,0.498475839164525
"14_c","10m",8116,0.0586909782529307,0.0581441577523947,0.0149114355563569,8116,0.0193370422638191,8116,0.0467132942080557,8116,0.113838695568187,8116,0.48400957997075
"14_d","10m",8253,0.0567012225553857,0.0567271895706654,0.0128443117681467,8253,0.0196941292294761,8253,0.0453223951343687,8253,0.107785653971877,8253,0.454847319846072
"1400_a","10m",6408,0.0553856282056043,0.0539853908121586,0.0154781006449457,6408,0.0170877918547326,6408,0.0436411149766209,6408,0.103374004206096,6408,0.454859533493771
"1400_b","10m",6806,0.0552704375614353,0.0538562219589949,0.0150974124629903,6806,0.017521642345124,6806,0.0436982708910853,6806,0.100857428050213,6806,0.432086638513884
"1400_c","10m",6570,0.060482739150252,0.0551600996404886,0.0216004722252027,6570,0.0166912399145445,6570,0.0467204898952422,6570,0.105112606793816,6570,0.43160326204069
"1400_d","10m",6284,0.0513320767363969,0.0501745641231537,0.0130986702906052,6284,0.0143072093149191,6284,0.0400512606442926,6284,0.0989549061720213,6284,0.450668891628624
"1401_a","10m",4556,0.0500903248985619,0.0485094301402569,0.0132088286162399,4556,0.0153097545418124,4556,0.0396226326562648,4556,0.09352595254553,4556,0.403532580533625
"1401_b","10m",3804,0.047967987347073,0.0451343078166246,0.0128920476561311,3804,0.0147186145543328,3804,0.0381224327024693,3804,0.0912078717655182,3804,0.393411902199753
"1401_c","10m",5208,0.0545638377185247,0.0544616393744946,0.0136244263954666,5208,0.0220395534953894,5208,0.0449124992404366,5208,0.097293047680771,5208,0.405796637497177
"1401_d","10m",7198,0.0516392699424431,0.0517101306468248,0.0111432598767257,7198,0.0195525125792464,7198,0.042013497485885,7198,0.101745798924025,7198,0.460908764705174
"1402_a","10m",5031,0.0495332743768171,0.0484536662697792,0.0118210246171792,5031,0.0171975671613613,5031,0.0395809432466564,5031,0.0948406967187552,5031,0.423557765403397
"1402_b","10m",6315,0.0524838499332574,0.0514306165277958,0.0135761859347719,6315,0.0205397600227603,6315,0.0429491948489951,6315,0.0942540306595027,6315,0.400917268916268
"1402_c","10m",7717,0.0521163119750697,0.0519194826483727,0.0122297294487262,7717,0.0166085463643927,7717,0.0410060909012928,7717,0.0991016090539922,7717,0.429434464032073
"1402_d","10m",8446,0.0556667486916704,0.0557582061737776,0.0127691335818394,8446,0.0176936470919555,8446,0.0438719534960693,8446,0.106338666002422,8446,0.461930391818476
"1403_a","10m",7784,0.0553370247420808,0.0542922839522362,0.0144383238485456,7784,0.017027133971443,7784,0.0428245034222619,7784,0.105629698914889,7784,0.442527778822094
"1403_b","10m",6573,0.0484509488294817,0.0473705343902111,0.0111897253087229,6573,0.0147268473656723,6573,0.038005019502662,6573,0.0941295165749549,6573,0.416268729890307
"1403_c","10m",6557,0.0486738313457052,0.0478975623846054,0.0108847549175678,6557,0.0151579360407209,6557,0.0383678033038962,6557,0.0973101475673772,6557,0.432698111400004
"1403_d","10m",6423,0.0472361757741174,0.0461093261837959,0.0103412850019567,6423,0.015232939767369,6423,0.0375780110411985,6423,0.0952429307643849,6423,0.435915974151182
"1404_a","10m",6452,0.0545964181721696,0.0537834875285625,0.0146467868919953,6452,0.0176037905977838,6452,0.0428438029756607,6452,0.102939769119,6452,0.431384619862934
"1404_b","10m",6752,0.049764693889853,0.0495198126882315,0.0104469958765617,6752,0.016743331772214,6752,0.0393618263079442,6752,0.100125702211456,6752,0.431008284617352
"1404_c","10m",6354,0.0491714950473284,0.0484804157167673,0.0112793045743196,6354,0.016857983631875,6354,0.0395336125900931,6354,0.0962039802064847,6354,0.421471152207587
"1404_d","10m",7674,0.0548311219375181,0.0555736292153597,0.0116206104456791,7674,0.0185971457748015,7674,0.044115735954138,7674,0.104501986106369,7674,0.451001651472887
"1405_a","10m",7894,0.0592426249961748,0.0601907875388861,0.0141250983840365,7894,0.0213134513942736,7894,0.0478786957712157,7894,0.107160266951248,7894,0.443673705516186
"1405_b","10m",7463,0.0533922177552378,0.0537388436496258,0.0113530310542203,7463,0.0175775020755151,7463,0.0428905472187036,7463,0.108712469666025,7463,0.479039683859258
"1405_c","10m",6249,0.0532605205003067,0.0540804415941238,0.011718223949447,6249,0.0177969165386944,6249,0.0426166846265279,6249,0.10498360854745,6249,0.453529743865099
"1405_d","10m",7130,0.0573701300231157,0.0579803623259068,0.0131465082107634,7130,0.0201056324312856,7130,0.0459946434584076,7130,0.106657749511349,7130,0.449679076589111
"1406_a","10m",6474,0.0560702159350573,0.0571107622236013,0.0150624827977281,6474,0.0210483648365718,6474,0.0459103472882569,6474,0.102486459718,6474,0.439818398605102
"1406_b","10m",5930,0.0435395162197656,0.0420776065438986,0.00926093356070312,5930,0.0136133625075404,5930,0.0344647673512395,5930,0.0941387877485042,5930,0.414796784205579
"1406_c","10m",5893,0.0509630008437082,0.0462281852960587,0.0170118223321062,5893,0.0161417203619415,5893,0.0404949352308178,5893,0.100175006952811,5893,0.440876549232948
"1406_d","10m",2960,0.0431426037449037,0.040941696614027,0.00976755774769167,2960,0.0154843832667345,2960,0.0353510869983368,2960,0.0843080770776882,2960,0.389347492629285
"1407_a","10m",4934,0.0499973161411058,0.0485583413392305,0.0129481342023064,4934,0.0173295598494491,4934,0.0402587122262493,4934,0.0988421202266458,4934,0.431922206026866
"1407_b","10m",6247,0.0539083157640534,0.0507821701467037,0.0168281575634479,6247,0.0180289341365358,6247,0.0432434532394155,6247,0.106152665259234,6247,0.463287870672291
"1407_c","10m",6520,0.0535691238005583,0.0529614314436913,0.0136040068363887,6520,0.0186788345178022,6520,0.0431480509938311,6520,0.105232528016584,6520,0.452917356950419
"1407_d","10m",7480,0.0555696942512305,0.0546607468277216,0.0145067263587897,7480,0.0184228436245411,7480,0.0444393895751625,7480,0.106881223406721,7480,0.468584659683244
"1408_a","10m",5622,0.0529308603153465,0.0526437126100063,0.0129746641194242,5622,0.0189868483935168,5622,0.0427816826586072,5622,0.101850105740062,5622,0.444091317344501
"1408_b","10m",7553,0.055939064381747,0.0564932972192764,0.0133458792724704,7553,0.0186918620575503,7553,0.0446674293318429,7553,0.107998447276738,7553,0.474011419908102
"1408_c","10m",6425,0.0554642158848186,0.0539442971348763,0.0149453482008411,6425,0.0177903062353934,6425,0.0438931067422935,6425,0.105437073311095,6425,0.453150791514894
"1408_d","10m",6445,0.0523629629003322,0.0522390156984329,0.0120879613698603,6445,0.0191605378398472,6445,0.0424676701259811,6445,0.107287398723436,6445,0.475310285740161
"1409_a","10m",5718,0.0497331989544042,0.0486051719635725,0.0125864837361372,5718,0.0174886965331516,5718,0.040339274385304,5718,0.10078997402037,5718,0.44379539348258
"1409_b","10m",6308,0.0493808299806217,0.0494597852230072,0.0108849072359338,6308,0.0161759121130266,6308,0.0392535861790118,6308,0.101878319590678,6308,0.455756706380644
"1409_c","10m",6501,0.0590470034206208,0.0572276413440704,0.0180085375035975,6501,0.016556736614306,6501,0.0468300978649981,6501,0.100901365900862,6501,0.408258412635876
"1409_d","10m",4849,0.0575603817786063,0.0562970079481602,0.0164775585308392,4849,0.017204526255821,4849,0.0459153548978517,4849,0.106922798077311,4849,0.451988729197316
"1410_a","10m",7817,0.0586362925523841,0.0589568763971329,0.013804019159564,7817,0.017829575192745,7817,0.0460060838107909,7817,0.113934016444252,7817,0.490830363254611
"1410_b","10m",6576,0.0582555257695457,0.0587560869753361,0.0140042626001662,6576,0.0176832705108559,6576,0.0455665573476673,6576,0.112476868214961,6576,0.480074090998724
"1410_c","10m",8642,0.0597703201199255,0.0609002895653248,0.01281720690352,8642,0.0203042199971375,8642,0.0476281227599666,8642,0.115779624532969,8642,0.482655847599953
"1410_d","10m",7848,0.0566479114962269,0.0572702530771494,0.0122839562055683,7848,0.0192841542134251,7848,0.0450601420721691,7848,0.11663346778595,7848,0.515334288562163
"1411_a","10m",6734,0.0546280390220352,0.0513931047171354,0.0166229988463783,6734,0.0170713670913927,6734,0.0435022721194605,6734,0.101787653795728,6734,0.445542242242395
"1411_b","10m",7161,0.052591846667458,0.0517353564500809,0.0127755410807852,7161,0.0195527911428568,7161,0.0427720074876832,7161,0.0991367763935047,7161,0.429557528518075
"1411_c","10m",7185,0.0523370409816006,0.0498776957392693,0.0141302986591372,7185,0.0173070177113624,7185,0.0422385866196389,7185,0.099540216250425,7185,0.434482028463398
"1411_d","10m",7317,0.057448691639729,0.0571247041225433,0.0151627023058232,7317,0.0173391954778358,7317,0.046074205294464,7317,0.0990240812792592,7317,0.409710452793141
"1412_a","10m",7419,0.0522148907716857,0.0515943393111229,0.011884870804388,7419,0.0170066631353764,7419,0.0420945341838309,7419,0.101404860586112,7419,0.442781972746946
"1412_b","10m",6375,0.0470220681361708,0.0454067923128605,0.0106628687268765,6375,0.0154994240013684,6375,0.0379544524781886,6375,0.0929110786730893,6375,0.418496101041389
"1412_c","10m",4966,0.0504584210893673,0.0503094680607319,0.0115719821884319,4966,0.0153291162414772,4966,0.0404496268055209,4966,0.102595021245207,4966,0.44822562946387
"1412_d","10m",5758,0.0512945655595541,0.0499173365533352,0.0130368224991422,5758,0.0173022667273172,5758,0.0414760830999525,5758,0.0970145122523411,5758,0.413477593289922
"1413_a","10m",6573,0.0553591915025285,0.0545149333775043,0.014920087245981,6573,0.0183470481446997,6573,0.0449120224435616,6573,0.101579111647396,6573,0.433343689406542
"1413_b","10m",7847,0.0589721530758493,0.059341449290514,0.0144158946063768,7847,0.0188712078610128,7847,0.047598950593829,7847,0.109723707088098,7847,0.466408731850445
"1413_c","10m",6837,0.0558077226858382,0.0542431585490704,0.0162068533817994,6837,0.0199210268345102,6837,0.0461516533003741,6837,0.0980194616272208,6837,0.423054400128467
"1413_d","10m",6339,0.0556039779101318,0.053770724684,0.0164670218933122,6339,0.0193907524635139,6339,0.0455413848462295,6339,0.0987665189108799,6339,0.41910062122785
"1414_a","10m",6227,0.0557247823813485,0.0550748705863953,0.0147503439003783,6227,0.017946311407461,6227,0.0451680074708214,6227,0.109800819292903,6227,0.463847039309078
"1414_b","10m",6283,0.0571134437095554,0.0571460723876953,0.0153823258124303,6283,0.0193865252576869,6283,0.0467847360447368,6283,0.103032399709664,6283,0.44715293840028
"1414_c","10m",7932,0.0602359103094796,0.0608167517930269,0.0144790991904011,7932,0.0202804712343162,7932,0.0491073002314106,7932,0.11087749403513,7932,0.479808194912609
"1414_d","10m",7728,0.0572007117372616,0.0575566347688437,0.0133519626669944,7728,0.0186277270601662,7728,0.0463474740584777,7728,0.110642659168795,7728,0.480339778475618
"1415_a","10m",7524,0.0601757275099544,0.060712730512023,0.0154009972617138,7524,0.0207616166647014,7524,0.0491780961507103,7524,0.110537748549601,7524,0.476317080883859
"1415_b","10m",8154,0.0633743691523344,0.0634012445807457,0.0168961163704222,8154,0.024389631034517,8154,0.0528972242097275,8154,0.10729339145388,8154,0.439400059196697
"1415_c","10m",7996,0.064609472462586,0.0653154887259007,0.0161956456057344,7996,0.0209372085530329,7996,0.0525061573410029,7996,0.115493192830031,7996,0.486230735201146
"1415_d","10m",7649,0.0574142691405466,0.0569507777690887,0.014600103428099,7649,0.0207362061749934,7649,0.0472977949016795,7649,0.107981080132168,7649,0.479020735878526
"1416_a","10m",7980,0.0592244638013362,0.0596147831529379,0.0142423399604425,7980,0.0214843528179374,7980,0.0487691595744424,7980,0.11177009932741,7980,0.497314776975713
"1416_b","10m",7900,0.0687769707700214,0.0703447237610817,0.0167303969764884,7900,0.0240961562138858,7900,0.0565579456711865,7900,0.117434360775623,7900,0.483738934025133
"1416_c","10m",8666,0.0666336858470553,0.0667599439620972,0.0151323879206703,8666,0.0263499601211644,8666,0.0558342179777318,8666,0.117599228902507,8666,0.483884160908203
"1416_d","10m",8612,0.0659930948191831,0.0656206905841827,0.0169496807108078,8612,0.0260993126802769,8612,0.0553133340723963,8612,0.116216185706635,8612,0.493870147528742
"1417_a","10m",8438,0.0621651178089013,0.0633827783167362,0.0139746057320483,8438,0.0234410665734424,8438,0.051440742105263,8438,0.114579220821705,8438,0.49053919954466
"1417_b","10m",9086,0.0635314030058628,0.0629749521613121,0.0151186660764475,9086,0.0240345894922055,9086,0.0529461292520565,9086,0.112478212127319,9086,0.476730073764215
"1417_c","10m",7513,0.0659459283004945,0.0660702362656593,0.0169281199333525,7513,0.0251462360927511,7513,0.0547754385122315,7513,0.110771042392189,7513,0.452056406382221
"1417_d","10m",8364,0.0688843255408735,0.0694113969802856,0.0175438836716553,8364,0.0272873129969176,8364,0.0572886355271856,8364,0.115824894066824,8364,0.444812679243248
"1418_a","10m",9157,0.0638881213611129,0.0648545175790787,0.0117810602905892,9157,0.0212221095393803,9157,0.0520191748229106,9157,0.109804296991786,9157,0.443694000037482
"1418_b","10m",6716,0.0596399454828718,0.0593453459441662,0.0142054370487403,6716,0.0217003418625504,6716,0.0490660373571828,6716,0.104199401522198,6716,0.420767462356116
"1418_c","10m",540,0.0763500878138951,0.0728553459048271,0.0252932621607651,540,0.0348251261230972,540,0.064505518563141,540,0.1251488837578,540,0.399242733630041
"1418_d","10m",5117,0.0904199940610938,0.0911384448409081,0.0220514299891483,5117,0.0435054250559156,5117,0.07708485806274,5117,0.13916832848318,5117,0.393722466695176
"1419_a","10m",566,0.0587434444227667,0.0596968531608582,0.0134022025453006,566,0.0188891043679765,566,0.0479570725458594,566,0.0957500830505787,566,0.373307504127162
"1422_c","10m",1267,0.0468955769408685,0.0456065088510513,0.0106253526785895,1267,0.0168769898202287,1267,0.038013882062792,1267,0.0976080134436555,1267,0.450907920009817
"1423_a","10m",942,0.0488899352361157,0.0478366762399673,0.0114264449646043,942,0.0164937511210377,942,0.0391939596853775,942,0.102852769941487,942,0.484485552228528
"1423_b","10m",6034,0.0549819557567923,0.0538275334984064,0.0137317880828328,6034,0.0217168094628104,6034,0.0447004893573831,6034,0.11104621552098,6034,0.519715856257783
"1423_c","10m",7939,0.055461329294786,0.0549188330769539,0.0131948933015093,7939,0.0217257511796452,7939,0.0454346519499095,7939,0.110438929722756,7939,0.512378646508882
"1423_d","10m",4657,0.049859931536494,0.0495525598526001,0.0109231181778235,4657,0.0176429744737472,4657,0.0403204457394257,4657,0.104409800871975,4657,0.50267606957307
"1424_a","10m",2113,0.0521859217406913,0.0509436093270779,0.0135705104533103,2113,0.0187360996111292,2113,0.0425057373695694,2113,0.11554993433016,2113,0.566321492277639
"1424_b","10m",7185,0.0554541333695833,0.0557458065450191,0.0130007228940431,7185,0.0203759871985077,7185,0.0451749688664712,7185,0.11017230803002,7185,0.510789943579198
"1424_c","10m",472,0.0444761126349538,0.0436831787228584,0.00905979893311828,472,0.0164784568718419,472,0.0366051399489227,472,0.0913993944111918,472,0.414897130915137
"15_a","10m",8173,0.0558628495677779,0.055288553237915,0.014176335656722,8173,0.0203021774665009,8173,0.045019755285959,8173,0.108465674764308,8173,0.449326329712665
"15_b","10m",8406,0.0526988223166713,0.0513031557202339,0.0121500064351743,8406,0.0199761285110415,8406,0.0432425593147142,8406,0.104575871684641,8406,0.451932750571765
"15_c","10m",9006,0.0673710528079461,0.0678391233086586,0.0155562865779723,9006,0.0261607583118058,9006,0.0547573114383601,9006,0.122655622154991,9006,0.477159742115489
"15_d","10m",8448,0.0619506950377289,0.0633674971759319,0.0138867994241556,8448,0.0217316292578978,8448,0.0490927900770551,8448,0.120830720406948,8448,0.500382676695563
"1500_a","10m",8419,0.0659244454359942,0.0658652186393738,0.0188799210352196,8419,0.0226589125481575,8419,0.0526584439626003,8419,0.115464847730572,8419,0.480629881780127
"1500_b","10m",6476,0.0564943266571732,0.0541086196899414,0.0177274293171548,6476,0.0167885744064824,6476,0.0442589081937827,6476,0.10001873214947,6476,0.430742412755868
"1500_c","10m",6116,0.0537782996829582,0.0523600187152624,0.0149776276482364,6116,0.0165903106575197,6116,0.0422469956481997,6116,0.0977097504405804,6116,0.424976256807731
"1500_d","10m",7896,0.0616343790696407,0.0603828579187393,0.0176370900788028,7896,0.0232801160605449,7896,0.0500996308700985,7896,0.111621692406707,7896,0.455952937832902
"1501_a","10m",7942,0.0579188378413778,0.0574616640806198,0.0152875483673226,7942,0.0206253453839129,7942,0.0464085163300237,7942,0.105254794215733,7942,0.45508434876232
"1501_b","10m",6500,0.0516202483801888,0.0502323284745216,0.0126351642341744,6500,0.0166459465789346,6500,0.0408400132176006,6500,0.100081314064356,6500,0.445672592502809
"1501_c","10m",7151,0.0526874927745788,0.0520235672593117,0.0133953131184113,7151,0.0175375492663957,7151,0.0419534950147785,7151,0.102356625672874,7151,0.456167841591696
"1501_d","10m",7494,0.0592540028170228,0.0603435225784779,0.0146879041682041,7494,0.0205245519370257,7494,0.0470895463886642,7494,0.104562898981067,7494,0.449319708387427
"1502_a","10m",6159,0.0570169608271254,0.0564418770372868,0.0154903094693637,6159,0.0166423050220476,6159,0.044479196305248,6159,0.106334557590854,6159,0.464144047846494
"1502_b","10m",4312,0.0493577323112713,0.0476960558444262,0.0131398965547517,4312,0.0157117246109792,4312,0.0392148585982604,4312,0.0961177347690211,4312,0.422654780347526
"1502_c","10m",7309,0.061363267055438,0.0624160915613174,0.014531894540261,7309,0.0186970942639402,7309,0.0475604367365649,7309,0.111759689369566,7309,0.456947007240382
"1502_d","10m",7435,0.0535747230616627,0.0524308085441589,0.0138529787367492,7435,0.0169031746705756,7435,0.0422010045826527,7435,0.103056519727575,7435,0.447888542979154
"1503_a","10m",7037,0.05113751408736,0.049663957208395,0.012921616220515,7037,0.0168811161366827,7037,0.0407470427007794,7037,0.0985409241483113,7037,0.437755373537125
"1503_b","10m",7166,0.0518627246733138,0.0514896120876074,0.0113700622900237,7166,0.0172531811568645,7166,0.0409890633582788,7166,0.100817044760182,7166,0.432041023709504
"1503_c","10m",8485,0.0525343821780799,0.0530140586197376,0.0103019245760155,8485,0.0174777453841984,8485,0.041886052878368,8485,0.100218431470138,8485,0.435750244562213
"1503_d","10m",8308,0.0540121534097622,0.0527913235127926,0.0134198396929651,8308,0.0199252613914984,8308,0.0434122273039833,8308,0.106351633970768,8308,0.458717834795424
"1504_a","10m",7306,0.0516831165838904,0.051964184269309,0.0101519010882929,7306,0.0189063127301653,7306,0.0419180773248483,7306,0.103370846495104,7306,0.45936020781039
"1504_b","10m",8440,0.0601815896009435,0.0584634020924568,0.0158540130946259,8440,0.0190270692199258,8440,0.0476068573225619,8440,0.112950317170285,8440,0.48611834114737
"1504_c","10m",7966,0.0540601474312706,0.0549816153943539,0.0104715352159997,7966,0.0187850462568655,7966,0.0435328831815466,7966,0.111736004851066,7966,0.510431800444991
"1504_d","10m",7338,0.0527522493243668,0.0525888614356518,0.011731776797656,7338,0.0187613011604993,7338,0.0423659669179305,7338,0.106786590834156,7338,0.470941158568755
"1505_a","10m",7667,0.0528664191286159,0.0534112937748432,0.0106748958018096,7667,0.0192866848561963,7667,0.0427769377449555,7667,0.10653294742499,7667,0.475711622138149
"1505_b","10m",7470,0.0551504654243808,0.0549694951623678,0.0134352079186609,7470,0.0193689302775705,7470,0.0448485379982248,7470,0.101897568274829,7470,0.427800821509242
"1505_c","10m",6423,0.0535569887651209,0.0537163950502872,0.0118867175847972,6423,0.0189368894292145,6423,0.0432826274435286,6423,0.104283544649177,6423,0.452167294632406
"1505_d","10m",7487,0.0523305591476948,0.0523194521665573,0.0112145820287127,7487,0.0189188970638625,7487,0.0424835035536918,7487,0.107249299420264,7487,0.482806838442546
"1506_a","10m",6840,0.0481871295902791,0.0476775411516428,0.00986498271216506,6840,0.0171739944581277,6840,0.0389335116693429,6840,0.0986174234996826,6840,0.429635428584785
"1506_b","10m",6516,0.056914375795359,0.056891018524766,0.0138892320193466,6516,0.021471543319862,6516,0.0464769825482552,6516,0.109780293490716,6516,0.466785526565311
"1506_c","10m",5741,0.0499576085455232,0.0490366667509079,0.0121547769942862,5741,0.0187568763287395,5741,0.0408991165917089,5741,0.099511484952311,5741,0.438901525675729
"1506_d","10m",7017,0.0496747918048462,0.0499094873666763,0.00996059846483406,7017,0.0176638603238498,7017,0.0401934968549096,7017,0.101246273108507,7017,0.459849609372001
"1507_a","10m",7272,0.0512810852460571,0.051790589466691,0.00995018093537549,7272,0.0161258996464924,7272,0.0409954694000672,7272,0.10712359164455,7272,0.493568678985179
"1507_b","10m",5234,0.0455208599252821,0.0448206476867199,0.00934763622126984,5234,0.016356604858511,5234,0.0371520351555234,5234,0.0948322525516158,5234,0.437884651658217
"1507_c","10m",5961,0.0502647169073708,0.0499893613159657,0.0115501394272297,5961,0.0190299418223066,5961,0.0409034315195951,5961,0.100012113518858,5961,0.450607145863019
"1507_d","10m",8216,0.05511027206499,0.0547985415905714,0.012889198838472,8216,0.0201297537906373,8216,0.0447071411988651,8216,0.108732564083441,8216,0.475953432690668
"1508_a","10m",8470,0.0763957922389773,0.0796166993677616,0.0218248434352399,8470,0.027622953342935,8470,0.0617119909456648,8470,0.132228819029915,8470,0.520985376982729
"1508_b","10m",7162,0.0518398744643725,0.0517196469008923,0.0116033627005558,7162,0.0195819962935153,7162,0.0422507988804092,7162,0.10096335851567,7162,0.449908160681841
"1508_c","10m",4505,0.049399199182546,0.0488246567547321,0.0112068711386032,4505,0.0192547120720806,4505,0.0405738780661426,4505,0.0970447767840421,4505,0.427153937091342
"1508_d","10m",8274,0.056685571458595,0.0576310604810715,0.0114171987888372,8274,0.0238792695776009,8274,0.0473925247144746,8274,0.109572868422754,8274,0.468249820256252
"1509_a","10m",7283,0.0743972141741704,0.0749127119779587,0.0242167864968216,7283,0.0276325051978878,7283,0.060124676603286,7283,0.129907272638272,7283,0.519943006138215
"1509_b","10m",6686,0.0580176938714634,0.0541833061724901,0.0200995912747323,6686,0.0184903671101006,6686,0.0461791049699243,6686,0.109373839314434,6686,0.468364169476116
"1509_c","10m",3385,0.0477756437453465,0.0467625297605991,0.0109628775377028,3385,0.0150064595376722,3385,0.0384363338714031,3385,0.0925368578244702,3385,0.41471516898609
"1509_d","10m",7691,0.0668903770742127,0.0700736045837402,0.0194068683312777,7691,0.0233432851215331,7691,0.0539166992298681,7691,0.124718849644594,7691,0.520582737139713
"1510_a","10m",6794,0.0615032569477584,0.0608333609998226,0.0164106313146669,6794,0.0201945590295402,6794,0.0490482339113099,6794,0.119332899794891,6794,0.50817709700543
"1510_b","10m",5345,0.0532239673239283,0.0516423955559731,0.0144615857512569,5345,0.0157736295532358,5345,0.042416390734978,5345,0.097335717276129,5345,0.412556837125233
"1510_c","10m",7774,0.0640224480626763,0.0639245845377445,0.0165199975410026,7774,0.0172742827397991,7774,0.0501738934158279,7774,0.119138120103272,7774,0.504538166467767
"1510_d","10m",7623,0.0563210802355315,0.0568765364587307,0.0127827190846401,7623,0.0172429583168578,7623,0.0447084254099692,7623,0.106930061770044,7623,0.454711379086291
"1511_a","10m",7895,0.0533743503870958,0.0520283654332161,0.0139893287809109,7895,0.0175849297753096,7895,0.0431921547770923,7895,0.0937402304567948,7895,0.379474558717214
"1511_b","10m",7382,0.0686721971336236,0.0682692527770996,0.0222939000826799,7382,0.0150768004082489,7382,0.0527944954772275,7382,0.106392037177565,7382,0.399188491862597
"1511_c","10m",6613,0.0495274574399382,0.0490071810781956,0.0112678694580295,6613,0.0173408975777926,6613,0.0403371269101999,6613,0.0930758769012713,6613,0.402393736825234
"1511_d","10m",5771,0.0547970882077122,0.0515539459884167,0.0170365821093025,5771,0.0170504262409941,5771,0.043553036675759,5771,0.101275529966522,5771,0.423525516010796
"1512_a","10m",8275,0.0621051113217439,0.0607391856610775,0.0185572004278907,8275,0.0197483508320686,8275,0.0486870405578606,8275,0.117578457927616,8275,0.488253823170705
"1512_b","10m",7877,0.0591696504407956,0.0539292171597481,0.0202539119318814,7877,0.0190872054514308,7877,0.0466481745566694,7877,0.110057681842208,7877,0.463378491478514
"1512_c","10m",7413,0.0574884259427296,0.0570345409214497,0.0155011989657135,7413,0.019252915464024,7413,0.0463970390548775,7413,0.101785567265808,7413,0.4226359030492
"1512_d","10m",7885,0.0648333329069573,0.059227854013443,0.0225647381500288,7885,0.0206956572923265,7885,0.051032010454859,7885,0.123736448104662,7885,0.518059506152257
"1513_a","10m",8700,0.0681275166806647,0.0684374608099461,0.0179554602822503,8700,0.0214527433714621,8700,0.0533021098132779,8700,0.126981946370792,8700,0.520916719875579
"1513_b","10m",8258,0.0577426874781419,0.0571297183632851,0.0148013921407928,8258,0.020301630534481,8258,0.0468852094916287,8258,0.104088046854937,8258,0.431348922297604
"1513_c","10m",7703,0.0559158721290926,0.0540931187570095,0.0153907723080487,7703,0.0197813914027331,7703,0.0455089218668936,7703,0.100812417184844,7703,0.419734427024544
"1513_d","10m",6716,0.0514317393525348,0.0504904109984636,0.0119868548062069,6716,0.0161613614103137,6716,0.0413837278149397,6716,0.0968497979401937,6716,0.425384793038047
"1514_a","10m",7027,0.0494064934009913,0.0486149899661541,0.0111080242815176,7027,0.0163589948114051,7027,0.0403042247884466,7027,0.0950970674616195,7027,0.422217982984996
"1514_b","10m",8569,0.0506676623178434,0.0496901720762253,0.0104266433965721,8569,0.0178706305024118,8569,0.0417604789751073,8569,0.09755334338161,8569,0.440738673290249
"1514_c","10m",7602,0.0553130105647957,0.0557784643024206,0.0113632338027741,7602,0.0183765051574773,7602,0.0449290813875956,7602,0.110523269211032,7602,0.491873893262757
"1514_d","10m",7252,0.0515043484201163,0.0519884396344423,0.0109176317238691,7252,0.0152598062299056,7252,0.0413463059382935,7252,0.107513970461099,7252,0.480235004843223
"1515_a","10m",6499,0.0549274026200572,0.0543673485517502,0.0141114186201308,6499,0.0188148815645995,6499,0.0449505127007137,6499,0.10797493671604,6499,0.482202347617188
"1515_b","10m",6596,0.0588521246658271,0.0586317889392376,0.0155933990573779,6596,0.0202541152845885,6596,0.0480409409739453,6596,0.110835113011589,6596,0.488586757993105
"1515_c","10m",7528,0.0585030823320994,0.0591450426727533,0.0140045369662374,7528,0.0190662702082818,7528,0.0474148652348248,7528,0.111782461480545,7528,0.495608976497072
"1515_d","10m",5040,0.053519149035925,0.0521366503089666,0.0135261231957377,5040,0.0159147257147919,5040,0.042903498324271,5040,0.108679003903647,5040,0.489077465505058
"1516_a","10m",8127,0.0493365235805926,0.0498653389513493,0.00871799435875112,8127,0.0142309789125024,8127,0.0393150394150459,8127,0.112575147516472,8127,0.538360524523503
"1516_b","10m",7623,0.0568067493916797,0.0569973103702068,0.013167603199623,7623,0.0190798462320453,7623,0.0462034749295649,7623,0.114602337527242,7623,0.516985946319207
"1516_c","10m",8358,0.0587515345152595,0.0581504553556442,0.0150207992180226,8358,0.0213895962224234,8358,0.0484072288672876,8358,0.112036034006109,8358,0.494641904607433
"1516_d","10m",7199,0.0551964161168007,0.0544437281787395,0.0133350473499965,7199,0.0186329580072212,7199,0.0448086679443275,7199,0.113590048225322,7199,0.516501658629222
"1517_a","10m",8832,0.0633886282946375,0.0638814643025398,0.0143847503260619,8832,0.023982080527964,8832,0.0523295704569556,8832,0.119365199630581,8832,0.514483836842937
"1517_b","10m",8864,0.0661968847256345,0.0672501027584076,0.0151306048547856,8864,0.0271193298942196,8864,0.0552791695447708,8864,0.119260158143325,8864,0.496976348459519
"1517_c","10m",8769,0.0693947428180852,0.0700092539191246,0.0161467678269623,8769,0.028996586449318,8769,0.0581827578295358,8769,0.118975216284621,8769,0.463167082856262
"1517_d","10m",9014,0.0624139181327712,0.0635226555168629,0.0125380377426777,9014,0.023482903737777,9014,0.0518433376929824,9014,0.117106733566653,9014,0.511437380834769
"1518_a","10m",8791,0.0602682582424245,0.060607947409153,0.0141130878779021,8791,0.0226741924696516,8791,0.0501192962148188,8791,0.106742550782951,8791,0.448923217267791
"1518_b","10m",8856,0.0664380619800023,0.0670162662863731,0.0142130309303208,8856,0.0256252250593634,8856,0.0552604004351702,8856,0.115190643162693,8856,0.46001049744953
"1518_c","10m",9494,0.0809933315716921,0.0789955779910088,0.0155774237261112,9494,0.0325087097306265,9494,0.0678016426452436,9494,0.136477112927687,9494,0.496163948057186
"1518_d","10m",9093,0.0600347694881768,0.059635728597641,0.00994836547559985,9093,0.0197579488815547,9093,0.0492037678179722,9093,0.106725641900792,9093,0.455628317254692
"1519_a","10m",7296,0.0630581952397111,0.0642578043043613,0.00934982307884485,7296,0.0186247471565526,7296,0.0511697238451092,7296,0.118592690505402,7296,0.541645071031322
"1519_b","10m",2433,0.0711938931518286,0.0720558166503906,0.0206708609618069,2433,0.0267346924312143,2433,0.0593407245824896,2433,0.120125636413729,2433,0.458986275632913
"1519_d","10m",1594,0.0577283265499148,0.0582462958991528,0.00914423397135111,1594,0.0151907616663593,1594,0.046312489734594,1594,0.112513760629717,1594,0.544160762013052
"1520_a","10m",535,0.0574075668005743,0.0593318454921246,0.00844596427711296,535,0.0154598046689916,535,0.0462284761071901,535,0.102428840570377,535,0.457150955550024
"16_a","10m",9120,0.0582694879555339,0.0588716492056847,0.011540186451433,9120,0.0220073666034147,9120,0.0469395730519442,9120,0.113450473557806,9120,0.479354754241633
"16_b","10m",8785,0.0659596987528749,0.0662374421954155,0.0167888233167382,8785,0.0248183491177224,8785,0.0535013308813498,8785,0.124049443242692,8785,0.49974127048466
"16_c","10m",9015,0.0741613176841903,0.0744609460234642,0.0199452106465403,9015,0.0275181490849191,9015,0.0598466549467975,9015,0.134992595249519,9015,0.537345588053357
"16_d","10m",8884,0.0614037751268389,0.0601161383092403,0.015367954614611,8884,0.0236406477419192,8884,0.0501378307958352,8884,0.119686383077143,8884,0.514411646779165
"1600_a","10m",8528,0.0633101646096479,0.0642463229596615,0.0151278406381238,8528,0.0238955381742471,8528,0.0514088495180676,8528,0.11887671631511,8528,0.520364684474307
"1600_b","10m",9087,0.0698960597019204,0.0698230490088463,0.0168397228975202,9087,0.0274843439962478,9087,0.0572219618410953,9087,0.124471100172627,9087,0.527293896210824
"1600_c","10m",8710,0.0615574007875251,0.0619586836546659,0.0154431719187838,8710,0.0225129843288174,8710,0.0495827763739894,8710,0.112314457907589,8710,0.473615322069967
"1600_d","10m",8484,0.0687985651270574,0.0699656493961811,0.0169028044432693,8484,0.0267207116357013,8484,0.0560094516145776,8484,0.120825527370031,8484,0.505540668362622
"1601_a","10m",9101,0.078065369098293,0.0780917778611183,0.019399593011931,9101,0.031763602601399,9101,0.0638690217355449,9101,0.12763217180879,9101,0.504748520970954
"1601_b","10m",8504,0.0678874056005232,0.067484438419342,0.0184846295080326,8504,0.0246191439049678,8504,0.0542977516091366,8504,0.11980738006029,8504,0.50179735360134
"1601_c","10m",7029,0.055698001388657,0.0558918714523315,0.0134617283322488,7029,0.0194728583233797,7029,0.0447494654511334,7029,0.103625020088772,7029,0.462476408139649
"1601_d","10m",8360,0.064926518838514,0.065631527453661,0.0172508512588687,8360,0.0219539284354023,8360,0.0519572717163973,8360,0.116505403255218,8360,0.500413903510733
"1602_a","10m",6962,0.0486969946198972,0.0481650419533253,0.0104183215335159,6962,0.0166722847682572,6962,0.0391964750829492,6962,0.100485940062149,6962,0.471425730687141
"1602_b","10m",5953,0.0480912920486826,0.0469766519963741,0.0111206348702864,5953,0.0156064128140614,5953,0.0381930687006097,5953,0.0970520441008039,5953,0.446370420052052
"1602_c","10m",5839,0.0515552827344174,0.0505876205861568,0.0134607331377492,5839,0.0192474627352368,5839,0.0420446997193553,5839,0.0990011323500384,5839,0.433234894666837
"1602_d","10m",5994,0.0485092696877029,0.0474866516888142,0.0107908489168144,5994,0.0196573917863586,5994,0.0401672524727965,5994,0.0931504671190988,5994,0.414396618120571
"1603_a","10m",7524,0.0549016714092108,0.0551398769021034,0.0131264135790204,7524,0.0213499270250592,7524,0.0450080771364097,7524,0.102766143144472,7524,0.465927716859996
"1603_b","10m",8960,0.0589779299525877,0.0588610451668501,0.0144318998976273,8960,0.022702484916336,8960,0.0481875702575127,8960,0.111521294505148,8960,0.488980355636183
"1603_c","10m",7659,0.0564981572765807,0.056488361209631,0.0139465386988812,7659,0.0232803649269787,7659,0.0466311408789694,7659,0.101218725077993,7659,0.432052803890234
"1603_d","10m",7062,0.0516762578795569,0.0505828373134136,0.0127217378168978,7062,0.0196394301351795,7062,0.0421590985991673,7062,0.0981658935577729,7062,0.434324124347776
"1604_a","10m",6412,0.0477358288142112,0.0468872208148241,0.0105036032238853,6412,0.0167922168192424,6412,0.0385617509229756,6412,0.0955665685086224,6412,0.430959900640479
"1604_b","10m",6765,0.0497510910598618,0.0492325238883495,0.0107289358894513,6765,0.0180777317417102,6765,0.0404394057995784,6765,0.0951003316773451,6765,0.427083925384926
"1604_c","10m",7229,0.0558417772938394,0.0558245778083801,0.0130933994869548,7229,0.0181452082072113,7229,0.0443584751740089,7229,0.106025132292161,7229,0.462527878427509
"1604_d","10m",7514,0.0520128171617304,0.0518557075411081,0.0113180144276954,7514,0.0183323052610095,7514,0.0418641021976695,7514,0.101209409369369,7514,0.449336944078555
"1605_a","10m",7242,0.0506063140355188,0.0503546148538589,0.0109446471941533,7242,0.0186978346456379,7242,0.0414927707538139,7242,0.0991976753497998,7242,0.439545904900822
"1605_b","10m",7956,0.0521714903925564,0.052376314997673,0.0110042651716201,7956,0.0185018676821279,7956,0.0422746549486008,7956,0.102615602061703,7956,0.460074674190271
"1605_c","10m",8145,0.0509032228743192,0.0507114976644516,0.0107510165033094,8145,0.018665219826719,8145,0.0416711034723597,8145,0.0967162574567084,8145,0.423233054962505
"1605_d","10m",7605,0.0572959752796239,0.05617555975914,0.0157829220055901,7605,0.0190649190242234,7605,0.0454988248988365,7605,0.106980514940844,7605,0.460182474188668
"1606_a","10m",6771,0.0559278372014961,0.0551725998520851,0.0145300617554392,6771,0.0187759794539345,6771,0.0444502593206945,6771,0.10663500397845,6771,0.456252267521055
"1606_b","10m",8001,0.0534969139727778,0.0540040917694569,0.0112965617958442,8001,0.0190127643851991,8001,0.0429987447846201,8001,0.103379109579081,8001,0.440454645293804
"1606_c","10m",7594,0.0500627885493387,0.0500555764883757,0.0104994411345903,7594,0.0193569583719278,7594,0.0411201147203334,7594,0.0961569658588337,7594,0.410224171698325
"1606_d","10m",7666,0.0543715677484326,0.0538328047841787,0.0128289976939523,7666,0.0186887515229091,7666,0.0433047203979724,7666,0.108632189716155,7666,0.475157348725652
"1607_a","10m",6403,0.0543591979802046,0.0505064092576504,0.0167605074811094,6403,0.0180079214044376,6403,0.043211994879328,6403,0.108050964622361,6403,0.463326004173618
"1607_b","10m",6856,0.0507517547988906,0.0500745289027691,0.0107108309129064,6856,0.0177707056576862,6856,0.0411174560826493,6856,0.103617753029665,6856,0.467012785478966
"1607_c","10m",8188,0.0605562983392854,0.0597043056041002,0.0160748151191936,8188,0.0258910281109917,8188,0.0503883546246175,8188,0.107015891993431,8188,0.434450407949293
"1607_d","10m",7925,0.0558262697165415,0.0551765449345112,0.014147972647913,7925,0.0181853817703964,7925,0.0442646617065559,7925,0.108632863887512,7925,0.471012027190292
"1608_a","10m",7915,0.0579731837199767,0.0584846138954163,0.013773461294093,7915,0.0182328186943019,7915,0.0455932942232946,7915,0.111979072443065,7915,0.480479704953227
"1608_b","10m",8136,0.0609395960199344,0.0595539156347513,0.0172660874306411,8136,0.0190571680811715,8136,0.0483835320044716,8136,0.11236319207843,8136,0.477129021069363
"1608_c","10m",9068,0.0583367409469271,0.0576157197356224,0.0142346187906206,9068,0.0248843595857227,9068,0.0490296687916444,9068,0.104783956413926,9068,0.434887014110624
"1608_d","10m",7445,0.0618512982438782,0.0634314566850662,0.0147970481371913,7445,0.0192531948738063,7445,0.0487008557545103,7445,0.113270643234262,7445,0.475045842438766
"1609_a","10m",8076,0.0619328118606557,0.0638750679790974,0.013125317299721,8076,0.0246425327661508,8076,0.0507762589336008,8076,0.115789565126241,8076,0.495238188727731
"1609_b","10m",9372,0.0745375378149181,0.0758392661809921,0.0144177800396741,9372,0.0279032753354351,9372,0.0604233586025002,9372,0.134831121542406,9372,0.554731633690827
"1609_c","10m",9357,0.0752227509222496,0.0783832967281342,0.0132993685942256,9357,0.0281340286995952,9357,0.0612081149250107,9357,0.131635442891893,9357,0.52712996331057
"1609_d","10m",8921,0.0604758551963348,0.0616412721574306,0.0131512011397196,8921,0.0237519516017668,8921,0.0496184353671393,8921,0.1093409587529,8921,0.463204090460582
"1610_a","10m",9388,0.0714929252333183,0.0715553127229214,0.0176983670290607,9388,0.0250581978152162,9388,0.0576060432411683,9388,0.125477419071329,9388,0.496368244399365
"1610_b","10m",9489,0.0730497074787613,0.0743129998445511,0.0131711406996086,9489,0.0259184889659705,9489,0.0589107174113633,9489,0.129693635746834,9489,0.510441652437648
"1610_c","10m",9336,0.0689599283353602,0.0697475150227547,0.0130050603887069,9336,0.0229638481560571,9336,0.0544845775771947,9336,0.133406341895577,9336,0.546764162714356
"1610_d","10m",9500,0.0791414615776586,0.0795465856790543,0.0131588025502386,9500,0.0267414379903709,9500,0.0635444654613187,9500,0.136487081891963,9500,0.528664816829092
"1611_a","10m",9376,0.0773376714090146,0.078118409961462,0.0130096605383847,9376,0.0284813940205763,9376,0.0631240758700095,9376,0.131022135879956,9376,0.504811098146755
"1611_b","10m",9441,0.0667864609315965,0.0681465044617653,0.0113779918719993,9441,0.0244139614365776,9441,0.0543159852817476,9441,0.117991903403477,9441,0.465516568186749
"1611_c","10m",8679,0.0571711389374738,0.0569917112588882,0.0117362328063142,8679,0.0206325933738614,8679,0.0466514841154028,8679,0.103798072186883,8679,0.427792603103937
"1611_d","10m",8877,0.0653658244423959,0.0636557787656784,0.016958839423771,8877,0.0249422323839287,8877,0.0537650764728769,8877,0.113559350569318,8877,0.450338665715023
"1612_a","10m",9192,0.0649231568694575,0.0650942698121071,0.0148683226738227,9192,0.0267241566358129,9192,0.0542308282921704,9192,0.107693229016128,9192,0.426422132506182
"1612_b","10m",6521,0.0567581056494519,0.0578740388154984,0.0126507064834402,6521,0.0205541828018979,6521,0.0460556919024143,6521,0.106996003236811,6521,0.452157720749847
"1612_c","10m",6615,0.0554327833076949,0.0469820946455002,0.0215441311861463,6615,0.0192523074843974,6615,0.0444356099712575,6615,0.109480194072671,6615,0.47444204682105
"1612_d","10m",5781,0.0549308164910325,0.054035872220993,0.0146207357025748,5781,0.0163414467572075,5781,0.0439961790996351,5781,0.0999981735524153,5781,0.428204293478821
"1613_a","10m",6172,0.0613968922528459,0.0608295518904924,0.0175761847604153,6172,0.0180019854700464,6172,0.0488759942524835,6172,0.107558007924198,6172,0.442123320700863
"1613_b","10m",8546,0.0737935533608022,0.0737475380301476,0.0223513871822695,8546,0.0223023594593022,8546,0.057384735709891,8546,0.133567498444857,8546,0.54279586940472
"1613_c","10m",7668,0.0591283576331263,0.0576700251549482,0.0172195634673244,7668,0.0165027109114591,7668,0.0468634986732465,7668,0.103623305866849,7668,0.434544345200806
"1613_d","10m",7205,0.0618945044348382,0.060445424169302,0.018819984585292,7205,0.0184271154235766,7205,0.0488089927518431,7205,0.111301216887732,7205,0.455669642422552
"1614_a","10m",8450,0.062541482571799,0.0624618660658598,0.0165926450602871,8450,0.0202286583113188,8450,0.0492387308376201,8450,0.118540208645514,8450,0.488835472864142
"1614_b","10m",6533,0.0588982294960959,0.0584113784134388,0.0165742664368203,6533,0.018315725439276,6533,0.0472365371427427,6533,0.105519758623949,6533,0.446464652915906
"1614_c","10m",7588,0.0474842938103084,0.0464865826070309,0.00968293473415526,7588,0.0154080017468078,7588,0.038486582905844,7588,0.0974545592688874,7588,0.446535662149546
"1614_d","10m",7715,0.0513622059367901,0.0476871877908707,0.015651826745745,7715,0.0175232321782305,7715,0.0418764241838202,7715,0.0986956841188917,7715,0.43598482305108
"1615_a","10m",7366,0.0515049165435906,0.0509014409035444,0.0117999537028755,7366,0.0169605104763762,7366,0.0418916361052589,7366,0.101516867000802,7366,0.451924982299852
"1615_b","10m",7464,0.0543905833395675,0.0529954712837934,0.0141700717007775,7464,0.019031811565677,7464,0.0446850286458263,7464,0.101207384789053,7464,0.446370334423827
"1615_c","10m",5933,0.0509635333936255,0.0499481409788132,0.0112024411981114,5933,0.0150076501451206,5933,0.0408217650979696,5933,0.107522371964123,5933,0.487945233132133
"1615_d","10m",5350,0.0562970800760472,0.0557030886411667,0.0139082114279156,5350,0.015826955565057,5350,0.0448623114927872,5350,0.101056657016855,5350,0.425096882028766
"1616_a","10m",8664,0.0482388261442493,0.0485340021550655,0.00862325674891955,8664,0.0148449226699038,8664,0.0386751985340388,8664,0.0870171337360565,8664,0.368483326363404
"1616_b","10m",7671,0.0484963441363522,0.0486594811081886,0.00912275983294584,7671,0.0148921443373877,7671,0.03890989784722,7671,0.107258016470064,7671,0.501358568720561
"1616_c","10m",6552,0.0502732909817285,0.0502659827470779,0.0108423157863269,6552,0.0152197334328869,6552,0.0404862842998579,6552,0.105485922963975,6552,0.488401477053222
"1616_d","10m",8288,0.0548057007323771,0.0543523468077183,0.0133015471832908,8288,0.0193903392150348,8288,0.0451206542162862,8288,0.0992841898823302,8288,0.428378001626951
"1617_a","10m",6646,0.055642997960636,0.0551731176674366,0.0151408663169296,6646,0.0207182767058096,6646,0.0463257124788932,6646,0.0978728936657041,6646,0.423229658864898
"1617_b","10m",8213,0.0558038150351216,0.0563852526247501,0.0125357723471724,8213,0.0189329197449722,8213,0.0457373733265195,8213,0.11159826629993,8213,0.508186682204185
"1617_c","10m",8620,0.0602464289786921,0.061176523566246,0.0130358071445813,8620,0.0211018303279928,8620,0.049399465027285,8620,0.117446695635331,8620,0.522993373179951
"1617_d","10m",8154,0.0588770716661039,0.0597642008215189,0.0126184623413265,8154,0.0192431017378887,8154,0.0475666737944611,8154,0.115344067909186,8154,0.519141051316611
"1618_a","10m",8504,0.0585288584573144,0.0587405171245337,0.0115719164246711,8504,0.0190915767987117,8504,0.0472095311834728,8504,0.11993736125633,8504,0.543388317677167
"1618_b","10m",8772,0.0633175590086594,0.0651677325367928,0.0141996962335273,8772,0.0220236656416077,8772,0.0516449180888953,8772,0.115695945699266,8772,0.492931358135958
"1618_c","10m",8235,0.0603986615488112,0.0609408840537071,0.0117232790950001,8235,0.0196605991525019,8235,0.0489557904326462,8235,0.112400730305884,8235,0.479514554791311
"1618_d","10m",8701,0.0571561286722777,0.0573812015354633,0.0104777474664743,8701,0.0163786690095495,8701,0.045334146670741,8701,0.119610492096837,8701,0.544904294840759
"1619_a","10m",8387,0.0537654094904825,0.0546430312097073,0.00900855355561709,8387,0.0159526026128805,8387,0.0428985365839978,8387,0.108719767850198,8387,0.487218776845464
"1619_b","10m",8971,0.062157581214299,0.0626531913876534,0.00942712534493061,8971,0.0186832204979849,8971,0.0507069399324842,8971,0.116009217243345,8971,0.523931973796533
"1619_c","10m",9481,0.0581074334011496,0.058523915708065,0.00820871101074674,9481,0.0161620291784801,9481,0.0468168886519256,9481,0.114472073504407,9481,0.548750142462409
"1619_d","10m",9363,0.0562682373961071,0.0567316003143787,0.008908260047849,9363,0.0173001831420524,9363,0.0451987364479993,9363,0.108372622466356,9363,0.486783966496897
"1620_a","10m",9386,0.0561973573215307,0.0554146207869053,0.0100597774123752,9386,0.0172560004937807,9386,0.0456290080252725,9386,0.103649201229519,9386,0.461514805693909
"1620_b","10m",7239,0.0600391095726735,0.0609197430312634,0.0119527813938022,7239,0.0173450799289473,7239,0.0484055672588475,7239,0.112513458189403,7239,0.510472496996241
"1620_c","10m",961,0.0616346592341359,0.0644888877868652,0.0128903327679854,961,0.016898523077874,961,0.0491605419298695,961,0.113466415053531,961,0.507397208409801
"1620_d","10m",7859,0.0533782517001126,0.0535229295492172,0.0105125138698557,7859,0.0162077858120587,7859,0.043376433247206,7859,0.106101640448214,7859,0.509951045612715
"1621_a","10m",3512,0.0664693907694573,0.0655645653605461,0.0149395443570946,3512,0.0217082455707844,3512,0.0534742811475473,3512,0.12496144532826,3512,0.530209487012008
"1621_d","10m",8,0.0681417696177959,0.0659674145281315,0.00495116160744813,8,0.0160124009319892,8,0.0534579298359209,8,0.147839764921138,8,0.626532199680805
"17_a","10m",9032,0.0735936767943006,0.0754963122308254,0.0188377990944014,9032,0.026829412861951,9032,0.0591080711850057,9032,0.133972444114555,9032,0.553879802690207
"17_b","10m",8696,0.0703618529421066,0.0719011574983597,0.0183196384318164,8696,0.0259447686167988,8696,0.056748766207302,8696,0.131259954877958,8696,0.562290500581501
"17_c","10m",8655,0.0726402496472475,0.0763757824897766,0.0176720352117917,8655,0.0262801330043713,8655,0.0583823411450377,8655,0.135945302501494,8655,0.571379833923813
"17_d","10m",8277,0.0625461092516033,0.0600017122924328,0.0170702521173773,8277,0.0237017684807644,8277,0.0507965402650779,8277,0.124512061700946,8277,0.55610683705516
"1700_a","10m",7999,0.0631087406683149,0.0642232298851013,0.0162555307968946,7999,0.0227879628315437,7999,0.0506592101783138,7999,0.113191882738868,7999,0.486547247466668
"1700_b","10m",8200,0.0596975392775565,0.0612030420452356,0.0134959433668224,8200,0.0205715328188762,8200,0.0474079573103584,8200,0.114609529297186,8200,0.514947564656415
"1700_c","10m",8926,0.0595365969197912,0.0603628307580948,0.0122662686943796,8926,0.0244472294179127,8926,0.0488610951023892,8926,0.118320404196836,8926,0.545509586638562
"1700_d","10m",8349,0.0662423147093641,0.0661444216966629,0.0179219805571281,8349,0.0229065515822009,8349,0.0525216305234858,8349,0.122622922155878,8349,0.535566975256239
"1701_a","10m",8890,0.0814125224225081,0.0830847322940826,0.0220311213852412,8890,0.0251805155536102,8890,0.0631943440622863,8890,0.134094678828304,8890,0.540148864664565
"1701_b","10m",9299,0.0669343591538414,0.0682194605469704,0.0137251741891882,9299,0.0257717524238749,9299,0.0542189731551952,9299,0.121741771011781,9299,0.529618956915572
"1701_c","10m",8789,0.0717246943580584,0.0733184814453125,0.0162531129779591,8789,0.0242314049965136,8789,0.0570325633106647,8789,0.129197362221308,8789,0.54700679859145
"1701_d","10m",8797,0.0682922667600668,0.068300724029541,0.0178851444107777,8797,0.0233525227581543,8797,0.0541916707749372,8797,0.122515931278667,8797,0.515476116003117
"1702_a","10m",8226,0.0667245273156567,0.0688263960182667,0.0212856908227173,8226,0.0240766656062277,8226,0.0534550312981534,8226,0.124414986650071,8226,0.544153294355427
"1702_b","10m",7413,0.0581745774000602,0.0547341890633106,0.0189285659982703,7413,0.0192086296295502,7413,0.0461568203461458,7413,0.110805610586697,7413,0.497251001465973
"1702_c","10m",4023,0.0411600872504787,0.03963727876544,0.00826954800775333,4023,0.0157333816812495,4023,0.0337458135657252,4023,0.088073912141098,4023,0.431138284218317
"1702_d","10m",6905,0.0478602218593401,0.0424172505736351,0.0147896397436004,6905,0.0176535107971667,6905,0.0387650402116948,6905,0.0959799757014378,6905,0.450379842645292
"1703_a","10m",6572,0.0535393100718237,0.0507666990160942,0.01547377735967,6572,0.0180485904015033,6572,0.0427389721601515,6572,0.0990898470833497,6572,0.437768595542938
"1703_b","10m",6651,0.0502633138381504,0.0494971536099911,0.0115616731630867,6651,0.0185218774942443,6651,0.0409930396042242,6651,0.0997919106915274,6651,0.465973010717357
"1703_c","10m",5742,0.0472198299322704,0.0447612088173628,0.0123535854993894,5742,0.0167298352440997,5742,0.0384389376889576,5742,0.0872798322907442,5742,0.382286369844036
"1703_d","10m",7021,0.0526750129914839,0.0514322705566883,0.0141570241582439,7021,0.0185621804326786,7021,0.0426984013630603,7021,0.0975923723621942,7021,0.426136689164915
"1704_a","10m",6843,0.0534191152959274,0.05268394947052,0.0135707889300686,6843,0.0193750759285415,6843,0.0433581879997694,6843,0.100451926066562,6843,0.450331727738367
"1704_b","10m",6895,0.0509602045325631,0.0504774563014507,0.0115926797184792,6895,0.0190549916516482,6895,0.041152345794624,6895,0.103196886567244,6895,0.454624731310906
"1704_c","10m",6390,0.0488627914219792,0.0491328220814466,0.00983145911083256,6390,0.0181499702283969,6390,0.039438316743636,6390,0.103350532583447,6390,0.466892684091495
"1704_d","10m",6269,0.0511212590695602,0.050139345228672,0.0127624974139877,6269,0.0177351187790678,6269,0.0413364256949212,6269,0.0990223125597532,6269,0.440087760368766
"1705_a","10m",7511,0.0605425896819157,0.0607087984681129,0.0166493172852742,7511,0.0198544698527393,7511,0.0484654828010465,7511,0.108347371669721,7511,0.446874035120986
"1705_b","10m",7239,0.0546540913040454,0.0536165907979012,0.0139744341302855,7239,0.0194783445287267,7239,0.0441410475565787,7239,0.103296163369748,7239,0.441704791428812
"1705_c","10m",7794,0.0596466648473873,0.0596649087965488,0.0152320278317589,7794,0.0191732149355988,7794,0.0471469258991534,7794,0.105701120930086,7794,0.434277975235114
"1705_d","10m",8006,0.0597571768029471,0.0599925015121698,0.0152392192290564,8006,0.018188069891865,8006,0.047276383190248,8006,0.104199817455033,8006,0.433225947573172
"1706_a","10m",8362,0.0598290360295917,0.0579094737768173,0.017046352855714,8362,0.0176275721898169,8362,0.046854659530844,8362,0.110220761232221,8362,0.474844479362158
"1706_b","10m",7341,0.0624715230154794,0.0627454295754433,0.016319358692416,7341,0.019480312540964,7341,0.0489447212634202,7341,0.111818698733561,7341,0.456007089194546
"1706_c","10m",8229,0.0589099517575369,0.0605525486171246,0.0149258515517767,8229,0.0181695633364707,8229,0.0462987915663411,8229,0.115139279588914,8229,0.503725570448006
"1706_d","10m",8098,0.0657929390345471,0.0652047246694565,0.0197526438093367,8098,0.0178566191323142,8098,0.0507915362483646,8098,0.113612864536879,8098,0.46166703148713
"1707_a","10m",6298,0.052976753066713,0.0479506235569715,0.0176154565410473,6298,0.0199668406514647,6298,0.0429431073386313,6298,0.0995025608092107,6298,0.420779313901217
"1707_b","10m",6073,0.052900312647221,0.0463307276368141,0.0189233286584079,6073,0.0166074908394462,6073,0.0416507065170072,6073,0.0975668465100643,6073,0.406232864036052
"1707_c","10m",8573,0.0621828556042975,0.0620604977011681,0.0161850586295673,8573,0.0176435466058629,8573,0.0485091354169731,8573,0.112988923578418,8573,0.475819738855388
"1707_d","10m",7136,0.0581557827235843,0.0555609557777643,0.0175265548710566,7136,0.0201170991082098,7136,0.0466308095198961,7136,0.10407946284071,7136,0.430827523282721
"1708_a","10m",6182,0.0492745767167035,0.0490589141845703,0.0112035276574422,6182,0.0210601938571646,6182,0.041019368749334,6182,0.0961119140777345,6182,0.4208116247766
"1708_b","10m",7164,0.0523757810113168,0.0529038459062576,0.0116042630968946,7164,0.0175734576954857,7164,0.0419324919037325,7164,0.100911313372763,7164,0.441870165051282
"1708_c","10m",7744,0.0605176827778428,0.0616553332656622,0.0133273203622674,7744,0.0190855745958939,7744,0.0477358700607976,7744,0.115065395221788,7744,0.489680625478456
"1708_d","10m",5956,0.0510104486479219,0.049866309389472,0.0121556786261564,5956,0.0158669502848971,5956,0.0405077983361062,5956,0.100931812690013,5956,0.445197997300006
"1709_a","10m",7657,0.0499501390300182,0.0489846840500832,0.0111855054314855,7657,0.0168928072459001,7657,0.0403749846234948,7657,0.0970824288281318,7657,0.433939571658691
"1709_b","10m",8317,0.0606057162225171,0.0620511323213577,0.0133946437129611,8317,0.0235932645389665,8317,0.0492459324379021,8317,0.113695503773992,8317,0.49334042530235
"1709_c","10m",8629,0.064318291414242,0.0640189275145531,0.0177126327879152,8629,0.0246998013278102,8629,0.0524226347189926,8629,0.109962190173295,8629,0.433235872361499
"1709_d","10m",8533,0.0651895817116883,0.0639395043253899,0.0184107937772707,8533,0.024684356122285,8533,0.0528946256379442,8533,0.118663741303025,8533,0.491194554874581
"1710_a","10m",8972,0.0656647443988519,0.067079808562994,0.0142177062523826,8972,0.0209259629756271,8972,0.0519482030715177,8972,0.122767623175329,8972,0.510774768373854
"1710_b","10m",9430,0.0691433328019173,0.0692582651972771,0.0135681773218982,9430,0.0216248085965665,9430,0.0547654855837646,9430,0.127908314410724,9430,0.530431601079688
"1710_c","10m",9272,0.0714863461437872,0.0723239481449127,0.0133187227060219,9272,0.0243599705348463,9272,0.0569008876026508,9272,0.129689595394755,9272,0.518120178611253
"1710_d","10m",7938,0.0638946460406973,0.0648578479886055,0.0152089519660895,7938,0.0209460008296374,7938,0.050839230994755,7938,0.11554355552488,7938,0.463483966853852
"1711_a","10m",9331,0.0702925235170373,0.0711884126067162,0.0136723304070784,9331,0.0249259414393493,9331,0.0569960554623577,9331,0.12385271512758,9331,0.499059164030333
"1711_b","10m",9405,0.0726965225549739,0.0728509500622749,0.0151061829932231,9405,0.023452348077386,9405,0.0581560098053523,9405,0.130580518205252,9405,0.531490008610509
"1711_c","10m",9450,0.0730107357254419,0.0726405009627342,0.0133787431277205,9450,0.0275680091898934,9450,0.0599694684294819,9450,0.123567773709013,9450,0.47298218638323
"1711_d","10m",8185,0.0724392446717185,0.0743726566433907,0.0169725439860608,8185,0.0247149385445059,8185,0.0585620357787222,8185,0.122813290092862,8185,0.475488450603886
"1712_a","10m",6817,0.0511285722628946,0.0494664795696735,0.0128755781987531,6817,0.0149237096133486,6817,0.0401804251692354,6817,0.0983447631149229,6817,0.437535728913555
"1712_b","10m",7853,0.0611096272053164,0.0620722845196724,0.0159125791665114,7853,0.022781185502927,7853,0.0500251588691038,7853,0.108666652391686,7853,0.449996553376577
"1712_c","10m",8180,0.050731366510733,0.0501214414834976,0.0113903330004171,8180,0.0168451533573271,8180,0.041103318705984,8180,0.0917079259482752,8180,0.392128710964654
"1712_d","10m",6980,0.0487689097766847,0.0479715075343847,0.0105227210761934,6980,0.0159584483440132,6980,0.0394031316392574,6980,0.090706426391211,6980,0.398662897242879
"1713_a","10m",5920,0.0475632600671914,0.0457211751490831,0.0118415537338229,5920,0.0163086118379957,5920,0.0385258200391295,5920,0.0871932699881628,5920,0.37513383313797
"1713_b","10m",4100,0.0473587552594339,0.0460456926375628,0.0110669668392236,4100,0.0161154248456276,4100,0.0384386930166734,4100,0.0883533607538148,4100,0.377577405644644
"1713_c","10m",8165,0.0667283781272042,0.0678988620638847,0.0156477046231031,8165,0.0222018268429739,8165,0.0525163152566672,8165,0.134501686309101,8165,0.556304255311064
"1713_d","10m",5821,0.0487518784495829,0.046560849994421,0.0125382070443015,5821,0.0166447622131753,5821,0.0393776265368397,5821,0.0960919818236428,5821,0.419453783097279
"1714_a","10m",6754,0.0542708789446574,0.0532695986330509,0.0142759429277491,6754,0.0208033318802337,6754,0.044956128158092,6754,0.101866567203634,6754,0.441240474604531
"1714_b","10m",8928,0.0602680698166915,0.0608523115515709,0.0143649112302921,8928,0.0214646694452938,8928,0.0488676683406734,8928,0.113968069568258,8928,0.492479868768865
"1714_c","10m",6486,0.0539557175366756,0.05130660161376,0.0161818611176318,6486,0.0176802215781241,6486,0.0435923260051931,6486,0.101428283899572,6486,0.443269418877122
"1714_d","10m",7638,0.0682390314066194,0.0716425403952599,0.0214833770924285,7638,0.0188436910390244,7638,0.0527851361867339,7638,0.122966486366042,7638,0.499397355665744
"1715_a","10m",8130,0.0604073170600012,0.0604914929717779,0.0154279214459356,8130,0.0171686172993589,8130,0.047466301186305,8130,0.108069387339671,8130,0.440378980248983
"1715_b","10m",6580,0.0483705788737554,0.0477945748716593,0.0107204248974294,6580,0.0142707687963573,6580,0.0386948037863009,6580,0.0995445100703409,6580,0.452306438177082
"1715_c","10m",4926,0.0599616960718036,0.0603661723434925,0.0151106007584657,4926,0.015869273759877,4926,0.0472383415035455,4926,0.105642963601513,4926,0.436396076911111
"1715_d","10m",6398,0.0555135265977313,0.056161442771554,0.0134383035259936,6398,0.0156402277118931,6398,0.04381004115603,6398,0.105485622823921,6398,0.453426838478061
"1716_a","10m",5690,0.0616896653826134,0.0601025447249413,0.0185404816529099,5690,0.0165400198116656,5690,0.0484312033716345,5690,0.111429006641692,5690,0.462616284806144
"1716_b","10m",7236,0.0556681133052998,0.053015910089016,0.0158404254010915,7236,0.0156107979560449,7236,0.0443472290175654,7236,0.100095760979899,7236,0.419220755531449
"1716_c","10m",8641,0.0573885613101153,0.0575797036290169,0.0134317025968082,8641,0.0182557868923392,8641,0.0464372201742479,8641,0.108629973187522,8641,0.473011918436883
"1716_d","10m",3198,0.0532406756172121,0.0519385877996683,0.014538029749886,3198,0.0156191963232346,3198,0.0422862463795359,3198,0.0971978877734359,3198,0.405308283717698
"1717_a","10m",5363,0.0522160714514083,0.0501305535435677,0.0150433244383109,5363,0.0152109637574966,5363,0.0415733856318978,5363,0.095958198044746,5363,0.40864701074294
"1717_b","10m",5932,0.0558213097305839,0.0546426866203547,0.0149528296957703,5932,0.0196919634189892,5932,0.045925737606308,5932,0.101248276269411,5932,0.426335334743518
"1717_c","10m",5958,0.052250032346932,0.0523933079093695,0.0134389377095004,5958,0.0179148450261112,5958,0.0428300175588673,5958,0.109237375010363,5958,0.494816353158383
"1717_d","10m",3929,0.0524823409404447,0.0503803081810474,0.0145802603376201,3929,0.0156299293243028,3929,0.0419434015145918,3929,0.0995722481980865,3929,0.439468119174136
"1718_a","10m",6896,0.0521050909563268,0.0520502515137196,0.0119919405741518,6896,0.0154189532934291,6896,0.0419750484504465,6896,0.100204156401157,6896,0.450432572773487
"1718_b","10m",6108,0.0540563078086699,0.0538927745074034,0.0113479202562392,6108,0.016640002955115,6108,0.0434578745487051,6108,0.115368000995573,6108,0.527626095113674
"1718_c","10m",7681,0.0511000875437936,0.0514339953660965,0.0100943175561791,7681,0.0141125653951332,7681,0.0404603380077844,7681,0.110245549963348,7681,0.512342508136605
"1718_d","10m",6245,0.0545936024849944,0.0550258494913578,0.0127946279723768,6245,0.0167607833663483,6245,0.0440818921988185,6245,0.102053801314665,6245,0.442809074316111
"1719_a","10m",7913,0.0467403996109672,0.0458924025297165,0.00919601194365302,7913,0.0176654650361711,7913,0.0388674547802675,7913,0.0932026240865738,7913,0.431291093406103
"1719_b","10m",8278,0.0494432298648372,0.0492054522037506,0.00870549352244111,8278,0.0143785977767792,8278,0.0389856889331188,8278,0.104979477002045,8278,0.48831808937146
"1719_c","10m",8909,0.0512781894182163,0.0517195127904415,0.00895007656115135,8909,0.0162580678586947,8909,0.0408925658745544,8909,0.103525687112061,8909,0.471023347318467
"1719_d","10m",8395,0.0492088575419782,0.0488665029406548,0.010317738469201,8395,0.019829989950834,8395,0.041229163732102,8395,0.0937073752721657,8395,0.409312019644091
"1720_a","10m",8591,0.0587993374148787,0.0577599443495274,0.014772354559997,8591,0.024273104625687,8591,0.0491000265606579,8591,0.110704668558691,8591,0.456592079645062
"1720_b","10m",9390,0.0535333476597651,0.0531739629805088,0.00866050818332004,9390,0.017692905930374,9390,0.043556891775941,9390,0.093918792033281,9390,0.393801166346128
"1720_c","10m",9422,0.0581389180141614,0.0581947546452284,0.00930234731499112,9422,0.0179896957659544,9422,0.0473330617188077,9422,0.110614994729092,9422,0.499769517069529
"1720_d","10m",9190,0.0571484258582854,0.0576887130737305,0.00879330370049773,9190,0.0189524625764022,9190,0.0464515886913965,9190,0.105400155246116,9190,0.450710280041716
"1721_a","10m",9337,0.0558428504833722,0.0554367750883102,0.0095173085626309,9337,0.0180828100745833,9337,0.0454257085264295,9337,0.0977904859533804,9337,0.412531801035088
"1721_b","10m",8772,0.0608046542355392,0.0605602320283651,0.0114728780072072,8772,0.0174598393950946,8772,0.0489397643954434,8772,0.118298293505897,8772,0.538268048069145
"1721_c","10m",3712,0.0548425521500858,0.0549849066883326,0.00751551863662787,3712,0.0171532159840625,3712,0.044652271523518,3712,0.109977591187868,3712,0.51464036377484
"1721_d","10m",9126,0.0608125917138762,0.05940792709589,0.0145896877298467,9126,0.0241510807806809,9126,0.0506162762881786,9126,0.101067423561049,9126,0.382734626402093
"1722_a","10m",8498,0.053796762055644,0.0530904419720173,0.0103333520772422,8498,0.0188172545624941,8498,0.0441237193518057,8498,0.0905572392051695,8498,0.366574626389052
"1722_b","10m",871,0.0704897835029527,0.0708343908190727,0.00972334749633493,871,0.0241868028694999,871,0.0575295646310773,871,0.122496514869884,871,0.486867488616506
"1722_c","10m",847,0.063554837969885,0.0649192780256271,0.00937910225815631,847,0.0184480451878439,847,0.0512156108562183,847,0.102785126104856,847,0.410004530557318
"1722_d","10m",8035,0.0554766506067922,0.0555409528315067,0.00942821285952421,8035,0.0175477046873746,8035,0.0451608610286393,8035,0.0932277373344052,8035,0.385182508403172
"1723_a","10m",192,0.0568347385657641,0.0578094162046909,0.00683591630998581,192,0.0205568220661479,192,0.0467531663553451,192,0.103084316403674,192,0.408903628520978
"18_a","10m",8583,0.0605165050543526,0.0624545514583588,0.0115754591375217,8583,0.024018297181289,8583,0.0495388659970044,8583,0.122992523937363,8583,0.567859590112274
"18_b","10m",8413,0.0596599474486859,0.0602777786552906,0.0137954655695933,8413,0.0192338649964208,8413,0.0476329136908582,8413,0.118662941219734,8413,0.535190713503504
"18_c","10m",7212,0.0532140073689818,0.0533070489764214,0.0121997392263726,7212,0.0197803106086599,7212,0.0431854276201802,7212,0.109262833566387,7212,0.505213297792647
"18_d","10m",6068,0.0570226325325044,0.0579153783619404,0.0135425924316461,6068,0.0221727964607491,6068,0.0464653386382078,6068,0.115778203352492,6068,0.531478581097365
"1800_a","10m",7647,0.0557559238705597,0.0556559935212135,0.0132096443739541,7647,0.0184792756214646,7647,0.0445372672407596,7647,0.104903513369202,7647,0.464778871013457
"1800_b","10m",7744,0.0580581953611479,0.0575068071484566,0.0152503679121138,7744,0.0211299048530292,7744,0.0468116088880646,7744,0.106425062365629,7744,0.461365098131528
"1800_c","10m",7710,0.0602544461105178,0.0607353635132313,0.0160158195458164,7710,0.0221338629175532,7710,0.048783043000289,7710,0.109245481609223,7710,0.482053234917316
"1800_d","10m",7357,0.0608326775715944,0.0607583038508892,0.0174028429338611,7357,0.0215856810431198,7357,0.049841228763408,7357,0.103123136643762,7357,0.440108249631729
"1801_a","10m",7388,0.0567267190757786,0.0570539776235819,0.0139838461629099,7388,0.0209936692213942,7388,0.0459206843974532,7388,0.108346897640485,7388,0.486943134723617
"1801_b","10m",7867,0.0673818839412053,0.067646712064743,0.018233529295534,7867,0.0236854261582997,7867,0.0536781568070801,7867,0.117928159270012,7867,0.498908518001928
"1801_c","10m",7865,0.0620104141782043,0.0627389922738075,0.0142002012276075,7865,0.0220165972126808,7865,0.0497319211869307,7865,0.115318257342506,7865,0.495057389932761
"1801_d","10m",7753,0.0613082029450602,0.0616830475628376,0.0151675087811447,7753,0.0225107048539516,7753,0.0494674561986005,7753,0.110787176480179,7753,0.479609210737992
"1802_a","10m",8221,0.0576404418017801,0.0572044253349304,0.0130939866113823,8221,0.0204123196053223,8221,0.0464689604535412,8221,0.111885377915561,8221,0.498785992085919
"1802_b","10m",9112,0.057273363574556,0.0572307966649532,0.0107817370661712,9112,0.0221173030417642,9112,0.0467572836770868,9112,0.117379943046585,9112,0.532497496396496
"1802_c","10m",8592,0.0590793432169672,0.0590572543442249,0.0143780882205013,8592,0.0208939583324502,8592,0.0471975276459723,8592,0.111509258652763,8592,0.491039852987475
"1802_d","10m",7821,0.0580051834031172,0.0572653338313103,0.0150835691718803,7821,0.020767593513885,7821,0.0466556954482696,7821,0.112807682636862,7821,0.498873960677137
"1803_a","10m",4312,0.0499995298556645,0.0493635777384043,0.0120139831305255,4312,0.0185697847220065,4312,0.0407563674638635,4312,0.0965009840346391,4312,0.438316263722183
"1803_b","10m",6124,0.0505051736456508,0.0484241880476475,0.0141257121231075,6124,0.0186772663884678,6124,0.040763058185135,6124,0.0978174570137564,6124,0.443207586934336
"1803_c","10m",5295,0.0508636177275629,0.0497846193611622,0.012873429416938,5295,0.016704014535855,5295,0.0405041864524376,5295,0.0960625158121515,5295,0.420505742901727
"1803_d","10m",6893,0.0508668388991394,0.0502820089459419,0.011866668916597,6893,0.0161913232620538,6893,0.0403804968194446,6893,0.0954101052218858,6893,0.423056855598981
"1804_a","10m",5591,0.045563756554394,0.0442412234842777,0.00989673020074261,5591,0.0147502402488276,5591,0.0364311607841897,5591,0.0954509563165027,5591,0.449699048090948
"1804_b","10m",5979,0.0499438180607345,0.0489470846951008,0.0116732202888614,5979,0.0171444841741955,5979,0.040512459198004,5979,0.0995781451335325,5979,0.460675493697121
"1804_c","10m",7384,0.0539851385559221,0.0529648084193468,0.0142551558138145,7384,0.0181148985973595,7384,0.0438295335015834,7384,0.100293391974707,7384,0.444900311728796
"1804_d","10m",7251,0.0539860387943215,0.0541655272245407,0.0125374051593138,7251,0.0177449243852892,7251,0.0426182488642028,7251,0.110059837031836,7251,0.500233017435268
"1805_a","10m",6198,0.0561467901848331,0.0554875563830137,0.01516116837869,6198,0.0195610251261807,6198,0.0452313717154878,6198,0.102017638995071,6198,0.442171515719439
"1805_b","10m",7713,0.0603661972145023,0.0600605458021164,0.0168422597006098,7713,0.0191458732602321,7713,0.0484445665017924,7713,0.103384927422167,7713,0.425584062574791
"1805_c","10m",7098,0.0584597070015196,0.0580241810530424,0.0160877817092037,7098,0.0198618579032686,7098,0.047121718718436,7098,0.104037883787404,7098,0.4340422222776
"1805_d","10m",4842,0.0543466662289479,0.0538935903459787,0.0132604851479678,4842,0.019549801179212,4842,0.0437427232164889,4842,0.10535361138122,4842,0.459402415916533
"1806_a","10m",7875,0.0489916814026378,0.0486478731036186,0.0103886756714196,7875,0.0183211644900999,7875,0.0396688569924137,7875,0.105380547496612,7875,0.473542608820124
"1806_b","10m",7159,0.0482604513786507,0.0478400327265263,0.0103326371782114,7159,0.017746264379061,7159,0.0387222814871958,7159,0.103066212528223,7159,0.463537987738927
"1806_c","10m",8207,0.0548018292291629,0.0547079145908356,0.0120652124892691,8207,0.0207349724747844,8207,0.0446168146562634,8207,0.101365388820873,8207,0.423944622777757
"1806_d","10m",7906,0.0499409022928321,0.0501661151647568,0.00933478489955059,7906,0.0182267372764498,7906,0.0399501500906949,7906,0.107084410434225,7906,0.488627014482371
"1807_a","10m",5704,0.0467540165360463,0.0463779792189598,0.00953321858830698,5704,0.0162835089345482,5704,0.0373388972722402,5704,0.0930988893857802,5704,0.411427418255609
"1807_b","10m",6505,0.0462959586202434,0.0454411320388317,0.00966986763443992,6505,0.0171904301292716,6505,0.0375520451910969,6505,0.0910041078583341,6505,0.400868011521752
"1807_c","10m",6086,0.0452959132914848,0.0448044426739216,0.00922394485505404,6086,0.0180212917294343,6086,0.0372552773192944,6086,0.0897048781850023,6086,0.403217021243924
"1807_d","10m",6561,0.0492828399521529,0.0484642349183559,0.0117224229598061,6561,0.0175766729907917,6561,0.0395958751119164,6561,0.0989797930765623,6561,0.447388996435791
"1808_a","10m",6120,0.0516015245959625,0.0509081985801458,0.0129876289714512,6120,0.0192423932677113,6120,0.0417719103686271,6120,0.0987252402840862,6120,0.429176113560918
"1808_b","10m",6668,0.0522277599352009,0.0518665704876184,0.0123114566422132,6668,0.0192436907251372,6668,0.0423162664403297,6668,0.101190573055178,6668,0.43987558309733
"1808_c","10m",6793,0.0502043422821558,0.0489354394376278,0.0122851710177255,6793,0.0162610353090638,6793,0.03961406838657,6793,0.101936342939632,6793,0.438546005522584
"1808_d","10m",6643,0.0522772312746401,0.0521115064620972,0.0116975929418969,6643,0.0174270951620546,6643,0.0412950293463879,6643,0.108317264829051,6643,0.482240414259871
"1809_a","10m",8021,0.0529179274364739,0.053385753184557,0.0118394578222635,8021,0.017325246927273,8021,0.0420210091348234,8021,0.0982097678731762,8021,0.41990599334409
"1809_b","10m",5747,0.0490886531154425,0.0469755828380585,0.0130250033807041,5747,0.0173942407216644,5747,0.0396279230064449,5747,0.0938584925926529,5747,0.407825383482414
"1809_c","10m",7806,0.0510480174782385,0.0509110949933529,0.0110539101073846,7806,0.0219819604570269,7806,0.0428033169418418,7806,0.0934475272380861,7806,0.390865436357766
"1809_d","10m",6360,0.0524133319005886,0.0522129088640213,0.0122639803302738,6360,0.0174637146229442,6360,0.0413897432950961,6360,0.101843006601311,6360,0.427639068753628
"1810_a","10m",7329,0.0553218977420867,0.0559364631772041,0.0126890917509259,7329,0.0185970755583792,7329,0.0442852805688065,7329,0.106276814581636,7329,0.456820990545621
"1810_b","10m",7872,0.0596603076953282,0.0608340483158827,0.0139183033358998,7872,0.0198435795315317,7872,0.0479599467122196,7872,0.110940189700086,7872,0.474947372115846
"1810_c","10m",7881,0.0571255540571442,0.0578828789293766,0.0118311219841997,7881,0.021757152622614,7881,0.0466785153066336,7881,0.107457771980167,7881,0.461178377693481
"1810_d","10m",7294,0.0521053978093101,0.0524953734129667,0.0106367014432853,7294,0.0195649986604521,7294,0.0423898181507274,7294,0.10257604768353,7294,0.442520627331225
"1811_a","10m",8455,0.0573456665951514,0.0558350458741188,0.0148731675683196,8455,0.0220483708484533,8455,0.0468536524490215,8455,0.105887170378081,8455,0.451335235785673
"1811_b","10m",8255,0.0627529883801233,0.0641124024987221,0.014257756470432,8255,0.0235750067349065,8255,0.0508762012879937,8255,0.111000579089426,8255,0.46270902535776
"1811_c","10m",7792,0.0664921344037491,0.0669411048293114,0.0183686499537193,7792,0.0227365661691032,7792,0.0535024989921005,7792,0.115753420525073,7792,0.465192783706359
"1811_d","10m",7738,0.0514334803090871,0.0489627104252577,0.0157201258008548,7738,0.0188114514821756,7738,0.0418954047661599,7738,0.101407406286268,7738,0.44034019527783
"1812_a","10m",5262,0.0492052356742608,0.0482660830020905,0.011816613157487,5262,0.0164062268655701,5262,0.03997618610835,5262,0.0896531213280504,5262,0.388873884310455
"1812_b","10m",5088,0.0487471078588399,0.0477066431194544,0.0112417046674794,5088,0.0157329057425307,5088,0.0392223700965675,5088,0.0890843542023676,5088,0.388068127774219
"1812_c","10m",5650,0.0469856253345456,0.0463460963219404,0.00957321206329999,5650,0.0156655125471149,5650,0.0380101391035644,5650,0.0931498104226132,5650,0.423188465343482
"1812_d","10m",5801,0.051544745610518,0.051708098500967,0.0108942420183068,5801,0.0163128332991497,5801,0.0412800613387943,5801,0.104754643918307,5801,0.470873288219074
"1813_a","10m",4706,0.0490736967056382,0.0479503646492958,0.0121007124406824,4706,0.0161708150048738,4706,0.0393204474027679,4706,0.101073705315387,4706,0.459445855997541
"1813_b","10m",3288,0.0455023507585346,0.0443883370608091,0.00985023159727169,3288,0.0163874773819238,3288,0.0371638967580214,3288,0.0905109509367519,3288,0.399053107458019
"1813_c","10m",7685,0.0655083070233435,0.066020630300045,0.0181053086415066,7685,0.0229799009840105,7685,0.0524069690443932,7685,0.121223334719939,7685,0.495968865367989
"1813_d","10m",6460,0.0556646856701365,0.0536638852208853,0.0161097555049063,6460,0.0206687552701601,6460,0.0457273236001162,6460,0.0997032012553951,6460,0.430055239179255
"1814_a","10m",4818,0.0497246012192153,0.0473918542265892,0.0139618345221018,4818,0.0174438012137671,4818,0.0403941640763355,4818,0.096402861116329,4818,0.439219430889849
"1814_b","10m",8075,0.0610443779800791,0.061884880065918,0.0152010107853078,8075,0.019892500269912,8075,0.048987293625823,8075,0.116300141762336,8075,0.503781992910816
"1814_c","10m",7016,0.0495373910861653,0.0458046421408653,0.0141395097181359,7016,0.0154683677125556,7016,0.0393058411817373,7016,0.103687864110488,7016,0.470840252704086
"1814_d","10m",7053,0.0551417356793523,0.0525315999984741,0.0158261476856006,7053,0.0185790849021402,7053,0.0438403922829937,7053,0.110726479028202,7053,0.497055475836559
"1815_a","10m",8119,0.0625260628825016,0.0638628378510475,0.0162843328236599,8119,0.0190029727191981,8119,0.0485543655181615,8119,0.112957684839179,8119,0.455397159950327
"1815_b","10m",7182,0.055035814563286,0.0544411074370146,0.0138845031978712,7182,0.0162318432341462,7182,0.0436194089892051,7182,0.100141565240563,7182,0.424775201598708
"1815_c","10m",6580,0.0588448335954461,0.0590224154293537,0.0146971098045513,6580,0.019607348715481,6580,0.0469977141912991,6580,0.109828333873529,6580,0.465477285632684
"1815_d","10m",5577,0.0605244875810566,0.0606861300766468,0.0161118688920474,5577,0.0175837274890305,5577,0.0473923906667938,5577,0.110003240046254,5577,0.457402016004036
"1816_a","10m",6536,0.0575647192147664,0.0573104564100504,0.0145002006415748,6536,0.0211837412100044,6536,0.0465024403440286,6536,0.116330965885199,6536,0.49238966978977
"1816_b","10m",7663,0.0628926453509849,0.0635424256324768,0.0158870277245259,7663,0.0193258480473446,7663,0.0492400448173879,7663,0.119076227615642,7663,0.495813809572828
"1816_c","10m",5193,0.0518703934690459,0.0500606745481491,0.0147537293687248,5193,0.014930277545957,5193,0.0411857197139246,5193,0.095331155567816,5193,0.409727025435477
"1816_d","10m",5240,0.0520069750974964,0.051555011421442,0.0135396766872745,5240,0.016148964259578,5240,0.041736135783768,5240,0.098960588674971,5240,0.437644960895437
"1817_a","10m",3731,0.0451544696613407,0.0427948646247387,0.010712104683946,3731,0.0163734887787539,3731,0.0367280461798828,3731,0.0929140688133221,3731,0.42845893030758
"1817_b","10m",5628,0.0506578254587578,0.0493520721793175,0.0129780933885035,5628,0.0154573625026494,5628,0.0404092557239533,5628,0.0970388715981888,5628,0.426158366773778
"1817_c","10m",6321,0.0510592753522297,0.0497148297727108,0.0127481002529152,6321,0.0182891192855463,6321,0.0417907881680106,6321,0.0967645025990992,6321,0.431653211007384
"1817_d","10m",7572,0.0556569855578531,0.0550253205001354,0.0142273228511538,7572,0.0195097997579075,7572,0.0445497763218157,7572,0.108377343822973,7572,0.473414458027213
"1818_a","10m",6236,0.0532640595484293,0.0520486421883106,0.0147360237305975,6236,0.0187069392178985,6236,0.0436419543702894,6236,0.0951472770083118,6236,0.413530291178102
"1818_b","10m",4432,0.0518492211798704,0.0505576096475124,0.0137131548741556,4432,0.0174527309225423,4432,0.0424151572061963,4432,0.0942065114728452,4432,0.411820744563479
"1818_c","10m",5525,0.0599228070052636,0.0600609816610813,0.0159419569736566,5525,0.0158051854865078,5525,0.0475069256124834,5525,0.106900276420359,5525,0.449521956494221
"1818_d","10m",6140,0.0537423321221885,0.0523992851376534,0.0139114329329595,6140,0.0159138398709206,6140,0.0428327391820207,6140,0.104502464811419,6140,0.460551060714362
"1819_a","10m",8004,0.0495073341272086,0.0472084768116474,0.0132670017159157,8004,0.0163393673481565,8004,0.0396773050970515,8004,0.105615068327189,8004,0.500008228593848
"1819_b","10m",7010,0.0463051282132467,0.0460666231811047,0.00860251821966118,7010,0.0168156912719279,7010,0.0381736207152625,7010,0.0917429855218092,7010,0.411108917282116
"1819_c","10m",7436,0.0482624506288784,0.0462564546614885,0.012768656577757,7436,0.0185429913109385,7436,0.0400034319710673,7436,0.0913767644457763,7436,0.39751048208801
"1819_d","10m",7423,0.0575251659817786,0.052293673157692,0.0200256324839317,7423,0.0187684121561586,7423,0.0460970658798712,7423,0.102871690013123,7423,0.431924757103477
"1820_a","10m",7696,0.049862297631562,0.0494214911013842,0.0108587405351244,7696,0.0208364441807395,7696,0.0417138120586565,7696,0.0934816715731524,7696,0.392892144222438
"1820_b","10m",8110,0.050327682204811,0.0497964154928923,0.0110012137543564,8110,0.0184679506167949,8110,0.0413347860631235,8110,0.100932017424047,8110,0.438287790664872
"1820_c","10m",8979,0.0568975123233188,0.0574944764375687,0.0107953843440473,8979,0.0198633264261088,8979,0.0462088500979371,8979,0.107571950289043,8979,0.459915529534807
"1820_d","10m",8585,0.0560660292788793,0.056591410189867,0.0116728320497607,8585,0.0197794428239805,8585,0.0454363327679441,8585,0.103367089236285,8585,0.437910126049087
"1821_a","10m",9011,0.0597599197312199,0.060321107506752,0.0121836011065297,9011,0.0188867171461054,9011,0.0480018782557025,9011,0.110812609730483,9011,0.474793522763535
"1821_b","10m",9019,0.063117723986143,0.0622634962201118,0.0131701658611409,9019,0.0208820415553931,9019,0.0510547053042294,9019,0.103599400534506,9019,0.402614306771591
"1821_c","10m",9211,0.0610624247770212,0.0598266236484051,0.0147953225279691,9211,0.0260567814998443,9211,0.051389832338089,9211,0.0982810312838635,9211,0.368654621419982
"1821_d","10m",9108,0.0583446499937389,0.0588946864008904,0.010080012772571,9108,0.019795859534476,9108,0.0476281572333588,9108,0.102239073808213,9108,0.418702142951314
"1822_a","10m",8639,0.0539967132718689,0.0527136214077473,0.0105627103099886,8639,0.0218943229884448,8639,0.0450383179237452,8639,0.0999133261344481,8639,0.415316959678513
"1822_b","10m",9529,0.0597408866273861,0.0586205646395683,0.0117846926141218,9529,0.0289262385745237,9529,0.05141157474236,9529,0.101300342974911,9529,0.39271700182386
"1822_c","10m",8310,0.0538423662635394,0.0538687724620104,0.00738037135203382,8310,0.0171613844279546,8310,0.0437664059010309,8310,0.0928290725069947,8310,0.393500784608942
"1822_d","10m",1673,0.0527792814540083,0.0528325363993645,0.00634359767603445,1673,0.0179933787115646,1673,0.0431832382797428,1673,0.0989495281556277,1673,0.430636005443117
"1823_b","10m",856,0.0534548595391005,0.0538124553859234,0.00574270876073021,856,0.0187834778198342,856,0.0438716931052373,856,0.0968111119088118,856,0.418190105781307
"19_a","10m",6148,0.0604529558028359,0.0578195750713348,0.0203262130119142,6148,0.0213079066751486,6148,0.04871050675189,6148,0.111452445867552,6148,0.469780479320595
"19_b","10m",7843,0.0549058517502664,0.0556696690618992,0.0124005860304457,7843,0.0223197934192564,7843,0.0449699615446492,7843,0.111642648850818,7843,0.511716394879586
"19_c","10m",7445,0.0531700717799411,0.0540204010903835,0.0114234166058846,7445,0.0221480536187672,7445,0.0440003132375671,7445,0.111335894581327,7445,0.519614566245981
"19_d","10m",7141,0.0557796384992114,0.0561428442597389,0.0129124024226805,7141,0.0223316735974765,7141,0.0458551851376646,7141,0.115328216248002,7141,0.533688831078399
"1900_a","10m",7553,0.059347331818101,0.0602375827729702,0.0150347172524369,7553,0.0209966453651873,7553,0.0469871100836302,7553,0.110893853436547,7553,0.488143823613525
"1900_b","10m",6667,0.0542203193010509,0.0540649369359016,0.0134173303034889,6667,0.0197434611116328,6667,0.0434204483481765,6667,0.101640283820467,6667,0.450383828158064
"1900_c","10m",7339,0.0552225456264574,0.0545879676938057,0.0137045980440979,7339,0.0196878596852262,7339,0.0446352120975817,7339,0.104082080284237,7339,0.460183043099401
"1900_d","10m",6916,0.0570633687084878,0.0574806649237871,0.0136946187044973,6916,0.0199681863075822,6916,0.0451401213812313,6916,0.104401992807166,6916,0.45818563524847
"1901_a","10m",8101,0.0650055794262151,0.0674863830208778,0.0150975774511712,8101,0.0220460960208524,8101,0.0514280440981481,8101,0.11785319330604,8101,0.513918935772505
"1901_b","10m",7065,0.056629890475293,0.0554445162415504,0.0154773292363095,7065,0.0199163252921546,7065,0.0452259187450923,7065,0.112177613724633,7065,0.512670234129687
"1901_c","10m",5763,0.0560068035746808,0.0534693114459515,0.0164303747541113,5763,0.0194051692438871,5763,0.0446458930426802,5763,0.103863121259873,5763,0.430756112465756
"1901_d","10m",7266,0.055501961716067,0.0554568152874708,0.014081376678201,7266,0.0188290373992714,7266,0.044136877325698,7266,0.10667791548614,7266,0.468120384062601
"1902_a","10m",7162,0.0512353093260616,0.0505948346108198,0.0118700422964845,7162,0.0167095185200105,7162,0.0405921005702904,7162,0.104733939974471,7162,0.500977738489134
"1902_b","10m",7576,0.0527545038707566,0.0518156699836254,0.0127036179970484,7576,0.0172543361874461,7576,0.0416847662452219,7576,0.103834598676484,7576,0.477467223499541
"1902_c","10m",7502,0.0531672352340973,0.0530211552977562,0.011823630699599,7502,0.018543418808626,7502,0.0425071945275368,7502,0.105813189238647,7502,0.48725081637458
"1902_d","10m",7308,0.051662818003664,0.0512037742882967,0.011805202311188,7308,0.0203477559122516,7308,0.0422542148209962,7308,0.100700985865903,7308,0.454955185748908
"1903_a","10m",5572,0.0510190282781172,0.0503051076084375,0.0116643015217345,5572,0.0178787629944068,5572,0.0407873319871849,5572,0.102010725552112,5572,0.456743815801663
"1903_b","10m",5700,0.048963607081065,0.0485728867352009,0.010268290269577,5700,0.0191782894156434,5700,0.0396751105098782,5700,0.0944028130591019,5700,0.427514450520355
"1903_c","10m",6843,0.0606520262468036,0.0562912113964558,0.0203382137924802,6843,0.0199315617876085,6843,0.0478765699721564,6843,0.113301160437572,6843,0.480163265758518
"1903_d","10m",7149,0.0555315866169062,0.0558130890130997,0.0132653186115982,7149,0.0198322682881308,7149,0.0447920303513498,7149,0.10544839037901,7149,0.460778621361655
"1904_a","10m",6567,0.0483603088798698,0.0472548007965088,0.0109506413162332,6567,0.0179423117040944,6567,0.0396555905641131,6567,0.0940641651039744,6567,0.439430448656755
"1904_b","10m",6183,0.0467476749606822,0.045806173235178,0.0103873028546682,6183,0.017210017206246,6183,0.0380861023410079,6183,0.0920000017621921,6183,0.428142795142027
"1904_c","10m",5780,0.0459081837108236,0.0446551479399204,0.00991907420436223,5780,0.0161515412585948,5780,0.0368468270757021,5780,0.0942745652494742,5780,0.42970419873537
"1904_d","10m",5102,0.0442959349135157,0.0427755527198315,0.00946419556657667,5102,0.0159821409550759,5102,0.036095580910531,5102,0.0874506393181009,5102,0.400873997463143
"1905_a","10m",7468,0.0471564302890375,0.0468534026294947,0.00951564907832578,7468,0.0172428366822933,7468,0.0388482188328768,7468,0.0859497503139539,7468,0.374807829633984
"1905_b","10m",5323,0.0485738111933175,0.0470004305243492,0.0122807741367718,5323,0.0171574233378397,5323,0.0390847378211642,5323,0.096163403610112,5323,0.432919086720567
"1905_c","10m",6688,0.0561198608183333,0.0566508695483208,0.0135161444331102,6688,0.0197515702622104,6688,0.0448483939573276,6688,0.112399305865795,6688,0.495274032772069
"1905_d","10m",6208,0.0539937645170511,0.0520066246390343,0.0150089181804529,6208,0.0189534282800578,6208,0.0433624085947891,6208,0.10158735100104,6208,0.446660125290557
"1906_a","10m",6882,0.0593778946488637,0.0601428672671318,0.0148640953177282,6882,0.0196178564613031,6882,0.0470829380172887,6882,0.109003837837414,6882,0.468363596098982
"1906_b","10m",7169,0.0524493106967598,0.0524885728955269,0.0116672713102581,7169,0.0180110256686038,7169,0.0418655223218351,7169,0.106060925041945,7169,0.47960514286673
"1906_c","10m",5489,0.0531883864080044,0.0522662699222565,0.0134243647482332,5489,0.0173522805049295,5489,0.04251178231439,5489,0.103640105001327,5489,0.456924526466671
"1906_d","10m",7254,0.0566225249837927,0.0576219484210014,0.0131480012856087,7254,0.0190155773116167,7254,0.0452297025191264,7254,0.107983040792493,7254,0.484997701345025
"1907_a","10m",5196,0.0510618977475943,0.0502920262515545,0.0120455864826708,5196,0.0175149377656347,5196,0.0409540584200581,5196,0.0979196582017143,5196,0.433485532649997
"1907_b","10m",6202,0.0475025042057787,0.0472920220345259,0.00980266932505111,6202,0.0171515380496687,6202,0.0382890250820012,6202,0.0975177913822702,6202,0.444914150671893
"1907_c","10m",7150,0.0532093293240646,0.0533980391919613,0.0125235247895124,7150,0.0182114714412952,7150,0.0425678089468439,7150,0.10119824141922,7150,0.449152723466496
"1907_d","10m",6896,0.058805332195528,0.0591849219053984,0.0144404983865718,6896,0.0181729884476183,6896,0.0460050256096724,6896,0.108596917689428,6896,0.454441000017296
"1908_a","10m",7214,0.0567181275012129,0.0569150261580944,0.0140888098686604,7214,0.0168627504856447,7214,0.044063701994625,7214,0.103925608248456,7214,0.439679259672587
"1908_b","10m",5674,0.0543474954148183,0.0533401258289814,0.0148087756580718,5674,0.0179653613666282,5674,0.0431562596942136,5674,0.0977922900668688,5674,0.414270853649078
"1908_c","10m",6508,0.0548900576138362,0.0545809436589479,0.0135132573285291,6508,0.0155883377999736,6508,0.0428381068062349,6508,0.106895641992753,6508,0.46726969474653
"1908_d","10m",7156,0.0559186494964929,0.0554190967231989,0.0134782540403745,7156,0.0174093331166875,7156,0.0440390960725784,7156,0.114337263433116,7156,0.509570772111199
"1909_a","10m",5560,0.0453764652896994,0.0441329181194305,0.0104786132822535,5560,0.0175337311432628,5560,0.0368423109250296,5560,0.0990933185743533,5560,0.451178757449438
"1909_b","10m",6721,0.0561175168679107,0.055777408182621,0.014512550947528,6721,0.0167109254231013,6721,0.0437845268532448,6721,0.108844142110116,6721,0.47614859746373
"1909_c","10m",6733,0.0529907395957807,0.0513267442584038,0.0147977358051986,6733,0.0170002843136801,6733,0.0423782646086209,6733,0.0965947378585355,6733,0.416690330937722
"1909_d","10m",4380,0.0520321703566978,0.050986448302865,0.0135484147382055,4380,0.0175022891187026,4380,0.0416091177383661,4380,0.0990276310066833,4380,0.417334410583048
"1910_a","10m",5748,0.050711079020372,0.0508091803640127,0.0113466764440385,5748,0.0176974024288168,5748,0.0406916259858296,5748,0.0992834362993155,5748,0.425920423828817
"1910_b","10m",6186,0.0532222330257672,0.0538055207580328,0.0117641990404116,6186,0.0175633883778726,6186,0.0423386959055642,6186,0.0989233969665532,6186,0.404338405184265
"1910_c","10m",7265,0.0521111274547029,0.0527319274842739,0.0103749296243956,7265,0.0186722116562006,7265,0.0420107068619958,7265,0.101122809476396,7265,0.433554304108618
"1910_d","10m",6721,0.0521489816334383,0.0518282912671566,0.0120619336758407,6721,0.017982652300764,6721,0.0414896874535962,6721,0.10348339514341,6721,0.445691783964665
"1911_a","10m",5986,0.0493339713631124,0.0502272546291351,0.00898552210487604,5986,0.0179529324404001,5986,0.0394703604605985,5986,0.100119358092732,5986,0.427772425154191
"1911_b","10m",4454,0.0464570060172455,0.046000050380826,0.00896814470721931,4454,0.0169293633736278,4454,0.0375160501932738,4454,0.0913475042849336,4454,0.392533746023746
"1911_c","10m",7596,0.0528749970774637,0.0522726848721504,0.0110068452602655,7596,0.0172394212849698,7596,0.0420562681759931,7596,0.107803426546761,7596,0.47881945880741
"1911_d","10m",6325,0.0553151668890898,0.0560578517615795,0.0131070692819919,6325,0.0201118167581959,6325,0.0447600146415651,6325,0.102718742108123,6325,0.4412553975441
"1912_a","10m",6671,0.0547584692249947,0.0542221590876579,0.0138248929039001,6671,0.0165183394346519,6671,0.0436327610367352,6671,0.107637653777828,6671,0.474223657757448
"1912_b","10m",4568,0.0475095950969007,0.0442968960851431,0.0129330645583305,4568,0.0151559095142424,4568,0.0384132953953151,4568,0.0958300385765694,4568,0.435099090914994
"1912_c","10m",5467,0.0529024506235457,0.052541583776474,0.0129672859393845,5467,0.0160957026019051,5467,0.0420189506567456,5467,0.105243826593207,5467,0.461148892689857
"1912_d","10m",3154,0.046602685816501,0.0451635997742414,0.0107129191172875,3154,0.0159980516931539,3154,0.0375889861940083,3154,0.0967284520590918,3154,0.437130399100062
"1913_a","10m",3052,0.0487848488183089,0.0454809702932835,0.0143855240615749,3052,0.0160866587445708,3052,0.0389644380802853,3052,0.101047514324628,3052,0.456719856045134
"1913_b","10m",5998,0.0481770036337762,0.0464968346059322,0.0113702125497985,5998,0.0172073003132559,5998,0.0388170021928562,5998,0.0994913102260118,5998,0.447261083326456
"1913_c","10m",6483,0.0485589051768287,0.0470073409378529,0.011505698307458,6483,0.0175490926599755,6483,0.0395258597223128,6483,0.0942899987618104,6483,0.433268620459621
"1913_d","10m",5396,0.0478614491650115,0.0459450893104076,0.0123968142767809,5396,0.0180110731369724,5396,0.0388366867369889,5396,0.103251382339993,5396,0.484371967227443
"1914_a","10m",6009,0.0514127400648398,0.0507137291133404,0.0120965536697889,6009,0.0172208902188054,6009,0.0413003193271416,6009,0.103328842031247,6009,0.476076054886184
"1914_b","10m",5067,0.048264559223448,0.0479053258895874,0.0105572622352528,5067,0.0158315806411827,5067,0.0383609864028572,5067,0.0990602825274679,5067,0.462508919936549
"1914_c","10m",6599,0.0592861499728818,0.05835947021842,0.0167367656849147,6599,0.01805921725125,6599,0.0470593203671331,6599,0.110852574858161,6599,0.483014827179248
"1914_d","10m",4874,0.0485892723512041,0.0477315448224545,0.0110813224538932,4874,0.0149830416111282,4874,0.0388372232251288,4874,0.0941151121077222,4874,0.419895578578396
"1915_a","10m",6227,0.0530125216760551,0.0529910884797573,0.0122141185140639,6227,0.0184288102101014,6227,0.0426595837126032,6227,0.10282472447498,6227,0.446669370317863
"1915_b","10m",6145,0.0570784396368425,0.0557671748101711,0.0161049660403948,6145,0.0162373266052332,6145,0.0454003434690387,6145,0.100579138818668,6145,0.421524044999906
"1915_c","10m",6915,0.0521781634867989,0.0520459450781345,0.0117636991569525,6915,0.0170979480198289,6915,0.0419220336627278,6915,0.104059354794768,6915,0.457074047486397
"1915_d","10m",4988,0.054486982509458,0.0548317637294531,0.0125680612541143,4988,0.0163428907616327,4988,0.0431215157515581,4988,0.108893390452917,4988,0.484878257511567
"1916_a","10m",6341,0.0518739671455049,0.0517733618617058,0.0124144765177696,6341,0.016082621234166,6341,0.0411230332402772,6341,0.106668099728884,6341,0.485561452600303
"1916_b","10m",7739,0.0551079506893782,0.0551895387470722,0.0131460418847513,7739,0.0176558306880452,7739,0.0434748658143664,7739,0.111155948213354,7739,0.502352489404345
"1916_c","10m",6361,0.0500459817466993,0.0490642227232456,0.0119880992269399,6361,0.0169952346399612,6361,0.0407183559159112,6361,0.0931328086840408,6361,0.414555578392255
"1916_d","10m",4187,0.0456272447043561,0.0440230444073677,0.0104458069468133,4187,0.0137107826941638,4187,0.0370274115023559,4187,0.086011282969888,4187,0.387850527892573
"1917_a","10m",7211,0.0554613769351465,0.0549766048789024,0.0143656623298792,7211,0.0180781728110221,7211,0.0437891273403581,7211,0.108370742251892,7211,0.480309738188263
"1917_b","10m",6572,0.04936022833993,0.0482856296002865,0.0118245212864232,6572,0.016239556297441,6572,0.039238888976541,6572,0.0992413539999508,6572,0.453606540516259
"1917_c","10m",5452,0.051408490290085,0.0499188415706158,0.0134820887930011,5452,0.0168702913159677,5452,0.0417106865882213,5452,0.0917604504878976,5452,0.402364714233914
"1917_d","10m",4597,0.0508624003498722,0.0484894588589668,0.0147404300993885,4597,0.0191476912354488,4597,0.0421676422016695,4597,0.0891816683174984,4597,0.387955666155317
"1918_a","10m",5379,0.0508148973060765,0.0484295561909676,0.0140313498457898,5379,0.0162274073921061,5379,0.0407897413254295,5379,0.0980431703004942,5379,0.436790671560523
"1918_b","10m",7611,0.0545770689571476,0.0539199486374855,0.0139306890491567,7611,0.0173248130770617,7611,0.0437921278266026,7611,0.100816307899737,7611,0.443794131861372
"1918_c","10m",6554,0.0509309421103308,0.0506119877099991,0.0114482742441051,6554,0.0173155611151728,6554,0.0409958958601941,6554,0.105946972935129,6554,0.486043605252596
"1918_d","10m",5980,0.0478274599378025,0.0460769701749086,0.0122456972339508,5980,0.0151014620024557,5980,0.038612593490179,5980,0.0880843499087386,5980,0.381790527760497
"1919_a","10m",4967,0.0454581764865856,0.0443378835916519,0.0100101899496443,4967,0.0143877589544025,4967,0.036591773451023,4967,0.0836532712352358,4967,0.363302739949678
"1919_b","10m",6255,0.0434878303347041,0.0428232997655869,0.00794615113045875,6255,0.0134251232643945,6255,0.0348151285645862,6255,0.0898826634217547,6255,0.416053315300069
"1919_c","10m",6857,0.0469657688242593,0.0459986999630928,0.0101902801327355,6857,0.0165456667702394,6857,0.0384655850397528,6857,0.0893458849859586,6857,0.397069720506176
"1919_d","10m",6276,0.0438805639751521,0.0430159661918879,0.00843808726001159,6276,0.0154868052019276,6276,0.0357873129834693,6276,0.0946710454476578,6276,0.446993325585683
"1920_a","10m",5917,0.0464704554466298,0.0450360737740993,0.0109489552630281,5917,0.0173402768636879,5917,0.0378995197449178,5917,0.0957603581147635,5917,0.426128916105009
"1920_b","10m",7317,0.0486569399999533,0.0476054511964321,0.0111552412269254,7317,0.0216838803635937,7317,0.0410430640641708,7317,0.0934088053181865,7317,0.400250063320563
"1920_c","10m",7416,0.0548077333133824,0.0556182358413935,0.0121691934700371,7416,0.0174973343444404,7416,0.0442347693828203,7416,0.103802177596559,7416,0.448079624157469
"1920_d","10m",7278,0.0568902385322565,0.0564299300312996,0.013653450320754,7278,0.017302268021873,7278,0.0453691211701663,7278,0.109289384270989,7278,0.471783700087882
"1921_a","10m",7105,0.046772670856481,0.046635989099741,0.0085928407685823,7105,0.0174118449243842,7105,0.0382688945771272,7105,0.10241325807432,7105,0.472894741315434
"1921_b","10m",8871,0.0528022656848178,0.0528731010854244,0.009187592617109,8871,0.0172436344253927,8871,0.0427140558838605,8871,0.106040490412345,8871,0.474738641834446
"1921_c","10m",8717,0.054820369280985,0.0534551367163658,0.0109928914837482,8717,0.025290955273529,8717,0.046778750175912,8717,0.102324081038737,8717,0.441020205344809
"1921_d","10m",1840,0.0478327162077893,0.0484084505587816,0.00751597032004161,1840,0.0177616528257872,1840,0.0392792214477154,1840,0.10345948675821,1840,0.475429606187765
"1922_b","10m",1866,0.0629655594896577,0.063359446823597,0.0141223901345698,1866,0.0365027519853756,1866,0.056031240099745,1866,0.102786878760464,1866,0.380514358807623
"2_a","10m",8273,0.0615235582769915,0.0613760091364384,0.0172705277168369,8273,0.0177034707481718,8273,0.0491266810412477,8273,0.111067141469266,8273,0.478101553079112
"2_b","10m",7786,0.0562295070202242,0.054821515455842,0.0152599821480457,7786,0.0184480209836495,7786,0.0452392576635383,7786,0.109644580423929,7786,0.490036467168085
"2_c","10m",6135,0.0562783242018852,0.0545670725405216,0.0164407083002083,6135,0.0168923845578413,6135,0.0453082042659934,6135,0.100117679890901,6135,0.427524806282825
"2_d","10m",5100,0.0565663102539439,0.0545521415770054,0.0175211487366451,5100,0.0169237409257239,5100,0.045368606728966,5100,0.100208773394238,5100,0.423800635224303
"20_a","10m",8494,0.0584210848266029,0.0588657427579165,0.0130197438505415,8494,0.0188923702029832,8494,0.0465190816036706,8494,0.117219742580059,8494,0.526181308765509
"20_b","10m",7734,0.0524965741755674,0.052730742841959,0.0102612972528739,7734,0.0203390382940755,7734,0.0428888365973779,7734,0.11480209498926,7734,0.551197601415598
"20_c","10m",7443,0.0549979166818569,0.0552976466715336,0.0128055055020405,7443,0.020199250005708,7443,0.044468901320035,7443,0.112191159561486,7443,0.507876356268412
"20_d","10m",7563,0.0555624333632051,0.0563325732946396,0.0126121634480383,7563,0.0218684541245604,7563,0.0453325339496907,7563,0.114902975324316,7563,0.529844241741275
"200_a","10m",5888,0.0576930720664044,0.054639944806695,0.0180211034566292,5888,0.0173367733731921,5888,0.0458006632372688,5888,0.106592611002863,5888,0.444686359984689
"200_b","10m",6570,0.0640790480437095,0.0641249157488346,0.0174697326818421,6570,0.0206623035372573,6570,0.0508179079345443,6570,0.122966148107785,6570,0.504350005628992
"200_c","10m",8465,0.0651405230144724,0.0660484731197357,0.0162156629292844,8465,0.0192999147248327,8465,0.0516004441462145,8465,0.121459494577926,8465,0.504654492091883
"200_d","10m",7096,0.0587226556435022,0.0576614793390036,0.0150445479251406,7096,0.0189205556085153,7096,0.0466622881942253,7096,0.11337551388265,7096,0.487587580847603
"201_a","10m",8762,0.0654070799248971,0.0649421103298664,0.0162580084245187,8762,0.0197581110642721,8762,0.0521138251262763,8762,0.122628416283607,8762,0.527979544017364
"201_b","10m",8570,0.0663616090393522,0.0672173872590065,0.0172593983202848,8570,0.0207379183686753,8570,0.0537435423321513,8570,0.115882606446805,8570,0.484065370002073
"201_c","10m",5458,0.0525393304481595,0.0493579749017954,0.0168268072433987,5458,0.0156695068410253,5458,0.0425259962934931,5458,0.0947694175126023,5458,0.412242439164851
"201_d","10m",7408,0.059521038732421,0.0579388774931431,0.0173653761221109,7408,0.0189488963225949,7408,0.0481721292443662,7408,0.107238115513623,7408,0.456999177570202
"202_a","10m",6161,0.0491668811239359,0.046285729855299,0.0136903388889015,6161,0.0138190353415922,6161,0.0389806995613226,6161,0.0962615006572527,6161,0.419309227936075
"202_b","10m",4835,0.0523787537776512,0.0502763576805592,0.0149366427227454,4835,0.0148183115079227,4835,0.0417219025606815,4835,0.0976292984891218,4835,0.428227673295789
"202_c","10m",6198,0.0558391849009399,0.055247787386179,0.0149888477335764,6198,0.0151233383576879,6198,0.0436687235231053,6198,0.110615897916683,6198,0.49024595935185
"202_d","10m",5463,0.0528599315548137,0.050341535359621,0.0154853775189686,5463,0.0142886110418821,5463,0.0419035273776059,5463,0.0951775154965914,5463,0.400119830382892
"203_a","10m",7514,0.0646866715089526,0.0619446933269501,0.0222456205639932,7514,0.0163976636682071,7514,0.050519142889727,7514,0.109914469412275,7514,0.44175633988043
"203_b","10m",8010,0.0634802762058548,0.0599618256092072,0.0212186887383622,8010,0.0167999550103787,8010,0.0496670829315989,8010,0.109555064587398,8010,0.4504011812074
"203_c","10m",7998,0.061426956183737,0.0599929466843605,0.0175390855268008,7998,0.0196113340900624,7998,0.0495722145050084,7998,0.109816201175039,7998,0.459114184826557
"203_d","10m",8148,0.0609838063474315,0.0603869017213583,0.0173404526054765,8148,0.0176078946623876,8148,0.048363969120167,8148,0.112520192713977,8148,0.482085247169933
"204_a","10m",7381,0.0584087531244976,0.0573479980230331,0.0166446331417009,7381,0.016900388119836,7381,0.046761141720053,7381,0.107911269204936,7381,0.474478222943894
"204_b","10m",6305,0.0606939591963692,0.0589877068996429,0.0187348679622955,6305,0.0198075174014526,6305,0.0492457377829541,6305,0.108155390834607,6305,0.454825388783245
"204_c","10m",7163,0.0602222284047019,0.0586387775838375,0.0183300330870259,7163,0.0214675384752659,7163,0.0498476595701061,7163,0.106986675435641,7163,0.455697784045027
"204_d","10m",7147,0.0611920623343041,0.061357706785202,0.0174073145314624,7147,0.0189503292540559,7147,0.0493970544854529,7147,0.111145308727596,7147,0.480156782088003
"205_a","10m",6037,0.05239650520163,0.0505909062922001,0.0144876530426838,6037,0.018932681035733,6037,0.0433598926609479,6037,0.094483801177819,6037,0.404449230852912
"205_b","10m",7898,0.0588188788833068,0.0557997114956379,0.0186972056897035,7898,0.022155710224199,7898,0.0490456197312326,7898,0.101254436027056,7898,0.407827040589733
"205_c","10m",7984,0.0604774299507423,0.059535775333643,0.0167764930561422,7984,0.0204741511225254,7984,0.0497188655878406,7984,0.101882231454868,7984,0.401382806911805
"205_d","10m",7308,0.0544563549293942,0.0524864010512829,0.014182373533328,7308,0.0176203693553439,7308,0.0439919071311594,7308,0.102880911286505,7308,0.452460155044165
"206_a","10m",6636,0.0540109922379062,0.0522390082478523,0.0154215650064948,6636,0.0184645925381202,6636,0.0441774332968633,6636,0.0951619070904491,6636,0.394700511318663
"206_b","10m",6716,0.0582038054110714,0.0556922424584627,0.0188465950320636,6716,0.0205126509621341,6716,0.0479446277234084,6716,0.0993328130477941,6716,0.402106250291474
"206_c","10m",4484,0.0472771990171947,0.0458376873284578,0.011665476741182,4484,0.0145251156250449,4484,0.0378636779215014,4484,0.0877948484827336,4484,0.385928044513094
"206_d","10m",5934,0.0457266052641203,0.0445640441030264,0.00972588713660043,5934,0.0155610038871297,5934,0.0369828350509294,5934,0.0911319040359734,5934,0.412472969332567
"207_a","10m",6996,0.0483105873921753,0.0474191214889288,0.0112031968691055,6996,0.0166405099239157,6996,0.0390305651088152,6996,0.0955749599951477,6996,0.429327628521804
"207_b","10m",5962,0.0481345909758552,0.0474023018032312,0.0109512676575715,5962,0.0164873430646695,5962,0.0386788603142436,5962,0.0965930122661908,5962,0.432485492631321
"207_c","10m",6902,0.0487010897323705,0.0474577993154526,0.0114431503944834,6902,0.0171586503969955,6902,0.0393006281539617,6902,0.0961699051368949,6902,0.426126708826879
"207_d","10m",6955,0.0485201385814903,0.0470545217394829,0.0121258137097336,6955,0.0171368454578451,6955,0.039322635050164,6955,0.0934231283374616,6955,0.411332626136171
"208_a","10m",8864,0.0646299748298618,0.0643786117434502,0.0187082884075409,8864,0.0187699598532186,8864,0.0504264647501842,8864,0.121965277801052,8864,0.515460879506782
"208_b","10m",6765,0.0528371581602608,0.0512339696288109,0.0140399584856961,6765,0.0162555310498044,6765,0.0415740815234082,6765,0.10216228399582,6765,0.442363931587248
"208_c","10m",6805,0.0531389182336316,0.0522979721426964,0.0133635168208557,6805,0.0190398202120181,6805,0.0428311815991735,6805,0.113464392797225,6805,0.496767582687109
"208_d","10m",6816,0.0549343759284197,0.0519765689969063,0.0170719915370824,6816,0.0186047719010161,6816,0.0440735285034949,6816,0.109751313734214,6816,0.482057976158546
"209_a","10m",8051,0.059798353489425,0.0596809424459934,0.0157982318917218,8051,0.0200158224448399,8051,0.0482305673127022,8051,0.111368112711016,8051,0.474986510939508
"209_b","10m",8389,0.0600383350018815,0.0606733597815037,0.0147043679958864,8389,0.0235102327494173,8389,0.0496228480751434,8389,0.115244662315284,8389,0.505418607857283
"209_c","10m",8032,0.0588193683510746,0.0599077064543962,0.0128095306218077,8032,0.0242810325258175,8032,0.0488588334368129,8032,0.115269728781424,8032,0.5129849615092
"209_d","10m",7819,0.0544436084372657,0.0541523396968842,0.0126768046933444,7819,0.0227217805150058,7819,0.0452055840323388,7819,0.115465606746053,7819,0.525664641434296
"21_a","10m",8105,0.0633711905107775,0.0637677609920502,0.0166329160428341,8105,0.0223974958294284,8105,0.0497983899679272,8105,0.128042302224842,8105,0.570621248602573
"21_b","10m",7677,0.0651727600712938,0.066816121339798,0.0153616579318103,7677,0.0248589056459208,7677,0.0521777074041481,7677,0.127838586471333,7677,0.547267708168685
"21_c","10m",8007,0.0597779933603736,0.0607144683599472,0.0140477671579911,8007,0.0228950512156417,8007,0.0477438242919574,8007,0.124022015345117,8007,0.548721503822362
"21_d","10m",8318,0.0636089581126908,0.0636594668030739,0.0157181836034608,8318,0.0232760079564518,8318,0.0503205053637569,8318,0.124979612690164,8318,0.545403781041922
"210_a","10m",7262,0.0474867547344887,0.0471626259386539,0.00978504864663678,7262,0.0187305767716066,7262,0.0394036998036944,7262,0.104787351923259,7262,0.485655045947139
"210_b","10m",7544,0.050797988383854,0.0501756016165018,0.0106786061638962,7544,0.0187375610528863,7544,0.041390605736956,7544,0.107654055999973,7544,0.479729066935574
"210_c","10m",8895,0.0603637551548543,0.0602207183837891,0.014288114186473,8895,0.0210800660657369,8895,0.0493778524155049,8895,0.115983168195827,8895,0.510008529494139
"210_d","10m",7892,0.0501908726989751,0.0497721340507269,0.0107358890304554,7892,0.0198868123637241,7892,0.0420527721540819,7892,0.104057280868961,7892,0.492550151162378
"211_a","10m",8168,0.0537047971865066,0.0532310958951712,0.0123646702250262,8168,0.0192993953264264,8168,0.0436054974135363,8168,0.110351384063019,8168,0.512877154825939
"211_b","10m",7953,0.0530064016440995,0.0524555332958698,0.0124125399052242,7953,0.0186520234180737,7953,0.0425063731132511,7953,0.108285656273465,7953,0.487998071193674
"211_c","10m",7125,0.0569391200709761,0.0572022907435894,0.0146126718571607,7125,0.0203790698569871,7125,0.0454114874941962,7125,0.114557857373772,7125,0.504332189326224
"211_d","10m",6830,0.0498067083958084,0.0499766170978546,0.0105525265666946,6830,0.0174857514614049,6830,0.0399618290423376,6830,0.105905299230382,6830,0.500152546174595
"212_a","10m",6721,0.0520774936227283,0.0528700575232506,0.0106584840683444,6721,0.0178607596593809,6721,0.0415069550121654,6721,0.10628947932715,6721,0.472427607404822
"212_b","10m",7618,0.0621516345705505,0.0599484480917454,0.0188074733011804,7618,0.0205400918532369,7618,0.0489398729032385,7618,0.121828483949442,7618,0.521682822495683
"212_c","10m",7347,0.0542515642957224,0.0548723451793194,0.0115185778158039,7347,0.0190760954987342,7347,0.0431598635959491,7347,0.111238317957073,7347,0.497965064506998
"212_d","10m",7159,0.0532442358490129,0.0532338060438633,0.0123461590555715,7159,0.0188147943700762,7159,0.0422285240075388,7159,0.107108678848378,7159,0.469924700137606
"213_a","10m",6741,0.0522350946715122,0.0528282597661018,0.0104581521772377,6741,0.0191920999009649,6741,0.0421624750486161,6741,0.108453128213277,6741,0.484578551138327
"213_b","10m",6455,0.05266107874789,0.0527838096022606,0.0116639327393757,6455,0.0189869308282642,6455,0.0421506209966981,6455,0.107093235199152,6455,0.473182905772321
"213_c","10m",8081,0.0530320744324868,0.0535579435527325,0.01050260643233,8081,0.0185191845750931,8081,0.042387691594746,8081,0.107688084506768,8081,0.473002511132709
"213_d","10m",6922,0.0503918837470144,0.0497742258012295,0.0107715584153955,6922,0.0188393146324662,6922,0.0408240479832833,6922,0.103259806111841,6922,0.459654315719185
"214_a","10m",7224,0.0512441944783184,0.051525816321373,0.0105788864660096,7224,0.0188976028191166,7224,0.0412797003124293,7224,0.107925400806513,7224,0.486415912553313
"214_b","10m",7796,0.0485910106222864,0.048659885302186,0.00910383224109069,7796,0.018439103718966,7796,0.039314409722969,7796,0.106834292594824,7796,0.492974876549273
"214_c","10m",8224,0.0592095742293394,0.0591762792319059,0.0129767938198923,8224,0.0202732209476942,8224,0.0467725826154324,8224,0.120471652027338,8224,0.516023278773748
"214_d","10m",7363,0.0534321681372331,0.0540203265845776,0.0115666490662718,7363,0.0188551286130271,7363,0.0427460169560282,7363,0.110000177466089,7363,0.480630046988406
"215_a","10m",7368,0.0508507975816007,0.0504160355776548,0.0108358949717212,7368,0.0168681157151512,7368,0.0410021834062865,7368,0.101813322389667,7368,0.457303648528084
"215_b","10m",8517,0.0526473744336839,0.0527936965227127,0.0107421454302799,8517,0.0189992311375335,8517,0.0422747914604788,8517,0.115139887054322,8517,0.528863744998067
"215_c","10m",7072,0.0557619585137819,0.0556389112025499,0.0135735030106001,7072,0.0188084178483439,7072,0.0442667998928475,7072,0.112606359305509,7072,0.493120317130025
"215_d","10m",6853,0.0514872165199211,0.0508724749088287,0.0118717927938384,6853,0.016897876773604,6853,0.0410509477579162,6853,0.100222549369337,6853,0.437559417817221
"216_a","10m",8583,0.0574083852270371,0.0587559230625629,0.0111418353574381,8583,0.0230561236305834,8583,0.0467848072786578,8583,0.117474295587951,8583,0.531159430902543
"216_b","10m",7773,0.0520860706464992,0.0532618090510368,0.0095726935277141,7773,0.0198984942533558,7773,0.0422368626927583,7773,0.108129195123802,7773,0.480358540594375
"216_c","10m",8001,0.0517537547432565,0.0525236688554287,0.009794992657846,8001,0.0203931163188055,8001,0.0424292250148934,8001,0.108137142107952,8001,0.482141054806996
"216_d","10m",7645,0.0550433727087267,0.0555975809693336,0.0114764287648995,7645,0.0225956018083271,7645,0.0451634432768774,7645,0.113096753240807,7645,0.504946745581569
"217_a","10m",8638,0.0568570206588698,0.0572342295199633,0.0117666185596766,8638,0.0216636137251173,8638,0.0464937755470781,8638,0.110118456887913,8638,0.464724785949889
"217_b","10m",7356,0.0550803784587405,0.054822999984026,0.0124927633602923,7356,0.0199537913298933,7356,0.0447784599750586,7356,0.106771267516691,7356,0.455623850138041
"217_c","10m",8733,0.0558056762546717,0.0545624792575836,0.0132839270035544,8733,0.020755468831786,8733,0.0452860860493907,8733,0.111368053654753,8733,0.487145431837325
"217_d","10m",7850,0.0557947478367455,0.0547832101583481,0.0134740311346906,7850,0.0211066428479532,7850,0.0450876122746308,7850,0.115122687093063,7850,0.514284728753785
"218_a","10m",8453,0.0571997970530818,0.0556552037596703,0.0138095236651701,8453,0.0229516415535369,8453,0.0466461837809484,8453,0.116746768330732,8453,0.524564542678948
"218_b","10m",8774,0.0563429520890653,0.0570627246052027,0.0106513854676374,8774,0.0207974996501769,8774,0.0455173412728515,8774,0.120055027720126,8774,0.543838981332596
"218_c","10m",9101,0.0636540196517538,0.0654844716191292,0.0112361881207722,9101,0.0265286367734372,9101,0.0524186328550033,9101,0.128258048457145,9101,0.572488773999133
"218_d","10m",8543,0.0631329101823985,0.060864869505167,0.0182645806769171,8543,0.0234763806232651,8543,0.0509793226794355,8543,0.126220277411568,8543,0.553804791609636
"219_a","10m",7355,0.0641115999078463,0.0636987090110779,0.018955271656636,7355,0.0225279689684301,7355,0.0514464588008254,7355,0.121778129440697,7355,0.514884365630294
"219_b","10m",7555,0.0557367105924535,0.0553976185619831,0.0143281712758961,7555,0.0214753388523008,7555,0.0452317509837618,7555,0.115100186858,7555,0.519040932580996
"219_c","10m",7462,0.0627249564900116,0.0641348697245121,0.0149560393472644,7462,0.0243006535744495,7462,0.0508044977558038,7462,0.128626565518413,7462,0.575465719931864
"219_d","10m",7468,0.051199653286419,0.0502931829541922,0.0123570004038905,7468,0.0205342193598294,7468,0.0417675927693149,7468,0.108829277687545,7468,0.523722733257365
"22_a","10m",8182,0.0622018340310759,0.0573108717799187,0.0214709387353534,8182,0.0220769968633381,8182,0.0492747037419675,8182,0.123418968327602,8182,0.533765781318022
"22_b","10m",8094,0.0570345682147011,0.0580272767692804,0.0125702321897052,8094,0.0207736474169452,8094,0.0451656235435712,8094,0.118808468983944,8094,0.526750231308369
"22_c","10m",7136,0.0579920573561502,0.0570824202150106,0.0166617446567435,7136,0.0207274265243551,7136,0.0460147909996977,7136,0.116038832785622,7136,0.506085944392843
"22_d","10m",7778,0.0528874946157066,0.0531788691878319,0.0120805431470813,7778,0.0195577165173777,7778,0.0424107407156743,7778,0.113296810318177,7778,0.525605774426152
"220_a","10m",7169,0.0526350436856626,0.0519638769328594,0.0124453306561608,7169,0.0217594722699788,7169,0.0431006578902914,7169,0.110221484683578,7169,0.520872385596529
"220_b","10m",8373,0.0643582912240919,0.0650024190545082,0.016733880764652,8373,0.0238392834241068,8373,0.0515124350033266,8373,0.125087209248108,8373,0.556320386412685
"220_c","10m",5907,0.0619967943689651,0.0633204504847527,0.0169423806918886,5907,0.0214054090830472,5907,0.0493667397484959,5907,0.124643695557642,5907,0.54393828394373
"220_d","10m",7562,0.0610988345305063,0.0597859546542168,0.0182518851538145,7562,0.0208027482458712,7562,0.0484921580596748,7562,0.123430894531482,7562,0.546139662435125
"221_a","10m",7711,0.0554599758931352,0.0559143871068954,0.0129133836285897,7711,0.0205521196611045,7711,0.0449496374994466,7711,0.11415287129131,7711,0.524639087995407
"221_b","10m",9009,0.0540534607203505,0.0511051155626774,0.0137334170991149,9009,0.019218222921663,9009,0.0433232056322354,9009,0.119729143177966,9009,0.544601771187797
"221_c","10m",7676,0.0550755961063362,0.0547862965613604,0.0135820310146471,7676,0.0219893275341016,7676,0.0450611475960998,7676,0.1126752405219,7676,0.510046232352077
"221_d","10m",7690,0.0574875769707991,0.0589529424905777,0.0130932818827262,7690,0.0236626912263774,7690,0.0469000693480705,7690,0.119953530606706,7690,0.560342909874799
"222_a","10m",7403,0.0532135983810028,0.0536274760961533,0.0116062740267342,7403,0.0207298301554422,7403,0.0432283318796831,7403,0.115054348378399,7403,0.543641033638422
"222_b","10m",8370,0.0546529737547076,0.0556861087679863,0.0109401145706324,8370,0.024513141635027,8370,0.0453315172584787,8370,0.118786891886821,8370,0.57582871963203
"222_c","10m",6127,0.0526158216710199,0.0534003153443336,0.012083096766788,6127,0.0221209647468184,6127,0.0433939331344999,6127,0.111899810985129,6127,0.525597784132621
"222_d","10m",7274,0.0564110349502198,0.0550724305212498,0.0135696758420009,7274,0.0213252721339769,7274,0.0457431330132522,7274,0.121663496368522,7274,0.562618150637394
"223_a","10m",7727,0.052430801342831,0.0530961230397224,0.0101537286042647,7727,0.0192652541532432,7727,0.0424366266350867,7727,0.114823721964143,7727,0.531466775431359
"223_b","10m",7821,0.0573824495096186,0.0579118058085442,0.0129179522076186,7821,0.0214553846257206,7821,0.0463933256317195,7821,0.120956360162741,7821,0.552627251739679
"223_c","10m",8182,0.0554907163402484,0.05603869818151,0.0116310752244311,8182,0.0217126434905947,8182,0.0448651919222065,8182,0.119530013664835,8182,0.544356918596378
"223_d","10m",7496,0.0477237615810375,0.0466190185397863,0.0103080663503973,7496,0.0191871622259469,7496,0.0390943812907222,7496,0.108894077393692,7496,0.512763878749097
"224_a","10m",6634,0.0511070214720701,0.0487450454384089,0.0140003337435235,6634,0.0196948711374373,6634,0.0416028195056197,6634,0.107815981565811,6634,0.498783109559621
"224_b","10m",7850,0.0583223005253703,0.0596027337014675,0.0132054137995787,7850,0.0237451962349041,7850,0.0475120337265251,7850,0.116527578839357,7850,0.507771212466507
"224_c","10m",7569,0.0573775996667542,0.0564244762063026,0.0154554051670928,7569,0.020958973306635,7569,0.0462022439098201,7569,0.112394906336723,7569,0.492882485646213
"224_d","10m",7825,0.0594898783410795,0.0581523664295673,0.0161522111457633,7825,0.0226467238066941,7825,0.0480267107668569,7825,0.117569552470954,7825,0.525342060230391
"23_a","10m",7339,0.0440665009270504,0.0424550212919712,0.00990597235686602,7339,0.0171940161040013,7339,0.0360504480744065,7339,0.0989283468946573,7339,0.478973164008312
"23_b","10m",6661,0.0533135393048604,0.0529346354305744,0.0139830289659433,6661,0.0187775328321386,6661,0.0423752883460922,6661,0.114320098301276,6661,0.520511744807874
"23_c","10m",6929,0.0507030085899631,0.0500953532755375,0.0113421994971115,6929,0.0184107378589471,6929,0.0408612217276127,6929,0.10894850750129,6929,0.501013361781767
"23_d","10m",6958,0.0476725707767565,0.0462986472994089,0.0111015854010484,6958,0.0182475439783351,6958,0.0386263091749084,6958,0.106209344265537,6958,0.504712887328267
"24_a","10m",6594,0.0503493821381741,0.0495188217610121,0.0120803085634253,6594,0.0185261503457781,6594,0.0402658262220228,6594,0.109817901621128,6594,0.511449152045641
"24_b","10m",5546,0.0539006714894159,0.053949486464262,0.0129076349378845,5546,0.0175708799074429,5546,0.0426181689886043,5546,0.113351697151834,5546,0.507138575469229
"24_c","10m",496,0.0573075876210726,0.0574954003095627,0.0119279040485862,496,0.0198100262814315,496,0.0458385783514815,496,0.122283220015843,496,0.549416972047259
"24_d","10m",3080,0.0478709508350433,0.0461002588272095,0.0112789453674576,3080,0.0162902717195346,3080,0.038476115666634,3080,0.103360965472881,3080,0.487680970789647
"3_a","10m",7974,0.0616645056608123,0.0606380701065063,0.0181655728310457,7974,0.0186368948187266,7974,0.0491565098661874,7974,0.11435110878504,7974,0.49090699626351
"3_b","10m",7302,0.0632946637281304,0.0638974383473396,0.017927068471528,7302,0.0189819039237894,7302,0.050411272701931,7302,0.112994542760637,7302,0.477996146389574
"3_c","10m",7704,0.0591994732118338,0.0582316350191832,0.0166055449672936,7704,0.018676020603005,7704,0.0475241357045263,7704,0.10595850488916,7704,0.454673406177888
"3_d","10m",7647,0.062013981131172,0.0594977848231792,0.0200086571263991,7647,0.0166800787091046,7647,0.0487715342146344,7647,0.111349822983346,7647,0.472961611267931
"300_a","10m",7170,0.0524166827270634,0.0513564553111792,0.0130157013372555,7170,0.0165760111004546,7170,0.0418459011767298,7170,0.0991239768846039,7170,0.433744289096211
"300_b","10m",5886,0.0529147548056098,0.0499556045979261,0.0155869469490814,5886,0.0148625016224612,5886,0.0418084552923867,5886,0.100858593663975,5886,0.439324488467605
"300_c","10m",6332,0.0469909354038913,0.046384746208787,0.0095854410983441,6332,0.015589999962916,6332,0.0376478587084977,6332,0.102564889226555,6332,0.472591813816039
"300_d","10m",4499,0.0478685500216593,0.0469515770673752,0.0104296015807761,4499,0.0166754063015575,4499,0.0385748917739418,4499,0.0992664644458315,4499,0.440486774296926
"301_a","10m",7436,0.0527827857984526,0.0531180705875158,0.0116297191641064,7436,0.0177200988912632,7436,0.0423010754713403,7436,0.106873607099235,7436,0.460873364029034
"301_b","10m",6917,0.0521937579652237,0.0516669861972332,0.0124553069142737,6917,0.0177233479759667,6917,0.0420644331947766,6917,0.106132306045824,6917,0.460783473982754
"301_c","10m",6137,0.0562120661827243,0.0562046840786934,0.0138396146584432,6137,0.0182792565301013,6137,0.045090813276213,6137,0.108948317818042,6137,0.471360205477931
"301_d","10m",7573,0.0562368221635093,0.0562848821282387,0.0137909298745172,7573,0.0180719988442195,7573,0.0451837960359293,7573,0.1040656837393,7573,0.434007859282224
"302_a","10m",7477,0.0561919717211065,0.0568570122122765,0.0112329626792759,7477,0.018304312670068,7477,0.044857134480719,7477,0.109560571585297,7477,0.47411464580068
"302_b","10m",6039,0.0517993574895089,0.051012571901083,0.0129565577632309,6039,0.0165429867186099,6039,0.0413680235123781,6039,0.103497249332595,6039,0.461748117740447
"302_c","10m",5963,0.0565115863214613,0.0567116029560566,0.0137629305730437,5963,0.0179840291359575,5963,0.0447474122731453,5963,0.11209592327678,5963,0.479427681321195
"302_d","10m",7293,0.0531911130575189,0.0542783252894878,0.0106115912368728,7293,0.0183409684848295,7293,0.0427381995796039,7293,0.105250935418786,7293,0.448502685932237
"303_a","10m",7684,0.057759303224352,0.0586111694574356,0.012135505624995,7684,0.0199485648785776,7684,0.046779373885991,7684,0.117638556827742,7684,0.506228182380258
"303_b","10m",7494,0.0568007340827226,0.0543220564723015,0.0167629293354967,7494,0.0150566129982004,7494,0.0445492004490486,7494,0.104860924134665,7494,0.446785028935093
"303_c","10m",8471,0.0720936383613588,0.0704786777496338,0.0219278880887777,8471,0.0196672431636543,8471,0.0557739947831385,8471,0.127277880615314,8471,0.512737664973517
"303_d","10m",8604,0.0609425265733404,0.0611714776605368,0.014260060302176,8604,0.0210980256745714,8604,0.0494221045786006,8604,0.125071268937184,8604,0.540058570517888
"304_a","10m",8972,0.0689208534889993,0.0684647485613823,0.016406080836024,8972,0.021311643685711,8972,0.0557872010920249,8972,0.127150717453968,8972,0.522955867689447
"304_b","10m",6874,0.0594713222495572,0.0586633291095495,0.0172278866257746,6874,0.0176678556976961,6874,0.0474096993247932,6874,0.112180812129619,6874,0.48756091416669
"304_c","10m",7082,0.0586981423853023,0.0584364645183086,0.0161614787482185,7082,0.01754565154383,7082,0.046848392166204,7082,0.112053149159237,7082,0.494619568995974
"304_d","10m",9130,0.0655910770485314,0.0658557675778866,0.0132398412478491,9130,0.0227403415201133,9130,0.0537415051442255,9130,0.125421901345886,9130,0.515743554294991
"305_a","10m",9147,0.0707594361353751,0.0694888904690742,0.0167863672802946,9147,0.023070035881137,9147,0.0571737245277833,9147,0.130206876543426,9147,0.544180957515591
"305_b","10m",5875,0.0516691062276034,0.0505555383861065,0.0132856562104463,5875,0.0180394580907257,5875,0.0423063659265547,5875,0.0971943041676665,5875,0.432483809611087
"305_c","10m",7361,0.0496762802412172,0.0501814559102058,0.00935375309697806,7361,0.0168639674327656,7361,0.0401163074763299,7361,0.096783565958948,7361,0.441236245470751
"305_d","10m",7028,0.0552731839789944,0.0549045298248529,0.0144530896665138,7028,0.0182357363875469,7028,0.0449209776849448,7028,0.100334418517827,7028,0.425873761651502
"306_a","10m",6047,0.0494149511448062,0.0470956638455391,0.01313018303253,6047,0.0174640478368757,6047,0.0409377341257543,6047,0.0908213691051777,6047,0.390798398230428
"306_b","10m",6447,0.0515073087362263,0.0497348979115486,0.0137795800284826,6447,0.0172279656180227,6447,0.0422380319649362,6447,0.0951390947324953,6447,0.409559517704893
"306_c","10m",5092,0.0454735887754132,0.043273052200675,0.0108510796179767,5092,0.0158275940639899,5092,0.0370896568105709,5092,0.0894493966212823,5092,0.396720602419922
"306_d","10m",5957,0.0513761709845239,0.0492893531918526,0.0141571218822131,5957,0.0180329148414041,5957,0.0418783816468948,5957,0.0954248986492307,5957,0.406610050940871
"307_a","10m",7496,0.0499305625614117,0.0493046715855598,0.0107079963822437,7496,0.0175362999310271,7496,0.0409497624167643,7496,0.0906357240636918,7496,0.378925219869426
"307_b","10m",7655,0.0495741197976857,0.0492597185075283,0.0102067847475315,7655,0.0173924071543279,7655,0.0403402694383058,7655,0.0948982970708521,7655,0.41300474322249
"307_c","10m",6905,0.0483526830711846,0.0479153618216515,0.010391164509634,6905,0.016852683202781,6905,0.0392436050673695,6905,0.0914513498582977,6905,0.401902415787986
"307_d","10m",7256,0.0517433147893884,0.0517827700823545,0.0107724807365902,7256,0.0175502384645804,7256,0.0418841802198023,7256,0.100875631464203,7256,0.442448871773283
"308_a","10m",7465,0.0501933764381869,0.0489190071821213,0.0123867610971751,7465,0.018398518142424,7465,0.0408178347009984,7465,0.103797071547612,7465,0.481601045578439
"308_b","10m",6254,0.0453258672592727,0.0439121257513762,0.00993586047992025,6254,0.0154477909062945,6254,0.0364643252580469,6254,0.0941004139343415,6254,0.439777139173454
"308_c","10m",6086,0.0475424392570595,0.044294698163867,0.0141070216165865,6086,0.0190560732504208,6086,0.0392915831032892,6086,0.0934316009753883,6086,0.428175084503099
"308_d","10m",8384,0.0546249474737818,0.0553555693477392,0.011409624085256,8384,0.0208123870679034,8384,0.0446206240254864,8384,0.108367525500104,8384,0.499003749974463
"309_a","10m",6915,0.0537214170131275,0.0528422519564629,0.0133680695892596,6915,0.019256413179643,6915,0.043410436184641,6915,0.108963207599889,6915,0.489708500189781
"309_b","10m",6642,0.0584647603222505,0.0588809438049793,0.0152924544096577,6642,0.0184377097350475,6642,0.0463680291716972,6642,0.115431947196572,6642,0.499756567849901
"309_c","10m",7545,0.0589455273157915,0.0601415932178497,0.0141315114263794,7545,0.0165517618366869,7545,0.0455062277482641,7545,0.116947052900006,7545,0.501165134284199
"309_d","10m",7590,0.0605784463488812,0.0617294069379568,0.0129130257801697,7590,0.0208287189074505,7590,0.0483429818130267,7590,0.120279972372089,7590,0.529437198642901
"310_a","10m",8084,0.0579654214388052,0.0581543203443289,0.0136905999975984,8084,0.0251774995122873,8084,0.048992775043388,8084,0.111659494516449,8084,0.505938106721349
"310_b","10m",7709,0.05240552838351,0.0508357509970665,0.0130817797956942,7709,0.0191647281035692,7709,0.0426399821826625,7709,0.110601862659322,7709,0.498322341127635
"310_c","10m",7993,0.0599644762702379,0.0584094189107418,0.0173737658746374,7993,0.0250412702271799,7993,0.0505218211573276,7993,0.11151935608482,7993,0.488491179300301
"310_d","10m",7386,0.0584185539560446,0.0589886717498302,0.0143166878815246,7386,0.0254854018471054,7386,0.049285088537763,7386,0.110025294400705,7386,0.489512948449787
"311_a","10m",6088,0.049180847782343,0.0483224336057901,0.0110905199640202,6088,0.0178306534567863,6088,0.0399154735268223,6088,0.101747845675888,6088,0.456758164451084
"311_b","10m",7673,0.0614012458927179,0.0612852945923805,0.0149454326910806,7673,0.0212699495205603,7673,0.0495111694235657,7673,0.117477677161262,7673,0.503990560155753
"311_c","10m",6066,0.0519806090705502,0.0513434484601021,0.0124045615202475,6066,0.0181044405027031,6066,0.0416937063132273,6066,0.105144725741346,6066,0.472687192987767
"311_d","10m",7521,0.0584226591816439,0.0561536774039268,0.0163768237959558,7521,0.0196261712197352,7521,0.0466062971146043,7521,0.112551978553675,7521,0.484802752647025
"312_a","10m",8408,0.0717937480700384,0.0734043568372726,0.0202870192103022,8408,0.021909728913022,8408,0.0559373361743733,8408,0.134006492671014,8408,0.557270976832388
"312_b","10m",7387,0.0566036785015121,0.0510871969163418,0.0207990103105228,7387,0.0189191727982253,7387,0.0448665018787511,7387,0.113741002049354,7387,0.514812432681244
"312_c","10m",6941,0.0528346121801202,0.0531818941235542,0.011799374219884,6941,0.0176435306220101,6941,0.0420127316365943,6941,0.110691852913771,6941,0.503528501750769
"312_d","10m",6762,0.0595231838907228,0.0592378340661526,0.0157279809423167,6762,0.0199717785418438,6762,0.0473154049953083,6762,0.11464063609479,6762,0.503053338817042
"313_a","10m",8388,0.0585509750900571,0.0587113574147224,0.0140718597275704,8388,0.0218416915237727,8388,0.0475125384475267,8388,0.112244476661959,8388,0.514284043157145
"313_b","10m",7872,0.0563435397272725,0.0559079814702272,0.0138749142940937,7872,0.0199878845964953,7872,0.0453655951199292,7872,0.112330836663369,7872,0.508700431640756
"313_c","10m",7725,0.0539231085355324,0.0538701862096786,0.0122579961933745,7725,0.0182743606458799,7725,0.0433705322478196,7725,0.11064557867203,7725,0.515757700774469
"313_d","10m",5920,0.0549259465408033,0.0547109171748161,0.0135474310704856,5920,0.0210024013473476,5920,0.0447307602599156,5920,0.108180705625784,5920,0.491064363351142
"314_a","10m",7824,0.055438608514166,0.0560199413448572,0.0117728563081679,7824,0.0207911327521503,7824,0.0448521779144729,7824,0.116171040285757,7824,0.523396793786467
"314_b","10m",7805,0.0530491856133839,0.0532102026045322,0.0113048600507652,7805,0.0184725090090356,7805,0.0424335099702084,7805,0.111554844151056,7805,0.508686272276395
"314_c","10m",7065,0.0517914797947264,0.0513955876231194,0.0115836320294253,7065,0.0192532414498242,7065,0.0417298723198078,7065,0.109073537059959,7065,0.496658330992697
"314_d","10m",7156,0.0468837226243339,0.0463564712554216,0.00916019304836786,7156,0.018336647109926,7156,0.0383262958293172,7156,0.102577096292251,7156,0.474651709288055
"315_a","10m",7610,0.0557424426585455,0.0571104474365711,0.0115394155328395,7610,0.0219688503395297,7610,0.0454667709270338,7610,0.112052640492026,7610,0.485634114239235
"315_b","10m",8338,0.054875812581728,0.055486012250185,0.0112133077410426,8338,0.0197242635130432,8338,0.04427905537497,8338,0.109192147014807,8338,0.472829130125217
"315_c","10m",8556,0.0577398255232734,0.0580551493912935,0.0130869388445632,8556,0.0196195251341786,8556,0.0455421106345282,8556,0.11827951164647,8556,0.51126245103038
"315_d","10m",7218,0.0545597453068774,0.0546441935002804,0.0114364580694012,7218,0.0216732987647764,7218,0.0445819803502085,7218,0.112492533011854,7218,0.506434476871945
"316_a","10m",8078,0.0633894121219012,0.0623780712485313,0.0170730538171676,8078,0.0222648202020897,8078,0.0503929879598665,8078,0.125408728712845,8078,0.528744850245925
"316_b","10m",8599,0.0586430476240858,0.0590126290917397,0.013687010674904,8599,0.0227442458273304,8599,0.047450503812535,8599,0.121308865192801,8599,0.545176439605084
"316_c","10m",7837,0.0556630721194291,0.0558064430952072,0.0128844504187555,7837,0.0204615063361221,7837,0.0449065558621972,7837,0.115707986467511,7837,0.514312405800633
"316_d","10m",8731,0.0588929454344062,0.0582067146897316,0.0149519702652762,8731,0.020565958721061,8731,0.0473875912992369,8731,0.112187373374675,8731,0.475829221404233
"317_a","10m",7500,0.0547618778181573,0.0524106621742249,0.0149958502238987,7500,0.0186474947164042,7500,0.0442074767929103,7500,0.108084563273664,7500,0.468801072335502
"317_b","10m",7828,0.0516815176433524,0.0517454408109188,0.010504394179926,7828,0.0180018406750596,7828,0.041264722533197,7828,0.113519035498595,7828,0.522397756258013
"317_c","10m",7471,0.0550836579303971,0.0553274862468243,0.012823230436397,7471,0.0200727148559302,7471,0.044693887669798,7471,0.108101757121585,7471,0.469985932385909
"317_d","10m",9098,0.06303043683115,0.0630424842238426,0.0152920636627179,9098,0.0183895084344499,9098,0.0501395328846065,9098,0.114342756966669,9098,0.476625064321896
"318_a","10m",8447,0.0619278124046157,0.0631076097488403,0.0143072587154578,8447,0.0244882599389554,8447,0.0505674339305716,8447,0.114917721643864,8447,0.490522862948884
"318_b","10m",8226,0.0621279676764327,0.0642847344279289,0.0134278882663352,8226,0.0249329774314901,8226,0.0503920859990636,8226,0.124583967903332,8226,0.551431006902923
"318_c","10m",7832,0.0580464884585513,0.0569137968122959,0.0154289540010464,7832,0.0221675648826341,7832,0.0469994484507333,7832,0.116877736046012,7832,0.514430631784317
"318_d","10m",7793,0.049778122270362,0.0471695065498352,0.0123811646301857,7793,0.0189950702000763,7793,0.0407331922383979,7793,0.100623611721931,7793,0.463562875555107
"319_a","10m",8342,0.0585489626636707,0.0571751371026039,0.0162275579926305,8342,0.021506199208292,8342,0.047314729348239,8342,0.1168484121238,8342,0.511624130113785
"319_b","10m",8709,0.0652611050549465,0.0674189478158951,0.0151904386799914,8709,0.0241132316825443,8709,0.0526766418693412,8709,0.124732888624659,8709,0.529116790106659
"319_c","10m",8983,0.0676010369206973,0.0709327012300491,0.0157048749336833,8983,0.0262001260063752,8983,0.0550235095491653,8983,0.128531512695501,8983,0.561992869627684
"319_d","10m",8602,0.0661503690981558,0.0678658410906792,0.0129989722887319,8602,0.0267348997082577,8602,0.0541951484606313,8602,0.1285581367285,8602,0.564056049513158
"320_a","10m",8631,0.0613551658473874,0.0617464408278465,0.0135684247940053,8631,0.023268907926886,8631,0.0497011600841953,8631,0.120736063948436,8631,0.529105054756372
"320_b","10m",6500,0.0498361236819854,0.0487581212073565,0.0118700481443369,6500,0.0195645467140035,6500,0.0406298813164582,6500,0.102319358494598,6500,0.48355640707925
"320_c","10m",8434,0.0543908145098037,0.0552044454962015,0.0112238944606,8434,0.0203721250968945,8434,0.0441294845396711,8434,0.112432876063613,8434,0.51837097968923
"320_d","10m",8435,0.0570817182773518,0.057448998093605,0.0133954922780817,8435,0.0212720846226213,8435,0.0460638164581733,8435,0.115575448442831,8435,0.530978807974017
"321_a","10m",7518,0.0624517402315602,0.0607096739113331,0.018380204582939,7518,0.0226861647670919,7518,0.0501540537281669,7518,0.118771042727388,7518,0.522177670836036
"321_b","10m",7405,0.0546481705316613,0.0548861175775528,0.0123751175650503,7405,0.0192961171573779,7405,0.0440930750315251,7405,0.108310152324514,7405,0.485666590137368
"321_c","10m",6568,0.0544551773341066,0.0538628008216619,0.0136101957647432,6568,0.0208094013076049,6568,0.0441965465891292,6568,0.112143003527455,6568,0.517222089530147
"321_d","10m",7915,0.060025324282517,0.060220044106245,0.015752943554369,7915,0.020477494925931,7915,0.0479931798598757,7915,0.117825193181991,7915,0.516350665084199
"322_a","10m",8933,0.0558404937619213,0.0563140735030174,0.0117881888532673,8933,0.0189182774969349,8933,0.0448850215284754,8933,0.119526919292726,8933,0.553231440290423
"322_b","10m",6299,0.0539931027855352,0.0532314814627171,0.0126520490957165,6299,0.0192817658735165,6299,0.0434164546822321,6299,0.117215298769104,6299,0.533458827449029
"322_c","10m",8287,0.0635541065557721,0.0650860890746117,0.0145431716823938,8287,0.025376677903618,8287,0.0521170922837465,8287,0.128616239367067,8287,0.587126872846354
"322_d","10m",8176,0.0545289557795778,0.0553681682795286,0.0111459006139678,8176,0.0183699116604586,8176,0.0437441843345384,8176,0.115452502160485,8176,0.528503409109266
"323_a","10m",7442,0.0536503360264586,0.0538483429700136,0.0119046672448437,7442,0.0199802149160859,7442,0.0434683920815069,7442,0.113827787849527,7442,0.524238940623429
"323_b","10m",7536,0.0543923230358299,0.0542859546840191,0.0128166586935719,7536,0.0188861178653386,7536,0.0439953715772717,7536,0.111243244215247,7536,0.503733956118978
"323_c","10m",8617,0.0607521238456774,0.0597673356533051,0.0159049677683871,8617,0.0191709364607569,8617,0.0480406494642511,8617,0.115934098777495,8617,0.505950810979376
"323_d","10m",8053,0.056874757996908,0.0546745248138905,0.0162004122051715,8053,0.018424426785713,8053,0.0451488110166327,8053,0.116071415717553,8053,0.521673423484353
"324_a","10m",7168,0.0526135736217839,0.0507732648402452,0.0136756642255553,7168,0.0195119499436144,7168,0.0429958301249696,7168,0.112473666612899,7168,0.525803347171002
"324_b","10m",6909,0.0546850517625629,0.0541973225772381,0.014022297927604,6909,0.0200790070489535,6909,0.0439822419938885,6909,0.111703036875232,6909,0.504145618208623
"324_c","10m",8147,0.0569363768109957,0.0549860894680023,0.0155818111404397,8147,0.0212177888540698,8147,0.0461201421830275,8147,0.114407695780014,8147,0.515253508595952
"324_d","10m",7836,0.0588716329893096,0.0590076297521591,0.0150704791831523,7836,0.0231886017552917,7836,0.0480942003123606,7836,0.119318269229989,7836,0.534943750209692
"4_a","10m",6707,0.0608278609039097,0.0599665716290474,0.017700686013535,6707,0.0183315212531274,6707,0.0485211477488915,6707,0.11042002690248,6707,0.477593170893971
"4_b","10m",7809,0.055333924069161,0.0525819696485996,0.0162720931939195,7809,0.0197805879236532,7809,0.0448245864790427,7809,0.112391957026934,7809,0.519635554124832
"4_c","10m",5833,0.0587172679732109,0.0572891160845757,0.0170315720291691,5833,0.0198315245872479,5833,0.047481913774019,5833,0.106595456350594,5833,0.457090067675737
"4_d","10m",7940,0.0647054699976795,0.0658574439585209,0.0180005081719553,7940,0.0205592008092796,7940,0.0519936826574064,7940,0.116013941258705,7940,0.494281806288423
"400_a","10m",8099,0.0628137570663372,0.0630612969398499,0.0159951786309484,8099,0.0198808358930012,8099,0.0497742633699506,8099,0.115564549240032,8099,0.473795788345217
"400_b","10m",7483,0.0621220914640262,0.0597804524004459,0.0187051810842923,7483,0.0177745834110751,7483,0.0487810275737429,7483,0.111732415770507,7483,0.46213947677552
"400_c","10m",4845,0.0534217851761233,0.0516600497066975,0.0149252302611617,4845,0.0171658160243871,4845,0.0424898223843127,4845,0.104180981415759,4845,0.447775229023668
"400_d","10m",8215,0.0594252490937909,0.0592846572399139,0.0157485349247003,8215,0.0177424964349451,8215,0.0471171137611283,8215,0.109086423832206,8215,0.465459721803556
"401_a","10m",6831,0.0609728444453267,0.0572211593389511,0.0203340273839973,6831,0.0171027724273335,6831,0.0483207535155151,6831,0.108108930178599,6831,0.456151941721754
"401_b","10m",7542,0.066814819551378,0.0661662742495537,0.0212344747498279,7542,0.0192258765541363,7542,0.0531861364131194,7542,0.114482075376638,7542,0.469554257217357
"401_c","10m",6247,0.0566536422263713,0.0559996962547302,0.0151861759870781,6247,0.0171376508757519,6247,0.0456567010693074,6247,0.102349393501099,6247,0.435090548576764
"401_d","10m",5282,0.0563261974550042,0.0557043235749006,0.0159341633486653,5282,0.0152249347910656,5282,0.0445445801582479,5282,0.101500158184964,5282,0.424776146806472
"402_a","10m",6598,0.0661286116244848,0.065817017108202,0.0197509521180719,6598,0.0174925263637438,6598,0.0519375276490443,6598,0.112647803124281,6598,0.452894492416345
"402_b","10m",6969,0.0588708303915277,0.0585157498717308,0.0169482648725733,6969,0.0175879146646411,6969,0.0470485930319158,6969,0.107275498326308,6969,0.448553051592814
"402_c","10m",7065,0.0683569323224057,0.0680359303951263,0.0205067224245565,7065,0.0220750547104988,7065,0.0554798763753989,7065,0.114300805764531,7065,0.459200333526623
"402_d","10m",7978,0.0740806831041803,0.0728637129068375,0.025726317716683,7978,0.0208865548775414,7978,0.0584966441042715,7978,0.118375274991935,7978,0.454198308879625
"403_a","10m",8396,0.0599720409510923,0.0590530708432198,0.0142183255392088,8396,0.0191857938518259,8396,0.0476674569728004,8396,0.119236195930781,8396,0.503806878070907
"403_b","10m",7531,0.056331848739527,0.0551726669073105,0.0161274484211301,7531,0.0189908667289374,7531,0.0455042605263346,7531,0.10643789387223,7531,0.445446392749845
"403_c","10m",8192,0.0670358484121607,0.0655232220888138,0.0200779538035386,8192,0.0188653510217781,8192,0.053189600701858,8192,0.119540306586279,8192,0.486990941200202
"403_d","10m",7821,0.0605100450179675,0.060208398848772,0.0152920958946674,7821,0.0168429705384384,7821,0.0477887079264738,7821,0.116619586948411,7821,0.503241938248442
"404_a","10m",8336,0.0701160866840011,0.0721209011971951,0.0186844090740492,8336,0.0190853468045574,8336,0.0553910838563546,8336,0.125625025663171,8336,0.511694714878427
"404_b","10m",9193,0.0759539001168561,0.0765419825911522,0.0170755317553365,9193,0.0202553517081187,9193,0.060217821156639,9193,0.133543453279386,9193,0.540173375407196
"404_c","10m",9560,0.0818538652444609,0.0833857171237469,0.015229805899456,9560,0.0263351329624274,9560,0.0654544615758877,9560,0.154853991180446,9560,0.622280638665304
"404_d","10m",8960,0.0684630518431991,0.0684945657849312,0.0157549770739444,8960,0.0222469357579405,8960,0.0556099420400976,8960,0.132670244800225,8960,0.540211970916716
"405_a","10m",9331,0.0683261257915804,0.0692091807723045,0.011928454165268,9331,0.0210032642366939,9331,0.0554655883668912,9331,0.125472963056643,9331,0.512783053866196
"405_b","10m",9174,0.0696881391668007,0.0684339292347431,0.0156813656114926,9174,0.0263725365155239,9174,0.0580497871885376,9174,0.130067998702378,9174,0.521567148576536
"405_c","10m",9022,0.0655632587393357,0.0670132040977478,0.013948359148552,9022,0.0228080715219852,9022,0.0539447325179087,9022,0.119218301010496,9022,0.48549801557982
"405_d","10m",9449,0.071876947708599,0.0722181349992752,0.0127037637355623,9449,0.0242058953191718,9449,0.0584050038365608,9449,0.136966266078489,9449,0.570618520107032
"406_a","10m",8748,0.0614667337828124,0.0620447602123022,0.0135773936398076,8748,0.023990355750317,8748,0.0511328879114796,8748,0.116902667777375,8748,0.483835171957223
"406_b","10m",7281,0.0595911872849358,0.0596434995532036,0.0157382967430495,7281,0.0206027926972463,7281,0.0489032584410032,7281,0.1101455878558,7281,0.464354367093768
"406_c","10m",6564,0.0550011496884223,0.053566362708807,0.015234688442318,6564,0.0184375838040176,6564,0.0437560161508118,6564,0.102560136328473,6564,0.433671074409576
"406_d","10m",6784,0.055249888086384,0.0542764235287905,0.0154055933664882,6784,0.0222333746284029,6784,0.0460507428683778,6784,0.100925302753815,6784,0.410001224421386
"407_a","10m",6981,0.0506896376844601,0.0481650047004223,0.0143603629665367,6981,0.0175877272172874,6981,0.0417762612456575,6981,0.0853587167738264,6981,0.332888272859956
"407_b","10m",5378,0.0521448726446135,0.0490846801549196,0.0165212817604691,5378,0.0178524922043904,5378,0.0427108172569276,5378,0.0873834016107299,5378,0.338571790124561
"407_c","10m",5595,0.0518306627120553,0.0486053973436356,0.0159721154293271,5595,0.0153329627656731,5595,0.041991252696362,5595,0.0936514234344585,5595,0.383892795796742
"407_d","10m",6502,0.0526959324586175,0.0521799810230732,0.0120688881874132,6502,0.0168885870687646,6502,0.0429927294822037,6502,0.0937753449434891,6502,0.383816257647423
"408_a","10m",5996,0.0528045982483394,0.0518647376447916,0.0137394672976922,5996,0.0183989762094941,5996,0.0433107682132125,5996,0.104157267373448,5996,0.462905051775794
"408_b","10m",5367,0.0492233667183943,0.0480678305029869,0.0120370074410024,5367,0.0170361972229439,5367,0.0402522711319229,5367,0.098746250007922,5367,0.456688675167414
"408_c","10m",7007,0.0519928294251921,0.0519535653293133,0.0117488204730148,7007,0.0210836137574252,7007,0.0432973393750436,7007,0.102390307323634,7007,0.469848978511656
"408_d","10m",7125,0.0577582734167053,0.0562811382114887,0.0171345800237168,7125,0.0215029951243445,7125,0.0477501150836566,7125,0.108130274340933,7125,0.477487521797921
"409_a","10m",6856,0.0554253790373267,0.0532913617789745,0.0159309215012064,6856,0.0192420511559793,6856,0.0449575693815113,6856,0.106261426706051,6856,0.467005938694594
"409_b","10m",6679,0.0487887514985207,0.0487376973032951,0.0101465274988303,6679,0.0190421682741646,6679,0.0402313738145551,6679,0.0956081902384452,6679,0.439424205992166
"409_c","10m",7197,0.0556745227554142,0.0551061630249023,0.0136438278046704,7197,0.0219161803829467,7197,0.0457675920292073,7197,0.112951711938047,7197,0.516608846125333
"409_d","10m",5989,0.0597894830869641,0.0588530637323856,0.017295765050615,5989,0.020508794319451,5989,0.0485146180222528,5989,0.110494906311002,5989,0.476263560735866
"410_a","10m",7655,0.0628975244322919,0.0629892721772194,0.0162684332557045,7655,0.0208602264101947,7655,0.0497910569521971,7655,0.118043779056959,7655,0.501391265293524
"410_b","10m",8374,0.0556781221819979,0.056189464405179,0.0116650184079497,8374,0.0217280369803721,8374,0.0456875784458001,8374,0.112293890608759,8374,0.51823126230009
"410_c","10m",7644,0.0546234104210196,0.0544709861278534,0.0131003880525889,7644,0.0219290527404228,7644,0.0450439606890956,7644,0.112069134501494,7644,0.510347356514188
"410_d","10m",8271,0.0691679184744028,0.0686720311641693,0.0191062899013436,8271,0.0217268681480636,8271,0.0543426318057587,8271,0.129177829527235,8271,0.527242359906514
"411_a","10m",8064,0.0623352865973536,0.057384479790926,0.0201986130715097,8064,0.020728219994169,8064,0.0493574208876226,8064,0.125531947067143,8064,0.53363962643438
"411_b","10m",7378,0.0483942792790531,0.0486848521977663,0.00927576023165575,7378,0.0184471191730696,7378,0.0394903768066456,7378,0.104431957961707,7378,0.476198180566178
"411_c","10m",6833,0.0490225280265556,0.0491155683994293,0.00934829128805242,6833,0.0186217829572899,6833,0.0399936250469699,6833,0.104996508967004,6833,0.469637414375875
"411_d","10m",6402,0.0499088267348555,0.0504300594329834,0.00996953787325609,6402,0.0177377070757359,6402,0.0404053041201253,6402,0.106421247001847,6402,0.474382330179796
"412_a","10m",6834,0.0424902675758403,0.0405356306582689,0.00862311678134568,6834,0.0171763606657299,6834,0.0352188406124411,6834,0.10113468803502,6834,0.484087254366602
"412_b","10m",8068,0.0498908159279633,0.0492598041892052,0.011764376176465,8068,0.0199086556361063,8068,0.0411445367589747,8068,0.104256553406203,8068,0.477713103184059
"412_c","10m",5997,0.0528027454093881,0.0534504465758801,0.0114730348055826,5997,0.021247857034081,5997,0.0434085364634661,5997,0.108254880495785,5997,0.508204851431105
"412_d","10m",7005,0.0520112189821245,0.0515900626778603,0.0128398638278118,7005,0.0185882531231742,7005,0.041675007369797,7005,0.106676470095621,7005,0.476093129576072
"413_a","10m",6480,0.0453660406761538,0.0451192036271095,0.00855716149519703,6480,0.0179349801357643,6480,0.0372321273661871,6480,0.0996642418171853,6480,0.47666834130037
"413_b","10m",7815,0.0505570374817724,0.0512109361588955,0.00978914665531815,7815,0.0206460643454162,7815,0.0416969623726507,7815,0.106353371140734,7815,0.517138771097647
"413_c","10m",7442,0.058225293870784,0.058035496622324,0.0149461201470672,7442,0.0210345689771688,7442,0.0464383593396297,7442,0.11748993128349,7442,0.52518268641546
"413_d","10m",7277,0.0540630353024181,0.0542587153613567,0.0124884889851842,7277,0.0208183937644722,7277,0.0439296004377451,7277,0.111331238848818,7277,0.519619955056555
"414_a","10m",7485,0.0570577074476856,0.0579676665365696,0.014335763702355,7485,0.0220199011844048,7485,0.0464487029758477,7485,0.11233665206378,7485,0.513829884630923
"414_b","10m",7028,0.0545701803037908,0.0547915585339069,0.0123531116730656,7028,0.0215188033953395,7028,0.0446044553970249,7028,0.112663214192056,7028,0.52601533787343
"414_c","10m",8389,0.0572566676650421,0.058064840734005,0.0123742910904617,8389,0.02052932468526,8389,0.0459263777740585,8389,0.114961011173835,8389,0.495780962239678
"414_d","10m",8307,0.0576583456653446,0.0584485940635204,0.0124979185802349,8307,0.0237973487333652,8307,0.047666682902122,8307,0.117887628509668,8307,0.52727284499511
"415_a","10m",8361,0.0606737039034685,0.0619422718882561,0.0138035166847743,8361,0.0250850626632341,8361,0.0503542668198047,8361,0.121471169174659,8361,0.536191026204911
"415_b","10m",7696,0.0483839719763448,0.0476020518690348,0.0104047284564427,7696,0.0169898470317578,7696,0.039103892064196,7696,0.0995674746385653,7696,0.450221537537582
"415_c","10m",8214,0.0494419930768994,0.0501569826155901,0.00870476750706822,8214,0.0200165112942318,8214,0.040198466947852,8214,0.1084922602523,8214,0.501261583676619
"415_d","10m",7424,0.0552584219157921,0.0551329776644707,0.0125757701729414,7424,0.020233642186624,7424,0.0445866542278534,7424,0.11335470626997,7424,0.516166794849861
"416_a","10m",8467,0.0603887665848746,0.0608245804905891,0.0145571634432249,8467,0.0188714146921436,8467,0.048244953647279,8467,0.113378225911707,8467,0.491349694071314
"416_b","10m",7899,0.0559484039944178,0.0535929948091507,0.0150065380026472,7899,0.0191574633938813,7899,0.0448078630995406,7899,0.113238267209456,7899,0.499512285177169
"416_c","10m",7558,0.0500959797263772,0.0502361673861742,0.010042085176831,7558,0.0182991909897415,7558,0.0410649403684056,7558,0.100769482390831,7558,0.451930775002461
"416_d","10m",8054,0.0609729216839477,0.0613274183124304,0.0159454043621948,8054,0.0192977682656583,8054,0.0487029543118574,8054,0.111050862956797,8054,0.462695959845481
"417_a","10m",7806,0.0600007292286016,0.0595693588256836,0.0157212798178634,7806,0.0219658610910586,7806,0.0482864081601882,7806,0.116498710421204,7806,0.480707623201732
"417_b","10m",7635,0.055592829367413,0.0536273159086704,0.0154583845567109,7635,0.0186235750894385,7635,0.0442362888784296,7635,0.114189420968118,7635,0.500651663910683
"417_c","10m",8807,0.0608521839480057,0.0598615482449532,0.0154502225527565,8807,0.0201479723882742,8807,0.048613028136329,8807,0.118869319333586,8807,0.511905890319362
"417_d","10m",8164,0.0599165029304959,0.0612829048186541,0.0133549270846838,8164,0.0212006707807526,8164,0.0475944438875974,8164,0.120237989900108,8164,0.532510715010633
"418_a","10m",8537,0.0618579234154209,0.0641273260116577,0.0122491565037088,8537,0.0223010285863447,8537,0.0491915652993529,8537,0.120961839728087,8537,0.538380704804569
"418_b","10m",7571,0.0606345419124066,0.0618024170398712,0.0145716036473886,7571,0.0223585933222565,7571,0.0486168337356035,7571,0.117589035269896,7571,0.501681681061406
"418_c","10m",6627,0.050881372225616,0.0504826605319977,0.0111086869733443,6627,0.0196206248250807,6627,0.0413068661651606,6627,0.108965686901568,6627,0.488715905637629
"418_d","10m",6087,0.0516749104151066,0.0516479723155499,0.0114863936278721,6087,0.0196264477239035,6087,0.041605836298992,6087,0.107171796600125,6087,0.474827698402992
"419_a","10m",5936,0.055457550705024,0.0560185723006725,0.0126608466628941,5936,0.0197355662094501,5936,0.0445441161298162,5936,0.108572804260371,5936,0.462581240804389
"419_b","10m",7260,0.0547627119498825,0.0556571483612061,0.0123626109331947,7260,0.0196970425525929,7260,0.043792581680553,7260,0.115769951620695,7260,0.512004540933281
"419_c","10m",7492,0.0573763334081949,0.0593747459352016,0.0118151093500744,7492,0.0235166522484581,7492,0.0472262202864249,7492,0.11716129855596,7492,0.526137991440132
"419_d","10m",5253,0.0625457179493452,0.0625120028853416,0.0183671457329847,5253,0.0215141518886551,5253,0.0497755163779097,5253,0.115759074572724,5253,0.452946927606156
"420_a","10m",7179,0.0561997434003703,0.0557072162628174,0.0130340222582455,7179,0.0202869609607317,7179,0.0450032337078159,7179,0.114481298465341,7179,0.517380217741105
"420_b","10m",8239,0.0557135972060423,0.0574117004871368,0.0103564533751935,8239,0.0248187205094981,8239,0.0467454505479697,8239,0.115850745552324,8239,0.526089069441256
"420_c","10m",8860,0.0670369996537894,0.0691704377532005,0.014622714544449,8860,0.0265262991221491,8860,0.0549355243705018,8860,0.129515616108139,8860,0.561104718391105
"420_d","10m",8328,0.0615028401433717,0.0625222399830818,0.0135341163659117,8328,0.0216273359428208,8328,0.0494267658623464,8328,0.120297572857176,8328,0.50915496819471
"421_a","10m",9081,0.0714863000779953,0.0737807676196098,0.0144014373273417,9081,0.0242021376781275,9081,0.0566389347699366,9081,0.134750509180723,9081,0.555677252174631
"421_b","10m",9289,0.0725537692023717,0.0734286606311798,0.0157428515900111,9289,0.0277601161295619,9289,0.0588170744400227,9289,0.131804816462186,9289,0.544615351243619
"421_c","10m",8794,0.062162793322564,0.0635082498192787,0.0134450572077163,8794,0.0223077851124002,8794,0.0507176010930792,8794,0.117085420458443,8794,0.484744249954532
"421_d","10m",8777,0.0623766385560833,0.0628938898444176,0.0132991895784273,8777,0.0222142713833767,8777,0.0507808821989947,8777,0.119020113996289,8777,0.504143496829356
"422_a","10m",9024,0.0580849633884454,0.0595344603061676,0.010049586626337,9024,0.0221770434524689,9024,0.0472605590819249,9024,0.124824473493074,9024,0.571243069943351
"422_b","10m",8629,0.0566086006500945,0.0576950684189796,0.0116572545276787,8629,0.0204078274744856,8629,0.0462576525249514,8629,0.115073191569047,8629,0.517510160415249
"422_c","10m",7358,0.0549886839279004,0.054817320778966,0.0127582293776957,7358,0.0188926272137988,7358,0.0446811024603818,7358,0.107924513421946,7358,0.490280313575664
"422_d","10m",8658,0.058153305647193,0.0572734586894512,0.0135717953590201,8658,0.0235351462930499,8658,0.0481232585349729,8658,0.118832277175057,8658,0.528514957292305
"423_a","10m",8305,0.0515840743847241,0.05165009573102,0.0105243459321364,8305,0.0194359354965633,8305,0.04215021875027,8305,0.109558617425775,8305,0.514790632648866
"423_b","10m",7139,0.0534245971426428,0.0542025715112686,0.010986785273281,7139,0.0214875431376243,7139,0.0436970667143849,7139,0.113978766325673,7139,0.535855891407809
"423_c","10m",7224,0.0610911521079805,0.0601412635296583,0.01683754897608,7224,0.0209987157578687,7224,0.0485947383278264,7224,0.121535310405547,7224,0.523182337872172
"423_d","10m",8505,0.0610110789491439,0.0616707541048527,0.0157000074546639,8505,0.0226306839006613,8505,0.0492453417120897,8505,0.116016517626269,8505,0.510213724623737
"424_a","10m",6279,0.0493804029162204,0.0475272759795189,0.0120645042051408,6279,0.017695770645159,6279,0.0398037713495463,6279,0.102377047541455,6279,0.462451751043468
"424_b","10m",6114,0.0517298382035791,0.0522821340709925,0.0113825237836665,6114,0.0181275105673178,6114,0.0415574722263265,6114,0.108165858361225,6114,0.489157912866436
"424_c","10m",7789,0.0594413635056834,0.0612347908318043,0.0127860711824669,7789,0.0227514511256192,7789,0.0485368723507726,7789,0.11768695315598,7789,0.531916180192862
"424_d","10m",6716,0.0513751287575747,0.0515464097261429,0.0110906795248352,6716,0.0192996435001802,6716,0.0414367434587028,6716,0.107259671009198,6716,0.478273110800917
"5_a","10m",7500,0.0594559946944316,0.0600159112364054,0.014972445556065,7500,0.0186535208620062,7500,0.0479477550193313,7500,0.108113068310042,7500,0.45919625216495
"5_b","10m",7967,0.0627687166991921,0.062854677438736,0.016271449067061,7967,0.0190274725067045,7967,0.0502223885861481,7967,0.116096019110569,7967,0.500467533970793
"5_c","10m",6821,0.05982162829299,0.0597126074135303,0.0164779094238079,6821,0.0196342489789365,6821,0.0487780331127606,6821,0.109094522366985,6821,0.464683672025878
"5_d","10m",6776,0.0597092607655093,0.0596525631844997,0.015704228066081,6776,0.0209791045436339,6776,0.0489304695876151,6776,0.102785204833432,6776,0.405330329847884
"500_a","10m",4975,0.0491655374134905,0.0493865311145782,0.0105355649001103,4975,0.0151582195275967,4975,0.0387543776409122,4975,0.101155596080416,4975,0.452904316147338
"500_b","10m",6556,0.0512309864466263,0.0506623368710279,0.0127605109915839,6556,0.0159069119954624,6556,0.0405760379010128,6556,0.102205717766556,6556,0.462171548303374
"500_c","10m",6734,0.0520224338383554,0.0520082395523787,0.011655872135184,6734,0.0169397571703205,6734,0.0413583928413793,6734,0.103556776783534,6734,0.456518934276923
"500_d","10m",7282,0.0560675893235717,0.0552860964089632,0.0145415433105405,7282,0.016427528104501,7282,0.0440776764361571,7282,0.105952182909198,7282,0.456422739509024
"501_a","10m",7780,0.0636605455109174,0.0600356683135033,0.0215322401513045,7780,0.0181810249983083,7780,0.0498653523094666,7780,0.110342053379349,7780,0.453777139458183
"501_b","10m",6482,0.0655092205964339,0.056488886475563,0.0263071348457477,6482,0.0191376552674933,6482,0.0516607605123184,6482,0.115483710318073,6482,0.462812567157984
"501_c","10m",7352,0.0676041579781499,0.0646944344043732,0.0227056453096183,7352,0.0178850590296117,7352,0.0531641107657932,7352,0.109602071365391,7352,0.427963681471979
"501_d","10m",7491,0.0638033642409092,0.062246311455965,0.0200475160474751,7491,0.017863801639395,7491,0.0497871951230546,7491,0.114242923822859,7491,0.475610121965399
"502_a","10m",7798,0.0624417923498353,0.0622573103755713,0.017286105390848,7798,0.0177663562393444,7798,0.0484292187548722,7798,0.115871125126398,7798,0.495584928212842
"502_b","10m",8441,0.0701608795473173,0.0692588686943054,0.022214066607337,8441,0.0185265627291332,8441,0.0543274224306813,8441,0.11831892672053,8441,0.469623996025922
"502_c","10m",8517,0.0683588425205552,0.063284620642662,0.0250584204162383,8517,0.0174717529628595,8517,0.0523517099549399,8517,0.122627870582997,8517,0.501183874185963
"502_d","10m",7015,0.0583133654295867,0.0573168247938156,0.0158128131981509,7015,0.0161838438403482,7015,0.0452309995090439,7015,0.110807307402861,7015,0.477855956708183
"503_a","10m",7521,0.0538439014566209,0.0528234019875526,0.0141682721951822,7521,0.016576708438355,7521,0.0423301302151325,7521,0.110425201277315,7521,0.481481779420662
"503_b","10m",7102,0.0582675548670045,0.0575071256607771,0.0156082847542263,7102,0.0184276590240177,7102,0.0459766870893359,7102,0.116236555072771,7102,0.490135254896894
"503_c","10m",7403,0.0584466546425687,0.0582201927900314,0.0147812783946927,7403,0.0180588348895629,7403,0.0461773883551413,7403,0.113760244459141,7403,0.480146068011798
"503_d","10m",7346,0.0528334589173529,0.0524233635514975,0.0121417578645196,7346,0.0159479690712628,7346,0.0415708921990145,7346,0.105096124861527,7346,0.463980879020904
"504_a","10m",7330,0.0550189571485615,0.0553136151283979,0.0125958763035092,7330,0.0153650382402096,7330,0.0434509925504239,7330,0.108239414668819,7330,0.474372131582355
"504_b","10m",7384,0.0597659411786158,0.0600343178957701,0.0151917240933158,7384,0.0188066192584406,7384,0.0475339061273965,7384,0.118627440835709,7384,0.503354293354469
"504_c","10m",7952,0.065664934156738,0.0663280412554741,0.0169405341769403,7952,0.0211609628644215,7952,0.0528346636168958,7952,0.127262428166881,7952,0.521759562385484
"504_d","10m",8094,0.0607371962893214,0.0608270969241858,0.0153261437102997,8094,0.0175318759537042,8094,0.0489560257259692,8094,0.11017955564329,8094,0.460895975974826
"505_a","10m",8900,0.0708379229530692,0.0706497393548489,0.0195912790696626,8900,0.0221150791978164,8900,0.0577772864361292,8900,0.122153886204139,8900,0.482513061502459
"505_b","10m",8039,0.0653401958032199,0.0653581991791725,0.0208940786329698,8039,0.0214738874084234,8039,0.0535323854999369,8039,0.119167519347487,8039,0.471759729216767
"505_c","10m",9224,0.0708563991182977,0.0717354379594326,0.0155998192282261,9224,0.0236904060168732,9224,0.0583055362630775,9224,0.12959238162981,9224,0.526953059736306
"505_d","10m",8463,0.0728201750409715,0.0711988657712936,0.021677255312737,8463,0.0254531896554342,8463,0.0609942467176055,8463,0.118708386054422,8463,0.448852883951522
"506_a","10m",9449,0.0718275065686491,0.0721428319811821,0.0150970706488826,9449,0.030085452562394,9449,0.0608339177909316,9449,0.115046960477037,9449,0.404799135589533
"506_b","10m",9464,0.0799518171197948,0.0796423852443695,0.0179120583345736,9464,0.0293011736869847,9464,0.0666672639476829,9464,0.136438964050668,9464,0.532550735907568
"506_c","10m",8962,0.0671588635459522,0.0660194531083107,0.0188188334686793,8962,0.0256394057680422,8962,0.0556473139286432,8962,0.117427007566876,8962,0.461060998905712
"506_d","10m",9515,0.0811504040349958,0.0792967528104782,0.0162513276305802,9515,0.0324233096481847,9515,0.0683521095127,9515,0.132500021863439,9515,0.478886415307561
"507_a","10m",6540,0.0681878307127943,0.0708398930728436,0.0198158751521985,6540,0.0219998590841923,6540,0.0553198786183269,6540,0.119628227524038,6540,0.480698302713932
"507_b","10m",7833,0.0628130292104024,0.0637276694178581,0.017183250804011,7833,0.0221616947438702,7833,0.0515247751660304,7833,0.10352733132814,7833,0.39703874918454
"507_c","10m",6191,0.0527226635790607,0.0511927641928196,0.0141403495869888,6191,0.0186057511065996,6191,0.0433069016883242,6191,0.0908464132039067,6191,0.3618043357877
"507_d","10m",6331,0.0547716284114553,0.0519352778792381,0.0162122129638851,6331,0.0180117341160726,6331,0.0441961287875706,6331,0.107000539777993,6331,0.468007935872682
"508_a","10m",7735,0.0529213041206792,0.0529196783900261,0.0124955761676611,7735,0.0198680534896965,7735,0.0439716052814908,7735,0.0941326234345936,7735,0.382156396870131
"508_b","10m",6791,0.0530578015261622,0.052648950368166,0.0127743129228391,6791,0.0194612608170327,6791,0.0439445430518173,6791,0.0905489534019693,6791,0.35602262824607
"508_c","10m",8227,0.0619564393413676,0.0620817057788372,0.0168741422304189,8227,0.0191511227185851,8227,0.0495306200024452,8227,0.11589872674717,8227,0.498410451561194
"508_d","10m",6673,0.0541595674380738,0.0508149489760399,0.0164049319570145,6673,0.0187296819822709,6673,0.0442694061656891,6673,0.104283616482702,6673,0.467929333443855
"509_a","10m",6911,0.0537503433884518,0.0530452206730843,0.0138064434204937,6911,0.0182246585108404,6911,0.0438393810321415,6911,0.107431920124849,6911,0.486626272510148
"509_b","10m",7294,0.0594987730784962,0.0579371806234121,0.0170603703403131,7294,0.0179886646332618,7294,0.0475132300037242,7294,0.113158777819909,7294,0.496598938074232
"509_c","10m",8118,0.0641634873993076,0.0658455640077591,0.017082426055876,8118,0.0208826668903005,8118,0.0513951680878991,8118,0.120304699544823,8118,0.514961576190311
"509_d","10m",6911,0.0578994603199347,0.0571259930729866,0.0159274883762592,6911,0.0212535134836081,6911,0.0479336971985889,6911,0.106152345448149,6911,0.456708554078474
"510_a","10m",8886,0.0631430794954662,0.0643115341663361,0.0132205564140183,8886,0.0213598512271075,8886,0.0500629173412826,8886,0.123281424075833,8886,0.534716576213118
"510_b","10m",9234,0.069886830825587,0.071427509188652,0.0147250926716787,9234,0.0212858208160181,9234,0.0542915192816581,9234,0.127745480299737,9234,0.524768102248303
"510_c","10m",8936,0.0717118971623837,0.0728493556380272,0.0163101175954175,8936,0.023455498701214,8936,0.0570170827787589,8936,0.130456401084162,8936,0.53939146759909
"510_d","10m",7972,0.0597822974063082,0.0601649843156338,0.0158108503191231,7972,0.0257090608500734,7972,0.0499571056675165,7972,0.11182058829684,7972,0.476890028101106
"511_a","10m",8632,0.057972702438761,0.0592511110007763,0.0117044545540261,8632,0.0233201542706533,8632,0.0479903122600438,8632,0.113420625473745,8632,0.504532263865841
"511_b","10m",8445,0.064661216075257,0.0646666437387466,0.0160851260554,8445,0.0206467381911521,8445,0.0517667764414029,8445,0.125146698985586,8445,0.533428957340649
"511_c","10m",7120,0.0575283829732327,0.058119960129261,0.0142144375585158,7120,0.0197218833462211,7120,0.0465538280304199,7120,0.117602071857789,7120,0.509445175592065
"511_d","10m",8601,0.0609989345813041,0.0627543851733208,0.0123450975196152,8601,0.0249512102555662,8601,0.0507365611092735,8601,0.114822612805557,8601,0.493942133183674
"512_a","10m",8122,0.0575259984302344,0.0578494686633348,0.0128249569008178,8122,0.0202405614907374,8122,0.0465433735386727,8122,0.114549373005043,8122,0.490084933797932
"512_b","10m",6987,0.0540253510588042,0.0531702153384686,0.01287019721971,6987,0.0189757325745075,6987,0.0437025280242735,6987,0.11187702170194,6987,0.489561223588768
"512_c","10m",7980,0.0559523546720451,0.0525473728775978,0.0156919011450025,7980,0.0192405609054264,7980,0.0450475346067029,7980,0.113323511056231,7980,0.498007946836041
"512_d","10m",6582,0.055463275440327,0.0562314074486494,0.0129804027887325,6582,0.0204883552949989,6582,0.0449192464493877,6582,0.102282301681451,6582,0.442758975319397
"513_a","10m",7199,0.0558403753197504,0.0524025931954384,0.0161314982537726,7199,0.0195348240187872,7199,0.0451176697498624,7199,0.107628276864233,7199,0.45966892585976
"513_b","10m",7662,0.0565535628198663,0.0571589898318052,0.013203585269584,7662,0.0196430040788458,7662,0.0453932962068433,7662,0.11073129795213,7662,0.494050994722853
"513_c","10m",8358,0.0548389922882305,0.0517409425228834,0.0154365115664402,8358,0.0189351358403827,8358,0.044269411482939,8358,0.11037306944172,8358,0.49810820302932
"513_d","10m",8338,0.0551709340119939,0.0536765139549971,0.0133454608117133,8338,0.0211930762502841,8338,0.0452489844096037,8338,0.109615125857669,8338,0.496845716315441
"514_a","10m",7568,0.0597089701627497,0.0609069149941206,0.013382827117939,7568,0.0243553012467661,7568,0.0495219166742621,7568,0.118426715446713,7568,0.530085089007259
"514_b","10m",8903,0.0675512034746016,0.0659092962741852,0.0176089869684186,8903,0.0256984339256736,8903,0.0551113638793321,8903,0.129086668483065,8903,0.549242057150834
"514_c","10m",8905,0.0641480209846583,0.0659906193614006,0.0116541474001059,8905,0.0286689181403822,8905,0.0540538495842924,8905,0.123286648516929,8905,0.538453115734406
"514_d","10m",8585,0.0628211534660728,0.064100407063961,0.0137878372920821,8585,0.0282564667950249,8585,0.0530345899487158,8585,0.117073840620194,8585,0.503007492068875
"515_a","10m",8577,0.0651865841713773,0.0654279142618179,0.0127675250118096,8577,0.0259221846150019,8577,0.0536166524637752,8577,0.12852122629928,8577,0.524052832338888
"515_b","10m",9364,0.0688853181285138,0.0698933303356171,0.0120669098166817,9364,0.0284670975871487,9364,0.057223718568964,9364,0.132823403947594,9364,0.559051568097284
"515_c","10m",8985,0.0628959419706429,0.0618681684136391,0.0121657881217118,8985,0.0243326288778034,8985,0.051666363466117,8985,0.127970983642425,8985,0.571512073765215
"515_d","10m",9437,0.0616440702246713,0.0625474080443382,0.00879318627397065,9437,0.0232592210724486,9437,0.0507529076092384,9437,0.129712003795667,9437,0.576159554572603
"516_a","10m",9078,0.0590004020438869,0.0607062987983227,0.0109768274880904,9078,0.020933277563222,9078,0.0480650036221128,9078,0.120151956293823,9078,0.539408086671306
"516_b","10m",8326,0.0556088120428478,0.055737903341651,0.0127175548184246,8326,0.0189121133551364,8326,0.0448418021305587,8326,0.113998600120219,8326,0.520336248822834
"516_c","10m",7684,0.0577896455640263,0.0572759155184031,0.0146738937557122,7684,0.0194376923931251,7684,0.0462321380772281,7684,0.114694937750576,7684,0.510068255611897
"516_d","10m",7951,0.0586998424803295,0.0596102438867092,0.0140687875001703,7951,0.0194058784447072,7951,0.0465763556193148,7951,0.115899423069816,7951,0.518546872625593
"517_a","10m",7187,0.0554559517387963,0.0548180267214775,0.0138914346742512,7187,0.0186382365075832,7187,0.0442338879354863,7187,0.110550426445879,7187,0.50632251676667
"517_b","10m",7286,0.0555761641015677,0.0550091434270144,0.0136634004505815,7286,0.0180600728707424,7286,0.0442618367949857,7286,0.111306735857802,7286,0.494359415186374
"517_c","10m",8208,0.0590522377583839,0.0607087835669518,0.0120824392948661,8208,0.0216747376952032,8208,0.047423292989722,8208,0.117470936491111,8208,0.525356174972903
"517_d","10m",8273,0.0555750427239213,0.055902786552906,0.0120965693303151,8273,0.019725258263182,8273,0.0446929287303499,8273,0.11401141827346,8273,0.53461987161725
"518_a","10m",7739,0.0545199995788012,0.0548161938786507,0.0121301487730073,7739,0.0190167079844576,7739,0.0435516428131183,7739,0.112106058527805,7739,0.5146011024541
"518_b","10m",7612,0.0587567312200517,0.0602928977459669,0.0126798618299385,7612,0.0214493169371021,7612,0.0469879123694995,7612,0.11739447345067,7612,0.532653769537634
"518_c","10m",7413,0.0555533534761392,0.0558751374483109,0.0125404319559014,7413,0.0192779339055874,7413,0.0441959822942824,7413,0.112944856727642,7413,0.513568255861194
"518_d","10m",7346,0.0514912337879682,0.0521417316049337,0.0102200461734264,7346,0.0188812999734807,7346,0.0413362202175885,7346,0.109287246111946,7346,0.497366465495526
"519_a","10m",5715,0.0563604666964719,0.0565541237592697,0.0134860490266622,5715,0.0200387146845938,5715,0.0447857098256753,5715,0.112225683410032,5715,0.474340699521021
"519_b","10m",7268,0.055619530727032,0.0555471368134022,0.0141962568735242,7268,0.0200213425646133,7268,0.0451750251736496,7268,0.103534337528252,7268,0.437397858580553
"519_c","10m",7191,0.0672270681801264,0.0645560920238495,0.0221322136975905,7191,0.0223880321116377,7191,0.0533401835775862,7191,0.119905418600351,7191,0.461584823019342
"519_d","10m",8079,0.0598896097471154,0.0575182810425758,0.0176668776146062,8079,0.0209052890623872,8079,0.048057075768097,8079,0.117785260612871,8079,0.506365859856835
"520_a","10m",6791,0.0502182742611765,0.0492798164486885,0.0120832951553539,6791,0.0191010854818673,6791,0.0411522778241151,6791,0.0992765292893166,6791,0.428145566112166
"520_b","10m",8356,0.067009108601599,0.0653951801359653,0.0205679229670159,8356,0.0228943536442714,8356,0.0531583180799575,8356,0.123758554506859,8356,0.505791504185071
"520_c","10m",8852,0.0594975319981383,0.0596921965479851,0.0141031594576432,8852,0.020720635431423,8852,0.0475085712387339,8852,0.11851488134318,8852,0.520268318910645
"520_d","10m",8445,0.0549644708567254,0.0549212917685509,0.0123040707828945,8445,0.0214943513581203,8445,0.0448581048710142,8445,0.110201484591625,8445,0.488267517444931
"521_a","10m",8655,0.0563775724547919,0.0572230294346809,0.0115383186420665,8655,0.0216003708148993,8655,0.0454744393093588,8655,0.116478557385289,8655,0.518848098324764
"521_b","10m",8384,0.0662832411007426,0.0668571554124355,0.0151109865917745,8384,0.0235094716559281,8384,0.05260366970333,8384,0.128898705900721,8384,0.545670362467351
"521_c","10m",8996,0.066039833767781,0.0668230354785919,0.0125823946670242,8996,0.0252579391860267,8996,0.0543606144519838,8996,0.124695462336342,8996,0.50822913654021
"521_d","10m",8174,0.0565501578823953,0.0556281581521034,0.0131246482041833,8174,0.0220653799709002,8174,0.0456312895362369,8174,0.120962839303849,8174,0.522078304382523
"522_a","10m",8898,0.0627899267027273,0.0641225539147854,0.0129216976363215,8898,0.0240445719803545,8898,0.0503519603576492,8898,0.127307059907245,8898,0.52949492776972
"522_b","10m",9120,0.0655856434746008,0.0670053772628307,0.0140145510448712,9120,0.0259913462322077,9120,0.0536023494621425,9120,0.129213390576516,9120,0.558734541036238
"522_c","10m",9215,0.0656312838904216,0.066992774605751,0.0133324633607127,9215,0.0265242646164375,9215,0.0543858759111991,9215,0.125274086745801,9215,0.546430434937491
"522_d","10m",9162,0.0637018028191313,0.064841240644455,0.0107588979440056,9162,0.0239425231795918,9162,0.0515476002723813,9162,0.128656005372771,9162,0.55514900624134
"523_a","10m",9096,0.0570765286942054,0.0569255612790585,0.0111442570142141,9096,0.0220291177041461,9096,0.0465042544842003,9096,0.119133709449077,9096,0.546099563056387
"523_b","10m",8369,0.0598412562739907,0.0592708364129066,0.0140564118653027,8369,0.0235470543913992,8369,0.0484023349205553,8369,0.122375716959482,8369,0.544087101325548
"523_c","10m",6685,0.0519287456768769,0.0484255328774452,0.0150725332745908,6685,0.0199100002583909,6685,0.0421098849565194,6685,0.103208145249823,6685,0.464423266723752
"523_d","10m",8751,0.0557892835473295,0.056263767182827,0.0109887095425946,8751,0.0212953326611173,8751,0.0450087718547453,8751,0.118805762492513,8751,0.539089121284682
"524_a","10m",6274,0.0477418395683792,0.0451596658676863,0.0121467709934475,6274,0.0190980168224667,6274,0.0391093245813376,6274,0.0969146839827502,6274,0.437230591556431
"524_b","10m",7155,0.0499179964074195,0.0491515547037125,0.0110788481666833,7155,0.0175188147071762,7155,0.0400945915133311,7155,0.0980039010215563,7155,0.437662023338715
"524_c","10m",7821,0.0576965832077048,0.0593512468039989,0.0119383086542973,7821,0.0214098318164513,7821,0.0464921375324374,7821,0.114902245616424,7821,0.517473243257149
"524_d","10m",6300,0.0515238012131008,0.0512787457555532,0.0131011829031377,6300,0.0202478021728548,6300,0.0419400656747668,6300,0.103026509185666,6300,0.470323412529255
"6_a","10m",7734,0.0638299905544497,0.0649721510708332,0.017379392853778,7734,0.020988177526647,7734,0.0517718073737151,7734,0.11277925723233,7734,0.456806599508777
"6_b","10m",7788,0.0580577673005446,0.057174876332283,0.0162792919713251,7788,0.019400045435207,7788,0.0471942267825491,7788,0.111582064786083,7788,0.482349475924391
"6_c","10m",6064,0.048168817003034,0.0478563662618399,0.0102840837455884,6064,0.0171047819102766,6064,0.0392100400231003,6064,0.0970402421186656,6064,0.427248606311273
"6_d","10m",6877,0.0521388345850195,0.0518839620053768,0.0118927054177587,6877,0.0179453149627184,6877,0.0420453889834182,6877,0.100057673921141,6877,0.435571990371816
"600_a","10m",7064,0.0558519634562687,0.05241927690804,0.0165532514993411,7064,0.017098626212563,7064,0.0438612777216789,7064,0.106265604925577,7064,0.458838200033922
"600_b","10m",6421,0.0468383657011663,0.047190859913826,0.00867763153498198,6421,0.0153539710594744,6421,0.0371827743654104,6421,0.101439362260747,6421,0.463373353675372
"600_c","10m",5812,0.0581016417570971,0.0568917896598577,0.0166576844154218,5812,0.0155784245094102,5812,0.0451514549656029,5812,0.104275388288014,5812,0.432949575309738
"600_d","10m",6839,0.0536745444306754,0.0522314384579659,0.0138858902866006,6839,0.0159432250799737,6839,0.0421541551390134,6839,0.104817440284997,6839,0.4612461966223
"601_a","10m",6359,0.0467898235982189,0.0465329401195049,0.00968311989689312,6359,0.0149374410639157,6359,0.0372300347782953,6359,0.100140674816394,6359,0.459537281552647
"601_b","10m",7173,0.0658784057515511,0.0675278306007385,0.0200916884958142,7173,0.0176470993571248,7173,0.0501254434109705,7173,0.113144439941498,7173,0.456145509796197
"601_c","10m",7349,0.0632119046931977,0.0628041923046112,0.0184406247874376,7349,0.0178474569480868,7349,0.0490107626899815,7349,0.110801194421219,7349,0.45285355303946
"601_d","10m",7024,0.0581404920221903,0.0592307969927788,0.0128240067710099,7024,0.0183459395752073,7024,0.0460345200549267,7024,0.112187477446152,7024,0.476383236819997
"602_a","10m",7491,0.0562129417841377,0.0563894398510456,0.0132974513893433,7491,0.0175205712985437,7491,0.0447163172636422,7491,0.110438950975057,7491,0.489314067244307
"602_b","10m",7711,0.0577687982176547,0.0586732961237431,0.0135264220615794,7711,0.0180882149393072,7711,0.0457693040352738,7711,0.113877529875213,7711,0.496790164168487
"602_c","10m",7838,0.0577991468381326,0.0574008356779814,0.0158782313627988,7838,0.0167641756462313,7838,0.0451916141514826,7838,0.111873972763207,7838,0.480048592874904
"602_d","10m",7354,0.0516252018245854,0.0510783456265926,0.0121710904863111,7354,0.0158440675517442,7354,0.0409112837669049,7354,0.10090152330659,7354,0.450225918944444
"603_a","10m",7554,0.0516282489031616,0.0516697000712156,0.0105121577111341,7554,0.0188272250685335,7554,0.0418434982392212,7554,0.101861542810613,7554,0.447748011989898
"603_b","10m",7583,0.0558338633501544,0.055566243827343,0.0143973618773087,7583,0.0194059326325854,7583,0.0446634635612463,7583,0.108099374944901,7583,0.464160557333353
"603_c","10m",7236,0.0542291108701088,0.0550567768514156,0.0116078555577425,7236,0.0200919864084913,7236,0.0438748674516593,7236,0.104251661646148,7236,0.448536492577857
"603_d","10m",7968,0.0507160609176132,0.0509227812290192,0.0101057074836012,7968,0.0193777966360934,7968,0.0413000685425261,7968,0.0973355401239566,7968,0.416374148960809
"604_a","10m",6188,0.0515643955667701,0.0520811397582293,0.0105293656343383,6188,0.0196763468028641,6188,0.0419153097413518,6188,0.0977065560069527,6188,0.410211686070794
"604_b","10m",4961,0.0515040179740467,0.0518129430711269,0.0110193196829609,4961,0.0169212401600993,4961,0.0411466765379064,4961,0.102494320040692,4961,0.444932479009474
"604_c","10m",8006,0.0711327517396311,0.0708020515739918,0.0199667039578252,8006,0.0207384955262116,8006,0.0554736940857205,8006,0.128082388158328,8006,0.514736088131674
"604_d","10m",6139,0.0604645495599864,0.0579544194042683,0.0189214062561364,6139,0.0183127631186837,6139,0.0481772359778828,6139,0.110666017071438,6139,0.450543650617733
"605_a","10m",7949,0.0651956892707431,0.0664242208003998,0.0156947059600726,7949,0.0209382869786989,7949,0.0525607454271299,7949,0.121875116597001,7949,0.506606890528097
"605_b","10m",9137,0.0652273317787352,0.0632800161838531,0.016654587428727,9137,0.0231720548204868,9137,0.0530902308311249,9137,0.110014288356222,9137,0.424329096339158
"605_c","10m",9095,0.0682672824540625,0.0657975450158119,0.0205897463993232,9095,0.0230828710674803,9095,0.0558400362371116,9095,0.116217259269769,9095,0.461626113602032
"605_d","10m",8035,0.068216426556034,0.0667617544531822,0.022729462282655,8035,0.0238322121732095,8035,0.0568174875250865,8035,0.11380912679962,8035,0.455232483537989
"606_a","10m",8042,0.0710539399479228,0.070525761693716,0.0216372554369887,8042,0.0216772132600899,8042,0.0578858080470874,8042,0.119821846578746,8042,0.473988771908146
"606_b","10m",8317,0.0731238829395484,0.0737911537289619,0.0211424451606483,8317,0.0240919182329549,8317,0.0598151492903602,8317,0.120522085845431,8317,0.460078693103832
"606_c","10m",9038,0.0853876279939884,0.085120864212513,0.0256384742471761,9038,0.0332896231600507,9038,0.0720496374374641,9038,0.134813161995462,9038,0.495918717509229
"606_d","10m",7529,0.0667236971846158,0.0653114169836044,0.0212054475147196,7529,0.0260069884723756,7529,0.0556195162817382,7529,0.118391030958414,7529,0.46921629558693
"607_a","10m",7664,0.0570364786338232,0.0540199801325798,0.0176972328802948,7664,0.0207030679836019,7664,0.0469437872453435,7664,0.104001379108792,7664,0.426560270270432
"607_b","10m",7224,0.0728161603953392,0.0696185790002346,0.026537929202695,7224,0.0266196525638884,7224,0.0603085683215674,7224,0.123433220579106,7224,0.481763255418292
"607_c","10m",6327,0.0547453504719896,0.0548162199556828,0.0131606555576611,6327,0.0165886251506139,6327,0.0437977177594529,6327,0.1118216406226,6327,0.506762581099704
"607_d","10m",6805,0.0497831407269295,0.0481974706053734,0.0126385728629521,6805,0.0173973721173094,6805,0.0410889811878644,6805,0.0914869085787073,6805,0.39866447151809
"608_a","10m",6475,0.051995080473858,0.0501946061849594,0.014557258373775,6475,0.0174598686034695,6475,0.0426415922886847,6475,0.0985860949930054,6475,0.440024956632057
"608_b","10m",6607,0.0595881981898927,0.0592295825481415,0.0167085400618769,6607,0.0174463142794159,6607,0.0478286106559402,6607,0.113311331972934,6607,0.50389407128258
"608_c","10m",7798,0.0610631634343906,0.0601546671241522,0.0178379077362811,7798,0.0183846745003871,7798,0.0492097790285965,7798,0.111488764839497,7798,0.484108512667253
"608_d","10m",6672,0.0550696442684838,0.0540590528398752,0.0147522374511056,6672,0.0164239298174196,6672,0.0442807193876299,6672,0.105353015797157,6672,0.47545846179619
"609_a","10m",6035,0.0561211462548526,0.0559198260307312,0.01485365844851,6035,0.0172244217515631,6035,0.0450782051651873,6035,0.105779937323785,6035,0.469352834030677
"609_b","10m",6043,0.0541742839373497,0.0535880625247955,0.0139047205557062,6043,0.0158579828794824,6043,0.0434812487294963,6043,0.104827659230506,6043,0.470870018715414
"609_c","10m",7418,0.0602106863008066,0.0604695118963718,0.0164524605198412,7418,0.019899780573173,7418,0.0487859097207052,7418,0.111837876129641,7418,0.481816959139045
"609_d","10m",7855,0.0618103729934449,0.0636861100792885,0.0145597666328827,7855,0.0200748951836303,7855,0.0494707249867091,7855,0.124766893625577,7855,0.550054666677719
"610_a","10m",8328,0.0599920085978432,0.0608844291418791,0.014124100583071,8328,0.0199208684615804,8328,0.0481665117535012,8328,0.118685863164471,8328,0.530087053354393
"610_b","10m",8629,0.0655728255996824,0.0683119595050812,0.0146787908895043,8629,0.0231767416453454,8629,0.0528787016129306,8629,0.123874954490439,8629,0.541299052917055
"610_c","10m",7742,0.0557122757353776,0.0519759021699429,0.0182081515754659,7742,0.0247498261260246,7742,0.0470116516874511,7742,0.100163863356031,7742,0.418529746715866
"610_d","10m",7763,0.0591271512131669,0.0582761913537979,0.016948150226254,7763,0.0189420652988099,7763,0.0475133888765647,7763,0.105694253380898,7763,0.451204209872954
"611_a","10m",7946,0.05625864405681,0.056815892457962,0.0125915445868925,7946,0.0176348945345934,7946,0.0450656214308147,7946,0.108748718558184,7946,0.482985927453389
"611_b","10m",7932,0.0570039189025192,0.0576528813689947,0.0131088333155964,7932,0.0205432515121638,7932,0.0464685318081958,7932,0.109582255304202,7932,0.485780073973006
"611_c","10m",8162,0.0571437212422899,0.0579472351819277,0.0135498121005727,8162,0.0186487870920505,8162,0.0459632163557609,8162,0.108331552345818,8162,0.472430096329084
"611_d","10m",7884,0.0565837950456107,0.0569032113999128,0.0132086363247448,7884,0.017274557281034,7884,0.045170955237614,7884,0.107970939728376,7884,0.470812146461014
"612_a","10m",7383,0.0577048849628298,0.0566814877092838,0.0153654840972546,7383,0.0191976886966149,7383,0.0463249360478926,7383,0.117496544887968,7383,0.514116765682654
"612_b","10m",7850,0.0590261712466266,0.0598639734089375,0.0138475956542461,7850,0.0195577730437225,7850,0.0476116428327059,7850,0.115023016200569,7850,0.492704447807609
"612_c","10m",6950,0.0519577312858092,0.0521718543022871,0.0111985350286406,6950,0.0189729614593729,6950,0.0423017094388053,6950,0.1076600138872,6950,0.479075663340027
"612_d","10m",6820,0.0566247611036224,0.0561334993690252,0.0141879823523245,6820,0.0199096041681996,6820,0.0461511061864717,6820,0.10858549234911,6820,0.461852819722626
"613_a","10m",7732,0.0578305631732897,0.0568706132471561,0.0154976259677212,7732,0.021609276186243,7732,0.0474158297273444,7732,0.108400679651227,7732,0.455958525707538
"613_b","10m",5122,0.0531162206797756,0.0522953793406487,0.0134159411738724,5122,0.0220993019755119,5122,0.0438342091284466,5122,0.105373057001745,5122,0.445494118471198
"613_c","10m",8099,0.049416348757619,0.0499807968735695,0.00831878045197309,8099,0.0204968033104833,8099,0.0410309791823641,8099,0.107180027785504,8099,0.513074400327481
"613_d","10m",6865,0.0465078932829391,0.04520433396101,0.0100872167130634,6865,0.0177893459742414,6865,0.0384298871738476,6865,0.0955191133654884,6865,0.435088366778919
"614_a","10m",7102,0.0483647480494781,0.0474982857704163,0.0104909697005488,7102,0.0159590472820216,7102,0.0395063408925093,7102,0.0939726874682938,7102,0.42249331182074
"614_b","10m",8004,0.0562738160691645,0.0554444454610348,0.0129541379775764,8004,0.0219060633586437,8004,0.0463410356477836,8004,0.114407673047274,8004,0.523196472699127
"614_c","10m",8336,0.0569868898642609,0.0553686339408159,0.0145449715191158,8336,0.0212057704585525,8336,0.0465212911437243,8336,0.112875708341514,8336,0.492110074833321
"614_d","10m",7314,0.0453871295308363,0.0449989605695009,0.00860853788600692,7314,0.0150602167989701,7314,0.0371673529464386,7314,0.086444054933484,7314,0.390148195997044
"615_a","10m",8202,0.0536981473018962,0.052864545956254,0.0113893125571892,8202,0.0219293313724995,8202,0.0445486009828833,8202,0.105664992552824,8202,0.474996197548938
"615_b","10m",7902,0.0514512198244796,0.0517466943711042,0.0100201845051463,7902,0.0223386621375024,7902,0.0434263236488335,7902,0.102435824731827,7902,0.461457749178218
"615_c","10m",8789,0.0572298554094721,0.0583647638559341,0.0101954735584613,8789,0.0232008491732655,8789,0.0475835148243507,8789,0.114934078522509,8789,0.512812219022592
"615_d","10m",8186,0.0581132387517135,0.0583622213453054,0.0131273400510333,8186,0.0206392444944513,8186,0.0469273064119055,8186,0.107861836847997,8186,0.46331245163294
"616_a","10m",9193,0.0593595960682298,0.0594851635396481,0.0122871537656932,9193,0.0214939080647568,9193,0.0486392339917682,9193,0.116432594883273,9193,0.514680723475302
"616_b","10m",9442,0.0609555832384357,0.0616293903440237,0.0108438835617699,9442,0.0234881034190511,9442,0.0504607880988349,9442,0.121942742061516,9442,0.525197491075444
"616_c","10m",7523,0.0583150598245163,0.059238612651825,0.0137616368433648,7523,0.0212230901418309,7523,0.0472344855348486,7523,0.116374297868978,7523,0.511591989296271
"616_d","10m",9161,0.0725667505422273,0.0733571574091911,0.0163426447362414,9161,0.0248434058957197,9161,0.0585517828110112,9161,0.134184932090397,9161,0.546912506132205
"617_a","10m",7211,0.0558998217616882,0.051821656525135,0.0178007975297785,7211,0.0192515370123534,7211,0.0447353128421534,7211,0.116134405288415,7211,0.519810931735984
"617_b","10m",7449,0.054837745652733,0.0531515441834927,0.0150821585183303,7449,0.018116445535228,7449,0.0438398843843122,7449,0.110537164106192,7449,0.50644664673433
"617_c","10m",7599,0.0524138779686927,0.0521925874054432,0.0116928472725093,7599,0.0176749756235957,7599,0.042079292463923,7599,0.109061966090246,7599,0.509011419672161
"617_d","10m",7984,0.053241767108446,0.0526830162853003,0.0127718634995934,7984,0.0189399733073002,7984,0.0432807545345629,7984,0.108161804166284,7984,0.494215931684033
"618_a","10m",7646,0.0511962232242548,0.0496744159609079,0.0131742512384714,7646,0.017329350479061,7646,0.0413729907040882,7646,0.102241102376207,7646,0.466483744776182
"618_b","10m",7554,0.0545039591430012,0.0543027631938457,0.0129509817760959,7554,0.0194845427377619,7554,0.0437500555856034,7554,0.115790858705832,7554,0.532186196010312
"618_c","10m",7992,0.0513080192743348,0.0507142450660467,0.0110854677760693,7992,0.0192627080378975,7992,0.0413195607026181,7992,0.109782424055993,7992,0.501554910673893
"618_d","10m",8143,0.0628464478259625,0.0625688955187798,0.0169407414266418,8143,0.0193138622910811,8143,0.0494388654333238,8143,0.120415980485774,8143,0.526600830721889
"619_a","10m",6898,0.0564364623710422,0.054708082228899,0.0156051958607745,6898,0.0182516067441156,6898,0.0448830171392906,6898,0.110538489746241,6898,0.482232014223173
"619_b","10m",7399,0.056555077392552,0.0569565929472446,0.013134587261596,7399,0.0202913137995332,7399,0.0450397427363118,7399,0.115197677772348,7399,0.503832742692043
"619_c","10m",7188,0.0545696992352999,0.0544022731482983,0.012829412609626,7188,0.0192410103075852,7188,0.0432523722512982,7188,0.110363748689665,7188,0.477575728837763
"619_d","10m",7212,0.0537553166384854,0.0527271926403046,0.013780796407649,7212,0.0181612646813689,7212,0.0428224686576399,7212,0.107709395667935,7212,0.474487011266218
"620_a","10m",6853,0.0496099829167132,0.0490548945963383,0.0112979454324918,6853,0.0193918828644563,6853,0.0402521915671766,6853,0.104604951370162,6853,0.465038948243602
"620_b","10m",6601,0.0630786935940617,0.064476303756237,0.0160292386216424,6601,0.0234005280508596,6601,0.0500915942260302,6601,0.119050536574242,6601,0.490018067566906
"620_c","10m",7475,0.0585252306146865,0.0577518716454506,0.0152417751296281,7475,0.0222220352511065,7475,0.0472583296269043,7475,0.115287193239156,7475,0.507424796381882
"620_d","10m",6143,0.0556214996141306,0.0554187595844269,0.0136208174204439,6143,0.0210190252238968,6143,0.0450242596378319,6143,0.112311231123276,6143,0.498269526123608
"621_a","10m",8528,0.0600367904857839,0.0624447390437126,0.0116245739584802,8528,0.0254147145466993,8528,0.0495270426038043,8528,0.121129874701017,8528,0.549784074608275
"621_b","10m",8285,0.0567406690551904,0.057753749191761,0.0118132852656143,8285,0.0216358492068468,8285,0.0458570368113999,8285,0.115225429730657,8285,0.50977343041417
"621_c","10m",8508,0.059732500154159,0.0611247438937426,0.0117396098300236,8508,0.0219417858768933,8508,0.0480158898309394,8508,0.121829522401512,8508,0.528816080881457
"621_d","10m",7497,0.053632848986647,0.0537263564765453,0.0118037586955292,7497,0.0211549171857242,7497,0.0436973641482346,7497,0.11053092705977,7497,0.502842473242006
"622_a","10m",8000,0.0550120535194874,0.0554406214505434,0.0115672917638126,8000,0.0201423313838572,8000,0.0444571553107484,8000,0.113275996428984,8000,0.509687729423214
"622_b","10m",8221,0.0589598390243049,0.0605238415300846,0.0119459935614834,8221,0.0214592142476603,8221,0.0470507359598746,8221,0.121298352397423,8221,0.524427758517883
"622_c","10m",9015,0.0577282683197585,0.0584775023162365,0.010470934783181,9015,0.0223673776585299,9015,0.0472156709856136,9015,0.120459983107167,9015,0.523839449024819
"622_d","10m",8394,0.0575607163172099,0.0559316780418158,0.0132610148535444,8394,0.0214085027025139,8394,0.0465890532814935,8394,0.116897509825852,8394,0.505632622666082
"623_a","10m",8471,0.0601225361756153,0.0618339404463768,0.011267339799628,8471,0.0265006339724942,8471,0.0502411949309587,8471,0.121801334600425,8471,0.536623823677895
"623_b","10m",8991,0.0589197615960998,0.0602249875664711,0.0098540379023234,8991,0.0270196563294704,8991,0.0496213174846681,8991,0.121738716082773,8991,0.549484509125247
"623_c","10m",9075,0.0606678268130735,0.0612159334123135,0.0118271176645099,9075,0.0230240305054866,9075,0.0494162789723201,9075,0.12204037540658,9075,0.535725313217704
"623_d","10m",9375,0.0624523841728767,0.0637487322092056,0.0119547457739975,9375,0.0230023928713688,9375,0.050909078555022,9375,0.123829631562818,9375,0.54243393277003
"624_a","10m",9109,0.0724061892753045,0.0726351588964462,0.0142301628042562,9109,0.0267499941406125,9109,0.0588177061499319,9109,0.134216180608391,9109,0.564724194439461
"624_b","10m",8382,0.0609885705257178,0.0625416859984398,0.0141627313755252,8382,0.0225356324460188,8382,0.0495755191181108,8382,0.115429806793684,8382,0.486284494859806
"624_c","10m",7460,0.0562863528925736,0.0539766903966665,0.0169325947982319,7460,0.0213035396853584,7460,0.0458019718969824,7460,0.112262106643592,7460,0.501650168466894
"624_d","10m",9172,0.068942979864396,0.0709901601076126,0.0125213611288852,9172,0.0271595743520537,9172,0.0563146799327531,9172,0.136949511270672,9172,0.597948769700843
"7_a","10m",7782,0.0546755516347271,0.0540967211127281,0.0133324845860654,7782,0.0186508071701311,7782,0.0440021389104517,7782,0.10697839697545,7782,0.465887871230104
"7_b","10m",7620,0.063867217873338,0.064115796238184,0.0178269509686267,7620,0.0175722702020469,7620,0.0506815161492538,7620,0.108316151307191,7620,0.430846282684212
"7_c","10m",8851,0.0639262249104661,0.065495952963829,0.0139612854669798,8851,0.0230685322533766,8851,0.0514823431671328,8851,0.125388487070104,8851,0.529265114644088
"7_d","10m",8684,0.0619975814796583,0.061894129961729,0.0150957325514733,8684,0.0225067946569304,8684,0.0503742210096648,8684,0.121117860155245,8684,0.537751945514199
"700_a","10m",4745,0.0474678478153664,0.0466807186603546,0.0111682512944961,4745,0.0151128683631662,4745,0.0377367630645932,4745,0.0993631453919568,4745,0.446537298411853
"700_b","10m",5315,0.0578828375516696,0.0561095587909222,0.0179530241822108,5315,0.0164533318594169,5315,0.0451726536383781,5315,0.103537063279266,5315,0.431281545962518
"700_c","10m",7623,0.0557665927642273,0.0552867352962494,0.0134051821927419,7623,0.0174518798672935,7623,0.0441335285389829,7623,0.111051485366737,7623,0.489291594954278
"700_d","10m",5899,0.0555355613743361,0.0508210882544518,0.0198333644285756,5899,0.0177261422163665,5899,0.0439678976440093,5899,0.101294856456944,5899,0.422073007910171
"701_a","10m",6228,0.0507727717252792,0.0510263778269291,0.0111476343056877,6228,0.0149079210505883,6228,0.0397387240698015,6228,0.102022681984267,6228,0.460286579092961
"701_b","10m",6940,0.0521510612015594,0.0512750223278999,0.0123031066986762,6940,0.0169478414990941,6940,0.0414330134603447,6940,0.107956322405988,6940,0.480930388435636
"701_c","10m",7412,0.0588114315714774,0.0575359426438808,0.0162690967187793,7412,0.0172116587741073,7412,0.0458981679263257,7412,0.112341681171942,7412,0.478698127422576
"701_d","10m",7195,0.0516653310225356,0.052330382168293,0.0104485024421251,7195,0.0167552263492566,7195,0.0411139927538748,7195,0.110068034351677,7195,0.510761667170733
"702_a","10m",6309,0.0491957917353642,0.0488444045186043,0.0107212818455757,6309,0.0159569712967298,6309,0.0389656860075606,6309,0.104570722997573,6309,0.482771824853349
"702_b","10m",7009,0.0522317348351312,0.0510887503623962,0.0131008607958868,7009,0.0163815162955126,7009,0.0411980521749853,7009,0.107143297293623,7009,0.484912431072531
"702_c","10m",8091,0.0509905955583749,0.0503763854503632,0.0111000940416392,8091,0.0168663349986526,8091,0.0406560838671343,8091,0.109190023697217,8091,0.519395391611352
"702_d","10m",7749,0.0575988224740835,0.0557966791093349,0.0160261803522138,7749,0.0169882782262479,7749,0.0455024114929189,7749,0.111386499482966,7749,0.499214876905797
"703_a","10m",6106,0.061243643596478,0.0606863256543875,0.0172589844242251,6106,0.0166587078058674,6106,0.0481656552731463,6106,0.10824762561273,6106,0.45995460245557
"703_b","10m",7584,0.0542879450986681,0.0522314831614494,0.0145606549010673,7584,0.0177074830648406,7584,0.0435531421557081,7584,0.10635876281167,7584,0.483123716623778
"703_c","10m",7976,0.0522239115715042,0.0522169638425112,0.0108239039069692,7976,0.0190758399976108,7976,0.0422620478431283,7976,0.102478619974826,7976,0.443120966843435
"703_d","10m",5608,0.0623976704226103,0.0610685441643,0.0195840233759455,5608,0.0186673298912659,5608,0.0495387616759113,5608,0.111635230458167,5608,0.456286230317587
"704_a","10m",6687,0.0593364043176593,0.0525727532804012,0.0224166162604509,6687,0.0174333625119869,6687,0.0470772114269074,6687,0.105243237295408,6687,0.437994561216699
"704_b","10m",6780,0.0519603902581189,0.0521213728934526,0.0115017431627328,6780,0.01796412942957,6780,0.0418467881493062,6780,0.100205301329278,6780,0.429389901270887
"704_c","10m",4459,0.0492265919153667,0.047447744756937,0.0126947467068564,4459,0.0152013509873285,4459,0.0394296843046208,4459,0.0992013375192183,4459,0.440089344445346
"704_d","10m",5593,0.045587016928967,0.0447596609592438,0.00975872581920979,5593,0.0177328562742102,5593,0.0380599467322262,5593,0.0809977612041707,5593,0.331145840386185
"705_a","10m",5003,0.0515186310163676,0.0480623692274094,0.0163312341907158,5003,0.0159957177949668,5003,0.0413474475685329,5003,0.0924654732985915,5003,0.399111030238695
"705_b","10m",8039,0.0600964415675725,0.0598049722611904,0.0149675764563507,8039,0.0180229260059854,8039,0.0479118126852759,8039,0.11800138360687,8039,0.514080017130608
"705_c","10m",6983,0.0618030960672537,0.0593023337423801,0.0204564886675307,6983,0.0201491825235079,6983,0.0506576748619292,6983,0.109499755135297,6983,0.456700509733813
"705_d","10m",7244,0.0568893831914927,0.0552269276231527,0.0162996652201262,7244,0.0182484391176292,7244,0.0460312709230321,7244,0.102152886313121,7244,0.436834373768071
"706_a","10m",6541,0.0580841730448576,0.0575387738645077,0.0160642010554301,6541,0.0200477622329132,6541,0.0474822540270739,6541,0.102865607350977,6541,0.424719426090647
"706_b","10m",8019,0.069951386817988,0.0705258250236511,0.0185053986821222,8019,0.0215673644337139,8019,0.0558295468673261,8019,0.128989853933803,8019,0.533661699734646
"706_c","10m",7911,0.0649555005799946,0.0652244091033936,0.018335025643752,7911,0.020764983495808,7911,0.05226968946599,7911,0.116164440177978,7911,0.471600377786881
"706_d","10m",7999,0.0572255318948296,0.0563460364937782,0.0161154238690814,7999,0.0214888173339653,7999,0.0475948804839778,7999,0.0958863978503207,7999,0.36808622668139
"707_a","10m",7497,0.0559788327674075,0.0551449991762638,0.0157876019625734,7497,0.0176285564400304,7497,0.0453166004330157,7497,0.0986272830539579,7497,0.410462765012742
"707_b","10m",7005,0.059506659229405,0.0556917302310467,0.0192425049898109,7005,0.0173533799214714,7005,0.0478964527149638,7005,0.103436983358959,7005,0.420409739038865
"707_c","10m",6062,0.0479916480684199,0.0466723255813122,0.0117991382330137,6062,0.0151685344439394,6062,0.0388857536223159,6062,0.0939041450618191,6062,0.424974621622557
"707_d","10m",6349,0.052282455744441,0.0499736294150352,0.015391708538333,6349,0.0148356880196004,6349,0.0417587562048935,6349,0.0983252478380492,6349,0.439987387828356
"708_a","10m",7133,0.05867979563663,0.0573119185864925,0.0179013772503712,7133,0.0169310304470224,7133,0.0460267734534941,7133,0.105750399711078,7133,0.45229543159108
"708_b","10m",6327,0.0533896953766005,0.0519840754568577,0.0146441964376914,6327,0.0163971022229348,6327,0.0427843033939805,6327,0.100250604794702,6327,0.441285775266723
"708_c","10m",7543,0.0583076060441043,0.0581437088549137,0.015661723961195,7543,0.0177008953613271,7543,0.04621305140121,7543,0.111135064650152,7543,0.498910183414222
"708_d","10m",6290,0.0564292397127977,0.0555447936058044,0.0155548286563248,6290,0.016955153739397,6290,0.0441883729464604,6290,0.103423149172786,6290,0.440920573006634
"709_a","10m",7137,0.0534345409436851,0.0523874573409557,0.0138531704440068,7137,0.016787078616322,7137,0.0426537212516413,7137,0.105858308373243,7137,0.477325956857948
"709_b","10m",6453,0.055303385610264,0.0551209822297096,0.0142845601742202,6453,0.0180719133388724,6453,0.0439804407475963,6453,0.110817872409826,6453,0.500669250108374
"709_c","10m",6590,0.0531310745072586,0.0520926527678967,0.0136482515156493,6590,0.017639381834718,6590,0.0426381261904502,6590,0.107473133487416,6590,0.492094204388728
"709_d","10m",6826,0.0508633481154157,0.0496170837432146,0.0126904691992783,6826,0.0151065631406856,6826,0.0402527208457197,6826,0.104393198066321,6826,0.488770973053001
"710_a","10m",6826,0.0514531617309083,0.0503128282725811,0.0125491463603031,6826,0.016246486833892,6826,0.0412055396576524,6826,0.106624829658797,6826,0.500163508559575
"710_b","10m",6549,0.0514588445893752,0.0498479306697845,0.0135610684416045,6549,0.016332325833779,6549,0.0412647109148484,6549,0.104185817029483,6549,0.486986332151895
"710_c","10m",7274,0.0517386218572867,0.0508713815361261,0.0125302165874624,7274,0.0176774929489496,7274,0.041866433297689,7274,0.106859669659154,7274,0.492535093461079
"710_d","10m",6783,0.053337952642194,0.0521283708512783,0.0135921028510002,6783,0.0175015879799685,6783,0.0431117713232388,6783,0.107285299319439,6783,0.493162787761679
"711_a","10m",6697,0.0552788503939191,0.0549174398183823,0.014988749792376,6697,0.0176660070397084,6697,0.0445924774887371,6697,0.104413861695939,6697,0.45613948580984
"711_b","10m",6808,0.0524720313237076,0.0524529684334993,0.0120002323316025,6808,0.0166291149174981,6808,0.0421107176741069,6808,0.105687863312485,6808,0.473796899455953
"711_c","10m",8647,0.0521137136336995,0.0523482412099838,0.010902937764363,8647,0.0135752462476372,8647,0.0408927779185367,8647,0.105431559232072,8647,0.486475196047485
"711_d","10m",8643,0.0637974195810748,0.0637171939015388,0.0169269906783759,8643,0.0190337907800457,8643,0.050449647328711,8643,0.125541984717402,8643,0.546923577451298
"712_a","10m",7607,0.067481966685801,0.0679938867688179,0.0185085438612784,7607,0.0191905179179535,7607,0.0528401872589406,7607,0.122637506976762,7607,0.504970192535683
"712_b","10m",7468,0.0746835678250663,0.0749169550836086,0.0248389599721221,7468,0.021631875922572,7468,0.0581684369180522,7468,0.132839557030243,7468,0.530180860199872
"712_c","10m",5808,0.062601234675988,0.0599035657942295,0.0195786472539944,5808,0.0231605720690997,5808,0.0512107166754105,5808,0.108107515556124,5808,0.39988757947439
"712_d","10m",3947,0.0717459211721997,0.068140372633934,0.0279918189518134,3947,0.0331578937370978,3947,0.0600579315513683,3947,0.117029958896004,3947,0.341134602165878
"713_a","10m",8040,0.0672388135001471,0.0639576092362404,0.0239588622755345,8040,0.0251720496411386,8040,0.0546411918012052,8040,0.121984369711862,8040,0.473578437269744
"713_b","10m",7281,0.0692380307337696,0.0581499598920345,0.0302434606392828,7281,0.0222358332579038,7281,0.0549053108681958,7281,0.120239749333911,7281,0.45529980667927
"713_c","10m",6547,0.0425062050733659,0.0412440150976181,0.00804377418889096,6547,0.0156591706628845,6547,0.03491895895207,6547,0.0891219852983584,6547,0.410406086704345
"713_d","10m",7118,0.0492073648705258,0.049136009067297,0.00996188650840828,7118,0.0167747744275149,7118,0.0397980764842414,7118,0.105950855154077,7118,0.491683118740983
"714_a","10m",6726,0.0457935623645698,0.0445699989795685,0.00987002680044796,6726,0.0181338344166617,6726,0.0378003629023749,6726,0.0895539755538859,6726,0.39828991167118
"714_b","10m",6197,0.0427546810652722,0.0420194789767265,0.00736498797371071,6197,0.0158191790414592,6197,0.0352301982262526,6197,0.0853138826062977,6197,0.390476187118503
"714_c","10m",6617,0.0415443632958883,0.0410062037408352,0.00672938313286008,6617,0.016940044583188,6617,0.0349979966454097,6617,0.0754853991001236,6617,0.331451072615291
"714_d","10m",5372,0.0401481454040819,0.0391941964626312,0.00651436824876991,5372,0.0208161171709909,5372,0.0351063421176693,5372,0.0668949837080001,5372,0.260744007912628
"715_a","10m",5823,0.0445346104509894,0.0428979992866516,0.0102136400407016,5823,0.018123361567541,5823,0.0371207723519977,5823,0.0813566397682243,5823,0.342128333543612
"715_b","10m",6200,0.0467881056975814,0.0429967287927866,0.0133827362268901,6200,0.0180072372636464,6200,0.0384957550749213,6200,0.0908811960896771,6200,0.400660935051571
"715_c","10m",7352,0.0501508913071313,0.0487183574587107,0.0126047830048986,7352,0.01918039514356,7352,0.0413378769518708,7352,0.0948767159563776,7352,0.412728772223121
"715_d","10m",8132,0.0499996761587552,0.0494927540421486,0.0104775011564078,8132,0.0150780300862805,8132,0.0396561730785014,8132,0.0927515471896657,8132,0.398823969849315
"716_a","10m",8331,0.053920100597,0.0520303584635258,0.013700740362563,8331,0.02062235508712,8331,0.045120242879737,8331,0.103914977083397,8331,0.465011767251926
"716_b","10m",8634,0.0558011819566873,0.0546274073421955,0.0134379167815531,8634,0.0223620199569536,8634,0.046421359160371,8634,0.106198674470514,8634,0.467250420896749
"716_c","10m",7955,0.0663076721967709,0.0682180598378181,0.0152862190596174,7955,0.0224021602002419,7955,0.0536131970558887,7955,0.125462367418037,7955,0.525564484669775
"716_d","10m",7475,0.0471243556053144,0.0461228974163532,0.00988258102088038,7475,0.0181305270323711,7475,0.03922376181108,7475,0.093693235024114,7475,0.425638712981493
"717_a","10m",6834,0.045509363956889,0.0432517025619745,0.0106346344008235,6834,0.0154502524311516,6834,0.0373057361863005,6834,0.08448101575878,6834,0.371643581319588
"717_b","10m",8938,0.0658892496316228,0.0650311037898064,0.0169208376846003,8938,0.0216946110370818,8938,0.0525340019630205,8938,0.126522214607846,8938,0.537488059465415
"717_c","10m",7353,0.0514125870815588,0.050074964761734,0.0126955356778533,7353,0.0187184279635384,7353,0.0417646282036656,7353,0.10873392063116,7353,0.512187675491348
"717_d","10m",5795,0.0477350807738289,0.0464207865297794,0.0113847986739333,5795,0.0174341748739287,5795,0.0388273957522941,5795,0.101169263955128,5795,0.487718151663492
"718_a","10m",7356,0.0457830334063508,0.044837748631835,0.00918678682959251,7356,0.0169423581414072,7356,0.037204182981312,7356,0.103132948553113,7356,0.508059955538271
"718_b","10m",6853,0.0503925116773215,0.0464689247310162,0.0157205381273115,6853,0.0181474388395059,6853,0.0406895440145071,6853,0.107542907529481,6853,0.504901166233236
"718_c","10m",7676,0.0584089350709502,0.0553206708282232,0.0176575850403919,7676,0.0200998637963957,7676,0.0466241506104265,7676,0.116160648691335,7676,0.525347670537554
"718_d","10m",6534,0.0493128197199235,0.0483784545212984,0.0115822922170576,6534,0.0179742112684207,6534,0.0402575432177391,6534,0.0994418157010637,6534,0.460755630654317
"719_a","10m",7978,0.0567622432547327,0.0571395624428988,0.013074666217331,7978,0.0168313344770484,7978,0.0443266846508361,7978,0.112319376225831,7978,0.505562849990047
"719_b","10m",7914,0.0505442498689567,0.0505845062434673,0.0101515533835267,7914,0.0160387243146751,7914,0.0406890480117815,7914,0.108229744478879,7914,0.513696537952431
"719_c","10m",7082,0.0493538378183176,0.0493751615285873,0.0101994531792946,7082,0.0180713715092864,7082,0.0401355102246378,7082,0.105277944007936,7082,0.489971216838261
"719_d","10m",7262,0.0587769049429854,0.0597625970840454,0.014311760902051,7262,0.0196297450256633,7262,0.0466317352820127,7262,0.117795617960711,7262,0.528293456642244
"720_a","10m",8448,0.0601715302964845,0.058788126334548,0.0162020374815498,8448,0.0237678009176086,8448,0.0489872144289345,8448,0.123750832937896,8448,0.564916259757998
"720_b","10m",6815,0.0558570801293421,0.0564021281898022,0.0118615054813182,6815,0.0209548484621107,6815,0.0451624786527237,6815,0.112481281660309,6815,0.493974916374637
"720_c","10m",7538,0.0597957432174669,0.0593058615922928,0.0152077447763653,7538,0.0217127142317242,7538,0.0481991725593426,7538,0.115040297506057,7538,0.50588169494926
"720_d","10m",7611,0.0574696817095271,0.0583180710673332,0.0127287356783939,7611,0.0227685907160214,7611,0.0469778942032852,7611,0.116402979631585,7611,0.530352767412417
"721_a","10m",6826,0.0574305739571386,0.056713318452239,0.0156171993704883,6826,0.0206063469373215,6826,0.0464648713685119,6826,0.111081055578183,6826,0.503271294550295
"721_b","10m",7714,0.0503269380196593,0.0492573529481888,0.0119750000004678,7714,0.0191622717072054,7714,0.0412035692096967,7714,0.104484621120302,7714,0.495800284676028
"721_c","10m",8743,0.0549614277294298,0.055012222379446,0.011865931307917,8743,0.0205474304153688,8743,0.0443134840998953,8743,0.114156976881248,8743,0.517698928598985
"721_d","10m",7300,0.0566637050518638,0.0569763202220201,0.0131633726775147,7300,0.0209986951762436,7300,0.0458681583935632,7300,0.114924038543321,7300,0.512457961840397
"722_a","10m",8781,0.0558169249978899,0.0540074519813061,0.0144122657426472,8781,0.0200854107684935,8781,0.0453023780597984,8781,0.10768234392169,8781,0.471910854574421
"722_b","10m",8515,0.0564342921386466,0.0571907833218575,0.0124646497985775,8515,0.0222890319551566,8515,0.0461892193885408,8515,0.108778459846474,8515,0.476367773305588
"722_c","10m",9110,0.0606047916039007,0.0610485356301069,0.0144337725989423,9110,0.0219924853798986,9110,0.0488159701978662,9110,0.11816597728807,9110,0.511742115269377
"722_d","10m",9012,0.0685052732890327,0.0708310641348362,0.0147727494953827,9012,0.02582936785192,9012,0.0554257239823896,9012,0.125467971424204,9012,0.539414732582946
"723_a","10m",8526,0.068046616963385,0.0702100545167923,0.0159010753669532,8526,0.0251052392927691,8526,0.0547669518579333,8526,0.126053291496187,8526,0.541600391947147
"723_b","10m",8575,0.0647300408734959,0.0658570677042007,0.0151207865485051,8575,0.0238449697014201,8575,0.0521114095627582,8575,0.122873766006617,8575,0.519306048847392
"723_c","10m",8538,0.0612562576205875,0.0618293676525354,0.0124558299164049,8538,0.0255108765929021,8538,0.0505128399270994,8538,0.124110557272916,8538,0.543717421993009
"723_d","10m",7719,0.0584196388276979,0.0597823560237885,0.0115655263838795,7719,0.0219570594243175,7719,0.0474299524551787,7719,0.11630869239263,7719,0.514098089086969
"724_a","10m",8458,0.0654954432495966,0.0654213540256023,0.0150151738516336,8458,0.0259086429427507,8458,0.0536111148896062,8458,0.126834748105652,8458,0.545190329713111
"724_b","10m",9157,0.0688226800312268,0.0705033764243126,0.0123629631769943,9157,0.03091149555066,9157,0.0574233708752378,9157,0.134134870901248,9157,0.581780968429878
"724_c","10m",8667,0.0664336763432389,0.0682277902960777,0.0132970612275317,8667,0.0288926419446056,8667,0.0550880072915,8667,0.130553088600738,8667,0.566479027880917
"724_d","10m",9032,0.0665148734343976,0.0678913109004498,0.0131695194072527,9032,0.0281446601019272,9032,0.0550937061201296,9032,0.128767892972772,9032,0.556051400771333
"8_a","10m",8418,0.0579679823834799,0.0574473775923252,0.0136714969504324,8418,0.0210947130311851,8418,0.0472291498554266,8418,0.113591811661325,8418,0.505568986586442
"8_b","10m",8849,0.0632222867701849,0.0642471984028816,0.0146956062874839,8849,0.0243297671754708,8849,0.0516634557390295,8849,0.119052440805617,8849,0.504413474053633
"8_c","10m",8635,0.0604761142212494,0.0620816349983215,0.0112382088758675,8635,0.021752887251481,8635,0.0490234493003246,8635,0.123746368289336,8635,0.529874375182525
"8_d","10m",7481,0.0561189432169701,0.0567096471786499,0.0123794972485091,7481,0.0197162239549194,7481,0.0454819247499414,7481,0.111062339088213,7481,0.479608479823209
"800_a","10m",3976,0.0522601766492122,0.0473166052252054,0.0194072202777564,3976,0.0172329992259939,3976,0.0416221464389327,3976,0.094547285130084,3976,0.379719894365042
"800_b","10m",7664,0.0618847554354172,0.0613208394497633,0.0176484442005532,7664,0.0178659888216645,7664,0.0481765435037869,7664,0.114464246401172,7664,0.478182872257396
"800_c","10m",6238,0.0589524603013753,0.0581844411790371,0.0168107792742118,6238,0.019317737755338,6238,0.0466625281734451,6238,0.108386515115872,6238,0.454321896963684
"800_d","10m",6441,0.0714862940914234,0.0657007470726967,0.0313888768681393,6441,0.0258861059844146,6441,0.0569548428059636,6441,0.12151796188937,6441,0.420562854964859
"801_a","10m",7074,0.0635813936493198,0.0608306359499693,0.0227981137332395,7074,0.0211930705675348,7074,0.0506811402541741,7074,0.113821538181965,7074,0.446308461432482
"801_b","10m",3467,0.0523619662684488,0.04993611946702,0.0155351332656114,3467,0.01584386373718,3467,0.0413016750423875,3467,0.0999684455575555,3467,0.428536480129332
"801_c","10m",8398,0.0533347930941064,0.0537294000387192,0.0103908378094639,8398,0.0173289232077414,8398,0.0424064839605838,8398,0.115721094353678,8398,0.535585067495296
"801_d","10m",5482,0.0673854649121289,0.0593236498534679,0.0320437387553496,5482,0.0241788785637809,5482,0.0542133441294883,5482,0.116054888364692,5482,0.428155061249322
"802_a","10m",6289,0.0620585289518847,0.0613827258348465,0.0186928426548445,6289,0.017687763377884,6289,0.0487368405153295,6289,0.110983360331143,6289,0.456780360077832
"802_b","10m",6389,0.0473878353791587,0.0468210838735104,0.00998722213203353,6389,0.0164393214230552,6389,0.0378930213989715,6389,0.103434318980434,6389,0.485795844241354
"802_c","10m",5681,0.0509455471367294,0.0435833521187305,0.0214835394064438,5681,0.0180815560591207,5681,0.0410259192488897,5681,0.102684375064021,5681,0.43119459369002
"802_d","10m",4139,0.0494513065990949,0.0464191511273384,0.0139232306552102,4139,0.0159275224562106,4139,0.0396506694539014,4139,0.0964319844979217,4139,0.415402584304971
"803_a","10m",6745,0.0610049421278369,0.0591692663729191,0.0190140784467266,6745,0.0181197944769267,6745,0.0482003243702347,6745,0.111526542527794,6745,0.458373852255987
"803_b","10m",6839,0.0653413143725245,0.0642786473035812,0.0204757524496197,6839,0.020344723327501,6839,0.0513184489977629,6839,0.119118905600683,6839,0.477980206595775
"803_c","10m",7870,0.0700636959564902,0.0683506540954113,0.0220424960591305,7870,0.0206617757965331,7870,0.0550880563907162,7870,0.126111226651616,7870,0.509205809249177
"803_d","10m",8033,0.0764015204615526,0.0765934064984322,0.0233567904748984,8033,0.0207243492932103,8033,0.0598433375582895,8033,0.129868427777913,8033,0.50117969771763
"804_a","10m",7805,0.0708059778144675,0.0666198283433914,0.0279053205880921,7805,0.0265932740211072,7805,0.0575771002750128,7805,0.112538021670997,7805,0.376086618454737
"804_b","10m",8663,0.0676344109394459,0.0653961598873138,0.0224598039992892,8663,0.019930466975471,8663,0.0532882757288039,8663,0.115614568120909,8663,0.467862361300529
"804_c","10m",7614,0.0572940698023156,0.054055942222476,0.0180625887316615,7614,0.0190008252369467,7614,0.0462759128780931,7614,0.101415675491536,7614,0.42235838694929
"804_d","10m",8833,0.0738671021085778,0.0747964531183243,0.018413191832295,8833,0.0233198891836487,8833,0.0578749937056282,8833,0.124688329891283,8833,0.498950818502183
"805_a","10m",7422,0.0608074283947587,0.0600177273154259,0.0166986269450895,7422,0.0199695563820596,7422,0.0484718812890618,7422,0.10951527949737,7422,0.471797306844345
"805_b","10m",7273,0.055983794274296,0.0540500916540623,0.0162265972102872,7273,0.0183150160557155,7273,0.0453317508227814,7273,0.101264216679218,7273,0.44220300913316
"805_c","10m",7331,0.0585963840546452,0.0578063428401947,0.0162287156059068,7331,0.019705456198498,7331,0.0467730229692162,7331,0.105547030508098,7331,0.456590812643221
"805_d","10m",7326,0.0587372091707374,0.05895303376019,0.01565721467459,7326,0.0194250841134584,7326,0.0467750993785828,7326,0.10497875904258,7326,0.450225143686279
"806_a","10m",7923,0.065240280090762,0.0646193474531174,0.0202861768819105,7923,0.0173287044659685,7923,0.0502353537927998,7923,0.109391443470898,7923,0.433734597564458
"806_b","10m",6669,0.0577550217099259,0.0560229197144508,0.0178945615818612,6669,0.0182541731680114,6669,0.0457768052132168,6669,0.0997425355660298,6669,0.403125141303719
"806_c","10m",8434,0.0619356206796917,0.062873225659132,0.0140469125769865,8434,0.0184588058450891,8434,0.0487482633743919,8434,0.113768185037949,8434,0.469329981092052
"806_d","10m",7413,0.0628635975267524,0.06304070353508,0.0174648591285638,7413,0.0179166687173078,7413,0.0488635742259122,7413,0.116566708873937,7413,0.479784765164049
"807_a","10m",8519,0.0659207295744908,0.0659127533435822,0.0185896999052347,8519,0.0184237943826158,8519,0.0510428041271905,8519,0.122173134955477,8519,0.509066509831618
"807_b","10m",8656,0.0630435506830873,0.0623733848333359,0.0173128328626923,8656,0.0192010184653916,8656,0.0502842370430485,8656,0.115026832059938,8656,0.489670189504284
"807_c","10m",8272,0.0613336865229503,0.0613866206258535,0.0168900050902366,8272,0.0195430492995316,8272,0.0488185713072524,8272,0.108974296546587,8272,0.450205762438238
"807_d","10m",7866,0.0605133444770788,0.0601031444966793,0.0170247202048039,7866,0.0196918770044497,7866,0.0484731577879713,7866,0.109176099201768,7866,0.449124395571139
"808_a","10m",8422,0.0581943584067295,0.0579695980995893,0.0145749375622341,8422,0.019874520317913,8422,0.0465127982733272,8422,0.106129311098943,8422,0.442922369441903
"808_b","10m",6949,0.0506054956218286,0.0499996952712536,0.0127248900116139,6949,0.0172988818854311,6949,0.0406966353899494,6949,0.0985381061181836,6949,0.433418075887733
"808_c","10m",6658,0.0519921752104139,0.0495961308479309,0.0147231453450975,6658,0.0163818578677391,6658,0.0412835383195998,6658,0.0967507208589682,6658,0.413994678634446
"808_d","10m",7057,0.0536640970527585,0.0528577603399754,0.0141026356047394,7057,0.0171244177816159,7057,0.0425934201205615,7057,0.0999594383698886,7057,0.425024810549934
"809_a","10m",6919,0.0561038798537234,0.0567464269697666,0.0131941541156198,6919,0.0167358106305773,6919,0.0439888345604472,6919,0.112322293082739,6919,0.509770799041848
"809_b","10m",7581,0.0546106352358899,0.0536351688206196,0.0150639456626581,7581,0.0150114706123645,7581,0.0426390005171378,7581,0.105105384079214,7581,0.470466572269365
"809_c","10m",8868,0.0546701517332905,0.054981691762805,0.0111652352243867,8868,0.0161047309658727,8868,0.0426249247142834,8868,0.112156816812339,8868,0.516791351387999
"809_d","10m",7544,0.0465779144920346,0.0438385102897882,0.0116471194135738,7544,0.018644325278981,7544,0.0385243307103695,7544,0.0918519100686344,7544,0.422295831806883
"810_a","10m",6253,0.0529573335266582,0.0486318320035934,0.017462841563867,6253,0.0183762800439907,6253,0.0424157432221224,6253,0.103064615127864,6253,0.448900309702468
"810_b","10m",7992,0.052875092992134,0.0515115093439817,0.0134145235290541,7992,0.0166313235572736,7992,0.0415255697032557,7992,0.107968036199311,7992,0.491410161693197
"810_c","10m",7388,0.0441279336439499,0.0425832699984312,0.0100464137888114,7388,0.0156733707413288,7388,0.0366706838152119,7388,0.0887007721173542,7388,0.420018160771347
"810_d","10m",6560,0.0489449118170319,0.0468789860606194,0.0129772718283709,6560,0.0151122035359936,6560,0.0395779723475139,6560,0.0897726880156835,6560,0.389617122852368
"811_a","10m",6181,0.0507709969563177,0.0497803278267384,0.0128396325811031,6181,0.0148898480500244,6181,0.0405041661416325,6181,0.100844786985818,6181,0.456759110408775
"811_b","10m",5857,0.0507973544019745,0.0487226471304893,0.0135903592105074,5857,0.0162487400634304,5857,0.041131817937913,5857,0.098831339508998,5857,0.446778066054188
"811_c","10m",7466,0.0597047596212358,0.0597768649458885,0.0165251491916857,7466,0.0205582846190532,7466,0.0484195882512519,7466,0.107663228166464,7466,0.446299559719214
"811_d","10m",5814,0.0535496402494058,0.0532754734158516,0.0124086110769332,5814,0.0190378934212181,5814,0.043604700612523,5814,0.103213731277846,5814,0.454653010650506
"812_a","10m",6605,0.0437734567689273,0.04152712225914,0.0108461294253082,6605,0.01666663513573,6605,0.036227510514277,6605,0.0820822406711489,6605,0.361573335317355
"812_b","10m",5040,0.0596222193652971,0.0580272376537323,0.0192626843352521,5040,0.0220981786087093,5040,0.0483747872903171,5040,0.100914847874083,5040,0.362094828571529
"812_c","10m",8376,0.0711455528115998,0.0639884397387505,0.0266062140250859,8376,0.0250583170596838,8376,0.0573089977132493,8376,0.115965358073574,8376,0.405112318726085
"812_d","10m",6347,0.045870954900973,0.0453188605606556,0.00919409523213227,6347,0.0154664099116666,6347,0.0371525347089312,6347,0.0880298405494469,6347,0.382866928748316
"813_a","10m",7938,0.0458563033779522,0.0456750709563494,0.00813550664613488,7938,0.0136063408465592,7938,0.0367451069532925,7938,0.0952415835070354,7938,0.437889560062253
"813_b","10m",6973,0.0487452564916241,0.047040194272995,0.0120253758935559,6973,0.0158908478876068,6973,0.0393894699778453,6973,0.0960696694429977,6973,0.436403115205793
"813_c","10m",5756,0.0449704920333927,0.044066833332181,0.00904492836068355,5756,0.015082269313613,5756,0.0365480740432726,5756,0.0910252245555485,5756,0.412752592334675
"813_d","10m",7828,0.0475763151565863,0.0473942775279284,0.00947573384975925,7828,0.0141490171391543,7828,0.0381826428538347,7828,0.0974449940051326,7828,0.445607069465134
"814_a","10m",7018,0.0482764765925453,0.0471727214753628,0.0108632107821571,7018,0.0146500453069485,7018,0.0383431436585275,7018,0.0971036918824036,7018,0.435318959301933
"814_b","10m",5836,0.0430796020530226,0.0418084617704153,0.00836490693210403,5836,0.0163592465841717,5836,0.0355884067031179,5836,0.0811461594809815,5836,0.34461990916061
"814_c","10m",5031,0.0398332786997527,0.0384704805910587,0.00685139790803455,5031,0.0139904800512268,5031,0.0326504606857147,5031,0.0731370604615067,5031,0.31790625363184
"814_d","10m",5461,0.0384028034441267,0.0375361181795597,0.00554851962969333,5461,0.0131416182037053,5461,0.0313723221115414,5461,0.0710982406432333,5461,0.314835221270115
"815_a","10m",6687,0.0414237730977749,0.0404859445989132,0.00714669033008391,6687,0.0153440185684511,6687,0.0342138253927866,6687,0.0741851521263583,6687,0.315938765554929
"815_b","10m",4258,0.0391688001346055,0.0384256448596716,0.00586460414189278,4258,0.013952643659689,4258,0.0321069124537606,4258,0.0702359131517609,4258,0.304195109709149
"815_c","10m",5804,0.0464044840461469,0.0460414197295904,0.00915490774871843,5804,0.0168291943206383,5804,0.0380395037658175,5804,0.0903631459927042,5804,0.394657887004336
"815_d","10m",7755,0.047930275056773,0.0469254814088345,0.0103937904422588,7755,0.0186145126546732,7755,0.039962992741479,7755,0.0849303752029849,7755,0.353338884844694
"816_a","10m",7028,0.0488663497357059,0.0479441657662392,0.0112298349055089,7028,0.0183892252782325,7028,0.0405044474017442,7028,0.0977976810361605,7028,0.431134501897927
"816_b","10m",8125,0.0516784754918172,0.0521932318806648,0.00989955292519316,8125,0.0212426691475332,8125,0.043237865862062,8125,0.106380712566952,8125,0.478429701955465
"816_c","10m",6132,0.0464023744255494,0.0461557749658823,0.00906285262499594,6132,0.0172715614391659,6132,0.0382932082261352,6132,0.0932693288816304,6132,0.418558929379779
"816_d","10m",6882,0.0432719801198307,0.0423085335642099,0.00808732318519382,6882,0.014957507436354,6882,0.0353720242994733,6882,0.0872873936299666,6882,0.391360243037711
"817_a","10m",4347,0.037316498534091,0.0364554151892662,0.00503368110766577,4347,0.0132019154771879,4347,0.0302629745221645,4347,0.0709870793637351,4347,0.309275419594986
"817_b","10m",5144,0.0371460074578408,0.0361483562737703,0.00519162536984888,5144,0.0136305469151161,5144,0.0304705062655963,5144,0.0758156663138803,5144,0.352112071469765
"817_c","10m",6494,0.043213432948161,0.0421340670436621,0.00825233620322114,6494,0.0149046762454846,6494,0.0350613621866294,6494,0.0816225838095512,6494,0.362733263029551
"817_d","10m",7337,0.0473598177099611,0.0450374558568001,0.0118534323546985,7337,0.0164901821137097,7337,0.0386235320385327,7337,0.0840697130261431,7337,0.345843077213673
"818_a","10m",8266,0.0559705597216238,0.0556544009596109,0.0132861984847475,8266,0.0214599982928893,8266,0.0452789655724556,8266,0.103739844702533,8266,0.432910000211632
"818_b","10m",8147,0.0559052490491278,0.0557961016893387,0.0128595635027277,8147,0.0183888472357089,8147,0.0444267439797726,8147,0.115311574985541,8147,0.53261017933241
"818_c","10m",6211,0.0495710931682362,0.0492536909878254,0.0108561805224222,6211,0.0161025007670729,6211,0.0398882430483658,6211,0.10053952765163,6211,0.465320702935595
"818_d","10m",6186,0.0587598980240936,0.0586973540484905,0.0148081195995242,6186,0.0220679845328537,6186,0.0470273249583268,6186,0.106084306629069,6186,0.428154255122945
"819_a","10m",5725,0.0798929026163301,0.0831538513302803,0.0230007886366441,5725,0.0230215543831714,5725,0.0614745296115498,5725,0.145338746261704,5725,0.587428568287012
"819_b","10m",6437,0.0600002234935047,0.0567628219723701,0.0201418013314071,6437,0.0216851566793751,6437,0.0479888287742655,6437,0.114334595001472,6437,0.47516917855922
"819_c","10m",8508,0.055791340812123,0.0559318158775568,0.0121741893965909,8508,0.0223810432417437,8508,0.0455231499704544,8508,0.118193199564966,8508,0.550938092391074
"819_d","10m",7992,0.0541283782071399,0.0521235819905996,0.0143163286843514,7992,0.020063661977941,7992,0.0438868626240328,7992,0.111360054229526,7992,0.518032034154743
"820_a","10m",7467,0.0467625902859648,0.0463960319757462,0.00906008947947342,7467,0.0170646593415538,7467,0.0382216626162067,7467,0.103638180677782,7467,0.514313714031604
"820_b","10m",6557,0.0502224341679728,0.0505782775580883,0.0103421295085437,6557,0.0207285049926446,6557,0.0415032024278051,6557,0.109378025658161,6557,0.526940433343355
"820_c","10m",7866,0.0587134553752262,0.0595120582729578,0.0141062286692389,7866,0.0223699371244812,7866,0.0475860777717421,7866,0.118257053255739,7866,0.537018033072311
"820_d","10m",8078,0.0554683376726212,0.0556862577795982,0.0127353450333981,8078,0.0163612431485288,8078,0.0439170434990551,8078,0.113635749097598,8078,0.51953224864249
"821_a","10m",6874,0.0538849106867594,0.0518144071102142,0.0152156021349051,6874,0.0176727623108187,6874,0.0428111903252368,6874,0.109190330986043,6874,0.486234616965342
"821_b","10m",7231,0.0590597526423397,0.0598717629909515,0.015538209227215,7231,0.021795876694429,7231,0.0477118669989444,7231,0.114982532818123,7231,0.508192728936771
"821_c","10m",8064,0.0593590802304717,0.0593395512551069,0.0144604901365314,8064,0.0213214214500321,8064,0.0475042447938335,8064,0.123118086697339,8064,0.549473913685882
"821_d","10m",7565,0.0544369822221526,0.0549056343734264,0.0126224177598309,7565,0.0201362809527296,7565,0.0439797872420938,7565,0.111346521305348,7565,0.503319175069429
"822_a","10m",7516,0.056969622181785,0.0580722354352474,0.0142555256884895,7516,0.0215659274992923,7516,0.0460812312863703,7516,0.117971976252162,7516,0.535593878990074
"822_b","10m",8286,0.0590199553460555,0.059202192351222,0.0134398655374344,8286,0.0217706662974932,8286,0.0475640103373013,8286,0.11863611996873,8286,0.533918488935543
"822_c","10m",8993,0.0671895141823614,0.0691785886883736,0.0138045346989922,8993,0.0239592166551694,8993,0.0538725229740394,8993,0.126607546770349,8993,0.557716237679248
"822_d","10m",7498,0.0538119728083005,0.0545959677547216,0.0119688878755808,7498,0.0225337068711209,7498,0.0445936481554865,7498,0.111118803228413,7498,0.514016402346547
"823_a","10m",8478,0.0606625593458743,0.0619535464793444,0.0131879061911922,8478,0.0246676628035401,8478,0.0495769004166278,8478,0.122219832034402,8478,0.549854887856852
"823_b","10m",8568,0.0608927541408935,0.061846436932683,0.0134047760996533,8568,0.0244326829451489,8568,0.0499029734797374,8568,0.120319468493022,8568,0.542016708749867
"823_c","10m",7938,0.0590676992986624,0.0608264468610287,0.0108681265799483,7938,0.024565725669931,7938,0.0485333027732695,7938,0.121994070554147,7938,0.561502234037824
"823_d","10m",8480,0.0614115334825397,0.0630875900387764,0.0131308493361503,8480,0.0256898240545282,8480,0.050635186445953,8480,0.119055969995177,8480,0.531483949939738
"824_a","10m",7730,0.0610813750732415,0.0612773839384317,0.0153113142315025,7730,0.0227484076537084,7730,0.0495564311471871,7730,0.112571651601028,7730,0.469331525030104
"824_b","10m",8511,0.0630259340399844,0.0629124566912651,0.0140162295025037,8511,0.0245209413961191,8511,0.0512128130594298,8511,0.124028574385756,8511,0.552460803355163
"824_c","10m",8659,0.0637305411453703,0.0640090107917786,0.0145958928959745,8659,0.0220396753197559,8659,0.0513250202418789,8659,0.119294517127284,8659,0.497154370316293
"824_d","10m",8864,0.0611460037472312,0.06050680950284,0.0146178461424087,8864,0.0218127223831281,8864,0.048814572852681,8864,0.118578513384588,8864,0.496546915333705
"9_a","10m",8790,0.0579167984947308,0.0579384565353394,0.0119964101403449,8790,0.0225644400516943,8790,0.0479520432395395,8790,0.115362397389341,8790,0.492786849935833
"9_b","10m",8946,0.0595333155660176,0.0601083301007748,0.01133515053735,8946,0.0231574720813162,8946,0.0493225083856296,8946,0.116472170534805,8946,0.493577680169467
"9_c","10m",9118,0.061493803737397,0.0626801513135433,0.0102783428358917,9118,0.0223482573310121,9118,0.0501245523981202,9118,0.120084263934969,9118,0.505268495728779
"9_d","10m",9244,0.0602454266100654,0.0608691535890102,0.0107989208245742,9244,0.0224313117153721,9244,0.049744761645425,9244,0.115890511778783,9244,0.491609922253701
"900_a","10m",4466,0.0590618476384239,0.058954956009984,0.0174518986651803,4466,0.0178197550136061,4466,0.0463984917561999,4466,0.107504370505376,4466,0.451600269712558
"900_b","10m",2842,0.0488378383706859,0.0467890612781048,0.013170606995557,2842,0.0147265996053748,2842,0.038702293268288,2842,0.086373162009681,2842,0.352390066680656
"900_c","10m",4996,0.0476177973692135,0.0454606637358665,0.0120377407693196,4996,0.0151163325900209,4996,0.0379377346339572,4996,0.0899643826778087,4996,0.377476194846023
"900_d","10m",6369,0.0543074881446513,0.0528083555400372,0.0150406010133731,6369,0.0193678867987576,6369,0.0436942187887777,6369,0.101146220657149,6369,0.43108027396311
"901_a","10m",3711,0.0520604851562053,0.0500523969531059,0.0145818995401698,3711,0.0170560882601719,3711,0.0415402994810671,3711,0.0950453473917377,3711,0.399530506635577
"901_b","10m",6703,0.050230876879838,0.0487924553453922,0.0123149053254298,6703,0.0152318623738511,6703,0.0401551534629221,6703,0.0930918591063154,6703,0.387834863474104
"901_c","10m",7136,0.0538580132258906,0.0515080075711012,0.0163905079724188,7136,0.015233160368785,7136,0.0426735410275853,7136,0.099358095816986,7136,0.428187902029301
"901_d","10m",5789,0.0534830607511174,0.0520618855953217,0.0151220052398682,5789,0.015536532185977,5789,0.0420594701748777,5789,0.101608212615591,5789,0.438896187244018
"902_a","10m",6772,0.0545413283280791,0.0532026924192905,0.014774396895408,6772,0.0169042018102974,6772,0.0430112885582348,6772,0.101053973109358,6772,0.438363847251887
"902_b","10m",7603,0.0604881296044809,0.0595961101353168,0.0173158530306895,7603,0.0160083340864861,7603,0.0465216123181997,7603,0.107160430888108,7603,0.448523701064981
"902_c","10m",6609,0.0636069222820822,0.0617387108504772,0.0202913515381972,6609,0.0164303122069305,6609,0.0494371883451288,6609,0.109921890660022,6609,0.459945614444455
"902_d","10m",6375,0.055794497826228,0.0552252344787121,0.0153730649174395,6375,0.0151152339433533,6375,0.0434110691256519,6375,0.102167280494127,6375,0.439457011821282
"903_a","10m",7022,0.0604682006851704,0.0575921591371298,0.0206750020326222,7022,0.0155828950770513,7022,0.0470132069808219,7022,0.104078422372267,7022,0.431913532345566
"903_b","10m",5428,0.0531054008607983,0.0522798486053944,0.0141842069267865,5428,0.0141120101558941,5428,0.0414481058087869,5428,0.0985203749170931,5428,0.431132756277271
"903_c","10m",6925,0.0613473465651381,0.0613848455250263,0.0169491530898292,6925,0.017739533809874,6925,0.0485468848684756,6925,0.109730513109597,6925,0.45539726647329
"903_d","10m",6377,0.0609820683466167,0.0609523914754391,0.016946898959995,6377,0.0179511216246181,6377,0.0480039619908425,6377,0.10697892238898,6377,0.452580903267176
"904_a","10m",6459,0.0618063733740121,0.0609800443053246,0.0174855109147906,6459,0.0202753767484207,6459,0.0494901261179435,6459,0.110685077654751,6459,0.463280600770318
"904_b","10m",8363,0.0631886154282261,0.0623541809618473,0.0177534945176547,8363,0.0199902736797868,8363,0.0506305499793089,8363,0.104049980148051,8363,0.409186741706074
"904_c","10m",8351,0.0697975269194374,0.0717610120773315,0.0173000108730387,8351,0.0229851685256678,8351,0.0550927892676134,8351,0.120236636764953,8351,0.498007259116553
"904_d","10m",8020,0.0674875394585182,0.0698948800563812,0.0177846344743327,8020,0.0210723593568362,8020,0.0529844766508341,8020,0.116674102637668,8020,0.472466708985972
"905_a","10m",8028,0.0698809834286723,0.0707583352923393,0.0192985776630802,8028,0.0199948147461113,8028,0.053472484095291,8028,0.119272438822148,8028,0.459717519357633
"905_b","10m",6011,0.0618929796183001,0.0634069666266441,0.0160460813383436,6011,0.0216640755175753,6011,0.0494422863140747,6011,0.106897836231413,6011,0.444820122154223
"905_c","10m",5841,0.0641224194841676,0.0575988963246346,0.0287534789534631,5841,0.0208307598675275,5841,0.050728386642478,5841,0.111016690909698,5841,0.424163829385597
"905_d","10m",7487,0.0672340134574946,0.0639641135931015,0.0250604926512981,7487,0.0224795009863436,7487,0.0536296936003039,7487,0.114094979256748,7487,0.431678635562188
"906_a","10m",8052,0.0647991033168246,0.0651487484574318,0.0181882187590916,8052,0.0167411615041857,8052,0.0497723190617096,8052,0.111038239736508,8052,0.448258543840789
"906_b","10m",7650,0.0594151139502821,0.059109952300787,0.016366178224458,7650,0.0161315351172797,7650,0.0457679417489547,7650,0.105564636264908,7650,0.433971411799002
"906_c","10m",8091,0.0624516979663341,0.0626923814415932,0.0164671139364546,8091,0.016659618600695,8091,0.0478223759920588,8091,0.115437292544982,8091,0.484671824014208
"906_d","10m",8957,0.064751971956807,0.0655947625637054,0.0157104704543159,8957,0.0174173095793697,8957,0.0497657918059938,8957,0.118568387965149,8957,0.495399595994735
"907_a","10m",7866,0.063565275045062,0.0628099031746387,0.0187225371715586,7866,0.0178443121270009,7866,0.0492424468810348,7866,0.112234660222664,7866,0.466694116334488
"907_b","10m",7261,0.0565981861222379,0.0560164600610733,0.0150374730488491,7261,0.0172644004565245,7261,0.0447264166266045,7261,0.108068793096765,7261,0.471805634242028
"907_c","10m",7049,0.0580017313700455,0.0572912655770779,0.0162957479526777,7049,0.0180799042008692,7049,0.046117376648802,7049,0.108562355768705,7049,0.466288237428581
"907_d","10m",8068,0.0555501327772353,0.0547708068042994,0.0142981573610391,8068,0.0168814106357246,8068,0.0437399262733533,8068,0.109759137498264,8068,0.486306950195859
"908_a","10m",7356,0.0571845138937745,0.0576793923974037,0.0143238947489001,7356,0.0185671199131235,7356,0.0453350381714141,7356,0.114399576686786,7356,0.501651557091079
"908_b","10m",7838,0.0669130287980354,0.067668292671442,0.0187449792331119,7838,0.021803456542666,7838,0.0530111623161603,7838,0.122342599426161,7838,0.514485715853583
"908_c","10m",6735,0.0556315268544064,0.0541399717330933,0.0151626498882049,6735,0.01799355485368,6735,0.0441496198747946,6735,0.107327651781423,6735,0.473341700755364
"908_d","10m",7592,0.0593237997554302,0.0583887454122305,0.0166118837766683,7592,0.0200036951166569,7592,0.0478971909300909,7592,0.111283515578026,7592,0.475634991281418
"909_a","10m",8481,0.0510542331681371,0.051424153149128,0.00922755144241678,8481,0.0164752913316576,8481,0.0415391203615527,8481,0.0982581022831022,8481,0.431839379397543
"909_b","10m",5660,0.0506961364325386,0.0494306273758411,0.0125202037224339,5660,0.0164055149915215,5660,0.0403147823536338,5660,0.101516958050239,5660,0.463067791813043
"909_c","10m",7435,0.0624454471615231,0.0639554634690285,0.0166216097552886,7435,0.0187790762878042,7435,0.0494075614244024,7435,0.11711882385181,7435,0.501486693935961
"909_d","10m",7569,0.0669792479194267,0.0679674372076988,0.0189406555027671,7569,0.0217355188126542,7569,0.0541251883181127,7569,0.114935371765404,7569,0.471232193686055
"910_a","10m",8221,0.0648286725236847,0.0650054067373276,0.0173810091638166,8221,0.0189030108698213,8221,0.051322766343867,8221,0.114979885421537,8221,0.463863417006147
"910_b","10m",6677,0.0608308926789332,0.0615376867353916,0.0161177312219578,6677,0.0183385789229387,6677,0.0482354707014616,6677,0.111627535872496,6677,0.471660488335857
"910_c","10m",6094,0.0553011504427689,0.0556716285645962,0.0140251791131053,6094,0.0178859061607712,6094,0.0441653007915528,6094,0.108786647139451,6094,0.462867177826834
"910_d","10m",9025,0.063976098851938,0.0629803091287613,0.0162504173852309,9025,0.0191137270091022,9025,0.0511686147375421,9025,0.114097205526161,9025,0.466293740093229
"911_a","10m",8689,0.0729676792382018,0.0726455226540565,0.019845582030295,8689,0.0204975355239123,8689,0.0582656089379835,8689,0.117641981441354,8689,0.460199312537545
"911_b","10m",7919,0.0558417573574028,0.0555047206580639,0.0133857592209076,7919,0.0200374579432509,7919,0.0454036187699735,7919,0.110308566434596,7919,0.489559173053398
"911_c","10m",6565,0.0523335553189315,0.0475117824971676,0.0179362271288496,6565,0.0170204567643928,6565,0.0422516082890758,6565,0.0998076245434025,6565,0.437355933483443
"911_d","10m",8933,0.0843010001275703,0.0870259329676628,0.0165627374269272,8933,0.0225097972800794,8933,0.066805799129122,8933,0.128028935639558,8933,0.474029581249327
"912_a","10m",9069,0.0703562657728878,0.0691874474287033,0.0161908170162035,9069,0.0223237645558601,9069,0.0564522964877244,9069,0.122078936582182,9069,0.487477070186581
"912_b","10m",6429,0.0479566858057787,0.0446365624666214,0.0127092683475811,6429,0.0172688041503537,6429,0.0395887545563471,6429,0.0869557380779975,6429,0.367092344905352
"912_c","10m",5587,0.050745749194325,0.0494747869670391,0.0133270206157111,5587,0.019821076872527,5587,0.0421078272520285,5587,0.0948172694930758,5587,0.401751821586992
"912_d","10m",9079,0.0588363523507124,0.0599652044475079,0.00934015131592778,9079,0.0218299980970836,9079,0.0485329115349617,9079,0.107672088844596,9079,0.451179216463574
"913_a","10m",1894,0.0582273359073143,0.0585989784449339,0.011622558600662,1894,0.0196576729110832,1894,0.0478494583037881,1894,0.0994260197415767,1894,0.40397728557072
"913_b","10m",4579,0.042688048791875,0.0402394756674767,0.00988540805388449,4579,0.0134876744361509,4579,0.0348796035376867,4579,0.0878903045937905,4579,0.41026902655934
"913_c","10m",7135,0.0513444926884722,0.0494532510638237,0.0139893180946349,7135,0.0152658620684713,7135,0.0417194164624358,7135,0.0989844555253417,7135,0.436482003554963
"913_d","10m",5614,0.0509008091798442,0.0506580583751202,0.0109177642323244,5614,0.0152453278120773,5614,0.0412367929118554,5614,0.0973485358046607,5614,0.419206447371643
"914_a","10m",7220,0.0512561801000604,0.0494936536997557,0.0132140839753767,7220,0.0162072694771753,7220,0.0414360444130653,7220,0.0916630514554659,7220,0.37720305102301
"914_b","10m",5546,0.0433879484332832,0.0422432068735361,0.00857149492366011,5546,0.0139019574715075,5546,0.0352698459680662,5546,0.0853893295838206,5546,0.382787173485193
"914_c","10m",5194,0.04071473912578,0.0393545404076576,0.00715261754581623,5194,0.0155477505482281,5194,0.0338218769264558,5194,0.0813208438100975,5194,0.369151835589848
"914_d","10m",6400,0.0419564566013287,0.0408582631498575,0.00786903210578248,6400,0.0149363741158514,6400,0.0347666433246923,6400,0.076236033613957,6400,0.328762247527789
"915_a","10m",6456,0.0443182271666354,0.0437377486377954,0.00830617435483724,6456,0.015906938405146,6456,0.0366077243327283,6456,0.0837471483606125,6456,0.366740031796479
"915_b","10m",6899,0.0438912631631986,0.0430618114769459,0.00841289104337437,6899,0.0159587001676502,6899,0.0363847592629878,6899,0.0800165997004686,6899,0.34165208236436
"915_c","10m",7655,0.0472398606465386,0.0462711974978447,0.0101741266941252,7655,0.0172102763629994,7655,0.0389940080965237,7655,0.0883767981181028,7655,0.378798816939727
"915_d","10m",5795,0.0426807830619647,0.0413068868219852,0.00876693128445253,5795,0.0160569570063809,5795,0.0354090827671724,5795,0.0810548667071519,5795,0.355431886252733
"916_a","10m",5896,0.0495171560561525,0.0472243968397379,0.0132827822624683,5896,0.0148871515414692,5896,0.0387117713542564,5896,0.0958051923971081,5896,0.404569998303987
"916_b","10m",7575,0.0493920384839226,0.04812902957201,0.0115693037921841,7575,0.0157191645841585,7575,0.0394021971089847,7575,0.0975806042516647,7575,0.432543687430742
"916_c","10m",5316,0.0397947640210794,0.0385208427906036,0.00667218417410249,5316,0.0138138457717441,5316,0.0323734920073644,5316,0.0792952410803049,5316,0.352567417722888
"916_d","10m",3331,0.0359575860448354,0.0348349325358868,0.0046919363604683,3331,0.0135561476437886,3331,0.0296796586701177,3331,0.0731743349443007,3331,0.323870432015002
"917_a","10m",3093,0.0371391089970949,0.0357564724981785,0.00524482703733235,3093,0.0142927642052147,3093,0.0307657729461505,3093,0.0736623850249386,3093,0.326250423092228
"917_b","10m",1595,0.0343180641928997,0.0335940904915333,0.00329222091089519,1595,0.0129474175236899,1595,0.0284993863147815,1595,0.0652898695211645,1595,0.285015275336323
"917_c","10m",7705,0.0438208394676041,0.0432162396609783,0.00761588364577846,7705,0.0157119276740245,7705,0.0362186850414068,7705,0.0780576668391038,7705,0.324363849533322
"917_d","10m",5724,0.0398852441161819,0.0389233138412237,0.00627696805638778,5724,0.0138447157848902,5724,0.0326052363416293,5724,0.0752938381160412,5724,0.323672178744616
"918_a","10m",5396,0.0412049837019695,0.0405391789972782,0.00689970766425356,5396,0.0173706032075274,5396,0.0344765686360777,5396,0.0760741539005692,5396,0.317121993902072
"918_b","10m",6810,0.047185096462502,0.0450319014489651,0.0120654633415397,6810,0.0183968373970763,6810,0.0387718344242758,6810,0.0907662505253392,6810,0.38116276521722
"918_c","10m",5658,0.0517518753133195,0.0484223086386919,0.014805421137894,5658,0.0196971580911921,5658,0.04204576601151,5658,0.0986777087537114,5658,0.405961507331315
"918_d","10m",2286,0.051685594294419,0.0508951433002949,0.0139396969139967,2286,0.0183097718005052,2286,0.0414906903192165,2286,0.0972986733741695,2286,0.395894780810808
"919_a","10m",7203,0.058317238953175,0.0585213676095009,0.0145332691549794,7203,0.0190599364665813,7203,0.0460889921947169,7203,0.109918317762172,7203,0.455033795865643
"919_b","10m",8026,0.0660552462438062,0.0671651549637318,0.0203143613917704,8026,0.0231024764108844,8026,0.0526973746739123,8026,0.12130433988923,8026,0.49401560290896
"919_c","10m",6508,0.0561352378288633,0.0535626374185085,0.016476016273264,6508,0.0196098158575611,6508,0.0454662036303325,6508,0.103266270565645,6508,0.444008372254949
"919_d","10m",8207,0.0472548134471534,0.0463118031620979,0.0101089703211923,8207,0.0150164687498439,8207,0.0384782789566027,8207,0.0955362885564093,8207,0.446873186643596
"920_a","10m",4421,0.0462814070001241,0.0449996329843998,0.0104286972593349,4421,0.019733402977278,4421,0.0388021901596329,4421,0.0937034925735327,4421,0.433716235184742
"920_b","10m",7418,0.0443124389014767,0.0436598900705576,0.00799784710687771,7418,0.0151940095682482,7418,0.036281296118472,7418,0.0965452521432017,7418,0.476138633634362
"920_c","10m",6111,0.0451802812965358,0.0440882034599781,0.00940762568789614,6111,0.0160365871540159,6111,0.0373491732665047,6111,0.0906666554759916,6111,0.430625613489121
"920_d","10m",7371,0.049147942836652,0.0488605573773384,0.00978646159977721,7371,0.0207979329091951,7371,0.0411263002732016,7371,0.10121752527424,7371,0.476447527136878
"921_a","10m",8083,0.0457569771973649,0.0446764603257179,0.00917747352165328,8083,0.0194731388452392,8083,0.0385862608242273,8083,0.0933129186077233,8083,0.449157001353403
"921_b","10m",7563,0.0490330360964301,0.0488829538226128,0.00998632122608811,7563,0.0176147235020565,7563,0.0392655827960899,7563,0.106102877748689,7563,0.513306166899751
"921_c","10m",7418,0.053711169406854,0.0526726767420769,0.0130364605582123,7418,0.0188155297489399,7418,0.0428981267162359,7418,0.11118125723688,7418,0.513282338345941
"921_d","10m",7579,0.0540532396015344,0.0544860400259495,0.0122261192073203,7579,0.017241330025818,7579,0.0431190878795783,7579,0.110955316186816,7579,0.507505764461614
"922_a","10m",6927,0.0532901352840153,0.053434245288372,0.0118598140867563,6927,0.0189220133731369,6927,0.0430832656940636,6927,0.107261136421514,6927,0.480333752512235
"922_b","10m",7636,0.0477161164058401,0.046381076797843,0.0108698530126443,7636,0.0164841757857848,7636,0.0382538742598128,7636,0.106803321316231,7636,0.506601739705034
"922_c","10m",7815,0.0532585645715396,0.0537367798388004,0.0120927180905227,7815,0.0199323101338758,7815,0.0430756563070326,7815,0.114941093351622,7815,0.541672011286688
"922_d","10m",7994,0.055846826644735,0.056424817070365,0.0129125426011386,7994,0.0205428434812335,7994,0.044905065783443,7994,0.115699713949935,7994,0.521515759070639
"923_a","10m",7051,0.0607296306330305,0.0594767183065414,0.0173162428918802,7051,0.0225877575397405,7051,0.0486737248242151,7051,0.116913991656715,7051,0.501795801487253
"923_b","10m",7129,0.0487387231204265,0.0473826751112938,0.011607541790875,7129,0.0185466803834385,7129,0.0396833219657925,7129,0.106405744695079,7129,0.503864621938608
"923_c","10m",7192,0.0621464782939899,0.0633267685770988,0.0160013167309842,7192,0.0234181316806105,7192,0.0499545292102993,7192,0.11984214374267,7192,0.523413105483692
"923_d","10m",8132,0.0672668849069495,0.0692253671586514,0.0167816571925889,8132,0.025788259234203,8132,0.0538269421303232,8132,0.123947870404065,8132,0.528519941198246
"924_a","10m",7108,0.0584286365966739,0.0561542510986328,0.016804202153455,7108,0.0211045600187505,7108,0.0464721065680224,7108,0.114473949080122,7108,0.486121954811222
"924_b","10m",7228,0.0565182787106451,0.055156446993351,0.0150330410908012,7228,0.0202420563339763,7228,0.0449821375378269,7228,0.11586337741021,7228,0.509240841373753
"924_c","10m",7748,0.0581905862831433,0.0564816854894161,0.0161134600541567,7748,0.0194138898549604,7748,0.0460580976691031,7748,0.11725220907306,7748,0.518753243903843
"924_d","10m",7112,0.0489765888787659,0.0490755792707205,0.00931672375493947,7112,0.0184288386092338,7112,0.039182225733248,7112,0.107012818897668,7112,0.482222633240713
"0","20m",21506,0.0558651169903364,0.0561788864433765,0.0140560875411797,21506,0.0182888758316723,21506,0.0450652704197202,21506,0.106035490793027,21506,0.457974295241369
"1","20m",30116,0.07280845519917,0.0752835795283318,0.0176922888437585,30116,0.0231834205906639,30116,0.0586658169640936,30116,0.128378278385302,30116,0.526130475899443
"10","20m",30355,0.054339267236471,0.0517372041940689,0.0150886906776414,30355,0.0205790627280979,30355,0.0445545853533669,30355,0.106216253251085,30355,0.458512991251672
"100","20m",30808,0.0615665861656945,0.0613295771181583,0.0156993463590346,30808,0.0197076157518714,30808,0.0493968362445934,30808,0.119240956009745,30808,0.510197698357122
"1000","20m",29877,0.0520357904695085,0.0499319285154343,0.0140571614397908,29877,0.0183420469134026,29877,0.0419243408225482,29877,0.0985521614612417,29877,0.427043865248227
"1001","20m",31500,0.0585154508967248,0.0572975277900696,0.0150317885960044,31500,0.0194914415701386,31500,0.046848906279229,31500,0.106035184457927,31500,0.454108891116577
"1002","20m",33370,0.0688359315139553,0.0679848864674568,0.0193668547457346,33370,0.0226782866202063,33370,0.0551458786224217,33370,0.121774917807074,33370,0.506078471698353
"1003","20m",33621,0.0631456353613092,0.0624964199960232,0.0168468371017985,33621,0.0217563205212188,33621,0.051433789919606,33621,0.111087027311032,33621,0.467945227138544
"1004","20m",29272,0.0607826524626272,0.0618825741112232,0.0140724624952193,29272,0.019776877568322,29272,0.0486805865643449,29272,0.110193016923983,29272,0.459852097020324
"1005","20m",30323,0.0602185361440404,0.0591489337384701,0.0173041611295473,30323,0.0181269643217823,30323,0.0472820046710163,30323,0.109415542249298,30323,0.454448757715907
"1006","20m",31780,0.0617218900905058,0.0608908589929342,0.0172505187558681,31780,0.0190693381260786,31780,0.0486195345192062,31780,0.11322624291704,31780,0.470421042852859
"1007","20m",30080,0.060626322954046,0.0599129069596529,0.0160750777527277,30080,0.0208978080893545,30080,0.0488469916872164,30080,0.11051894877845,30080,0.460734236750014
"1008","20m",27306,0.0672086948185907,0.0664224028587341,0.021132976337825,27306,0.0187298612659443,27306,0.0529620665277103,27306,0.113301803554426,27306,0.45228780301459
"1009","20m",29417,0.0592025871726008,0.0573350414633751,0.0174835687564531,29417,0.0191551611538715,29417,0.048117672680085,29417,0.106133081860689,29417,0.44502761670505
"101","20m",34471,0.0671954478873775,0.0668404921889305,0.0178661414695647,34471,0.0244091580120374,34471,0.055480115627089,34471,0.120282367314955,34471,0.496415174405923
"1010","20m",29966,0.055536142321603,0.053108086809516,0.0160870147899823,29966,0.0176992026971337,29966,0.0444718425362372,29966,0.107144608517082,29966,0.46985706595126
"1011","20m",33094,0.0630834280891058,0.0627470575273037,0.0180185097656303,33094,0.0199553042427597,33094,0.0507800324398415,33094,0.113024009689087,33094,0.465464418853196
"1012","20m",36566,0.0616537131730681,0.0583536196500063,0.0177605125516492,36566,0.0249884124026534,36566,0.0513696012205706,36566,0.110133591954543,36566,0.443877868499025
"1013","20m",32476,0.072275385164972,0.0712446644902229,0.0178051178402935,32476,0.0262138586129054,32476,0.0592588092104541,32476,0.122263479380518,32476,0.470870445944368
"1014","20m",19302,0.0538760081774859,0.0486162099987268,0.0186247902997151,19302,0.0199593851232101,19302,0.0445284028964309,19302,0.0949472042974822,19302,0.386495737509232
"1015","20m",16484,0.0411873181221486,0.0394411496818066,0.0083649454924903,16484,0.0157047490180058,16484,0.0344228411453767,16484,0.0766149066701421,16484,0.342653297530553
"1016","20m",14776,0.0388034638134651,0.0377871803939342,0.0058217630467123,14776,0.0123975091277854,14776,0.0313231816707125,14776,0.076983631639107,14776,0.338914413701793
"1017","20m",22304,0.0431434821967641,0.0418969020247459,0.00849417552219326,22304,0.0139943151017682,22304,0.0343814491935175,22304,0.0845428814487722,22304,0.367470243137271
"1018","20m",19813,0.0418758857381378,0.0388043150305748,0.0105851584497558,19813,0.015576375319037,19813,0.0343291250833561,19813,0.0779015577166411,19813,0.325160534679634
"1019","20m",28560,0.0519519069232047,0.0507916230708361,0.0128509658960602,28560,0.0197080523787971,28560,0.0421499003742833,28560,0.104906688293002,28560,0.47445249997389
"102","20m",23038,0.0588311746381615,0.0583372730761766,0.016886711286163,23038,0.0172626143872619,23038,0.0469268837124289,23038,0.112975666164489,23038,0.491288406053447
"1020","20m",28330,0.0499035322746775,0.0498131383210421,0.0102997936695666,28330,0.0208310127481698,28330,0.0412467402164999,28330,0.105603576611484,28330,0.509589840169982
"1021","20m",26283,0.050423554888816,0.0505671910941601,0.0106729401910611,26283,0.0180078405133722,26283,0.0408019680681867,26283,0.108459897370841,26283,0.52027126168488
"1022","20m",28316,0.0530543446259028,0.052772480994463,0.012239997971618,28316,0.0173539179112838,28316,0.0424667317406266,28316,0.11155439087445,28316,0.519060508530171
"1023","20m",32107,0.0586980937680156,0.057826679199934,0.0148002475844694,32107,0.0190305033809494,32107,0.0466422440062249,32107,0.112638450420621,32107,0.492995597100388
"1024","20m",27618,0.0559388675234413,0.0559380892664194,0.0131323982528924,27618,0.0196904170573727,27618,0.0446132883062776,27618,0.111813224495458,27618,0.480348423852132
"103","20m",26936,0.0584024019502153,0.0564257800579071,0.0177649412791299,26936,0.0179676456824992,26936,0.0468669423828925,26936,0.105565892621807,26936,0.453770150477379
"104","20m",26345,0.0544559325076163,0.0521195754408836,0.0155680341257584,26345,0.018262042104157,26345,0.044155782262298,26345,0.101362078617009,26345,0.4451759467369
"105","20m",28521,0.0585652193505377,0.0572788305580616,0.0163090353141305,28521,0.0216777065778188,28521,0.0484307606204364,28521,0.102499345483217,28521,0.420581977479138
"106","20m",26848,0.0586218196158164,0.0580125786364079,0.0163761390627097,26848,0.0196629464948917,26848,0.0473883634845857,26848,0.103946092854694,26848,0.432635870302719
"107","20m",28007,0.0548883285422664,0.0535491295158863,0.0151811051847615,28007,0.0190552344322497,28007,0.0439936523818863,28007,0.106831051638626,28007,0.45693557819547
"108","20m",31352,0.0571124184812279,0.0571245085448027,0.0138126132403683,31352,0.0188984415222719,31352,0.0457022161772751,31352,0.112301938490907,31352,0.4886513620744
"109","20m",33711,0.0649635166776054,0.0656796470284462,0.0148525733767711,33711,0.0239891662502919,33711,0.0531061070329479,33711,0.121879160882964,33711,0.512894761941969
"11","20m",28153,0.0502304046675502,0.0498448982834816,0.0108146147541393,28153,0.0191267990579441,28153,0.0411091189353318,28153,0.104977071803403,28153,0.475405567247842
"110","20m",29777,0.070064250100501,0.0692006573081017,0.0213474353463442,29777,0.0259677977809477,29777,0.0570926919872911,29777,0.127101623792545,29777,0.489562131816103
"1100","20m",24829,0.0545558567950365,0.0549636036157608,0.0125860834910404,24829,0.0191023887382184,24829,0.0436650765931715,24829,0.104847749376118,24829,0.460364658324651
"1101","20m",27983,0.0550138213962393,0.0541833825409412,0.0142140070629662,27983,0.0176119361210776,27983,0.0435618214812668,27983,0.105970995810078,27983,0.461626403406135
"1102","20m",31709,0.0589868563740084,0.0578919276595116,0.0167164814742203,31709,0.0193748075511648,31709,0.0469850990419226,31709,0.116377078088555,31709,0.504078342840428
"1103","20m",34666,0.0604153450802833,0.0590190179646015,0.0147730038709028,34666,0.0248643417228545,34666,0.0503180739018062,34666,0.114285884410685,34666,0.477423582497206
"1104","20m",36244,0.0640744739275822,0.0647496692836285,0.0127277960355361,36244,0.02306266206954,36244,0.0517604025146196,36244,0.117720379899452,36244,0.475883773105695
"1105","20m",31412,0.0590262036041463,0.0593507029116154,0.0133368452726951,31412,0.0199615782634263,31412,0.0473366957980494,31412,0.112370538720092,31412,0.478236885007718
"1106","20m",25201,0.055479121066399,0.0541834197938442,0.0152748094274312,25201,0.0178426594659317,25201,0.0440028225112153,25201,0.109436105508005,25201,0.468071092397037
"1107","20m",32064,0.0597784836621915,0.0577613171190023,0.0169431804805012,32064,0.020552927745748,32064,0.0477770998173888,32064,0.111189117054224,32064,0.455909384068419
"1108","20m",27805,0.06552989236981,0.0658335238695145,0.0188071037085169,27805,0.0216934427126626,27805,0.0522050632612748,27805,0.11181802443948,27805,0.436726251152422
"1109","20m",23902,0.0580357921581506,0.0552344191819429,0.0185733822105236,23902,0.0175808154978975,23902,0.0462935508074927,23902,0.103906719206001,23902,0.430027870361936
"111","20m",24869,0.0505671388939586,0.0497181005775928,0.0118590548249109,24869,0.0198269640886021,24869,0.0412717709563801,24869,0.104205160751465,24869,0.454643927725956
"1110","20m",28657,0.0508731106736153,0.0506738573312759,0.0113004793273475,28657,0.0175094194835213,28657,0.0411381630576505,28657,0.103378874615086,28657,0.457845242471239
"1111","20m",29667,0.0561573129283158,0.0558331348001957,0.0136516614872726,29667,0.018169131928357,29667,0.0448576937944597,29667,0.105736096682658,29667,0.451369542750224
"1112","20m",34067,0.0605251684332282,0.0574470646679401,0.0178441925397572,34067,0.01926055620382,34067,0.0486024176951776,34067,0.105100385769796,34067,0.42948458137607
"1113","20m",36426,0.0669993553736588,0.0648763813078403,0.0169585498952254,36426,0.0246806211740738,36426,0.0550162085431335,36426,0.120574861912429,36426,0.49033710692118
"1114","20m",33666,0.0656081472584315,0.0663354769349098,0.0154878772828407,33666,0.0251325052478663,33666,0.0542366360517972,33666,0.116594884676472,33666,0.472584283341908
"1115","20m",4461,0.0422973751452265,0.0385862290859222,0.013022127009882,4461,0.0158460870506581,4461,0.0352235454777714,4461,0.0774022119155037,4461,0.344328567011768
"1116","20m",9351,0.040415066456614,0.0388474464416504,0.00738688273883168,9351,0.012583475441497,9351,0.0327834430597404,9351,0.0744044245217436,9351,0.321946283313868
"1117","20m",14662,0.0498264596628945,0.0488030295819044,0.0125510448202186,14662,0.0165826439642738,14662,0.0396166858625329,14662,0.0922428636508713,14662,0.371892186022685
"1118","20m",20710,0.0436903918733103,0.0428624264895916,0.00838253254901715,20710,0.0153228077328953,20710,0.0351682547406471,20710,0.0858076463267167,20710,0.368904272267492
"1119","20m",20905,0.0463588600781789,0.0447596870362759,0.0104677778084386,20905,0.0170845580657515,20905,0.0376440598974043,20905,0.0907278597353407,20905,0.392262599791292
"112","20m",28940,0.0539350969234833,0.05292440764606,0.0134630126750045,28940,0.0202714787473148,28940,0.0439973326234787,28940,0.109826365935822,28940,0.483327624915901
"1120","20m",20918,0.0516831773401015,0.051314402371645,0.0115671585206968,20918,0.019569641553759,20918,0.0421817717353408,20918,0.109818695131166,20918,0.527870535015549
"1121","20m",26643,0.0504445880113857,0.0503797605633736,0.0110848913843485,26643,0.0198203256864274,26643,0.0412757023994265,26643,0.106370928349007,26643,0.516819427471059
"1122","20m",27944,0.0531433555936121,0.0521159060299397,0.0133885602184642,27944,0.0197883431455515,27944,0.043443020626648,27944,0.109783313755345,27944,0.519089741590397
"1123","20m",28010,0.0583225082250971,0.0570139605551958,0.0170924485796914,28010,0.0201518540251157,28010,0.0468128497230954,28010,0.114349429350133,28010,0.510591531829522
"1124","20m",31265,0.0630886331412095,0.0636406093835831,0.0167867285765434,31265,0.0215250268064702,31265,0.0502661659623822,31265,0.119501153289246,31265,0.515344296987745
"113","20m",28718,0.0528325287115265,0.0534520763903856,0.0106833837234039,28718,0.0189090599399614,28718,0.0424822094679332,28718,0.110180913318848,28718,0.484218886686584
"114","20m",30338,0.0570766791991476,0.0572387613356113,0.0137153499864599,30338,0.0189695531519874,30338,0.0452810803196201,30338,0.109154363486313,30338,0.456169733169743
"115","20m",33545,0.0555333622825525,0.0553440153598785,0.0126168770230008,33545,0.0185120630771454,33545,0.0442726862574577,33545,0.110540591747669,33545,0.48373914034349
"116","20m",34027,0.053253293150891,0.0526304095983505,0.0112087148840302,34027,0.0204843562219553,34027,0.0436045056185758,34027,0.109967356681753,34027,0.493852906022287
"117","20m",34434,0.0594057832115,0.059015579521656,0.0134805210719599,34434,0.022646641684819,34434,0.0485308577426787,34434,0.118306739647976,34434,0.512387464931502
"118","20m",33225,0.0591514571259419,0.0589734762907028,0.0129781593441201,33225,0.0227624416837543,33225,0.0483626246944372,33225,0.118500796627609,33225,0.528650967824257
"119","20m",30742,0.059875629259046,0.0598933938890696,0.016005150691238,30742,0.0215609292944886,30742,0.0481147230537862,30742,0.121112367643568,30742,0.551774866507994
"12","20m",28784,0.0548940167091673,0.0552744921296835,0.0125776225658846,28784,0.0212931440151209,28784,0.0444960432600489,28784,0.110944804655351,28784,0.492449923395135
"120","20m",28335,0.0567331787727304,0.0557777509093285,0.0154301742158442,28335,0.0199391606732737,28335,0.0455636747879608,28335,0.116200965879044,28335,0.529392855721827
"1200","20m",24011,0.0534755979177804,0.0536052621901035,0.0126322005201712,24011,0.0203340526091653,24011,0.0433409783711452,24011,0.101138060909831,24011,0.445287747627301
"1201","20m",24803,0.0554364083623704,0.0541975535452366,0.014847904343014,24803,0.0197005166700273,24803,0.0442569384616558,24803,0.107918807153966,24803,0.470662421706223
"1202","20m",28432,0.0523615443577742,0.0513508226722479,0.0128374714722718,28432,0.0185421173048083,28432,0.0428125422961662,28432,0.0984276034131409,28432,0.427390319732325
"1203","20m",30593,0.0542581229421141,0.0538886897265911,0.0119164142203335,30593,0.0192574656729487,30593,0.0440084363327892,30593,0.101206333788147,30593,0.426715834173755
"1204","20m",34676,0.0630072220264602,0.063165407627821,0.0150474408391792,34676,0.0216544146748114,34676,0.0505378050430014,34676,0.112030406327822,34676,0.452230568874409
"1205","20m",32294,0.0633785806381949,0.0630826652050018,0.0163953254786763,32294,0.0209396643022338,32294,0.0506496225963932,32294,0.114590742199457,32294,0.470167991361844
"1206","20m",23046,0.049104637825629,0.0480305776000023,0.0115812333361713,23046,0.0177731063184824,23046,0.0399523959302798,23046,0.0941725772872356,23046,0.410225801218505
"1207","20m",29097,0.0580152234420204,0.0577743127942085,0.0149471048819485,29097,0.0208928153398473,29097,0.0468303983683429,29097,0.108538775893489,29097,0.466955124952546
"1208","20m",25677,0.0577998850063727,0.0563380308449268,0.0169864152331119,25677,0.0210900037992188,25677,0.0465549256757665,25677,0.106230296563092,25677,0.43649604797661
"1209","20m",31381,0.056626989400502,0.0553769692778587,0.0154390854061708,31381,0.0192641608169906,31381,0.0454350889024204,31381,0.104099809172179,31381,0.438557731741456
"121","20m",31664,0.0568766325863738,0.0566438008099794,0.0136898632998591,31664,0.0198848060255622,31664,0.045633919938962,31664,0.115812225239903,31664,0.527949812866676
"1210","20m",24607,0.0513504754520897,0.0500768609344959,0.0130839234912378,24607,0.0170386410872366,24607,0.0410891545925857,24607,0.0975491746825409,24607,0.418045221242504
"1211","20m",25702,0.0482033055414678,0.0469953026622534,0.0114911951724999,25702,0.0158175270463617,25702,0.0387754366052017,25702,0.0969247809591684,25702,0.431942707860507
"1212","20m",26842,0.0517145196869264,0.0506497994065285,0.0129294201664446,26842,0.0187665152551384,26842,0.0423354165779403,26842,0.0992656261896001,26842,0.440003032356343
"1213","20m",33129,0.05731568176019,0.0563856735825539,0.0141151840623985,33129,0.0194219166435667,33129,0.0465347749443847,33129,0.10841419087477,33129,0.465453694163453
"1214","20m",35399,0.0646654583504581,0.0650961995124817,0.0136277696780025,35399,0.021224333481674,35399,0.052537979625742,35399,0.121200330154152,35399,0.511813958991354
"1215","20m",20849,0.0655401821344586,0.0647342726588249,0.0161766059657837,20849,0.0248050590936031,20849,0.0546570940172549,20849,0.114513198821964,20849,0.478847656750455
"1216","20m",2344,0.04062262358964,0.0396090876311064,0.00753319545778646,2344,0.0122345172192486,2344,0.0329976360314332,2344,0.0770070438785063,2344,0.332539230224187
"1217","20m",9606,0.0403853519496826,0.0387768652290106,0.00776622706756068,9606,0.0142770347111135,9606,0.0335822448763905,9606,0.0676137154830709,9606,0.275777953409364
"1218","20m",13792,0.040213130830853,0.0383427031338215,0.00746345497046948,13792,0.0126588207278549,13792,0.0323597559626409,13792,0.0757113197756555,13792,0.326990610557259
"1219","20m",2148,0.0396089828373722,0.038986274972558,0.00578696844232712,2148,0.0149238383029498,2148,0.032500725938224,2148,0.0785394627546044,2148,0.33650699501049
"122","20m",30654,0.0556759136589369,0.0544949751347303,0.0144787000384043,30654,0.0206068498721793,30654,0.0447992594968624,30654,0.11829900552157,30654,0.548913571504575
"1220","20m",2280,0.0497454477237178,0.049339922145009,0.0106158858667381,2280,0.0194771035510836,2280,0.0406928988882016,2280,0.105399518267675,2280,0.519660581569923
"1221","20m",25048,0.0615236467801698,0.0601862408220768,0.0174846462897689,25048,0.0207762443910957,25048,0.0489249617571877,25048,0.118439856214955,25048,0.524984322358107
"1222","20m",26039,0.0527626670622464,0.051728293299675,0.0131706994501261,26039,0.0185132735792931,26039,0.0424773360402501,26039,0.106634878746907,26039,0.503623400437562
"1223","20m",28841,0.0507172839764837,0.0494679994881153,0.0122527913741545,28841,0.0182905665223054,28841,0.0412856469410759,28841,0.104621338028376,28841,0.486854440042692
"1224","20m",27824,0.0520659884492277,0.0500032715499401,0.0139213850891193,27824,0.0176641771926759,27824,0.0419819679082724,27824,0.109651122733326,27824,0.519530777667776
"123","20m",29321,0.0574132554624521,0.0559018924832344,0.0162242509520766,29321,0.0205876722418018,29321,0.0460179352994602,29321,0.114151883070785,29321,0.509025477792312
"124","20m",27623,0.0520754441528832,0.0508983433246613,0.012999096741951,27623,0.0190994926024359,27623,0.0420681701802899,27623,0.107696775846704,27623,0.489879666250904
"13","20m",30565,0.0570304844291988,0.0577254630625248,0.0125054154592926,30565,0.0202323145411362,30565,0.0452271221164174,30565,0.116728327567251,30565,0.505727710979027
"1300","20m",26756,0.0533174321602315,0.0522570870816708,0.013701058897807,26756,0.0187006615848222,26756,0.0427257007837836,26756,0.100364538613955,26756,0.436818837651275
"1301","20m",26391,0.0536238424548282,0.0514012388885021,0.0150796501526346,26391,0.0190744003281405,26391,0.0431971848276242,26391,0.101300709763445,26391,0.438189901072885
"1302","20m",27236,0.0521304329031364,0.0508056133985519,0.013264030887605,27236,0.0172462303695747,27236,0.0417037162192585,27236,0.0958458825426442,27236,0.4081187092193
"1303","20m",27168,0.0519057745875673,0.0507511515170336,0.0130601846821278,27168,0.0176241601678769,27168,0.0413408558773835,27168,0.102691469887084,27168,0.444159749597873
"1304","20m",29512,0.0524569108175136,0.0521592367440462,0.0116217089812089,29512,0.0176348890660043,29512,0.0418343914664158,29512,0.102395568438193,29512,0.449096393886912
"1305","20m",30960,0.0529000379579522,0.0527570266276598,0.0117756914443612,30960,0.0188925676902952,30960,0.0429706122346896,30960,0.102100954760269,30960,0.44214797404117
"1306","20m",22691,0.04580352349452,0.0446733273565769,0.00975659807744193,22691,0.0154372183795947,22691,0.0366954375886088,22691,0.0907585928244242,22691,0.39743086714785
"1307","20m",24320,0.0499952539193481,0.0486807618290186,0.0122254116854852,24320,0.0168852575866011,24320,0.0404273469443329,24320,0.0979583711030294,24320,0.439240708199287
"1308","20m",25788,0.0538059106614219,0.053021939471364,0.0138091303698815,25788,0.0182947278432313,25788,0.043266232594076,25788,0.104337531393597,25788,0.454471458267277
"1309","20m",26210,0.0535834475206861,0.0521957259625196,0.0148849269185099,26210,0.0177024082807375,26210,0.0428678274696264,26210,0.10264152164683,26210,0.450801143391437
"1310","20m",30955,0.0611424894376138,0.0600155144929886,0.0175288959363833,30955,0.0181215152037375,30955,0.0480012894699521,30955,0.111421401795387,30955,0.468263262912099
"1311","20m",27205,0.0498936122170711,0.0485598891973495,0.0121765092365354,27205,0.0168367722056283,27205,0.0403259551389776,27205,0.0958181384751506,27205,0.411162044846794
"1312","20m",24622,0.0540460513361678,0.0531180649995804,0.0139391510598006,24622,0.0174574590892009,24622,0.0433165583800851,24622,0.105050057264229,24622,0.453285926042875
"1313","20m",30303,0.0569315926806705,0.0541994906961918,0.0167925214831153,30303,0.0186387232008081,30303,0.0461561929243866,30303,0.106839982563594,30303,0.459412186117817
"1314","20m",32164,0.0605159350017639,0.0608576722443104,0.0147085810983922,32164,0.0214046368235846,32164,0.0498192519044826,32164,0.111165256146354,32164,0.477972919981759
"1315","20m",33613,0.0623608922846681,0.0620075985789299,0.0150564481172826,33613,0.0224364086483632,33613,0.0514861388455968,33613,0.112208366771172,33613,0.474639996023225
"1316","20m",20820,0.0680668243991639,0.0680356435477734,0.0177821667009679,20820,0.0224998317633056,20820,0.0550460574577011,20820,0.119792845054644,20820,0.488536790785274
"1317","20m",6776,0.0591969241428276,0.0602958220988512,0.0162101568793577,6776,0.0219275182522238,6776,0.0492897008727398,6776,0.102484542370169,6776,0.42963862470438
"1318","20m",1992,0.0396599220448589,0.0387132186442614,0.00624359874873249,1992,0.0123399914835209,1992,0.0320161883872883,1992,0.0720023196668377,1992,0.304233369589853
"1321","20m",1509,0.0579663525731102,0.0581898801028728,0.0157451745439101,1509,0.0200426700833849,1509,0.0460685886206635,1509,0.117909571126281,1509,0.534645701634757
"1322","20m",16280,0.0520504498059109,0.0508908275514841,0.0132009281425513,16280,0.0175896846663922,16280,0.041732503121918,16280,0.106580584907998,16280,0.502421285792723
"1323","20m",28343,0.0527642261219425,0.05262740701437,0.0117725337638404,28343,0.0196896393885286,28343,0.0428343041297647,28343,0.109681570941958,28343,0.51818666434198
"1324","20m",26507,0.0495809812341735,0.0489310696721077,0.0111027421200375,26507,0.0199557001739567,26507,0.041143819132495,26507,0.0985732368738291,26507,0.458247219350978
"14","20m",29920,0.0588408614059955,0.0591392181813717,0.0141210223737246,29920,0.0198389787954252,29920,0.0466021266316328,29920,0.114675410657757,29920,0.483815300252017
"1400","20m",25728,0.0556658182759562,0.053032448515296,0.0169564064902187,25728,0.0164388738968781,25728,0.0435727612796053,25728,0.102118882614557,25728,0.442231258097599
"1401","20m",20492,0.0513395850328325,0.0504948273301125,0.0127370974635079,20492,0.0183766941670137,20492,0.0414946727394531,20492,0.0968995980108926,20492,0.422333528683025
"1402","20m",27061,0.0527741239004159,0.0522694401443005,0.0128257163866307,27061,0.0179446324620302,27061,0.0420413446093437,27061,0.0992991184633889,27061,0.43121443795723
"1403","20m",26920,0.0501680557229964,0.0488513689488173,0.0123690633365931,26920,0.0155870231151723,26920,0.0393524164760705,26920,0.0984522468264145,26920,0.432551591194521
"1404","20m",26844,0.0522122387186574,0.0516202747821808,0.0123474488959653,26844,0.0174913798340815,26844,0.041572430102505,26844,0.101178743927049,26844,0.434872449905556
"1405","20m",28265,0.0559711459392803,0.0562541112303734,0.0129519509024264,28265,0.0192738477229446,28265,0.0449803110894146,28265,0.10700527540869,28265,0.456580143321937
"1406","20m",20917,0.0493840049452167,0.0454583689570427,0.0147102347101227,20917,0.0168376285396643,20917,0.0397608212882111,20917,0.0970156742789806,20917,0.4262540197525
"1407","20m",24811,0.0534818530461673,0.0519389435648918,0.0146989603553896,24811,0.0181469057827377,24811,0.0429318208525961,24811,0.104630485403133,24811,0.455883896963821
"1408","20m",25549,0.0542721785532778,0.0538561567664146,0.0134943345783657,25549,0.0186508160386446,25549,0.0435183413301453,25549,0.105774689639442,25549,0.462199786274994
"1409","20m",22947,0.0538468226684418,0.0520505644381046,0.0153935926639702,22947,0.0167995472239988,22947,0.0429980602337606,22947,0.102405939233382,22947,0.438930155569667
"1410","20m",30336,0.058375712903548,0.0590114947408438,0.0132593152365741,30336,0.0188523065732061,30336,0.0461264069418609,30336,0.114872178319743,30336,0.492802426357845
"1411","20m",27941,0.05423791066719,0.0524073205888271,0.0148667616978375,27941,0.0178182319134218,27941,0.0436422502612685,27941,0.099826007779153,27941,0.429477838833143
"1412","20m",24144,0.0503441483527453,0.0492973383516073,0.011971360665016,24144,0.0163579214979159,24144,0.0405770691603741,24144,0.0985780378839428,24144,0.43145042965284
"1413","20m",27129,0.056519480111458,0.0557478331029415,0.0155436164996352,27129,0.0191006324801248,27129,0.0460952396666586,27129,0.102311011599908,27129,0.436830548849575
"1414","20m",27682,0.0576857719219159,0.0577119886875153,0.0145342859590346,27682,0.0191140396653765,27682,0.0469448432378589,27682,0.108799850972585,27682,0.469170346451865
"1415","20m",30855,0.0614072039763239,0.0615689866244793,0.0160542716262582,30855,0.0217370979883556,30855,0.0504938277477183,30855,0.1102563303104,30855,0.469660933062159
"1416","20m",32688,0.065201326461538,0.0653261169791222,0.016222385053087,32688,0.0245850448094254,32688,0.0541788547500308,32688,0.115779908024595,32688,0.48957301344607
"1417","20m",32884,0.0650549367311044,0.065049022436142,0.0161256072823179,32884,0.0249259494285602,32884,0.0540481061185733,32884,0.113419180771289,32884,0.466397633917635
"1418","20m",21209,0.0691824616717922,0.0666128396987915,0.0200928254592827,21209,0.0270485045663613,21209,0.0573797554604576,21209,0.115434820257949,21209,0.42326099556511
"1419","20m",566,0.0587434444227667,0.0596968531608582,0.0134022025453006,566,0.0188891043679765,566,0.0479570725458594,566,0.0957500830505787,566,0.373307504127162
"1422","20m",1267,0.0468955769408685,0.0456065088510513,0.0106253526785895,1267,0.0168769898202287,1267,0.038013882062792,1267,0.0976080134436555,1267,0.450907920009817
"1423","20m",19332,0.0537552616426776,0.0530247483402491,0.0130439418466911,19332,0.0205308238323872,19332,0.0437614512151668,19332,0.108928761719206,19332,0.511222296626855
"1424","20m",9762,0.0542795430743696,0.0541272889822721,0.0131562342188675,9762,0.0198650764299808,9762,0.0442345199497722,9762,0.110455307954718,9762,0.518050639921778
"15","20m",33502,0.0596686443988916,0.0589830745011568,0.0151343518425202,33502,0.0221361962893288,33502,0.0481908196203799,33502,0.114369746350641,33502,0.470168543771037
"1500","20m",28359,0.0601352532806214,0.0586886182427406,0.0181322989349601,28359,0.0202564269398955,28359,0.0479302783561162,28359,0.107279237154484,28359,0.451099467323756
"1501","20m",28645,0.0555213826408242,0.0547399297356606,0.0144472627396089,28645,0.0189511732238144,28645,0.0442152148547882,28645,0.103173008922293,28645,0.451716510700738
"1502","20m",24790,0.055946677654663,0.0551691055297852,0.0149587206310041,24790,0.0171547363518709,24790,0.043794905235817,24790,0.10517000455396,24790,0.450075171091847
"1503","20m",30454,0.0524675755898507,0.0519414059817791,0.0120763651508847,30454,0.0179513103632532,30454,0.0418402782744602,30454,0.101653842703119,30454,0.441746134076691
"1504","20m",30522,0.054904244621793,0.0544587727636099,0.0128449394691409,30522,0.0188779802448484,30522,0.0440160048660614,30522,0.1089922680025,30522,0.482581562409826
"1505","20m",28647,0.0534674698154604,0.0535116828978062,0.0118963382713355,28647,0.0191313645869341,28647,0.043343409919295,28647,0.105014114956873,28647,0.459960439836912
"1506","20m",25689,0.0511102229086313,0.0502856746315956,0.0119723085041006,25689,0.0187014559745246,25689,0.0415463515897492,25689,0.102232240079325,25689,0.448907018714806
"1507","20m",26059,0.051086648763941,0.0507537424564362,0.0116919267057709,26059,0.0180922376389231,26059,0.0413624655828844,26059,0.103568267241324,26059,0.467310687511393
"1508","20m",27892,0.0602315471892399,0.0573154147714376,0.0187963747823418,27892,0.0232142711406783,27892,0.0493310448699367,27892,0.112264014358377,27892,0.473181369630279
"1509","20m",24656,0.0642923949892819,0.0608570817857981,0.0221257534119703,24656,0.0222337005517396,24656,0.0517027015377589,24656,0.117985516520666,24656,0.492509944444633
"1510","20m",27016,0.0591945876780377,0.0588525403290987,0.0157340369839183,27016,0.0176790806318678,27016,0.0468906971366407,27016,0.111567830619577,27016,0.473718150493904
"1511","20m",27274,0.0568750126072489,0.0535298530012369,0.0183192732061782,27274,0.0167549247926532,27274,0.0451771005166281,27274,0.0985425298595882,27274,0.399289018677975
"1512","20m",30984,0.0610359446092692,0.0579091608524323,0.0196596146584635,30984,0.0197160280615379,30984,0.0482722644474203,30984,0.113655405081755,30984,0.474583524461334
"1513","20m",30848,0.0588549842869721,0.0568367503583431,0.016582814566042,30848,0.0195981483672355,30848,0.04716872421778,30848,0.108166277605367,30848,0.45251420024253
"1514","20m",29927,0.051766525476568,0.0513120330870152,0.0111587815829696,29927,0.0170456054217357,29927,0.0421440063879249,29927,0.102615240593401,29927,0.458714461054793
"1515","20m",25343,0.0567342743864941,0.0562408082187176,0.0145222130441952,25343,0.0187019933039758,25343,0.0460891763138621,25343,0.110045236615611,25343,0.489471757445369
"1516","20m",30819,0.0550389902250336,0.0540083348751068,0.0132585258354932,30819,0.0183577419159794,30819,0.0447058131382043,30819,0.113181914045155,30819,0.51646648492136
"1517","20m",35012,0.0653486235864613,0.0659258216619492,0.014848208764198,35012,0.0258945026020573,35012,0.0544082985251126,35012,0.118704857427877,35012,0.496773230305005
"1518","20m",35713,0.0671377590207922,0.0663225650787354,0.0161959970278443,35713,0.0252503405175256,35713,0.0557743687908083,35713,0.116544129997446,35713,0.465346268478107
"1519","20m",11183,0.0640593100741251,0.0641225501894951,0.0133464704919716,11183,0.0198928676525679,11183,0.0522470707531611,11183,0.118042096208632,11183,0.523979144998339
"1520","20m",535,0.0574075668005743,0.0593318454921246,0.00844596427711296,535,0.0154598046689916,535,0.0462284761071901,535,0.102428840570377,535,0.457150955550024
"16","20m",35228,0.0650331324687162,0.063219103962183,0.0172743160326587,35228,0.0245132508048284,35228,0.0526675172352265,35228,0.123141917814101,35228,0.507931466848071
"1600","20m",34296,0.0659715502932607,0.0665734894573689,0.0164805965104205,34296,0.0251933878129499,34296,0.0536255937257256,34296,0.119221207113606,34296,0.50705162577653
"1601","20m",32424,0.0673649952236918,0.0671186074614525,0.0192328738512359,32424,0.0248206438602813,32424,0.0543234244967945,32424,0.117672376777458,32424,0.493678553338296
"1602","20m",24316,0.0490831502962678,0.0480360127985477,0.0114912582903638,24316,0.0176902908115469,24316,0.0397764822448043,24316,0.0974081212062266,24316,0.442348065838891
"1603","20m",30699,0.0557355035872191,0.0555429980158806,0.0138929755815454,30699,0.021826184103628,30699,0.0456761142006002,30699,0.103860921782839,30699,0.457204426182174
"1604","20m",27484,0.051500085429056,0.0509061794728041,0.0118567414931141,27484,0.0178826851154818,27484,0.0414311453829617,27484,0.0997250256540049,27484,0.443306048095019
"1605","20m",30335,0.052784601573803,0.0521212853491306,0.0125767248445516,30335,0.018744284707779,30335,0.0427608415960934,30335,0.101452108444435,30335,0.445976149283547
"1606","20m",29498,0.0534048989419968,0.052993344143033,0.0124957745791341,29498,0.01896482920262,29498,0.0429308064646877,29498,0.103635561498786,29498,0.445219345103513
"1607","20m",28980,0.0555429939874766,0.0536852423101664,0.0150197213396741,28980,0.0202059869249911,28980,0.0449518549587173,28980,0.106667967220548,28980,0.4574283407881
"1608","20m",32091,0.0597464601678148,0.0595249980688095,0.015172654026822,32091,0.0205431445111295,32091,0.0479938684824909,32091,0.110454158694608,32091,0.466015322344475
"1609","20m",35058,0.0684008045378966,0.0697571896016598,0.0151499762099254,35058,0.0262189793294637,35058,0.0557932734643113,35058,0.123363317097645,35058,0.511236526731492
"1610","20m",37093,0.0731662437145508,0.074070893228054,0.0148115337327185,37093,0.025167904888846,37093,0.0586408306720303,37093,0.131282751336489,37093,0.520649300674433
"1611","20m",35829,0.0669262053219306,0.067382924258709,0.0151830421522939,35829,0.0247144621531838,35829,0.0546721718640547,35829,0.116972749943349,35829,0.463182794159161
"1612","20m",27671,0.0587341666536917,0.0576877146959305,0.0168403775143489,27671,0.0213936318303616,27671,0.0479161632948657,27671,0.106324759392307,27671,0.443740986297906
"1613","20m",29108,0.0645132999001661,0.062832448631525,0.0201918559877112,29108,0.0189884928090896,29108,0.0508032255614577,29108,0.115041625099502,29108,0.472950348240598
"1614","20m",29840,0.0552175395378603,0.0527597162872553,0.0160659300257187,29840,0.017927717317076,29840,0.0442948540050099,29840,0.105565627859661,29840,0.456261193066925
"1615","20m",25752,0.053168799603892,0.0519178435206413,0.012982481904735,25752,0.0168527190888515,25752,0.0430322540168207,25752,0.102729312616287,25752,0.453215435661081
"1616","20m",30721,0.0505331555667414,0.0499785915017128,0.0110132474797459,30721,0.0161638565760327,30721,0.0408729394951793,30721,0.0992686814974977,30721,0.442871305689047
"1617","20m",31133,0.0578126191227893,0.058512981981039,0.0134430997045283,31133,0.0200135631832779,31133,0.0473679178862056,31133,0.111358459675287,31133,0.497520910225814
"1618","20m",33697,0.0598136469290418,0.0599752888083458,0.0122960706952898,33697,0.0192847464217057,33697,0.048258712928516,33697,0.116872848915228,33697,0.515181854095036
"1619","20m",35690,0.0576157905785046,0.0580047890543938,0.00939738724123453,35690,0.0170318582806854,35690,0.0464425662857962,35690,0.111938798949564,35690,0.512285522782634
"1620","20m",25080,0.0565848564200305,0.0562219638377428,0.011217927824679,25080,0.0169406276267931,25080,0.0458285062690716,25080,0.10720066751826,25080,0.491698416034155
"1621","20m",3518,0.0664690102187407,0.0655626319348812,0.0149270107844586,3518,0.0216977196401072,3518,0.053471688923618,3518,0.124997459293491,3518,0.530370807082495
"17","20m",33981,0.069979975156135,0.0707110539078712,0.0185222510521307,33981,0.0257488392729595,33981,0.0564075242542057,33981,0.131671555924099,33981,0.561421558551385
"1700","20m",32922,0.0620912305460676,0.062523826956749,0.0153231133725763,32922,0.0227113227764628,32922,0.0498385019887482,32922,0.117269728091098,32922,0.521570505609727
"1701","20m",35150,0.0720795759696455,0.0720106810331345,0.0185915975890846,35150,0.0246653184080571,35150,0.0571626441113483,35150,0.126887584741091,35150,0.533177597492768
"1702","20m",26131,0.0556036342347543,0.0494719669222832,0.0198455803890512,26131,0.0197982146815167,26131,0.0446441375457834,26131,0.107794331464343,26131,0.489816855638478
"1703","20m",25620,0.0510482714931676,0.0489030480384827,0.0136847678088808,25620,0.0180147630542066,25620,0.041314856366583,25620,0.096215536709189,25620,0.429421364286564
"1704","20m",25965,0.0511536418214432,0.0505029074847698,0.012175618044948,25965,0.0186135451230532,25965,0.0413707015022376,25965,0.101515907300871,25965,0.452784929329792
"1705","20m",29964,0.0586727106621848,0.0583615656942129,0.0153927885088245,29964,0.0191410781495935,29964,0.0467529312061786,29964,0.105367517743709,29964,0.43890753873311
"1706","20m",31480,0.0616450496662877,0.0612177550792694,0.0172811008453542,31480,0.0182536167327227,31480,0.0481468294716057,31480,0.112615778885625,31480,0.474314708569422
"1707","20m",27505,0.0569645592536851,0.0536510869860649,0.0179221802872073,27505,0.0185574898445593,27505,0.0452197526542646,27505,0.104167136669583,27505,0.436291656564536
"1708","20m",26584,0.0537089359193475,0.053509084507823,0.0129714941311368,26584,0.0184378788516863,26584,0.0430833004152947,26584,0.103850403893003,26584,0.451232386752487
"1709","20m",32656,0.0603005975831755,0.0592872723937035,0.0166992231654467,32656,0.0225754647510682,32656,0.048955884806034,32656,0.110217598615885,32656,0.463741980970069
"1710","20m",35038,0.0676980906264643,0.0688457861542702,0.0143642546363628,35038,0.0220093295859644,35038,0.0537288513783377,35038,0.124310039227788,35038,0.507404095973119
"1711","20m",35774,0.0721566272264707,0.0726007707417011,0.0147916035390828,35774,0.0252198516440247,35774,0.058465490825786,35774,0.12538801520681,35774,0.495709112275083
"1712","20m",29303,0.0529604426411955,0.0514126271009445,0.0137147363214957,29303,0.0177189900388817,29303,0.0427320160885697,29303,0.0972675800957316,29303,0.418625346313092
"1713","20m",23652,0.0543626651719764,0.0516605395823717,0.0160257932361514,23652,0.0183675422102945,23652,0.0434928598317557,23652,0.105710615379829,23652,0.448206627356437
"1714","20m",29353,0.0596383978825523,0.0574909672141075,0.0177749072845523,29353,0.0198240422740295,29353,0.0478774636494883,29353,0.110907043962787,29353,0.472241729819884
"1715","20m",25605,0.0560262952263968,0.0548748970031738,0.0146639200861156,25605,0.015807150987546,25605,0.044269024844432,25605,0.104761143721776,25605,0.44568180735204
"1716","20m",24250,0.0572587056604704,0.0558480322360992,0.0158038856246791,24250,0.0167425051467239,24250,0.0456899060685111,24250,0.105133779386965,24250,0.445558163630993
"1717","20m",20865,0.0532675358713416,0.0520953349769115,0.0145571431700115,20865,0.0173101562192634,20865,0.0432020866408276,20865,0.101869181838341,20865,0.443820928933679
"1718","20m",26499,0.0528132643196648,0.052723053842783,0.0116130505056499,26499,0.0156316626105388,26499,0.0423505547246966,26499,0.106961182394694,26499,0.484084610833165
"1719","20m",33046,0.0492205250345868,0.0489575061947107,0.00945747113341899,33046,0.0170187887617824,33046,0.0400159717215436,33046,0.0989824987431453,33046,0.450495253240676
"1720","20m",35989,0.0568386430823986,0.0563976615667343,0.0107903248081456,35989,0.0196300407538632,35989,0.0465411472989156,35989,0.104992995666886,35989,0.449980502916457
"1721","20m",30471,0.0585988649680263,0.0576515905559063,0.0119122373033578,30471,0.0196067240895856,30471,0.0478668365926105,30471,0.106046152007209,30471,0.451566606517641
"1722","20m",17955,0.0557218505098142,0.0550754331052303,0.0105922543346019,17955,0.0184985048806553,17955,0.0455054864423535,17955,0.0937537461237648,17955,0.382282119782418
"1723","20m",192,0.0568347385657641,0.0578094162046909,0.00683591630998581,192,0.0205568220661479,192,0.0467531663553451,192,0.103084316403674,192,0.408903628520978
"18","20m",29725,0.0578510100729732,0.0589204654097557,0.0130633642181549,29725,0.0213166249867237,29725,0.046891291597801,29725,0.117123667097099,29725,0.536851708753847
"1800","20m",29990,0.0587011652523804,0.0584290027618408,0.0156284090922167,29990,0.0208366679115129,29990,0.047468269350555,29990,0.105989183203762,29990,0.46254123190578
"1801","20m",30306,0.0620382285384894,0.0623093135654926,0.0159559287402324,30306,0.0223481997607288,30306,0.049834370553979,30306,0.11332335637415,30306,0.490667864149341
"1802","20m",33232,0.0580468080055303,0.0576056577265263,0.0133941077923665,33232,0.0210988374446093,33232,0.0468216575736672,33232,0.113536332650058,33232,0.50600292146325
"1803","20m",22133,0.0505264587389828,0.0495169758796692,0.0127326519168143,22133,0.0173881125218237,22133,0.0405149864881773,22133,0.0962784031154317,22133,0.430127902835798
"1804","20m",25809,0.0512474879430919,0.0500467792153358,0.0128131061688651,25809,0.0170770632719701,25809,0.04115030522446,25809,0.101746576963761,25809,0.464564385339228
"1805","20m",25420,0.057714307740445,0.0570952519774437,0.0157937636627465,25420,0.0195189078288149,25420,0.0464396402481083,25420,0.103587676858515,25420,0.43811425340265
"1806","20m",30818,0.050636319829494,0.0502643492072821,0.0109164819369738,30818,0.0188367156039577,30818,0.0408643764987415,30818,0.104337303431014,30818,0.462543343217258
"1807","20m",24396,0.0469297420303425,0.0462012626230717,0.0102339548194458,24396,0.0172980895543522,24396,0.0379643897914034,24396,0.0932424555253415,24396,0.415998153446414
"1808","20m",25871,0.0515352813520148,0.0508512072265148,0.0123129457298262,25871,0.0180124005881138,25871,0.0412067968385147,25871,0.102570212668841,25871,0.447630390107573
"1809","20m",27495,0.0514694697866333,0.0510733611881733,0.0120868276696688,27495,0.0186571540457929,27495,0.0415836335278005,27495,0.0967854931890595,27495,0.411037232129801
"1810","20m",30049,0.0561452540352828,0.0564759373664856,0.0126409135651087,30049,0.0199696408619819,30049,0.0454050575080317,30049,0.106938163426925,30049,0.459393641384705
"1811","20m",31682,0.0594697699067646,0.057107737287879,0.0168134521854731,31682,0.0218278602659279,31682,0.0482676878050034,31682,0.108470857649185,31682,0.454851761462918
"1812","20m",21376,0.0490444713338553,0.0483926311135292,0.0109642995042104,21376,0.0160092159793938,21376,0.0395581996556588,21376,0.0942889638229773,21376,0.418830289870149
"1813","20m",21797,0.0560870122378294,0.0536693185567856,0.0170897247477521,21797,0.0198398393799399,21797,0.0453393040402441,21797,0.105989328210887,21797,0.454357281012082
"1814","20m",26549,0.0544430757830139,0.0525047928094864,0.0156411109100554,26549,0.0179420485582377,26549,0.0435534209529865,26549,0.107965408878411,26549,0.481865862957515
"1815","20m",27003,0.0593066467246424,0.059256661683321,0.0155515995861165,27003,0.0181298907949068,27003,0.0466733508467582,27003,0.108244742934913,27003,0.450016127069002
"1816","20m",24187,0.0568427949423461,0.056033544242382,0.0155359456100583,24187,0.0182242289949341,24187,0.045220974576515,24187,0.109098465497561,24187,0.464465735512019
"1817","20m",22939,0.0515651358949632,0.0499447174370289,0.0135011082729457,22939,0.0177139166702044,22939,0.0415844860545632,22939,0.100034053813182,22939,0.443334836914971
"1818","20m",22014,0.0547454354505635,0.0534069202840328,0.0149338409876183,22014,0.0169659974192124,22014,0.0441176773681689,22014,0.100432435260214,22014,0.435072771202165
"1819","20m",29421,0.0504251104564256,0.0474440418183804,0.0149199701796737,29421,0.0176030959932938,29421,0.0409913827626703,29421,0.0981600303751394,29421,0.436951830675604
"1820","20m",32905,0.0534898071357511,0.0535223372280598,0.0115561771846796,32905,0.0197434585918252,32905,0.0438120675601902,32905,0.101631429752933,32905,0.433438180859014
"1821","20m",35828,0.060553286925877,0.0603344794362783,0.0127995995480125,35828,0.0214562296331531,35828,0.0495220698692678,35828,0.103702558402293,35828,0.415904350693863
"1822","20m",27606,0.0558054474114482,0.0546203162521124,0.0103432702209348,27606,0.0226221973631139,27606,0.0466904442776063,27606,0.0982389121005219,27606,0.402221579398596
"1823","20m",856,0.0534548595391005,0.0538124553859234,0.00574270876073021,856,0.0187834778198342,856,0.0438716931052373,856,0.0968111119088118,856,0.418190105781307
"19","20m",28055,0.055838254336125,0.0555729977786541,0.0146103937317996,28055,0.0220508680266661,28055,0.0457182958340594,28055,0.112424183019885,28055,0.510261964312042
"1900","20m",28056,0.0565072894926917,0.0564044155180454,0.0141459196235935,28056,0.0201010276064823,28056,0.0450792487841238,28056,0.105375825335746,28056,0.464794769216821
"1901","20m",27843,0.0585552431220614,0.0582691803574562,0.0157393665274685,27843,0.0201209492118128,27843,0.0465577763090406,27843,0.110586332838271,27843,0.484374757380582
"1902","20m",29038,0.0522455199210384,0.0517529882490635,0.0120815783001286,29038,0.0182258546636253,29038,0.041791053488413,29038,0.103785433743175,29038,0.480114313207102
"1903","20m",24653,0.0543099061358506,0.0523587688803673,0.0153455206638515,24653,0.0192334602278562,24653,0.0434866216987875,24653,0.104090766404045,24653,0.456823940082542
"1904","20m",23255,0.0464861818679979,0.045306421816349,0.0103733277312015,23255,0.016888859077668,23255,0.0378021021385327,23255,0.0922074650992963,23255,0.425903770402311
"1905","20m",25281,0.0514839127846055,0.049982562661171,0.0132171780580584,25281,0.0183019364511463,25281,0.0415838046750741,25281,0.0988232481761266,25281,0.4359254369668
"1906","20m",26465,0.0555267628553981,0.0553810000419617,0.0136011473680069,26465,0.0185740753862252,26465,0.0442629403848361,26465,0.106848035109034,26465,0.473568864084753
"1907","20m",24968,0.0529430995513863,0.0522237122058868,0.0130946455999777,24968,0.0178055072689654,24968,0.0421590815887311,24968,0.101634397870517,24968,0.446176657481805
"1908","20m",26123,0.0554840287920731,0.0550581105053425,0.0139685049594528,26123,0.0169410261635464,26123,0.0435204022594356,26123,0.106084759172331,26123,0.459680209549795
"1909","20m",23079,0.0519224900861745,0.0498025305569172,0.0141126559610433,23079,0.0171560433057063,23079,0.0413389709178457,23079,0.101259934554109,23079,0.442481633720154
"1910","20m",25613,0.0520722469344676,0.0523194372653961,0.0114090629116651,25613,0.0180204737566612,25613,0.0416630307118888,25613,0.100825392134253,25613,0.428246728999515
"1911","20m",24013,0.0514026460575339,0.0510746613144875,0.0112439755187495,24013,0.0180899050189506,24013,0.0412447635796156,24013,0.10152025334888,24013,0.440691582333739
"1912","20m",19343,0.0512032019370102,0.0496839284896851,0.013353622066447,19343,0.0159808440333277,19343,0.0409639807699385,19343,0.102359475994167,19343,0.454938417656825
"1913","20m",20520,0.0481587216845345,0.0463059935718775,0.0120599555058599,20520,0.0172992961214268,20520,0.0389468091278582,20520,0.0988288101080887,20520,0.453064116030721
"1914","20m",22180,0.0524360730781365,0.0509767774492502,0.0139478645565503,22180,0.0166725693504374,22180,0.0418198241090298,22180,0.102587666462776,22180,0.462792361440142
"1915","20m",23905,0.0541036358958313,0.0537028796970844,0.0134122667681986,23905,0.0170583456349183,23905,0.0432365375681973,23905,0.103844352414499,23905,0.45117032818838
"1916","20m",24230,0.0514086320739527,0.0506648030132055,0.0126544530991891,24230,0.0164359841785565,24230,0.0411040331227697,24230,0.101171623538513,24230,0.456308402203608
"1917","20m",23686,0.052006811346759,0.0506789293140173,0.0138413793453808,23686,0.0175343347675434,23686,0.0417907910014932,23686,0.0982889792453589,23686,0.436701854259797
"1918","20m",24967,0.0512887181880321,0.0498090460896492,0.0132376515225064,24967,0.0165707560292145,24967,0.0412470963472422,24967,0.0984966598173884,24967,0.43812899413126
"1919","20m",24055,0.0450141052876347,0.0438942015171051,0.00930199370865775,24055,0.0150461722810081,24055,0.0364907288227877,24055,0.0897844609622767,24055,0.408320255428266
"1920","20m",27564,0.0519581964725885,0.0510414596647024,0.0127707816565261,27564,0.0185125166282722,27564,0.0423427724950095,27564,0.100811346111215,27564,0.437192938482723
"1921","20m",26064,0.0515434142675804,0.0509915556758642,0.0101609565212903,26064,0.0200023999583719,26064,0.0426580060513549,26064,0.103676774125703,26064,0.463003171568284
"1922","20m",1866,0.0629655594896577,0.063359446823597,0.0141223901345698,1866,0.0365027519853756,1866,0.056031240099745,1866,0.102786878760464,1866,0.380514358807623
"2","20m",26793,0.0578102512488181,0.056440107524395,0.0166941603218164,26793,0.0175629722188994,26793,0.0463794331119414,26793,0.106067550848914,26793,0.459741840941296
"20","20m",30771,0.0554600078154335,0.0556464605033398,0.0124379497663849,30771,0.0202978792728054,30771,0.0448561141972791,30771,0.114896609627496,30771,0.52915649899126
"200","20m",27513,0.0617050707720176,0.0612741857767105,0.0169623906951382,27513,0.0190944287151686,27513,0.0489483800197899,27513,0.116617511602005,27513,0.487480630903859
"201","20m",29578,0.0618119054726525,0.0611689370125532,0.0176634898291075,29578,0.0190655496043931,29578,0.0497985733511336,29578,0.111774729080804,29578,0.476766407860262
"202","20m",22238,0.0524623028136443,0.0501822754740715,0.0148776211023149,22238,0.0144695090247793,22238,0.0414700999027745,22238,0.10010063485652,22238,0.435750509030711
"203","20m",30973,0.0625209495599864,0.0603356510400772,0.0197285181969726,30973,0.0175784523380032,30973,0.0494380703733043,30973,0.110240162801306,30973,0.457792182677898
"204","20m",27638,0.0601216113767406,0.0591230615973473,0.0177873339865164,27638,0.0192505424113061,27638,0.0488000916081615,27638,0.108581970010817,27638,0.466672499109257
"205","20m",28862,0.056939898169839,0.054771775379777,0.0165907543054934,28862,0.0198914230964058,28862,0.0468469228310771,28862,0.100552999251753,28862,0.417074976445608
"206","20m",23348,0.0519059169661756,0.0491422228515148,0.0155514223072013,23348,0.0175915108594385,23348,0.0422926614233109,23348,0.0940275372735106,23348,0.39993266839819
"207","20m",26316,0.048413938893817,0.0473165083676577,0.0114679431665301,26316,0.0168644889099698,26316,0.0390881589677951,26316,0.0953718259401797,26316,0.424371485657328
"208","20m",28712,0.0570344432733546,0.0546997468918562,0.0169933127326576,28712,0.0182222386361183,28712,0.045174786487994,28712,0.112686071296845,28712,0.486887916944188
"209","20m",31785,0.0583571438632339,0.058565691113472,0.0142644938600437,31785,0.0226343565571289,31785,0.0480401120189557,31785,0.114374164016454,31785,0.504689415506912
"21","20m",31658,0.0629339206545921,0.063560463488102,0.0155819657174964,31658,0.0233283788273882,31658,0.04996797177629,31658,0.126165445445501,31658,0.552989308598206
"210","20m",31062,0.0525935709132989,0.0513115134090185,0.0126783428067782,31062,0.0197058049490263,31062,0.043367755003296,31062,0.108522534849949,31062,0.49321875643939
"211","20m",29541,0.0534120267386668,0.0528098754584789,0.0128487466013107,29541,0.0189793505750678,29541,0.0429218393703258,29541,0.109773309477033,29541,0.501198320730341
"212","20m",28345,0.0556230945882947,0.0549561530351639,0.0144569090134038,28345,0.0191227654622354,28345,0.0440988506027463,28345,0.111905571290929,28345,0.491422023630635
"213","20m",27833,0.0520919911470107,0.0522135458886623,0.0108765837072467,27833,0.0188606659072522,27833,0.0418815362822932,27833,0.10664585086189,27833,0.472599984751454
"214","20m",30135,0.053237428165254,0.0529023632407188,0.0118672387946582,30135,0.0191407286758187,30135,0.0426077420700738,30135,0.111501073669604,30135,0.494478529188919
"215","20m",29352,0.0526794302420684,0.0524189025163651,0.0118983643968596,29352,0.0179507202589427,29352,0.0421559970976838,29352,0.107833349148529,29352,0.48188576720921
"216","20m",31446,0.0541458446941196,0.0548729877918959,0.0107851054556998,31446,0.0215173378165822,31446,0.0442135259342366,31446,0.111845023536358,31446,0.500423669848784
"217","20m",31908,0.0558813779996174,0.0553526543080807,0.0127640888983858,31908,0.0209158182033638,31908,0.0454206435059265,31908,0.110859052465093,31908,0.480419252781662
"218","20m",34391,0.0602098156252223,0.0602353997528553,0.0141726806249473,34391,0.0234992301838676,34391,0.0489956722209056,34391,0.12303663473759,34391,0.549440344386434
"219","20m",29380,0.0584404093252052,0.0569711402058601,0.0161687210221227,29380,0.0222320056487312,29380,0.0473132571915265,29380,0.118608837773473,29380,0.533410905112423
"22","20m",30694,0.0575650534388366,0.0561308227479458,0.0165509549307299,30694,0.0207951417900703,30694,0.0457425073386473,30694,0.117983702926881,30694,0.5234115044245
"220","20m",28540,0.0601800391132687,0.0593696739524603,0.0168848762765647,28540,0.0220480489254162,28540,0.0482435571437009,28540,0.121008831114551,28540,0.542731349714929
"221","20m",31475,0.0554615411932289,0.054602786898613,0.0134042734926687,31475,0.0212653002937017,31475,0.0449902934010011,31475,0.116752071737742,31475,0.535254739466218
"222","20m",28689,0.0543258194310905,0.0546186342835426,0.012126411075208,28689,0.0222669312228309,28689,0.0445171538597862,28689,0.117169742290428,28689,0.554150522679003
"223","20m",30793,0.0533412793267177,0.0533455722033978,0.0119051100860524,30793,0.0204367675537137,30793,0.0432618081540257,30793,0.116138409130881,30793,0.535475921766578
"224","20m",29570,0.0567980909469989,0.0562537908554077,0.0151187491692004,29570,0.0218658373359109,29570,0.0460104263181077,29570,0.11387089535464,29570,0.506828639992531
"23","20m",27531,0.0488551979728422,0.0470028333365917,0.0121433646475483,27531,0.0181494388284892,27531,0.0394247637364029,27531,0.106923545186874,27531,0.500653396367303
"24","20m",15470,0.0513059736941667,0.0504534244537354,0.0124711201777624,15470,0.0177718032190057,15470,0.0408918120258554,15470,0.110092116482459,15470,0.505947188764796
"3","20m",30234,0.0615702008277379,0.0606380701065063,0.0182922766859786,30234,0.0182534629091125,30234,0.0489875402405638,30234,0.111221752689905,30234,0.474336629556509
"300","20m",23505,0.0502103728545527,0.0485566072165966,0.0127583946100786,23505,0.0159047347909416,23505,0.0400826733683218,23505,0.100400522194092,23505,0.446296086265315
"301","20m",27711,0.0543509752520445,0.0541213788092136,0.0130545552127805,27711,0.017947766368892,27711,0.0436557779860736,27711,0.106461347144748,27711,0.456207490892529
"302","20m",26326,0.0544916492817008,0.055011048913002,0.0122754390153457,26326,0.0178493537100274,26326,0.043492150972461,26326,0.107653418070333,26326,0.465814325052411
"303","20m",31667,0.0621493536747563,0.0607025548815727,0.017926548315695,31667,0.0190135731149202,31667,0.0493143273132191,31667,0.119132453800236,31667,0.502870340853888
"304","20m",31554,0.0637114425585002,0.0641665384173393,0.0163188628448023,31554,0.0200977447622733,31554,0.0514477024198645,31554,0.120118957395972,31554,0.507076538061788
"305","20m",28867,0.0579992625892687,0.0565643236041069,0.0165012660036048,28867,0.0193536600354049,28867,0.0470230779240592,28867,0.108157051306861,28867,0.468168377221582
"306","20m",23187,0.0496017498453783,0.0473321303725243,0.0133088077026653,23187,0.0171920924483131,23187,0.04067912892679,23187,0.09279440352895,23187,0.400751363005904
"307","20m",28862,0.0499078901564634,0.0495907664299011,0.0105345742110893,28862,0.0173463619988434,28862,0.0406161229594246,28862,0.0945272728664816,28862,0.40932037699726
"308","20m",27618,0.0497873655798043,0.0485334787517786,0.0124794510099191,27618,0.0185993599966707,27618,0.0406000828935794,27618,0.100699467427298,27618,0.465897635842706
"309","20m",28196,0.0579909088481405,0.0587277263402939,0.0141447146520387,28196,0.0187640028683503,28196,0.0459379421260064,28196,0.11551806079496,28196,0.505460198057694
"310","20m",30655,0.0571846605491977,0.0564663484692574,0.0150057178022921,30655,0.0236800343070546,30655,0.0478452196635,30655,0.11098075470183,30655,0.495685431312336
"311","20m",26976,0.0557223240139094,0.0545180905610323,0.0149065453774319,26976,0.0193361552493943,26976,0.0448004443293921,26976,0.109787802468564,26976,0.481005836789182
"312","20m",28932,0.0606701700074154,0.0575501676648855,0.019239412087339,28932,0.0196995916223191,28932,0.047875664505165,28932,0.118928028249334,28932,0.521365925574975
"313","20m",29470,0.0559846797617975,0.0556881837546825,0.0135469052259228,29470,0.0202333123226329,29470,0.0452689057872475,29470,0.110978589392653,29470,0.508568827511867
"314","20m",29387,0.0519063291847417,0.0513354986906052,0.0114420693168226,29387,0.0192317749155671,29387,0.041921785870881,29387,0.110028949212852,29387,0.50148215500417
"315","20m",31290,0.0557537577337338,0.0562909040600061,0.0119491032242775,31290,0.0206753964132686,31290,0.04495447380707,31290,0.113017877895864,31290,0.493864855980618
"316","20m",32620,0.0591124182578421,0.0585769079625607,0.0149592330878318,32620,0.0215085354679897,32620,0.0475204797648738,32620,0.118475768667353,32620,0.515347839153378
"317","20m",31152,0.0564184400556025,0.0554553475230932,0.0143043251195405,31152,0.0187446061657088,31152,0.0452783750017264,31152,0.111135734438992,31152,0.48409948987276
"318","20m",31804,0.0581018026643965,0.0579195227473974,0.0147905584961218,31804,0.0227068380265127,31804,0.0472809691676408,31804,0.114396858048977,31804,0.505250704189128
"319","20m",34130,0.0644221157781887,0.0664066225290298,0.0154713586977078,34130,0.0246561181914,34130,0.0523296977511874,34130,0.124704398984047,34130,0.541907791950257
"320","20m",31381,0.056028964287201,0.0559677258133888,0.013251464541457,31381,0.0212191449808267,31381,0.0454147612020982,31381,0.113429820266694,31381,0.517405098995629
"321","20m",28835,0.0580528472632413,0.0571853742003441,0.0156803245190068,28835,0.0208311055689708,28835,0.0467245994855598,28835,0.114359335839847,28835,0.510039884449348
"322","20m",31157,0.0570850200669763,0.0571078062057495,0.0131121149808669,31157,0.0205208882197715,31157,0.0461406828653462,31157,0.120265323285322,31157,0.551384029585194
"323","20m",31114,0.0566158730824292,0.055649396032095,0.0147474632111235,31114,0.0191123224639199,31114,0.0452904726357663,31114,0.11441219484417,31114,0.51393576180744
"324","20m",29835,0.0559698107855737,0.0546835884451866,0.0148561062541369,29835,0.0210828504810246,29835,0.0454584997124111,29835,0.114703652234406,29835,0.52061449692807
"4","20m",27805,0.0599461070181006,0.0581370070576668,0.0176139642540994,27805,0.0196636702400994,27805,0.0482463658496504,27805,0.111795828487451,27805,0.490053194383452
"400","20m",28126,0.0600777531167463,0.0590934064239264,0.0168200861555343,28126,0.0182497820771802,28126,0.0475233592449622,28126,0.110752128279524,28126,0.463871787277556
"401","20m",25498,0.0606859414371826,0.0586677119135857,0.0191373350412915,25498,0.0173385787022354,25498,0.048324419336177,25498,0.1072547620324,25498,0.448669731772943
"402","20m",28142,0.0671756659057853,0.0656356178224087,0.0219471324803303,28142,0.0196042786221425,28142,0.0534855032387184,28142,0.113342995306239,28142,0.453493885219459
"403","20m",31493,0.0611703762227398,0.0597635991871357,0.0170456474318623,31493,0.0184970549631252,31493,0.0486849531552609,31493,0.115782135720108,31493,0.48584201160541
"404","20m",35545,0.0742839234172229,0.0752912685275078,0.0175183495328553,35545,0.022093849465227,35545,0.0593318618509423,35545,0.137162204006359,35545,0.5555100010159
"405","20m",36367,0.0689380308885917,0.0694165676832199,0.0138085679697375,36367,0.0236276391198577,36367,0.0565253090445144,36367,0.128099908395373,36367,0.523241800033663
"406","20m",28814,0.0581008580188722,0.0579779129475355,0.0151666806152337,28814,0.0215061926327277,28814,0.0477538528699961,28814,0.108288502399651,28814,0.450617913537474
"407","20m",24215,0.0518112050437457,0.0495827794075012,0.0147193446232694,24215,0.0169397596525502,24215,0.0423570476230818,24215,0.0899592114489357,24215,0.359525569362439
"408","20m",25067,0.0531971450628607,0.0519106946885586,0.0142959931821516,25067,0.0197075096563125,25067,0.0438921546877091,25067,0.103580444644342,25067,0.467325753889443
"409","20m",26299,0.0548491497514202,0.0532871969044209,0.0149852450063974,26299,0.0202266198849657,26299,0.04483115376263,26299,0.106423853166336,26299,0.475939045016534
"410","20m",31402,0.0607034021355727,0.0596893057227135,0.0164742250034145,31402,0.0215851607564225,31402,0.0487978843933273,31402,0.118057612991304,31402,0.514833996584625
"411","20m",28256,0.0528423866823459,0.0509270112961531,0.0147359395960245,28256,0.0189731591747705,28256,0.0426170760708815,28256,0.110957792044123,28256,0.490358847241576
"412","20m",27508,0.0493113413437934,0.0478373467922211,0.0119990204219126,27508,0.0192208144588375,27508,0.0403726498599456,27508,0.105062377413344,27508,0.485652762903922
"413","20m",28511,0.0521481342361912,0.0512119978666306,0.0125578416119216,28511,0.020153928625892,28511,0.0424014055350968,28511,0.108790637050927,28511,0.510512087833797
"414","20m",30668,0.0567075757443292,0.05742665566504,0.0129544770980918,30668,0.021981889638632,30668,0.0462156272731977,30668,0.114578030892427,30668,0.515174697007597
"415","20m",31228,0.0535197291567715,0.0527398586273193,0.0126132284237107,31228,0.0206729832387073,31228,0.0436531390336514,31228,0.110863273485547,31228,0.501451059765269
"416","20m",31411,0.0570688964722847,0.0559668987989426,0.0147893326108151,31411,0.0189263594437705,31411,0.0458587419162782,31411,0.109855377425371,31411,0.477078230482821
"417","20m",31809,0.0591596770314761,0.0585243813693523,0.0151684248985023,31809,0.0204987802266529,31809,0.0472416605158085,31809,0.117473208983128,31809,0.506717316556348
"418","20m",28311,0.0568152052750655,0.0572288855910301,0.0134407468063289,28311,0.0211226210891813,28311,0.0455881647405381,28311,0.114350664998052,28311,0.503803273896086
"419","20m",25439,0.0572997723301196,0.0579589232802391,0.0140297418871858,25439,0.0212017131177409,25439,0.0462090343534202,25439,0.114501697585276,25439,0.492291725454322
"420","20m",32200,0.0604446436994079,0.0602111406624317,0.0138292315351805,32200,0.0234948915014962,32200,0.0493255384604033,32200,0.120517950192676,32200,0.529767050162025
"421","20m",35266,0.0673796637604352,0.0680455639958382,0.0150543440553133,35266,0.0242164364135045,35266,0.0544190828498486,35266,0.125982653929427,35266,0.523294149555719
"422","20m",33078,0.0570808044362835,0.0576967597007751,0.0121098346158287,33078,0.0213727807405853,33078,0.0466891985970242,33078,0.117175897491647,33078,0.529031898807004
"423","20m",30682,0.0568440071080135,0.0558122135698795,0.0145018416319765,30682,0.0211527683617011,30682,0.0459764294362435,30682,0.115145772644421,30682,0.520318936694451
"424","20m",26756,0.0532865600513136,0.0532789304852486,0.0125433626732501,26756,0.0196626828133009,26756,0.0431143908383979,26756,0.109332127740535,26756,0.49287521293612
"5","20m",28447,0.0605829530408172,0.0607099495828152,0.0159023483210068,28447,0.0195610127059694,28447,0.0490581066833358,28447,0.109420244060869,28447,0.459783763448274
"500","20m",25108,0.0524938977711462,0.0519169941544533,0.012908045125583,25108,0.0161996381708971,25108,0.0414835820406234,25108,0.103520189681858,25108,0.457378722112157
"501","20m",28680,0.0650583281728596,0.06094272993505,0.0226533938625323,28680,0.0182131117583447,28680,0.0510415142414416,28680,0.1122243526189,28680,0.454735170957383
"502","20m",31361,0.0652636134560051,0.0627692863345146,0.0212196321119385,31361,0.0175540576067899,31361,0.050412228472208,31361,0.11733525102896,31361,0.486539200883141
"503","20m",28894,0.0557699165483425,0.0548773948103189,0.0144432141159534,28894,0.017223410389644,28894,0.0439514408997305,28894,0.111271050498492,28894,0.478672660963898
"504","20m",30296,0.0604364188085009,0.0602923613041639,0.015612261940123,30296,0.0182687964675436,30296,0.0483183408738167,30296,0.116208654694219,30296,0.490228593080625
"505","20m",34062,0.0700391508543381,0.0700504444539547,0.01960117253235,34062,0.02317082943299,34062,0.0576989975921144,34062,0.122574526707841,34062,0.483629672776702
"506","20m",36851,0.0750574054456431,0.0744693130254745,0.0179657742008748,36851,0.0293760772758929,36851,0.0629115289693487,36851,0.125387735922577,36851,0.469200687944005
"507","20m",26546,0.0599317186672244,0.0580677557736635,0.0180580240134266,26546,0.0203419403462101,26546,0.0488555668812802,26546,0.10540699815991,26546,0.426149348857954
"508","20m",28915,0.0557611579685816,0.0545995905995369,0.0152936318225259,28915,0.0193081949125294,28915,0.0455866700589732,28915,0.101740726961871,28915,0.428429881063783
"509","20m",28879,0.0591501945452281,0.0584022514522076,0.0165297982728627,28879,0.0196466170224929,28879,0.0478948360403504,28879,0.112271949175612,28879,0.490253980673651
"510","20m",34392,0.0663320734326462,0.0673922896385193,0.0158207447145381,34392,0.0228938287246958,34392,0.0529345963366397,34392,0.123627574269457,34392,0.519824178884823
"511","20m",32244,0.0604393544754517,0.0613716300576925,0.0139769982455549,32244,0.0223000406980711,32244,0.0494101352789432,32244,0.117769897815914,32244,0.51039511436892
"512","20m",29211,0.0558216434507365,0.0552039183676243,0.0137691118712849,29211,0.0197316282152503,29211,0.045112944673116,29211,0.110881829532487,29211,0.481639112567539
"513","20m",31024,0.0555706673617321,0.0537448115646839,0.0145728316980676,31024,0.0198511647319304,31024,0.0449989474345175,31024,0.109622944471869,31024,0.488038207739102
"514","20m",33333,0.0638346986481525,0.0647112876176834,0.0145886326460933,33333,0.0268724734467981,33333,0.0531609462375435,33333,0.122305222376739,33333,0.530715166550304
"515","20m",35815,0.0646824233458601,0.064782053232193,0.0118640283837682,35815,0.0254986256976284,35815,0.0533424454107191,35815,0.129809537303655,35815,0.558292593559028
"516","20m",32448,0.0578110468857674,0.0585646405816078,0.0131743464755815,32448,0.0197122824731882,32448,0.0464810369031498,32448,0.116301236857468,32448,0.522655378495154
"517","20m",30394,0.056528626829425,0.0569255594164133,0.0130043552637533,30394,0.0196195058646631,30394,0.0452509347467481,30394,0.113560268143869,30394,0.516342165139051
"518","20m",29630,0.0551368171499412,0.0554623156785965,0.0122401215944464,29630,0.0196715602565657,29630,0.0440620859163537,29630,0.112942578465833,29630,0.514429675578382
"519","20m",27711,0.0598956639856102,0.0581340752542019,0.0179619696265162,27711,0.0208713701467533,27711,0.0479618369463051,27711,0.113492957619758,27711,0.470933802652784
"520","20m",31862,0.0583448827289025,0.0568549521267414,0.016481774743828,31862,0.0211492265125783,31862,0.0469650624636859,31862,0.113748994252277,31862,0.489134915274685
"521","20m",33707,0.0613997932412969,0.0621415935456753,0.014011257605212,33707,0.0231327856548323,33707,0.0496016059951108,33707,0.122782755134233,33707,0.523467844019572
"522","20m",35898,0.0644068590071825,0.0656089670956135,0.0128898360365347,35898,0.0251129059552489,35898,0.0524591754146827,35898,0.127527857523342,35898,0.547222186248428
"523","20m",32411,0.0563869313714627,0.0562580712139606,0.0130510380205408,32411,0.0217899153641746,32411,0.0456929710653379,32411,0.116670073971787,32411,0.527374480584723
"524","20m",27238,0.0519216101716735,0.0512646641582251,0.0126313635195242,27238,0.0195968097641987,27238,0.042050246818149,27238,0.103582881772602,27238,0.467225394143702
"6","20m",27997,0.0561458033788281,0.0542633458971977,0.0156844771911491,27997,0.0190072509463833,27997,0.0455367983082275,27997,0.106114791901566,27997,0.452610474859749
"600","20m",25802,0.0536028509452083,0.051344096660614,0.0148916454243731,25802,0.016039856935318,25802,0.0420864989731043,25802,0.104337483140187,25802,0.455178829342168
"601","20m",27483,0.0588437376408805,0.0568901747465134,0.0174893016183657,27483,0.0172581432946696,27483,0.045840833896969,27483,0.109311526829255,27483,0.461216861975907
"602","20m",29865,0.0558598856498588,0.0556790269911289,0.0140240196863483,29865,0.0170569723584436,29865,0.0441526539908652,29865,0.109268263780899,29865,0.479016661626648
"603","20m",29781,0.0530583540879002,0.0531211569905281,0.0119269980772154,29781,0.0194202139135558,29781,0.0428864852673288,29781,0.102814078105113,29781,0.44382445478363
"604","20m",24896,0.0600002223620841,0.0570975448936224,0.0183330280775899,24896,0.0191444319596062,24896,0.0476411997322321,24896,0.111524943988831,24896,0.46020997547532
"605","20m",33825,0.0667859810420036,0.0653667896986008,0.0192047255135091,33825,0.0227716593123612,33825,0.0546069108785259,33825,0.115400813244356,33825,0.461023755303085
"606","20m",32408,0.0745868898313874,0.0732480734586716,0.023679056507741,32408,0.0264928580189559,32408,0.0617976897209842,32408,0.123865165462848,32408,0.475562963823695
"607","20m",27518,0.0588357531979276,0.0548669882118702,0.0205254492297468,27518,0.0204775252485951,27518,0.0482564596520963,27518,0.107884031176754,27518,0.453274682593986
"608","20m",26995,0.0570174995253656,0.0555817373096943,0.0164514745660827,26995,0.017446247990476,26995,0.0460561415234877,26995,0.107304512948555,26995,0.476343807490674
"609","20m",27041,0.0584622329478235,0.058689258992672,0.0153225647164809,27041,0.0184778895438476,27041,0.0470132645430477,27041,0.112762712073059,27041,0.496670049358983
"610","20m",31962,0.0602603425102748,0.0604732483625412,0.0163914021971403,31962,0.0217170783508549,31962,0.0489987602904417,31962,0.112586770020798,31962,0.487840038881724
"611","20m",31396,0.0567250384455899,0.0572733040899038,0.0131371536157647,31396,0.018530579732865,31396,0.0456534626648355,31396,0.108613315298508,31396,0.477924729842521
"612","20m",28524,0.0564703660657442,0.0560850873589516,0.0140299986817123,28524,0.0194220806534682,28524,0.0457016018511425,28524,0.112363173954856,28524,0.487316274317291
"613","20m",27388,0.0517220176358934,0.0505942944437265,0.012820196099389,27388,0.0204302617673231,27388,0.0426869271491311,27388,0.104253156397124,27388,0.465089278894218
"614","20m",30209,0.0520553269203022,0.0505691729485989,0.0130303741574835,30209,0.0187273976850188,30209,0.0426384552244584,30209,0.102579206292544,30209,0.459553746074367
"615","20m",32547,0.055226355794354,0.0552189648151398,0.0115636343765733,32547,0.0220353812320883,32547,0.0456951022763017,32547,0.107943329131805,32547,0.478928986268986
"616","20m",34660,0.0630007359356148,0.0628982186317444,0.0146455694070878,34660,0.0228449411537791,34660,0.0514105180841256,34660,0.122493973756023,34660,0.52519474678484
"617","20m",29704,0.0539456229593475,0.0523564778268337,0.0144709711253445,29704,0.0184623475281904,29704,0.0433763637148943,29704,0.110689359214241,29704,0.506619181277312
"618","20m",30915,0.0550616771650921,0.0535241328179836,0.014540939455936,30915,0.0188578755980544,30915,0.0440363089832735,30915,0.112164513717124,30915,0.507016856105456
"619","20m",28239,0.0553078093477647,0.054531816393137,0.0138561521135298,28239,0.019001620842161,28239,0.0439839497826796,28239,0.111015293963484,28239,0.484977995532744
"620","20m",26531,0.0566748765855971,0.0554253272712231,0.0149921580128176,26531,0.021500202461476,26531,0.0456300584151238,26531,0.112754112165104,26531,0.490175842254863
"621","20m",32179,0.0575868589548019,0.058781486004591,0.0120009658726545,32179,0.022546846150162,32179,0.046810562089801,32179,0.117331197912052,32179,0.523370573818966
"622","20m",33221,0.0574035137881229,0.0577454715967178,0.0119157095620656,33221,0.0214003272864307,33221,0.0464112022774598,33221,0.118150294958988,33221,0.516251797986528
"623","20m",35399,0.0605256971577568,0.0614983476698399,0.0113262806795618,35399,0.0248050752699057,35399,0.0500136606637267,35399,0.122327435935881,35399,0.540996368269912
"624","20m",34103,0.0651979761688252,0.0670791193842888,0.0156430905741044,34103,0.0246444434082251,34103,0.0530687340537104,34103,0.1256086623962,34103,0.54074232971844
"7","20m",32500,0.061201604256779,0.0610619224607944,0.0155392295872709,32500,0.020586732172369,32500,0.049220094268898,32500,0.11590842165078,32500,0.493606528714343
"700","20m",23364,0.0544597958264806,0.0520752295851707,0.0163098045225069,23364,0.0168056872341141,23364,0.0429940551287537,23364,0.104531425724382,23364,0.450864723687231
"701","20m",27291,0.0534911901003765,0.0528094172477722,0.0132551855295699,27291,0.0165038762171567,27291,0.0421571818528629,27291,0.108338694759531,27291,0.483438394801473
"702","20m",28731,0.0527054677749122,0.0514509044587612,0.0133796687753706,28731,0.0165871827771994,28731,0.0417441362404151,28731,0.108329125384266,28731,0.497894193830232
"703","20m",26785,0.0569313440770912,0.0549294985830784,0.016069470773299,26785,0.0180515516287026,26785,0.0454449080088379,26785,0.106768241223843,26785,0.460841493290199
"704","20m",23027,0.0520255930207949,0.0493487939238548,0.0161372848143238,23027,0.0172607045764452,23027,0.0419844812285975,23027,0.0968492451605285,23027,0.410181493538061
"705","20m",26874,0.0580840048272003,0.0564442593604326,0.0174718572098597,26874,0.0182279957100027,26874,0.0468840249126857,26874,0.106904403493486,26874,0.457823921990365
"706","20m",30024,0.062708152039994,0.0614615865051746,0.0179931139873099,30024,0.0210014792584229,30024,0.050909161130385,30024,0.111354819144277,30024,0.450941622890502
"707","20m",26572,0.0542663594539051,0.0516390949487686,0.0164826293510493,26572,0.0163539711046422,26572,0.0437322874331721,26572,0.0988761825272333,26572,0.423931418028093
"708","20m",26837,0.0567814054189486,0.055805429816246,0.0161608050028386,26837,0.0170153583515312,26837,0.0448682975008386,26837,0.105399429790314,26837,0.460080111404976
"709","20m",26582,0.053082360408569,0.0520056337118149,0.0136072821147087,26582,0.0168429850606421,26582,0.0422980340649404,26582,0.106985452957342,26582,0.489370475091207
"710","20m",26998,0.051973065478184,0.0507975462824106,0.0130712278962366,26998,0.0169544892009121,26998,0.0418489034818801,26998,0.106248414048744,26998,0.4932342019736
"711","20m",30154,0.0562066645150535,0.0551355220377445,0.0148199451277428,30154,0.0166877954886704,30154,0.0446854973659429,30154,0.110945848463535,30154,0.494120924205543
"712","20m",24373,0.0694170535778178,0.0676839724183083,0.0229694796544653,24373,0.0231643749120252,24373,0.0553930075704194,24373,0.121751673938042,24373,0.462318156005201
"713","20m",28554,0.0578251901266193,0.0509113129228354,0.0236489803829372,28554,0.0202621406005282,28554,0.0466873065650322,28554,0.110306353694037,28554,0.459321396471736
"714","20m",24555,0.0427085803463263,0.0415597073733807,0.00809207269599064,24555,0.0178194316967528,24555,0.0358478138413093,24555,0.0799132256111957,24555,0.349077115684954
"715","20m",27082,0.0481364640883414,0.0464001633226871,0.0119526155272602,27082,0.0174739469073522,27082,0.0392919326584071,27082,0.0904619188849885,27082,0.390895230137255
"716","20m",31846,0.0558328479274584,0.0539013762027025,0.0148884029954926,31846,0.0209474288024841,31846,0.046147040041758,31846,0.10737989025954,31846,0.471117665473914
"717","20m",28459,0.053734719587742,0.0514143593609333,0.0159293341511442,28459,0.0186140665611479,28459,0.0434379859525598,28459,0.106990940805437,28459,0.482007360941832
"718","20m",27938,0.0511279984690877,0.0482361819595098,0.0147938924645031,27938,0.0183208212402107,27938,0.0412984679330315,27938,0.106888882349386,27938,0.50133151699732
"719","20m",29838,0.0538957712145443,0.0533173643052578,0.0127132096706136,29838,0.0175787001708104,29838,0.04295131355013,29838,0.110952605275071,29838,0.509656668791156
"720","20m",29830,0.058474777671382,0.058283407241106,0.0143831628888251,29830,0.0223859259203399,29830,0.0474603904121912,29830,0.117236192279199,29830,0.525616647076987
"721","20m",30089,0.0547287624686889,0.0544198080897331,0.0133414114540041,30089,0.0203226871595731,30089,0.0443650139380013,30089,0.111227698565681,30089,0.507840340140703
"722","20m",34737,0.060377721288747,0.0604739114642143,0.0149212384809238,34737,0.0225458374255645,34737,0.0489554930850214,34737,0.115172171307859,34737,0.500672991708411
"723","20m",32763,0.0632400647380765,0.063748374581337,0.0143965514397115,32763,0.0241609801090174,32763,0.0513078856663832,32763,0.122444363576606,32763,0.529738776303158
"724","20m",34915,0.0668131883046346,0.0682966858148575,0.0135184515888702,34915,0.0284869894479675,34915,0.0553095187636388,34915,0.130113446522618,34915,0.562810715928825
"8","20m",32924,0.059640011108951,0.0602198727428913,0.0133340943557523,32924,0.0218410044281384,32924,0.0485167365770862,32924,0.117166274982399,32924,0.505890171302729
"800","20m",23892,0.0620532233532934,0.0586755778640509,0.0231696799647913,23892,0.0202600597964505,23892,0.0490102400489804,23892,0.111396374089806,23892,0.440062419374541
"801","20m",24121,0.0593943906876387,0.0554816946387291,0.0222284131563981,24121,0.0198054386323412,24121,0.0473569316305283,24121,0.113121113276353,24121,0.470706098518806
"802","20m",22269,0.052779931191306,0.0488712601363659,0.0176950609454421,22269,0.0171166196131971,22269,0.0420504131600129,22269,0.104107968352466,22269,0.451195796606715
"803","20m",28961,0.0687288759301161,0.0672550797462463,0.0221849211156417,28961,0.02004878176281,28961,0.0540119520487737,28961,0.122256899458703,28961,0.488280718599133
"804","20m",32325,0.0677613183473397,0.0659272745251656,0.0227918458118872,32325,0.0222230986941356,32325,0.0539823780706159,32325,0.114108897996808,32325,0.444056286841694
"805","20m",28847,0.0585535419362631,0.0578005202114582,0.016279330248842,28847,0.0193606295339851,28847,0.0468589657126357,28847,0.105297677548702,28847,0.454900536822409
"806","20m",29849,0.062019580047066,0.0617945194244385,0.0176156261186644,29849,0.0179869481369059,29849,0.0484567813407299,29849,0.110182987800019,29849,0.44798413746843
"807","20m",32818,0.0627623223868481,0.0624950770288706,0.0176402214764353,32818,0.0192020080658961,32818,0.0496911433728354,32818,0.113981629573903,32818,0.475351348700804
"808","20m",28576,0.0538569407075829,0.0527513455599546,0.0143033787706386,28576,0.0177869724624552,28576,0.0429692716288565,28576,0.1007291024354,28576,0.430071566816426
"809","20m",30223,0.0528366332223813,0.0523179620504379,0.0132160023086155,30223,0.0165790509280711,30223,0.0418181264486722,30223,0.105257915377812,30223,0.480157801957388
"810","20m",27661,0.0494937208217806,0.0468948222696781,0.0138154152555893,27661,0.0163416599765933,27661,0.0398404421446479,27661,0.0974052002241377,27661,0.43937982170189
"811","20m",24888,0.0540681738011708,0.0528749451041222,0.0146257414163731,24888,0.0178307602459566,24888,0.0437085742592487,24888,0.102957501558348,24888,0.451015358503057
"812","20m",25823,0.0559627476643092,0.0490437112748623,0.0220135331621559,25823,0.020054465138974,25823,0.04543399241955,25823,0.0978347050459488,25823,0.380879764710136
"813","20m",28028,0.0468854651800609,0.0461249146610498,0.00985368119692619,28028,0.0146282216077026,28028,0.0377703038311505,28028,0.0952501691248016,28028,0.434776375564508
"814","20m",22979,0.0428413417656562,0.0408362187445164,0.00927193815149909,22979,0.0145787040685963,22979,0.0347908385589097,22979,0.0818687625752232,22979,0.359150033235243
"815","20m",24090,0.0442777266462236,0.0428388379514217,0.00927314722844676,24090,0.0164919560696036,24090,0.0365772012127972,24090,0.0807311643902859,24090,0.344301891566303
"816","20m",27742,0.0477624909690296,0.0471796672791243,0.0101754198199215,27742,0.0181170115092682,27742,0.0395458790785384,27742,0.0966906499899696,27742,0.432196616706738
"817","20m",22967,0.042093436970623,0.039547897875309,0.00961591851659712,22967,0.0148233960952875,22967,0.0342897268934475,22967,0.0791289806472084,22967,0.34500128833974
"818","20m",28390,0.0551822648939059,0.0547264404594898,0.0134220019257185,28390,0.0195719535254942,28390,0.0442560064908382,28390,0.106852907829693,28390,0.467148778263411
"819","20m",28134,0.0610541962979614,0.0572995766997337,0.0197909125635113,28134,0.0217028888937314,28134,0.0487843132450366,28134,0.12082845365175,28134,0.532164968996032
"820","20m",29570,0.0530145243480474,0.052271468564868,0.012704346861365,29570,0.0190792001077018,29570,0.0429439060788616,29570,0.111431248420316,29570,0.524428514018237
"821","20m",29194,0.0567570402964974,0.0566141624003649,0.0147058107187654,29194,0.0202961661796059,29194,0.0455649541136435,29194,0.114856480283267,29194,0.512805025947428
"822","20m",31742,0.059576564633043,0.0602482985705137,0.0143425761182716,31742,0.0224963208663783,31742,0.0482616130682156,31742,0.118855636595148,31742,0.535859120995882
"823","20m",32894,0.0605944882902344,0.0619115568697453,0.0127327680881065,32894,0.0248730143003216,32894,0.0497334652900757,32894,0.12096321074385,32894,0.546269814353607
"824","20m",33400,0.062296464458766,0.0622708704322577,0.0146312861205895,33400,0.0227713585089405,33400,0.0502508511242195,33400,0.118788223671839,33400,0.504532114102
"9","20m",35583,0.0598091451039791,0.0605465993285179,0.0111877229976878,35583,0.0226082657147574,35583,0.0492842571557701,35583,0.116994868790616,35583,0.495993051490462
"900","20m",18364,0.0528209951084064,0.0504755768924952,0.0153449589869545,18364,0.0171620100444784,18364,0.0420438927055304,18364,0.0973760712739096,18364,0.409462361690429
"901","20m",22989,0.052376350242575,0.0504487194120884,0.0147271967320212,22989,0.0155990879046296,22989,0.0415745424636783,22989,0.0973978707646095,22989,0.414703210591093
"902","20m",26928,0.0586232954680624,0.0570092834532261,0.017445400332791,26928,0.0161090877745797,26928,0.0455895576500662,26928,0.105105655590763,26928,0.446607778718287
"903","20m",25362,0.0592313060164922,0.0580547396093607,0.0177965650255948,25362,0.0164405227153951,25362,0.0464693390900539,25362,0.105092518426802,25362,0.44301347013523
"904","20m",30702,0.0658210822093571,0.066399272531271,0.0178689096451792,30702,0.0211559681436478,30702,0.0522316988840817,30702,0.113026356574585,30702,0.46030882046003
"905","20m",27021,0.0661711166364817,0.064321905374527,0.0228689087999051,27021,0.0211936550805905,27021,0.052035256371668,27021,0.113362393904234,27021,0.441311274038904
"906","20m",32176,0.0629378394428678,0.0633478909730911,0.0167820381552835,32176,0.0167426706556987,32176,0.0483379108259332,32176,0.112926845148805,32176,0.466963263403852
"907","20m",29655,0.0584461150346398,0.0574427470564842,0.0164743984326722,29655,0.0174833966050665,29655,0.045942493100211,29655,0.109726208878578,29655,0.473151881312017
"908","20m",29063,0.0599222804258799,0.0589519403874874,0.0169515083689954,29063,0.0196568257606594,29063,0.0477334567565592,29063,0.113996474258967,29063,0.49156152277544
"909","20m",28707,0.0580575659801156,0.0558142066001892,0.0164227297814122,28707,0.0184149806515718,28707,0.0466035801881614,28707,0.108028593676894,28707,0.465752592976815
"910","20m",29396,0.0618675220051215,0.0615026820451021,0.0165305272300562,29396,0.0186469694469701,29396,0.0492273996231382,29396,0.112796896458727,29396,0.466161550475809
"911","20m",31602,0.0677588608716046,0.0662050023674965,0.0214407818493502,31602,0.0202541128692371,31602,0.0542602357437716,31602,0.115173320673984,31602,0.466860014751381
"912","20m",29618,0.0585154642453669,0.0589497145265341,0.0158593827985429,29618,0.0206244762105366,29618,0.0478367004656473,29618,0.105208590236387,29618,0.434866176754153
"913","20m",18955,0.0498259033648132,0.0484524071216583,0.0128161971776036,18955,0.0152779824841666,18955,0.040550171560514,18955,0.0959411534587776,18955,0.422261394136741
"914","20m",24027,0.0447659422861516,0.0427802614867687,0.0106891400005965,24027,0.0151941324762274,24027,0.0366485991871199,24027,0.0839297102617091,24027,0.363776042051906
"915","20m",26333,0.0446831711761715,0.0436344556510448,0.00916406406938751,26333,0.0163249911300333,26333,0.0369688490031272,26333,0.0835145811926971,26333,0.361256615997492
"916","20m",21808,0.0450551673704697,0.0418792683631182,0.0116889316064825,21808,0.0147135950051251,21808,0.0360426013857135,21808,0.0889891503460303,21808,0.389468362124463
"917","20m",17861,0.0405810934640949,0.0393126346170902,0.00726737670005769,17861,0.0146353396939866,17861,0.033452782771254,17861,0.0752671954090168,17861,0.320839014040658
"918","20m",19833,0.047376868307199,0.0446424074470997,0.012791404949244,19833,0.0184843204506778,19833,0.0388522737583589,19833,0.0897818234759258,19833,0.372537720115655
"919","20m",29383,0.0569455126550282,0.0538013353943825,0.017262061058646,29383,0.019162888821767,29383,0.0456806480192158,29383,0.107706123575429,29383,0.461459122919155
"920","20m",24921,0.0462788400450978,0.0453987121582031,0.00953369181436449,24921,0.0178326115864344,24921,0.0383963373964898,24921,0.0960607666210744,24921,0.458355089065333
"921","20m",30232,0.0505296521376277,0.0494279712438583,0.0117153654337548,30232,0.018308831234297,30232,0.0409150822952843,30232,0.105099373090348,30232,0.494628092828772
"922","20m",29921,0.0525335887629585,0.0520819649100304,0.0123090230012237,29921,0.0189953711924967,29921,0.0423368491283522,29921,0.111340475638271,29921,0.513671922859884
"923","20m",28945,0.0599461050723749,0.0590565279126167,0.0170583290669399,28945,0.0226890457753654,28945,0.0482090934826591,28945,0.116981236052341,28945,0.514682601479226
"924","20m",29027,0.0556145579226139,0.0535658858716488,0.0151529609476137,29027,0.0198106033013778,29027,0.0442420353194274,29027,0.113739866591307,29027,0.499591670012459
"sub50_1","50m",175140,0.0633098933220835,0.0631389282643795,0.0177066293734545,175140,0.0205174558973933,175140,0.0511379891740679,175140,0.116553112175866,175140,0.491654734775832
"sub50_10","50m",190670,0.0642580421288126,0.0631056539714336,0.0186736097415736,190670,0.0194182872022683,190670,0.0512920123739225,190670,0.119046834287759,190670,0.495977262428506
"sub50_11","50m",176363,0.0565702755818221,0.0550077371299267,0.0157888969280546,176363,0.0179897474641107,176363,0.0449721569888044,176363,0.10945481501054,176363,0.4698650922398
"sub50_12","50m",169495,0.0628174184810859,0.060763169080019,0.0205677293803091,169495,0.0191660066980177,169495,0.0497145547410014,169495,0.110755171577476,169495,0.453282010489963
"sub50_13","50m",203330,0.0610711302845056,0.0604802034795284,0.0154782915736189,203330,0.0217658712442538,203330,0.0496424094744343,203330,0.111449952144359,203330,0.462730595234497
"sub50_14","50m",178478,0.0532782146189788,0.0524226613342762,0.0131170031789267,178478,0.017584789807436,178478,0.0423672697926411,178478,0.102237714532268,178478,0.440961838309866
"sub50_15","50m",172782,0.0528729080833284,0.052112054079771,0.0129800392603643,172782,0.0188481561748713,172782,0.042594527811502,172782,0.102402776317556,172782,0.451661831359828
"sub50_16","50m",157562,0.0518424059676524,0.0502538122236729,0.0137222130441307,157562,0.0182582681703554,157562,0.0417375792228971,157562,0.100412441395385,157562,0.451573754104212
"sub50_17","50m",170415,0.0580292573771575,0.0566644631326199,0.0165611925693496,170415,0.0196105941346735,170415,0.0471361982042267,170415,0.10457037797712,170415,0.436027740800394
"sub50_18","50m",175121,0.0567629610596671,0.0554213188588619,0.0159340363481014,175121,0.0196764221420271,175121,0.0464101266766236,175121,0.10529141806175,175121,0.443878793648057
"sub50_19","50m",200918,0.0691618181693491,0.0686573535203934,0.0205385069713276,200918,0.0240461825545397,200918,0.0569064660390622,200918,0.119340751073926,200918,0.470032370198474
"sub50_2","50m",164543,0.057230223336951,0.0555707961320877,0.016455555099882,164543,0.0175513539580161,164543,0.045604599748589,164543,0.107505627439088,164543,0.458631865873747
"sub50_20","50m",181089,0.0612253743006924,0.0603433437645435,0.0182408516052688,181089,0.0186577126108705,181089,0.0482941331217077,181089,0.108959915348968,181089,0.450133086000757
"sub50_21","50m",185088,0.0593010014316172,0.0583449006080627,0.0161262322680401,185088,0.0194052615924405,185088,0.0472102076372184,185088,0.111135785118654,185088,0.466981899183688
"sub50_22","50m",159220,0.0519423657946355,0.0507120303809643,0.0134189232001013,159220,0.0180393873218148,159220,0.0419359136417531,159220,0.100207098621496,159220,0.434595032609923
"sub50_23","50m",173628,0.0534992593600703,0.0525537822395563,0.0134013900320791,173628,0.0185761472897326,173628,0.0430373011960051,173628,0.104011935395747,173628,0.452578031479764
"sub50_24","50m",166816,0.0543398884460677,0.0527921970933676,0.0148043084418521,166816,0.018514282723141,166816,0.0434999342853293,166816,0.103194954126681,166816,0.447935331044926
"sub50_25","50m",200712,0.0590263141653688,0.0593805983662605,0.0139642988711031,200712,0.0215015246953026,200712,0.0480145274000114,200712,0.11531866771118,200712,0.497013553506493
"sub50_26","50m",168753,0.0542007656367572,0.0528490394353867,0.0146589112867943,168753,0.0189434087610052,168753,0.0438904302844125,168753,0.105922271940094,168753,0.469136684139434
"sub50_27","50m",167394,0.05613698668863,0.054947342723608,0.0155583613054227,167394,0.0182370570271481,167394,0.0453820309326259,167394,0.106522461572106,167394,0.466637094390096
"sub50_28","50m",178528,0.0562641976858733,0.0548952184617519,0.0157181613780938,178528,0.0178004330140326,178528,0.0447643919071553,178528,0.106747972431533,178528,0.465263264176098
"sub50_29","50m",172241,0.0616128435042361,0.0599440112709999,0.0185796111227864,172241,0.0197647657974109,172241,0.0492337937570334,172241,0.108446413859798,172241,0.441173554043156
"sub50_3","50m",170209,0.0580006975713682,0.0554175265133381,0.0177054772176749,170209,0.0171455386564037,170209,0.0455163914900979,170209,0.10904687778251,170209,0.466064980076101
"sub50_30","50m",160607,0.0544666167270641,0.05341886729002,0.0146173942176989,160607,0.0184892334946055,160607,0.0437289422319519,160607,0.10438639333822,160607,0.452455762990263
"sub50_31","50m",187329,0.0614694234001295,0.0604069568216801,0.0171696738457308,187329,0.0222594139082467,187329,0.0497115538626267,187329,0.113530146900612,187329,0.478047768101466
"sub50_32","50m",162092,0.0530676781157585,0.0517248585820198,0.0139363469195759,162092,0.0182383003323198,162092,0.0424642217511245,162092,0.101878238944259,162092,0.441134986746497
"sub50_33","50m",178883,0.0564069374473839,0.0539449974894524,0.0165266710996661,178883,0.0211014849966528,178883,0.0459149480058204,178883,0.111788305624827,178883,0.480801104415164
"sub50_34","50m",182142,0.0554154043060686,0.0534217655658722,0.015770145212086,182142,0.0203154274215238,182142,0.0449848362936273,182142,0.111604823923028,182142,0.497908740209574
"sub50_35","50m",193953,0.0596722374740587,0.0593053959310055,0.0158024837097833,193953,0.0203210668579429,193953,0.0480476668837586,193953,0.114877135151678,193953,0.498404817441251
"sub50_36","50m",174203,0.0584650177040352,0.0562285184860229,0.0182277570212328,174203,0.018478675362163,174203,0.0469038707558244,174203,0.107782167605861,174203,0.458190215552428
"sub50_37","50m",188112,0.0551926006012053,0.0536480043083429,0.0147871800868879,188112,0.0184995310421649,188112,0.0444837637927341,188112,0.105858653221044,188112,0.457231263082338
"sub50_38","50m",172053,0.0545629800529424,0.0530561283230782,0.0148124959007388,172053,0.0175394313418612,172053,0.0435561543596161,172053,0.10362179586948,172053,0.444961014448442
"sub50_39","50m",201042,0.0654270718186269,0.0659165866672993,0.0169217332423692,201042,0.0221812054219083,201042,0.0525856541571895,201042,0.117127745967919,201042,0.474219907173491
"sub50_4","50m",144375,0.0555595748581282,0.0527449548244476,0.0182893140034189,144375,0.0175527930378276,144375,0.0439854850395544,144375,0.105063084006627,144375,0.445858327367445
"sub50_40","50m",171408,0.0569489468171823,0.0558655858039856,0.0151277627410659,171408,0.0196649377346396,171408,0.0458155577892505,171408,0.106770586865662,171408,0.451924906387746
"sub50_41","50m",183905,0.0555331596196818,0.0555100478231907,0.012725075062903,183905,0.0195545471620873,183905,0.044335803885263,183905,0.111727881329601,183905,0.484016892147935
"sub50_42","50m",177583,0.0538202879765349,0.0535194166004658,0.012666843562219,177583,0.0199612155758773,177583,0.0435034277101594,177583,0.110232078016949,177583,0.500795557102635
"sub50_43","50m",180378,0.0552085298372871,0.05299280770123,0.0159875721899199,180378,0.0208049389676224,180378,0.0452373671757145,180378,0.107384691033458,180378,0.469525763720813
"sub50_44","50m",152090,0.0499487086805389,0.0466230288147926,0.0159510373333329,152090,0.0174669320527461,152090,0.0407595057232932,152090,0.0943530121169178,152090,0.40177614041684
"sub50_45","50m",196375,0.0649116912229683,0.06394362449646,0.0178324447627854,196375,0.0235309271184536,196375,0.0532644178374428,196375,0.114109777480835,196375,0.458782623612522
"sub50_46","50m",178822,0.0574245819775768,0.0566444043070078,0.0152666366554987,178822,0.0193713279215497,178822,0.0467803152785885,178822,0.107525524388328,178822,0.462884062329998
"sub50_47","50m",180256,0.0575557237416467,0.055217657238245,0.0171239633053502,180256,0.0186470479874166,180256,0.046097463476893,180256,0.108068530030755,180256,0.460387303709679
"sub50_48","50m",141246,0.0527320237093484,0.0503188651055098,0.0152048139682916,141246,0.0176248519245612,141246,0.0423403893348253,141246,0.102772364410973,141246,0.454178311267676
"sub50_49","50m",206958,0.0588300092994457,0.0573676377534866,0.0153648504178405,206958,0.0215579486030884,206958,0.0475279503044691,206958,0.115762145040096,206958,0.497620289665818
"sub50_5","50m",176981,0.0571219587128454,0.0557350888848305,0.0157998535835963,176981,0.0193768065449804,176981,0.0456258274877595,176981,0.107940442517237,176981,0.466057087773741
"sub50_50","50m",192715,0.0559012773353831,0.0554100871086121,0.0135891252926323,192715,0.0202758590672497,192715,0.0451321037659908,192715,0.1122561255187,192715,0.493048510460426
"sub50_51","50m",200631,0.0591376396223568,0.059249073266983,0.0144423800117549,200631,0.021720690704307,200631,0.0482064182153818,200631,0.116619708081495,200631,0.510679271379872
"sub50_52","50m",148734,0.0454220782759864,0.0436012893915176,0.01062521342748,148734,0.0164680979303176,148734,0.0373174511920673,148734,0.0872706696908407,148734,0.382558504597048
"sub50_53","50m",73073,0.0434447431451348,0.0400828011333942,0.0122070760239642,73073,0.0152013521524419,73073,0.0356190838786479,73073,0.0816665210599491,73073,0.353176595374907
"sub50_54","50m",156070,0.0634663447003592,0.0634384006261826,0.0161625678877404,156070,0.0228646145591237,156070,0.0523454934628917,156070,0.112999157115689,156070,0.475958961967301
"sub50_55","50m",175675,0.0552665103939302,0.0540613196790218,0.0139900979475032,175675,0.018335343297731,175675,0.044929740868264,175675,0.106902220132832,175675,0.472277389133576
"sub50_56","50m",145500,0.055149254016591,0.0541065651923418,0.0149630805883992,145500,0.0171554914472618,145500,0.0438777588586431,145500,0.103845096754275,145500,0.446190777405528
"sub50_57","50m",194198,0.0591765975226634,0.0589880868792534,0.0145886640912706,194198,0.0225121684963622,194198,0.0481345869110116,194198,0.119152782432171,194198,0.533946575630427
"sub50_58","50m",189724,0.059297667293226,0.058986796066165,0.0151448369036562,189724,0.0220206257218183,189724,0.0478847163673363,189724,0.117186191814714,189724,0.513108130141859
"sub50_59","50m",182287,0.0552736293502575,0.0542403608560562,0.0143970919724595,182287,0.0193043169262132,182287,0.0443006289350445,182287,0.111799574606581,182287,0.501742959864694
"sub50_6","50m",154062,0.0535293849261108,0.052147289738059,0.0144010311025451,154062,0.0186633458352006,154062,0.042979940665981,154062,0.0999746382331816,154062,0.43402653823282
"sub50_60","50m",164492,0.0530675934755088,0.0501902271062136,0.0158462794379292,164492,0.0186671040773065,164492,0.0427294452600465,164492,0.103088860210799,164492,0.451925322436168
"sub50_61","50m",121379,0.0457815461867315,0.0436495020985603,0.0111671855274853,121379,0.0164605246623615,121379,0.0370021748866989,121379,0.0890428189843724,121379,0.386047231409723
"sub50_62","50m",48957,0.0626913663046285,0.0621240250766277,0.0204582019494766,48957,0.0238714621900873,48957,0.0519391248218674,48957,0.105505771112953,48957,0.406081606533777
"sub50_63","50m",184856,0.059959797485575,0.059355216100812,0.0138435514420901,184856,0.0200721737922203,184856,0.0488445974648955,184856,0.114287171924117,184856,0.499858112227016
"sub50_64","50m",159846,0.0508249546856883,0.0487817358225584,0.013421580469344,159846,0.0169935229603439,159846,0.041122814729398,159846,0.0979911224113168,159846,0.435927373534276
"sub50_65","50m",190561,0.0581455994473643,0.0574629455804825,0.0150938251557473,190561,0.0211559157036659,190561,0.0466327830458386,190561,0.11915615460364,190561,0.538590393552696
"sub50_66","50m",194951,0.0591152825190023,0.0589631125330925,0.0145760449344603,194951,0.0219712255536042,194951,0.0478745951620033,194951,0.118537817643061,194951,0.5279320821402
"sub50_67","50m",194915,0.0583725321808969,0.0584564283490181,0.0141686593904843,194915,0.0220450229044198,194915,0.0471837465073443,194915,0.116791378229121,194915,0.509677087464577
"sub50_68","50m",180561,0.0534319787935282,0.0523080751299858,0.0135721204930351,180561,0.0196202484541812,180561,0.0433352835021978,180561,0.109754073090922,180561,0.505350622548422
"sub50_69","50m",150307,0.0514064354407605,0.0510201528668404,0.0118723366267441,150307,0.0194850816843125,150307,0.0419178838274955,150307,0.108072352629447,150307,0.516401655625056
"sub50_7","50m",186194,0.0613654448513635,0.0608162991702557,0.0173496739408343,186194,0.021877443291283,186194,0.0492662365440114,186194,0.112467493799451,186194,0.486262046329373
"sub50_70","50m",24627,0.0571388665326679,0.0548450462520123,0.0166504229020378,24627,0.018899907230463,24627,0.0455120866560734,24627,0.112726495608292,24627,0.511802033798016
"sub50_71","50m",61012,0.0575709663743225,0.0569675378501415,0.0111699276400726,61012,0.0176516042350745,61012,0.0466536227133049,61012,0.108536677726195,61012,0.487511974815548
"sub50_72","50m",185114,0.0556313766789153,0.0551231019198895,0.0124142665469443,185114,0.0208736728059553,185114,0.0458348902168028,185114,0.10194869088018,185114,0.426795497956525
"sub50_73","50m",165703,0.0537601386525825,0.0528183244168758,0.0139603454850744,165703,0.0199841709267258,165703,0.0433294096583377,165703,0.112201757402453,165703,0.511618959324294
"sub50_74","50m",185454,0.0557370130558445,0.054956404492259,0.0141374683022471,185454,0.0205526756522582,185454,0.0451351313140422,185454,0.114502325438352,185454,0.519240882630848
"sub50_75","50m",206301,0.0604600808829889,0.0611378885805607,0.0139922871251178,206301,0.0237372822765012,206301,0.0493942681290693,206301,0.120411420492269,206301,0.528681329670204
"sub50_76","50m",196683,0.0606940884274959,0.0608438849449158,0.0150565734532351,196683,0.0230937299328285,196683,0.049126297833811,196683,0.119245307324182,196683,0.524583967515504
"sub50_77","50m",182980,0.0572942414931368,0.0562004316598177,0.0153301373755309,182980,0.0195725390090597,182980,0.0458552571180001,182980,0.113493103746418,182980,0.508024302862875
"sub50_78","50m",128427,0.0518506583354247,0.05099156498909,0.0124944834593079,128427,0.0191512139663872,128427,0.0422082108378359,128427,0.105880413660638,128427,0.495518301864224
"sub50_79","50m",849,0.0635415382542866,0.0648471489548683,0.00952806281808172,849,0.0184227968973825,849,0.0511795174214978,849,0.103031931505926,849,0.411842016793077
"sub50_8","50m",187893,0.0606753360281506,0.0597540475428104,0.0169923302855355,187893,0.021257928653188,187893,0.0484940882928301,187893,0.112368334674937,187893,0.491426218290826
"sub50_80","50m",19089,0.054401151506011,0.0543488003313541,0.00823402954299112,19089,0.0174762020768062,19089,0.0442934398874492,19089,0.0937134829567011,19089,0.394216191382109
"sub50_9","50m",167680,0.0589942839284355,0.0572353042662144,0.0176716011731164,167680,0.0183658590762882,167680,0.0473282164239914,167680,0.108161742090735,167680,0.466138370160228
