quad_id,n_pixels,n_pairs,method,spectral_entropy,exact_entropy,boot_mean,boot_sd,boot_cv,boot_median,boot_min,boot_max,scale,boot_se,valid_entropy,boot_range,outlier_reps
0_a,4447,9885681,bootstrap_mean,3.02560440689825,NA,3.02560440689825,0.113606797214914,0.0375484636907242,3.04484195681446,2.36733157308543,3.0626667319257,10 m,0.013578609424611612,TRUE,0.6953351588402703,5
0_b,3350,5609575,bootstrap_mean,2.9493690301664,NA,2.9493690301664,0.00703979803226579,0.00238688274009191,2.9492768765307,2.92738688873948,2.96391946128823,10 m,8.41416801210004e-4,TRUE,0.036532572548749975,1
0_c,6145,18877440,bootstrap_mean,2.87333740952765,NA,2.87333740952765,0.00736203277839273,0.0025621887474757,2.87143025087522,2.85755413133249,2.89565871088406,10 m,8.799312199592565e-4,TRUE,0.038104579551569984,1
0_d,7842,30744561,bootstrap_mean,2.86599322516298,NA,2.86599322516298,0.0103257935436796,0.00360286739445884,2.86627893641695,2.83795777457413,2.88722366825428,10 m,0.0012341683857486228,TRUE,0.04926589368015,0
1_a,9428,44438878,bootstrap_mean,2.72941276815474,NA,2.72941276815474,0.0123812707021637,0.00453623975333503,2.7297557076887,2.69660384615601,2.75667745964485,10 m,0.0014798448963139791,TRUE,0.060073613488840216,0
1_b,9385,44034420,bootstrap_mean,2.77564472288952,NA,2.77564472288952,0.0815946451820419,0.0293966459428928,2.76578744677754,2.74372329361029,3.44225521136272,10 m,0.009752425429006522,TRUE,0.6985319177524301,2
1_c,4712,11099116,bootstrap_mean,2.81737734954891,NA,2.81737734954891,0.115143105422075,0.0408688972531531,2.79874232577295,2.78476251703526,3.48960860827774,10 m,0.013762233376807017,TRUE,0.7048460912424801,3
1_d,7184,25801336,bootstrap_mean,2.74143484971684,NA,2.74143484971684,0.0101619128305846,0.00370678618593989,2.74206490382925,2.72173463151829,2.76081529650954,10 m,0.0012145808940676962,TRUE,0.03908066499124985,0
10_a,9159,41939061,bootstrap_mean,2.81255312163456,NA,2.81255312163456,0.0101261433370882,0.00360033851776752,2.81200723454911,2.79070184885151,2.84037757373131,10 m,0.0012103056218708665,TRUE,0.04967572487980032,1
10_b,7511,28203805,bootstrap_mean,2.89471004861514,NA,2.89471004861514,0.138329681483175,0.0477870595534615,2.92420357305461,2.24144941217482,2.95595798352028,10 m,0.01653355928288049,TRUE,0.7145085713454602,3
10_c,7047,24826581,bootstrap_mean,2.80667211175505,NA,2.80667211175505,0.0091248127473781,0.0032511146240279,2.80564523766799,2.78564305602324,2.8320612813696,10 m,0.0010906237250485474,TRUE,0.046418225346359865,3
10_d,7086,25102155,bootstrap_mean,2.79935898522427,NA,2.79935898522427,0.0100531402586438,0.00359122938919477,2.79952134918962,2.77586414105926,2.8306193098028,10 m,0.0012015800850782435,TRUE,0.054755168743539695,1
100_a,7809,30486336,bootstrap_mean,2.86670711222497,NA,2.86670711222497,0.267898109431075,0.0934515103718246,2.7428109338243,2.71713029328375,3.44525843681355,10 m,0.0320199484778617,TRUE,0.7281281435297999,13
100_b,7035,24742095,bootstrap_mean,2.80547975441096,NA,2.80547975441096,0.00927687330467943,0.0033066976477352,2.80517811208926,2.77910073918822,2.82117366211249,10 m,0.0011087984378923357,TRUE,0.042072922924270006,2
100_c,8911,39698505,bootstrap_mean,2.7119673023501,NA,2.7119673023501,0.010159943608257,0.00374633705924579,2.71116244561087,2.6899229381875,2.73712157769369,10 m,0.0012143455269812875,TRUE,0.047198639506190077,0
100_d,7619,29020771,bootstrap_mean,2.87140268822607,NA,2.87140268822607,0.010946261884586,0.00381216536763378,2.87174498464416,2.8497722564922,2.89604773210521,10 m,0.0013083285369723805,TRUE,0.04627547561300993,0
1000_a,7586,28769905,bootstrap_mean,2.75452741927128,NA,2.75452741927128,0.113854329235838,0.0413335254676673,2.73477589252727,2.71635120336618,3.41397554917035,10 m,0.013608195159925085,TRUE,0.69762434580417,2
1000_b,8134,33076911,bootstrap_mean,2.81547794935047,NA,2.81547794935047,0.00998494200454869,0.00354644653027817,2.8159696780854,2.78645058136402,2.83686522256179,10 m,0.0011934288346381304,TRUE,0.05041464119776995,1
1000_c,7126,25386375,bootstrap_mean,2.88646562090943,NA,2.88646562090943,0.00834199886036717,0.0028900392230339,2.88606942084228,2.86534759288329,2.90437546373568,10 m,9.97059569694575e-4,TRUE,0.03902787085239012,1
1000_d,7424,27554176,bootstrap_mean,2.83119656767579,NA,2.83119656767579,0.11621778391248,0.0410489985892739,2.81193302305423,2.79533393659301,3.50468377063018,10 m,0.013890682024563854,TRUE,0.70934983403717,2
1001_a,6928,23995128,bootstrap_mean,2.79682679332404,NA,2.79682679332404,0.0104675821029022,0.00374266369583133,2.79527802576206,2.76639153620766,2.8249934205551,10 m,0.0012511153599945384,TRUE,0.05860188434744007,2
1001_b,7555,28535235,bootstrap_mean,2.87798981203083,NA,2.87798981203083,0.00983045271907761,0.00341573576041981,2.87735602716019,2.86096565033404,2.90857196659839,10 m,0.001174963833255064,TRUE,0.04760631626434986,1
1001_c,8660,37493470,bootstrap_mean,2.91120599007606,NA,2.91120599007606,0.0113424461590152,0.00389613314814556,2.91018752436052,2.88757417243793,2.93406645919422,10 m,0.001355681614908997,TRUE,0.046492286756290024,0
1001_d,8740,38189430,bootstrap_mean,2.85367248172176,NA,2.85367248172176,0.0102462456696373,0.00359054717570647,2.85274731279189,2.82721286632701,2.87279449092711,10 m,0.0012246605962619142,TRUE,0.04558162460009996,0
1002_a,9024,40711776,bootstrap_mean,2.77518747844706,NA,2.77518747844706,0.0832363061897824,0.0299930389698788,2.76665618153166,2.73949701671123,3.45568922751764,10 m,0.00994864144933454,TRUE,0.71619221080641,1
1002_b,8827,38953551,bootstrap_mean,2.75123454046596,NA,2.75123454046596,0.0112061924981955,0.00407315055600369,2.75061532009661,2.72629824845589,2.77512829274483,10 m,0.0013393961875551722,TRUE,0.04883004428894022,0
1002_c,7501,28128750,bootstrap_mean,2.95626842070185,NA,2.95626842070185,0.162933939960066,0.0551147314022939,2.9953920538012,2.29133529652417,3.0245890440373,10 m,0.01947433064718433,TRUE,0.73325374751313,4
1002_d,8618,37130653,bootstrap_mean,2.86247437923713,NA,2.86247437923713,0.0114827701112247,0.00401148397851685,2.86220668029722,2.83886571121284,2.88804224667603,10 m,0.0013724535351345639,TRUE,0.0491765354631899,0
1003_a,9162,41966541,bootstrap_mean,2.86382297942568,NA,2.86382297942568,0.010233308452129,0.00357330342191096,2.86388682607838,2.84238230810968,2.88468555853625,10 m,0.001223114303012804,TRUE,0.04230325042656968,0
1003_b,8560,36632520,bootstrap_mean,2.80129208964044,NA,2.80129208964044,0.0819755530542893,0.0292634792913763,2.79107584109195,2.76994486042733,3.47350897185714,10 m,0.009797952627649601,TRUE,0.7035641114298099,1
1003_c,7175,25736725,bootstrap_mean,2.83243877999138,NA,2.83243877999138,0.0084925037397995291,0.00299830089878425,2.83120172937885,2.81594408912488,2.84930126060711,10 m,0.001015048343468773,TRUE,0.033357171482230275,0
1003_d,9306,43296165,bootstrap_mean,2.85110823143384,NA,2.85110823143384,0.0101882989530643,0.00357345218983166,2.85159688666393,2.82655353789349,2.87513059082694,10 m,0.0012177346389154102,TRUE,0.04857705293344994,1
1004_a,9158,41929903,bootstrap_mean,2.83609365992005,NA,2.83609365992005,0.00772015587040438,0.00272210892732717,2.83592593164017,2.81978670295551,2.8554448058766,10 m,9.227351164828182e-4,TRUE,0.03565810292109006,0
1004_b,5435,14766895,bootstrap_mean,2.87904644764019,NA,2.87904644764019,0.00708329991183749,0.00246029372594642,2.87971225909167,2.86231722938852,2.89302767544951,10 m,8.466162703123956e-4,TRUE,0.030710446060989938,0
1004_c,6893,23753278,bootstrap_mean,2.83064045208284,NA,2.83064045208284,0.0101457895606866,0.00358427350009115,2.83104106361077,2.80500592101366,2.84873267021229,10 m,0.0012126537947218853,TRUE,0.04372674919863018,0
1004_d,8100,32800950,bootstrap_mean,2.92555255802296,NA,2.92555255802296,0.00883389303326901,0.00301956394837043,2.92562652353869,2.90350909548622,2.9447111469004,10 m,0.0010558521685162907,TRUE,0.04120205141418021,0
1005_a,7610,28952245,bootstrap_mean,2.86824792793487,NA,2.86824792793487,0.0107961212911732,0.00376401258274294,2.86906882886115,2.83885620761889,2.89214999537916,10 m,0.0012903833037054382,TRUE,0.05329378776026994,1
1005_b,8322,34623681,bootstrap_mean,2.80576929663546,NA,2.80576929663546,0.177224536393947,0.0631643295143566,2.75783298639433,2.73304576958245,3.44862299931714,10 m,0.02118238361740699,TRUE,0.7155772297346901,5
1005_c,7573,28671378,bootstrap_mean,2.80125202964313,NA,2.80125202964313,0.0088875605031407,0.00317271006289032,2.80090369748776,2.77499792665212,2.82301021772545,10 m,0.0010622666580544142,TRUE,0.04801229107333027,1
1005_d,7128,25400628,bootstrap_mean,2.79762078925154,NA,2.79762078925154,0.19031900283033,0.0680288778098647,2.7405679364392,2.71932428038131,3.43692931563054,10 m,0.022747471708280384,TRUE,0.71760503524923,6
1006_a,7391,27309745,bootstrap_mean,2.78235337390387,NA,2.78235337390387,0.0098404029032966,0.00353671930948502,2.78229469452211,2.7611533779932,2.80197265611825,10 m,0.0011761531077397326,TRUE,0.04081927812505004,0
1006_b,8041,32324820,bootstrap_mean,2.75357890806725,NA,2.75357890806725,0.0105964100967363,0.00384823186497094,2.75302127108866,2.72796386459227,2.77878245791659,10 m,0.0012665132503859055,TRUE,0.05081859332431993,0
1006_c,8559,36623961,bootstrap_mean,2.77484299257359,NA,2.77484299257359,0.0085982972249179,0.00309866080636988,2.77412113256809,2.75358038633036,2.79468833721361,10 m,0.0010276930834782398,TRUE,0.041107950883250144,0
1006_d,8257,34084896,bootstrap_mean,2.81384456610537,NA,2.81384456610537,0.00894607373560173,0.00317930629266561,2.81295837624349,2.79585841521385,2.8370975264039,10 m,0.0010692603270006198,TRUE,0.04123911119005008,0
1007_a,8143,33150153,bootstrap_mean,2.8186310110749,NA,2.8186310110749,0.0788774915178464,0.0279843268621975,2.82789380992745,2.17438781044002,2.85545960838695,10 m,0.009427663449466097,TRUE,0.6810717979469301,1
1007_b,7968,31740528,bootstrap_mean,2.8310459030326798,NA,2.8310459030326798,0.0116265524477492,0.00410680463898329,2.83264078875892,2.80484105880282,2.85155185816858,10 m,0.0013896388113476667,TRUE,0.046710799365759836,0
1007_c,6227,19384651,bootstrap_mean,2.97128659044138,NA,2.97128659044138,0.00997996472937795,0.00335880246674402,2.97128249993454,2.9503491777359,3.00197059079829,10 m,0.0011928339364700705,TRUE,0.05162141306238999,1
1007_d,8287,34333041,bootstrap_mean,2.85138807780482,NA,2.85138807780482,0.0105720805737218,0.00370769614140384,2.85234627194339,2.81372982885205,2.87648727649741,10 m,0.0012636053161900666,TRUE,0.06275744764535984,1
1008_a,5961,17763780,bootstrap_mean,2.83432232287496,NA,2.83432232287496,0.0104555250509652,0.0036888976834363,2.83437119149406,2.80886748928416,2.85686363643288,10 m,0.001249674266652605,TRUE,0.0479961471487198,0
1008_b,7981,31844190,bootstrap_mean,2.81739112244064,NA,2.81739112244064,0.275260432226423,0.0977004683637858,2.68556995617349,2.65877580123861,3.3756598365323,10 m,0.03289991436147716,TRUE,0.71688403529369,14
1008_c,6769,22906296,bootstrap_mean,2.80969573437501,NA,2.80969573437501,0.115541017560316,0.041122252543839,2.79071113704975,2.77021522716965,3.4778200255992,10 m,0.013809792973969724,TRUE,0.7076047984295499,2
1008_d,7119,25336521,bootstrap_mean,2.76334347746195,NA,2.76334347746195,0.081606671905616,0.0295318597095174,2.75382703421957,2.73242514448525,3.43309205013653,10 m,0.009753862897415755,TRUE,0.7006669056512798,1
1009_a,7147,25536231,bootstrap_mean,2.77200847136035,NA,2.77200847136035,0.00890371288044159,0.00321200781759232,2.77065596318268,2.75639234706382,2.79409497831615,10 m,0.001064197236400293,TRUE,0.03770263125233031,0
1009_b,7837,30705366,bootstrap_mean,2.82410938509222,NA,2.82410938509222,0.00739050487010366,0.00261693293790825,2.82436552949188,2.80832733069053,2.8468772854659,10 m,8.833342858173061e-4,TRUE,0.03854995477537004,2
1009_c,8061,32485830,bootstrap_mean,2.8419230205988,NA,2.8419230205988,0.242487109783889,0.0853250098705334,2.74586425914989,2.72416457607455,3.44123522016103,10 m,0.028982753100851407,TRUE,0.7170706440864802,11
1009_d,6872,23608756,bootstrap_mean,2.85001808007445,NA,2.85001808007445,0.00845250315330887,0.00296577176559107,2.85038173409022,2.82567056577509,2.87219507156285,10 m,0.0010102673589323936,TRUE,0.04652450578775991,3
101_a,8757,38338146,bootstrap_mean,2.85194601345427,NA,2.85194601345427,0.00891326463900113,0.00312532726669865,2.85211063322619,2.82888263302443,2.87118283370846,10 m,0.0010653388899102747,TRUE,0.04230020068403029,0
101_b,9262,42887691,bootstrap_mean,2.72375795683688,NA,2.72375795683688,0.114813003821564,0.0421524253039346,2.7035247388259,2.68500440904792,3.3916692312563,10 m,0.013722778689115235,TRUE,0.70666482220838,2
101_c,9272,42980356,bootstrap_mean,2.76892416645651,NA,2.76892416645651,0.0110677327022351,0.00399712380581331,2.76737936805165,2.74226952115133,2.80305375408733,10 m,0.001322847076617725,TRUE,0.060784232936000215,1
101_d,7769,30174796,bootstrap_mean,2.8101464765213,NA,2.8101464765213,0.00834681445412066,0.00297024177346557,2.80981635487829,2.79132223328969,2.8278517383164,10 m,9.976351432370854e-4,TRUE,0.03652950502671004,0
1010_a,7474,27926601,bootstrap_mean,2.75106404116264,NA,2.75106404116264,0.00731069872281866,0.0026574076842388,2.7506688733726,2.73587368527346,2.76707245954921,10 m,8.737956267737274e-4,TRUE,0.03119877427575002,0
1010_b,7449,27740076,bootstrap_mean,2.80881356087747,NA,2.80881356087747,0.00927449778215946,0.00330192715933133,2.80904335247607,2.78018393906695,2.82854528404517,10 m,0.001108514508644537,TRUE,0.04836134497822009,1
1010_c,8354,34890481,bootstrap_mean,2.78202990814551,NA,2.78202990814551,0.00987182579830651,0.00354842547501116,2.78228234500199,2.75751955499416,2.80121430065351,10 m,0.001179908862050128,TRUE,0.043694745659350165,1
1010_d,7187,25822891,bootstrap_mean,2.7771777916677,NA,2.7771777916677,0.0828497810751517,0.0298323648286846,2.76906772596062,2.75050307951481,3.45737636447198,10 m,0.009902442861811253,TRUE,0.7068732849571702,2
1011_a,7687,29541141,bootstrap_mean,2.80014257426152,NA,2.80014257426152,0.0818760698172699,0.0292399646253238,2.79132919564441,2.76896578340311,3.47090017313944,10 m,0.009786062106546123,TRUE,0.7019343897363299,2
1011_b,8671,37588785,bootstrap_mean,2.75301206039817,NA,2.75301206039817,0.00953624544489853,0.00346393159044836,2.75177063044863,2.72444663669005,2.77368297075859,10 m,0.0011397993381377517,TRUE,0.04923633406854,1
1011_c,8880,39422760,bootstrap_mean,2.79991355478852,NA,2.79991355478852,0.0101439619187018,0.00362295539494537,2.8006050392168,2.77401119999108,2.82239493319939,10 m,0.0012124353497231,TRUE,0.04838373320830991,5
1011_d,8415,35401905,bootstrap_mean,2.7659407638256,NA,2.7659407638256,0.00956009745682196,0.00345636377389344,2.76691185588117,2.72502425828103,2.78195557315313,10 m,0.0011426501988418586,TRUE,0.056931314872100014,1
1012_a,9103,41427753,bootstrap_mean,2.79717833074624,NA,2.79717833074624,0.0102106528302223,0.00365034031544863,2.79681377908349,2.77219241432214,2.82933842538102,10 m,0.001220406438266289,TRUE,0.05714601105887995,2
1012_b,9167,42012361,bootstrap_mean,2.85369444325078,NA,2.85369444325078,0.00879690775684084,0.00308263828933972,2.85421975203924,2.83295188728361,2.86943921024213,10 m,0.0010514315824651816,TRUE,0.03648732295851964,0
1012_c,9377,43959376,bootstrap_mean,2.87393324605681,NA,2.87393324605681,0.0102667258705483,0.00357236059140721,2.87401073594627,2.84690870762037,2.89719456883732,10 m,0.0012271084484672885,TRUE,0.050285861216950334,0
1012_d,9424,44401176,bootstrap_mean,2.79263127381835,NA,2.79263127381835,0.00976465783570247,0.0034965797050433,2.79375253892047,2.75993759171223,2.81404203176374,10 m,0.0011670998405592854,TRUE,0.054104440051509606,1
1013_a,9499,45110751,bootstrap_mean,2.74249020902693,NA,2.74249020902693,0.191329219592936,0.069764777632815,2.68477356422112,2.66205250821454,3.3747144371446,10 m,0.02286821570590997,TRUE,0.7126619289300602,6
1013_b,8090,32720005,bootstrap_mean,2.97130637807386,NA,2.97130637807386,0.0831965395952505,0.0279999868775506,2.98220981296824,2.29017578292954,3.00301632392367,10 m,0.009943888432186507,TRUE,0.7128405409941299,1
1013_c,5916,17496570,bootstrap_mean,2.97885876410192,NA,2.97885876410192,0.00968919016100744,0.00325265174629002,2.98082547685795,2.95363716047493,3.01074441630805,10 m,0.0011580797281717412,TRUE,0.05710725583312026,3
1013_d,9445,44599290,bootstrap_mean,2.87865865429179,NA,2.87865865429179,0.00991337768592167,0.00344374893881281,2.87874575580691,2.85500400446785,2.90679542471148,10 m,0.0011848752625350765,TRUE,0.051791420243629815,1
1014_a,5412,14642166,bootstrap_mean,3.12601381236971,NA,3.12601381236971,0.00711148614347306,0.00227493753077249,3.12528588549888,3.10849278003327,3.13857380389326,10 m,8.499851693564115e-4,TRUE,0.030081023859990008,0
1014_b,5416,14663820,bootstrap_mean,3.03576524541034,NA,3.03576524541034,0.00857365962659875,0.00282421693823689,3.03616288465917,3.01712541121868,3.05998212743791,10 m,0.001024748327240606,TRUE,0.04285671621923015,1
1014_c,3681,6773040,bootstrap_mean,3.02787601267205,NA,3.02787601267205,0.008369492934149,0.00276414651693847,3.02833610784469,3.01029961955432,3.04875635490546,10 m,0.0010003457400516943,TRUE,0.038456735351140026,1
1014_d,4991,12452545,bootstrap_mean,2.99493936551989,NA,2.99493936551989,0.00709058695204575,0.00236752270636201,2.9945480887733,2.97516609586883,3.01218938774627,10 m,8.474872382058238e-4,TRUE,0.03702329187744002,1
1015_a,5129,13150756,bootstrap_mean,2.97601417321757,NA,2.97601417321757,0.00688628135082816,0.00231392760585644,2.97691576233754,2.95555785509948,2.98880201714445,10 m,8.230680482435712e-4,TRUE,0.03324416204497016,1
1015_b,4428,9801378,bootstrap_mean,3.03955868463154,NA,3.03955868463154,0.00728363115593514,0.00239627916801287,3.04015781466948,3.02061137652466,3.05626839921327,10 m,8.705604337413019e-4,TRUE,0.03565702268861015,0
1015_c,3443,5925403,bootstrap_mean,3.04525044882768,NA,3.04525044882768,0.160820722327929,0.0528103435268648,3.08416636786451,2.3934353737538,3.09621690689913,10 m,0.019221752830016325,TRUE,0.70278153314533,4
1015_d,3668,6725278,bootstrap_mean,3.04653270645314,NA,3.04653270645314,0.00770483545041744,0.0025290506266672,3.04647939933987,3.02830972380418,3.06425377173749,10 m,9.209039760552772e-4,TRUE,0.035944047933309964,0
1016_b,3459,5980611,bootstrap_mean,3.06445292740076,NA,3.06445292740076,0.00638001840342688,0.0020819436795325,3.06403908205645,3.04725524147908,3.08016118644255,10 m,7.625580523855748e-4,TRUE,0.0329059449634701,2
1016_c,5061,12804330,bootstrap_mean,2.95819253039896,NA,2.95819253039896,0.00748626805683048,0.00253068993309264,2.95902321199555,2.9393604758618,2.97238750094014,10 m,8.947801758669988e-4,TRUE,0.03302702507833999,0
1016_d,5267,13868011,bootstrap_mean,2.90558281989579,NA,2.90558281989579,0.0079824409651117,0.00274727703868995,2.90614529670708,2.8892294614794,2.92017992410945,10 m,9.540841813824351e-4,TRUE,0.03095046263005008,0
1017_a,4329,9367956,bootstrap_mean,2.93546130857236,NA,2.93546130857236,0.00674688308514684,0.00229840640905199,2.935132691075,2.91916993783927,2.950739707139,10 m,8.0640676872018e-4,TRUE,0.03156976929972988,0
1017_b,4401,9682200,bootstrap_mean,2.86637374546051,NA,2.86637374546051,0.00611037683690529,0.00213174462910928,2.86614853237152,2.84694204364801,2.88019184061673,10 m,7.303297209283401e-4,TRUE,0.03324979696871999,4
1017_c,6969,24279996,bootstrap_mean,2.83649915251303,NA,2.83649915251303,0.00822136755960634,0.00289842059438746,2.83594161358528,2.82039570289878,2.85941564760462,10 m,9.826413715095185e-4,TRUE,0.039019944705839915,1
1017_d,6878,23650003,bootstrap_mean,2.88526799565235,NA,2.88526799565235,0.00859421150198268,0.00297865276810779,2.88711544231676,2.86314978479137,2.90071693256431,10 m,0.0010272047461840409,TRUE,0.03756714777293979,0
1018_a,5184,13434336,bootstrap_mean,2.96854841195814,NA,2.96854841195814,0.0074471950954619,0.00250869922331821,2.96939340310368,2.9481005204207,2.98548909923063,10 m,8.901100637390844e-4,TRUE,0.037388578809930184,1
1018_b,4436,9836830,bootstrap_mean,3.19511935884301,NA,3.19511935884301,0.00673667138394276,0.00210842557893743,3.1942471914963,3.17785605033736,3.21445451969296,10 m,8.05186236977271e-4,TRUE,0.036598469355600294,1
1018_c,4161,8654880,bootstrap_mean,3.12950407414604,NA,3.12950407414604,0.00686991550208975,0.00219520899775929,3.12916846281268,3.11180247656802,3.14805755171018,10 m,8.211119551807524e-4,TRUE,0.036255075142159754,5
1018_d,6240,19465680,bootstrap_mean,2.8932964171842,NA,2.8932964171842,0.00691528027196375,0.00239010432214678,2.89379462217376,2.88092181889352,2.91186091846066,10 m,8.265340822616801e-4,TRUE,0.030939099567139916,2
1019_a,6534,21343311,bootstrap_mean,2.92391293926913,NA,2.92391293926913,0.00798267791171646,0.00273013529387501,2.92410515910829,2.9049670488201,2.94165098514366,10 m,9.541125019185246e-4,TRUE,0.03668393632356004,0
1019_b,7882,31059021,bootstrap_mean,2.84162910216819,NA,2.84162910216819,0.00984391572000021,0.00346418035784093,2.84221207974753,2.81752040945123,2.86296413453704,10 m,0.0011765729696420829,TRUE,0.04544372508581018,3
1019_c,7598,28861003,bootstrap_mean,2.85535179738726,NA,2.85535179738726,0.00926081338950231,0.00324331782793848,2.85497474415596,2.83776173001712,2.8789623428792,10 m,0.001106878910884018,TRUE,0.0412006128620801,0
1019_d,6989,24419566,bootstrap_mean,2.8835792336629398,NA,2.8835792336629398,0.00865505771259106,0.00300149814215327,2.88171589694379,2.86140749712508,2.90243166412443,10 m,0.001034477259352913,TRUE,0.041024166999350076,0
102_a,5286,13968255,bootstrap_mean,2.87886431455721,NA,2.87886431455721,0.00843466065314706,0.00292985696147489,2.8791185497979,2.86279534866263,2.90645852812785,10 m,0.001008134772266849,TRUE,0.043663179465220026,1
102_b,5853,17125878,bootstrap_mean,2.8625639888642,NA,2.8625639888642,0.00853248401461096,0.0029807138103475,2.86290620963589,2.84273389393652,2.88338707828754,10 m,0.0010198269002951402,TRUE,0.040653184351020055,0
102_c,5277,13920726,bootstrap_mean,2.78967697185516,NA,2.78967697185516,0.00823388017045361,0.00295155326352284,2.7894372113171,2.76848474607099,2.80692509572417,10 m,9.841369145557309e-4,TRUE,0.03844034965318022,0
102_d,7148,25543378,bootstrap_mean,2.80271981295096,NA,2.80271981295096,0.231294063586277,0.0825248612142752,2.71444583306861,2.69468564104971,3.41698496299503,10 m,0.027644928196752665,TRUE,0.7222993219453202,10
1020_a,7266,26393745,bootstrap_mean,2.76442731911433,NA,2.76442731911433,0.00864374367688622,0.00312677552313276,2.76279838290006,2.74543443575258,2.78281915205931,10 m,0.0010331249734367675,TRUE,0.03738471630672979,0
1020_b,7202,25930801,bootstrap_mean,2.82059080049043,NA,2.82059080049043,0.00991740864751364,0.00351607494635141,2.81944685516895,2.79413002166388,2.84353727534397,10 m,0.001185357054596862,TRUE,0.0494072536800898,3
1020_c,7382,27243271,bootstrap_mean,2.7554470415512,NA,2.7554470415512,0.00932147781067979,0.00338292758674549,2.7554994783461,2.73696595953006,2.77489933671968,10 m,0.0011141296960600214,TRUE,0.0379333771896202,0
1020_d,6971,24293935,bootstrap_mean,2.81424667867297,NA,2.81424667867297,0.00826291511944547,0.00293610193522259,2.81438174597188,2.79669747953513,2.83003673091474,10 m,9.876072547262945e-4,TRUE,0.033339251379610246,0
1021_a,6804,23143806,bootstrap_mean,2.81339299677194,NA,2.81339299677194,0.114829072933486,0.0408151556022353,2.83254929773855,2.15001221876103,2.85419470962033,10 m,0.013724699315344813,TRUE,0.7041824908593002,2
1021_b,6499,21115251,bootstrap_mean,2.75768788029689,NA,2.75768788029689,0.0825121458344002,0.0299207703757674,2.74844802114396,2.72168880229304,3.4343524992496,10 m,0.009862087731884683,TRUE,0.7126636969565601,3
1021_c,7396,27346710,bootstrap_mean,2.82256488367107,NA,2.82256488367107,0.290536993006349,0.102933680882642,2.66929000202025,2.64153720196572,3.36445447084151,10 m,0.0347258126111175,TRUE,0.7229172688757899,16
1021_d,6058,18346653,bootstrap_mean,2.75022438829374,NA,2.75022438829374,0.114481060930654,0.0416260801911071,2.7317613958732,2.71162786016539,3.41738631594864,10 m,0.013683103925127156,TRUE,0.7057584557832501,5
1022_a,7025,24671800,bootstrap_mean,2.87245163627917,NA,2.87245163627917,0.297686562543375,0.103635012956731,2.70851191985872,2.67680712014227,3.40778924425532,10 m,0.03558034961662541,TRUE,0.7309821241130501,17
1022_b,6887,23711941,bootstrap_mean,2.75507659054856,NA,2.75507659054856,0.11616623921317,0.0421644318752098,2.73519513958515,2.71763548788582,3.43360154223371,10 m,0.013884521254636368,TRUE,0.7159660543478896,2
1022_c,7643,29203903,bootstrap_mean,2.73484782987417,NA,2.73484782987417,0.113264519468914,0.041415291275685,2.71579074026218,2.68870216425115,3.39190860573817,10 m,0.013537699409175843,TRUE,0.70320644148702,3
1022_d,7136,25457680,bootstrap_mean,2.91181223364855,NA,2.91181223364855,0.332187825091971,0.114082845471026,2.66291851538065,2.64385220493129,3.35544563355069,10 m,0.03970403922224933,TRUE,0.7115934286194001,0
1023_a,8477,35925526,bootstrap_mean,3.18306549631088,NA,3.18306549631088,0.231652845765114,0.0727766506952482,3.27093399749909,2.57453105075113,3.28812876183033,10 m,0.027687810869219197,TRUE,0.7135977110792,9
1023_b,8864,39280816,bootstrap_mean,2.81749044961789,NA,2.81749044961789,0.307605875464628,0.109177255776092,2.63653074181846,2.60747922072998,3.32815432738721,10 m,0.03676593427546759,TRUE,0.7206751066572297,0
1023_c,8166,33337695,bootstrap_mean,2.73439639370514,NA,2.73439639370514,0.192960734051807,0.0705679449022177,2.67860895683256,2.64508355718226,3.37037216425731,10 m,0.023063218981688505,TRUE,0.7252886070750502,7
1023_d,7237,26183466,bootstrap_mean,2.82061977402042,NA,2.82061977402042,0.00929154598812646,0.00329415048199941,2.81962517006947,2.80536144786399,2.84299337338231,10 m,0.0011105521589954953,TRUE,0.03763192551831995,0
1024_a,7733,29895778,bootstrap_mean,2.73340197013786,NA,2.73340197013786,0.0102223194621573,0.0037397790642705,2.73340743646965,2.71221965949933,2.75490946487992,10 m,0.0012218008674926178,TRUE,0.042689805380589974,0
1024_b,6282,19728621,bootstrap_mean,2.90287216759859,NA,2.90287216759859,0.193403405087497,0.0666248439205269,2.9611417474382,2.26348232331737,2.98055894418854,10 m,0.023116128290326544,TRUE,0.7170766208711701,6
1024_c,6205,19247910,bootstrap_mean,2.63532749390031,NA,2.63532749390031,0.331409597352898,0.125756513420049,2.8793551592971798,2.17980955416801,2.90726976788007,10 m,0.03961102321641756,TRUE,0.7274602137120603,0
1024_d,7811,30501955,bootstrap_mean,2.70595964160742,NA,2.70595964160742,0.140084384116495,0.0517688371853471,2.67735665192425,2.65287246243604,3.37522734077975,10 m,0.01674328636170233,TRUE,0.7223548783437099,3
103_a,7116,25315170,bootstrap_mean,2.82616960350146,NA,2.82616960350146,0.0098188097089085,0.00347424644888388,2.82633763474925,2.80252299662461,2.84510391360429,10 m,0.0011735722273697748,TRUE,0.042580916979679806,0
103_b,6618,21895653,bootstrap_mean,2.80824447269157,NA,2.80824447269157,0.00885137989627496,0.00315192640183187,2.80766391588211,2.7906040435169,2.82588898275168,10 m,0.001057942248411513,TRUE,0.035284939234780044,0
103_c,6621,21915510,bootstrap_mean,2.79655587340317,NA,2.79655587340317,0.00812057076180696,0.00290377561880247,2.79581567070308,2.77935774819818,2.81306835225727,10 m,9.705938498636071e-4,TRUE,0.03371060405908999,0
103_d,7054,24875931,bootstrap_mean,2.83678165753289,NA,2.83678165753289,0.00869019929856447,0.00306340083505835,2.83703203512824,2.81105897997563,2.85715487591749,10 m,0.0010386774822461933,TRUE,0.04609589594186003,1
104_a,5827,16974051,bootstrap_mean,2.83043456250889,NA,2.83043456250889,0.00803070264176101,0.00283726843507826,2.83058071455711,2.80764063665591,2.84662791668952,10 m,9.598525550490052e-4,TRUE,0.03898728003361018,2
104_b,5579,15559831,bootstrap_mean,2.79179141215578,NA,2.79179141215578,0.159603703606846,0.0571689213284035,2.75385113561053,2.73785097042162,3.4435966956847,10 m,0.019076291270662928,TRUE,0.7057457252630801,4
104_c,7448,27732628,bootstrap_mean,2.80114049930835,NA,2.80114049930835,0.176223648331092,0.0629113921185332,2.75377405182618,2.73020171666346,3.44311981769269,10 m,0.021062754612660432,TRUE,0.71291810102923,8
104_d,7943,31541653,bootstrap_mean,2.82167506892261,NA,2.82167506892261,0.231974554932998,0.0822116470772702,2.73316248885911,2.71757322811528,3.43573834773305,10 m,0.02772626246935321,TRUE,0.7181651196177703,10
105_a,8027,32212351,bootstrap_mean,2.82971625247808,NA,2.82971625247808,0.0083778864505547,0.00296068075490534,2.82983182073855,2.80449412985594,2.84621654597215,10 m,0.0010013489571457953,TRUE,0.04172241611620997,1
105_b,7017,24615636,bootstrap_mean,2.90937433334239,NA,2.90937433334239,0.0107892362442011,0.00370843865657057,2.90725264019805,2.88781258280676,2.93883926154367,10 m,0.0012895603831936716,TRUE,0.051026678736910025,1
105_c,7273,26444628,bootstrap_mean,2.94240837052683,NA,2.94240837052683,0.0104212998361005,0.00354175849297038,2.9440111859759,2.90095955057843,2.95913893824562,10 m,0.0012455835710559146,TRUE,0.05817938766719033,1
105_d,6731,22649815,bootstrap_mean,2.99106770863526,NA,2.99106770863526,0.00775303069777255,0.00259206124802506,2.99052567548584,2.97808333916943,3.01357142995611,10 m,9.266644099025548e-4,TRUE,0.035488090786679916,2
106_a,6919,23932821,bootstrap_mean,2.99575414886308,NA,2.99575414886308,0.00854024380536456,0.00285078260130447,2.99541103806662,2.97158727136469,3.01851824743093,10 m,0.0010207543726862551,TRUE,0.04693097606623997,2
106_b,7876,31011750,bootstrap_mean,2.9149295404359,NA,2.9149295404359,0.0106376946673524,0.00364938312222863,2.91620627772624,2.88610604520945,2.93620622217494,10 m,0.0012714477003783504,TRUE,0.050100176965490295,0
106_c,5803,16834503,bootstrap_mean,2.80868371542098,NA,2.80868371542098,0.0081575680971913,0.00290440965367602,2.80969479975038,2.78745251804436,2.82784251251096,10 m,9.750158772356574e-4,TRUE,0.040389994466599966,6
106_d,6677,22287826,bootstrap_mean,2.87636428076548,NA,2.87636428076548,0.00847831292543936,0.00294757968666717,2.8778108633809,2.85540345081918,2.8931592507911,10 m,0.0010133522167374701,TRUE,0.03775579997192002,0
107_a,6298,19829253,bootstrap_mean,2.89977019509019,NA,2.89977019509019,0.00834377591977952,0.00287739212366103,2.89979268640219,2.88292243540009,2.91993472291553,10 m,9.972719689195877e-4,TRUE,0.03701228751544017,0
107_b,6473,20946628,bootstrap_mean,2.85884884722456,NA,2.85884884722456,0.00833515833061144,0.00291556454224693,2.8584895944868,2.83859324329105,2.87349036302745,10 m,9.962419700078697e-4,TRUE,0.034897119736400306,0
107_c,8264,34142716,bootstrap_mean,2.7491911778205,NA,2.7491911778205,0.00967972528446859,0.00352093567102978,2.74953771357117,2.72738740327263,2.770372463289,10 m,0.001156948459049436,TRUE,0.042985060016369925,0
107_d,7581,28731990,bootstrap_mean,2.80644054003199,NA,2.80644054003199,0.160866714717353,0.0573205497934831,2.76849220628198,2.74501108072577,3.45780397097279,10 m,0.019227249971981445,TRUE,0.71279289024702,4
108_a,7856,30854440,bootstrap_mean,2.78917136137195,NA,2.78917136137195,0.231992224746373,0.0831760385752202,2.70199272190719,2.67812877769938,3.39793482358893,10 m,0.02772837441599995,TRUE,0.7198060458895501,9
108_b,8053,32421378,bootstrap_mean,2.90797339615432,NA,2.90797339615432,0.307096638148062,0.10560503701794,2.72624739102943,2.69888612685758,3.42126127687584,10 m,0.036705068774497564,TRUE,0.72237515001826,0
108_c,7680,29487360,bootstrap_mean,2.82622280785807,NA,2.82622280785807,0.0823635920859805,0.0291426393761227,2.81612796621172,2.79664991958513,3.5020068595466,10 m,0.009844332162871174,TRUE,0.7053569399614696,1
108_d,8224,33812976,bootstrap_mean,2.88952469978247,NA,2.88952469978247,0.313412852282886,0.108465192322627,2.69658074476391,2.66740027433689,3.3904461673505,10 m,0.03746000075815996,TRUE,0.7230458930136101,0
109_a,8703,37866753,bootstrap_mean,2.75050630269938,NA,2.75050630269938,0.160363688738635,0.0583033344011072,2.71359996110089,2.68880982908393,3.40611035057779,10 m,0.019167126867881225,TRUE,0.7173005214938599,4
109_b,8297,34415956,bootstrap_mean,2.79698242725229,NA,2.79698242725229,0.0105931654053946,0.00378735500880539,2.79608590597104,2.76713854642406,2.82624305734577,10 m,0.0012661254355938996,TRUE,0.05910451092171032,4
109_c,8922,39796581,bootstrap_mean,2.7264527028902,NA,2.7264527028902,0.0108251552184937,0.00397041738777217,2.72782460799335,2.7008172919835,2.74728718287187,10 m,0.001293853521762918,TRUE,0.04646989088837028,0
109_d,8308,34507278,bootstrap_mean,2.80224321292247,NA,2.80224321292247,0.00988427587333571,0.00352727266061512,2.80162901667836,2.77274533350912,2.82477388784391,10 m,0.001181396930636454,TRUE,0.052028554334790034,1
11_a,7247,26255881,bootstrap_mean,2.76057591991277,NA,2.76057591991277,0.0804038983915495,0.0291257696669651,2.75003204888002,2.72456426452391,3.41828178029209,10 m,0.00961010396595956,TRUE,0.6937175157681801,2
11_b,7332,26875446,bootstrap_mean,2.77223952314846,NA,2.77223952314846,0.0105479785197363,0.00380485828575046,2.77168092940945,2.75051357274605,2.79857375520199,10 m,0.0012607245697433475,TRUE,0.048060182455940126,3
11_c,6199,19210701,bootstrap_mean,2.71753081990538,NA,2.71753081990538,0.0085662087841326,0.00315220299302102,2.71787628739058,2.69703341251305,2.73587607434975,10 m,0.0010238577812326875,TRUE,0.03884266183669993,0
11_d,7782,30275871,bootstrap_mean,2.72166016783295,NA,2.72166016783295,0.232151541093001,0.085297769294189807,2.63480556232245,2.61278835650239,3.33660761340732,10 m,0.027747416361542394,TRUE,0.72381925690493,9
110_a,7237,26183466,bootstrap_mean,3.24956899948264,NA,3.24956899948264,0.00762884254794553,0.00234764750314891,3.24908957646645,3.23471029962309,3.26593197227542,10 m,9.118210869411989e-4,TRUE,0.03122167265232978,0
110_b,9160,41948220,bootstrap_mean,2.96967811316948,NA,2.96967811316948,0.11164400397272,0.0375946482137637,2.99045687451287,2.3249295091236,3.0129135773494,10 m,0.013344010760883764,TRUE,0.6879840682257998,2
110_c,6647,22087981,bootstrap_mean,2.85687646771322,NA,2.85687646771322,0.0089987057979301,0.00314984070876998,2.85745805544424,2.83300394352829,2.88226159953518,10 m,0.0010755510616669338,TRUE,0.04925765600689003,1
110_d,7202,25930801,bootstrap_mean,2.91350310906213,NA,2.91350310906213,0.00901964642331683,0.00309580806530194,2.91307514418311,2.89651055893763,2.93660138067716,10 m,0.0010780539451228912,TRUE,0.040090821739529936,0
1100_a,6574,21605451,bootstrap_mean,2.82801876765238,NA,2.82801876765238,0.010684190312314,0.00377797716002544,2.8298836130292,2.80153866512793,2.84596557850057,10 m,0.0012770049928851064,TRUE,0.044426913372640264,0
1100_b,6685,22341270,bootstrap_mean,2.77081303755601,NA,2.77081303755601,0.00754054885733069,0.00272142102520992,2.77046948255224,2.74781118444939,2.7860328332445,10 m,9.012679724365412e-4,TRUE,0.03822164879511014,1
1100_c,6635,22008295,bootstrap_mean,2.75995068921228,NA,2.75995068921228,0.179874645934815,0.0651731375628863,2.71165336029345,2.6933632991323,3.41418295135018,10 m,0.02149913229151854,TRUE,0.7208196522178798,5
1100_d,5288,13978828,bootstrap_mean,2.90074629400709,NA,2.90074629400709,0.0100925147207526,0.00347928212184691,2.90267491209628,2.87365042251868,2.91803475983851,10 m,0.0012062862334372027,TRUE,0.044384337319829825,1
1101_a,6845,23423590,bootstrap_mean,2.86080989373573,NA,2.86080989373573,0.285423024814413,0.0997700075909972,2.71708340900893,2.69245234498786,3.41662307468156,10 m,0.0341145765020947,TRUE,0.7241707296937001,15
1101_b,7402,27391101,bootstrap_mean,2.79616759676244,NA,2.79616759676244,0.00895658880118195,0.00320316593738958,2.79613047140836,2.77899364129123,2.82137599202855,10 m,0.0010705171177216705,TRUE,0.042382350737319996,1
1101_c,7022,24650731,bootstrap_mean,2.80482863815112,NA,2.80482863815112,0.0100204700637963,0.00357257834845893,2.80365224326029,2.78058976530015,2.83348133259938,10 m,0.0011976752499228175,TRUE,0.05289156729923006,1
1101_d,7122,25357881,bootstrap_mean,2.73909731347523,NA,2.73909731347523,0.00963931953359128,0.00351915920846251,2.73890730794863,2.71483349446813,2.76242404195351,10 m,0.001152119048106416,TRUE,0.047590547485380164,0
1102_a,7992,31932036,bootstrap_mean,2.71218166850206,NA,2.71218166850206,0.112800863091438,0.0415904525871004,2.69254584419579,2.66849196046601,3.36321709579662,10 m,0.013482281872449877,TRUE,0.6947251353306103,5
1102_b,8842,39086061,bootstrap_mean,2.70569973861268,NA,2.70569973861268,0.0108909278381093,0.00402517976502948,2.70576750681476,2.67177309542817,2.72765348877857,10 m,0.0013017148534304613,TRUE,0.05588039335039996,1
1102_c,8006,32044015,bootstrap_mean,2.70432316561527,NA,2.70432316561527,0.0819873097609995,0.0303171273328002,2.69439109399517,2.67061767208107,3.37620389087818,10 m,0.009799357822870758,TRUE,0.70558621879711,3
1102_d,7319,26780221,bootstrap_mean,2.82660455596352,NA,2.82660455596352,0.00872586998250766,0.00308705013727441,2.8265618677077202,2.80512803205229,2.84407315109288,10 m,0.001042940944442536,TRUE,0.03894511904058984,0
1103_a,8019,32148171,bootstrap_mean,2.83422699031161,NA,2.83422699031161,0.0111463566441269,0.00393276779955489,2.83503681060182,2.80443906763257,2.85977172097745,10 m,0.0013322444350904975,TRUE,0.05533265334487991,1
1103_b,8706,37892865,bootstrap_mean,2.91513838634433,NA,2.91513838634433,0.00842238999281,0.0028891904522488,2.91570605653716,2.89403102682904,2.93690168205771,10 m,0.001006668147837821,TRUE,0.042870655228670174,0
1103_c,9373,43921878,bootstrap_mean,2.89806333630433,NA,2.89806333630433,0.115113549261078,0.0397208535158769,2.91492037230948,2.22580094152918,2.9353129724655,10 m,0.013758700739886448,TRUE,0.7095120309363199,2
1103_d,8983,40342653,bootstrap_mean,2.80077212572964,NA,2.80077212572964,0.0109764986541353,0.00391909736365137,2.79957339177688,2.7754529783127,2.82982818401148,10 m,0.0013119425221742977,TRUE,0.05437520569877963,1
1104_a,8690,37753705,bootstrap_mean,2.95859983018448,NA,2.95859983018448,0.0109574594411376,0.00370359631922726,2.95878192453617,2.93452455077757,2.9799566924753,10 m,0.0013096669009668915,TRUE,0.04543214169772991,0
1104_b,9423,44391753,bootstrap_mean,2.85896810854118,NA,2.85896810854118,0.00898458687892861,0.00314259779676699,2.86006140086291,2.83792466720125,2.87955693475501,10 m,0.0010738635280745882,TRUE,0.04163226755375993,0
1104_c,9386,44043805,bootstrap_mean,2.8818966265226,NA,2.8818966265226,0.0101504063851674,0.00352212716158914,2.88112559284582,2.86321493152166,2.90344172169191,10 m,0.001213205610792258,TRUE,0.040226790170250215,0
1104_d,9275,43008175,bootstrap_mean,2.74374719940241,NA,2.74374719940241,0.0811058053622492,0.0295602325826207,2.73332718859555,2.71486546520858,3.40833539307864,10 m,0.009693997895206712,TRUE,0.6934699278700598,1
1105_a,9065,41082580,bootstrap_mean,2.88205102596461,NA,2.88205102596461,0.0113574229045145,0.00394074317289829,2.88292726659357,2.85681605407807,2.90850054825464,10 m,0.0013574716783785457,TRUE,0.05168449417657017,3
1105_b,8282,34291621,bootstrap_mean,2.95431119885367,NA,2.95431119885367,0.0107822844121872,0.00364967794062146,2.95415442088748,2.93021768547138,2.98948550227753,10 m,0.0012887294803426417,TRUE,0.05926781680615001,1
1105_c,6637,22021566,bootstrap_mean,2.81816444914747,NA,2.81816444914747,0.00761843680812811,0.00270333294795226,2.81911390624572,2.79812696542693,2.83208047794927,10 m,9.105773631480918e-4,TRUE,0.033953512522340024,3
1105_d,7916,31327570,bootstrap_mean,2.87035442494808,NA,2.87035442494808,0.010314550884037,0.00359347639942534,2.87043874796809,2.84427076780965,2.89629427619398,10 m,0.0012328246309036383,TRUE,0.0520235083843299,0
1106_a,5908,17449278,bootstrap_mean,2.79798247637465,NA,2.79798247637465,0.159245520404842,0.0569144094895034,2.75965707556006,2.73719329567696,3.45125252372784,10 m,0.01903348018962111,TRUE,0.7140592280508802,6
1106_b,7186,25815705,bootstrap_mean,2.81597472242736,NA,2.81597472242736,0.251059342852897,0.0891553964790155,2.71126338827067,2.68569934662818,3.41292840939421,10 m,0.030007330921847482,TRUE,0.72722906276603,11
1106_c,6445,20765790,bootstrap_mean,2.77404015588524,NA,2.77404015588524,0.00953252917075663,0.00343633423998314,2.77369106008422,2.75275037887812,2.79336286601786,10 m,0.001139355158420299,TRUE,0.040612487139740416,0
1106_d,6056,18334540,bootstrap_mean,2.80019528655023,NA,2.80019528655023,0.114151275437904,0.040765469460716,2.7815780614584,2.76019213535467,3.47063447328801,10 m,0.013643687019539332,TRUE,0.71044233793334,2
1107_a,8943,39984153,bootstrap_mean,2.9403165111039,NA,2.9403165111039,0.336224921924899,0.114349907792297,2.68363473484169,2.6538659217372,3.38852235641032,10 m,0.04018656458558621,TRUE,0.7346564346731199,0
1107_b,8921,39787660,bootstrap_mean,2.78994487721856,NA,2.78994487721856,0.14099524944799,0.0505369301735294,2.75989966443132,2.73183291142763,3.45369811168512,10 m,0.0168521555920477,TRUE,0.7218652002574899,4
1107_c,7936,31486080,bootstrap_mean,2.8735055506649,NA,2.8735055506649,0.00954280735343455,0.00332096360531701,2.87385695739076,2.84815344072178,2.89422677254835,10 m,0.0011405836362191602,TRUE,0.04607333182657003,1
1107_d,6786,23021505,bootstrap_mean,2.86163790906137,NA,2.86163790906137,0.00823596715850957,0.00287806054442821,2.8603603508057,2.84830655652936,2.88890511324579,10 m,9.84386357338913e-4,TRUE,0.04059855671642998,2
1108_a,7185,25808520,bootstrap_mean,3.09167674822434,NA,3.09167674822434,0.0119058244614127,0.0038509279691839,3.09256628795844,3.06588790603391,3.11299467483122,10 m,0.0014230182013993708,TRUE,0.047106768797309684,0
1108_b,7005,24531510,bootstrap_mean,3.07019696135906,NA,3.07019696135906,0.0107823509508749,0.00351194111862517,3.07008700659895,3.0460602596373,3.0965279898419,10 m,0.0012887374332369583,TRUE,0.05046773020460016,1
1108_c,5320,14148540,bootstrap_mean,2.86001153680147,NA,2.86001153680147,0.00871603012646997,0.00304755068793101,2.85992827014644,2.83512455546294,2.87978463548632,10 m,0.001041764856697738,TRUE,0.044660080023379845,0
1108_d,8765,38408230,bootstrap_mean,2.85796544194843,NA,2.85796544194843,0.0102014635666511,0.00356948457700602,2.85783902018746,2.83844881070115,2.88313965483924,10 m,0.0012193081111943878,TRUE,0.04469084413809021,1
1109_a,4749,11274126,bootstrap_mean,3.00077718052258,NA,3.00077718052258,0.00748996192084593,0.00249600735751448,3.00155525971193,2.98433398317403,3.01911541072993,10 m,8.952216770620244e-4,TRUE,0.03478142755589975,0
1109_b,5936,17615080,bootstrap_mean,2.79452894638298,NA,2.79452894638298,0.00846268613180849,0.0030283050539741,2.79506078793785,2.76865709976013,2.81394956927976,10 m,0.001011484457655492,TRUE,0.04529246951962973,1
1109_c,7425,27561600,bootstrap_mean,2.87035729896117,NA,2.87035729896117,0.00830787432522649,0.00289436939722914,2.87159598148905,2.8474833216298,2.89059298618277,10 m,9.929809076265372e-4,TRUE,0.04310966455296983,1
1109_d,6274,19678401,bootstrap_mean,2.79181948510227,NA,2.79181948510227,0.00963926353960334,0.00345268151864419,2.79168646122577,2.76725132325069,2.81661283364787,10 m,0.0011521123555447825,TRUE,0.04936151039717984,2
111_a,5088,12941328,bootstrap_mean,2.88467689484219,NA,2.88467689484219,0.00751377276755969,0.00260471901757675,2.88435582872517,2.86607050757196,2.91097252317783,10 m,8.980676175825006e-4,TRUE,0.04490201560586993,2
111_b,7414,27479991,bootstrap_mean,2.7594008836799,NA,2.7594008836799,0.27496831455418,0.0996478315928803,2.62574280480775,2.60448248508758,3.32512264076557,10 m,0.03286499962156147,TRUE,0.72064015567799,14
111_c,5294,14010571,bootstrap_mean,3.10182920163524,NA,3.10182920163524,0.0818632991051178,0.0263919428774353,3.11267307333198,2.42929380182204,3.12459543364981,10 m,0.009784535714493546,TRUE,0.6953016318277703,2
111_d,7595,28838215,bootstrap_mean,2.95180782757939,NA,2.95180782757939,0.0111120743544217,0.00376449789535727,2.95324827039168,2.92595280698396,2.97792597350473,10 m,0.0013281469177455828,TRUE,0.05197316652076989,0
1110_a,7650,29257425,bootstrap_mean,2.64896242408516,NA,2.64896242408516,0.00902433132191409,0.0034067419151975,2.6487325926124,2.63146963180335,2.67173694240747,10 m,0.0010786138976064186,TRUE,0.04026731060411981,0
1110_b,7794,30369321,bootstrap_mean,2.74898610026209,NA,2.74898610026209,0.0814864338691149,0.0296423593634562,2.7393930523828,2.71781287214329,3.41564683251171,10 m,0.009739491703300124,TRUE,0.69783396036842,1
1110_c,6228,19390878,bootstrap_mean,2.74748705055968,NA,2.74748705055968,0.139219176949807,0.0506714588232354,2.71828350200186,2.7009029431446,3.40476200717829,10 m,0.01663987432583967,TRUE,0.7038590640336899,3
1110_d,7383,27250653,bootstrap_mean,2.86461611030859,NA,2.86461611030859,0.260722977087816,0.091014979685962,2.75053004452495,2.7213979979855,3.44365056176713,10 m,0.031162356132619327,TRUE,0.7222525637816299,12
1111_a,5904,17425656,bootstrap_mean,2.82463142890975,NA,2.82463142890975,0.0087453422690069,0.00309610031931933,2.82508776077001,2.80331707666464,2.85014671539895,10 m,0.0010452683278338408,TRUE,0.04682963873431012,1
1111_b,7917,31335486,bootstrap_mean,2.80555129697908,NA,2.80555129697908,0.139781370957741,0.0498231385425932,2.77786141994574,2.75128164257895,3.46621317617291,10 m,0.01670706936206758,TRUE,0.7149315335939597,3
1111_c,8501,36129250,bootstrap_mean,2.78721692078871,NA,2.78721692078871,0.0115316366056984,0.00413733015169672,2.78772541614907,2.76437940311266,2.81687560849243,10 m,0.0013782941983578488,TRUE,0.052496205379769734,0
1111_d,7825,30611400,bootstrap_mean,2.82240504665999,NA,2.82240504665999,0.00908018331959826,0.00321717938052289,2.82348993779006,2.80276213483607,2.84615735898449,10 m,0.0010852894881584786,TRUE,0.04339522414842012,1
1112_a,8459,35773111,bootstrap_mean,2.78294416951029,NA,2.78294416951029,0.0834100713065912,0.0299718809383333,2.77337840037539,2.748432216613,3.46694888153006,10 m,0.00996941035322596,TRUE,0.7185166649170598,2
1112_b,8794,38662821,bootstrap_mean,2.88513421801481,NA,2.88513421801481,0.0092189987935978,0.0031953448598801,2.88546797281642,2.85973778311454,2.90512277946288,10 m,0.001101881110752735,TRUE,0.045384996348340145,0
1112_c,9109,41482386,bootstrap_mean,2.93198768739987,NA,2.93198768739987,0.00827489991398625,0.00282228330956074,2.93256738940405,2.91181067052081,2.95306702335825,10 m,9.890397116575078e-4,TRUE,0.04125635283743989,0
1112_d,8186,33501205,bootstrap_mean,2.81120491619378,NA,2.81120491619378,0.0114997919957486,0.00409069859315653,2.81167348171422,2.78165490077577,2.83324020415303,10 m,0.001374488039471339,TRUE,0.05158530337725997,0
1113_a,9276,43017450,bootstrap_mean,2.81230470718477,NA,2.81230470718477,0.0102216281365033,0.00363460904872414,2.81340978701344,2.78443579890477,2.83340922432984,10 m,0.0012217182382726149,TRUE,0.048973425425069994,1
1113_b,9249,42767376,bootstrap_mean,2.82090502140409,NA,2.82090502140409,0.0114934274083266,0.00407437589040336,2.82176654008737,2.79376509745898,2.84146250807298,10 m,0.0013737273257740006,TRUE,0.04769741061400001,0
1113_c,9538,45481953,bootstrap_mean,2.75978640458003,NA,2.75978640458003,0.0109098338171943,0.00395314427199465,2.76017934575609,2.73286701873875,2.78874814217581,10 m,0.0013039745501394484,TRUE,0.055881123437059976,4
1113_d,9001,40504500,bootstrap_mean,2.83761776276717,NA,2.83761776276717,0.0107772442421996,0.00379799012524149,2.83776969178312,2.80788854533143,2.85934698980672,10 m,0.001288127064806133,TRUE,0.05145844447529013,1
1114_a,9346,43669185,bootstrap_mean,2.85078782847221,NA,2.85078782847221,0.0101393622049132,0.00355668777018283,2.85123041940579,2.82473709733159,2.87755769079393,10 m,0.0012118855787716116,TRUE,0.052820593462339804,3
1114_b,9012,40603566,bootstrap_mean,3.06521077425904,NA,3.06521077425904,0.115306639296953,0.0376178500562743,3.08439839807358,2.39745230224896,3.11221570657632,10 m,0.01378177941339197,TRUE,0.7147634043273601,3
1114_c,8594,36924121,bootstrap_mean,2.9544755766254,NA,2.9544755766254,0.010559040326744,0.00357391356025509,2.95459699849455,2.93042018942918,2.97482076481787,10 m,0.0012620467085640013,TRUE,0.04440057538869002,0
1114_d,7221,26067810,bootstrap_mean,2.96548217380084,NA,2.96548217380084,0.081688464707319,0.027546435931739,2.97508770605867,2.29719530146704,2.99928322476346,10 m,0.009763639007079057,TRUE,0.7020879232964199,1
1115_b,2505,3136260,bootstrap_mean,3.08922704950223,NA,3.08922704950223,0.00697431208645625,0.00225762366271525,3.08946870909699,3.07329395075391,3.10667900955235,10 m,8.335897336159157e-4,TRUE,0.03338505879844034,0
1116_b,2274,2584401,bootstrap_mean,3.11039292025413,NA,3.11039292025413,0.0066491378465768,0.00213771636479726,3.10999305218871,3.09448682268625,3.12839945583861,10 m,7.947239781636674e-4,TRUE,0.03391263315235982,3
1116_c,2526,3189075,bootstrap_mean,2.69316404564192,NA,2.69316404564192,0.324537607329026,0.120504210597268,2.47239207658014,2.44807248283081,3.16116278889767,10 m,0.03878966330845832,TRUE,0.7130903060668601,0
1116_d,3469,6015246,bootstrap_mean,3.07898336065191,NA,3.07898336065191,0.0813205019586198,0.0264114782164337,3.08721209539067,2.41082909761589,3.10480483789084,10 m,0.009719659046637597,TRUE,0.6939757402749498,1
1117_a,2859,4085511,bootstrap_mean,3.09035189877362,NA,3.09035189877362,0.00757563338997048,0.00245138212026171,3.09108244574781,3.06760710949476,3.10925033902025,10 m,9.054613761521615e-4,TRUE,0.04164322952548982,1
1117_b,4963,12313203,bootstrap_mean,3.01123917535663,NA,3.01123917535663,0.00748144833127335,0.00248450816942739,3.01236667381885,2.99299808928331,3.02471296664879,10 m,8.942041084794966e-4,TRUE,0.03171487736547984,0
1117_c,6605,21809710,bootstrap_mean,2.92214133187534,NA,2.92214133187534,0.00940179539519614,0.00321743349393794,2.92245488767822,2.90097680277699,2.94230008630966,10 m,0.0011237294835446789,TRUE,0.041323283532669564,0
1118_a,2308,2662278,bootstrap_mean,3.03838898727165,NA,3.03838898727165,0.00819824504937466,0.00269822102558907,3.03850881748181,3.01496946896145,3.05600214682788,10 m,9.798777029346652e-4,TRUE,0.041032677866430056,1
1118_b,5739,16465191,bootstrap_mean,2.90378346878163,NA,2.90378346878163,0.00743518131419336,0.00256051506392555,2.90494094544606,2.88596771665217,2.91633396804824,10 m,8.886741422312398e-4,TRUE,0.030366251396070076,6
1118_c,6346,20132685,bootstrap_mean,2.86110596307299,NA,2.86110596307299,0.00677610480948561,0.00236835157346206,2.86126039092924,2.84037699269739,2.87720537415241,10 m,8.098994328145583e-4,TRUE,0.036828381455019876,3
1118_d,6688,22361328,bootstrap_mean,2.84664688504734,NA,2.84664688504734,0.00996893899699038,0.00350199353820612,2.84639149879501,2.82543385979557,2.86564186977545,10 m,0.0011915161093912217,TRUE,0.04020800997987983,0
1119_a,6313,19923828,bootstrap_mean,2.81759963783562,NA,2.81759963783562,0.00799803609886975,0.00283859920744934,2.81797089204513,2.79558934817285,2.83193294426981,10 m,9.559481563858369e-4,TRUE,0.03634359609695981,0
1119_b,6076,18455850,bootstrap_mean,2.92655583718436,NA,2.92655583718436,0.00868182971796643,0.00296656896398711,2.9266390586532,2.90010359915374,2.94788228142938,10 m,0.0010376771260283027,TRUE,0.04777868227564008,4
1119_c,6946,24119985,bootstrap_mean,2.90148855143624,NA,2.90148855143624,0.00793449061694216,0.00273462758038959,2.90078750785888,2.88347553019587,2.92018866863718,10 m,9.483530185864572e-4,TRUE,0.036713138441309745,0
112_a,8130,33044385,bootstrap_mean,2.73666957165051,NA,2.73666957165051,0.0109434493389824,0.00399882011783481,2.73672531917352,2.70891528112727,2.76127927110818,10 m,0.0013079923734753323,TRUE,0.05236398998090985,0
112_b,7340,26934130,bootstrap_mean,3.06860627904306,NA,3.06860627904306,0.0110624058560571,0.00360502614219602,3.06930659529411,3.04524623476028,3.09743172743231,10 m,0.001322210396722778,TRUE,0.05218549267203043,2
112_c,7756,30073890,bootstrap_mean,2.79332891589308,NA,2.79332891589308,0.0088612622920329,0.00317229462009123,2.79424876203175,2.7673465150181,2.81233998532598,10 m,0.0010591234206253784,TRUE,0.044993470307880035,1
112_d,6131,18791515,bootstrap_mean,2.87034722670179,NA,2.87034722670179,0.00931947315781961,0.00324681037580539,2.870715429365,2.85049990584048,2.89230331294269,10 m,0.0011138900942149943,TRUE,0.04180340710220998,0
1120_b,7584,28754736,bootstrap_mean,2.81703768969052,NA,2.81703768969052,0.0102295363024502,0.00363130970518679,2.81800649755048,2.79090613779162,2.84566033912905,10 m,0.0012226634448913247,TRUE,0.05475420133742981,0
1120_c,6457,20843196,bootstrap_mean,2.90519551607435,NA,2.90519551607435,0.0097170463272807,0.00334471338452666,2.90701626856173,2.88082519225367,2.92741644862735,10 m,0.001161409176859359,TRUE,0.04659125637367989,0
1120_d,5700,16242150,bootstrap_mean,2.79351482644328,NA,2.79351482644328,0.00679732732315697,0.00243325263886692,2.79319940749652,2.7771580860189,2.81122660329636,10 m,8.124360083647581e-4,TRUE,0.034068517277459964,1
1121_a,7750,30027375,bootstrap_mean,2.80222076058463,NA,2.80222076058463,0.0108891502267689,0.00388590020455671,2.80203435068264,2.77299181896067,2.82624192132267,10 m,0.001301502388237429,TRUE,0.05325010236200001,0
1121_b,7113,25293828,bootstrap_mean,2.7648585106255,NA,2.7648585106255,0.00922577339982823,0.00333679765686854,2.76338601771046,2.74369989741142,2.79161757377224,10 m,0.0011026908310710936,TRUE,0.04791767636081978,1
1121_c,5808,16863528,bootstrap_mean,2.80271764438984,NA,2.80271764438984,0.00880187696864632,0.0031404793794569,2.80230332192989,2.78114898242351,2.82566043095979,10 m,0.001052025516876757,TRUE,0.044511448536280085,2
1121_d,6344,20119996,bootstrap_mean,2.81182653286364,NA,2.81182653286364,0.00862682103000891,0.00306804880357364,2.81197752138568,2.79303285870771,2.83152078689889,10 m,0.001031102330267425,TRUE,0.038487928191179854,0
1122_a,7120,25343640,bootstrap_mean,2.73437111164185,NA,2.73437111164185,0.0817843273761508,0.0299097394014829,2.72441430395962,2.70548103766563,3.40514742957547,10 m,0.009775096787514549,TRUE,0.6996663919098398,1
1122_b,6329,20024956,bootstrap_mean,2.73772106324253,NA,2.73772106324253,0.0100268737826712,0.00366248918390375,2.73843908535121,2.71628370017751,2.7601368952373,10 m,0.001198440640723359,TRUE,0.04385319505979002,0
1122_c,8312,34540516,bootstrap_mean,2.79043609954771,NA,2.79043609954771,0.296809552424848,0.10636672614469,2.62735581293591,2.60080408037911,3.32318735281253,10 m,0.03547552685819149,TRUE,0.72238327243342,17
1122_d,6673,22261128,bootstrap_mean,2.77391026158433,NA,2.77391026158433,0.115178937520178,0.041522229148968,2.7548350960039,2.73390372774896,3.44228391259396,10 m,0.013766516131685537,TRUE,0.7083801848450002,2
1123_a,5699,16236451,bootstrap_mean,2.80910681976415,NA,2.80910681976415,0.140364066218377,0.0499675075475279,2.7802554851047,2.76044024320428,3.47393219965944,10 m,0.01677671476667115,TRUE,0.7134919564551603,3
1123_b,6765,22879230,bootstrap_mean,2.71102221944391,NA,2.71102221944391,0.082336879526082,0.0303711562876719,2.70144800023789,2.68248816668676,3.38661478728004,10 m,0.009841139401289249,TRUE,0.7041266205932799,3
1123_c,8028,32220378,bootstrap_mean,2.79846287950501,NA,2.79846287950501,0.0104502527650646,0.00373428314579361,2.79934149145526,2.77980492572995,2.82385792233272,10 m,0.0012490441079581064,TRUE,0.044052996602769845,1
1123_d,7933,31462278,bootstrap_mean,2.71818861441713,NA,2.71818861441713,0.00893685975830963,0.00328779971739598,2.71749794777415,2.69889650277582,2.73565435677432,10 m,0.0010681590460740924,TRUE,0.03675785399850007,0
1124_a,8301,34449150,bootstrap_mean,2.95196559179526,NA,2.95196559179526,0.344943274292437,0.116852064689093,2.64013890899501,2.60445995980922,3.32308425251837,10 m,0.04122860700318017,TRUE,0.71862429270915,0
1124_b,8472,35883156,bootstrap_mean,2.68985018022281,NA,2.68985018022281,0.00959070590991865,0.00356551676388319,2.69089433742682,2.66539149543193,2.70517011641228,10 m,0.0011463086087247218,TRUE,0.0397786209803499,0
1124_c,7749,30019626,bootstrap_mean,2.71534333280732,NA,2.71534333280732,0.00926634566911523,0.00341258711454916,2.71659416278304,2.69181820909953,2.73453559182656,10 m,0.0011075401447708379,TRUE,0.04271738272702974,0
1124_d,7025,24671800,bootstrap_mean,2.94980752453076,NA,2.94980752453076,0.341702535979371,0.115838926146114,2.66623877130319,2.63803626727793,3.35296440781279,10 m,0.04084126468846592,TRUE,0.7149281405348598,0
113_a,7431,27606165,bootstrap_mean,2.73867563764108,NA,2.73867563764108,0.141196111805227,0.0515563471133969,2.70906692657788,2.69306653527909,3.40556853333445,10 m,0.016876163235638505,TRUE,0.7125019980553602,3
113_b,7326,26831475,bootstrap_mean,2.64852564041623,NA,2.64852564041623,0.227331369465661,0.0858331767669558,2.73301000670314,2.04696840256349,2.75947194956934,10 m,0.02717129565845252,TRUE,0.7125035470058498,9
113_c,6624,21935376,bootstrap_mean,2.85969362070613,NA,2.85969362070613,0.0112920670460717,0.00394869819770531,2.85932702627251,2.83914112627156,2.88215806671333,10 m,0.0013496601591987012,TRUE,0.04301694044176996,0
113_d,7802,30431701,bootstrap_mean,2.69862878658091,NA,2.69862878658091,0.114592867201688,0.0424633679783999,2.67881129355035,2.65699577726601,3.3631441671509,10 m,0.01369646733051144,TRUE,0.7061483898848899,3
114_a,7770,30182565,bootstrap_mean,2.80729206614488,NA,2.80729206614488,0.00900660414084192,0.00320828895912147,2.80838875492559,2.78862847039475,2.83057295940585,10 m,0.0010764950942083878,TRUE,0.04194448901110004,0
114_b,7239,26197941,bootstrap_mean,3.02026959455353,NA,3.02026959455353,0.0120781569434239,0.00399903272383514,3.02039589009399,2.99679409783065,3.04454916918483,10 m,0.0014436158726811098,TRUE,0.04775507135417989,0
114_c,8565,36675330,bootstrap_mean,2.84894120387895,NA,2.84894120387895,0.00969850893588965,0.00340425029575365,2.84772241175612,2.82979381365189,2.87191913823183,10 m,0.0011591935348060577,TRUE,0.042125324579940226,0
114_d,7311,26721705,bootstrap_mean,2.87335336413753,NA,2.87335336413753,0.00949969091353956,0.00330613388248925,2.8738805634835,2.84515787699598,2.89128813047797,10 m,0.0011354302359696464,TRUE,0.04613025348198985,2
115_a,8447,35671681,bootstrap_mean,2.75300474631518,NA,2.75300474631518,0.0830852335350384,0.0301798366480282,2.74233188459695,2.72222817751827,3.43185204606705,10 m,0.009930584813430727,TRUE,0.7096238685487797,3
115_b,8653,37432878,bootstrap_mean,2.89097005771551,NA,2.89097005771551,0.01136621965167,0.00393162828557684,2.89122534748724,2.86038895133141,2.9145901389165,10 m,0.0013585230907654788,TRUE,0.05420118758509007,1
115_c,8736,38154480,bootstrap_mean,2.70892908141182,NA,2.70892908141182,0.117191604427929,0.0432612301414888,2.68987844862848,2.66280685564291,3.38555729764436,10 m,0.014007075838605994,TRUE,0.7227504420014501,2
115_d,8388,35175078,bootstrap_mean,2.85403193002605,NA,2.85403193002605,0.0127254661656208,0.00445876797373625,2.85400410172626,2.81663167471538,2.88967034547885,10 m,0.0015209841228266826,TRUE,0.07303867076347004,3
116_a,8638,37303203,bootstrap_mean,2.87600856531387,NA,2.87600856531387,0.333515750076201,0.115964797218816,2.62898733727249,2.60751079924577,3.33104295017477,10 m,0.03986275661546949,TRUE,0.723532150929,0
116_b,8546,36512785,bootstrap_mean,2.73918170632412,NA,2.73918170632412,0.207508612424338,0.0757556944635147,2.67485890345818,2.64577115165711,3.36224326643225,10 m,0.024802023025285117,TRUE,0.7164721147751401,7
116_c,8877,39396126,bootstrap_mean,3.09262023780349,NA,3.09262023780349,0.328418959710695,0.106194402951962,3.32431339708538,2.62476222255878,3.35367322735649,10 m,0.03925357364940622,TRUE,0.7289110047977103,0
116_d,8480,35950960,bootstrap_mean,2.68971320863078,NA,2.68971320863078,0.111739170035881,0.0415431539977314,2.67317977060733,2.64732158035066,3.33682952070735,10 m,0.01335538528101654,TRUE,0.6895079403566902,2
117_a,8696,37805860,bootstrap_mean,2.7246838204762,NA,2.7246838204762,0.0134121305869343,0.00492245393250446,2.72529442086587,2.68171977140956,2.7536193590774,10 m,0.0016030562189632766,TRUE,0.07189958766783988,1
117_b,9053,40973878,bootstrap_mean,2.73084096771478,NA,2.73084096771478,0.0109529039531206,0.00401081721074597,2.73125759476721,2.70634694376922,2.75891940760453,10 m,0.0013091224160061516,TRUE,0.05257246383530978,0
117_c,8541,36470070,bootstrap_mean,2.7847153226614,NA,2.7847153226614,0.0127569813051871,0.00458107196860431,2.78533878176993,2.75842232771487,2.8075940967532,10 m,0.0015247509024703635,TRUE,0.049171769038330204,0
117_d,8663,37519453,bootstrap_mean,3.03750773066536,NA,3.03750773066536,0.0111015254714327,0.00365481389869614,3.03780092026827,3.0156805569321,3.06192025994945,10 m,0.0013268860850710854,TRUE,0.04623970301735003,0
118_a,9116,41546170,bootstrap_mean,2.7953099792892,NA,2.7953099792892,0.274814955265855,0.0983128730988666,2.66190780019866,2.63917290310213,3.35533718016856,10 m,0.03284666968067014,TRUE,0.7161642770664303,14
118_b,8393,35217028,bootstrap_mean,2.75900579756001,NA,2.75900579756001,0.0807918317555585,0.0292829510641147,2.75006741301141,2.72530008342635,3.42060051881656,10 m,0.009656470871477448,TRUE,0.6953004353902097,1
118_c,7323,26809503,bootstrap_mean,2.80257931021449,NA,2.80257931021449,0.00882383230616859,0.00314846836769564,2.80262756308865,2.78542348722058,2.82277612707899,10 m,0.001054649681630178,TRUE,0.037352639858410086,0
118_d,9087,41282241,bootstrap_mean,2.71824502381079,NA,2.71824502381079,0.159160435832832,0.0585526449744772,2.67943142986095,2.66244350330164,3.36443455289801,10 m,0.019023310638153178,TRUE,0.7019910495963702,5
119_a,8308,34507278,bootstrap_mean,2.79164964323438,NA,2.79164964323438,0.0106006715953581,0.00379727865244448,2.79124715470299,2.77032476772271,2.8159182008724,10 m,0.001267022596893047,TRUE,0.04559343314969011,0
119_b,8545,36504240,bootstrap_mean,2.81092245654861,NA,2.81092245654861,0.00967562376964328,0.003442152503034,2.81105564329751,2.78800740956557,2.83749653505768,10 m,0.001156458234263354,TRUE,0.049489125492110375,1
119_c,7583,28747153,bootstrap_mean,2.71378461486879,NA,2.71378461486879,0.00892297955482559,0.00328802054000037,2.71286058189724,2.69366452918532,2.73337664623579,10 m,0.0010665000444433415,TRUE,0.03971211705046995,0
119_d,6881,23670640,bootstrap_mean,2.83975464040257,NA,2.83975464040257,0.0112673103942948,0.00396770560174082,2.83966844335626,2.81439964299697,2.87183138141721,10 m,0.0013467011733511933,TRUE,0.05743173842023985,2
12_a,6659,22167811,bootstrap_mean,2.7530803587243,NA,2.7530803587243,0.0129231442912704,0.00469406722921034,2.75307874926832,2.71440853602392,2.78142228623282,10 m,0.0015446111779482828,TRUE,0.0670137502089001,1
12_b,7172,25715206,bootstrap_mean,2.84949614604188,NA,2.84949614604188,0.327802216179512,0.115038659250285,2.6204688438539,2.60023460092522,3.32535292448222,10 m,0.039179858698097036,TRUE,0.725118323557,0
12_c,7907,31256371,bootstrap_mean,2.683615445688,NA,2.683615445688,0.157393473799792,0.0586497868212414,2.64633880480657,2.62014045290217,3.3203232391896,10 m,0.01881211828080347,TRUE,0.7001827862874297,5
12_d,7543,28444653,bootstrap_mean,2.93565362438237,NA,2.93565362438237,0.34567229683084,0.117749687483504,2.62652405292788,2.59052132610139,3.32000221584537,10 m,0.04131574186265506,TRUE,0.72948088974398,0
120_a,7517,28248886,bootstrap_mean,2.7889040716059,NA,2.7889040716059,0.0115083969601902,0.00412649437367112,2.78935833567478,2.76689862287505,2.80876844560196,10 m,0.0013755165294396295,TRUE,0.04186982272690987,0
120_b,6953,24168628,bootstrap_mean,2.71746482490046,NA,2.71746482490046,0.14068738489095,0.0517715569312302,2.68804161530731,2.66598015386148,3.37840588228287,10 m,0.016815358739410275,TRUE,0.7124257284213904,4
120_c,7332,26875446,bootstrap_mean,2.7653030949759,NA,2.7653030949759,0.0106650825839591,0.00385674995386069,2.76445566001201,2.74331335440469,2.79019595338538,10 m,0.0012747211825261896,TRUE,0.04688259898069003,0
120_d,7068,24974778,bootstrap_mean,2.81525116144607,NA,2.81525116144607,0.00891271331978244,0.00316586791325729,2.81445878833848,2.79574478774641,2.8422461980289,10 m,0.0010652729946599691,TRUE,0.04650141028249033,1
1200_a,6569,21572596,bootstrap_mean,2.80029269783076,NA,2.80029269783076,0.00954348380034236,0.00340803081325577,2.80097041445841,2.77755955831404,2.82870963555484,10 m,0.0011406644870888512,TRUE,0.051150077240799785,1
1200_b,6459,20856111,bootstrap_mean,2.88699593879671,NA,2.88699593879671,0.0105821248483293,0.00366544500673592,2.88776652501578,2.86334117477042,2.92016493468664,10 m,0.001264805836627156,TRUE,0.056823759916219796,1
1200_c,4450,9899025,bootstrap_mean,2.90270402821463,NA,2.90270402821463,0.00664145100404287,0.0022880221129978,2.90252142005994,2.89052146245117,2.91992860420994,10 m,7.938052247524671e-4,TRUE,0.029407141758770017,0
1200_d,6906,23842965,bootstrap_mean,2.79591184230948,NA,2.79591184230948,0.00952368999681559,0.00340629123304147,2.79625061093129,2.76948603783518,2.81462570797547,10 m,0.0011382986750625773,TRUE,0.04513967014029019,2
1201_a,5838,17038203,bootstrap_mean,2.84984560308888,NA,2.84984560308888,0.00826203111184436,0.00289911534256078,2.84838678713632,2.83282481064723,2.86954975251679,10 m,9.875015956087227e-4,TRUE,0.0367249418695601,0
1201_b,4732,11193546,bootstrap_mean,2.76475841886938,NA,2.76475841886938,0.00601310820247873,0.00217491270175343,2.76461230616056,2.75465971910839,2.78529119858095,10 m,7.187038954625887e-4,TRUE,0.030631479472559953,1
1201_c,7881,31051140,bootstrap_mean,2.89356945939104,NA,2.89356945939104,0.328329666498473,0.113468735106007,2.66796543049966,2.62967363687425,3.3659672218753802,10 m,0.039242901069219516,TRUE,0.7362935850011301,0
1201_d,6829,23314206,bootstrap_mean,2.76012068968532,NA,2.76012068968532,0.0820489969556249,0.0297265975586666,2.75063586367941,2.73088757020809,3.43285733366308,10 m,0.009806730852855345,TRUE,0.70196976345499,4
1202_a,6077,18461926,bootstrap_mean,2.75669951676244,NA,2.75669951676244,0.00945941180804011,0.00343142651221906,2.75657280100498,2.73086989168103,2.77942265976715,10 m,0.0011306159620445122,TRUE,0.04855276808611997,1
1202_b,7602,28891401,bootstrap_mean,2.84467359684414,NA,2.84467359684414,0.0106851176260373,0.00375618406199267,2.84440880389959,2.82420015499653,2.86741578670888,10 m,0.0012771158280742978,TRUE,0.04321563171234999,0
1202_c,7625,29066500,bootstrap_mean,2.81602393862846,NA,2.81602393862846,0.160916777885165,0.0571432563757036,2.77687267873694,2.75871558201243,3.47613220626284,10 m,0.019233233665025728,TRUE,0.7174166242504101,4
1202_d,7577,28701676,bootstrap_mean,2.83936120435227,NA,2.83936120435227,0.00972540209583995,0.00342520778298039,2.84004621171952,2.81426193805078,2.86393053084751,10 m,0.001162407882222858,TRUE,0.04966859279672997,2
1203_a,6912,23884416,bootstrap_mean,2.8538045711097,NA,2.8538045711097,0.00990092984685566,0.00346937906929125,2.85355164582699,2.82886421899181,2.8781867691309,10 m,0.0011833874611974682,TRUE,0.04932255013909037,2
1203_b,6852,23471526,bootstrap_mean,3.01494740817896,NA,3.01494740817896,0.00885779571899584,0.0029379602758464,3.01428243686228,2.99616202364826,3.03548824965909,10 m,0.0010587090858983543,TRUE,0.03932622601083002,0
1203_c,8995,40450515,bootstrap_mean,3.04251222510062,NA,3.04251222510062,0.00925641176126782,0.00304235811606696,3.04255670940926,3.02226884703245,3.06528027525578,10 m,0.0011063528156846662,TRUE,0.04301142822333004,0
1203_d,8279,34266781,bootstrap_mean,2.90627192756261,NA,2.90627192756261,0.0107185001512462,0.00368805824726643,2.90615485351023,2.8797289544192,2.92831820899055,10 m,0.0012811058029924484,TRUE,0.048589254571349993,0
1204_a,8641,37329120,bootstrap_mean,2.79354697847517,NA,2.79354697847517,0.0105349233639367,0.00377116384478598,2.79303884146472,2.76479506013811,2.81835510748832,10 m,0.0012591641801722475,TRUE,0.05356004735021003,1
1204_b,8809,38794836,bootstrap_mean,3.10431544617596,NA,3.10431544617596,0.139123535252789,0.0448161720884929,3.13301084409738,2.43987580998751,3.16080963125541,10 m,0.01662844295658755,TRUE,0.7209338212679,3
1204_c,9011,40594555,bootstrap_mean,3.14393819083953,NA,3.14393819083953,0.141480869290793,0.0450011611879092,3.17352107865776,2.47918799218211,3.20485537149209,10 m,0.016910198264985566,TRUE,0.7256673793099804,5
1204_d,8767,38425761,bootstrap_mean,2.90716269553563,NA,2.90716269553563,0.0105553761298429,0.0036308171352268,2.90782900921385,2.88134829439009,2.92631860893424,10 m,0.0012616087532673584,TRUE,0.044970314544150014,0
1205_a,8950,40046775,bootstrap_mean,2.81997477217637,NA,2.81997477217637,0.011608300685982,0.00411645550893459,2.8187997727125,2.79198187198587,2.84264603454055,10 m,0.0013874573085641754,TRUE,0.0506641625546802,0
1205_b,9382,44006271,bootstrap_mean,2.84223702312129,NA,2.84223702312129,0.0107844857983168,0.00379436539267701,2.84350231442669,2.79895225457455,2.86091963313915,10 m,0.0012889925963108706,TRUE,0.06196737856459977,1
1205_c,7010,24566545,bootstrap_mean,2.82516410010348,NA,2.82516410010348,0.00903777497687522,0.00319902655443773,2.82558223529316,2.80101397662068,2.84956138853479,10 m,0.001080220721708775,TRUE,0.04854741191411005,3
1205_d,7476,27941550,bootstrap_mean,2.8871856108041,NA,2.8871856108041,0.0103473069276605,0.00358387312853733,2.88719655912134,2.86354053626997,2.91163528913152,10 m,0.0012367397269503796,TRUE,0.04809475286154985,0
1206_a,5126,13135375,bootstrap_mean,3.04532476899314,NA,3.04532476899314,0.00784450896561202,0.00257591868213307,3.04575201626203,3.02880056587854,3.06168135704983,10 m,9.375981541879636e-4,TRUE,0.032880791171289836,0
1206_b,5651,15964075,bootstrap_mean,2.91426704519632,NA,2.91426704519632,0.0073271641643358,0.00251423910393298,2.91451830598536,2.89850510466149,2.93761958455193,10 m,8.757636234503882e-4,TRUE,0.03911447989044037,1
1206_c,6870,23595015,bootstrap_mean,2.90252110290762,NA,2.90252110290762,0.00909950894247543,0.00313503627358985,2.90349295649209,2.87764676754286,2.92239066685619,10 m,0.0010875993418940787,TRUE,0.044743899313330004,1
1206_d,5843,17067403,bootstrap_mean,2.96012169698397,NA,2.96012169698397,0.00711653158784786,0.00240413480131537,2.96091666689497,2.92957733801295,2.97552828727162,10 m,8.505882153027682e-4,TRUE,0.045950949258669826,1
1207_a,7249,26270376,bootstrap_mean,2.80304197371867,NA,2.80304197371867,0.0103346186283255,0.00368692967327029,2.8022786164739,2.78238662608886,2.83729818590152,10 m,0.0012352231851134805,TRUE,0.05491155981265994,2
1207_b,6733,22663278,bootstrap_mean,2.7942375988669,NA,2.7942375988669,0.00951297232996362,0.00340449657316946,2.79405321892675,2.77119719440965,2.8236323213428,10 m,0.0011370176688578985,TRUE,0.05243512693314978,1
1207_c,7674,29441301,bootstrap_mean,2.82470920192842,NA,2.82470920192842,0.0109751263908063,0.00388540044522588,2.82589633161502,2.8024618900218,2.84574962518605,10 m,0.0013117785053352617,TRUE,0.04328773516425022,0
1207_d,7907,31256371,bootstrap_mean,2.88321621961774,NA,2.88321621961774,0.296906071121243,0.102977386538359,2.72214699258243,2.69914809366033,3.42329497808956,10 m,0.03548706304891819,TRUE,0.72414688442923,17
1208_a,5198,13507003,bootstrap_mean,3.20564094320405,NA,3.20564094320405,0.00902892450143857,0.00281657386507365,3.2065903261456,3.17725301501984,3.22299320700346,10 m,0.0010791628875639655,TRUE,0.045740191983620004,1
1208_b,5509,15171786,bootstrap_mean,2.64089950629277,NA,2.64089950629277,0.333150698589028,0.126150464186612,2.88731287236172,2.19179004952241,2.91279095230154,10 m,0.03981912461733457,TRUE,0.7210009027791302,0
1208_c,7797,30392706,bootstrap_mean,2.95737805917174,NA,2.95737805917174,0.0094655559633507,0.00320065807413262,2.95784788747289,2.93530013889623,2.97325210618369,10 m,0.0011313503290652533,TRUE,0.037951967287459976,0
1208_d,7610,28952245,bootstrap_mean,3.04805427378366,NA,3.04805427378366,0.0827399709601205,0.0271451764070501,3.05912182972828,2.37096732093792,3.09218672593669,10 m,0.009889318042703295,TRUE,0.7212194049987701,3
1209_a,7158,25614903,bootstrap_mean,2.80025506908998,NA,2.80025506908998,0.00919414578132421,0.00328332439527093,2.80004767251264,2.77743401461444,2.81956475816377,10 m,0.0010989106076229817,TRUE,0.04213074354933033,0
1209_b,8126,33011875,bootstrap_mean,2.96192530956557,NA,2.96192530956557,0.00997489504442111,0.00336770647531425,2.96279533103835,2.93545235968945,2.98731909475709,10 m,0.0011922279932199977,TRUE,0.05186673506764006,2
1209_c,8206,33665115,bootstrap_mean,2.88364113326787,NA,2.88364113326787,0.0099797054062214,0.00346080005971892,2.88333244628428,2.85950296697901,2.90295513357284,10 m,0.0011928029414244935,TRUE,0.043452166593829666,0
1209_d,8342,34790311,bootstrap_mean,2.84311757467509,NA,2.84311757467509,0.009029205961548,0.00317581166602997,2.84237699193178,2.82241654007008,2.87349730041499,10 m,0.0010791965284814831,TRUE,0.05108076034491038,2
121_a,8772,38469606,bootstrap_mean,2.80114099807942,NA,2.80114099807942,0.220435062984515,0.0786947401561201,2.72376599899214,2.69917603712975,3.42091942978757,10 m,0.026347029377952136,TRUE,0.7217433926578201,8
121_b,7779,30252531,bootstrap_mean,2.73876190929405,NA,2.73876190929405,0.206918593280133,0.0755518734863187,2.67177455128374,2.64113749650259,3.37251771559312,10 m,0.024731502249164237,TRUE,0.7313802190905299,8
121_c,7687,29541141,bootstrap_mean,2.8181301825063,NA,2.8181301825063,0.31980348500155,0.113480735200505,2.60837061386019,2.58256497508355,3.30125678713517,10 m,0.03822382746386952,TRUE,0.7186918120516199,0
121_d,7740,29949930,bootstrap_mean,2.81255792946373,NA,2.81255792946373,0.252954569841511,0.089937550153764,2.70572954591483,2.68658307984688,3.4041943812941,10 m,0.030233853873644894,TRUE,0.7176113014472199,11
1210_a,6175,19062225,bootstrap_mean,2.91272819533787,NA,2.91272819533787,0.00860024812433205,0.00295264355187609,2.91278457773432,2.89211197667642,2.93214583486798,10 m,0.0010279262605576123,TRUE,0.0400338581915598,0
1210_b,7923,31383003,bootstrap_mean,2.77644212586846,NA,2.77644212586846,0.00916000628324415,0.00329918862629954,2.77582449141807,2.75643615074149,2.80110918853452,10 m,0.0010948301571416213,TRUE,0.04467303779303,0
1210_c,5756,16562890,bootstrap_mean,2.78650902713477,NA,2.78650902713477,0.00823552112883613,0.00295549773879768,2.7854696356764,2.76751395753689,2.80587086809488,10 m,9.843330465962824e-4,TRUE,0.038356910557990176,0
1210_d,5194,13486221,bootstrap_mean,2.92877991435335,NA,2.92877991435335,0.00822354572318034,0.00280784011214992,2.92964741469282,2.90782123589503,2.94605814752964,10 m,9.829017118514638e-4,TRUE,0.03823691163460996,0
1211_a,7376,27199000,bootstrap_mean,2.84462820163399,NA,2.84462820163399,0.220927331639597,0.0776647477208773,2.76619339313095,2.75084932094287,3.47133491001351,10 m,0.02640586673595539,TRUE,0.7204855890706399,8
1211_b,6661,22181130,bootstrap_mean,2.78706025828942,NA,2.78706025828942,0.00982778383385313,0.00352621864009679,2.78708592839958,2.76257189701729,2.80902544481936,10 m,0.0011746448404575311,TRUE,0.046453547802070005,0
1211_c,6877,23643126,bootstrap_mean,2.7177406626363,NA,2.7177406626363,0.115495323243658,0.0424968153994591,2.6983985825242,2.68293343303932,3.39103967944402,10 m,0.013804331458514361,TRUE,0.7081062464046997,2
1211_d,5305,14068860,bootstrap_mean,2.84270724086347,NA,2.84270724086347,0.00736287538708977,0.00259009274020539,2.84234225028206,2.8232461061577,2.8610960824472,10 m,8.80031930961374e-4,TRUE,0.03784997628949993,2
1212_a,6678,22294503,bootstrap_mean,2.76029932150867,NA,2.76029932150867,0.00847359569601263,0.00306981044772394,2.76034225635611,2.74264752126982,2.78424806438024,10 m,0.001012788399980708,TRUE,0.04160054311042005,0
1212_b,6988,24412578,bootstrap_mean,2.73219665868111,NA,2.73219665868111,0.00948771940436936,0.00347256094257478,2.73138635088692,2.70965382430788,2.75893853002895,10 m,0.001133999366943933,TRUE,0.04928470572107013,1
1212_c,6495,21089265,bootstrap_mean,2.93121185983381,NA,2.93121185983381,0.083516402198021,0.0284921070845954,2.94214211618386,2.24666104885093,2.9608000411315,10 m,0.009982119325575254,TRUE,0.7141389922805699,1
1212_d,7009,24559536,bootstrap_mean,2.86403006612547,NA,2.86403006612547,0.0076031378062026,0.00265469901874609,2.86482261404112,2.84899080105165,2.88267087006065,10 m,9.087487826685285e-4,TRUE,0.03368006900899978,0
1213_a,8363,34965703,bootstrap_mean,2.78948028594428,NA,2.78948028594428,0.0108639137446504,0.00389460137051042,2.78970495053078,2.76733282514442,2.81949254541179,10 m,0.0012984860516947303,TRUE,0.052159720267369813,2
1213_b,8323,34632003,bootstrap_mean,2.82359906677316,NA,2.82359906677316,0.00927962348673121,0.00328645224314232,2.82321105217722,2.80610488100448,2.85158058891226,10 m,0.0011091271475192521,TRUE,0.045475707907780105,1
1213_c,8552,36564076,bootstrap_mean,2.88563706748694,NA,2.88563706748694,0.00937414744169452,0.00324855386261666,2.88538172235657,2.86452170238257,2.90682854619719,10 m,0.0011204249210432105,TRUE,0.04230684381461991,0
1213_d,8393,35217028,bootstrap_mean,2.886330576253,NA,2.886330576253,0.0113535887832571,0.0039335718772713,2.88556142687114,2.85168723105968,2.91098176635261,10 m,0.0013570134132366953,TRUE,0.05929453529292994,1
1214_a,8721,38023560,bootstrap_mean,2.86496499368221,NA,2.86496499368221,0.00960699249794487,0.00335326697503464,2.86606494729824,2.84515903036347,2.88664954429677,10 m,0.00114825522832046,TRUE,0.041490513933299944,0
1214_b,8840,39068380,bootstrap_mean,2.9093158364895,NA,2.9093158364895,0.0109753559418937,0.00377248692088962,2.90997098449496,2.88773123897365,2.93498713273657,10 m,0.001311805941937958,TRUE,0.04725589376292039,0
1214_c,9102,41418651,bootstrap_mean,2.90825313076046,NA,2.90825313076046,0.114953286546052,0.0395265753624387,2.9262873665868,2.23437612870421,2.95428104757428,10 m,0.013739545681685578,TRUE,0.7199049188700699,2
1214_d,9264,42906216,bootstrap_mean,2.75896356492411,NA,2.75896356492411,0.0107617718302983,0.00390065746685361,2.75790237451993,2.73327945998913,2.78560247705177,10 m,0.001286277757870149,TRUE,0.05232301706264009,0
1215_a,9259,42859911,bootstrap_mean,2.82079525101366,NA,2.82079525101366,0.0098473606724403,0.00349098739757933,2.81986363226742,2.7979696250964,2.8529565762109,10 m,0.001176984720213502,TRUE,0.05498695111450003,1
1215_b,4679,10944181,bootstrap_mean,2.89377194300852,NA,2.89377194300852,0.218017073659951,0.0753401021067641,2.97064029124086,2.27564667950781,2.9893387665351,10 m,0.026058024376173727,TRUE,0.7136920870272898,8
1215_d,6190,19154955,bootstrap_mean,2.91092700478648,NA,2.91092700478648,0.00913886244670205,0.00313950244429864,2.91167297681431,2.88480397668907,2.92626263694854,10 m,0.0010923029853070006,TRUE,0.041458660259470204,0
1216_c,2280,2598060,bootstrap_mean,3.11148190064627,NA,3.11148190064627,0.00738905593479448,0.00237477066257713,3.11177847612035,3.08487759862973,3.12653244816451,10 m,8.831611049238454e-4,TRUE,0.04165484953478016,1
1217_a,2656,3525840,bootstrap_mean,2.61380415799658,NA,2.61380415799658,0.00803187523489293,0.00307286803042244,2.61387482611697,2.59542114619617,2.63243027763471,10 m,9.599927067348434e-4,TRUE,0.037009131438540344,0
1217_b,3917,7669486,bootstrap_mean,3.17703493966935,NA,3.17703493966935,0.00665960015125695,0.00209616837010613,3.17625540442211,3.16191143380352,3.19700225966828,10 m,7.959744627509961e-4,TRUE,0.03509082586475998,1
1218_a,3006,4516515,bootstrap_mean,3.1227859446241,NA,3.1227859446241,0.0829153514795827,0.0265517243096095,3.1334873393196,2.44181277717458,3.15037834124993,10 m,0.00991028002414141,TRUE,0.7085655640753501,3
1218_b,3704,6857956,bootstrap_mean,3.08300659014048,NA,3.08300659014048,0.00628539361245662,0.00203872208141151,3.0828677801769,3.06792398300974,3.09866525075318,10 m,7.512482266535807e-4,TRUE,0.030741267743440215,2
1218_c,4838,11700703,bootstrap_mean,2.97673891470806,NA,2.97673891470806,0.00770612042524011,0.00258877941466892,2.97640903943088,2.95555482255653,3.00151959673572,10 m,9.210575599223103e-4,TRUE,0.045964774179190204,2
1218_d,2395,2866815,bootstrap_mean,3.08869527302206,NA,3.08869527302206,0.00672514639424065,0.00217734214604492,3.08867793183262,3.07425756425452,3.10596129807669,10 m,8.038087372358464e-4,TRUE,0.0317037338221704,0
1219_b,2148,2305878,bootstrap_mean,2.97972549025858,NA,2.97972549025858,0.00683376242456964,0.00229342013111973,2.97921452622782,2.96431113687196,2.99621444503052,10 m,8.167908359240004e-4,TRUE,0.03190330815856024,0
122_a,8493,36061278,bootstrap_mean,3.08284471965491,NA,3.08284471965491,0.311535987391808,0.101054712683252,3.27222808274318,2.57159484541188,3.29888852740091,10 m,0.037235672496792785,TRUE,0.7272936819890297,0
122_b,7225,26096700,bootstrap_mean,3.00521856601791,NA,3.00521856601791,0.342625733726503,0.114010254562117,3.28201483587154,2.58324803127794,3.31042261662458,10 m,0.040951607924410445,TRUE,0.7271745853466398,0
122_c,7643,29203903,bootstrap_mean,2.8410550544928,NA,2.8410550544928,0.340984095319225,0.120020235010933,2.5583374109088,2.52603413801469,3.24610697504128,10 m,0.040755394605354364,TRUE,0.7200728370265899,0
122_d,7767,30159261,bootstrap_mean,2.68028235965481,NA,2.68028235965481,0.0116947882033093,0.00436326723607413,2.679857187171,2.64849506702389,2.71053534283373,10 m,0.0013977945440701645,TRUE,0.06204027580983995,3
1220_c,2327,2706301,bootstrap_mean,2.8205816503489,NA,2.8205816503489,0.00703001867369797,0.00249240034332222,2.8203697247138,2.79747310579722,2.83840848891553,10 m,8.402479442958842e-4,TRUE,0.04093538311831013,3
1221_a,2998,4492503,bootstrap_mean,2.82291265961665,NA,2.82291265961665,0.00774281953610636,0.00274284771430294,2.82325603821338,2.80620946352258,2.84111571904473,10 m,9.254439426467579e-4,TRUE,0.03490625552214999,0
1221_b,6725,22609450,bootstrap_mean,2.9118060706514,NA,2.9118060706514,0.0102490301123058,0.00351981892462123,2.91125464424167,2.89368189130339,2.93496742177676,10 m,0.0012249934008157584,TRUE,0.041285530473369914,0
1221_c,8361,34948980,bootstrap_mean,2.79381049050866,NA,2.79381049050866,0.00957965772554811,0.0034288860171772,2.79207697949472,2.77441843448659,2.81523509816407,10 m,0.0011449880981206347,TRUE,0.04081666367748005,0
1221_d,7339,26926791,bootstrap_mean,2.9195183502448,NA,2.9195183502448,0.113472018517715,0.0388666913185186,2.93726150891437,2.25818817561444,2.96884056143473,10 m,0.013562500289129507,TRUE,0.71065238582029,3
1222_a,7682,29502721,bootstrap_mean,2.82580171407096,NA,2.82580171407096,0.00949000918576134,0.00335834221435505,2.82501572615903,2.80551144890726,2.84688987753248,10 m,0.0011342730481668146,TRUE,0.04137842862522012,0
1222_b,5467,14941311,bootstrap_mean,2.90609882384389,NA,2.90609882384389,0.00811199035714813,0.00279136768873483,2.90646093350625,2.88856076776733,2.92256025763962,10 m,9.69568295350817e-4,TRUE,0.033999489872289956,0
1222_c,7670,29410615,bootstrap_mean,2.77951513179867,NA,2.77951513179867,0.157943891178733,0.056824260235822,2.74195558882687,2.71702028502474,3.42839990773685,10 m,0.018877905740641986,TRUE,0.7113796227121099,7
1222_d,5632,15856896,bootstrap_mean,2.83610874856502,NA,2.83610874856502,0.139531131026224,0.0491980891412654,2.86590402220201,2.16536332758644,2.88456631295283,10 m,0.016677159969532878,TRUE,0.7192029853663899,3
1223_a,7362,27095841,bootstrap_mean,2.88213203204791,NA,2.88213203204791,0.00910983515249263,0.00316079730255092,2.88175320758921,2.85848655749013,2.90149012385298,10 m,0.001088833560057934,TRUE,0.043003566362850076,0
1223_b,6482,21004921,bootstrap_mean,2.81864075538901,NA,2.81864075538901,0.115766110286744,0.0410716087409891,2.7993129623409,2.77623402204701,3.48940376263495,10 m,0.013836696700607706,TRUE,0.71316974058794,2
1223_c,7304,26670556,bootstrap_mean,2.71769400622809,NA,2.71769400622809,0.00983363415969587,0.00361837430452446,2.71798776945589,2.69551149354195,2.74055252842555,10 m,0.0011753440881396484,TRUE,0.045041034883599895,0
1223_d,8022,32172231,bootstrap_mean,2.75319563160341,NA,2.75319563160341,0.0835050631144123,0.0303302323147231,2.74365561508778,2.72107845795048,3.43816439759188,10 m,0.009980764045861979,TRUE,0.7170859396413998,1
1224_a,6662,22187791,bootstrap_mean,2.75969954467935,NA,2.75969954467935,0.00731415668750105,0.00265034528907418,2.75994434828738,2.74391757492666,2.77851807630569,10 m,8.742089326055734e-4,TRUE,0.03460050137902959,0
1224_b,8095,32760465,bootstrap_mean,3.04633252689433,NA,3.04633252689433,0.329156156290967,0.108049975957987,3.28197894107464,2.5757795344419,3.30742091668895,10 m,0.03934168549375068,TRUE,0.7316413822470502,0
1224_c,6681,22314540,bootstrap_mean,3.11095203727097,NA,3.11095203727097,0.307820894448914,0.0989474896305197,3.29468746704948,2.59173690358367,3.31122868453551,10 m,0.03679163395962446,TRUE,0.7194917809518397,0
1224_d,6472,20940156,bootstrap_mean,2.74993445409115,NA,2.74993445409115,0.117017915946263,0.0425529836800919,2.73232809407759,2.71191283737423,3.43912071443001,10 m,0.013986316094366088,TRUE,0.7272078770557804,2
123_a,6926,23981275,bootstrap_mean,2.68836852515826,NA,2.68836852515826,0.00998152199338227,0.00371285480393529,2.68828894866747,2.66356503668512,2.71482405784327,10 m,0.0011930200651190956,TRUE,0.05125902115814984,1
123_b,7999,31988001,bootstrap_mean,2.7963902089453,NA,2.7963902089453,0.0108761321530596,0.00388934710122651,2.7984338383294,2.77402529901928,2.82038580587843,10 m,0.001299946430823851,TRUE,0.04636050685915016,0
123_c,6996,24468510,bootstrap_mean,2.86503341284718,NA,2.86503341284718,0.0117363430733348,0.00409640705085934,2.86580541388585,2.83554653891869,2.88942051244232,10 m,0.0014027613010213296,TRUE,0.05387397352362999,0
123_d,7687,29541141,bootstrap_mean,2.7611752489601,NA,2.7611752489601,0.0153522151665125,0.00556002925648939,2.76206545736058,2.72413059973648,2.79503533905402,10 m,0.0018349406783673122,TRUE,0.07090473931753971,4
124_a,7899,31193151,bootstrap_mean,2.83669548464764,NA,2.83669548464764,0.0102980024537261,0.00363028125840773,2.83871663315755,2.8017077845006,2.85418759013214,10 m,0.001230846715168922,TRUE,0.05247980563154009,4
124_b,6641,22048120,bootstrap_mean,2.852702145065,NA,2.852702145065,0.113999247877542,0.0399618474276236,2.87081052416438,2.17957342573012,2.89845940166113,10 m,0.013625516250584134,TRUE,0.71888597593101,2
124_c,6848,23444128,bootstrap_mean,2.93743158648333,NA,2.93743158648333,0.0825397222884287,0.0280992832882432,2.94738625239409,2.26150760591513,2.96759396721604,10 m,0.009865383748564568,TRUE,0.7060863613009101,3
124_d,6386,20387305,bootstrap_mean,2.87295413549729,NA,2.87295413549729,0.00942023336200335,0.00327893621607459,2.87196593918064,2.8536671734596,2.89280368222419,10 m,0.0011259332420872723,TRUE,0.03913650876458963,0
13_a,7947,31573431,bootstrap_mean,2.77714083789253,NA,2.77714083789253,0.0118122927032762,0.00425340067097212,2.77706695007888,2.74911976195741,2.80210685120539,10 m,0.0014118390180787618,TRUE,0.05298708924798001,0
13_b,8008,32060028,bootstrap_mean,2.72517175870325,NA,2.72517175870325,0.0105046840254333,0.00385468695390848,2.72610721643128,2.70068593220285,2.75120781731185,10 m,0.0012555498879215862,TRUE,0.05052188510900013,0
13_c,8066,32526145,bootstrap_mean,2.71166750204474,NA,2.71166750204474,0.00914553679766106,0.00337266157844383,2.71161360996882,2.68106231479978,2.73620615905214,10 m,0.0010931007228284953,TRUE,0.055143844252360186,2
13_d,7178,25758253,bootstrap_mean,2.7355666539669,NA,2.7355666539669,0.00923107968721062,0.00337446710495043,2.73482829094504,2.71685224037815,2.7533695711959,10 m,0.0011033250537199719,TRUE,0.03651733081774999,0
1300_a,7307,26692471,bootstrap_mean,2.82221208193104,NA,2.82221208193104,0.0823002935113001,0.0291616261011072,2.81141727261445,2.78660140123349,3.49769545734918,10 m,0.009836766536132363,TRUE,0.71109405611569,3
1300_b,6918,23925903,bootstrap_mean,2.81992487487246,NA,2.81992487487246,0.00993443009614745,0.00352294140339351,2.82063778859997,2.79065405136897,2.84342156630581,10 m,0.0011873915068348064,TRUE,0.052767514936840065,3
1300_c,6481,20998440,bootstrap_mean,2.84666322081183,NA,2.84666322081183,0.0101783848568529,0.00357554935983968,2.84645566515089,2.81779591705743,2.865666674976,10 m,0.0012165496777726543,TRUE,0.047870757918570206,1
1300_d,6545,21415240,bootstrap_mean,2.87891104644078,NA,2.87891104644078,0.00953939236379192,0.00331354189480274,2.87951612421202,2.85637476566241,2.89768679321935,10 m,0.001140175466887015,TRUE,0.041312027556939857,0
1301_a,5629,15840006,bootstrap_mean,2.87768837008966,NA,2.87768837008966,0.00738962679174551,0.0025679037621142,2.87779890841443,2.86296459435403,2.8979959292032,10 m,8.832293353798163e-4,TRUE,0.035031334849170204,0
1301_b,7611,28959855,bootstrap_mean,2.84653527758365,NA,2.84653527758365,0.00862068738048632,0.00302848429400257,2.84553994289587,2.82901581414767,2.87247561915851,10 m,0.001030369218928522,TRUE,0.043459805010840125,1
1301_c,7184,25801336,bootstrap_mean,2.82215632302435,NA,2.82215632302435,0.00853014307422823,0.00302256221763327,2.82235931484765,2.80402298212884,2.84112311229579,10 m,0.0010195471044033217,TRUE,0.03710013016695024,0
1301_d,6294,19804071,bootstrap_mean,2.83437799168554,NA,2.83437799168554,0.00784762987344165,0.00276873088080071,2.83485167052422,2.81163293817028,2.85507316223278,10 m,9.379711740204708e-4,TRUE,0.04344022406250003,1
1302_a,6333,20050278,bootstrap_mean,2.91483535236964,NA,2.91483535236964,0.00840235149045801,0.00288261615999245,2.91565998417166,2.89353301871916,2.93892138373658,10 m,0.0010042730887078897,TRUE,0.04538836501741983,1
1302_b,7402,27391101,bootstrap_mean,2.80746768541239,NA,2.80746768541239,0.00822588363095458,0.00293000117995883,2.80631510605246,2.79047336690317,2.82553890149893,10 m,9.831811452772395e-4,TRUE,0.035065534595760006,0
1302_c,7231,26140065,bootstrap_mean,2.79844076483577,NA,2.79844076483577,0.00880241169037558,0.00314547007783178,2.79883991960845,2.77976101961288,2.8242634855234,10 m,0.0010520894283476412,TRUE,0.044502465910519984,1
1302_d,6777,22960476,bootstrap_mean,2.89993683510489,NA,2.89993683510489,0.00894226594505548,0.00308360714509564,2.90002676221961,2.87794980851187,2.91736243717782,10 m,0.0010688052089806968,TRUE,0.03941262866594997,0
1303_a,6546,21421785,bootstrap_mean,2.76298979815943,NA,2.76298979815943,0.207548460022842,0.0751173457683777,2.69587289661443,2.67491554353365,3.39617337156357,10 m,0.024806785724259643,TRUE,0.7212578280299198,7
1303_b,6956,24189490,bootstrap_mean,2.76520135435899,NA,2.76520135435899,0.0816467647899406,0.0295265169971202,2.75581680230601,2.73958707876541,3.43534378604113,10 m,0.009758654913653303,TRUE,0.69575670727572,1
1303_c,7660,29333970,bootstrap_mean,2.74144243108567,NA,2.74144243108567,0.0111288907575851,0.00405950189994608,2.74202127147633,2.72100454932459,2.77115039205487,10 m,0.0013301568623622824,TRUE,0.05014584273027989,2
1303_d,6527,21297601,bootstrap_mean,2.75563800700419,NA,2.75563800700419,0.115273902841373,0.0418320194990685,2.73605373909561,2.71253608585131,3.42678098060905,10 m,0.013777866658564225,TRUE,0.7142448947577398,2
1304_a,6161,18975880,bootstrap_mean,2.82701182538862,NA,2.82701182538862,0.00897580621580224,0.0031750154474746,2.8287507861931,2.80207174635354,2.84733189074149,10 m,0.0010728140380968317,TRUE,0.0452601443879499,1
1304_b,8073,32582628,bootstrap_mean,2.78623202414892,NA,2.78623202414892,0.0091908790264026,0.00329867683191605,2.78755920504731,2.76291658556173,2.80686949618034,10 m,0.0010985201557287825,TRUE,0.043952910618610286,1
1304_c,8232,33878796,bootstrap_mean,2.79486052390616,NA,2.79486052390616,0.00981785905850291,0.00351282612299423,2.79516653039146,2.77024588233385,2.82993329022909,10 m,0.0011734586029135514,TRUE,0.059687407895240074,2
1304_d,7515,28233855,bootstrap_mean,2.73237473913444,NA,2.73237473913444,0.0822737205657873,0.0301107016498951,2.72242552079353,2.70051956994177,3.40724894720221,10 m,0.009833590461661245,TRUE,0.7067293772604399,1
1305_a,8546,36512785,bootstrap_mean,2.76520938377296,NA,2.76520938377296,0.0101679710369295,0.00367710709235911,2.76458930843712,2.74136497468742,2.79058685290054,10 m,0.001215304988222164,TRUE,0.049221878213120185,0
1305_b,8327,34665301,bootstrap_mean,2.74653976696397,NA,2.74653976696397,0.00906730316396885,0.00330135513529879,2.7457717826704,2.72297409164034,2.769126243374,10 m,0.0010837500151083836,TRUE,0.04615215173366005,2
1305_c,8027,32212351,bootstrap_mean,2.94484543401492,NA,2.94484543401492,0.00901610135599688,0.00306165520670624,2.94588235581136,2.92554196870925,2.96673757550045,10 m,0.0010776302285346092,TRUE,0.041195606791200046,1
1305_d,6533,21336778,bootstrap_mean,3.03760644677829,NA,3.03760644677829,0.00948084545565095,0.00312115661517192,3.03724219410787,3.0170203338651,3.0624951467575,10 m,0.001133177772927199,TRUE,0.045474812892400074,0
1306_a,6059,18352711,bootstrap_mean,2.94154832298667,NA,2.94154832298667,0.0816728858394854,0.0277652708273579,2.9495237824997,2.27254537191818,2.97759620827544,10 m,0.009761776976225482,TRUE,0.7050508363572603,2
1306_b,6770,22913065,bootstrap_mean,3.00620665048156,NA,3.00620665048156,0.00834962406982643,0.00277746177844724,3.00607964564175,2.99121837576769,3.02144630040998,10 m,9.979709565443623e-4,TRUE,0.030227924642290294,0
1306_c,4846,11739435,bootstrap_mean,2.92557595870369,NA,2.92557595870369,0.00769416631915092,0.00262996634774104,2.92566385804983,2.90691500260966,2.94517367543824,10 m,9.196287709626284e-4,TRUE,0.038258672828579865,1
1306_d,5446,14826735,bootstrap_mean,2.88727855349903,NA,2.88727855349903,0.00782306939583272,0.0027094958975649,2.88713662100768,2.87158335712601,2.90333442304754,10 m,9.350356354707596e-4,TRUE,0.03175106592153032,0
1307_a,6569,21572596,bootstrap_mean,2.81705583211164,NA,2.81705583211164,0.00901189136750077,0.00319904606247919,2.81721543658452,2.79696730102959,2.8418796537731,10 m,0.0010771270386650573,TRUE,0.04491235274351002,1
1307_b,6194,19179721,bootstrap_mean,2.85640025083779,NA,2.85640025083779,0.00809642395469235,0.0028344851014201,2.85563818932684,2.83479454365189,2.88280150329892,10 m,9.677077543948609e-4,TRUE,0.048006959647029834,3
1307_c,5895,17372565,bootstrap_mean,2.80758046955472,NA,2.80758046955472,0.0814251676343763,0.0290018998626566,2.79733780910613,2.78016459864772,3.47538282206593,10 m,0.009732168987645546,TRUE,0.6952182234182103,2
1307_d,6233,19422028,bootstrap_mean,2.83774008099247,NA,2.83774008099247,0.00830830470509472,0.00292778918011018,2.83745836295613,2.81687391909728,2.85473377793382,10 m,9.93032347859676e-4,TRUE,0.037859858836540194,0
1308_a,6666,22214445,bootstrap_mean,2.79885690312544,NA,2.79885690312544,0.0100215478610499,0.00358058600632958,2.7982930515119,2.76878582906395,2.82181573004027,10 m,0.0011978040713340739,TRUE,0.053029900976319766,2
1308_b,5872,17237256,bootstrap_mean,2.8268791519056,NA,2.8268791519056,0.00786159740562015,0.00278101644363561,2.82781905321796,2.79763201023107,2.84714253155005,10 m,9.396406134266249e-4,TRUE,0.04951052131898015,2
1308_c,7253,26299378,bootstrap_mean,2.70587650374967,NA,2.70587650374967,0.00820716976824617,0.00303309103607392,2.70537153200945,2.68318562825141,2.72339934160199,10 m,9.809444108672147e-4,TRUE,0.040213713350579994,1
1308_d,6378,20336253,bootstrap_mean,2.85104561127043,NA,2.85104561127043,0.00980640739399664,0.00343958278157005,2.85197777449967,2.82954082338071,2.87657782789641,10 m,0.001172089867209312,TRUE,0.04703700451569981,1
1309_a,6410,20540845,bootstrap_mean,2.77102846279311,NA,2.77102846279311,0.138514885931882,0.0499868145678531,2.7441136608795,2.71889132948299,3.42610096639986,10 m,0.01655569544844755,TRUE,0.7072096369168701,3
1309_b,7283,26517403,bootstrap_mean,2.77656504950349,NA,2.77656504950349,0.0835919480501131,0.0301062451481413,2.76760347467946,2.73692464046232,3.4622754057906,10 m,0.009991148781948955,TRUE,0.7253507653282796,2
1309_c,6588,21697578,bootstrap_mean,2.79991202316388,NA,2.79991202316388,0.0098631946673834,0.00352268020772955,2.80234168070522,2.77927402400557,2.81871438131461,10 m,0.0011788772445891068,TRUE,0.03944035730904005,0
1309_d,6288,19766328,bootstrap_mean,2.79220164500238,NA,2.79220164500238,0.00744647378296232,0.00266688252844861,2.79254318189747,2.77090682801164,2.80609864049548,10 m,8.900238504055075e-4,TRUE,0.0351918124838404,2
1310_a,7512,28211316,bootstrap_mean,2.73949707667056,NA,2.73949707667056,0.114504927786185,0.0417977915586421,2.72106111429121,2.70258686852106,3.40148234491986,10 m,0.013685956559981706,TRUE,0.6988954763987998,2
1310_b,8333,34715278,bootstrap_mean,2.77342674068967,NA,2.77342674068967,0.00848424186424195,0.00305911879328464,2.77421162749645,2.74938243769786,2.79203399664255,10 m,0.001014060860465455,TRUE,0.04265155894468986,0
1310_c,7407,27428121,bootstrap_mean,2.92688471569813,NA,2.92688471569813,0.0105133848022703,0.00359200509192674,2.92674580963775,2.90386497159783,2.95165948946779,10 m,0.001256589829661488,TRUE,0.04779451786995992,2
1310_d,8205,33656910,bootstrap_mean,2.79920318266496,NA,2.79920318266496,0.00916340590439553,0.00327357655247862,2.79877027790525,2.78252752517207,2.8211709583651,10 m,0.0010952364895877242,TRUE,0.03864343319303032,0
1311_a,8211,33706155,bootstrap_mean,2.81326766200028,NA,2.81326766200028,0.00980430534095984,0.00348502400727445,2.81316866462524,2.79108111800834,2.83825502437067,10 m,0.0011718386238165196,TRUE,0.04717390636232999,2
1311_b,6338,20081953,bootstrap_mean,2.87026237664846,NA,2.87026237664846,0.00734904162881429,0.0025604076089363,2.87057517945213,2.85136114443437,2.88691600466629,10 m,8.783784805948271e-4,TRUE,0.03555486023191978,0
1311_c,6739,22703691,bootstrap_mean,2.79251974628298,NA,2.79251974628298,0.00833903373216338,0.00298620403428235,2.79307232666747,2.77421852568681,2.81268693752421,10 m,9.967051690886234e-4,TRUE,0.03846841183740013,0
1311_d,6387,20393691,bootstrap_mean,2.82631670091605,NA,2.82631670091605,0.00917630868907166,0.00324673759529408,2.82496091610407,2.79954937229437,2.84666389182765,10 m,0.0010967786673262232,TRUE,0.04711451953328005,1
1312_a,6034,18201561,bootstrap_mean,2.82499258293205,NA,2.82499258293205,0.00802469348929084,0.00284060692327979,2.82490059244902,2.80170061808914,2.84264799007023,10 m,9.591343239539853e-4,TRUE,0.04094737198109,4
1312_b,7522,28286481,bootstrap_mean,2.83636693192687,NA,2.83636693192687,0.28381380989883,0.100062444919996,2.69232898472845,2.67134674126759,3.38722573436907,10 m,0.033922238531527454,TRUE,0.7158789931014797,15
1312_c,4943,12214153,bootstrap_mean,2.86907613937051,NA,2.86907613937051,0.00773718851845196,0.00269675259303141,2.86972342017359,2.85524673688514,2.88938214055526,10 m,9.247709073067373e-4,TRUE,0.034135403670120024,1
1312_d,6561,21520080,bootstrap_mean,2.78998453205805,NA,2.78998453205805,0.00898653643237647,0.00322099865756155,2.7904180174617,2.77048585737118,2.80983928363705,10 m,0.001074096544280219,TRUE,0.039353426265869906,0
1313_a,7918,31343403,bootstrap_mean,2.83671547039282,NA,2.83671547039282,0.231069334276889,0.0814566482569687,2.75120257328738,2.72666658250462,3.4429196092886998,10 m,0.027618067906759018,TRUE,0.7162530267840799,10
1313_b,7509,28188786,bootstrap_mean,2.81742605652005,NA,2.81742605652005,0.00979288463520453,0.00347582667255524,2.81718852900715,2.79481408147544,2.8345421232623,10 m,0.001170473588390766,TRUE,0.03972804178685996,0
1313_c,8324,34640326,bootstrap_mean,2.89955223168472,NA,2.89955223168472,0.0118318512142212,0.00408057874761806,2.89994406908251,2.87428317501997,2.92087721048448,10 m,0.0014141767072625062,TRUE,0.0465940354645098,0
1313_d,6968,24273028,bootstrap_mean,2.82946027843725,NA,2.82946027843725,0.00914307688776722,0.00323138548982108,2.8295992447689,2.80632587699257,2.84692125800079,10 m,0.0010928067073603452,TRUE,0.040595381008220244,3
1314_a,7818,30556653,bootstrap_mean,2.81426703243955,NA,2.81426703243955,0.00776577355816253,0.00275943024192369,2.81378313577986,2.8010402138347,2.83192127870641,10 m,9.281874730328407e-4,TRUE,0.030881064871709718,0
1314_b,8392,35208636,bootstrap_mean,2.95071278047986,NA,2.95071278047986,0.0107741765686016,0.00365138099508603,2.95154428527061,2.92187827177328,2.97893853158679,10 m,0.00128776040768129,TRUE,0.05706025981351015,0
1314_c,8029,32228406,bootstrap_mean,2.82354983753455,NA,2.82354983753455,0.00988145176527822,0.0034996555165842,2.82303213199904,2.80138224740628,2.84346948501704,10 m,0.0011810593851618377,TRUE,0.04208723761075994,0
1314_d,8397,35250606,bootstrap_mean,2.77944627263788,NA,2.77944627263788,0.139833551961593,0.0503098596789503,2.75014812148454,2.72754051541454,3.43576543102339,10 m,0.016713306184934346,TRUE,0.70822491560885,3
1315_a,8283,34299903,bootstrap_mean,2.86948013292217,NA,2.86948013292217,0.0110259309916245,0.00384248382315724,2.86768497405827,2.84783472029101,2.89556782113417,10 m,0.0013178508165736342,TRUE,0.04773310084316007,0
1315_b,9077,41191426,bootstrap_mean,2.82887997957035,NA,2.82887997957035,0.0103369276580286,0.00365407077453976,2.83036856465762,2.80843359890671,2.85166234210127,10 m,0.0012354991669495754,TRUE,0.04322874319456016,0
1315_c,8444,35646346,bootstrap_mean,2.90521999129648,NA,2.90521999129648,0.179005959418431,0.0616152855737951,2.95482184564757,2.2524277148571,2.97631053380564,10 m,0.021395304393826017,TRUE,0.7238828189485398,5
1315_d,8314,34557141,bootstrap_mean,2.92940725192263,NA,2.92940725192263,0.00958410965307531,0.00327168905818235,2.92926173333868,2.90818205467764,2.94940119621892,10 m,0.001145520205235354,TRUE,0.04121914154128037,0
1316_a,8443,35637903,bootstrap_mean,2.77008973848281,NA,2.77008973848281,0.333975481761968,0.120564860091821,3.02437407858475,2.32731952761369,3.05202046185184,10 m,0.039917705061814114,TRUE,0.7247009342381499,0
1316_b,4972,12357906,bootstrap_mean,2.96842078215505,NA,2.96842078215505,0.0071748195068472,0.00241704934488376,2.96739018563985,2.95619220915157,2.98462569202507,10 m,8.57554954139426e-4,TRUE,0.028433482873500004,0
1316_d,6691,22381395,bootstrap_mean,2.73472372370243,NA,2.73472372370243,0.341857827257757,0.125006348646777,2.43628618775148,2.40264329746948,3.11777813857425,10 m,0.040859825546336624,TRUE,0.7151348411047698,0
1317_a,4095,8382465,bootstrap_mean,2.90060489786926,NA,2.90060489786926,0.205873347984415,0.0709760050862653,2.96720300302757,2.27705323684483,2.98549252595515,10 m,0.024606571541042805,TRUE,0.70843928911032,8
1322_b,5459,14897611,bootstrap_mean,2.88199611541076,NA,2.88199611541076,0.00782935159698933,0.00271664196739329,2.88174571441253,2.85815116543483,2.90054883834223,10 m,9.35786502125957e-4,TRUE,0.04239767290739982,2
1322_c,6365,20253430,bootstrap_mean,2.88923575071355,NA,2.88923575071355,0.00892644272303862,0.003089551526155,2.88944956246157,2.8714395787482,2.91290897997548,10 m,0.0010669139722160569,TRUE,0.041469401227280045,0
1322_d,4318,9320403,bootstrap_mean,2.94364515974825,NA,2.94364515974825,0.00752904254024858,0.00255772762396826,2.94362312368806,2.91923969380629,2.96360601785718,10 m,8.9989270450008e-4,TRUE,0.04436632405089025,2
1323_a,6575,21612025,bootstrap_mean,2.88016876878241,NA,2.88016876878241,0.00743359505046184,0.00258095814767284,2.88092412012074,2.86123462019584,2.89912178624533,10 m,8.884845474518536e-4,TRUE,0.03788716604948972,3
1323_b,5932,17591346,bootstrap_mean,2.91073316298007,NA,2.91073316298007,0.00861889212579309,0.00296107256941715,2.91103407224972,2.88884740030753,2.93405219878944,10 m,0.0010301546449514832,TRUE,0.04520479848190995,0
1323_c,7884,31074786,bootstrap_mean,2.76703369249693,NA,2.76703369249693,0.0113012760919141,0.00408425677018626,2.76775407004577,2.74532862693946,2.79077826883454,10 m,0.0013507608507042522,TRUE,0.04544964189507983,0
1323_d,8371,35032635,bootstrap_mean,2.76253840289962,NA,2.76253840289962,0.0106885208697234,0.0038690940399252,2.76173909678548,2.73861972460705,2.78871249618591,10 m,0.0012775225934961141,TRUE,0.05009277157886016,0
1324_a,7660,29333970,bootstrap_mean,2.83645029301268,NA,2.83645029301268,0.00980319811864565,0.00345615015457696,2.83494211287582,2.81767435615298,2.86831235951847,10 m,0.0011717062854378383,TRUE,0.05063800336549029,1
1324_b,6973,24307878,bootstrap_mean,2.74385016617058,NA,2.74385016617058,0.0821192960738675,0.0299284913900661,2.73266647050762,2.71815516872379,3.41764414065713,10 m,0.0098151332045888,TRUE,0.6994889719333401,1
1324_c,6381,20355390,bootstrap_mean,2.8694621420826,NA,2.8694621420826,0.00898635548096952,0.00313172122021704,2.86929977367915,2.84957176443685,2.89272312931774,10 m,0.0010740749164503706,TRUE,0.043151364880889886,1
1324_d,5916,17496570,bootstrap_mean,2.81032521940533,NA,2.81032521940533,0.00729593091636253,0.00259611623095577,2.81055931506274,2.79245142160143,2.82507265647327,10 m,8.720305362963795e-4,TRUE,0.03262123487183999,2
14_a,7629,29097006,bootstrap_mean,2.88493496545277,NA,2.88493496545277,0.0124035608711875,0.00429942477723786,2.88572509160649,2.85395293422289,2.90865466699674,10 m,0.0014825090810863936,TRUE,0.05470173277384971,1
14_b,6476,20966050,bootstrap_mean,2.8450989975978,NA,2.8450989975978,0.00720920162916538,0.002533901855525,2.84549939453928,2.82007408931916,2.86000370182972,10 m,8.616644037638581e-4,TRUE,0.03992961251055993,1
14_c,8116,32930670,bootstrap_mean,2.88628069222606,NA,2.88628069222606,0.012256427829629,0.00424644348092706,2.88486810246448,2.85373138372147,2.91740227807706,10 m,0.001464923319021483,TRUE,0.06367089435559015,2
14_d,8253,34051878,bootstrap_mean,2.82332665639863,NA,2.82332665639863,0.0107157432294624,0.00379543160731221,2.82392269779564,2.80439864785553,2.8541801519289,10 m,0.001280776287813479,TRUE,0.04978150407337001,0
1400_a,6408,20528028,bootstrap_mean,2.81146308742958,NA,2.81146308742958,0.00935633055015426,0.00332792224517819,2.81178025679884,2.79041456596895,2.83181363215192,10 m,0.0011182953951933779,TRUE,0.04139906618296996,0
1400_b,6806,23157415,bootstrap_mean,2.91111167549858,NA,2.91111167549858,0.00927733530858211,0.00318687028967832,2.91116411882171,2.89236149291508,2.93293983043856,10 m,0.0011088536579205463,TRUE,0.040578337523479835,0
1400_c,6570,21579165,bootstrap_mean,2.88417289750421,NA,2.88417289750421,0.00830058591141362,0.00287797791824354,2.88310612022165,2.85548520398212,2.90294200639877,10 m,9.92109775555956e-4,TRUE,0.04745680241664996,1
1400_d,6284,19741186,bootstrap_mean,2.81428441797397,NA,2.81428441797397,0.0108582735263584,0.00385827155813037,2.8150708856577,2.78775198645922,2.8432019870204,10 m,0.0012978119166681813,TRUE,0.05545000056117999,0
1401_a,4556,10376290,bootstrap_mean,2.9494481705836,NA,2.9494481705836,0.218540103694645,0.0740952514013507,3.02619768340097,2.32615420942979,3.04197193251285,10 m,0.02612053842227447,TRUE,0.71581772308306,9
1401_b,3804,7233306,bootstrap_mean,3.01654068125852,NA,3.01654068125852,0.00834221245302937,0.00276548978930029,3.01709068112019,2.99783902720634,3.03280020983851,10 m,9.970850989006355e-4,TRUE,0.03496118263216985,0
1401_c,5208,13559028,bootstrap_mean,3.05066295286483,NA,3.05066295286483,0.159839409957881,0.0523949752652217,3.08888070486831,2.39192437558998,3.12108504470118,10 m,0.019104463568078815,TRUE,0.7291606691112,5
1401_d,7198,25902003,bootstrap_mean,2.85170791207535,NA,2.85170791207535,0.00859803040056661,0.00301504595339476,2.85140070745528,2.83171249399776,2.87440343339173,10 m,0.001027661191868407,TRUE,0.04269093939397006,3
1402_a,5031,12652965,bootstrap_mean,2.9303662781916,NA,2.9303662781916,0.00756291031301272,0.00258087542478819,2.9299551083548,2.90957114645079,2.94974393177943,10 m,9.039406775942937e-4,TRUE,0.04017278532863999,0
1402_b,6315,19936455,bootstrap_mean,2.96346672626216,NA,2.96346672626216,0.00932606056287154,0.00314701038490638,2.96294885682632,2.94001308319832,2.9816538137119,10 m,0.0011146774397129283,TRUE,0.04164073051357997,0
1402_c,7717,29772186,bootstrap_mean,2.82054802459995,NA,2.82054802459995,0.00917953088390222,0.00325452032861741,2.82120044499488,2.79985868816307,2.84130611625299,10 m,0.0010971637932708567,TRUE,0.04144742808991975,0
1402_d,8446,35663235,bootstrap_mean,2.79880047273285,NA,2.79880047273285,0.00826067949128125,0.00295150710876336,2.79785046223382,2.77725039058749,2.8182096945569,10 m,9.873400460521234e-4,TRUE,0.040959303969410055,1
1403_a,7784,30291436,bootstrap_mean,2.8246553325946002,NA,2.8246553325946002,0.00768733963810154,0.00272151421428125,2.82388916757839,2.8025959298834,2.84071730204326,10 m,9.188128265129264e-4,TRUE,0.03812137215986011,1
1403_b,6573,21598878,bootstrap_mean,2.75349999628981,NA,2.75349999628981,0.0836155605813721,0.0303670095129978,2.74484277334455,2.71833882927615,3.43917731022578,10 m,0.009993971019238912,TRUE,0.72083848094963,3
1403_c,6557,21493846,bootstrap_mean,2.78136082854854,NA,2.78136082854854,0.163265403373718,0.058699828406988,2.74237021584944,2.71903274656808,3.44416118465818,10 m,0.01951394810267878,TRUE,0.7251284380901,4
1403_d,6423,20624253,bootstrap_mean,2.7008204269027,NA,2.7008204269027,0.081630377647833,0.0302242891955045,2.69086384019215,2.67562027186248,3.37078519924877,10 m,0.009756696275546081,TRUE,0.6951649273862901,1
1404_a,6452,20810926,bootstrap_mean,2.85353614076046,NA,2.85353614076046,0.00900306104306743,0.00315505414999515,2.85508862067486,2.83185181274354,2.87467630101502,10 m,0.001076071613025814,TRUE,0.04282448827148011,0
1404_b,6752,22791376,bootstrap_mean,2.86422174448648,NA,2.86422174448648,0.319533672418944,0.111560382164557,2.65629914058885,2.62336621913735,3.34888068528781,10 m,0.03819157869208061,TRUE,0.72551446615046,0
1404_c,6354,20183481,bootstrap_mean,2.87286947786787,NA,2.87286947786787,0.0809682763849485,0.0281837643543207,2.88179481716637,2.20957587971333,2.91170667477181,10 m,0.009677560038378481,TRUE,0.7021307950584803,3
1404_d,7674,29441301,bootstrap_mean,2.95291142578759,NA,2.95291142578759,0.0119423704430839,0.0040442697802555,2.95285542172514,2.91657379879442,2.98293279614782,10 m,0.0014273862816843335,TRUE,0.0663589973534,1
1405_a,7894,31153671,bootstrap_mean,2.9945165810405,NA,2.9945165810405,0.140751266800108,0.0470030013162264,3.02075357981029,2.32478814788902,3.05304123091763,10 m,0.016822994087954728,TRUE,0.7282530830286098,3
1405_b,7463,27844453,bootstrap_mean,2.77092870170784,NA,2.77092870170784,0.0821973877628831,0.0296642016491516,2.76115481181891,2.74175327661647,3.44443979732927,10 m,0.009824466946675067,TRUE,0.7026865207128004,1
1405_c,6249,19521876,bootstrap_mean,2.89281243806956,NA,2.89281243806956,0.00792197525123094,0.00273850290014566,2.89257869868691,2.87584557567173,2.90706623580046,10 m,9.46857146271024e-4,TRUE,0.03122066012873015,0
1405_d,7130,25414885,bootstrap_mean,2.89307580063392,NA,2.89307580063392,0.00808578544120665,0.00279487507359293,2.89320259628657,2.87147285057095,2.91597488295109,10 m,9.66436208826971e-4,TRUE,0.044502032380139944,2
1406_a,6474,20953101,bootstrap_mean,3.04014449301537,NA,3.04014449301537,0.00787888013676027,0.00259161370614513,3.04034649404429,3.02171256471809,3.0602178969303,10 m,9.417062948972354e-4,TRUE,0.038505332212209975,1
1406_b,5930,17579485,bootstrap_mean,2.9656808756134,NA,2.9656808756134,0.00951297447312297,0.00320768648823531,2.9650864364063,2.93925576297157,2.98734580508557,10 m,0.0011370179250144354,TRUE,0.04809004211400003,0
1406_c,5893,17360778,bootstrap_mean,3.00170654146559,NA,3.00170654146559,0.00787455813603364,0.00262336042089873,3.00094396077409,2.9875499196886,3.02682195991465,10 m,9.411897170054322e-4,TRUE,0.03927204022605002,1
1406_d,2960,4379320,bootstrap_mean,2.96666566730693,NA,2.96666566730693,0.243526482956909,0.0820876061770644,3.06470735012241,2.36777956808182,3.08190817757412,10 m,0.029106981956068225,TRUE,0.7141286094923003,10
1407_a,4934,12169711,bootstrap_mean,2.98804466466211,NA,2.98804466466211,0.00718878744655812,0.00240585006361377,2.98829753436047,2.96797364214958,3.00436871419775,10 m,8.592244422550208e-4,TRUE,0.036395072048170274,1
1407_b,6247,19509381,bootstrap_mean,2.89345078883925,NA,2.89345078883925,0.00904802134488832,0.00312706937328561,2.89494958956196,2.87400392994266,2.91777979283072,10 m,0.0010814453969278776,TRUE,0.043775862888060235,1
1407_c,6520,21251940,bootstrap_mean,2.90283027739477,NA,2.90283027739477,0.00923923892730461,0.0031828381422274,2.90418409507614,2.87792625467948,2.92403260307946,10 m,0.0011043002694390484,TRUE,0.04610634839997996,0
1407_d,7480,27971460,bootstrap_mean,2.85480565958783,NA,2.85480565958783,0.0108844999707961,0.00381269384633615,2.85571742922573,2.82395460784173,2.884594311117,10 m,0.001300946576339487,TRUE,0.06063970327527013,2
1408_a,5622,15800631,bootstrap_mean,2.90782680987341,NA,2.90782680987341,0.00812295921217204,0.00279348109199312,2.90913515141452,2.89223010889291,2.92727042411462,10 m,9.708793242844388e-4,TRUE,0.03504031522171003,0
1408_b,7553,28520128,bootstrap_mean,2.79370838222095,NA,2.79370838222095,0.00874485192781182,0.00313019497076492,2.79371070000905,2.76843180561038,2.80882565055271,10 m,0.0010452097208513713,TRUE,0.040393844942330226,0
1408_c,6425,20637100,bootstrap_mean,2.80925019601165,NA,2.80925019601165,0.00885904917692315,0.00315352800882617,2.8081712883482,2.78938521689431,2.82979762543865,10 m,0.0010588589027758861,TRUE,0.04041240854434003,0
1408_d,6445,20765790,bootstrap_mean,2.75436633624911,NA,2.75436633624911,0.00910714948317821,0.00330644089107635,2.75555530909578,2.73187828337922,2.77337584777541,10 m,0.0010885125611779533,TRUE,0.0414975643961899,0
1409_a,5718,16344903,bootstrap_mean,2.83591339406368,NA,2.83591339406368,0.00769260350600808,0.00271256644230065,2.83522896668525,2.81591224085129,2.85061591962464,10 m,9.194419790646918e-4,TRUE,0.0347036787733499,0
1409_b,6308,19892278,bootstrap_mean,2.78326194043389,NA,2.78326194043389,0.114167726741833,0.0410193970906077,2.76449819932605,2.74497479223108,3.44739490690488,10 m,0.013645653326451011,TRUE,0.7024201146738003,3
1409_c,6501,21128250,bootstrap_mean,2.83093550574553,NA,2.83093550574553,0.00890367854047922,0.00314513648311971,2.83043404757729,2.81080322308131,2.85125303676541,10 m,0.0010641931319897461,TRUE,0.04044981368410028,0
1409_d,4849,11753976,bootstrap_mean,2.84511125975054,NA,2.84511125975054,0.00661006544171045,0.00232330648548697,2.84494554624612,2.82536851244288,2.86495329445128,10 m,7.900539325504916e-4,TRUE,0.03958478200840032,2
1410_a,7817,30548836,bootstrap_mean,2.83183342574132,NA,2.83183342574132,0.266867238006154,0.0942383247476124,2.70883763505794,2.68700027904244,3.4132467617780202,10 m,0.0318967357759006,TRUE,0.7262464827355801,13
1410_b,6576,21618600,bootstrap_mean,2.7452566288243,NA,2.7452566288243,0.00929291645837295,0.00338508114716867,2.74630339094869,2.72458297959446,2.76840539496793,10 m,0.00111071596152018,TRUE,0.04382241537346987,0
1410_c,8642,37337761,bootstrap_mean,2.76442740601916,NA,2.76442740601916,0.177343607044774,0.0641520217382566,2.71737889775351,2.68817664899763,3.41909058558418,10 m,0.02119661528224704,TRUE,0.7309139365865498,5
1410_d,7848,30791628,bootstrap_mean,3.06563670223593,NA,3.06563670223593,0.334537379429453,0.109124926376781,3.31394133593579,2.62087344422604,3.33612026406109,10 m,0.03998486467858375,TRUE,0.7152468198350501,0
1411_a,6734,22670011,bootstrap_mean,2.78470760026693,NA,2.78470760026693,0.00798573357979669,0.00286770990930294,2.78489886820375,2.76512611121244,2.80473066932534,10 m,9.544777241095367e-4,TRUE,0.03960455811290009,0
1411_b,7161,25636380,bootstrap_mean,2.8098632155969,NA,2.8098632155969,0.0832697633880599,0.0296348103088608,2.80042041653844,2.77400951317039,3.49167279873483,10 m,0.009952640349391483,TRUE,0.71766328556444,1
1411_c,7185,25808520,bootstrap_mean,2.85562948222872,NA,2.85562948222872,0.00820119619304998,0.00287193988018684,2.85612208957791,2.83341231202336,2.87428573128105,10 m,9.80230432069765e-4,TRUE,0.040873419257689836,0
1411_d,7317,26765586,bootstrap_mean,2.83343148592732,NA,2.83343148592732,0.00873631959617546,0.00308330010433135,2.83367363295021,2.81271735952576,2.85537095218744,10 m,0.0010441899121637608,TRUE,0.04265359266168023,1
1412_a,7419,27517071,bootstrap_mean,2.81614586803275,NA,2.81614586803275,0.0106507933386876,0.00378204604370436,2.8173530940511,2.7802905812334,2.84344056010675,10 m,0.0012730132910507602,TRUE,0.06314997887335005,1
1412_b,6375,20317125,bootstrap_mean,2.83771589073331,NA,2.83771589073331,0.00747282731934624,0.00263339516959718,2.83838589219341,2.82394041436398,2.85060948632179,10 m,8.931737004698271e-4,TRUE,0.026669071957809987,0
1412_c,4966,12328095,bootstrap_mean,2.87356217800389,NA,2.87356217800389,0.00723219638375314,0.00251680525276713,2.87295616481473,2.85903124784334,2.89494443894396,10 m,8.644128026186497e-4,TRUE,0.03591319110062008,1
1412_d,5758,16574403,bootstrap_mean,2.85607748422357,NA,2.85607748422357,0.00809285979163655,0.00283355750547384,2.85555585937484,2.84104138100776,2.87924946597156,10 m,9.672817554295985e-4,TRUE,0.038208084963800015,2
1413_a,6573,21598878,bootstrap_mean,2.79904006883277,NA,2.79904006883277,0.00977069039154553,0.00349072901825947,2.79896358996127,2.77746158520507,2.8188770860344,10 m,0.0011678208688923886,TRUE,0.04141550082933021,0
1413_b,7847,30783781,bootstrap_mean,2.74518937782657,NA,2.74518937782657,0.00950364527920357,0.00346192701893952,2.74457927441582,2.72797976602759,2.76914855848176,10 m,0.0011359028730669857,TRUE,0.04116879245416971,0
1413_c,6837,23368866,bootstrap_mean,2.85117390831505,NA,2.85117390831505,0.00826410521621001,0.00289849215865399,2.85195625108218,2.83535712702322,2.8692856062365,10 m,9.8774949849638e-4,TRUE,0.03392847921328013,0
1413_d,6339,20088291,bootstrap_mean,2.80306801362212,NA,2.80306801362212,0.00932570753862954,0.00332696441659969,2.80290291028501,2.78112799183176,2.82503722295321,10 m,0.0011146352452455455,TRUE,0.043909231121450176,0
1414_a,6227,19384651,bootstrap_mean,2.70719015152057,NA,2.70719015152057,0.34490878821178,0.127404714448319,2.39410204965384,2.35011548021243,3.07583400152105,10 m,0.04122448512815767,TRUE,0.7257185213086199,0
1414_b,6283,19734903,bootstrap_mean,2.82743514592123,NA,2.82743514592123,0.00778809344478652,0.00275447288544226,2.82839829176409,2.80104552744835,2.84363643006279,10 m,9.3085520973785e-4,TRUE,0.04259090261443976,1
1414_c,7932,31454346,bootstrap_mean,2.78211744528301,NA,2.78211744528301,0.00892656149311156,0.0032085494838639,2.78337820223065,2.7560428345758,2.80042623246924,10 m,0.0010669281679549678,TRUE,0.04438339789344026,1
1414_d,7728,29857128,bootstrap_mean,2.83077138734369,NA,2.83077138734369,0.00947609888007383,0.003347532380199,2.83103942171604,2.8072301083123,2.85060218928509,10 m,0.0011326104486345848,TRUE,0.043372080972789995,1
1415_a,7524,28301526,bootstrap_mean,2.82767332027562,NA,2.82767332027562,0.00763759779380955,0.00270101844475623,2.82641363243766,2.80726085032286,2.844675392253,10 m,9.12867538975042e-4,TRUE,0.03741454193013993,1
1415_b,8154,33239781,bootstrap_mean,2.88860689395712,NA,2.88860689395712,0.00980441349271332,0.0033941667567241,2.88723152032073,2.86390506083569,2.91398046379274,10 m,0.0011718515504235106,TRUE,0.0500754029570496,0
1415_c,7996,31964010,bootstrap_mean,2.8670936041505,NA,2.8670936041505,0.00898376287540459,0.00313340410735087,2.86626812672737,2.84442427350516,2.8883891660225,10 m,0.0010737650408159782,TRUE,0.043964892517339926,0
1415_d,7649,29249776,bootstrap_mean,2.82716681162125,NA,2.82716681162125,0.00877589912897315,0.00310413205648116,2.82647158691175,2.80250852481687,2.84937533366237,10 m,0.0010489205711581495,TRUE,0.046866808845499985,2
1416_a,7980,31836210,bootstrap_mean,2.83037359336446,NA,2.83037359336446,0.0121863813322988,0.00430557342707995,2.83007614249495,2.80500699942345,2.86420065203142,10 m,0.0014565511612622108,TRUE,0.05919365260796994,0
1416_b,7900,31201050,bootstrap_mean,2.84952671294511,NA,2.84952671294511,0.217286275363174,0.0762534614524103,2.92592057007855,2.23492032392676,2.95824948688225,10 m,0.025970677272977655,TRUE,0.7233291629554901,8
1416_c,8666,37545445,bootstrap_mean,2.90906091370153,NA,2.90906091370153,0.177829139563327,0.0611293970249163,2.95869900094094,2.26415722886294,2.98085054978906,10 m,0.021254647517940713,TRUE,0.7166933209261197,5
1416_d,8612,37078966,bootstrap_mean,2.82402922986483,NA,2.82402922986483,0.00974841205348466,0.00345195154157496,2.8240544635302,2.8019524724324,2.84730719268157,10 m,0.0011651580981905112,TRUE,0.0453547202491702,0
1417_a,8438,35595703,bootstrap_mean,2.88819633808485,NA,2.88819633808485,0.115110831908346,0.0398556117499529,2.90827339356123,2.21656383642068,2.93507251472778,10 m,0.013758375954113755,TRUE,0.7185086783070997,2
1417_b,9086,41273155,bootstrap_mean,2.87167720680938,NA,2.87167720680938,0.00871923121191099,0.00303628527302294,2.87095986053093,2.8519319932723,2.89313255374895,10 m,0.0010421474595877411,TRUE,0.04120056047664988,0
1417_c,7513,28218828,bootstrap_mean,2.98858242895204,NA,2.98858242895204,0.00999325462207977,0.00334381094035407,2.98785488837184,2.96611217886426,3.01627821125997,10 m,0.0011944223824672904,TRUE,0.05016603239571005,1
1417_d,8364,34974066,bootstrap_mean,2.99832463446519,NA,2.99832463446519,0.0811411424743702,0.0270621604951204,3.01004298301961,2.33522786704737,3.03430677862372,10 m,0.009698221487944539,TRUE,0.69907891157635,2
1418_a,9157,41920746,bootstrap_mean,3.00752800951933,NA,3.00752800951933,0.011550278775048,0.0038404559287526,3.0056943573045,2.98220750024467,3.03918128991168,10 m,0.0013805223637725185,TRUE,0.056973789667010166,1
1418_b,6716,22548970,bootstrap_mean,2.95290831177436,NA,2.95290831177436,0.311836263287665,0.105603097137915,3.14913529169229,2.46653887922365,3.17872023435349,10 m,0.03727156233093497,TRUE,0.7121813551298404,0
1418_d,5117,13089286,bootstrap_mean,3.22389973299299,NA,3.22389973299299,0.114530727813555,0.0355255241474979,3.24465521452933,2.5616711591925,3.25773290724444,10 m,0.01368904025306513,TRUE,0.6960617480519398,2
1423_b,6034,18201561,bootstrap_mean,2.90321488065333,NA,2.90321488065333,0.00816820260609934,0.00281350259690774,2.90429450969714,2.8864741411334,2.92262790394292,10 m,9.762869441649685e-4,TRUE,0.036153762809520096,0
1423_c,7939,31509891,bootstrap_mean,2.80995665765781,NA,2.80995665765781,0.010247630739353,0.00364689993044046,2.8115455267448,2.78887812051014,2.82977229514096,10 m,0.001224826143756927,TRUE,0.04089417463081979,0
1423_d,4657,10841496,bootstrap_mean,2.92109219375652,NA,2.92109219375652,0.00825650778923687,0.00282651393437159,2.92217294367242,2.89588737888814,2.93965186789778,10 m,9.868414322888174e-4,TRUE,0.043764489009639806,1
1424_a,2113,2231328,bootstrap_mean,2.75308607357478,NA,2.75308607357478,0.00709453104732472,0.00257693761027701,2.75446170845663,2.73448601847015,2.7674669226067,10 m,8.479586477573604e-4,TRUE,0.032980904136550304,0
1424_b,7185,25808520,bootstrap_mean,2.78698870496249,NA,2.78698870496249,0.00933037724683984,0.00334783461096424,2.78610596656796,2.76675238479311,2.80881185984504,10 m,0.001115193382130565,TRUE,0.04205947505192986,0
15_a,8173,33394878,bootstrap_mean,2.99750134939495,NA,2.99750134939495,0.082560396667582,0.0275430723940281,3.00517713030955,2.32542212233145,3.03143740507168,10 m,0.009867854809508993,TRUE,0.7060152827402302,1
15_b,8406,35326215,bootstrap_mean,2.75694979905847,NA,2.75694979905847,0.194358764634798,0.0704977525166302,2.69947841341669,2.67764143475006,3.39702082178939,10 m,0.023230315596640034,TRUE,0.7193793870393299,6
15_c,9006,40549515,bootstrap_mean,2.990173714609,NA,2.990173714609,0.0135926450945373,0.00454577104605267,2.98711824314766,2.95843987513555,3.0275928316735,10 m,0.0016246318293519784,TRUE,0.06915295653795006,0
15_d,8448,35680128,bootstrap_mean,2.78576484094399,NA,2.78576484094399,0.011476508872012,0.00411969765119264,2.78666394549928,2.76419671814752,2.8094140778254,10 m,0.0013717051739108733,TRUE,0.04521735967787999,0
1500_a,8419,35435571,bootstrap_mean,2.81714809080566,NA,2.81714809080566,0.0809595653091009,0.0287381290225136,2.80843604144971,2.78360588253685,3.48046538671547,10 m,0.009676518865671368,TRUE,0.6968595041786201,1
1500_b,6476,20966050,bootstrap_mean,2.89382121663789,NA,2.89382121663789,0.00958892838575194,0.00331358700759426,2.89508923390981,2.87040437901744,2.92326484500699,10 m,0.0011460961539509385,TRUE,0.052860465989549965,3
1500_c,6116,18699670,bootstrap_mean,2.85818304542934,NA,2.85818304542934,0.00783574262426169,0.00274151182752001,2.85828142282863,2.84019037643835,2.88230984993181,10 m,9.365503759898533e-4,TRUE,0.042119473493460013,2
1500_d,7896,31169460,bootstrap_mean,2.9324615347456,NA,2.9324615347456,0.0101155249086309,0.00344949960597128,2.93299053849437,2.90700327994525,2.95309126196516,10 m,0.001209036476923033,TRUE,0.04608798201990982,3
1501_a,7942,31533711,bootstrap_mean,2.87284403465461,NA,2.87284403465461,0.00844560875770072,0.00293980761079363,2.8726421625818,2.85404058857364,2.89290805150763,10 m,0.0010094433210449008,TRUE,0.038867462933990016,0
1501_b,6500,21121750,bootstrap_mean,2.84232975360375,NA,2.84232975360375,0.00926649118879242,0.00326017457230062,2.84273787439037,2.82040582281671,2.85924904112483,10 m,0.0011075575376989775,TRUE,0.03884321830811999,0
1501_c,7151,25564825,bootstrap_mean,2.89043251522175,NA,2.89043251522175,0.0090246934655963,0.00312226402729348,2.89151292894692,2.86148125500673,2.91552933330062,10 m,0.0010786571820553855,TRUE,0.05404807829388991,3
1501_d,7494,28076271,bootstrap_mean,2.80097707384805,NA,2.80097707384805,0.160264435839974,0.0572173322432086,2.76265791930361,2.73951254522899,3.45303606496828,10 m,0.019155263877477326,TRUE,0.7135235197392902,4
1502_a,6159,18963561,bootstrap_mean,2.80118682827979,NA,2.80118682827979,0.0827426431080376,0.0295384235969901,2.79228075008223,2.77102786889429,3.48044879225036,10 m,0.009889637425467182,TRUE,0.70942092335607,1
1502_b,4312,9294516,bootstrap_mean,2.86590401297564,NA,2.86590401297564,0.00847040198590782,0.00295557769819133,2.86496978590479,2.85185934146473,2.8919029712889,10 m,0.0010124066786119889,TRUE,0.04004362982416998,0
1502_c,7309,26707086,bootstrap_mean,2.85024617098489,NA,2.85024617098489,0.0111599992966793,0.0039154510267522,2.85139181208012,2.82816261478997,2.87174880867337,10 m,0.001333875043954281,TRUE,0.043586193883399904,0
1502_d,7435,27635895,bootstrap_mean,2.84142222368217,NA,2.84142222368217,0.268987308737952,0.0946664337654733,2.71451157359115,2.69671393454319,3.41663018388758,10 m,0.032150132695146355,TRUE,0.71991624934439,13
1503_a,7037,24756166,bootstrap_mean,2.77552688480683,NA,2.77552688480683,0.161580973706987,0.0582163244721128,2.73649757898394,2.7169235978666,3.43124132622184,10 m,0.01931262024986993,TRUE,0.71431772835524,4
1503_b,7166,25672195,bootstrap_mean,2.83830475654146,NA,2.83830475654146,0.00980164112533589,0.00345334344479604,2.83875216437517,2.82226494305593,2.86208392593802,10 m,0.0011715201891430017,TRUE,0.03981898288209029,0
1503_c,8485,35993370,bootstrap_mean,2.81370755237291,NA,2.81370755237291,0.00961222128966843,0.00341621192350358,2.81329708502084,2.79087780731953,2.84574342255179,10 m,0.001148880188466485,TRUE,0.05486561523226019,1
1503_d,8308,34507278,bootstrap_mean,2.79452380164391,NA,2.79452380164391,0.00907419519126842,0.00324713469462326,2.79369643137849,2.76983786233007,2.81552452532506,10 m,0.0010845737699288595,TRUE,0.04568666299498991,4
1504_a,7306,26685165,bootstrap_mean,2.86444988737844,NA,2.86444988737844,0.0116766099765125,0.00407638828941043,2.86424997941086,2.83921179054318,2.89938055911847,10 m,0.0013956218303967142,TRUE,0.06016876857529008,1
1504_b,8440,35612580,bootstrap_mean,2.94300511477341,NA,2.94300511477341,0.139807828836256,0.0475051260136939,2.97119911449269,2.27862851812512,2.99645160672943,10 m,0.01671023168340192,TRUE,0.7178230886043098,3
1504_c,7966,31724595,bootstrap_mean,2.89409359862914,NA,2.89409359862914,0.0105568537014223,0.0036477236625736,2.89545849043161,2.86430344885253,2.91416084167311,10 m,0.0012617853568497623,TRUE,0.049857392820580326,0
1504_d,7338,26919453,bootstrap_mean,2.88962583259999,NA,2.88962583259999,0.00876852971842083,0.0030344862021569,2.88881369250184,2.86885468668624,2.90906610167497,10 m,0.0010480397581255432,TRUE,0.04021141498872982,4
1505_a,7667,29387611,bootstrap_mean,2.88215927691324,NA,2.88215927691324,0.176988593091544,0.0614083317703029,2.92923717680336,2.23886386743572,2.9552457725841,10 m,0.0211541829988857,TRUE,0.71638190514838,5
1505_b,7470,27896715,bootstrap_mean,3.04993168796118,NA,3.04993168796118,0.00977328684192529,0.00320442811244029,3.05024518113655,3.0276548119106,3.07251502344242,10 m,0.0011681312040700493,TRUE,0.04486021153181996,0
1505_c,6423,20624253,bootstrap_mean,2.8385050883754,NA,2.8385050883754,0.00913877836155597,0.00321957441576633,2.83745788183173,2.81349483583717,2.86149315014721,10 m,0.0010922929352097789,TRUE,0.04799831431003998,2
1505_d,7487,28023841,bootstrap_mean,2.96038667128936,NA,2.96038667128936,0.0108248739370736,0.00365657433944565,2.95926037783079,2.93733241512526,2.98317468906825,10 m,0.00129381990220286,TRUE,0.04584227394299001,0
1506_a,6840,23389380,bootstrap_mean,2.97701694231184,NA,2.97701694231184,0.0102489111648031,0.00344267814507101,2.97703121324725,2.95325856839546,3.00335265051156,10 m,0.0012249791838699349,TRUE,0.050094082116100225,0
1506_b,6516,21225870,bootstrap_mean,2.93588529584634,NA,2.93588529584634,0.0103833535450805,0.00353670273146257,2.93650571472422,2.91154988596956,2.96010338257769,10 m,0.0012410481217913912,TRUE,0.04855349660813024,0
1506_c,5741,16476670,bootstrap_mean,2.98189112389361,NA,2.98189112389361,0.0814094335477491,0.0273012763260949,2.99128382983246,2.31260410914588,3.01051619496611,10 m,0.009730288404597689,TRUE,0.6979120858202297,3
1506_d,7017,24615636,bootstrap_mean,2.80072616865512,NA,2.80072616865512,0.177617840888397,0.0634184958444857,2.75316987532443,2.73211317958389,3.44159041820258,10 m,0.021229392495801632,TRUE,0.7094772386186898,5
1507_a,7272,26437356,bootstrap_mean,2.90607908555632,NA,2.90607908555632,0.324291718852366,0.111590809921226,2.68452897319919,2.66569072929446,3.38266249496945,10 m,0.038760274014257357,TRUE,0.7169717656749901,0
1507_b,5234,13694761,bootstrap_mean,2.96950899089951,NA,2.96950899089951,0.00871836510157022,0.00293596184698848,2.97006892358622,2.95077956263898,2.9876144780065,10 m,0.0010420439396019283,TRUE,0.036834915367519816,0
1507_c,5961,17763780,bootstrap_mean,2.95496071833659,NA,2.95496071833659,0.00904782942626698,0.0030619119131168,2.95545362004605,2.92683003663443,2.97567897009468,10 m,0.0010814224582651887,TRUE,0.04884893346024999,1
1507_d,8216,33747220,bootstrap_mean,2.79090169139201,NA,2.79090169139201,0.0817309167178916,0.0292847709290422,2.78123999554697,2.75759115340345,3.46095631716489,10 m,0.009768712992835072,TRUE,0.7033651637614398,3
1508_a,8470,35866215,bootstrap_mean,3.00288768682305,NA,3.00288768682305,0.081994969949581,0.0273053735274158,3.01272882643024,2.33126098221731,3.02959478422704,10 m,0.00980027339052531,TRUE,0.69833380200973,1
1508_b,7162,25643541,bootstrap_mean,2.90466926536243,NA,2.90466926536243,0.0105817095637007,0.00364299980375918,2.90478425510576,2.87830661540027,2.93030812327561,10 m,0.001264756200620244,TRUE,0.05200150787533975,0
1508_c,4505,10145260,bootstrap_mean,2.95213311686551,NA,2.95213311686551,0.00788063496922375,0.00266947141516138,2.95180212514457,2.93582406384055,2.96794524513503,10 m,9.419160374937296e-4,TRUE,0.03212118129447994,0
1508_d,8274,34225401,bootstrap_mean,2.95150604513787,NA,2.95150604513787,0.00874372395864661,0.00296246181607877,2.95114099003017,2.93030214611355,2.97309316750909,10 m,0.0010450749027497007,TRUE,0.04279102139554025,0
1509_a,7283,26517403,bootstrap_mean,2.89212087605922,NA,2.89212087605922,0.0105467864518086,0.00364673086077216,2.89092716135617,2.86570312955383,2.91658768836764,10 m,0.0012605820903742017,TRUE,0.05088455881380982,1
1509_b,6686,22347955,bootstrap_mean,2.87051373964811,NA,2.87051373964811,0.00919442423155972,0.00320305877814292,2.86984212266105,2.84932091086362,2.89494379095362,10 m,0.0010989438887917577,TRUE,0.04562288008999982,1
1509_c,3385,5727420,bootstrap_mean,2.91465457304748,NA,2.91465457304748,0.00657588628237223,0.00225614600892368,2.91495761548979,2.89732715491621,2.93150811937292,10 m,7.859687416420876e-4,TRUE,0.03418096445671015,1
1509_d,7691,29571895,bootstrap_mean,2.72582098790581,NA,2.72582098790581,0.0827103805982613,0.0303432914212778,2.71619860361561,2.69059530892256,3.40274228435184,10 m,0.009885781317997827,TRUE,0.7121469754292797,4
1510_a,6794,23075821,bootstrap_mean,2.84872275207026,NA,2.84872275207026,0.0106978232960861,0.00375530517608695,2.84875267764725,2.82379178718054,2.87412876129321,10 m,0.001278634446108607,TRUE,0.05033697411267024,0
1510_b,5345,14281840,bootstrap_mean,2.86252808525896,NA,2.86252808525896,0.00672704432295507,0.00235003609487608,2.86294317011897,2.84862331398878,2.87871906400284,10 m,8.040355831056416e-4,TRUE,0.030095750014059952,0
1510_c,7774,30213651,bootstrap_mean,2.79053480455775,NA,2.79053480455775,0.205446818723201,0.0736227401240965,2.72184684921264,2.7073004176596,3.41004320582083,10 m,0.02455559154347068,TRUE,0.7027427881612303,7
1510_d,7623,29051253,bootstrap_mean,2.8454317200075,NA,2.8454317200075,0.00920580316078704,0.00323529223915547,2.8450519825322,2.82798489166405,2.87368409327568,10 m,0.0011003039309673659,TRUE,0.04569920161162999,2
1511_a,7895,31161565,bootstrap_mean,2.94095987604041,NA,2.94095987604041,0.0110437375444615,0.00375514730222376,2.94155079033339,2.90920017779878,2.96318495341088,10 m,0.001319979106712075,TRUE,0.05398477561210013,1
1511_b,7382,27243271,bootstrap_mean,2.85049355287292,NA,2.85049355287292,0.0095674664726691,0.00335642452621103,2.84986689950471,2.82621439024632,2.8699744640025,10 m,0.0011435309646981725,TRUE,0.04376007375618007,0
1511_c,6613,21862578,bootstrap_mean,2.83551300538751,NA,2.83551300538751,0.00737559771330622,0.00260115107893792,2.83553043061233,2.82017157498682,2.8568514887167,10 m,8.815525397884927e-4,TRUE,0.036679913729879665,2
1511_d,5771,16649335,bootstrap_mean,2.86592808283402,NA,2.86592808283402,0.00775036541580376,0.00270431259675564,2.86552111419266,2.8490852149640302,2.88173077417778,10 m,9.263458477764507e-4,TRUE,0.032645559213749564,0
1512_a,8275,34233675,bootstrap_mean,2.72311966122252,NA,2.72311966122252,0.0116940092904577,0.00429434279256307,2.72295112221036,2.69597539954562,2.75339421504438,10 m,0.0013977014461777236,TRUE,0.05741881549876027,1
1512_b,7877,31019626,bootstrap_mean,2.7537144781362,NA,2.7537144781362,0.13987989268998,0.0507968032999031,2.72366630501195,2.69754448656591,3.41440802829586,10 m,0.0167188449613689,TRUE,0.7168635417299503,4
1512_c,7413,27472578,bootstrap_mean,2.82561975729174,NA,2.82561975729174,0.00923934942183725,0.0032698488174123,2.8260636074405,2.80804411211644,2.84713062984424,10 m,0.001104313476061707,TRUE,0.03908651772779992,0
1512_d,7885,31082670,bootstrap_mean,2.74494089362806,NA,2.74494089362806,0.010637891653481,0.00387545381329527,2.74505505627019,2.72389519675825,2.76513003085687,10 m,0.0012714712447240049,TRUE,0.041234834098620166,0
1513_a,8700,37840650,bootstrap_mean,2.74835344417388,NA,2.74835344417388,0.00983983719331568,0.00358026629150437,2.74762328934603,2.72323592963231,2.76972349581207,10 m,0.0011760854924643543,TRUE,0.04648756617975991,0
1513_b,8258,34093153,bootstrap_mean,2.81054258161588,NA,2.81054258161588,0.00815453384105417,0.00290140910669492,2.81091456299686,2.78675727547295,2.82839984078521,10 m,9.746532142613426e-4,TRUE,0.04164256531226007,1
1513_c,7703,29664253,bootstrap_mean,2.91219256927968,NA,2.91219256927968,0.0814584324928129,0.0279715130627372,2.92133914818361,2.24344315422897,2.9417408414176,10 m,0.009736144898694434,TRUE,0.6982976871886297,3
1513_d,6716,22548970,bootstrap_mean,2.89767477966481,NA,2.89767477966481,0.0109808213351346,0.00378952856000105,2.89930646332428,2.86466049620712,2.91903204408604,10 m,0.0013124591813742368,TRUE,0.054371547878919735,1
1514_a,7027,24685851,bootstrap_mean,2.91293669744591,NA,2.91293669744591,0.00834001518232595,0.00286309523637728,2.91413512798516,2.88267417974735,2.93835243664811,10 m,9.968224748199174e-4,TRUE,0.055678256900760115,2
1514_b,8569,36709596,bootstrap_mean,2.82662594352506,NA,2.82662594352506,0.010767239769806,0.00380921989146475,2.82605921754452,2.80163859754762,2.85308010456209,10 m,0.0012869313016435201,TRUE,0.051441507014470034,0
1514_c,7602,28891401,bootstrap_mean,2.94081364275127,NA,2.94081364275127,0.00901997760670981,0.00306717075695799,2.93892700352204,2.91617331799252,2.96413966095085,10 m,0.0010780935291095138,TRUE,0.04796634295832991,2
1514_d,7252,26292126,bootstrap_mean,3.01861257770507,NA,3.01861257770507,0.00991493191250983,0.00328459901934409,3.01768952132257,2.99371480971286,3.04645619638791,10 m,0.0011850610281434323,TRUE,0.052741386675049906,2
1515_a,6499,21115251,bootstrap_mean,2.86581519869373,NA,2.86581519869373,0.00685623039080425,0.00239241888099742,2.86528180112813,2.84959457301881,2.8800606197216,10 m,8.19476271527717e-4,TRUE,0.030466046702790184,0
1515_b,6596,21750310,bootstrap_mean,2.78756395812198,NA,2.78756395812198,0.00893565665983068,0.00320554318898955,2.78779708403609,2.76111075446789,2.80718652740331,10 m,0.0010680152483019036,TRUE,0.0460757729354202,1
1515_c,7528,28331628,bootstrap_mean,2.76436285350337,NA,2.76436285350337,0.116359552472109,0.0420927203260031,2.74484071524107,2.71944250722093,3.4386922713792,10 m,0.013907626608401124,TRUE,0.71924976415827,2
1515_d,5040,12698280,bootstrap_mean,2.80598555780028,NA,2.80598555780028,0.00618001512768689,0.00220244010540511,2.80549844393067,2.79090523106362,2.82009966227161,10 m,7.386530886730716e-4,TRUE,0.0291944312079897,0
1516_a,8127,33020001,bootstrap_mean,3.00932155444103,NA,3.00932155444103,0.338406326257166,0.11245269743865,3.27022550839795,2.58078238243395,3.30515571639209,10 m,0.04044729227223136,TRUE,0.7243733339581402,0
1516_b,7623,29051253,bootstrap_mean,2.75100910780738,NA,2.75100910780738,0.009291374935548,0.00337744244800173,2.751609126511,2.72999707570581,2.77706805942645,10 m,0.0011105317143019478,TRUE,0.04707098372063978,1
1516_c,8358,34923903,bootstrap_mean,2.799259467132,NA,2.799259467132,0.0106756522780692,0.00381374159966923,2.80012368212432,2.77738482994182,2.82504218355403,10 m,0.0012759845026054201,TRUE,0.04765735361221024,0
1516_d,7199,25909201,bootstrap_mean,2.68413679503823,NA,2.68413679503823,0.00884212450807353,0.00329421530393632,2.68455054739203,2.66007387025322,2.7046252601767,10 m,0.0010568360179346284,TRUE,0.044551389923479956,2
1517_a,8832,38997696,bootstrap_mean,2.79878412971116,NA,2.79878412971116,0.219422243027535,0.0783991307861891,2.72272700561066,2.69194996720235,3.41189654959674,10 m,0.026225974239083398,TRUE,0.7199465823943902,9
1517_b,8864,39280816,bootstrap_mean,2.84226480741967,NA,2.84226480741967,0.241868643733487,0.0850971531935008,2.74401646468539,2.72280401969107,3.43540757281425,10 m,0.028908832269117155,TRUE,0.7126035531231798,10
1517_c,8769,38443296,bootstrap_mean,2.94284505830507,NA,2.94284505830507,0.0116484907811722,0.00395824127685511,2.94127851747158,2.91398551454061,2.98627027927716,10 m,0.0013922609437224953,TRUE,0.07228476473654988,1
1517_d,9014,40621591,bootstrap_mean,2.71554503576298,NA,2.71554503576298,0.0112461739458014,0.00414140579430367,2.71565458513794,2.69447198716121,2.74100323328672,10 m,0.0013441748845572899,TRUE,0.04653124612550963,0
1518_a,8791,38636445,bootstrap_mean,2.9418564835231,NA,2.9418564835231,0.00907532419533722,0.00308489698466487,2.94242829130527,2.91430789753379,2.95687801455941,10 m,0.001084708711725168,TRUE,0.04257011702561986,1
1518_b,8856,39209940,bootstrap_mean,2.90004321656134,NA,2.90004321656134,0.00930427652427697,0.00320832340399027,2.90018386420167,2.87944768776438,2.92458684667291,10 m,0.0011120737490974207,TRUE,0.04513915890853015,3
1518_c,9494,45063271,bootstrap_mean,2.94595039005516,NA,2.94595039005516,0.0809099853273816,0.0274648159726365,2.95537727932004,2.28305922166802,2.97522262268493,10 m,0.00967059292441125,TRUE,0.6921634010169098,1
1518_d,9093,41336778,bootstrap_mean,2.8777262485829,NA,2.8777262485829,0.00881388476135838,0.00306279472055366,2.87785415760809,2.85214382701242,2.9018774890363,10 m,0.0010534607226151981,TRUE,0.049733662023879965,3
1519_a,7296,26612160,bootstrap_mean,2.74980599827205,NA,2.74980599827205,0.115776765090201,0.0421036120958913,2.7306215547253,2.70854216299815,3.42719793468471,10 m,0.013837970193199572,TRUE,0.71865577168656,2
1519_b,2433,2958528,bootstrap_mean,2.73350378887258,NA,2.73350378887258,0.331842419469443,0.121398192612826,2.48628363323798,2.46410113200032,3.18359001197087,10 m,0.03966275535406229,TRUE,0.7194888799705503,0
16_a,9120,41582640,bootstrap_mean,2.80146842634556,NA,2.80146842634556,0.0112754914790787,0.00402485045808184,2.80176258105653,2.778962554505,2.82557914352408,10 m,0.001347679000010104,TRUE,0.046616589019079946,0
16_b,8785,38583720,bootstrap_mean,3.00590802378454,NA,3.00590802378454,0.012102996349553,0.00402640275543591,3.00636543414503,2.97480151669686,3.04432506999872,10 m,0.0014465847495655475,TRUE,0.06952355330185966,1
16_c,9015,40630605,bootstrap_mean,2.95251762175723,NA,2.95251762175723,0.0131907115075307,0.00446761482821568,2.95103140853715,2.92382935110874,2.97993113589311,10 m,0.0015765915771277102,TRUE,0.056101784784370334,0
16_d,8884,39458286,bootstrap_mean,2.8606258601502,NA,2.8606258601502,0.0115882834199541,0.00405096086887282,2.85973155023047,2.83033542250654,2.88193286718447,10 m,0.001385064787660455,TRUE,0.05159744467793015,1
1600_a,8528,36359128,bootstrap_mean,2.80376454737734,NA,2.80376454737734,0.0120282059671756,0.00429001999416352,2.80205385280703,2.7768617573942,2.83939677907876,10 m,0.0014376455890934947,TRUE,0.06253502168455993,1
1600_b,9087,41282241,bootstrap_mean,2.77176942152775,NA,2.77176942152775,0.0082228425649592,0.00296664019059238,2.77162413784636,2.75366757422303,2.78717242797925,10 m,9.828176683691844e-4,TRUE,0.0335048537562197,0
1600_c,8710,37927695,bootstrap_mean,3.03608323025943,NA,3.03608323025943,0.0104223228157987,0.00343281854460496,3.03607114360338,3.01309406129537,3.06087778988445,10 m,0.0012457058405161202,TRUE,0.04778372858908009,1
1600_d,8484,35984886,bootstrap_mean,2.83840907586774,NA,2.83840907586774,0.0125008323259694,0.00440416867048938,2.83979508863172,2.81317064372245,2.8627865479565,10 m,0.001494135243649084,TRUE,0.049615904234050046,0
1601_a,9101,41409550,bootstrap_mean,2.82744879085409,NA,2.82744879085409,0.010207322535906,0.00361008219456476,2.82724607168953,2.7949984026685,2.85076374831374,10 m,0.0012200083919618543,TRUE,0.05576534564524005,1
1601_b,8504,36154756,bootstrap_mean,2.93164706082186,NA,2.93164706082186,0.0101368234831439,0.00345772300445407,2.93194646412638,2.9012255490087,2.95030952567175,10 m,0.0012115821434826306,TRUE,0.04908397666304998,0
1601_c,7029,24699906,bootstrap_mean,2.82257597952129,NA,2.82257597952129,0.00854400735839648,0.00302702475341179,2.82294186744919,2.80027719541861,2.84774253790569,10 m,0.001021204203311905,TRUE,0.0474653424870799,1
1601_d,8360,34940620,bootstrap_mean,2.82943671368047,NA,2.82943671368047,0.010508330652837,0.00371393026817976,2.82924811919733,2.80722184855245,2.8572860556088,10 m,0.0012559857432616348,TRUE,0.050064207056350174,0
1602_a,6962,24231241,bootstrap_mean,2.80983085426275,NA,2.80983085426275,0.193666295615141,0.0689245387569621,2.75081124152007,2.72841190419051,3.44254692556368,10 m,0.023147549718302855,TRUE,0.7141350213731701,6
1602_b,5953,17716128,bootstrap_mean,2.84687814971513,NA,2.84687814971513,0.231149404335783,0.0811939929213035,2.76041376072783,2.74058903057554,3.45056792532464,10 m,0.027627638109273135,TRUE,0.7099788947491001,11
1602_c,5839,17044041,bootstrap_mean,2.85675807930022,NA,2.85675807930022,0.00695764448916646,0.002435503565941,2.85731073173105,2.83666543221728,2.86907650139419,10 m,8.315975747029535e-4,TRUE,0.032411069176909724,1
1602_d,5994,17961021,bootstrap_mean,2.8381106574451,NA,2.8381106574451,0.00744592914396819,0.00262355138424063,2.83764497212279,2.81989664767713,2.8518268336645,10 m,8.899587535947532e-4,TRUE,0.03193018598736996,0
1603_a,7524,28301526,bootstrap_mean,2.76853689598782,NA,2.76853689598782,0.00880297700922599,0.00317964951884272,2.76852173892625,2.74900163739579,2.79250483495239,10 m,0.0010521569968739819,TRUE,0.043503197556599815,1
1603_b,8960,40136320,bootstrap_mean,2.81188001688127,NA,2.81188001688127,0.277727498833671,0.0987693276975968,2.67631612798187,2.64238957535226,3.37471563474336,10 m,0.0331947852204888,TRUE,0.7323260593910996,15
1603_c,7659,29326311,bootstrap_mean,2.77434887854809,NA,2.77434887854809,0.00989913566982343,0.00356809330879972,2.7747475279793,2.75320875227485,2.80183829957966,10 m,0.0011831730160255548,TRUE,0.04862954730480995,0
1603_d,7062,24932391,bootstrap_mean,2.76945036229532,NA,2.76945036229532,0.0081349677028529,0.00293739429801899,2.77083820081554,2.74696156220667,2.78943548436475,10 m,9.723146134461079e-4,TRUE,0.042473922158080324,2
1604_a,6412,20553666,bootstrap_mean,2.84300953218155,NA,2.84300953218155,0.0101621049304448,0.00357441817039814,2.84324644853152,2.82405433188454,2.86754637414764,10 m,0.0012146038543925722,TRUE,0.04349204226309977,1
1604_b,6765,22879230,bootstrap_mean,2.83662680568878,NA,2.83662680568878,0.00796559613467915,0.00280812270359441,2.83640264252304,2.81773254562346,2.85498687769287,10 m,9.520708390571981e-4,TRUE,0.03725433206941009,0
1604_c,7229,26125606,bootstrap_mean,2.89583751805474,NA,2.89583751805474,0.00857918714268148,0.00296259271771729,2.89578302009328,2.87784373363401,2.91590628657899,10 m,0.0010254089917766695,TRUE,0.038062552944980066,0
1604_d,7514,28226341,bootstrap_mean,2.85816319032829,NA,2.85816319032829,0.0118220878266252,0.00413625361442967,2.85796082513663,2.83405659493031,2.88146354296706,10 m,0.0014130097592446303,TRUE,0.04740694803675005,0
1605_a,7242,26219661,bootstrap_mean,2.90976845643772,NA,2.90976845643772,0.00906070756473695,0.00311389297821639,2.91105878349559,2.89148270440513,2.92984783569892,10 m,0.0010829616902186163,TRUE,0.03836513129378982,0
1605_b,7956,31644990,bootstrap_mean,2.89086162451446,NA,2.89086162451446,0.00997224408123953,0.0034495750321202,2.89104848778517,2.86591496378058,2.9109734634804,10 m,0.0011919111425163062,TRUE,0.04505849969982023,0
1605_c,8145,33166440,bootstrap_mean,2.98238009750741,NA,2.98238009750741,0.00950151599468701,0.00318588365132536,2.98282557107515,2.95071327157472,3.00594636283985,10 m,0.0011356483748898253,TRUE,0.055233091265129985,3
1605_d,7605,28914210,bootstrap_mean,2.87541850743044,NA,2.87541850743044,0.00999057543300942,0.00347447698732986,2.87497088851097,2.85066335347291,2.89772608867974,10 m,0.0011941021581246207,TRUE,0.04706273520683002,0
1606_a,6771,22919835,bootstrap_mean,2.93967857855556,NA,2.93967857855556,0.0104119292852464,0.00354185976698255,2.93861072354301,2.91813604434799,2.96264090504039,10 m,0.00124446357600931,TRUE,0.04450486069240034,0
1606_b,8001,32004000,bootstrap_mean,3.00114737575931,NA,3.00114737575931,0.00947929553041707,0.00315855715949929,3.0024707242957,2.98195121693932,3.01948943386847,10 m,0.0011329925214290128,TRUE,0.03753821692915027,0
1606_c,7594,28830621,bootstrap_mean,2.91632961041051,NA,2.91632961041051,0.00919949157228205,0.00315447593421619,2.91641578534706,2.88849921673427,2.93578439065997,10 m,0.001099549551852215,TRUE,0.047285173925700086,1
1606_d,7666,29379945,bootstrap_mean,2.78161925235557,NA,2.78161925235557,0.00758351396203615,0.00272629474922355,2.78233702613847,2.76340783860205,2.79453207500181,10 m,9.064032846712425e-4,TRUE,0.03112423639975992,0
1607_a,6403,20496003,bootstrap_mean,2.85463905647708,NA,2.85463905647708,0.29783322292898,0.104333058238381,2.69096579732611,2.66762227299261,3.38995837977823,10 m,0.03559787888549852,TRUE,0.7223361067856198,17
1607_b,6856,23498940,bootstrap_mean,2.76833363532181,NA,2.76833363532181,0.219755634276829,0.0793819182315731,2.69183418938604,2.67056308773046,3.38438151539158,10 m,0.026265822115009194,TRUE,0.7138184276611201,8
1607_c,8188,33517578,bootstrap_mean,2.88041498598307,NA,2.88041498598307,0.00942582546881606,0.00327238453996554,2.88176020825157,2.85421837093177,2.90976348151856,10 m,0.0011266016266921728,TRUE,0.0555451105867899,1
1607_d,7925,31398850,bootstrap_mean,2.76835581034039,NA,2.76835581034039,0.141148993721827,0.0509865795410424,2.74047585111218,2.71475167506557,3.4367958711719,10 m,0.01687053154750883,TRUE,0.7220441961063302,3
1608_a,7915,31319655,bootstrap_mean,2.90218866299313,NA,2.90218866299313,0.276667130413733,0.0953305117415753,2.76779101879978,2.73755322099414,3.46510181070069,10 m,0.033068046953294336,TRUE,0.7275485897065499,14
1608_b,8136,33093180,bootstrap_mean,2.82982846744793,NA,2.82982846744793,0.0102490013811005,0.0036217747821102,2.82915003131003,2.80856778503106,2.85220281094496,10 m,0.0012249899667799032,TRUE,0.043635025913900005,0
1608_c,9068,41109778,bootstrap_mean,2.84163782470918,NA,2.84163782470918,0.0812970425940375,0.0286092203190452,2.83266233410385,2.8072331485909,3.50791705978456,10 m,0.009716855116267041,TRUE,0.7006839111936598,1
1608_d,7445,27710290,bootstrap_mean,2.77054800978405,NA,2.77054800978405,0.0101443025787426,0.00366147871934308,2.77105937726634,2.74487992877314,2.79672694497679,10 m,0.0012124760663857822,TRUE,0.0518470162036504,4
1609_a,8076,32606850,bootstrap_mean,2.72873765927296,NA,2.72873765927296,0.0106947100398618,0.00391928846788127,2.7299562965447,2.69924113026266,2.75676177479856,10 m,0.0012782623408178597,TRUE,0.0575206445359,3
1609_b,9372,43912506,bootstrap_mean,2.6688324982086,NA,2.6688324982086,0.140132438698004,0.0525070190025282,2.63913544874974,2.61265986437051,3.33335940180734,10 m,0.01674902998276525,TRUE,0.7206995374368299,3
1609_c,9357,43772046,bootstrap_mean,2.75847943932021,NA,2.75847943932021,0.0104544503050409,0.00378993229241442,2.75809347341717,2.72896004620463,2.78571488109967,10 m,0.001249545809944956,TRUE,0.05675483489503996,2
1609_d,8921,39787660,bootstrap_mean,2.85776424410218,NA,2.85776424410218,0.00876663675283571,0.00306765569305733,2.85767341930961,2.83941972402989,2.88014381812195,10 m,0.001047813505463161,TRUE,0.040724094092059904,0
1610_a,9388,44062578,bootstrap_mean,2.85866985294738,NA,2.85866985294738,0.139707437151781,0.0488714837104181,2.8300710936206,2.80707338844051,3.51926011991035,10 m,0.01669823258205954,TRUE,0.7121867314698402,3
1610_b,9489,45015816,bootstrap_mean,2.83528243352084,NA,2.83528243352084,0.011184772526015,0.00394485303960559,2.83551284996461,2.81185604772049,2.86170297268051,10 m,0.0013368360111990442,TRUE,0.04984692496002019,0
1610_c,9336,43575780,bootstrap_mean,2.73915545160888,NA,2.73915545160888,0.0103352009335112,0.00377313413426051,2.73829485199183,2.71252135523125,2.76096116356585,10 m,0.0012352927838952118,TRUE,0.048439808334600265,1
1610_d,9500,45120250,bootstrap_mean,2.62901541283563,NA,2.62901541283563,0.082243710542773,0.0312830842075839,2.62061496268607,2.60029037403733,3.30340868995404,10 m,0.009830003577853899,TRUE,0.7031183159167096,1
1611_a,9376,43950000,bootstrap_mean,2.73599775320254,NA,2.73599775320254,0.00987718959274613,0.00361008688007315,2.7343245342822,2.71680261552354,2.76343538265186,10 m,0.0011805499581070103,TRUE,0.04663276712831976,0
1611_b,9441,44561520,bootstrap_mean,2.78281509148753,NA,2.78281509148753,0.0819207395803542,0.0294380822609971,2.77418453688235,2.75197870382793,3.45424464593961,10 m,0.009791401164427177,TRUE,0.7022659421116799,1
1611_c,8679,37658181,bootstrap_mean,2.9618066505536502,NA,2.9618066505536502,0.00774299980014048,0.00261428267057644,2.96226537415334,2.94511843744965,2.97721455513971,10 m,9.254654883198394e-4,TRUE,0.0320961176900596,0
1611_d,8877,39396126,bootstrap_mean,2.87983148580624,NA,2.87983148580624,0.012670048806238,0.00439957992982734,2.87913623729206,2.84534155371159,2.91715038786571,10 m,0.0015143604814878738,TRUE,0.07180883415412032,1
1612_a,9192,42241836,bootstrap_mean,2.87544804460783,NA,2.87544804460783,0.00922152777586666,0.00320698813986894,2.87504991841592,2.85692533705361,2.89778722071527,10 m,0.0011021833819487591,TRUE,0.040861883661660325,2
1612_b,6521,21258460,bootstrap_mean,2.93219344831671,NA,2.93219344831671,0.00852852363445829,0.0029085815055464,2.93167561097184,2.9059253436424,2.95476521383932,10 m,0.001019353544328909,TRUE,0.04883987019691993,2
1612_c,6615,21875805,bootstrap_mean,2.75170208937527,NA,2.75170208937527,0.158551581692386,0.0576194575366926,2.71396158605111,2.6920585940057302,3.39866546874087,10 m,0.018950538649395905,TRUE,0.7066068747351397,4
1612_d,5781,16707090,bootstrap_mean,2.8748025052238,NA,2.8748025052238,0.00821133443536516,0.00285631253640706,2.87419931317985,2.84755041852723,2.89307893845314,10 m,9.814421837961117e-4,TRUE,0.04552851992591034,2
1613_a,6172,19043706,bootstrap_mean,2.75351042086806,NA,2.75351042086806,0.00700685321423205,0.00254469827356713,2.75488820418074,2.73842147120314,2.76803572725467,10 m,8.3747914230568e-4,TRUE,0.02961425605153023,0
1613_b,8546,36512785,bootstrap_mean,2.77457803322473,NA,2.77457803322473,0.218583097335481,0.0787806631199464,2.69847798988194,2.67017078631211,3.38876921939331,10 m,0.026125677145229138,TRUE,0.7185984330812003,9
1613_c,7668,29395278,bootstrap_mean,2.83846476230941,NA,2.83846476230941,0.00959199028087526,0.00337928813076794,2.83876949327173,2.81937159180804,2.85942029445506,10 m,0.0011464621204159556,TRUE,0.04004870264701976,0
1613_d,7205,25952410,bootstrap_mean,2.82933289375654,NA,2.82933289375654,0.00911909010669658,0.00322305308322665,2.82902558908411,2.80719924920287,2.85054626913138,10 m,0.001089939738662198,TRUE,0.043347019928509756,0
1614_a,8450,35697025,bootstrap_mean,2.80498998770046,NA,2.80498998770046,0.00988343936021614,0.00352352037032353,2.80519575401224,2.77667072181119,2.83083580920501,10 m,0.0011812969481951948,TRUE,0.05416508739381998,2
1614_b,6533,21336778,bootstrap_mean,2.96179880979033,NA,2.96179880979033,0.0095005019291152,0.0032076797038715,2.96231588196779,2.941386718934,2.98436236819513,10 m,0.0011355271708715085,TRUE,0.042975649261129956,0
1614_c,7588,28785078,bootstrap_mean,2.93439591933835,NA,2.93439591933835,0.00931725749917075,0.0031751875872536,2.93464203845649,2.90895879779117,2.95651800900348,10 m,0.0011136252723544307,TRUE,0.04755921121230999,5
1614_d,7715,29756755,bootstrap_mean,2.9109670496027,NA,2.9109670496027,0.0814226989822639,0.0279710136167212,2.91951657417451,2.24322775084834,2.93869930337166,10 m,0.009731873927282423,TRUE,0.6954715525233199,1
1615_a,7366,27125295,bootstrap_mean,2.9460258493106,NA,2.9460258493106,0.0107609362573954,0.00365269580370912,2.94741168843502,2.91663975198494,2.96842602109054,10 m,0.0012861778878062759,TRUE,0.051786269105599914,4
1615_b,7464,27851916,bootstrap_mean,2.90123458636186,NA,2.90123458636186,0.0123307254051637,0.0042501648998423,2.9033558982117,2.86874976703166,2.92890949229965,10 m,0.0014738035778098088,TRUE,0.06015972526798974,0
1615_c,5933,17597278,bootstrap_mean,2.74794111288496,NA,2.74794111288496,0.0802211224753499,0.0291931737908055,2.73787268732667,2.7200856602467,3.4053161098536,10 m,0.009588258065545653,TRUE,0.6852304496068999,2
1615_d,5350,14308575,bootstrap_mean,2.92029128240215,NA,2.92029128240215,0.00758836955896268,0.00259849748711392,2.91915915949224,2.90756918392183,2.94231406342891,10 m,9.06983639507441e-4,TRUE,0.034744879507080384,0
1616_a,8664,37528116,bootstrap_mean,2.85940563830593,NA,2.85940563830593,0.00815120808784568,0.00285066517973117,2.85928560799326,2.83954336690954,2.88158646454438,10 m,9.742557107231054e-4,TRUE,0.04204309763483982,0
1616_b,7671,29418285,bootstrap_mean,2.84192246829802,NA,2.84192246829802,0.269657782147344,0.0948856927503857,2.71794609627478,2.69781679184253,3.41420080235805,10 m,0.03223026959521668,TRUE,0.7163840105155197,13
1616_c,6552,21461076,bootstrap_mean,2.79328226469875,NA,2.79328226469875,0.1409987756093,0.0504778114948246,2.76490530408094,2.73912799050151,3.46637713497022,10 m,0.016852577048935585,TRUE,0.7272491444687099,5
1616_d,8288,34341328,bootstrap_mean,2.80324432988292,NA,2.80324432988292,0.00894521144883938,0.00319102097290713,2.80489832364449,2.7759339862248,2.82459447750054,10 m,0.0010691572640198388,TRUE,0.048660491275740014,4
1617_a,6646,22081335,bootstrap_mean,2.84135964507738,NA,2.84135964507738,0.00803530825903097,0.0028279800035001,2.84165041153708,2.8178835441384,2.85727835719896,10 m,9.604030316014754e-4,TRUE,0.03939481306056036,1
1617_b,8213,33722578,bootstrap_mean,2.82505179173727,NA,2.82505179173727,0.260737841870537,0.0922948891178367,2.70811805785929,2.68826931550459,3.4043337281646,10 m,0.031164132813977296,TRUE,0.71606441266001,12
1617_c,8620,37147890,bootstrap_mean,2.82642144187591,NA,2.82642144187591,0.260261495663905,0.0920816307886372,2.71173667839264,2.69416606859903,3.40929855253985,10 m,0.03110719855256585,TRUE,0.71513248394082,12
1617_d,8154,33239781,bootstrap_mean,2.89495207906443,NA,2.89495207906443,0.322027319591719,0.111237530293002,2.68526142221569,2.65948463897767,3.38463567684997,10 m,0.03848962653632926,TRUE,0.7251510378723003,0
1618_a,8504,36154756,bootstrap_mean,2.71233423710862,NA,2.71233423710862,0.0115223010996854,0.00424811254529173,2.71303479581305,2.68144512392996,2.73542948913132,10 m,0.0013771783919709134,TRUE,0.05398436520135963,0
1618_b,8772,38469606,bootstrap_mean,2.86473260923955,NA,2.86473260923955,0.0107291470786849,0.00374525253913068,2.86529096224978,2.83421346412132,2.88702122017766,10 m,0.0012823783542200726,TRUE,0.052807756056339805,1
1618_c,8235,33903495,bootstrap_mean,2.87112100697129,NA,2.87112100697129,0.00825804540018021,0.00287624428929644,2.87104740321107,2.8501119208254,2.88938774192716,10 m,9.870252119477678e-4,TRUE,0.03927582110175987,0
1618_d,8701,37849350,bootstrap_mean,2.69958471207357,NA,2.69958471207357,0.00957557101500643,0.0035470533568296,2.69872847185059,2.68061237784287,2.71802972201415,10 m,0.0011444996427848863,TRUE,0.037417344171279954,0
1619_a,8387,35166691,bootstrap_mean,2.7888874045292402,NA,2.7888874045292402,0.00893678898200483,0.00320442803373532,2.78884901966568,2.76190284624689,2.81443445917557,10 m,0.0010681505866876563,TRUE,0.052531612928679916,3
1619_b,8971,40234935,bootstrap_mean,2.74738871400784,NA,2.74738871400784,0.11262560427256,0.0409936910995983,2.7318019983768,2.70246030281361,3.40742617172556,10 m,0.013461334437013764,TRUE,0.70496586891195,2
1619_c,9481,44939940,bootstrap_mean,2.73119979787461,NA,2.73119979787461,0.206318063863464,0.0755411830449089,2.66540747571316,2.63681865826921,3.35218820490308,10 m,0.024659725255209267,TRUE,0.7153695466338696,7
1619_d,9363,43828203,bootstrap_mean,2.78629335270062,NA,2.78629335270062,0.0102175091782673,0.00366706153476767,2.7849702478734,2.76572912848919,2.8090366487865,10 m,0.0012212259286001827,TRUE,0.04330752029731011,0
1620_a,9386,44043805,bootstrap_mean,2.81019150427827,NA,2.81019150427827,0.0105146208657074,0.00374160296538503,2.80930450498243,2.7895632707438,2.84158385703619,10 m,0.0012567375674997854,TRUE,0.052020586292389925,1
1620_b,7239,26197941,bootstrap_mean,2.90250602326784,NA,2.90250602326784,0.00956703514083332,0.003296129297972,2.90173212554027,2.88446327223369,2.93872030432996,10 m,0.0011434794106831485,TRUE,0.054257032096269864,1
1620_d,7859,30878011,bootstrap_mean,2.87855124651047,NA,2.87855124651047,0.010483980122317,0.00364210299713309,2.87939699118277,2.85688523511412,2.89983282577213,10 m,0.0012530752981886374,TRUE,0.04294759065801035,0
1621_a,3512,6165316,bootstrap_mean,3.06520731527212,NA,3.06520731527212,0.140963403345762,0.0459882118391879,3.09389198694421,2.39704899577924,3.10957713907592,10 m,0.016848349254799833,TRUE,0.7125281432966801,3
17_a,9032,40783996,bootstrap_mean,2.80564249465142,NA,2.80564249465142,0.0111657582141534,0.00397975088965874,2.80479933292999,2.78031761572397,2.83403514293544,10 m,0.001334563366246665,TRUE,0.05371752721146983,0
17_b,8696,37805860,bootstrap_mean,2.81651615382787,NA,2.81651615382787,0.0817477114304285,0.0290244070921897,2.82703509104224,2.15135812296633,2.85450521260719,10 m,0.009770720344926037,TRUE,0.70314708964086,1
17_c,8655,37450185,bootstrap_mean,2.89762267122614,NA,2.89762267122614,0.012394806207437,0.00427757772967454,2.89775495096486,2.87047595561805,2.92346570936673,10 m,0.0014814626986284234,TRUE,0.05298975374868009,0
17_d,8277,34250226,bootstrap_mean,2.76404482269985,NA,2.76404482269985,0.0107879684704056,0.00390296437373552,2.76482224628762,2.74121768694502,2.79299733768466,10 m,0.001289408855242617,TRUE,0.05177965073963975,1
1700_a,7999,31988001,bootstrap_mean,2.79346567517608,NA,2.79346567517608,0.138283457752565,0.0495024724955134,2.7640452376568,2.73989471837002,3.44723016210575,10 m,0.016528034490354965,TRUE,0.70733544373573,3
1700_b,8200,33615900,bootstrap_mean,2.76840144844069,NA,2.76840144844069,0.22874125786538901,0.0826257542937743,2.68318253532078,2.65954390524108,3.38000858653017,10 m,0.027339809553584882,TRUE,0.7204646812890898,9
1700_c,8926,39832275,bootstrap_mean,2.71630136569177,NA,2.71630136569177,0.138378773733689,0.0509438221699112,2.69043889157127,2.66349088916594,3.36951266869253,10 m,0.016539426929111582,TRUE,0.7060217795265902,3
1700_d,8349,34848726,bootstrap_mean,2.72431831309644,NA,2.72431831309644,0.0114657224308004,0.00420865740089252,2.72422001445142,2.69887737947545,2.75913174869339,10 m,0.0013704159475979726,TRUE,0.06025436921793981,2
1701_a,8890,39511605,bootstrap_mean,2.74665282561003,NA,2.74665282561003,0.0102779398011664,0.00374198723090664,2.746695704166,2.72623115738187,2.76976000512364,10 m,0.001228448769537073,TRUE,0.043528847741769905,0
1701_b,9299,43231051,bootstrap_mean,2.75084828514822,NA,2.75084828514822,0.0113374020017378,0.00412142031348954,2.75089345413862,2.72665422275114,2.782320860953,10 m,0.0013550787228002042,TRUE,0.0556666382018598,1
1701_c,8789,38618866,bootstrap_mean,2.82159537288659,NA,2.82159537288659,0.00963758060556033,0.00341564942236942,2.82114899865104,2.80057647647767,2.84639176156037,10 m,0.0011519112064531996,TRUE,0.04581528508269983,1
1701_d,8797,38689206,bootstrap_mean,2.8358020902851,NA,2.8358020902851,0.0123328344613266,0.00434897572844609,2.83650611490484,2.80583274984331,2.8623300865161,10 m,0.0014740556582362677,TRUE,0.05649733667278989,0
1702_a,8226,33829425,bootstrap_mean,2.78420127679095,NA,2.78420127679095,0.0112723767629299,0.0040486931950273,2.78610779447135,2.75580414694045,2.81064545488715,10 m,0.001347306720225004,TRUE,0.054841307946699835,0
1702_b,7413,27472578,bootstrap_mean,2.78772336356462,NA,2.78772336356462,0.193832915548945,0.0695309004050867,2.72954299964617,2.71128021172289,3.42709377217968,10 m,0.02316746460947965,TRUE,0.7158135604567901,6
1702_c,4023,8090253,bootstrap_mean,2.81557729380091,NA,2.81557729380091,0.00800938415401893,0.00284466854156456,2.81611120055325,2.79567666918857,2.83387171063888,10 m,9.573045084032973e-4,TRUE,0.03819504145030983,0
1702_d,6905,23836060,bootstrap_mean,2.81091188394014,NA,2.81091188394014,0.138728410801532,0.0493535253076209,2.78111088522062,2.76408987095601,3.47188282743754,10 m,0.016581216551748556,TRUE,0.70779295648153,4
1703_a,6572,21592306,bootstrap_mean,2.84002130676618,NA,2.84002130676618,0.00752086177880555,0.00264817089959415,2.84069670311241,2.82355408916948,2.85476390933237,10 m,8.989149164877952e-4,TRUE,0.03120982016289009,0
1703_b,6651,22114575,bootstrap_mean,2.79950678411451,NA,2.79950678411451,0.114250045983781,0.04081077660968,2.7810898556268,2.76159492128152,3.4612718097624,10 m,0.013655492357758509,TRUE,0.6996768884808797,2
1703_c,5742,16482411,bootstrap_mean,2.91803902116686,NA,2.91803902116686,0.00752785299374608,0.00257976433458928,2.91943403480793,2.896888918914,2.9364425572391,10 m,8.997505264988879e-4,TRUE,0.03955363832510006,0
1703_d,7021,24643710,bootstrap_mean,2.85686549467339,NA,2.85686549467339,0.00832766752545219,0.00291496660972632,2.85659604896275,2.8366240334073,2.87167845191301,10 m,9.953466475445412e-4,TRUE,0.035054418505709783,0
1704_a,6843,23409903,bootstrap_mean,2.79421932124221,NA,2.79421932124221,0.161464704357191,0.0577852651471216,2.755712471785,2.73501017973619,3.45068591584948,10 m,0.01929872340454344,TRUE,0.7156757361132899,4
1704_b,6895,23767065,bootstrap_mean,2.78544119117515,NA,2.78544119117515,0.00924177445908747,0.00331788532759812,2.78671586653964,2.75883368407954,2.81306409427491,10 m,0.0011046033234517235,TRUE,0.05423041019536967,2
1704_c,6390,20412855,bootstrap_mean,2.74345636463703,NA,2.74345636463703,0.115675054145108,0.04216398541495,2.72492802368639,2.7002578955127,3.41274400163331,10 m,0.013825813410053811,TRUE,0.7124861061206098,2
1704_d,6269,19647046,bootstrap_mean,2.83417600504876,NA,2.83417600504876,0.00856802112262494,0.00302310834167038,2.83456643317095,2.81499691717626,2.85994389666781,10 m,0.0010240743971142716,TRUE,0.04494697949155002,1
1705_a,7511,28203805,bootstrap_mean,2.82603281049648,NA,2.82603281049648,0.231540467934539,0.0819312737893734,2.74181825935797,2.71560889876103,3.43143718712357,10 m,0.02767437914940338,TRUE,0.7158282883625398,9
1705_b,7239,26197941,bootstrap_mean,2.79213975349083,NA,2.79213975349083,0.00823435874219924,0.00294912127228029,2.79246851716766,2.77145056740404,2.81433539390879,10 m,9.841941148199306e-4,TRUE,0.042884826504749896,1
1705_c,7794,30369321,bootstrap_mean,2.8169441046846,NA,2.8169441046846,0.00750205278657081,0.00266318837285228,2.81745795349085,2.79908279520713,2.83969750656347,10 m,8.966668119246242e-4,TRUE,0.04061471135633976,2
1705_d,8006,32044015,bootstrap_mean,2.79339854378838,NA,2.79339854378838,0.114762405447211,0.0410834342641173,2.77370858289928,2.74837907348228,3.47120055593618,10 m,0.013716731026653984,TRUE,0.7228214824538997,3
1706_a,8362,34957341,bootstrap_mean,2.80287699385589,NA,2.80287699385589,0.248329917096736,0.0885982216276682,2.69737199077766,2.67040939171594,3.38645146645169,10 m,0.0296811021467657,TRUE,0.7160420747357499,11
1706_b,7341,26941470,bootstrap_mean,2.79027936905741,NA,2.79027936905741,0.268530118572043,0.0962377178249198,2.91546479120293,2.22055889885421,2.95174807221988,10 m,0.032095488018526276,TRUE,0.7311891733656699,13
1706_c,8229,33854106,bootstrap_mean,2.78159391014668,NA,2.78159391014668,0.00822316212348929,0.00295627700847809,2.78196172701251,2.76514117686788,2.79871022731842,10 m,9.828558629189363e-4,TRUE,0.033569050450539706,0
1706_d,8098,32784753,bootstrap_mean,2.87380382562392,NA,2.87380382562392,0.00987656786903706,0.00343675785416313,2.87343396686185,2.84884290561395,2.8928671842858,10 m,0.0011804756479105922,TRUE,0.04402427867184988,0
1707_a,6298,19829253,bootstrap_mean,2.8736707978714,NA,2.8736707978714,0.00794813678959248,0.00276584805590114,2.87248279889553,2.85883839356595,2.893560048149,10 m,9.499840481824152e-4,TRUE,0.034721654583049766,1
1707_b,6073,18437628,bootstrap_mean,2.87531481546311,NA,2.87531481546311,0.00720363494683309,0.00250533781834697,2.87570152067343,2.8616924409865,2.89534079987344,10 m,8.609990579655952e-4,TRUE,0.033648358886940066,1
1707_c,8573,36743878,bootstrap_mean,2.81474682802821,NA,2.81474682802821,0.274990013016071,0.0976961800890306,2.6804701541421,2.65877914849887,3.37731651119681,10 m,0.03286759308380453,TRUE,0.7185373626979401,14
1707_d,7136,25457680,bootstrap_mean,2.77872615452579,NA,2.77872615452579,0.00934721806110627,0.0033638500310231,2.77990692983742,2.75148253682026,2.79986351875697,10 m,0.0011172062444321374,TRUE,0.04838098193671003,1
1708_a,6182,19105471,bootstrap_mean,2.86945742679008,NA,2.86945742679008,0.0083717044483167,0.00291752174824273,2.86844210869442,2.85299941025736,2.88847828508313,10 m,0.0010006100665520127,TRUE,0.035478874825769946,0
1708_b,7164,25657866,bootstrap_mean,2.84374724810467,NA,2.84374724810467,0.0108781511781343,0.00382528763250126,2.84480593256199,2.81885839894897,2.87010252606271,10 m,0.0013001877504770754,TRUE,0.051244127113740046,0
1708_c,7744,29980896,bootstrap_mean,3.00822071998893,NA,3.00822071998893,0.345392301197834,0.114816143277913,3.3188227859505,2.63028000702234,3.34706684022112,10 m,0.04128227598354931,TRUE,0.7167868331987801,0
1708_d,5956,17733990,bootstrap_mean,2.77645333417418,NA,2.77645333417418,0.0828282301800801,0.0298323869378905,2.76666859316971,2.75444224600756,3.45767366225909,10 m,0.009899867037176619,TRUE,0.7032314162515299,1
1709_a,7657,29310996,bootstrap_mean,2.82248337896426,NA,2.82248337896426,0.00795422543197292,0.00281816555280896,2.82371209461735,2.79955998497406,2.83757635802759,10 m,9.507117801389259e-4,TRUE,0.03801637305353012,2
1709_b,8317,34582086,bootstrap_mean,2.78788856231348,NA,2.78788856231348,0.207069393987038,0.0742746309110738,2.72352810413945,2.69085085693113,3.41109378051232,10 m,0.024749526381084307,TRUE,0.72024292358119,8
1709_c,8629,37225506,bootstrap_mean,2.92662050489789,NA,2.92662050489789,0.0110768365413635,0.00378485578257438,2.92696652796408,2.8999220112379,2.95053542958478,10 m,0.001323935193515829,TRUE,0.050613418346880046,0
1709_d,8533,36401778,bootstrap_mean,2.7738046149043,NA,2.7738046149043,0.0100339343928079,0.00361739047476281,2.77387277512713,2.74046128599647,2.81062037659807,10 m,0.001199284545046833,TRUE,0.0701590906016003,2
1710_a,8972,40243906,bootstrap_mean,2.77659917922503,NA,2.77659917922503,0.178042290439331,0.0641224314159107,2.72757971709513,2.70389889610359,3.42746948238032,10 m,0.021280123920451182,TRUE,0.7235705862767299,6
1710_b,9430,44457735,bootstrap_mean,2.8376713123063,NA,2.8376713123063,0.325374198822305,0.114662398499514,2.61127553276109,2.58150913576831,3.30116232929552,10 m,0.03888965511716761,TRUE,0.7196531935272099,0
1710_c,9272,42980356,bootstrap_mean,2.78635295780916,NA,2.78635295780916,0.0110605460682009,0.00396954235004655,2.78510877158244,2.75941783125756,2.82019907709474,10 m,0.0013219881095574758,TRUE,0.06078124583717992,1
1710_d,7938,31501953,bootstrap_mean,2.91126523652691,NA,2.91126523652691,0.010225493284444,0.00351238806967753,2.91330022158136,2.88899242435685,2.93798791954806,10 m,0.0012221802118124183,TRUE,0.04899549519120994,1
1711_a,9331,43529115,bootstrap_mean,2.77231805229753,NA,2.77231805229753,0.0119785853163483,0.00432078321836888,2.77146430489065,2.747773776961,2.80131089705694,10 m,0.0014317147869452366,TRUE,0.053537120095939805,0
1711_b,9405,44222310,bootstrap_mean,2.72935912277876,NA,2.72935912277876,0.0827146887206851,0.0303055351090894,2.71941138869058,2.70187914766814,3.40682634509478,10 m,0.00988629623711517,TRUE,0.7049471974266401,1
1711_c,9450,44646525,bootstrap_mean,2.80646312455491,NA,2.80646312455491,0.00966976243073986,0.0034455333997212,2.80578832185477,2.77812044210116,2.82543629631109,10 m,0.001155757670268717,TRUE,0.04731585420993012,1
1711_d,8185,33493020,bootstrap_mean,2.62793604086551,NA,2.62793604086551,0.333910830396152,0.127062008056398,2.37645487322453,2.34246271154497,3.06839627058723,10 m,0.03990997774560853,TRUE,0.72593355904226,0
1712_a,6817,23232336,bootstrap_mean,2.82649777268436,NA,2.82649777268436,0.00970821485026124,0.0034347151956328,2.82575504941383,2.80650830360748,2.84854642119765,10 m,0.001160353613459725,TRUE,0.04203811759016984,0
1712_b,7853,30830878,bootstrap_mean,2.83656997773536,NA,2.83656997773536,0.00808764692395114,0.00285120655842522,2.83559477596776,2.82079614207371,2.85701510757631,10 m,9.666586985701707e-4,TRUE,0.036218965502599954,1
1712_c,8180,33452110,bootstrap_mean,2.85715022324632,NA,2.85715022324632,0.00873343727363268,0.00305669516519494,2.85735639543037,2.83249989062237,2.87477148850076,10 m,0.0010438454087273144,TRUE,0.042271597878389855,1
1712_d,6980,24356710,bootstrap_mean,2.85287815179729,NA,2.85287815179729,0.00880696552660161,0.00308704580356973,2.85266066365391,2.83273011198968,2.87223551847995,10 m,0.0010526337158815987,TRUE,0.03950540649027001,0
1713_a,5920,17520240,bootstrap_mean,2.92002361713008,NA,2.92002361713008,0.00818352153575348,0.00280255320119519,2.91935315298673,2.89815612768947,2.93775167686334,10 m,9.781179064636695e-4,TRUE,0.039595549173870204,1
1713_b,4100,8402950,bootstrap_mean,2.89549200491393,NA,2.89549200491393,0.00681043680624937,0.00235208275301448,2.89567772754577,2.87862856253773,2.90909877934841,10 m,8.140028912893203e-4,TRUE,0.03047021681067985,0
1713_c,8165,33329530,bootstrap_mean,2.85250490107191,NA,2.85250490107191,0.312823451086381,0.109666227381004,2.66239712140673,2.63394001732756,3.35876467932342,10 m,0.037389553840916086,TRUE,0.7248246619958603,0
1713_d,5821,16939110,bootstrap_mean,2.79681623820501,NA,2.79681623820501,0.00753252872028352,0.00269325121092614,2.79622933851815,2.78458970929223,2.81651719225545,10 m,9.00309382711585e-4,TRUE,0.03192748296322012,1
1714_a,6754,22804881,bootstrap_mean,2.77688541256269,NA,2.77688541256269,0.0810627409367252,0.0291919646990098,2.76849581871338,2.7451880905901,3.4412664429098,10 m,0.00968885071186363,TRUE,0.69607835231970006,1
1714_b,8928,39850128,bootstrap_mean,2.96154471115151,NA,2.96154471115151,0.343863377609921,0.116109466899191,2.67689787340609,2.64602579946122,3.37367931359759,10 m,0.04109953466217333,TRUE,0.72765351413637,0
1714_c,6486,21030855,bootstrap_mean,2.7820135158756,NA,2.7820135158756,0.00861962474357009,0.00309834035470427,2.78248755637933,2.76071719160002,2.81040598785548,10 m,0.0010302422095241608,TRUE,0.049688796255459966,1
1714_d,7638,29165703,bootstrap_mean,2.79800044952739,NA,2.79800044952739,0.0103835880776384,0.00371107448513539,2.7986886486423,2.77407712429736,2.82010143026107,10 m,0.0012410761537936935,TRUE,0.04602430596370999,0
1715_a,8130,33044385,bootstrap_mean,2.77750824553947,NA,2.77750824553947,0.0105705516331664,0.00380576786770736,2.77859555974584,2.74783352743542,2.80521590429188,10 m,0.001263422572840688,TRUE,0.05738237685645986,2
1715_b,6580,21644910,bootstrap_mean,2.8983558039732,NA,2.8983558039732,0.00860311928654132,0.00296827576336479,2.89785017850682,2.87540323239106,2.92243409729276,10 m,0.0010282694300790681,TRUE,0.04703086490169994,2
1715_c,4926,12130275,bootstrap_mean,2.97118312712057,NA,2.97118312712057,0.00798009722731586,0.00268583149738385,2.97138371178919,2.95550842794055,2.9873268439455,10 m,9.538040511357987e-4,TRUE,0.031818416004949945,0
1715_d,6398,20464003,bootstrap_mean,2.82285614591428,NA,2.82285614591428,0.0107510660105702,0.00380857736095798,2.82261539172983,2.7967492633727,2.85319699160501,10 m,0.0012849981676676086,TRUE,0.05644772823231037,1
1716_a,5690,16185205,bootstrap_mean,2.85700803045424,NA,2.85700803045424,0.00918370820168033,0.0032144495583445,2.85803354082531,2.83667221863077,2.874650151192,10 m,0.0010976630782427244,TRUE,0.037977932561230165,0
1716_b,7236,26176230,bootstrap_mean,2.83555725225308,NA,2.83555725225308,0.011113573696222,0.00391936141913246,2.83610274423732,2.80580007688455,2.86510675819495,10 m,0.0013283261233670719,TRUE,0.059306681310399956,2
1716_c,8641,37329120,bootstrap_mean,2.88954624566481,NA,2.88954624566481,0.328400398975849,0.113651200242442,2.65956327138408,2.63630235381756,3.36218985782404,10 m,0.0392513552172764,TRUE,0.7258875040064803,0
1716_d,3198,5112003,bootstrap_mean,2.8831369920922,NA,2.8831369920922,0.00780234243087428,0.00270619899514812,2.88325346256698,2.85947945337467,2.90051514783264,10 m,9.325582893204598e-4,TRUE,0.04103569445796973,1
1717_a,5363,14378203,bootstrap_mean,2.83441442293309,NA,2.83441442293309,0.00727250336381206,0.00256578688880872,2.83368976215094,2.81741383713769,2.85395704414453,10 m,8.692304081908788e-4,TRUE,0.036543207006840106,1
1717_b,5932,17591346,bootstrap_mean,2.80578308010234,NA,2.80578308010234,0.00758724188439756,0.00270414414364521,2.80664720535075,2.78786145577202,2.82140586980013,10 m,9.06848856617216e-4,TRUE,0.03354441402811004,0
1717_c,5958,17745903,bootstrap_mean,2.78526540014056,NA,2.78526540014056,0.25023667949606,0.0898430287768741,2.68169630613218,2.65678678045342,3.36943951949731,10 m,0.029909003843853216,TRUE,0.7126527390438899,11
1717_d,3929,7716556,bootstrap_mean,2.80229804541934,NA,2.80229804541934,0.00881337382291507,0.00314505226784192,2.80202647043523,2.7830344289988,2.82028868051654,10 m,0.0010533996537906928,TRUE,0.03725425151774031,0
1718_a,6896,23773960,bootstrap_mean,2.77169807539955,NA,2.77169807539955,0.0827870792585265,0.0298687219915151,2.76134964024081,2.73960428501632,3.450766842555,10 m,0.009894948561302486,TRUE,0.7111625575386804,2
1718_b,6108,18650778,bootstrap_mean,2.75981324881076,NA,2.75981324881076,0.00933663502634295,0.00338306768777425,2.75875321836668,2.7386067747585,2.77730228312321,10 m,0.0011159413298398673,TRUE,0.03869550836471003,0
1718_c,7681,29495040,bootstrap_mean,2.66879547041182,NA,2.66879547041182,0.111773524299771,0.041881637442424,2.68901943042933,2.02138416593438,2.71496667885521,10 m,0.013359491400921934,TRUE,0.69358251292083,2
1718_d,6245,19496890,bootstrap_mean,2.79319108585985,NA,2.79319108585985,0.00779453960719152,0.00279055007967422,2.79303227675872,2.77398557303281,2.81336574867562,10 m,9.316256735105371e-4,TRUE,0.039380175642810045,2
1719_a,7913,31303828,bootstrap_mean,2.8029539157457,NA,2.8029539157457,0.00844201807394868,0.00301182906594551,2.8033898261314,2.78420329544955,2.81964561385542,10 m,0.0010090141522501497,TRUE,0.035442318405869866,0
1719_b,8278,34258503,bootstrap_mean,2.74892499811714,NA,2.74892499811714,0.081108245287709907,0.0295054413428029,2.73879460680988,2.7216651194902,3.41411320708968,10 m,0.00969428952207824,TRUE,0.6924480875994798,2
1719_c,8909,39680686,bootstrap_mean,2.8174633497158,NA,2.8174633497158,0.00933773833263045,0.00331423595397341,2.81682809202355,2.79345605904363,2.83648220645687,10 m,0.0011160732001638351,TRUE,0.04302614741324007,0
1719_d,8395,35233815,bootstrap_mean,2.80267458120805,NA,2.80267458120805,0.0088938975515371,0.00317336076445361,2.80382884117952,2.77797505872382,2.81925340083165,10 m,0.0010630240802086256,TRUE,0.04127834210782977,0
1720_a,8591,36898345,bootstrap_mean,2.80936256190048,NA,2.80936256190048,0.00876644402282943,0.00312043882897731,2.80916498000915,2.78711645919147,2.82893092420888,10 m,0.0010477904698214227,TRUE,0.04181446501740993,1
1720_b,9390,44081355,bootstrap_mean,2.87988776727139,NA,2.87988776727139,0.00908370506987445,0.00315418717809306,2.87915362414562,2.86070775709027,2.90092850574794,10 m,0.001085710417826982,TRUE,0.04022074865766978,0
1720_c,9422,44382331,bootstrap_mean,2.77007975542602,NA,2.77007975542602,0.0102059006988335,0.00368433460402799,2.77010259241902,2.74823036226455,2.7898753222031,10 m,0.001219838449927168,TRUE,0.04164495993855022,0
1720_d,9190,42223455,bootstrap_mean,2.83659057846047,NA,2.83659057846047,0.0100013145093257,0.0035258223676234,2.83686078957177,2.81256613107461,2.86376246876868,10 m,0.001195385723249725,TRUE,0.051196337694069616,1
1721_a,9337,43585116,bootstrap_mean,2.87872773048968,NA,2.87872773048968,0.00907634161095786,0.00315290032983214,2.87889416997099,2.84793978051023,2.90725550731416,10 m,0.0010848303161509053,TRUE,0.05931572680393016,2
1721_b,8772,38469606,bootstrap_mean,2.77248824420539,NA,2.77248824420539,0.160859044017829,0.0580197388948466,2.73405760945531,2.71390524053087,3.42912011098965,10 m,0.019226333148028976,TRUE,0.7152148704587802,5
1721_c,3712,6887616,bootstrap_mean,2.81219607403318,NA,2.81219607403318,0.00672315632810071,0.0023907139300065,2.81205932549402,2.79716191002593,2.83077635837055,10 m,8.03570878837354e-4,TRUE,0.033614448344619685,1
1721_d,9126,41637375,bootstrap_mean,3.12965028093885,NA,3.12965028093885,0.0109090696268469,0.00348571522297191,3.1305285660936,3.10319483829822,3.15454669603372,10 m,0.0013038832119228292,TRUE,0.051351857735499884,0
1722_a,8498,36103753,bootstrap_mean,3.06238139346125,NA,3.06238139346125,0.00847452336635239,0.00276729847707639,3.06136905281409,3.03820260921255,3.08089103580076,10 m,0.001012899277793719,TRUE,0.04268842658821015,1
1722_d,8035,32276595,bootstrap_mean,2.99317850077142,NA,2.99317850077142,0.192983577530284,0.064474463344083,3.05122196881959,2.34738155858626,3.07420096922002,10 m,0.023065949299589748,TRUE,0.7268194106337602,6
18_a,8583,36829653,bootstrap_mean,2.68756289254201,NA,2.68756289254201,0.0834331965588017,0.031044183855317,2.67854469509476,2.65039452940221,3.36910184396953,10 m,0.009972174349529968,TRUE,0.71870731456732,1
18_b,8413,35385078,bootstrap_mean,2.86842936201384,NA,2.86842936201384,0.0123881781337103,0.00431880188432214,2.86730066331202,2.84162188936586,2.89123881982036,10 m,0.0014806704922941305,TRUE,0.0496169304545,0
18_c,7212,26002866,bootstrap_mean,2.8630659477259,NA,2.8630659477259,0.010529041648815,0.00367754073467225,2.86278000097685,2.83925777500163,2.8902117813254,10 m,0.0012584611807537063,TRUE,0.050954006323769896,0
18_d,6068,18407278,bootstrap_mean,2.83036108694892,NA,2.83036108694892,0.0092964783026344509,0.00328455558038211,2.83085586845703,2.81270648778547,2.85260452559947,10 m,0.0011111416833365138,TRUE,0.03989803781399992,0
1800_a,7647,29234481,bootstrap_mean,2.96423024150545,NA,2.96423024150545,0.343938042203409,0.116029462687329,2.66838635676637,2.64637690806653,3.36545266892042,10 m,0.04110845878799745,TRUE,0.7190757608538898,0
1800_b,7744,29980896,bootstrap_mean,2.74642454247552,NA,2.74642454247552,0.0826359224109573,0.0300885464475468,2.73603828395589,2.71698195001445,3.42466327568334,10 m,0.009876881862431333,TRUE,0.7076813256688901,1
1800_c,7710,29718195,bootstrap_mean,2.81971805789229,NA,2.81971805789229,0.207252522430224,0.0735011508863915,2.7521028050428,2.73030993259618,3.44930015994562,10 m,0.024771414416532182,TRUE,0.71899022734944,7
1800_d,7357,27059046,bootstrap_mean,2.82729698113336,NA,2.82729698113336,0.191619554554791,0.0677748237392372,2.77009858093419,2.74586543263325,3.46206772184896,10 m,0.02290291737117988,TRUE,0.71620228921571,8
1801_a,7388,27287578,bootstrap_mean,2.82379350740782,NA,2.82379350740782,0.251630064149891,0.089110646189169,2.71705037383345,2.70076528266099,3.41728981124505,10 m,0.030075545164059844,TRUE,0.7165245285840602,11
1801_b,7867,30940911,bootstrap_mean,2.78266898928463,NA,2.78266898928463,0.113649791606437,0.0408420088929275,2.76312435260885,2.74319635216486,3.44380609545396,10 m,0.013583748237290534,TRUE,0.7006097432891001,2
1801_c,7865,30925180,bootstrap_mean,2.80158651616429,NA,2.80158651616429,0.00984611128122362,0.00351447696668106,2.80186677860179,2.77944821832316,2.82471244975131,10 m,0.0011768353894008592,TRUE,0.04526423142814995,0
1801_d,7753,30050628,bootstrap_mean,2.83022349051166,NA,2.83022349051166,0.0113193050532186,0.00399943859245272,2.82995178104195,2.79661688114863,2.85698749200295,10 m,0.0013529157237390241,TRUE,0.06037061085432027,1
1802_a,8221,33788310,bootstrap_mean,2.8254799882271,NA,2.8254799882271,0.0109408010845558,0.00387219202759983,2.82635698339558,2.80007710875909,2.85218982744679,10 m,0.0013076758465297854,TRUE,0.05211271868769973,1
1802_b,9112,41509716,bootstrap_mean,2.70297250260653,NA,2.70297250260653,0.00787965092840447,0.00291517983287139,2.70255973488842,2.68374491748911,2.72488368273224,10 m,9.417984221197338e-4,TRUE,0.04113876524312987,0
1802_c,8592,36906936,bootstrap_mean,2.76760423893386,NA,2.76760423893386,0.0103921013785798,0.00375490875190415,2.76664061928817,2.74426543346319,2.78879814987189,10 m,0.001242093687878197,TRUE,0.04453271640869971,0
1802_d,7821,30580110,bootstrap_mean,2.83665869388806,NA,2.83665869388806,0.00849081597266436,0.00299324553600999,2.83736274165086,2.81942650720628,2.85450610813238,10 m,0.0010148466167121878,TRUE,0.035079600926100074,0
1803_a,4312,9294516,bootstrap_mean,2.89267155547705,NA,2.89267155547705,0.00780994237626083,0.00269990637598427,2.89120103921233,2.87774990777818,2.90860159845544,10 m,9.334666565359982e-4,TRUE,0.030851690677260013,0
1803_b,6124,18748626,bootstrap_mean,2.82566569897104,NA,2.82566569897104,0.00831089922271346,0.00294121814400757,2.82533514689052,2.80743288896389,2.84493596224584,10 m,9.933424520282101e-4,TRUE,0.037503073281949906,0
1803_c,5295,14015865,bootstrap_mean,2.85596855893488,NA,2.85596855893488,0.00731463675442998,0.00256117551838804,2.85498607056183,2.84117851218363,2.87405288065694,10 m,8.742663115783587e-4,TRUE,0.032874368473310156,0
1803_d,6893,23753278,bootstrap_mean,2.88820952502045,NA,2.88820952502045,0.00803835939800425,0.0027831635234107,2.88873104969046,2.86559084485107,2.90241920690363,10 m,9.607677124606672e-4,TRUE,0.03682836205255979,2
1804_a,5591,15626845,bootstrap_mean,2.80245110590216,NA,2.80245110590216,0.00741775575108592,0.00264688141586613,2.80269171023902,2.77985675247961,2.81630244022981,10 m,8.865913890752624e-4,TRUE,0.03644568775019996,2
1804_b,5979,17871231,bootstrap_mean,2.77454892864159,NA,2.77454892864159,0.0843400088478284,0.0303977370797786,2.78422432171376,2.08277417904683,2.80686167987121,10 m,0.01008055914864404,TRUE,0.7240875008243801,1
1804_c,7384,27258036,bootstrap_mean,2.81463433923253,NA,2.81463433923253,0.01028881543567,0.00365547143806804,2.81386446635727,2.78886745682156,2.84647819216737,10 m,0.0012297486564874097,TRUE,0.05761073534580996,5
1804_d,7251,26284875,bootstrap_mean,2.79062906422054,NA,2.79062906422054,0.229845031169326,0.0823631610937603,2.70299332812519,2.68961546829499,3.40704689916112,10 m,0.027471735696693388,TRUE,0.7174314308661298,9
1805_a,6198,19204503,bootstrap_mean,2.85733948820508,NA,2.85733948820508,0.00856006206444003,0.00299581554791631,2.85695593460787,2.84065246666752,2.87749796422191,10 m,0.0010231231077096755,TRUE,0.036845497554389706,0
1805_b,7713,29741328,bootstrap_mean,2.84433500625487,NA,2.84433500625487,0.00997135622621024,0.00350568980246089,2.84410111843199,2.81699083246409,2.8691447209509,10 m,0.0011918050235431112,TRUE,0.052153888486809574,5
1805_c,7098,25187253,bootstrap_mean,2.82067948978224,NA,2.82067948978224,0.0111188094652475,0.00394189042233435,2.82203474282253,2.78617005981666,2.8451657580109,10 m,0.0013289519174601863,TRUE,0.05899569819424011,1
1805_d,4842,11720061,bootstrap_mean,2.84712649434739,NA,2.84712649434739,0.00848679949075043,0.00298082979720076,2.84695637846716,2.82831855604758,2.87275518047879,10 m,0.0010143665553029476,TRUE,0.04443662443120999,1
1806_a,7875,31003875,bootstrap_mean,2.72843358498431,NA,2.72843358498431,0.177590202152522,0.065088702591067,2.68002046321992,2.65966434482584,3.3751264058478,10 m,0.02122608903501727,TRUE,0.71546206102196,5
1806_b,7159,25622061,bootstrap_mean,2.77672025265549,NA,2.77672025265549,0.23186220244641,0.0835021829169399,2.68960406945469,2.67038760342036,3.3859724615966,10 m,0.027712833778723227,TRUE,0.7155848581762396,9
1806_c,8207,33673321,bootstrap_mean,2.81779058427702,NA,2.81779058427702,0.00945955338108299,0.00335708176252215,2.81718248865022,2.80085654230964,2.84054693716335,10 m,0.0011306328832596283,TRUE,0.039690394853709954,0
1806_d,7906,31248465,bootstrap_mean,2.7619841564582,NA,2.7619841564582,0.0124167754115055,0.00449559979642609,2.76119891584051,2.73574307128868,2.79554620518442,10 m,0.0014840885207511212,TRUE,0.05980313389573988,1
1807_a,5704,16264956,bootstrap_mean,2.91513532825791,NA,2.91513532825791,0.00701797066595244,0.00240742534246133,2.91628052747185,2.8909860295791,2.93542639205104,10 m,8.388079319415903e-4,TRUE,0.044440362471940276,2
1807_b,6505,21154260,bootstrap_mean,2.91040063981511,NA,2.91040063981511,0.0081863702693639,0.00281279840217598,2.91059240950763,2.89015213184258,2.93014568741138,10 m,9.784583952548239e-4,TRUE,0.0399935555687998,0
1807_c,6086,18516655,bootstrap_mean,2.83629972305369,NA,2.83629972305369,0.00805544301338575,0.00284012403481564,2.83582254475985,2.81483786480005,2.85313573789429,10 m,9.628095950461507e-4,TRUE,0.03829787309424004,0
1807_d,6561,21520080,bootstrap_mean,2.86259710257496,NA,2.86259710257496,0.00876916901259985,0.0030633612409905,2.86164359960273,2.84341526853609,2.88268687453314,10 m,0.0010481161683947977,TRUE,0.03927160599705015,0
1808_a,6120,18724140,bootstrap_mean,2.86998667490159,NA,2.86998667490159,0.00721623407068677,0.00251437894600476,2.86941368626089,2.85343026899404,2.88906232093449,10 m,8.625049412938419e-4,TRUE,0.03563205194045027,0
1808_b,6668,22227778,bootstrap_mean,2.77000783282524,NA,2.77000783282524,0.00906643967491355,0.00327307365974714,2.76939094263198,2.75146092988405,2.79843115799103,10 m,0.0010836468084261094,TRUE,0.04697022810697993,1
1808_c,6793,23069028,bootstrap_mean,2.77035186327035,NA,2.77035186327035,0.113551547430471,0.0409881318456151,2.75229694790013,2.73285302240763,3.43650770013552,10 m,0.013572005812309029,TRUE,0.70365467772789,2
1808_d,6643,22061403,bootstrap_mean,2.8669705626447,NA,2.8669705626447,0.335404327328686,0.116989107491667,2.60865218988694,2.58416914627948,3.30066755355065,10 m,0.040088484771780314,TRUE,0.7164984072711702,0
1809_a,8021,32164210,bootstrap_mean,2.78983007888306,NA,2.78983007888306,0.159399212850754,0.0571358141333725,2.75096563654993,2.73168824083632,3.44359150434472,10 m,0.019051849950460373,TRUE,0.7119032635083999,4
1809_b,5747,16511131,bootstrap_mean,2.75323056438856,NA,2.75323056438856,0.141129819976725,0.0512597171490675,2.7238355140531,2.70309152725568,3.4232137585887,10 m,0.016868239846639436,TRUE,0.7201222313330198,4
1809_c,7806,30462915,bootstrap_mean,2.8219909923549,NA,2.8219909923549,0.00908230323307563,0.0032184026305118,2.82246287893801,2.8026644747527,2.8410387376784,10 m,0.0010855428662822253,TRUE,0.03837426292570001,0
1809_d,6360,20221620,bootstrap_mean,2.83496349597077,NA,2.83496349597077,0.220469235267245,0.0777679273756398,2.75704518951966,2.72910170889491,3.45669437351639,10 m,0.026351113746948648,TRUE,0.7275926646214801,11
1810_a,7329,26853456,bootstrap_mean,2.74413729102848,NA,2.74413729102848,0.112631684626487,0.0410444787127518,2.72578945653151,2.70488385980116,3.39695367492331,10 m,0.013462061178310605,TRUE,0.6920698151221498,2
1810_b,7872,30980256,bootstrap_mean,2.75458201229179,NA,2.75458201229179,0.0807501434704508,0.0293148445426998,2.7456513903893,2.71369316853291,3.41475526550868,10 m,0.009651488168373967,TRUE,0.7010620969757699,1
1810_c,7881,31051140,bootstrap_mean,2.75213597261407,NA,2.75213597261407,0.0112402919114588,0.00408420660291082,2.75203597082928,2.73128113265604,2.77359170879552,10 m,0.0013434718469845534,TRUE,0.042310576139480194,0
1810_d,7294,26597571,bootstrap_mean,2.77829044143229,NA,2.77829044143229,0.0115440492335899,0.004155090865028,2.77836665070552,2.74364453301222,2.81058003115485,10 m,0.001379777791155143,TRUE,0.06693549814263022,2
1811_a,8455,35739285,bootstrap_mean,2.82860679107795,NA,2.82860679107795,0.00999158920000223,0.00353233585930639,2.83033343250779,2.80705179720412,2.85393182505179,10 m,0.0011942233264559212,TRUE,0.0468800278476702,1
1811_b,8255,34068385,bootstrap_mean,2.82803068320493,NA,2.82803068320493,0.00880241153217183,0.00311255870894452,2.82735338515582,2.81177007983204,2.85030098707358,10 m,0.0010520894094386765,TRUE,0.03853090724153985,1
1811_c,7792,30353736,bootstrap_mean,3.00089499894979,NA,3.00089499894979,0.0110700779521804,0.00368892545592382,3.00104493179312,2.97977861918188,3.02569877469701,10 m,0.0013231273876007912,TRUE,0.045920155515129846,0
1811_d,7738,29934453,bootstrap_mean,2.62343842182911,NA,2.62343842182911,0.321772392762796,0.122652923768057,2.40986163260535,2.37119944586989,3.11277355893268,10 m,0.038459156952407696,TRUE,0.7415741130627898,0
1812_a,5262,13841691,bootstrap_mean,2.96595042730388,NA,2.96595042730388,0.00627893233992581,0.00211700515360046,2.9660295419338,2.95296218493848,2.98037334417134,10 m,7.504759568754275e-4,TRUE,0.027411159232860083,0
1812_b,5088,12941328,bootstrap_mean,2.962390913174,NA,2.962390913174,0.00831686854558463,0.00280748516632252,2.96234814901457,2.94170338130308,2.98682563950244,10 m,9.940559225756077e-4,TRUE,0.04512225819935978,1
1812_c,5650,15958425,bootstrap_mean,2.87386896046664,NA,2.87386896046664,0.00736525332787262,0.00256283547690939,2.87420069200737,2.85772439546208,2.89925233948726,10 m,8.803161492468706e-4,TRUE,0.041527944025179675,1
1812_d,5801,16822900,bootstrap_mean,2.85419793038838,NA,2.85419793038838,0.00785513202798189,0.00275213290022708,2.8546951560005702,2.82691634356843,2.86960229172651,10 m,9.388678529942849e-4,TRUE,0.042685948158080134,1
1813_a,4706,11070865,bootstrap_mean,2.84707352286247,NA,2.84707352286247,0.00695355478857522,0.00244235167540881,2.84682021095891,2.82889684778351,2.86463767035958,10 m,8.311087619879273e-4,TRUE,0.03574082257607003,0
1813_b,3288,5403828,bootstrap_mean,2.9373525319696,NA,2.9373525319696,0.00775180545786734,0.00263904498132183,2.93684559882626,2.91919164566285,2.95775835885306,10 m,9.265179657237543e-4,TRUE,0.03856671319020988,0
1813_c,7685,29525770,bootstrap_mean,2.91185570779134,NA,2.91185570779134,0.00910550216160947,0.00312704442642731,2.91242017721765,2.89124939777788,2.93215084568662,10 m,0.0010883156685911803,TRUE,0.04090144790873973,0
1813_d,6460,20862570,bootstrap_mean,2.81110446699867,NA,2.81110446699867,0.00799622833234722,0.00284451482547874,2.81101996028399,2.79460075806123,2.8326201004882,10 m,9.557320869591645e-4,TRUE,0.03801934242696969,0
1814_a,4818,11604153,bootstrap_mean,2.81354024744339,NA,2.81354024744339,0.00705459769955741,0.00250737401249824,2.81388855180317,2.79615836797198,2.82810967393869,10 m,8.431856997855616e-4,TRUE,0.03195130596671003,1
1814_b,8075,32598775,bootstrap_mean,2.96622567397416,NA,2.96622567397416,0.341429001466722,0.115105537809359,2.69736247085032,2.67085874616777,3.39592411423625,10 m,0.04080857106095008,TRUE,0.72506536806848,0
1814_c,7016,24608620,bootstrap_mean,2.74791026733023,NA,2.74791026733023,0.194252051441943,0.0706908277724337,2.68981262781366,2.67085354358011,3.38188347044768,10 m,0.02321756093053066,TRUE,0.7110299268675702,6
1814_d,7053,24868878,bootstrap_mean,2.85688669155252,NA,2.85688669155252,0.321190854623399,0.112426879082437,2.64559842407374,2.62021542787207,3.34564468773651,10 m,0.03838964985024506,TRUE,0.7254292598644398,0
1815_a,8119,32955021,bootstrap_mean,2.79461588389447,NA,2.79461588389447,0.229962218049785,0.0822875942898166,2.70831115833648,2.68669332967678,3.39382478004977,10 m,0.02748574220790971,TRUE,0.70713145037299,9
1815_b,7182,25786971,bootstrap_mean,2.79650382858037,NA,2.79650382858037,0.00990572219860002,0.00354218081068339,2.79642783830611,2.76970588691354,2.81810052065954,10 m,0.0011839602567885535,TRUE,0.04839463374600017,0
1815_c,6580,21644910,bootstrap_mean,2.85954531394018,NA,2.85954531394018,0.0122554379346592,0.00428579952026441,2.85984157539566,2.83053907312992,2.89242674932513,10 m,0.001464805003942669,TRUE,0.06188767619521007,1
1815_d,5577,15548676,bootstrap_mean,2.77639256188861,NA,2.77639256188861,0.0070481499210223,0.00253859991478578,2.77651013890195,2.75941618678964,2.79501266522083,10 m,8.4241504284838e-4,TRUE,0.03559647843118974,1
1816_a,6536,21356380,bootstrap_mean,2.77012628956292,NA,2.77012628956292,0.00946994494719774,0.00341859682819441,2.76954685774191,2.74865843644815,2.79617043660425,10 m,0.0011318749129712422,TRUE,0.04751200015610024,1
1816_b,7663,29356953,bootstrap_mean,2.88332845530953,NA,2.88332845530953,0.010896564554476,0.00377916173039891,2.88296574986057,2.85948827281591,2.92070409530856,10 m,0.0013023885698968797,TRUE,0.061215822492649785,1
1816_c,5193,13481028,bootstrap_mean,2.86819799829553,NA,2.86819799829553,0.0075533663670651,0.00263348847309489,2.86839728023298,2.85290767045068,2.88530173426399,10 m,9.0279995787004e-4,TRUE,0.032394063813310225,0
1816_d,5240,13726180,bootstrap_mean,2.81669385421305,NA,2.81669385421305,0.00698426125200846,0.00247959544540554,2.81707237901393,2.80135224598192,2.83297917089664,10 m,8.347788863466163e-4,TRUE,0.03162692491472008,0
1817_a,3731,6958315,bootstrap_mean,2.87809107707393,NA,2.87809107707393,0.00721421771276684,0.00250659813034872,2.87905724950919,2.86127285079173,2.89027061514353,10 m,8.622639404265859e-4,TRUE,0.028997764351800015,0
1817_b,5628,15834378,bootstrap_mean,2.79053145879386,NA,2.79053145879386,0.206321154345109,0.0739361506550752,2.72387707343637,2.69533141640616,3.42160139476557,10 m,0.024660094638417143,TRUE,0.7262699783594098,9
1817_c,6321,19974360,bootstrap_mean,2.79873990367733,NA,2.79873990367733,0.23029848944451,0.0822864922681509,2.71236594700694,2.69094740586886,3.40361345556108,10 m,0.027525934327057324,TRUE,0.7126660496922201,9
1817_d,7572,28663806,bootstrap_mean,2.7573283892501,NA,2.7573283892501,0.175871128106799,0.0637831637292321,2.71056924234398,2.68619729075469,3.3888544637522098,10 m,0.021020620386916034,TRUE,0.7026571729975197,5
1818_a,6236,19440730,bootstrap_mean,2.80054430559824,NA,2.80054430559824,0.00716621745457738,0.00255886594625632,2.80009642050646,2.78000704715334,2.81837733014638,10 m,8.56526812242238e-4,TRUE,0.03837028299304013,1
1818_b,4432,9819096,bootstrap_mean,2.78638078171092,NA,2.78638078171092,0.00664355038399569,0.00238429378626289,2.78616098072377,2.77373784819376,2.80276969307911,10 m,7.940561486506145e-4,TRUE,0.029031844885350377,0
1818_c,5525,15260050,bootstrap_mean,2.81525281824829,NA,2.81525281824829,0.11412921393185,0.0405395967254066,2.79608878051101,2.7761594758932,3.4809521630145,10 m,0.013641050165219257,TRUE,0.7047926871213002,3
1818_d,6140,18846730,bootstrap_mean,2.76955834275992,NA,2.76955834275992,0.206719846156397,0.074640004135243,2.70304688838096,2.68208725277527,3.39559001537913,10 m,0.024707747424333015,TRUE,0.7135027626038597,7
1819_a,8004,32028006,bootstrap_mean,2.86672079260443,NA,2.86672079260443,0.2981616389761,0.104007910273403,2.70341626294593,2.6830688454423,3.4081832886558,10 m,0.03563713211102675,TRUE,0.7251144432134997,17
1819_b,7010,24566545,bootstrap_mean,2.7669712105388,NA,2.7669712105388,0.115376940205578,0.041697918563855,2.74672675537984,2.72235554697914,3.44275552766115,10 m,0.013790181979117048,TRUE,0.7203999806820098,2
1819_c,7436,27643330,bootstrap_mean,2.88426378722722,NA,2.88426378722722,0.00830516275570733,0.00287947405937218,2.88512184173583,2.86271129558012,2.90271525129751,10 m,9.926568130799872e-4,TRUE,0.04000395571739013,1
1819_d,7423,27546753,bootstrap_mean,2.87412263632026,NA,2.87412263632026,0.00959111864067983,0.00333705963673121,2.87412519358498,2.85688453655422,2.89266361213472,10 m,0.0011463579394860933,TRUE,0.035779075580499864,0
1820_a,7696,29610360,bootstrap_mean,2.87726160598619,NA,2.87726160598619,0.00864125565665152,0.00300329161542811,2.87781001155927,2.8568383254366,2.89767964957932,10 m,0.001032827598140256,TRUE,0.04084132414271968,0
1820_b,8110,32881995,bootstrap_mean,2.85679567861344,NA,2.85679567861344,0.00869234135448969,0.00304268919879792,2.85733745986096,2.83598191437349,2.8751222034996,10 m,0.0010389335068986551,TRUE,0.039140289126109895,1
1820_c,8979,40306731,bootstrap_mean,2.79797694545223,NA,2.79797694545223,0.00925662480523909,0.00330832776170104,2.79688657918904,2.77087634191841,2.81704072428405,10 m,0.001106378279309617,TRUE,0.04616438236564013,1
1820_d,8585,36846820,bootstrap_mean,2.81458145555179,NA,2.81458145555179,0.081553775416226,0.0289754539721565,2.80552631775859,2.77489973562696,3.48197523150639,10 m,0.009747540557670525,TRUE,0.7070754958794301,2
1821_a,9011,40594555,bootstrap_mean,2.85344487269831,NA,2.85344487269831,0.0105281593262682,0.00368963123381193,2.85328388659154,2.83054078085377,2.8820634106069,10 m,0.0012583557230386468,TRUE,0.051522629753129934,1
1821_b,9019,40666671,bootstrap_mean,2.9510270838144,NA,2.9510270838144,0.00975017500765791,0.00330399373870034,2.95110331155305,2.93106973034933,2.97500588137838,10 m,0.0011653688115169925,TRUE,0.04393615102905013,0
1821_c,9211,42416655,bootstrap_mean,3.10809913084398,NA,3.10809913084398,0.0112894214597578,0.00363225913476326,3.10811061724965,3.08527007481009,3.13283777928283,10 m,0.0013493439511536175,TRUE,0.04756770447274006,0
1821_d,9108,41473278,bootstrap_mean,2.91576864284017,NA,2.91576864284017,0.00869672151551224,0.0029826514311646502,2.91532932633461,2.8962970504864,2.93880363465119,10 m,0.0010394570362754194,TRUE,0.04250658416478981,0
1822_a,8639,37311841,bootstrap_mean,2.86289608834371,NA,2.86289608834371,0.00920746802905416,0.00321613769586063,2.86189509725863,2.83392627268314,2.88067328117681,10 m,0.0011005029207857293,TRUE,0.046747008493670084,1
1822_b,9529,45396156,bootstrap_mean,2.94454854797983,NA,2.94454854797983,0.00886576293545296,0.00301090737374173,2.94405394068844,2.9241318460913,2.96849068783383,10 m,0.0010596613504029852,TRUE,0.0443588417425298,0
1822_c,8310,34523895,bootstrap_mean,2.91513234999207,NA,2.91513234999207,0.0101100944649831,0.0034681425236184,2.91499092247173,2.89175440422854,2.93624808327657,10 m,0.00120838741476211,TRUE,0.04449367904802992,0
19_a,6148,18895878,bootstrap_mean,3.07016425909729,NA,3.07016425909729,0.00964024924929695,0.0031399783320165,3.07121194070329,3.04703453751141,3.08715319445991,10 m,0.0011522301703874125,TRUE,0.04011865694850014,0
19_b,7843,30752403,bootstrap_mean,2.77066415994564,NA,2.77066415994564,0.0101042655094551,0.00364687487409278,2.76962770048552,2.74765011964311,2.8011945480116,10 m,0.00120769072132115,TRUE,0.05354442836849005,1
19_c,7445,27710290,bootstrap_mean,2.8099497754053,NA,2.8099497754053,0.0115723325945188,0.00411834143649405,2.80871802244893,2.77888848041108,2.83194951175821,10 m,0.001383158299370178,TRUE,0.053061031347129806,1
19_d,7141,25493370,bootstrap_mean,2.72882836363188,NA,2.72882836363188,0.00909547122311422,0.0033331049121055,2.72818551635178,2.70911891921295,2.7550061354091,10 m,0.0010871167421243806,TRUE,0.04588721619615033,1
1900_a,7553,28520128,bootstrap_mean,2.85594992226216,NA,2.85594992226216,0.284952241770939,0.0997749433733879,2.71170487010874,2.68916619830896,3.41573186090029,10 m,0.03405830716585973,TRUE,0.7265656625913297,15
1900_b,6667,22221111,bootstrap_mean,2.76342815064334,NA,2.76342815064334,0.138751166042579,0.050209796846094,2.73585194899559,2.71419775836436,3.4150982257101,10 m,0.016583936323259725,TRUE,0.7009004673457397,3
1900_c,7339,26926791,bootstrap_mean,2.87441183387131,NA,2.87441183387131,0.301308219045132,0.10482430370436,2.70183123655986,2.67650520547429,3.40807795734732,10 m,0.036013220363033595,TRUE,0.73157275187303,0
1900_d,6916,23912070,bootstrap_mean,2.89194910623112,NA,2.89194910623112,0.320479633940774,0.110817867869893,2.68152613469533,2.65828194455794,3.37873918733023,10 m,0.038304642719502686,TRUE,0.72045724277229,0
1901_a,8101,32809050,bootstrap_mean,2.72729093406657,NA,2.72729093406657,0.160812444930763,0.0589641695068378,2.68919921973864,2.66240249438152,3.38551505794499,10 m,0.01922076349182596,TRUE,0.7231125635634701,6
1901_b,7065,24953580,bootstrap_mean,2.94280460095992,NA,2.94280460095992,0.338363472607063,0.11497993189785401,2.67677388885258,2.65162814923904,3.37639121702864,10 m,0.04044217028136961,TRUE,0.7247630677896,0
1901_c,5763,16603203,bootstrap_mean,3.00785027737189,NA,3.00785027737189,0.176374783263675,0.0586381525006567,3.05543840254339,2.35527879128975,3.08149553416446,10 m,0.021080818692189737,TRUE,0.7262167428747102,6
1901_d,7266,26393745,bootstrap_mean,2.89220856233523,NA,2.89220856233523,0.300564437006235,0.103922117139282,2.72113702028112,2.69575050132885,3.41726226228254,10 m,0.035924321405833716,TRUE,0.7215117609536903,0
1902_a,7162,25643541,bootstrap_mean,3.00763831967422,NA,3.00763831967422,0.346691963970097,0.115270497021613,2.70412375151975,2.67736667212143,3.40270974566262,10 m,0.041437615396338875,TRUE,0.7253430735411897,0
1902_b,7576,28694100,bootstrap_mean,2.81145183701452,NA,2.81145183701452,0.00973241740571261,0.00346170518647314,2.81110439101121,2.78809803702747,2.83682702648149,10 m,0.001163246372129173,TRUE,0.04872898945401971,0
1902_c,7502,28136251,bootstrap_mean,2.77329727703686,NA,2.77329727703686,0.00830498136064222,0.0029946235585374,2.77278703783836,2.75009578517965,2.7917316702416,10 m,9.926351322228461e-4,TRUE,0.04163588506194982,1
1902_d,7308,26699778,bootstrap_mean,2.82194406258503,NA,2.82194406258503,0.00878053201560896,0.00311151880436836,2.82099110591378,2.80441619380874,2.84806612782213,10 m,0.0010494743070232416,TRUE,0.04364993401339001,1
1903_a,5572,15520806,bootstrap_mean,2.93171508271861,NA,2.93171508271861,0.00715049602608637,0.00243901464649001,2.93150646172198,2.91238140368729,2.95215082724751,10 m,8.54647742131032e-4,TRUE,0.03976942356021995,1
1903_b,5700,16242150,bootstrap_mean,2.91771464651136,NA,2.91771464651136,0.0081896125981313,0.00280685865148719,2.91848039021471,2.88436948621302,2.93898586574267,10 m,9.788459276651904e-4,TRUE,0.05461637952965015,2
1903_c,6843,23409903,bootstrap_mean,2.93106590417131,NA,2.93106590417131,0.010089625767636,0.00344230600658863,2.93063427591216,2.91346254162181,2.95038144430541,10 m,0.001205940937495604,TRUE,0.036918902683599875,0
1903_d,7149,25550526,bootstrap_mean,2.84332789408129,NA,2.84332789408129,0.00856042020360331,0.00301070454147156,2.84370150327815,2.82434351913083,2.87757083387211,10 m,0.0010231659135270831,TRUE,0.05322731474127984,3
1904_a,6567,21559461,bootstrap_mean,2.87307303635035,NA,2.87307303635035,0.00883970018323517,0.00307674050446841,2.872699558294,2.85563050163204,2.90944737355023,10 m,0.0010565462556941158,TRUE,0.05381687191818996,1
1904_b,6183,19111653,bootstrap_mean,2.88504589417472,NA,2.88504589417472,0.0095214473436094,0.00330027586834387,2.88439772230808,2.86158964773915,2.90776940482802,10 m,0.0011380306267352919,TRUE,0.04617975708887023,0
1904_c,5780,16701310,bootstrap_mean,2.83844137659997,NA,2.83844137659997,0.00770744934195272,0.00271538084439324,2.83890851612049,2.82325616429848,2.85427356296484,10 m,9.212163958497437e-4,TRUE,0.03101739866636022,0
1904_d,5102,13012651,bootstrap_mean,2.94783388702052,NA,2.94783388702052,0.00862792785513998,0.00292687043633267,2.9477246077559,2.92867167499403,2.96871899425572,10 m,0.0010312346211736436,TRUE,0.04004731926168992,0
1905_a,7468,27881778,bootstrap_mean,2.98290766461797,NA,2.98290766461797,0.0088053232265987,0.00295192617962796,2.98347066427571,2.96258220166117,3.00579736484212,10 m,0.00105243742348674,TRUE,0.04321516318095009,3
1905_b,5323,14164503,bootstrap_mean,2.85934027819187,NA,2.85934027819187,0.00749974565848948,0.00262289371981708,2.85992278870206,2.84509611703165,2.87903403285989,10 m,8.963910573758037e-4,TRUE,0.033937915828239795,0
1905_c,6688,22361328,bootstrap_mean,2.77994035300684,NA,2.77994035300684,0.141399122960375,0.0508640851978837,2.75126980369934,2.7315059238104,3.45075038244096,10 m,0.01690042770970319,TRUE,0.71924445863056,3
1905_d,6208,19266528,bootstrap_mean,2.88047301797466,NA,2.88047301797466,0.00776983868089303,0.0026974176228723,2.88093608458002,2.85848950997886,2.8963414581644,10 m,9.286733481316355e-4,TRUE,0.03785194818553972,2
1906_a,6882,23677521,bootstrap_mean,2.81791352517656,NA,2.81791352517656,0.00870610301015844,0.00308955648651885,2.81689764500366,2.79813604581044,2.84199001465437,10 m,0.0010405783393553651,TRUE,0.043853968843930335,7
1906_b,7169,25693696,bootstrap_mean,2.87129816073088,NA,2.87129816073088,0.290354774239774,0.101123170770209,2.71758849786446,2.69622537265838,3.42521289355213,10 m,0.034704033302820694,TRUE,0.7289875208937504,16
1906_c,5489,15061816,bootstrap_mean,2.81593638603224,NA,2.81593638603224,0.00821343065338606,0.0029167671166603,2.81565580583572,2.79917501511811,2.83085558884868,10 m,9.8169272977111e-4,TRUE,0.031680573730570316,0
1906_d,7254,26306631,bootstrap_mean,2.84684322371834,NA,2.84684322371834,0.268880008577719,0.0944484776462425,2.72271646025114,2.70459594915286,3.42376917214226,10 m,0.03213730787301669,TRUE,0.7191732229893999,13
1907_a,5196,13496610,bootstrap_mean,2.86026379455745,NA,2.86026379455745,0.00804456749794259,0.00281252642265021,2.86091121521617,2.84225773326189,2.87760435273521,10 m,9.615097223262585e-4,TRUE,0.035346619473320295,1
1907_b,6202,19229301,bootstrap_mean,2.90742826023872,NA,2.90742826023872,0.00952448147104254,0.00327591280627523,2.90637289146891,2.88707742883659,2.92524939337401,10 m,0.0011383932743265375,TRUE,0.03817196453741989,0
1907_c,7150,25557675,bootstrap_mean,2.89153731466939,NA,2.89153731466939,0.00983583338775503,0.00340159310338335,2.89123044302596,2.86194098846781,2.91602221317079,10 m,0.0011756069461691242,TRUE,0.054081224702979824,2
1907_d,6896,23773960,bootstrap_mean,2.9340100838042,NA,2.9340100838042,0.00925881295779066,0.00315568545892174,2.93460384654226,2.90954006866176,2.95015221299468,10 m,0.0011066398135627393,TRUE,0.04061214433291971,3
1908_a,7214,26017291,bootstrap_mean,2.90464694380528,NA,2.90464694380528,0.0105862674153348,0.00364459695795802,2.90405347370842,2.87914086424938,2.92570246774961,10 m,0.0012653009680872618,TRUE,0.046561603500229864,0
1908_b,5674,16094301,bootstrap_mean,2.8372257896124,NA,2.8372257896124,0.00794148928553059,0.00279903323683502,2.83717094749047,2.81877558086424,2.85738584871656,10 m,9.491895194788714e-4,TRUE,0.038610267852320135,1
1908_c,6508,21173778,bootstrap_mean,2.77414961783585,NA,2.77414961783585,0.00736025235473279,0.00265315623476523,2.77344476738644,2.75805689304921,2.79097630731784,10 m,8.797184186297469e-4,TRUE,0.03291941426863021,0
1908_d,7156,25600590,bootstrap_mean,2.82047390528341,NA,2.82047390528341,0.0105113101831445,0.00372678866606577,2.82035127954642,2.78912409803763,2.84491823449112,10 m,0.0012563418652482253,TRUE,0.05579413645348996,1
1909_a,5560,15454020,bootstrap_mean,2.74239324235836,NA,2.74239324235836,0.115098807927556,0.0419702054941528,2.72385829847671,2.70661256059579,3.41661257234817,10 m,0.013756938813529924,TRUE,0.7100000117523799,2
1909_b,6721,22582560,bootstrap_mean,2.77780467744574,NA,2.77780467744574,0.00822669928851737,0.00296158306424987,2.77707759694946,2.75741779156914,2.79528735902959,10 m,9.832786350026863e-4,TRUE,0.03786956746045034,3
1909_c,6733,22663278,bootstrap_mean,2.76970682202758,NA,2.76970682202758,0.178834492689607,0.0645680226034503,2.72192579379393,2.70194893406302,3.41670423370354,10 m,0.021374810199842074,TRUE,0.7147552996405198,6
1909_d,4380,9590010,bootstrap_mean,2.79735213243254,NA,2.79735213243254,0.00719548844331748,0.00257224979289983,2.79726978631813,2.78178674516431,2.81266428068776,10 m,8.600253645588052e-4,TRUE,0.03087753552344985,0
1910_a,5748,16516878,bootstrap_mean,2.7911050913292,NA,2.7911050913292,0.00908085363326495,0.00325349757036214,2.78896510593791,2.77672933952856,2.81499263682109,10 m,0.0010853696059656443,TRUE,0.03826329729252986,0
1910_b,6186,19130205,bootstrap_mean,2.85982550289636,NA,2.85982550289636,0.00933389167199585,0.00326379762070893,2.86027831791269,2.84008915096374,2.87791286229552,10 m,0.0011156134362797477,TRUE,0.037823711331780085,0
1910_c,7265,26386480,bootstrap_mean,2.80739286027784,NA,2.80739286027784,0.00926396816559458,0.00329984744802612,2.80637452340831,2.78713648621986,2.82592365819389,10 m,0.0011072559787481703,TRUE,0.03878717197402981,0
1910_d,6721,22582560,bootstrap_mean,2.90831697374337,NA,2.90831697374337,0.327829132813144,0.112721252797692,2.68309349777379,2.65159267940489,3.38069251323881,10 m,0.039183075851155436,TRUE,0.7290998338339199,0
1911_a,5986,17913105,bootstrap_mean,2.81899245481685,NA,2.81899245481685,0.00859314051974022,0.00304830206446882,2.81865715832417,2.803585035809,2.83999366990655,10 m,0.0010270767393224132,TRUE,0.0364086340975498,0
1911_b,4454,9916831,bootstrap_mean,2.82624855513673,NA,2.82624855513673,0.00809795156024951,0.00286526517476016,2.82713844058605,2.79929585120233,2.84262210822403,10 m,9.678903381814306e-4,TRUE,0.04332625702170034,1
1911_c,7596,28845810,bootstrap_mean,2.73538158909921,NA,2.73538158909921,0.0817564510110681,0.0298884994096898,2.72615988875013,2.69642322038393,3.40450946738757,10 m,0.00977176492460744,TRUE,0.70808624700364,2
1911_d,6325,19999650,bootstrap_mean,2.81612974063017,NA,2.81612974063017,0.00710052373784507,0.00252137663808634,2.81592242229195,2.79983814447294,2.83949943858877,10 m,8.486749112730413e-4,TRUE,0.03966129411583008,1
1912_a,6671,22247785,bootstrap_mean,2.87653187371257,NA,2.87653187371257,0.0073808280739381,0.00256587738220057,2.87560024301554,2.85529766845065,2.89656569036863,10 m,8.821776874549286e-4,TRUE,0.04126802191797996,0
1912_b,4568,10431028,bootstrap_mean,2.91950306366108,NA,2.91950306366108,0.00668447979004429,0.00228959505925707,2.92057646209086,2.89754045135446,2.93290387503738,10 m,7.989481483578496e-4,TRUE,0.035363423682920114,1
1912_c,5467,14941311,bootstrap_mean,2.88702615259382,NA,2.88702615259382,0.00682396725226039,0.00236366658685425,2.88778623086614,2.86710398935892,2.89877473190634,10 m,8.156200889062629e-4,TRUE,0.03167074254742008,2
1912_d,3154,4972281,bootstrap_mean,2.98445060968117,NA,2.98445060968117,0.00752347775268414,0.00252089202893121,2.98499367445739,2.96171245653005,3.005112632646,10 m,8.992275851698913e-4,TRUE,0.04340017611594993,4
1913_a,3052,4655826,bootstrap_mean,2.90622198761551,NA,2.90622198761551,0.00808335783456909,0.0027813972466712,2.90632128364751,2.88335889131648,2.92509223633521,10 m,9.661460543364289e-4,TRUE,0.04173334501872983,0
1913_b,5998,17985003,bootstrap_mean,2.85961788402546,NA,2.85961788402546,0.00860350149098025,0.00300861927708648,2.85948862483459,2.84097862552248,2.87670274790528,10 m,0.0010283151122470707,TRUE,0.03572412238279998,0
1913_c,6483,21011403,bootstrap_mean,2.80827781520421,NA,2.80827781520421,0.00741580581469079,0.00264069522414809,2.80866313743518,2.79014995834398,2.82331689511918,10 m,8.863583270986783e-4,TRUE,0.03316693677519966,0
1913_d,5396,14555710,bootstrap_mean,2.77739044766509,NA,2.77739044766509,0.140081954670816,0.0504365364936646,2.74945308064868,2.72773401681689,3.44309465614343,10 m,0.016742995987404297,TRUE,0.7153606393265401,3
1914_a,6009,18051036,bootstrap_mean,2.76139587026038,NA,2.76139587026038,0.0811650262124084,0.0293927528053973,2.75132028422431,2.73264485144568,3.4268629741678,10 m,0.00970107614064465,TRUE,0.6942181227221202,2
1914_b,5067,12834711,bootstrap_mean,2.76073468277174,NA,2.76073468277174,0.00825572893104096,0.00299041011892976,2.75967725661864,2.74280247733685,2.78703409314011,10 m,9.867483409289808e-4,TRUE,0.044231615803260294,1
1914_c,6599,21770101,bootstrap_mean,2.84382835300516,NA,2.84382835300516,0.303145165069129,0.106597560555575,2.67123273844315,2.64017117654543,3.37607417860302,10 m,0.03623277740720202,TRUE,0.7359030020575901,0
1914_d,4874,11875501,bootstrap_mean,2.87530962766457,NA,2.87530962766457,0.00741677922876796,0.00257947149670699,2.87447570177018,2.85602912602926,2.89320025232682,10 m,8.864746723340546e-4,TRUE,0.03717112629756025,0
1915_a,6227,19384651,bootstrap_mean,2.83134629848822,NA,2.83134629848822,0.00877142029400746,0.00309796802273566,2.83150154317505,2.80310887099148,2.84912469462505,10 m,0.0010483852479894014,TRUE,0.04601582363356993,2
1915_b,6145,18877440,bootstrap_mean,2.83565322925276,NA,2.83565322925276,0.00842223545491299,0.00297012179346499,2.83451459788767,2.81766008287349,2.85903409637878,10 m,0.0010066496770262476,TRUE,0.04137401350529002,0
1915_c,6915,23905155,bootstrap_mean,2.838026021197,NA,2.838026021197,0.251208451088534,0.0885152036000649,2.73247295837193,2.71191559747887,3.42662896271197,10 m,0.030025152764759554,TRUE,0.7147133652331004,11
1915_d,4988,12437578,bootstrap_mean,2.82059477282731,NA,2.82059477282731,0.22031808845942,0.0781105072525454,2.74402464794361,2.71905701732918,3.44132838001942,10 m,0.026333048248056448,TRUE,0.7222713626902397,8
1916_a,6341,20100970,bootstrap_mean,2.7701398891392,NA,2.7701398891392,0.20812259128867,0.0751307152771057,2.70312089489731,2.68279880517335,3.40690719212598,10 m,0.02487540753570274,TRUE,0.7241083869526301,7
1916_b,7739,29942191,bootstrap_mean,2.83217738574783,NA,2.83217738574783,0.300409308803505,0.10607008950612801,2.66032821035145,2.63153666268177,3.35366171348801,10 m,0.03590578003923197,TRUE,0.7221250508062398,0
1916_c,6361,20227980,bootstrap_mean,2.8659451314108,NA,2.8659451314108,0.00724414522892936,0.00252766361418906,2.8657146310561,2.8480473538466198,2.88326024222772,10 m,8.658409627789622e-4,TRUE,0.03521288838110026,2
1916_d,4187,8763391,bootstrap_mean,2.93211809534715,NA,2.93211809534715,0.00875130387550073,0.00298463554022186,2.93245721675656,2.91492959158163,2.95670022921678,10 m,0.0010459808760977427,TRUE,0.0417706376351501,1
1917_a,7211,25995655,bootstrap_mean,2.76665709240561,NA,2.76665709240561,0.00887580253912091,0.00320813250166952,2.76744521702596,2.74499951509587,2.78697483117439,10 m,0.0010608613125560164,TRUE,0.04197531607852012,1
1917_b,6572,21592306,bootstrap_mean,2.82424283945038,NA,2.82424283945038,0.00843691867914949,0.00298732055236134,2.82427592502684,2.80412769123561,2.8426891019103,10 m,0.0010084046579947215,TRUE,0.03856141067469032,0
1917_c,5452,14859426,bootstrap_mean,2.9549743453192,NA,2.9549743453192,0.00856254068733588,0.00289767005960621,2.95491564631551,2.93486336504558,2.97718512631971,10 m,0.0010234193598093627,TRUE,0.04232176127413023,2
1917_d,4597,10563906,bootstrap_mean,2.95862532010852,NA,2.95862532010852,0.00727482475058586,0.00245885300215001,2.95833800105162,2.93835659495779,2.97271468328711,10 m,8.695078669794165e-4,TRUE,0.03435808832931997,1
1918_a,5379,14464131,bootstrap_mean,2.8247617755769,NA,2.8247617755769,0.00784197841487038,0.00277615566830191,2.82514643674515,2.80479976036658,2.84490293608114,10 m,9.372956955235858e-4,TRUE,0.04010317571456001,0
1918_b,7611,28959855,bootstrap_mean,2.8228781395311,NA,2.8228781395311,0.267273705651117,0.0946812764987132,2.69912126557826,2.67466048306073,3.3895222517752,10 m,0.03194531795170347,TRUE,0.7148617687144703,13
1918_c,6554,21474181,bootstrap_mean,2.97901983321325,NA,2.97901983321325,0.342882689166057,0.115099162933808,2.68469491132576,2.65864580838001,3.37577210570062,10 m,0.04098231997367835,TRUE,0.7171262973206098,0
1918_d,5980,17877210,bootstrap_mean,2.86147127273159,NA,2.86147127273159,0.00875354304131097,0.00305910568619993,2.86167345694037,2.84235806768156,2.88193501543624,10 m,0.001046248507601487,TRUE,0.03957694775468035,0
1919_a,4967,12333061,bootstrap_mean,2.8801983009047,NA,2.8801983009047,0.00791669529850103,0.00274866327641896,2.88157976054817,2.85972952355879,2.89473788023188,10 m,9.462260712151519e-4,TRUE,0.0350083566730901,0
1919_b,6255,19559385,bootstrap_mean,2.81479167903693,NA,2.81479167903693,0.178069335566958,0.0632619944463827,2.76598500261389,2.74975495076861,3.46054795943736,10 m,0.02128335643147947,TRUE,0.71079300866875,5
1919_c,6857,23505796,bootstrap_mean,2.85169425163911,NA,2.85169425163911,0.0082490549984975,0.00289268563548006,2.85168042723409,2.82985284487528,2.86876023064869,10 m,9.859506534177097e-4,TRUE,0.038907385773409686,1
1919_d,6276,19690950,bootstrap_mean,2.79591553687836,NA,2.79591553687836,0.115195280099084,0.0412012732786983,2.77722371684246,2.75182590784505,3.46101921697151,10 m,0.013768469443471413,TRUE,0.70919330912646,3
1920_a,5917,17502486,bootstrap_mean,2.85762362169624,NA,2.85762362169624,0.00884411880083485,0.00309492080541563,2.85755783467849,2.83682356756101,2.87617457030745,10 m,0.0010570743815110002,TRUE,0.03935100274643988,0
1920_b,7317,26765586,bootstrap_mean,2.86512263360566,NA,2.86512263360566,0.00778012434871897,0.00271545945624252,2.86502351152025,2.84473728167314,2.88597194398541,10 m,9.299027205768029e-4,TRUE,0.04123466231226969,3
1920_c,7416,27494820,bootstrap_mean,2.82940872341135,NA,2.82940872341135,0.00861257795836296,0.00304394974366906,2.83033300731852,2.80828047450872,2.84723493496803,10 m,0.001029399957595821,TRUE,0.038954460459309725,0
1920_d,7278,26481003,bootstrap_mean,2.78615861360587,NA,2.78615861360587,0.00950991032906762,0.0034132695398701,2.78463289544865,2.76843545754619,2.81166390468609,10 m,0.0011366516897506277,TRUE,0.04322844713989982,0
1921_a,7105,25236960,bootstrap_mean,2.75767220871784,NA,2.75767220871784,0.161933588886697,0.0587211157202715,2.71744117025501,2.69897961015418,3.41733807311364,10 m,0.019354765824957428,TRUE,0.7183584629594599,4
1921_b,8871,39342885,bootstrap_mean,2.82142496451644,NA,2.82142496451644,0.207016482708581,0.073373024380275,2.75330980743518,2.73238215240941,3.45299331497512,10 m,0.024743202273707483,TRUE,0.7206111625657101,7
1921_c,8717,37988686,bootstrap_mean,2.75658876723157,NA,2.75658876723157,0.0827719000931889,0.0300269307765904,2.74682068056499,2.7289064314048,3.43541223171638,10 m,0.009893134304034754,TRUE,0.7065058003115801,1
2_a,8273,34217128,bootstrap_mean,2.77864669833318,NA,2.77864669833318,0.0815203924402169,0.029338163966336,2.76925204501164,2.74192124753461,3.44673602424225,10 m,0.009743550528871447,TRUE,0.7048147767076398,1
2_b,7786,30307005,bootstrap_mean,2.98855058207144,NA,2.98855058207144,0.342223750187313,0.11451161383727,2.70221688326523,2.67773492161289,3.40117363021948,10 m,0.0409035617017583,TRUE,0.7234387086065901,0
2_c,6135,18816045,bootstrap_mean,2.82112218089608,NA,2.82112218089608,0.00789158397597312,0.0027973208779871,2.82008073054924,2.80245299941966,2.84175907170061,10 m,9.432246941047938e-4,TRUE,0.039306072280949955,1
2_d,5100,13002450,bootstrap_mean,2.91934639129211,NA,2.91934639129211,0.00722124806229631,0.00247358384186132,2.91997466012855,2.9033966640359,2.9351761277545,10 m,8.631042279157103e-4,TRUE,0.03177946371860019,0
20_a,8494,36069771,bootstrap_mean,2.74952422438877,NA,2.74952422438877,0.0100269357673088,0.0036467893893671,2.74770652857257,2.71924269730918,2.77262460415547,10 m,0.0011984480493045788,TRUE,0.05338190684628996,1
20_b,7734,29903511,bootstrap_mean,2.65477194097683,NA,2.65477194097683,0.0101062005850827,0.00380680555986445,2.65609641869719,2.62918163968915,2.6782381391737,10 m,0.0012079220070962831,TRUE,0.04905649948454993,0
20_c,7443,27695403,bootstrap_mean,2.7657075294714,NA,2.7657075294714,0.0815080931661547,0.0294709734480612,2.75584574157635,2.73901360216366,3.43485989479383,10 m,0.009742080484448128,TRUE,0.6958462926301698,3
20_d,7563,28595703,bootstrap_mean,2.70738983013762,NA,2.70738983013762,0.010082214821714,0.00372396125208223,2.70642791906649,2.68203962662465,2.73144693128011,10 m,0.0012050551600367835,TRUE,0.04940730465545995,0
200_a,5888,17331328,bootstrap_mean,2.81365887345455,NA,2.81365887345455,0.00724165372796058,0.00257374971652815,2.81338890947921,2.79843612270838,2.83067346876964,10 m,8.655431714551551e-4,TRUE,0.03223734606125994,0
200_b,6570,21579165,bootstrap_mean,2.7990584697802,NA,2.7990584697802,0.208673291184099,0.0745512440833309,2.73168570266786,2.71021014901938,3.42808180791353,10 m,0.024941228762720164,TRUE,0.71787165889415006,7
200_c,8465,35823880,bootstrap_mean,2.76245278193828,NA,2.76245278193828,0.159786689802401,0.0578423243456443,2.72436455936467,2.70407388839272,3.41474624096652,10 m,0.01909816230426699,TRUE,0.7106723525738001,4
200_d,7096,25173060,bootstrap_mean,2.72509195976118,NA,2.72509195976118,0.0840165681238798,0.0308307276834954,2.71435042125387,2.6931153793196,3.41364693357535,10 m,0.010041900587975319,TRUE,0.72053155425575,2
201_a,8762,38381941,bootstrap_mean,2.76993298840991,NA,2.76993298840991,0.232003419360343,0.0837577733219913,2.68356891600733,2.66305777757527,3.38241621001543,10 m,0.02772971242828869,TRUE,0.7193584324401598,9
201_b,8570,36718165,bootstrap_mean,2.78151115580257,NA,2.78151115580257,0.0811133081508556,0.0291615972783872,2.77187160894811,2.74701942752859,3.4469653500232,10 m,0.009694894649965927,TRUE,0.6999459224946096,5
201_c,5458,14892153,bootstrap_mean,3.01727155926939,NA,3.01727155926939,0.00779610644169077,0.00258382657594749,3.01818486983278,2.9943665009794,3.03627622380298,10 m,9.318129460524966e-4,TRUE,0.041909722823580076,2
201_d,7408,27435528,bootstrap_mean,2.9255572663802,NA,2.9255572663802,0.0106592027479865,0.00364347773003096,2.9277472769207,2.8972560413039,2.94715600964781,10 m,0.0012740184077089252,TRUE,0.049899968343910306,0
202_a,6161,18975880,bootstrap_mean,2.97059287358531,NA,2.97059287358531,0.00940756604750512,0.00316689847712144,2.97049470871359,2.94662934647187,2.99132143743501,10 m,0.0011244192084181003,TRUE,0.044692090963140085,0
202_b,4835,11686195,bootstrap_mean,2.97013102813923,NA,2.97013102813923,0.00750119065333885,0.00252554199874418,2.97052681042001,2.94890704868342,2.98764526598888,10 m,8.965637672942345e-4,TRUE,0.03873821730545979,2
202_c,6198,19204503,bootstrap_mean,2.81389849641378,NA,2.81389849641378,0.00829374973424956,0.00294742320834233,2.81432075916027,2.79065344240532,2.83156659442296,10 m,9.912926961034598e-4,TRUE,0.04091315201764001,1
202_d,5463,14919453,bootstrap_mean,3.01848659907525,NA,3.01848659907525,0.082965715411537,0.0274858650811817,3.02884132447071,2.33818516022624,3.04717891722615,10 m,0.009916299665376443,TRUE,0.7089937569999099,1
203_a,7514,28226341,bootstrap_mean,2.97584452565918,NA,2.97584452565918,0.00927756129469057,0.00311762298557432,2.97674536112813,2.95624407905843,2.99949052615789,10 m,0.0011088806684267608,TRUE,0.04324644709946002,0
203_b,8010,32076045,bootstrap_mean,2.86281653039383,NA,2.86281653039383,0.0108606654081284,0.00379369941902437,2.86218526580288,2.84227301173601,2.89078479917422,10 m,0.0012980978012203462,TRUE,0.04851178743821016,1
203_c,7998,31980003,bootstrap_mean,2.880165299611,NA,2.880165299611,0.00954019681105249,0.00331237822091009,2.87911433697736,2.86054721798657,2.90227823183435,10 m,0.0011402716167250684,TRUE,0.041731013847779774,0
203_d,8148,33190878,bootstrap_mean,2.82757956623529,NA,2.82757956623529,0.00859607369810643,0.00304008198416551,2.82746634243077,2.80000013841256,2.84517328011241,10 m,0.0010274273211923707,TRUE,0.045173141699850206,2
204_a,7381,27235890,bootstrap_mean,2.76414203022633,NA,2.76414203022633,0.00900845772405637,0.00325904299618017,2.76299450509132,2.74158043838286,2.7855006750539,10 m,0.0010767166397771572,TRUE,0.04392023667104006,1
204_b,6305,19873360,bootstrap_mean,2.82621393696287,NA,2.82621393696287,0.00832948573441818,0.00294722406732213,2.82670746281921,2.81009433627869,2.84361572122336,10 m,9.955639650819311e-4,TRUE,0.03352138494466983,0
204_c,7163,25650703,bootstrap_mean,2.80085609801713,NA,2.80085609801713,0.115110005032522,0.0410981503526777,2.78193810245639,2.76124462962026,3.47160167767505,10 m,0.013758277123549632,TRUE,0.71035704805479,3
204_d,7147,25536231,bootstrap_mean,2.78939340179548,NA,2.78939340179548,0.159901751369079,0.057324919197899,2.75265554268664,2.73085625610344,3.43528074858681,10 m,0.019111914791899828,TRUE,0.70442449248337,4
205_a,6037,18219666,bootstrap_mean,2.97303997759459,NA,2.97303997759459,0.00769652595362181,0.00258877311157076,2.9729021836939,2.95727890666682,2.99483373623467,10 m,9.199108012253464e-4,TRUE,0.03755482956785006,1
205_b,7898,31185253,bootstrap_mean,2.88451806185525,NA,2.88451806185525,0.00858249008818827,0.0029753636150464,2.88425443613195,2.86287573456676,2.90324862810106,10 m,0.0010258037692731485,TRUE,0.04037289353429996,1
205_c,7984,31868136,bootstrap_mean,2.88120314052478,NA,2.88120314052478,0.0103182058374041,0.0035812142824212,2.881857984087,2.8599249665396,2.90396414637314,10 m,0.0012332614813866524,TRUE,0.04403917983354022,0
205_d,7308,26699778,bootstrap_mean,2.81266134082278,NA,2.81266134082278,0.0092135151246735,0.00327572857455292,2.81279543441949,2.79237116855193,2.83746629748918,10 m,0.0011012256869544909,TRUE,0.045095128937250095,3
206_a,6636,22014930,bootstrap_mean,2.97832042434863,NA,2.97832042434863,0.00890989714047326,0.00299158447413256,2.97734620881692,2.96062848334742,3.002299519099,10 m,0.0010649363968520344,TRUE,0.04167103575157993,0
206_b,6716,22548970,bootstrap_mean,2.93516088234797,NA,2.93516088234797,0.00860176626964035,0.00293059447656559,2.93416502347476,2.9167322619224,2.95764757347517,10 m,0.0010281077136281732,TRUE,0.040915311552770284,0
206_c,4484,10050886,bootstrap_mean,2.9947884694728,NA,2.9947884694728,0.00814733200736732,0.0027205033311757,2.99403538311469,2.97543191051076,3.01456018410654,10 m,9.737924304951236e-4,TRUE,0.03912827359578008,2
206_d,5934,17603211,bootstrap_mean,2.94489218105024,NA,2.94489218105024,0.00732800937229912,0.00248837951333271,2.94423459816803,2.92928007859892,2.96162849136342,10 m,8.75864645124248e-4,TRUE,0.032348412764499734,0
207_a,6996,24468510,bootstrap_mean,2.88121719672811,NA,2.88121719672811,0.00820814481382762,0.00284884625260072,2.88198193949843,2.8664643192406,2.89519437222195,10 m,9.810609511046503e-4,TRUE,0.02873005298135034,0
207_b,5962,17769741,bootstrap_mean,2.87942091082996,NA,2.87942091082996,0.00925632867281025,0.00321464938939483,2.87984391333175,2.85842440470487,2.9043161241829,10 m,0.001106342884714507,TRUE,0.04589171947803017,0
207_c,6902,23815351,bootstrap_mean,2.80615696362685,NA,2.80615696362685,0.00851019994053685,0.00303268849563488,2.80533713592719,2.79111998184079,2.82907605579545,10 m,0.0010171634440085497,TRUE,0.03795607395466005,0
207_d,6955,24182535,bootstrap_mean,2.90642195313332,NA,2.90642195313332,0.00750894886020883,0.00258357147767676,2.90587756186482,2.88983150448039,2.92315551439582,10 m,8.97491050375048e-4,TRUE,0.033324009915430164,0
208_a,8864,39280816,bootstrap_mean,2.71373795818873,NA,2.71373795818873,0.0805486218395015,0.029681797977747,2.70393341954912,2.68535492329967,3.37407307583186,10 m,0.009627401726502935,TRUE,0.6887181525321902,3
208_b,6765,22879230,bootstrap_mean,2.82672255472332,NA,2.82672255472332,0.009411273676129,0.0033293941990887,2.82656015902448,2.80991508833864,2.85206276825116,10 m,0.001124862354798505,TRUE,0.04214767991252,0
208_c,6805,23150610,bootstrap_mean,2.73590074120011,NA,2.73590074120011,0.14086409622566,0.051487283184064,2.70712998260257,2.68622222000866,3.39998427803776,10 m,0.016836479783694184,TRUE,0.7137620580290998,3
208_d,6816,23225520,bootstrap_mean,2.78291854813467,NA,2.78291854813467,0.160082689136865,0.0575233110017411,2.74438338741588,2.72631780348717,3.43650181174034,10 m,0.01913354099155652,TRUE,0.7101840082531701,4
209_a,8051,32405275,bootstrap_mean,2.7226931895476,NA,2.7226931895476,0.113092674191304,0.0415370614013603,2.70351792061423,2.68158144923201,3.37694666279035,10 m,0.013517159969957995,TRUE,0.6953652135583401,3
209_b,8389,35183466,bootstrap_mean,2.73727679726826,NA,2.73727679726826,0.190189650880727,0.0694813367323799,2.68023073936908,2.66234558265722,3.36673960964781,10 m,0.022732011193196518,TRUE,0.70439402699059,7
209_c,8032,32252496,bootstrap_mean,2.72668955857998,NA,2.72668955857998,0.159875576205407,0.0586335821407803,2.6889255691013,2.66288630708069,3.38292861331968,10 m,0.019108786261452345,TRUE,0.72004230623899,5
209_d,7819,30564471,bootstrap_mean,3.11368187997013,NA,3.11368187997013,0.307891250755379,0.0988833357498721,3.29466901423269,2.59145997402884,3.31715854173203,10 m,0.03680004314665787,TRUE,0.7256985677031897,0
21_a,8105,32841460,bootstrap_mean,3.14681479875461,NA,3.14681479875461,0.294586969426137,0.0936143333070391,3.30883601794068,2.61103649125144,3.33737309855092,10 m,0.035209877379523524,TRUE,0.7263366072994799,17
21_b,7677,29464326,bootstrap_mean,2.74374095401951,NA,2.74374095401951,0.116200379321183,0.0423510751446679,2.72577468957867,2.69715024207937,3.41644782415875,10 m,0.013888601778018659,TRUE,0.7192975820793799,3
21_c,8007,32052021,bootstrap_mean,2.72979770487485,NA,2.72979770487485,0.221171868452076,0.0810213401737093,2.65069052588444,2.63375514429733,3.36115794621355,10 m,0.026435094475386424,TRUE,0.7274028019162202,8
21_d,8318,34590403,bootstrap_mean,2.7339404470988,NA,2.7339404470988,0.231087522298279,0.0845254411241854,2.64672527201233,2.62395437211638,3.34305740031688,10 m,0.027620241791110268,TRUE,0.7191030282005002,9
210_a,7262,26364691,bootstrap_mean,2.81880873060344,NA,2.81880873060344,0.218587928197405,0.0775462080219295,2.74225305108559,2.71994182962974,3.43824258776518,10 m,0.026126254543667064,TRUE,0.7183007581354399,8
210_b,7544,28452196,bootstrap_mean,2.80067582163899,NA,2.80067582163899,0.138818002042047,0.049565894406447,2.77173678451671,2.74568206734674,3.45237172244094,10 m,0.016591924753129483,TRUE,0.7066896550941997,3
210_c,8895,39556065,bootstrap_mean,2.75927458882097,NA,2.75927458882097,0.14055299489138,0.0509383862921152,2.72960975305204,2.70801867995796,3.42277278569615,10 m,0.016799296062180825,TRUE,0.7147541057381899,3
210_d,7892,31137886,bootstrap_mean,2.8123401575118,NA,2.8123401575118,0.0110131530587775,0.00391601031239454,2.81183714191642,2.78404499301971,2.83946447091475,10 m,0.0013163235614829455,TRUE,0.05541947789503965,3
211_a,8168,33354028,bootstrap_mean,2.76999063740066,NA,2.76999063740066,0.161089957549918,0.0581554158973924,2.73188449639101,2.69920331813424,3.42410851108984,10 m,0.0192539325940125,TRUE,0.7249051929556001,5
211_b,7953,31621128,bootstrap_mean,2.80142916649219,NA,2.80142916649219,0.0109612070381845,0.0039127196822576,2.80213709146157,2.7687885035753,2.82711247508375,10 m,0.0013101148244875627,TRUE,0.058323971508450256,2
211_c,7125,25379250,bootstrap_mean,2.77418731613616,NA,2.77418731613616,0.0819540679573082,0.029541649001356,2.76522598042757,2.74139561948767,3.44555949329692,10 m,0.009795384667390987,TRUE,0.7041638738092502,1
211_d,6830,23321035,bootstrap_mean,2.81598179879631,NA,2.81598179879631,0.00821398150013722,0.00291691569300919,2.81544888982489,2.79984149404262,2.83167233569627,10 m,9.817585685507446e-4,TRUE,0.03183084165365013,0
212_a,6721,22582560,bootstrap_mean,2.85608096631712,NA,2.85608096631712,0.00776230775653656,0.00271781782382239,2.85578465247985,2.83593465097866,2.87193068364424,10 m,9.27773230507077e-4,TRUE,0.03599603266558038,1
212_b,7618,29013153,bootstrap_mean,2.82915582088618,NA,2.82915582088618,0.00967225217574836,0.00341877676172629,2.82848860078323,2.80984468103269,2.85932542211385,10 m,0.0011560552517151275,TRUE,0.049480741081160406,1
212_c,7347,26985531,bootstrap_mean,2.80821117765987,NA,2.80821117765987,0.241227054905049,0.0859006106179192,2.71170776011211,2.68560523968691,3.40617282775748,10 m,0.028832147736799315,TRUE,0.72056758807057,11
212_d,7159,25622061,bootstrap_mean,2.84448090597139,NA,2.84448090597139,0.00714378340766818,0.0025114541611692,2.84332820394588,2.82742007979318,2.85983517455501,10 m,8.538454307733355e-4,TRUE,0.0324150947618298,0
213_a,6741,22717170,bootstrap_mean,2.823415154722,NA,2.823415154722,0.00959201657685163,0.00339731001330411,2.82360916545735,2.79839591267175,2.84819021755739,10 m,0.0011464652633862826,TRUE,0.049794304885640184,2
213_b,6455,20830285,bootstrap_mean,2.78411873612014,NA,2.78411873612014,0.082754806831358,0.0297238784243385,2.77464015108536,2.75745812110406,3.4632300376589,10 m,0.00989109126847804,TRUE,0.70577191655484,1
213_c,8081,32647240,bootstrap_mean,2.76094035625644,NA,2.76094035625644,0.115669692080242,0.0418950347181998,2.74301716129945,2.71911491452854,3.4318016203794,10 m,0.013825172520720517,TRUE,0.7126867058508601,2
213_d,6922,23953581,bootstrap_mean,2.86288383090289,NA,2.86288383090289,0.00972442731842818,0.00339672438450334,2.8616120565271,2.84125251754427,2.88509890833833,10 m,0.00116229137403783,TRUE,0.04384639079406005,0
214_a,7224,26089476,bootstrap_mean,2.71347723951456,NA,2.71347723951456,0.00968638454754239,0.00356973126823621,2.71277841216646,2.6894080706434,2.7317675529659,10 m,0.001157744393223725,TRUE,0.042359482322499975,0
214_b,7796,30384910,bootstrap_mean,3.06529299966189,NA,3.06529299966189,0.334926973778835,0.109264260811537,3.32224476007754,2.63072684465714,3.34939191648928,10 m,0.04003143010982539,TRUE,0.7186650718321399,0
214_c,8224,33812976,bootstrap_mean,3.18559390044286,NA,3.18559390044286,0.260931059287813,0.0819097058327298,3.30139999877229,2.59581505077175,3.32326034541093,10 m,0.031187226712472295,TRUE,0.7274452946391801,12
214_d,7363,27103203,bootstrap_mean,2.82234453098137,NA,2.82234453098137,0.00992888847547283,0.00351795762936866,2.82278340115676,2.79508033693922,2.84572370182959,10 m,0.0011867291564775677,TRUE,0.05064336489036991,1
215_a,7368,27140028,bootstrap_mean,2.87982080328848,NA,2.87982080328848,0.00995358682108838,0.0034563215911637,2.87986112464187,2.85845053593679,2.90726459850543,10 m,0.0011896811734058612,TRUE,0.04881406256864018,3
215_b,8517,36265386,bootstrap_mean,2.73085211939489,NA,2.73085211939489,0.0117881616680032,0.00431666057062632,2.73125212031182,2.70382680825151,2.75322199644191,10 m,0.001408954807705647,TRUE,0.049395188190399786,0
215_c,7072,25003056,bootstrap_mean,2.90915409778157,NA,2.90915409778157,0.0102892832826025,0.00353686430376746,2.91134123105916,2.88434996392745,2.929093185019,10 m,0.001229804574891261,TRUE,0.044743221091549934,0
215_d,6853,23478378,bootstrap_mean,2.91417434614538,NA,2.91417434614538,0.0101897967801287,0.00349663251740817,2.91250010992203,2.89232329067267,2.94197338647518,10 m,0.0012179136634913308,TRUE,0.049650095802509675,0
216_a,8583,36829653,bootstrap_mean,2.75501535263292,NA,2.75501535263292,0.0110496174003232,0.00401072806718238,2.75423193774431,2.73259711335942,2.77962027010097,10 m,0.0013206818839065415,TRUE,0.04702315674155022,0
216_b,7773,30205878,bootstrap_mean,2.88535046767008,NA,2.88535046767008,0.0115617903679007,0.00400706621169554,2.8842930127896,2.85964990593039,2.91247018612493,10 m,0.001381898262284174,TRUE,0.052820280194540103,0
216_c,8001,32004000,bootstrap_mean,2.77231107538894,NA,2.77231107538894,0.00956144882709883,0.00344890907516842,2.7726556273762,2.75015243392276,2.79384430462425,10 m,0.0011428117184835304,TRUE,0.04369187070148994,0
216_d,7645,29219190,bootstrap_mean,2.90422924429719,NA,2.90422924429719,0.0126058674906954,0.00434052081647776,2.90520950480923,2.87843063947918,2.9269542057671,10 m,0.0015066893470357507,TRUE,0.048523566287919984,0
217_a,8638,37303203,bootstrap_mean,2.87347355804205,NA,2.87347355804205,0.0111210880915487,0.00387025941492444,2.87515173135189,2.83579836833819,2.89366440678648,10 m,0.0013292242653947038,TRUE,0.057866038448289636,2
217_b,7356,27051690,bootstrap_mean,2.86801783986517,NA,2.86801783986517,0.0114325647116954,0.00398622510389715,2.86864631351786,2.84377040739454,2.8918291491527,10 m,0.0013664528421485156,TRUE,0.04805874175815994,0
217_c,8733,38128278,bootstrap_mean,2.76986469094038,NA,2.76986469094038,0.00898598359278554,0.0032441958707141,2.76998753865992,2.74237667131481,2.79245360156317,10 m,0.001074030467310674,TRUE,0.05007693024835991,1
217_d,7850,30807325,bootstrap_mean,2.70411989665918,NA,2.70411989665918,0.0103043675201334,0.00381061784015717,2.70259136024305,2.67992365479541,2.72899644483988,10 m,0.0012316074861159537,TRUE,0.04907279004447007,0
218_a,8453,35722378,bootstrap_mean,2.64873673066672,NA,2.64873673066672,0.113282918174679,0.0427686590604137,2.66855290044669,1.99058697816928,2.68528272849293,10 m,0.01353989847512635,TRUE,0.6946957503236499,2
218_b,8774,38487151,bootstrap_mean,2.81931482864502,NA,2.81931482864502,0.334332120722222,0.118586302361593,2.57212873198264,2.5448133489338,3.27569458293706,10 m,0.039960331570664004,TRUE,0.73088123400326,0
218_c,9101,41409550,bootstrap_mean,2.63903963292821,NA,2.63903963292821,0.1600582978897,0.0606502061934186,2.60166709315378,2.57339867789306,3.28950011383139,10 m,0.019130625679913624,TRUE,0.71610143593833,4
218_d,8543,36487153,bootstrap_mean,2.85784529963246,NA,2.85784529963246,0.326484264738147,0.114241405852211,2.62941612815955,2.60553344891647,3.32981769784716,10 m,0.03902233337125374,TRUE,0.7242842489306898,0
219_a,7355,27044335,bootstrap_mean,2.95776029650394,NA,2.95776029650394,0.0108166448630866,0.00365703903587855,2.95805329150357,2.92983634709185,2.98959147325015,10 m,0.001292836339737101,TRUE,0.059755126158300254,3
219_b,7555,28535235,bootstrap_mean,2.95996455843604,NA,2.95996455843604,0.0821537289793366,0.0277549704928712,2.96927363410309,2.28974395263844,2.99682393364749,10 m,0.009819248723960715,TRUE,0.7070799810090498,1
219_c,7462,27836991,bootstrap_mean,2.7867136566692,NA,2.7867136566692,0.00956732028769392,0.00343319101508592,2.78829530488318,2.75662653780866,2.80793749053427,10 m,0.0011435134922517134,TRUE,0.051310952725609926,1
219_d,7468,27881778,bootstrap_mean,2.83518756204909,NA,2.83518756204909,0.0089727478671589,0.00316478104915006,2.83575005889985,2.81848347610082,2.85144099764522,10 m,0.0010724484955172478,TRUE,0.03295752154439979,0
22_a,8182,33468471,bootstrap_mean,2.77351985785899,NA,2.77351985785899,0.275848844083917,0.0994580382405691,2.64035518407082,2.61735241628155,3.33789667472415,10 m,0.03297024303009201,TRUE,0.7205442584426001,14
22_b,8094,32752371,bootstrap_mean,2.69217720762585,NA,2.69217720762585,0.11494382936822,0.0426954916053188,2.67463057200741,2.64703778087327,3.35781627593018,10 m,0.013738415332734741,TRUE,0.71077849505691,3
22_c,7136,25457680,bootstrap_mean,2.91478053742055,NA,2.91478053742055,0.0109551554518712,0.00375848380734901,2.91447641745551,2.88935316554684,2.93891211330912,10 m,0.0013093915215782114,TRUE,0.04955894776227998,0
22_d,7778,30244753,bootstrap_mean,2.70584837956161,NA,2.70584837956161,0.011190017148187,0.00413549304266634,2.70450432575152,2.68151276749974,2.72662685512279,10 m,0.0013374628634455564,TRUE,0.045114087623050025,0
220_a,7169,25693696,bootstrap_mean,2.86963370795448,NA,2.86963370795448,0.0091475459741861,0.00318770508892113,2.86914202148557,2.84983697418102,2.8917648682703,10 m,0.0010933408653548884,TRUE,0.04192789408927977,0
220_b,8373,35049378,bootstrap_mean,2.8050637557459,NA,2.8050637557459,0.0110272991732431,0.00393121159925678,2.80480203382209,2.78169753630884,2.82793603041873,10 m,0.0013180143455549659,TRUE,0.046238494109890116,0
220_c,5907,17443371,bootstrap_mean,2.85801855755521,NA,2.85801855755521,0.248274965859804,0.086869612936377,2.96372039738423,2.27567764818933,2.9863741821978,10 m,0.029674534217715758,TRUE,0.7106965340084699,11
220_d,7562,28588141,bootstrap_mean,2.82487752567859,NA,2.82487752567859,0.00980263331223732,0.00347010913681382,2.82451533888344,2.80341018649945,2.848738045051,10 m,0.0011716387781600412,TRUE,0.04532785855154975,0
221_a,7711,29725905,bootstrap_mean,2.77258524776464,NA,2.77258524776464,0.0101294456164005,0.00365342981773681,2.77369217890137,2.74964593557387,2.79336588601956,10 m,0.001210700319741874,TRUE,0.04371995044568999,0
221_b,9009,40576536,bootstrap_mean,2.65453269677949,NA,2.65453269677949,0.115714872999077,0.0435914287812178,2.63556613210802,2.61194080365412,3.3319068358378,10 m,0.013830572673399277,TRUE,0.71996603218368,2
221_c,7676,29456650,bootstrap_mean,2.75585719345357,NA,2.75585719345357,0.00879842227538289,0.00319262634373189,2.75507789324022,2.73516597519878,2.77638453556678,10 m,0.0010516126020542642,TRUE,0.0412185603680002,0
221_d,7690,29564205,bootstrap_mean,2.7118239000711,NA,2.7118239000711,0.00906014592742858,0.00334097871443313,2.71343860791459,2.69138225687821,2.72861899592162,10 m,0.0010828945617207132,TRUE,0.03723673904340963,0
222_a,7403,27398503,bootstrap_mean,2.69224791004205,NA,2.69224791004205,0.16076482673534,0.0597139758696398,2.65279249142343,2.63208976793526,3.34104468554013,10 m,0.01921507202887652,TRUE,0.7089549176048702,4
222_b,8370,35024265,bootstrap_mean,3.09411170776451,NA,3.09411170776451,0.292992198113084,0.094693477736384,3.24864497149194,2.54798940160463,3.27205667923281,10 m,0.035019265749652854,TRUE,0.7240672776281802,16
222_c,6127,18767001,bootstrap_mean,2.76743526958932,NA,2.76743526958932,0.0821049738099469,0.0296682544709099,2.77859142099624,2.0943866391641,2.79818144138705,10 m,0.009813421366629963,TRUE,0.7037948022229501,2
222_d,7274,26451901,bootstrap_mean,3.0490201600683,NA,3.0490201600683,0.302079623543,0.0990743280412527,3.22208333689975,2.53037231935347,3.24310901561215,10 m,0.03610542083555571,TRUE,0.7127366962586796,0
223_a,7727,29849401,bootstrap_mean,2.78745668685401,NA,2.78745668685401,0.260015585172071,0.0932805831202101,2.66990736584421,2.64527759083154,3.37660411050626,10 m,0.0310778066270483,TRUE,0.7313265196747203,12
223_b,7821,30580110,bootstrap_mean,2.73785991941221,NA,2.73785991941221,0.282441108268286,0.103161270693835,2.59519361983026,2.56917955435164,3.29122231319042,10 m,0.03375816930543684,TRUE,0.7220427588387803,15
223_c,8182,33468471,bootstrap_mean,2.73035889856557,NA,2.73035889856557,0.280960583870512,0.102902436752223,2.5889579928212,2.56333284043369,3.2803222991353,10 m,0.03358121279373313,TRUE,0.7169894587016099,15
223_d,7496,28091260,bootstrap_mean,2.82900190924855,NA,2.82900190924855,0.313419762035654,0.110788105519132,2.63568344582583,2.61207254080599,3.33640650330291,10 m,0.03746082663157913,TRUE,0.7243339624969201,0
224_a,6634,22001661,bootstrap_mean,2.71391744196095,NA,2.71391744196095,0.00957611981994504,0.00352852289162702,2.71421071968891,2.69221767711969,2.73828069262907,10 m,0.0011445652375212433,TRUE,0.04606301550938019,0
224_b,7850,30807325,bootstrap_mean,2.71946245608858,NA,2.71946245608858,0.0109036482195643,0.00400948657892013,2.71770187853511,2.70072014716988,2.74807753470391,10 m,0.0013032352298141274,TRUE,0.04735738753403007,0
224_c,7569,28641096,bootstrap_mean,2.85928364864055,NA,2.85928364864055,0.0826097230210984,0.0288917551290776,2.86841447358255,2.18447677057821,2.89412680186376,10 m,0.009873750436400689,TRUE,0.7096500312855496,1
224_d,7825,30611400,bootstrap_mean,2.71997064994841,NA,2.71997064994841,0.0105779024899079,0.00388897670278483,2.72073531826709,2.69113844077896,2.74551762707437,10 m,0.001264301168268744,TRUE,0.054379186295410165,2
23_a,7339,26926791,bootstrap_mean,2.87723727297452,NA,2.87723727297452,0.0129562631641667,0.00450302214762161,2.87840407003569,2.84247305384136,2.9067389807201,10 m,0.0015485696403877394,TRUE,0.06426592687874022,1
23_b,6661,22181130,bootstrap_mean,2.82017217170931,NA,2.82017217170931,0.229433275429939,0.0813543505362934,2.90572507076978,2.21958580906258,2.9347734793432,10 m,0.027422521472716087,TRUE,0.7151876702806201,9
23_c,6929,24002056,bootstrap_mean,2.94653139656989,NA,2.94653139656989,0.0104017196973519,0.00353015742831071,2.94530109536575,2.91443122511321,2.97199810003552,10 m,0.0012432432968552082,TRUE,0.05756687492231016,1
23_d,6958,24203403,bootstrap_mean,2.76497461182873,NA,2.76497461182873,0.00904407140633464,0.00327094193474455,2.7641570730646,2.74440230682381,2.7859899270403,10 m,0.0010809732889714306,TRUE,0.041587620216489984,0
24_a,6594,21737121,bootstrap_mean,2.84265928333013,NA,2.84265928333013,0.00914025667320473,0.00321538945128066,2.84174565038599,2.82279229622476,2.85941545566275,10 m,0.0010924696272473899,TRUE,0.036623159437989994,0
24_b,5546,15376285,bootstrap_mean,2.9988054470175,NA,2.9988054470175,0.00720821848799467,0.00240369661031652,2.99831058408349,2.97822706671946,3.01625905375825,10 m,8.615468959184334e-4,TRUE,0.03803198703878996,1
24_d,3080,4741660,bootstrap_mean,2.23877524959359,NA,2.23877524959359,0.114988235506615,0.051362116642789,2.22005734877937,2.1908762608173,2.91016986138019,10 m,0.013743722881438719,TRUE,0.71929360056289,3
3_a,7974,31788351,bootstrap_mean,2.75576134860881,NA,2.75576134860881,0.139443166133103,0.0506005958039503,2.72689348226212,2.70365285596184,3.41289542429394,10 m,0.016666646153845353,TRUE,0.7092425683321002,3
3_b,7302,26655951,bootstrap_mean,2.74902033906162,NA,2.74902033906162,0.00894893293558321,0.00325531710639796,2.74976990970202,2.72871109964506,2.76466327539511,10 m,0.0010696020667623873,TRUE,0.03595217575005005,0
3_c,7704,29671956,bootstrap_mean,2.75990030676791,NA,2.75990030676791,0.0100688752745322,0.0036482749937891,2.76051550283092,2.72305038443092,2.78136189525008,10 m,0.0012034607791940582,TRUE,0.05831151081915964,3
3_d,7647,29234481,bootstrap_mean,2.78295442502068,NA,2.78295442502068,0.207531251645183,0.0745722782160334,2.71536199839585,2.69805627626189,3.41121217676642,10 m,0.024804728929729816,TRUE,0.71315590050453,7
300_a,7170,25700865,bootstrap_mean,2.77960690303673,NA,2.77960690303673,0.00815102528496877,0.00293243813578954,2.78076229883643,2.7488171763005,2.79816556735694,10 m,9.742338616002702e-4,TRUE,0.04934839105644029,1
300_b,5886,17319555,bootstrap_mean,2.83340040935168,NA,2.83340040935168,0.00856864637479623,0.00302415653873532,2.83369778437201,2.81423949610398,2.85579823353129,10 m,0.0010241491290425891,TRUE,0.04155873742731009,0
300_c,6332,20043946,bootstrap_mean,2.85341405270187,NA,2.85341405270187,0.308350952344916,0.108063865478247,2.67047471517928,2.64409505330643,3.37150823788084,10 m,0.036854987995814985,TRUE,0.7274131845744098,0
300_d,4499,10118251,bootstrap_mean,2.81095778403642,NA,2.81095778403642,0.0078653782047335,0.00279811324431887,2.81166064936832,2.78969757774179,2.82780957467562,10 m,9.400925053532671e-4,TRUE,0.03811199693383038,2
301_a,7436,27643330,bootstrap_mean,2.8681089681411,NA,2.8681089681411,0.283799915671623,0.0989501859322875,2.72328419793125,2.70492498847865,3.42463977947388,10 m,0.03392057785374121,TRUE,0.71971479099523,15
301_b,6917,23918986,bootstrap_mean,2.74122671322506,NA,2.74122671322506,0.0828498584225048,0.0302236433137016,2.73255778127464,2.7131673909989,3.42130420898596,10 m,0.00990245210658818,TRUE,0.7081368179870604,2
301_c,6137,18828316,bootstrap_mean,2.76706223908329,NA,2.76706223908329,0.00822218866613499,0.0029714505694888,2.76842974074213,2.74459684051358,2.78417346024972,10 m,0.00098273951251095365,TRUE,0.03957661973614002,1
301_d,7573,28671378,bootstrap_mean,2.85973451848227,NA,2.85973451848227,0.00944121996299076,0.00330143231896975,2.85860535569448,2.83905968011633,2.88530344530029,10 m,0.0011284416206785563,TRUE,0.046243765183959784,4
302_a,7477,27949026,bootstrap_mean,2.81428246771908,NA,2.81428246771908,0.220241796133067,0.0782585965194774,2.73718761137601,2.71230876453545,3.43503009505785,10 m,0.02632392957094347,TRUE,0.7227213305224001,8
302_b,6039,18231741,bootstrap_mean,2.9385492545649,NA,2.9385492545649,0.00727734210171356,0.00247650846430719,2.94028439536711,2.92288869718158,2.95923946149679,10 m,8.698087479881732e-4,TRUE,0.036350764315209894,1
302_c,5963,17775703,bootstrap_mean,2.89834426119763,NA,2.89834426119763,0.00832157432126144,0.00287114765235751,2.89824162102358,2.87630609926525,2.92228666885748,10 m,9.94618370347411e-4,TRUE,0.04598056959222996,1
302_d,7293,26590278,bootstrap_mean,2.78169763974653,NA,2.78169763974653,0.00923019842011643,0.00331818896785543,2.78151422043422,2.76489376427628,2.80420988955925,10 m,0.0011032197221556277,TRUE,0.03931612528297013,0
303_a,7684,29518086,bootstrap_mean,2.77024729592351,NA,2.77024729592351,0.116084207317907,0.0419039150362961,2.75245944585199,2.72207340908732,3.45045273575298,10 m,0.013874716567826743,TRUE,0.7283793266656602,2
303_b,7494,28076271,bootstrap_mean,2.91714644981614,NA,2.91714644981614,0.00888644839900148,0.00304628120386674,2.91864799164999,2.89684605126696,2.9317378794091,10 m,0.0010621337361860386,TRUE,0.03489182814213976,0
303_c,8471,35874685,bootstrap_mean,2.85058688030286,NA,2.85058688030286,0.0105279230233463,0.0036932475540713,2.84904717277166,2.82032355406531,2.87353629898486,10 m,0.0012583274794373744,TRUE,0.05321274491954986,0
303_d,8604,37010106,bootstrap_mean,2.81217283571621,NA,2.81217283571621,0.0110863082400219,0.00394225706870481,2.81201327757712,2.78233924108811,2.83928080320293,10 m,0.0013250672780373803,TRUE,0.056941562114820155,1
304_a,8972,40243906,bootstrap_mean,2.71128965497949,NA,2.71128965497949,0.0113384186347513,0.00418192818828022,2.71139828461178,2.68248691734138,2.74242771140074,10 m,0.001355200233686497,TRUE,0.0599407940593597,1
304_b,6874,23622501,bootstrap_mean,2.86940814001445,NA,2.86940814001445,0.00918603507787515,0.00320136928231789,2.86887900447281,2.84294041250831,2.88559005328121,10 m,0.0010979411931425673,TRUE,0.04264964077290001,2
304_c,7082,25073821,bootstrap_mean,2.79534550668164,NA,2.79534550668164,0.116349396530828,0.041622545854429,2.77669012208622,2.75607632883156,3.47215521001456,10 m,0.013906412741243747,TRUE,0.7160788811829999,2
304_d,9130,41673885,bootstrap_mean,2.76568928238195,NA,2.76568928238195,0.0096429489659071,0.00348663496920454,2.76585554455686,2.74244616161083,2.78497779453863,10 m,0.001152552848240367,TRUE,0.04253163292779982,0
305_a,9147,41829231,bootstrap_mean,2.81491028953691,NA,2.81491028953691,0.010675323363641,0.00379242045592765,2.81453178686239,2.78085857779045,2.83562204142734,10 m,0.0012759451898119592,TRUE,0.05476346363689011,1
305_b,5875,17254875,bootstrap_mean,2.85630648154166,NA,2.85630648154166,0.00808858701331436,0.00283183442168595,2.85653396808583,2.83452009284146,2.86972398497091,10 m,9.667710607403958e-4,TRUE,0.03520389212945041,0
305_c,7361,27088480,bootstrap_mean,2.82280110262505,NA,2.82280110262505,0.00833602836633281,0.00295310511200409,2.82158412947871,2.80537602921146,2.85061368813237,10 m,9.963459591664022e-4,TRUE,0.04523765892091003,1
305_d,7028,24692878,bootstrap_mean,2.99015169315451,NA,2.99015169315451,0.113677583795426,0.0380173300423763,3.00963087916787,2.32515803410908,3.03196881576607,10 m,0.013587070039230102,TRUE,0.7068107816569897,2
306_a,6047,18280081,bootstrap_mean,3.01063026743829,NA,3.01063026743829,0.00891417204033604,0.00296089896416308,3.00983738581939,2.98672156537623,3.03096175124084,10 m,0.0010654473451138379,TRUE,0.044240185864610204,0
306_b,6447,20778681,bootstrap_mean,2.99818937592889,NA,2.99818937592889,0.00893861507590461,0.00298133771924773,2.99764040564899,2.97566319911385,3.02307372178617,10 m,0.0010683688466548913,TRUE,0.047410522672320266,1
306_c,5092,12961686,bootstrap_mean,3.09133897757581,NA,3.09133897757581,0.114780729059183,0.0371297777085555,3.1101169758826,2.4257746739471,3.13351330790437,10 m,0.013718921117179513,TRUE,0.7077386339572702,2
306_d,5957,17739946,bootstrap_mean,2.97162320470938,NA,2.97162320470938,0.00809879340504837,0.00272537695634276,2.97209878941389,2.94932100336707,2.98761328752154,10 m,9.679909578802522e-4,TRUE,0.03829228415446995,1
307_a,7496,28091260,bootstrap_mean,3.07022673769193,NA,3.07022673769193,0.00896604723903976,0.00292032087694607,3.07040122374265,3.05250408727305,3.09659292443374,10 m,0.0010716476172743972,TRUE,0.04408883716069001,2
307_b,7655,29295685,bootstrap_mean,2.92842843932913,NA,2.92842843932913,0.0103835015986698,0.00354575903553529,2.92792682400541,2.90525773589179,2.94912037704118,10 m,0.0012410658175799557,TRUE,0.04386264114938987,0
307_c,6905,23836060,bootstrap_mean,2.93913445762174,NA,2.93913445762174,0.010138692314047,0.00344955035580473,2.93982298451483,2.91602356198814,2.96428249423944,10 m,0.00121180551149877,TRUE,0.048258932251299846,0
307_d,7256,26321140,bootstrap_mean,2.90495673387908,NA,2.90495673387908,0.00807625424920602,0.0027801633514939,2.90474603481291,2.88872381770248,2.92698725675924,10 m,9.652970134909498e-4,TRUE,0.038263439056759996,2
308_a,7465,27859380,bootstrap_mean,2.84112702228763,NA,2.84112702228763,0.00948395711867203,0.0033380968342048,2.84021730308595,2.82293779248339,2.86833741499659,10 m,0.0011335496877937393,TRUE,0.045399622513199844,1
308_b,6254,19553131,bootstrap_mean,2.82597940330081,NA,2.82597940330081,0.00802665879779826,0.00284031043836446,2.82507901804007,2.80803528432358,2.84696491585602,10 m,9.59369223249409e-4,TRUE,0.03892963153244011,0
308_c,6086,18516655,bootstrap_mean,2.85914476784858,NA,2.85914476784858,0.00890545823147421,0.00311472798845905,2.8587458825587,2.83556466690941,2.88532918443761,10 m,0.0010644058457490448,TRUE,0.04976451752819999,2
308_d,8384,35141536,bootstrap_mean,2.78606928708628,NA,2.78606928708628,0.00888107198839849,0.00318767089876881,2.78623044223034,2.76627610863856,2.80847901527788,10 m,0.0010614911322092166,TRUE,0.04220290663932014,2
309_a,6915,23905155,bootstrap_mean,2.71609612773001,NA,2.71609612773001,0.159118461371227,0.0585835161527257,2.75415194485148,2.07012471547255,2.77416466471465,10 m,0.019018293730416008,TRUE,0.7040399492420999,4
309_b,6642,22054761,bootstrap_mean,2.76021974512837,NA,2.76021974512837,0.00897279551387437,0.00325075404945959,2.75971365881335,2.73822029855282,2.78619230760628,10 m,0.001072454190388995,TRUE,0.047972009053459885,3
309_c,7545,28459740,bootstrap_mean,2.85817879662073,NA,2.85817879662073,0.313502392777492,0.109686067627452,2.66787242419095,2.64284477484899,3.36632860412728,10 m,0.03747070289424466,TRUE,0.7234838292782899,0
309_d,7590,28800255,bootstrap_mean,2.78244402993444,NA,2.78244402993444,0.284111638863911,0.102108662674737,2.63951959699047,2.61230447852588,3.33355789436473,10 m,0.03395783590150278,TRUE,0.7212534158388499,15
310_a,8084,32671486,bootstrap_mean,2.67365897068846,NA,2.67365897068846,0.115270927531734,0.0431135491831451,2.65432611566049,2.62973250791749,3.34417171861324,10 m,0.01377751104104401,TRUE,0.7144392106957498,3
310_b,7709,29710486,bootstrap_mean,2.73475285590738,NA,2.73475285590738,0.0105026697574318,0.00384044566760204,2.73432122803456,2.7062547084756,2.7598454049527,10 m,0.0012553091368473605,TRUE,0.05359069647710024,1
310_c,7993,31940028,bootstrap_mean,2.78507032259336,NA,2.78507032259336,0.116326055965728,0.0417677266609946,2.76711701358082,2.74409471110974,3.45910885669365,10 m,0.013903623010127191,TRUE,0.7150141455839099,2
310_d,7386,27272805,bootstrap_mean,3.00305593941519,NA,3.00305593941519,0.342201787332826,0.113951186470228,2.7030418818805,2.67276491575337,3.38888157436823,10 m,0.040900936638555756,TRUE,0.71611665861486,0
311_a,6088,18528828,bootstrap_mean,2.77162939764331,NA,2.77162939764331,0.0834629777516554,0.030113325332248,2.76165818819201,2.74527744675339,3.45639310927039,10 m,0.009975733882901851,TRUE,0.7111156625169999,2
311_b,7673,29433628,bootstrap_mean,2.74957088527207,NA,2.74957088527207,0.114739095335209,0.0417298189873202,2.73137948099854,2.70724286971398,3.41539518735942,10 m,0.013713944935378827,TRUE,0.7081523176454403,4
311_c,6066,18395145,bootstrap_mean,2.92510633496871,NA,2.92510633496871,0.00825486878966039,0.0028220747707446,2.92518239763506,2.9054223510933,2.94361148492877,10 m,9.866455343703676e-4,TRUE,0.038189133835469846,0
311_d,7521,28278960,bootstrap_mean,2.87899826119844,NA,2.87899826119844,0.00928733023907552,0.00322588949227413,2.87803884267004,2.85969841670459,2.89702489956117,10 m,0.0011100482806079494,TRUE,0.037326482856580245,0
312_a,8408,35343028,bootstrap_mean,2.9222220293806,NA,2.9222220293806,0.0107498383203664,0.00367865213946285,2.92120943892803,2.89693146939775,2.95386126120764,10 m,0.0012848514306221105,TRUE,0.056929791809889885,1
312_b,7387,27280191,bootstrap_mean,2.91155365418575,NA,2.91155365418575,0.00924859819659739,0.00317651649087809,2.91216836028653,2.89125244592944,2.93471378999414,10 m,0.001105418916081168,TRUE,0.04346134406469959,0
312_c,6941,24085270,bootstrap_mean,2.85971187168173,NA,2.85971187168173,0.0108791396841052,0.0038042782532869,2.85993320653342,2.83391261869452,2.88554087188677,10 m,0.0013003058995387673,TRUE,0.051628253192250284,0
312_d,6762,22858941,bootstrap_mean,2.97724308175477,NA,2.97724308175477,0.00976756807374953,0.0032807425546162,2.97815663603548,2.95709624062889,2.99555945952965,10 m,0.0011674476805366672,TRUE,0.03846321890075988,0
313_a,8388,35175078,bootstrap_mean,2.77200605932383,NA,2.77200605932383,0.00903604368755785,0.00325974889454678,2.77139817123264,2.75456737793291,2.79211841634294,10 m,0.0010800137930564594,TRUE,0.037551038410029935,0
313_b,7872,30980256,bootstrap_mean,2.76378575872265,NA,2.76378575872265,0.00738714551353539,0.00267283579786211,2.76331768576819,2.74475757858535,2.77755607322539,10 m,8.829327659093709e-4,TRUE,0.0327984946400397,0
313_c,7725,29833950,bootstrap_mean,2.72029617011846,NA,2.72029617011846,0.0813623234576668,0.0299093622052645,2.7304819745773,2.05290945731441,2.74663407514495,10 m,0.009724657671852219,TRUE,0.6937246178305401,1
313_d,5920,17520240,bootstrap_mean,2.81154877402228,NA,2.81154877402228,0.00977090829001144,0.00347527611126337,2.81308724863149,2.78556812631095,2.82807312707563,10 m,0.0011678469127404272,TRUE,0.04250500076467967,1
314_a,7824,30603576,bootstrap_mean,2.68700847161121,NA,2.68700847161121,0.113579811092942,0.0422699862292717,2.66876672843517,2.64631513654652,3.34541030517646,10 m,0.01357538396610802,TRUE,0.69909516862994,2
314_b,7805,30455110,bootstrap_mean,2.76639276947607,NA,2.76639276947607,0.252547077855715,0.0912911140609816,2.65994656424539,2.62910872710971,3.35804422902018,10 m,0.03018514926569511,TRUE,0.72893550191047,11
314_c,7065,24953580,bootstrap_mean,2.94591395527246,NA,2.94591395527246,0.341628640171792,0.115966944506427,2.66114865998251,2.63847010480515,3.35925903725501,10 m,0.04083243245013309,TRUE,0.7207889324498598,0
314_d,7156,25600590,bootstrap_mean,2.61923203159754,NA,2.61923203159754,0.0817255316668148,0.0312020969050872,2.61137624423137,2.58055424835218,3.28868965925972,10 m,0.0097680693561241,TRUE,0.70813541090754,2
315_a,7610,28952245,bootstrap_mean,2.77902665078835,NA,2.77902665078835,0.0100580671662032,0.00361927697359433,2.77956831487966,2.75648578407946,2.80231859524537,10 m,0.0012021689631652975,TRUE,0.04583281116590987,1
315_b,8338,34756953,bootstrap_mean,2.89567812833389,NA,2.89567812833389,0.0108866617922131,0.00375962427788099,2.89427930403942,2.86847984705317,2.91690024597553,10 m,0.001301204963420074,TRUE,0.048420398922360164,0
315_c,8556,36598290,bootstrap_mean,2.84721888061306,NA,2.84721888061306,0.0102106448610155,0.00358618191616408,2.84809216072398,2.82228669540242,2.8709601472476,10 m,0.0012204054857638928,TRUE,0.048673451845179905,0
315_d,7218,26046153,bootstrap_mean,2.94156477062277,NA,2.94156477062277,0.114668263958231,0.0389820632553856,2.96136024943652,2.27107560878954,2.97910171485871,10 m,0.01370547896655856,TRUE,0.7080261060691702,2
316_a,8078,32623003,bootstrap_mean,2.92727690980847,NA,2.92727690980847,0.0818968420075914,0.0279771420780789,2.93706374303848,2.25673205933485,2.96159514083803,10 m,0.009788544858161202,TRUE,0.7048630815031802,2
316_b,8599,36967101,bootstrap_mean,2.82514309452041,NA,2.82514309452041,0.010262672518941,0.00363262042862405,2.82581825410374,2.80060391089957,2.84823919216772,10 m,0.001226623980286815,TRUE,0.047635281268149754,1
316_c,7837,30705366,bootstrap_mean,2.55878426375909,NA,2.55878426375909,0.342770833520971,0.133958473317093,2.26024897379512,2.23098031003501,2.94830137281226,10 m,0.04096895066696611,TRUE,0.7173210627772502,0
316_d,8731,38110815,bootstrap_mean,2.89691832645419,NA,2.89691832645419,0.0114212694603383,0.00394255832345742,2.89623664697906,2.86846845594499,2.9231304378217,10 m,0.0013651028013913526,TRUE,0.05466198187671001,2
317_a,7500,28121250,bootstrap_mean,2.88236559898182,NA,2.88236559898182,0.00925270059081101,0.00321010651600876,2.88214607681482,2.8584323583193,2.90479575603492,10 m,0.0011059092459742566,TRUE,0.046363397715619925,3
317_b,7828,30634878,bootstrap_mean,2.71318755208098,NA,2.71318755208098,0.0112780540461939,0.00415675430824668,2.71429717189414,2.68856394062656,2.74050965937302,10 m,0.0013479852853630467,TRUE,0.051945718746460035,0
317_c,7471,27904185,bootstrap_mean,2.77546519941701,NA,2.77546519941701,0.010721609019978,0.00386299529975374,2.7759822256068998,2.74463215027078,2.80454348998117,10 m,0.0012814773838775396,TRUE,0.05991133971039009,3
317_d,9098,41382253,bootstrap_mean,2.77812258029651,NA,2.77812258029651,0.00922581355533389,0.00332088066263412,2.77824546001836,2.75720643031558,2.80301535421103,10 m,0.0011026956305720122,TRUE,0.04580892389544999,0
318_a,8447,35671681,bootstrap_mean,2.81394282957158,NA,2.81394282957158,0.00961666413734567,0.00341750515905463,2.81256683084007,2.79416427718043,2.83425446184251,10 m,0.00114941121033156,TRUE,0.04009018466208003,0
318_b,8226,33829425,bootstrap_mean,2.87181513853781,NA,2.87181513853781,0.0131161894807341,0.00456721231973596,2.87423192371911,2.8465730013686,2.90559698780923,10 m,0.001567684491282422,TRUE,0.059023986440629894,0
318_c,7832,30666196,bootstrap_mean,2.72235435201431,NA,2.72235435201431,0.00959531753666924,0.00352463944657665,2.72266549525138,2.69903377939484,2.75091597875842,10 m,0.0011468598035475094,TRUE,0.051882199363580295,3
318_d,7793,30361528,bootstrap_mean,2.74360795485477,NA,2.74360795485477,0.010071659766502,0.00367095442651722,2.74360211397378,2.71949937203977,2.76997341542548,10 m,0.0012037935896405348,TRUE,0.05047404338571004,1
319_a,8342,34790311,bootstrap_mean,2.82460838292988,NA,2.82460838292988,0.0106845911365395,0.00378268053055083,2.82391507233238,2.80474429073564,2.85241941522833,10 m,0.0012770529005432696,TRUE,0.04767512449269029,0
319_b,8709,37918986,bootstrap_mean,2.69671144445474,NA,2.69671144445474,0.0835596460246735,0.0309857571882589,2.68759673652264,2.65744954484937,3.38135551453925,10 m,0.00998728795145447,TRUE,0.7239059696898802,2
319_c,8983,40342653,bootstrap_mean,2.73903145206806,NA,2.73903145206806,0.00914228071199516,0.00333777865350631,2.73976748481891,2.72069095191943,2.7621833066702,10 m,0.0010927115461542626,TRUE,0.0414923547507704,0
319_d,8602,36992901,bootstrap_mean,2.66063297682753,NA,2.66063297682753,0.0120980458974883,0.00454705553259498,2.66166868034405,2.63462308671515,2.69173028956745,10 m,0.0014459930573718608,TRUE,0.05710720285230009,0
320_a,8631,37242765,bootstrap_mean,2.86815688794245,NA,2.86815688794245,0.0115354353109197,0.00402189829971084,2.86841081715357,2.84168551075933,2.89230350790018,10 m,0.0013787482304737412,TRUE,0.050617997140850246,0
320_b,6500,21121750,bootstrap_mean,2.94048742467241,NA,2.94048742467241,0.115568701118089,0.0393025660128318,2.95891958252444,2.26479915092808,2.98378226724282,10 m,0.013813101791995571,TRUE,0.7189831163147402,3
320_c,8434,35561961,bootstrap_mean,2.83916287085522,NA,2.83916287085522,0.0112112158083958,0.00394877515604404,2.83753481153046,2.81735996584235,2.8654030267024,10 m,0.0013399965879616683,TRUE,0.04804306086005017,0
320_d,8435,35570395,bootstrap_mean,2.87027445175735,NA,2.87027445175735,0.0112651674950332,0.00392477015155676,2.87170239893939,2.84827061898292,2.89844552408602,10 m,0.0013464450479007547,TRUE,0.05017490510310019,1
321_a,7518,28256403,bootstrap_mean,2.8877626726595,NA,2.8877626726595,0.0105590686593922,0.00365648768832785,2.88916710845409,2.86223747324626,2.9149405342075,10 m,0.001262050094963172,TRUE,0.05270306096124022,0
321_b,7405,27413310,bootstrap_mean,2.88529683759668,NA,2.88529683759668,0.010197325494293,0.00353423792013959,2.88473580426268,2.86500582077124,2.91162435353943,10 m,0.001218813516947398,TRUE,0.04661853276819006,1
321_c,6568,21566028,bootstrap_mean,2.89160055376323,NA,2.89160055376323,0.0100626848897512,0.00347997059160032,2.8911844934592,2.86376135148307,2.91599361900834,10 m,0.0012027208866947543,TRUE,0.05223226752526999,3
321_d,7915,31319655,bootstrap_mean,2.83845180621186,NA,2.83845180621186,0.011175971549615,0.00393734765027779,2.83910211181568,2.81489756947978,2.86810434633893,10 m,0.0013357840933207084,TRUE,0.05320677685915021,0
322_a,8933,39894778,bootstrap_mean,2.87573646698396,NA,2.87573646698396,0.319752612694442,0.111189817413901,2.67031374866197,2.6336449190942,3.36000440308285,10 m,0.03821774706018169,TRUE,0.72635948398865,0
322_b,6299,19835551,bootstrap_mean,2.78082561394346,NA,2.78082561394346,0.00901527395627581,0.00324194149790333,2.78178774258859,2.75833735183678,2.79803049885081,10 m,0.0010775313353528113,TRUE,0.039693147014029595,0
322_c,8287,34333041,bootstrap_mean,2.8060274682712,NA,2.8060274682712,0.31189109529806,0.111150407052222,2.61582623098216,2.58530305972756,3.3208717054803,10 m,0.037278116009688105,TRUE,0.73556864575274,0
322_d,8176,33419400,bootstrap_mean,2.78994213219838,NA,2.78994213219838,0.0827521103228699,0.0296608697964871,2.79982897381725,2.11347713092615,2.82644499536219,10 m,0.00989076897406901,TRUE,0.71296786443604,1
323_a,7442,27687961,bootstrap_mean,2.868403390951,NA,2.868403390951,0.00866824216970669,0.00302197459292251,2.86850682109989,2.84714873505291,2.88379258477124,10 m,0.0010360531033872273,TRUE,0.036643849718330124,0
323_b,7536,28391880,bootstrap_mean,2.73994512245812,NA,2.73994512245812,0.010157863631052,0.00370732375177606,2.74051169983115,2.70790395748246,2.76261890684561,10 m,0.0012140969221550695,TRUE,0.05471494936315002,3
323_c,8617,37122036,bootstrap_mean,2.86047839444092,NA,2.86047839444092,0.302575381393542,0.105777894348571,2.68727816898171,2.66304174731679,3.38326328427349,10 m,0.0361646752321827,TRUE,0.7202215369567,0
323_d,8053,32421378,bootstrap_mean,2.82488554198701,NA,2.82488554198701,0.0121371021658083,0.00429649342793236,2.82408212289817,2.79898740231471,2.84907811358026,10 m,0.0014506611742988512,TRUE,0.05009071126554998,0
324_a,7168,25686528,bootstrap_mean,2.79881857878015,NA,2.79881857878015,0.250069823783292,0.0893483506502534,2.69378868163596,2.66940791522517,3.38332767050021,10 m,0.029889060771700098,TRUE,0.71391975527504,11
324_b,6909,23863686,bootstrap_mean,2.75886191624351,NA,2.75886191624351,0.220155905045821,0.0797995375374158,2.68107079732589,2.65881623953509,3.37529136639217,10 m,0.026313663622467145,TRUE,0.7164751268570804,8
324_c,8147,33182731,bootstrap_mean,2.66866384945569,NA,2.66866384945569,0.0108894669021452,0.00408049402863769,2.67113179289439,2.64234346756429,2.70074442079071,10 m,0.0013015402381843914,TRUE,0.05840095322642025,1
324_d,7836,30697530,bootstrap_mean,2.68418365504889,NA,2.68418365504889,0.0114018746507173,0.00424779974696242,2.68510308190898,2.65831214618976,2.70357715924806,10 m,0.0013627846782581915,TRUE,0.04526501305830033,0
4_a,6707,22488571,bootstrap_mean,2.7302381034651,NA,2.7302381034651,0.115850847023123,0.0424325068484284,2.71087681006718,2.68979595454873,3.40090737923297,10 m,0.013846824677765887,TRUE,0.71111142468424,2
4_b,7809,30486336,bootstrap_mean,2.74559024951781,NA,2.74559024951781,0.176243478759521,0.0641914716846306,2.69725049774187,2.67663273119321,3.38457522793118,10 m,0.021065124802199804,TRUE,0.7079424967379699,5
4_c,5833,17009028,bootstrap_mean,2.86194920477795,NA,2.86194920477795,0.00920693424655586,0.00321701525351502,2.86132022712445,2.83743485538507,2.88348429595863,10 m,0.0011004391215744165,TRUE,0.04604944057356031,0
4_d,7940,31517830,bootstrap_mean,2.74168479992794,NA,2.74168479992794,0.0109833595462258,0.00400606209237272,2.74296448231151,2.71119030464582,2.76404232805474,10 m,0.00131276255562551,TRUE,0.05285202340892026,0
400_a,8099,32792851,bootstrap_mean,2.87336260680566,NA,2.87336260680566,0.00960637145220795,0.00334325066716429,2.8740156817768,2.84707886584106,2.89691687767946,10 m,0.0011481809991572129,TRUE,0.049838011838399865,0
400_b,7483,27993903,bootstrap_mean,2.87922030283994,NA,2.87922030283994,0.00995701399040325,0.00345823276551019,2.87791416711141,2.85980311184088,2.90084111174653,10 m,0.0011900907984872778,TRUE,0.04103799990565005,0
400_c,4845,11734590,bootstrap_mean,2.90107545036396,NA,2.90107545036396,0.00737207355946235,0.00254115195747062,2.90153982996968,2.8848773892868,2.916290292904,10 m,8.811313228387039e-4,TRUE,0.03141290361720017,0
400_d,8215,33739005,bootstrap_mean,2.84967363345693,NA,2.84967363345693,0.00850055378525367,0.00298299204703722,2.85056393228931,2.82511011958114,2.8669352648389,10 m,0.001016010507932096,TRUE,0.04182514525775982,1
401_a,6831,23327865,bootstrap_mean,2.80690860765761,NA,2.80690860765761,0.0835421760484264,0.0297630552774367,2.79709075361329,2.77884749970668,3.49320734396101,10 m,0.009985199889912977,TRUE,0.71435984425433,1
401_b,7542,28437111,bootstrap_mean,2.80875493654572,NA,2.80875493654572,0.00851984784899306,0.00303331833551524,2.80821718065831,2.78984474591666,2.83347680709567,10 m,0.0010183165896292601,TRUE,0.04363206117900997,1
401_c,6247,19509381,bootstrap_mean,2.77575584778848,NA,2.77575584778848,0.00803918351303003,0.00289621420393838,2.77570411865027,2.75950751499262,2.79549584436553,10 m,9.608662130462868e-4,TRUE,0.035988329372909966,0
401_d,5282,13947121,bootstrap_mean,2.77946263369188,NA,2.77946263369188,0.00778891229344937,0.00280230869054843,2.77909272977413,2.76473068997534,2.79637372715795,10 m,9.309530808727053e-4,TRUE,0.031643037182609746,0
402_a,6598,21763503,bootstrap_mean,2.78836130955274,NA,2.78836130955274,0.00887280672439053,0.00318208644410353,2.78752711645785,2.76602159617783,2.80803591585166,10 m,0.001060503244208615,TRUE,0.04201431967383007,1
402_b,6969,24279996,bootstrap_mean,2.74179922563794,NA,2.74179922563794,0.0823886673550148,0.0300491248901879,2.732835098872,2.71206760755048,3.41709495987105,10 m,0.00984732923076483,TRUE,0.7050273523205699,1
402_c,7065,24953580,bootstrap_mean,2.80789094190437,NA,2.80789094190437,0.00904642503472669,0.0032217864660339,2.8078047596561,2.78686043135571,2.83093918323437,10 m,0.0010812546013704227,TRUE,0.04407875187866006,2
402_d,7978,31820253,bootstrap_mean,2.86386141186988,NA,2.86386141186988,0.00958282009625559,0.00334611865523156,2.86256659326418,2.84309726086651,2.88257745051231,10 m,0.0011453660737149249,TRUE,0.039480189645800134,0
403_a,8396,35242210,bootstrap_mean,3.02858155694117,NA,3.02858155694117,0.344605528397709,0.113784463755949,3.34178448472741,2.65711722799,3.38286228799239,10 m,0.04118823864757377,TRUE,0.72574506000239,0
403_b,7531,28354215,bootstrap_mean,2.86265374081509,NA,2.86265374081509,0.00869442019332083,0.0030371889094925,2.86264413642997,2.83517766414292,2.88018026789535,10 m,0.0010391819756631726,TRUE,0.04500260375243004,1
403_c,8192,33550336,bootstrap_mean,2.83456765135682,NA,2.83456765135682,0.00907935042048325,0.00320308122338772,2.83501447975707,2.81061130938395,2.85433032907985,10 m,0.0010851899376733837,TRUE,0.04371901969589986,0
403_d,7821,30580110,bootstrap_mean,2.91360221502768,NA,2.91360221502768,0.334470289106965,0.114796140455222,2.66472803867132,2.63618084993531,3.36497262349476,10 m,0.03997684585129904,TRUE,0.72879177355945,0
404_a,8336,34740280,bootstrap_mean,2.81975808618141,NA,2.81975808618141,0.00793252815755744,0.00281319457737592,2.82047489705623,2.79732389114972,2.84183971853,10 m,9.4811845982633e-4,TRUE,0.04451582738028037,4
404_b,9193,42251028,bootstrap_mean,2.90572365102059,NA,2.90572365102059,0.337530283185738,0.116160490027049,2.640671405591,2.61008202283627,3.33940162977558,10 m,0.04034258509803337,TRUE,0.7293196069393102,0
404_c,9560,45692020,bootstrap_mean,2.61180042876914,NA,2.61180042876914,0.0108469116754757,0.00415304000872207,2.60929940425363,2.58905526618737,2.63467159793647,10 m,0.0012964539157451819,TRUE,0.04561633174910007,0
404_d,8960,40136320,bootstrap_mean,2.77039318622169,NA,2.77039318622169,0.0119764437682807,0.00432301228137743,2.76891564384062,2.74802680673731,2.79697208960442,10 m,0.0014314588229933705,TRUE,0.048945282867109974,0
405_a,9331,43529115,bootstrap_mean,2.74367272294394,NA,2.74367272294394,0.114023467395746,0.0415586984709313,2.72409166855597,2.70630975329595,3.41170103323507,10 m,0.013628411036690305,TRUE,0.70539127993912,2
405_b,9174,42076551,bootstrap_mean,2.78305534496877,NA,2.78305534496877,0.229112707457542,0.0823241650122889,2.86589370034224,2.17839866607003,2.90043302540262,10 m,0.02738420627153157,TRUE,0.7220343593325902,9
405_c,9022,40693731,bootstrap_mean,2.96125953704714,NA,2.96125953704714,0.0104955600500771,0.00354428915087356,2.96043877414498,2.93198200870599,2.9819593913114,10 m,0.0012544593642839271,TRUE,0.04997738260541018,1
405_d,9449,44637076,bootstrap_mean,2.71082475370964,NA,2.71082475370964,0.00988030147902361,0.00364475846898729,2.71081106670213,2.68949457081658,2.73254951484872,10 m,0.0011809218996577941,TRUE,0.04305494403214016,0
406_a,8748,38259378,bootstrap_mean,2.90807489809069,NA,2.90807489809069,0.0107837444573619,0.00370820726262656,2.90814732433886,2.87875031815236,2.92916125179401,10 m,0.0012889039891190138,TRUE,0.05041093364165006,0
406_b,7281,26502840,bootstrap_mean,2.97620423693003,NA,2.97620423693003,0.0114463524702301,0.00384595664779952,2.97481578619893,2.94917091864994,3.00429086954206,10 m,0.0013681007944944424,TRUE,0.05511995089211963,0
406_c,6564,21539766,bootstrap_mean,2.86497619481284,NA,2.86497619481284,0.00849740841846043,0.00296596126482494,2.86436298645607,2.84981494460822,2.88651348057042,10 m,0.0010156345646942827,TRUE,0.03669853596219985,0
406_d,6784,23007936,bootstrap_mean,3.05227553704727,NA,3.05227553704727,0.00892283463102883,0.00292333851342289,3.05230314963095,3.02683858340099,3.07218015004994,10 m,0.0010664827227365354,TRUE,0.04534156664895006,1
407_a,6981,24363690,bootstrap_mean,3.12280272283669,NA,3.12280272283669,0.00833630133154867,0.00266949342351545,3.12333233531711,3.10666152001053,3.13970874219816,10 m,9.96378584749937e-4,TRUE,0.0330472221876299,0
407_b,5378,14458753,bootstrap_mean,3.12833826438602,NA,3.12833826438602,0.00809653163792406,0.00258812537317256,3.12775334227016,3.11633556921869,3.14939236194842,10 m,9.677206250027894e-4,TRUE,0.033056792729730056,0
407_c,5595,15649215,bootstrap_mean,3.0342185718915,NA,3.0342185718915,0.00693695448228468,0.00228624086166616,3.03438478402597,3.01125371971469,3.05368141967697,10 m,8.291246458877106e-4,TRUE,0.04242769996228013,2
407_d,6502,21134751,bootstrap_mean,2.93464031229469,NA,2.93464031229469,0.00788931018453342,0.00268833974353897,2.9352029496922,2.91734562069481,2.95236658966729,10 m,9.429529240467547e-4,TRUE,0.035020968972480304,0
408_a,5996,17973010,bootstrap_mean,2.94522961302643,NA,2.94522961302643,0.0823028071931092,0.0279444450881156,2.95507625230545,2.27072847173725,2.97309921675366,10 m,0.009837066978573663,TRUE,0.7023707450164101,1
408_b,5367,14399661,bootstrap_mean,2.95435400762801,NA,2.95435400762801,0.00742928893543695,0.00251469150828062,2.95359219970254,2.9367087779254,2.97180667815365,10 m,8.879698682645703e-4,TRUE,0.0350979002282501,4
408_c,7007,24545521,bootstrap_mean,2.88059889385838,NA,2.88059889385838,0.0101687836841983,0.00353009358778787,2.88125814440929,2.85095453707631,2.90377940069171,10 m,0.0012154021181486605,TRUE,0.052824863615400286,0
408_d,7125,25379250,bootstrap_mean,2.89342568030071,NA,2.89342568030071,0.0112722258651217,0.00389580625549371,2.89217233336775,2.86639706338474,2.93282476442195,10 m,0.0013472886844872593,TRUE,0.06642770103720963,3
409_a,6856,23498940,bootstrap_mean,2.8894118091254,NA,2.8894118091254,0.0100213769272434,0.00346831036531162,2.88997668228628,2.85801905947023,2.91619190097312,10 m,0.0011977836408364909,TRUE,0.05817284150288993,3
409_b,6679,22301181,bootstrap_mean,2.84598323558522,NA,2.84598323558522,0.00754617031728394,0.00265151608165824,2.84540820744485,2.82439326760509,2.86442784173241,10 m,9.019398654127763e-4,TRUE,0.040034574127320255,2
409_c,7197,25894806,bootstrap_mean,2.74117646328886,NA,2.74117646328886,0.0112134218150991,0.00409073329107944,2.74178551771666,2.71298800218395,2.76226831392759,10 m,0.001340260256194085,TRUE,0.04928031174363978,2
409_d,5989,17931066,bootstrap_mean,2.87584999618131,NA,2.87584999618131,0.00886533236053685,0.00308268246685629,2.87516151233158,2.85935815895551,2.90362169993156,10 m,0.0010596098868571656,TRUE,0.04426354097605012,3
410_a,7655,29295685,bootstrap_mean,2.82003822150519,NA,2.82003822150519,0.00885700463150234,0.0031407392155043,2.81992700623251,2.80152872480109,2.84356375664242,10 m,0.0010586145328578824,TRUE,0.04203503184132984,1
410_b,8374,35057751,bootstrap_mean,3.07699052072588,NA,3.07699052072588,0.326778883344143,0.106200809246255,3.29783447432642,2.5892741865019002,3.32298617260727,10 m,0.03905754702992661,TRUE,0.7337119861053698,0
410_c,7644,29211546,bootstrap_mean,3.0066593886951,NA,3.0066593886951,0.340922379737877,0.113389092565566,3.28121060795367,2.58567473327526,3.31955270550395,10 m,0.04074801818250748,TRUE,0.7338779722286901,0
410_d,8271,34200585,bootstrap_mean,2.78998274794342,NA,2.78998274794342,0.0121243408930515,0.00434566876873655,2.78882151457889,2.76456608471385,2.82411949525419,10 m,0.0014491359104698064,TRUE,0.059553410540340135,1
411_a,8064,32510016,bootstrap_mean,2.73723466562069,NA,2.73723466562069,0.0114775155038043,0.0041931061475877,2.73824033295816,2.71298987270202,2.76597909433503,10 m,0.0013718254894225955,TRUE,0.05298922163301034,0
411_b,7378,27213753,bootstrap_mean,2.7537903639449,NA,2.7537903639449,0.219964525429859,0.079877004549741,2.67672592233577,2.65586021545042,3.37046734548174,10 m,0.026290789383243023,TRUE,0.7146071300313204,8
411_c,6833,23341528,bootstrap_mean,2.75075333609746,NA,2.75075333609746,0.00886126955571646,0.0032213973675619,2.7520665632044,2.72916296231141,2.77253362142929,10 m,0.0010591242888016185,TRUE,0.04337065911787974,0
411_d,6402,20489601,bootstrap_mean,2.80838466535,NA,2.80838466535,0.00883989235919998,0.00314767861691707,2.80809346244367,2.7862294143869,2.82770035787217,10 m,0.0010565692251152325,TRUE,0.04147094348526981,1
412_a,6834,23348361,bootstrap_mean,2.75744208630436,NA,2.75744208630436,0.113245696227389,0.041069111402142,2.73822757489233,2.71866831015464,3.41197205499619,10 m,0.013535449601496734,TRUE,0.69330374484155,2
412_b,8068,32542278,bootstrap_mean,2.37634672080357,NA,2.37634672080357,0.206379405780832,0.0868473459592814,2.3085356454429,2.28400955593072,3.00447664243832,10 m,0.024667057016668235,TRUE,0.7204670865075999,7
412_c,5997,17979006,bootstrap_mean,2.94263790937466,NA,2.94263790937466,0.00893346306802629,0.00303586895267204,2.94343999977606,2.91489682231376,2.96440798875377,10 m,0.0010677530639337227,TRUE,0.04951116644001008,2
412_d,7005,24531510,bootstrap_mean,2.86977838300026,NA,2.86977838300026,0.00943460777431396,0.00328757364338719,2.869603445577,2.85003494536743,2.89192938144243,10 m,0.0011276513129708733,TRUE,0.041894436074999764,0
413_a,6480,20991960,bootstrap_mean,2.8083874380043,NA,2.8083874380043,0.00775376503525168,0.00276093139084886,2.80842906837161,2.79261198278975,2.82694945850509,10 m,9.267521800189511e-4,TRUE,0.03433747571533985,0
413_b,7815,30533205,bootstrap_mean,2.80766655103167,NA,2.80766655103167,0.192382644408114,0.0685204745333534,2.74920889311051,2.73135000155565,3.43501160595157,10 m,0.022994124053598325,TRUE,0.7036616043959198,6
413_c,7442,27687961,bootstrap_mean,2.72255571847494,NA,2.72255571847494,0.00923396542091206,0.00339165342264676,2.72161243442689,2.69934053974466,2.74242367316769,10 m,0.0011036699648678601,TRUE,0.04308313342303016,0
413_d,7277,26473726,bootstrap_mean,2.70649842493941,NA,2.70649842493941,0.0108127703768794,0.00399511423219151,2.7051764563277,2.67972241593912,2.72933934330741,10 m,0.0012923732500609692,TRUE,0.04961692736829004,0
414_a,7485,28008870,bootstrap_mean,2.83127352683276,NA,2.83127352683276,0.0115122183409781,0.00406609189535156,2.83163875992709,2.80561283701611,2.85589968196517,10 m,0.0013759732718041154,TRUE,0.05028684494905988,0
414_b,7028,24692878,bootstrap_mean,2.63146305843898,NA,2.63146305843898,0.117979489421147,0.0448341803783992,2.61210733490435,2.58319883607277,3.31353012356691,10 m,0.014101246107081933,TRUE,0.7303312874941401,4
414_c,8389,35183466,bootstrap_mean,2.7328676328155,NA,2.7328676328155,0.15963477347213,0.0584129181945296,2.69538409891958,2.67441153757879,3.37943691415315,10 m,0.01908000482985049,TRUE,0.7050253765743602,4
414_d,8307,34498971,bootstrap_mean,2.72824836771692,NA,2.72824836771692,0.00959429739431696,0.00351665101603112,2.72835424048592,2.70780822843844,2.75107071531684,10 m,0.0011467378732150056,TRUE,0.04326248687839973,0
415_a,8361,34948980,bootstrap_mean,2.75304013134806,NA,2.75304013134806,0.0130248312305522,0.00473107205457785,2.75390964822493,2.72586252747502,2.78521379399952,10 m,0.0015567650918508083,TRUE,0.05935126652450018,1
415_b,7696,29610360,bootstrap_mean,2.73638186961959,NA,2.73638186961959,0.114599834721655,0.0418800592102983,2.71789956723355,2.68823231058811,3.39714307759652,10 m,0.013697300108431506,TRUE,0.70891076700841,3
415_c,8214,33730791,bootstrap_mean,2.8189732202591,NA,2.8189732202591,0.31291591062087,0.111003505947499,2.62629828216692,2.60035634762204,3.33657109740918,10 m,0.03740060486899879,TRUE,0.7362147497871399,0
415_d,7424,27554176,bootstrap_mean,2.73831715496399,NA,2.73831715496399,0.0100314646203926,0.00366336843130376,2.73627508303127,2.71478334228152,2.76695725822545,10 m,0.001198989350781902,TRUE,0.05217391594392984,1
416_a,8467,35840811,bootstrap_mean,2.7042697624357,NA,2.7042697624357,0.114669621262519,0.0424031739937209,2.68456972257523,2.66246273672764,3.37833078260586,10 m,0.013705641195450221,TRUE,0.7158680458782203,2
416_b,7899,31193151,bootstrap_mean,2.86138335359396,NA,2.86138335359396,0.00954307223814307,0.0033351253777851,2.8611403692818,2.83862781102866,2.88669690510808,10 m,0.00114061529599734,TRUE,0.04806909407942017,1
416_c,7558,28557903,bootstrap_mean,2.90530867787667,NA,2.90530867787667,0.00878851919937209,0.00302498638657395,2.90698954513044,2.87936075993084,2.92345734050991,10 m,0.001050428958077412,TRUE,0.044096580579069844,1
416_d,8054,32429431,bootstrap_mean,2.82814388401785,NA,2.82814388401785,0.00971516219459036,0.00343517253471148,2.82857477659731,2.80826996515016,2.85720506317977,10 m,0.0011611839799298312,TRUE,0.048935098029609936,1
417_a,7806,30462915,bootstrap_mean,2.97912250846758,NA,2.97912250846758,0.0121339999262681,0.00407301139573131,2.97734492554617,2.95173553877754,3.02150120289769,10 m,0.0014502903857537056,TRUE,0.06976566412014984,1
417_b,7635,29142795,bootstrap_mean,2.88414484340041,NA,2.88414484340041,0.0825039599799342,0.0286060390374368,2.89479179212515,2.20843188017613,2.92647190126728,10 m,0.009861109335139723,TRUE,0.7180400210911504,2
417_c,8807,38777221,bootstrap_mean,2.73511421067509,NA,2.73511421067509,0.138214538456331,0.0505333700204849,2.70623035629091,2.68152432678266,3.39111119523052,10 m,0.016519797058895558,TRUE,0.7095868684478601,4
417_d,8164,33321366,bootstrap_mean,2.65040954918752,NA,2.65040954918752,0.114857138726306,0.043335619116493,2.63086451500107,2.60288852503005,3.31938557190041,10 m,0.013728053819197025,TRUE,0.71649704687036,3
418_a,8537,36435916,bootstrap_mean,2.69177504972673,NA,2.69177504972673,0.0124075154188266,0.00460941764806319,2.69196918270011,2.66789198711133,2.71787983873651,10 m,0.0014829817399339162,TRUE,0.049987851625179935,0
418_b,7571,28656235,bootstrap_mean,2.83076647529554,NA,2.83076647529554,0.0107233616986533,0.00378814776571554,2.82914270749506,2.80722754282398,2.85900049918275,10 m,0.0012816868690471086,TRUE,0.05177295635876966,0
418_c,6627,21955251,bootstrap_mean,2.93083397773172,NA,2.93083397773172,0.11472528996097,0.0391442472800048,2.95032329972303,2.25792915749845,2.97604238945927,10 m,0.013712294877553525,TRUE,0.7181132319608197,2
418_d,6087,18522741,bootstrap_mean,2.81597409847963,NA,2.81597409847963,0.00791482859158965,0.00281068941502798,2.81589313370951,2.79705787215682,2.83490705675631,10 m,9.460029570645794e-4,TRUE,0.03784918459949038,6
419_a,5936,17615080,bootstrap_mean,2.94161145091641,NA,2.94161145091641,0.194484875264824,0.0661150796119711,2.99987554124836,2.30060551263329,3.03061450208241,10 m,0.02324538869993486,TRUE,0.7300089894491197,7
419_b,7260,26350170,bootstrap_mean,2.88358343881236,NA,2.88358343881236,0.081394550534798,0.0282268754353512,2.89368530930209,2.216417145744,2.9134113874071,10 m,0.009728509544310463,TRUE,0.6969942416631003,1
419_c,7492,28061286,bootstrap_mean,2.38005132602421,NA,2.38005132602421,0.229901878647039,0.0965953448706007,2.29556581233861,2.26971494456085,2.98967626079096,10 m,0.027478530269866495,TRUE,0.7199613162301102,9
419_d,5253,13794378,bootstrap_mean,2.61109794055686,NA,2.61109794055686,0.0101072213602526,0.00387087025854613,2.61054143851685,2.58846451336989,2.6324431502047,10 m,0.0012080440130649594,TRUE,0.04397863683481029,0
420_a,7179,25765431,bootstrap_mean,2.36017383841713,NA,2.36017383841713,0.317725145190167,0.134619382699053,2.1545009173593,2.11780304084141,2.84489580670109,10 m,0.037975418343621156,TRUE,0.72709276585968,0
420_b,8239,33936441,bootstrap_mean,2.6732901249168,NA,2.6732901249168,0.140691004199182,0.0526284083002631,2.64385644220012,2.62408757668387,3.34420130624562,10 m,0.016815791329484766,TRUE,0.7201137295617501,3
420_c,8860,39245370,bootstrap_mean,2.6628067549671,NA,2.6628067549671,0.0112940145855872,0.00424139474804912,2.66478802827772,2.63704252367916,2.68272771757014,10 m,0.0013498929346933747,TRUE,0.045685193890979914,0
420_d,8328,34673628,bootstrap_mean,2.72121609603942,NA,2.72121609603942,0.0811814580265977,0.0298327862108243,2.71340122443163,2.685186998166,3.38511604156541,10 m,0.00970304011808688,TRUE,0.6999290433994099,1
421_a,9081,41227740,bootstrap_mean,2.73544276124977,NA,2.73544276124977,0.116203759390656,0.0424807863051627,2.7138016022642,2.69447836459827,3.40564392938273,10 m,0.013889005773592224,TRUE,0.7111655647844599,2
421_b,9289,43138116,bootstrap_mean,2.73009367446846,NA,2.73009367446846,0.18098253216501,0.0662916931596665,2.68212948160717,2.65791662448102,3.38920011591568,10 m,0.021631550023340208,TRUE,0.73128349143466,5
421_c,8794,38662821,bootstrap_mean,2.81542001518631,NA,2.81542001518631,0.218805107601903,0.077716683983801,2.74019583255822,2.71569763410951,3.43278674355096,10 m,0.026152212447428488,TRUE,0.7170891094414502,8
421_d,8777,38513476,bootstrap_mean,2.7732452979886,NA,2.7732452979886,0.0111957086786863,0.00403704233693516,2.77291284635825,2.74622017154604,2.80395975122925,10 m,0.0013381431314539228,TRUE,0.05773957968320964,1
422_a,9024,40711776,bootstrap_mean,2.87089215838443,NA,2.87089215838443,0.337023556146248,0.117393318018572,2.60523309248973,2.57932645902938,3.29680238377658,10 m,0.04028201963256119,TRUE,0.7174759247472,0
422_b,8629,37225506,bootstrap_mean,2.72856262066279,NA,2.72856262066279,0.0118375781264944,0.00433839342254821,2.72925874792371,2.69255090774158,2.75150620361158,10 m,0.0014148612042017138,TRUE,0.058955295870000146,4
422_c,7358,27066403,bootstrap_mean,2.85966773564004,NA,2.85966773564004,0.282612812252137,0.0988271499971598,3.00021024224411,2.30924916379661,3.04168432021643,10 m,0.03377869185682038,TRUE,0.7324351564198199,15
422_d,8658,37476153,bootstrap_mean,2.76221453262611,NA,2.76221453262611,0.010571865476657,0.00382731513131462,2.76483684347991,2.73797854320698,2.78188010224729,10 m,0.0012635796071735032,TRUE,0.04390155904031001,0
423_a,8305,34482360,bootstrap_mean,3.05268230232493,NA,3.05268230232493,0.344155212844208,0.112738627462838,3.34323502952383,2.65629356918567,3.37662067752324,10 m,0.0411344156442965,TRUE,0.7203271083375702,0
423_b,7139,25479091,bootstrap_mean,2.83642459225466,NA,2.83642459225466,0.0823932047827331,0.0290482620295007,2.84503306252152,2.16114948095532,2.86538123056108,10 m,0.009847871557106999,TRUE,0.7042317496057602,2
423_c,7224,26089476,bootstrap_mean,2.97903615376222,NA,2.97903615376222,0.00935502013061551,0.00314028418849535,2.97837529499699,2.9547243190279,3.00332700320169,10 m,0.0011181387701010832,TRUE,0.04860268417379032,2
423_d,8505,36163260,bootstrap_mean,2.85444132838932,NA,2.85444132838932,0.00940684233158788,0.00329551083710518,2.85532291957209,2.83174472163833,2.87799348579808,10 m,0.0011243327078211687,TRUE,0.04624876415974999,0
424_a,6279,19709781,bootstrap_mean,2.8227037280409,NA,2.8227037280409,0.00860068215483905,0.00304696595303268,2.82290850550516,2.79568603666862,2.84943864180724,10 m,0.0010279781371255413,TRUE,0.0537526051386199,2
424_b,6114,18687441,bootstrap_mean,2.91011096401072,NA,2.91011096401072,0.00960238707546755,0.00329966355036632,2.90759191212186,2.89221350656856,2.93341779916565,10 m,0.0011477047750501634,TRUE,0.04120429259709013,0
424_c,7789,30330366,bootstrap_mean,2.73562530482929,NA,2.73562530482929,0.142557247351793,0.052111393727837,2.7070756732729,2.67457394401524,3.40589461548355,10 m,0.017038850050282273,TRUE,0.73132067146831,4
424_d,6716,22548970,bootstrap_mean,2.80293953010835,NA,2.80293953010835,0.00974731152743307,0.00347753186350627,2.80337932551065,2.78235536287658,2.82541663314447,10 m,0.0011650265601682933,TRUE,0.043061270267890084,0
5_a,7500,28121250,bootstrap_mean,2.94456869777075,NA,2.94456869777075,0.00951273510802231,0.00323060389632755,2.94353618795281,2.92601247949884,2.96716017111101,10 m,0.0011369893154127967,TRUE,0.041147691612170245,0
5_b,7967,31732561,bootstrap_mean,2.87811245782682,NA,2.87811245782682,0.0109425081176691,0.00380197378594839,2.87962019927398,2.85432454306556,2.90314059798366,10 m,0.0013078798760111953,TRUE,0.048816054918099816,0
5_c,6821,23259610,bootstrap_mean,2.8801273916405,NA,2.8801273916405,0.0112950238640749,0.0039217098163291,2.87974874910201,2.85397033593533,2.90639911182813,10 m,0.001350013566545703,TRUE,0.052428775892799706,0
5_d,6776,22953700,bootstrap_mean,3.05260540805833,NA,3.05260540805833,0.0100572226329491,0.00329463565988578,3.05041111679562,3.03116926754386,3.07432310912884,10 m,0.0012020680221346142,TRUE,0.0431538415849797,0
500_a,4975,12372825,bootstrap_mean,2.73894330627772,NA,2.73894330627772,0.00813783354132986,0.00297115808227128,2.73852776406209,2.72035587078905,2.75560737879056,10 m,9.726571466598472e-4,TRUE,0.035251508001510334,0
500_b,6556,21487290,bootstrap_mean,2.75103316334386,NA,2.75103316334386,0.0091896314348413,0.00334042917304252,2.75093539303002,2.72744105722966,2.7740808341528,10 m,0.0010983710400160995,TRUE,0.04663977692313992,5
500_c,6734,22670011,bootstrap_mean,2.8469930167791,NA,2.8469930167791,0.010066480067062,0.00353582885793328,2.8476574127639,2.82804522464793,2.87408617865589,10 m,0.0012031744971446906,TRUE,0.04604095400795982,3
500_d,7282,26510121,bootstrap_mean,2.79098384649175,NA,2.79098384649175,0.00859868689527606,0.00308088020863487,2.79188603871234,2.76305490588261,2.80869675102248,10 m,0.001027739657994268,TRUE,0.04564184513986991,1
501_a,7780,30260310,bootstrap_mean,2.86124334757351,NA,2.86124334757351,0.0102169152355946,0.00357079562780255,2.86197234041534,2.838706660914,2.88722075911471,10 m,0.0012211549388727112,TRUE,0.04851409820070973,0
501_b,6482,21004921,bootstrap_mean,2.90881028932597,NA,2.90881028932597,0.00972821505427351,0.00334439653557735,2.90950211768997,2.88820786611111,2.93425922360368,10 m,0.0011627440950625239,TRUE,0.046051357492570055,0
501_c,7352,27022276,bootstrap_mean,2.85643245107856,NA,2.85643245107856,0.00802173932743048,0.00280830702802076,2.8560677679641,2.83710246876555,2.87366383100268,10 m,9.587812340767747e-4,TRUE,0.03656136223712991,0
501_d,7491,28053795,bootstrap_mean,2.89501305434047,NA,2.89501305434047,0.0103359190092864,0.00357024953438115,2.89489289303017,2.87396985570277,2.91413429689723,10 m,0.0012353786103662307,TRUE,0.04016444119445994,0
502_a,7798,30400503,bootstrap_mean,2.77083497985382,NA,2.77083497985382,0.161254487739811,0.0581970737746058,2.73220284268132,2.71050144543996,3.42591045664847,10 m,0.019273597713018432,TRUE,0.7154090112085103,4
502_b,8441,35621020,bootstrap_mean,2.77898569530143,NA,2.77898569530143,0.00946703874525331,0.00340665256437257,2.77831796527422,2.76045466629358,2.79843503349228,10 m,0.0011315275554003937,TRUE,0.037980367198700016,0
502_c,8517,36265386,bootstrap_mean,2.8953081866699,NA,2.8953081866699,0.326342722790172,0.112714330133374,2.6744248512081,2.64507561801055,3.37069210569705,10 m,0.03900541587268968,TRUE,0.7256164876864997,0
502_d,7015,24601605,bootstrap_mean,2.69321062746887,NA,2.69321062746887,0.139752190511602,0.051890553633729,2.66361059302824,2.63939815145975,3.35484870824379,10 m,0.016703581631661732,TRUE,0.7154505567840399,3
503_a,7521,28278960,bootstrap_mean,2.73995262173527,NA,2.73995262173527,0.115445469982094,0.0421341117602901,2.72152611471179,2.69339719484372,3.41075561375821,10 m,0.013798372854065368,TRUE,0.7173584189144901,5
503_b,7102,25215651,bootstrap_mean,3.09152227857119,NA,3.09152227857119,0.32250226131289,0.104318271793901,3.30280783175664,2.59957416937989,3.3358656807238,10 m,0.038546392929620275,TRUE,0.7362915113439099,0
503_c,7403,27398503,bootstrap_mean,2.84088646495473,NA,2.84088646495473,0.281564305400061,0.0991114248575039,2.69818397406069,2.67246969551878,3.38771506527334,10 m,0.033653371318151944,TRUE,0.7152453697545602,15
503_d,7346,26978185,bootstrap_mean,2.76070747759344,NA,2.76070747759344,0.16050209156876,0.0581380290637212,2.72291506180947,2.70003669801818,3.40950101781252,10 m,0.01918366917009905,TRUE,0.70946431979434,4
504_a,7330,26860785,bootstrap_mean,2.83499017257331,NA,2.83499017257331,0.278524946453527,0.0982454715886057,2.70063731084874,2.67060054364364,3.41184052819497,10 m,0.033290098441458554,TRUE,0.74123998455133,14
504_b,7384,27258036,bootstrap_mean,2.75331032082132,NA,2.75331032082132,0.14065981033212,0.0510875251759349,2.72406189617271,2.70637741133284,3.4144407080524,10 m,0.016812062949249935,TRUE,0.7080632967195601,3
504_c,7952,31613176,bootstrap_mean,2.76473645561997,NA,2.76473645561997,0.00924311983321753,0.00334321913918006,2.76520777091872,2.73864329193088,2.78665460427522,10 m,0.0011047641264167742,TRUE,0.048011312344339974,2
504_d,8094,32752371,bootstrap_mean,2.80447043897537,NA,2.80447043897537,0.177796485957746,0.0633975254246949,2.75558119946992,2.73758365219953,3.44720384917019,10 m,0.02125074466558188,TRUE,0.7096201969706604,5
505_a,8900,39600550,bootstrap_mean,2.79922572841578,NA,2.79922572841578,0.00824477758042618,0.00294537789386936,2.79969102136607,2.78033605261614,2.81580596907521,10 m,9.85439404172417e-4,TRUE,0.03546991645906994,0
505_b,8039,32308741,bootstrap_mean,2.91801858443623,NA,2.91801858443623,0.00960355583131632,0.00329112223017995,2.91626408456775,2.89363939472674,2.93956540407389,10 m,0.001147844468092941,TRUE,0.045926009347149854,0
505_c,9224,42536476,bootstrap_mean,2.78646894717523,NA,2.78646894717523,0.0111589804025966,0.0040047029463253,2.78672348616504,2.76051802688383,2.81500239884017,10 m,0.0013337532628185287,TRUE,0.05448437195633993,0
505_d,8463,35806953,bootstrap_mean,2.87545162942057,NA,2.87545162942057,0.00938506948901415,0.00326385928143932,2.87536036843439,2.85443696789357,2.89506776330383,10 m,0.001121730355386103,TRUE,0.040630795410260045,0
506_a,9449,44637076,bootstrap_mean,2.93909548888218,NA,2.93909548888218,0.00989375914675579,0.00336625985245503,2.93801099857807,2.91438153147502,2.96274593569012,10 m,0.001182530398606636,TRUE,0.04836440421509991,0
506_b,9464,44778916,bootstrap_mean,2.73072342018831,NA,2.73072342018831,0.0096904011026229,0.0035486571181034,2.72953773489762,2.70828061602076,2.7557346573987,10 m,0.0011582244633780443,TRUE,0.04745404137793985,0
506_c,8962,40154241,bootstrap_mean,2.89121725791402,NA,2.89121725791402,0.00876189935277195,0.00303052263844523,2.89294810921773,2.86888702621777,2.90711305152615,10 m,0.0010472472778541542,TRUE,0.03822602530837971,0
506_d,9515,45262855,bootstrap_mean,2.88586892206508,NA,2.88586892206508,0.00917685501574646,0.00317992787045215,2.88637425499021,2.85947673971582,2.90711098710175,10 m,0.0010968439658533998,TRUE,0.04763424738592992,5
507_a,6540,21382530,bootstrap_mean,2.92370142450743,NA,2.92370142450743,0.00920885158465446,0.0031497236713239,2.92345120406811,2.90375091494457,2.94571531788549,10 m,0.0011006682873093377,TRUE,0.041964402940919854,1
507_b,7833,30674028,bootstrap_mean,3.00010264735816,NA,3.00010264735816,0.00836233694077799,0.00278735027554531,3.00111418528453,2.98326659207454,3.02309654794409,10 m,9.994904352511704e-4,TRUE,0.03982995586954985,1
507_c,6191,19161145,bootstrap_mean,3.06879773603391,NA,3.06879773603391,0.00901609787263646,0.00293799026464637,3.06853639880861,3.04659239270706,3.08839967788018,10 m,0.0010776298121934061,TRUE,0.04180728517311971,2
507_d,6331,20037615,bootstrap_mean,2.79079371073232,NA,2.79079371073232,0.00927351079572839,0.00332289368435439,2.79098071036549,2.77207801198173,2.80960557168165,10 m,0.001108396541202593,TRUE,0.037527559699920054,0
508_a,7735,29911245,bootstrap_mean,3.00985919602753,NA,3.00985919602753,0.00879688774605485,0.00292269078821533,3.01086916021525,2.98524666185117,3.02746001482375,10 m,0.0010514291907187906,TRUE,0.04221335297257989,1
508_b,6791,23055445,bootstrap_mean,3.08165304487344,NA,3.08165304487344,0.00881054938115036,0.00285903352936092,3.08117840530292,3.05834248490206,3.10036699102186,10 m,0.0010530620684304347,TRUE,0.04202450611979991,0
508_c,8227,33837651,bootstrap_mean,2.76197408876099,NA,2.76197408876099,0.20720777397227,0.0750216212438192,2.69479207757128,2.67750964000357,3.39735108631179,10 m,0.024766065952815164,TRUE,0.7198414463082203,7
508_d,6673,22261128,bootstrap_mean,2.74312742634556,NA,2.74312742634556,0.00810648747346878,0.0029551990168639,2.74278657709868,2.72610318532274,2.75819721269565,10 m,9.689105749500773e-4,TRUE,0.032094027372910006,0
509_a,6911,23877505,bootstrap_mean,3.03088313264042,NA,3.03088313264042,0.344015959548824,0.113503538240726,3.33632538356849,2.65283115518704,3.37011158523689,10 m,0.04111777169203779,TRUE,0.7172804300498501,0
509_b,7294,26597571,bootstrap_mean,2.95148943666856,NA,2.95148943666856,0.341854089446519,0.115824263234491,2.67814798477486,2.64434011484839,3.37742812258175,10 m,0.040859378792443835,TRUE,0.7330880077333601,0
509_c,8118,32946903,bootstrap_mean,2.78024023239156,NA,2.78024023239156,0.0092414226818138,0.00332396552432605,2.78007206311688,2.75663012351783,2.79661559585458,10 m,0.001104561278025563,TRUE,0.03998547233674987,1
509_d,6911,23877505,bootstrap_mean,2.75635618123242,NA,2.75635618123242,0.138130499722051,0.0501134434883846,2.72861248820043,2.70578235735601,3.40681727657093,10 m,0.016509752508945184,TRUE,0.7010349192149201,5
510_a,8886,39476055,bootstrap_mean,2.81199453956558,NA,2.81199453956558,0.289714608297779,0.103028154650164,2.66004740240491,2.63572914111798,3.35629119722311,10 m,0.0346275188379613,TRUE,0.72056205610513,16
510_b,9234,42628761,bootstrap_mean,2.75945701696826,NA,2.75945701696826,0.0122147889686649,0.00442651901934132,2.76026423858442,2.72578023426944,2.79031076269143,10 m,0.001459946523233044,TRUE,0.0645305284219897,2
510_c,8936,39921580,bootstrap_mean,2.81648382713647,NA,2.81648382713647,0.0112785651920708,0.00400448427340616,2.8165533342499,2.79364501256348,2.83879980288025,10 m,0.001348046378980608,TRUE,0.045154790316769944,0
510_d,7972,31772406,bootstrap_mean,2.87888939046038,NA,2.87888939046038,0.0109167919330509,0.00379201506290076,2.87915059523095,2.85170022893209,2.90688596114226,10 m,0.0013048062040533356,TRUE,0.05518573221017009,2
511_a,8632,37251396,bootstrap_mean,2.80279810936747,NA,2.80279810936747,0.0104776565421217,0.00373828443336802,2.80278638358699,2.77322778050795,2.82936061669752,10 m,0.0012523194857923532,TRUE,0.05613283618956988,0
511_b,8445,35654790,bootstrap_mean,2.87805174742899,NA,2.87805174742899,0.011880493438755,0.00412796380376694,2.87691089989012,2.8539027544284,2.91537045839313,10 m,0.0014199905651009527,TRUE,0.06146770396473,1
511_c,7120,25343640,bootstrap_mean,2.64740856880832,NA,2.64740856880832,0.342517642633125,0.129378459626012,2.95740634171764,2.2805832414142,3.00392945981692,10 m,0.04093868856768848,TRUE,0.7233462184027197,0
511_d,8601,36984300,bootstrap_mean,2.81882187142263,NA,2.81882187142263,0.117462639508262,0.0416708273407072,2.83833574694573,2.14111622321099,2.86271034492614,10 m,0.014039470726820718,TRUE,0.72159412171515,2
512_a,8122,32979381,bootstrap_mean,2.84571511687302,NA,2.84571511687302,0.00963166810114941,0.0033846213361417,2.84561307853841,2.82347133788996,2.86930173420096,10 m,0.0011512045270107248,TRUE,0.045830396311000055,2
512_b,6987,24405591,bootstrap_mean,2.85636955131675,NA,2.85636955131675,0.00959834463369694,0.0033603301187944,2.85671746166938,2.83567997942609,2.87813540357147,10 m,0.0011472216108445834,TRUE,0.04245542414538006,0
512_c,7980,31836210,bootstrap_mean,2.77629475868235,NA,2.77629475868235,0.00981089304431377,0.00353380814974058,2.77623656155214,2.75904833856102,2.805713611692,10 m,0.0011726260049683623,TRUE,0.04666527313098001,1
512_d,6582,21658071,bootstrap_mean,2.78892141770948,NA,2.78892141770948,0.00886608534246444,0.00317903734618169,2.78928221502901,2.76617515548021,2.81030203326974,10 m,0.0010596998854113823,TRUE,0.04412687778952984,2
513_a,7199,25909201,bootstrap_mean,2.80743892707079,NA,2.80743892707079,0.0106295392845829,0.00378620499348619,2.80703877447919,2.78456131033164,2.8307218705624,10 m,0.0012704729456977325,TRUE,0.046160560230759984,0
513_b,7662,29349291,bootstrap_mean,2.81966110417339,NA,2.81966110417339,0.0108405540784945,0.00384463014454089,2.82002097993372,2.79192045012149,2.84268263178532,10 m,0.001295694037565327,TRUE,0.05076218166382995,1
513_c,8358,34923903,bootstrap_mean,2.78027009155618,NA,2.78027009155618,0.0799377926575876,0.0287518082866706,2.77038944213517,2.75302624548017,3.43533437940092,10 m,0.009554393675138953,TRUE,0.68230813392075,2
513_d,8338,34756953,bootstrap_mean,2.76983725161835,NA,2.76983725161835,0.115036987757109,0.0415320386386948,2.75130626038413,2.73202483465886,3.44025776751677,10 m,0.013749549889894705,TRUE,0.7082329328579102,2
514_a,7568,28633528,bootstrap_mean,2.70048681989665,NA,2.70048681989665,0.0817196206974722,0.0302610700024079,2.68996452520762,2.6725262076595,3.36992102415378,10 m,0.009767362860157383,TRUE,0.6973948164942798,1
514_b,8903,39627253,bootstrap_mean,2.78939558370674,NA,2.78939558370674,0.0118371427925484,0.00424362283416911,2.79041391733023,2.76648631766845,2.82070042823635,10 m,0.0014148091718430265,TRUE,0.05421411056789971,1
514_c,8905,39645060,bootstrap_mean,2.7498404573801,NA,2.7498404573801,0.0112225308421097,0.00408115707658253,2.74881183495196,2.7270660832876,2.77671073188413,10 m,0.0013413489931627118,TRUE,0.04964464859653006,0
514_d,8585,36846820,bootstrap_mean,2.83265807897034,NA,2.83265807897034,0.0107848827014594,0.00380733657250283,2.83447732388222,2.80462551340812,2.85327747486168,10 m,0.0012890400353099878,TRUE,0.04865196145355988,0
515_a,8577,36778176,bootstrap_mean,2.92854551404887,NA,2.92854551404887,0.21867265783832,0.074669373171528,3.003532809034,2.30621842660657,3.03510603621492,10 m,0.026136381672755088,TRUE,0.7288876096083499,8
515_b,9364,43837566,bootstrap_mean,2.77610834055079,NA,2.77610834055079,0.0791124825834294,0.028497620726046,2.78452501087744,2.12894229971346,2.80940126348578,10 m,0.009455750253918377,TRUE,0.68045896377232,1
515_c,8985,40360620,bootstrap_mean,2.79803976978724,NA,2.79803976978724,0.0828971561159435,0.029626868428052,2.80732368063913,2.11922148814255,2.8354040851559,10 m,0.009908105262223528,TRUE,0.7161825970133502,3
515_d,9437,44523766,bootstrap_mean,2.6958773239948,NA,2.6958773239948,0.0112119521869348,0.00415892521782882,2.69656191804368,2.6696078808559,2.72770031057591,10 m,0.0013400846020313795,TRUE,0.05809242972001005,1
516_a,9078,41200503,bootstrap_mean,2.84636165336042,NA,2.84636165336042,0.0120021154177281,0.00421665159926478,2.84755446148782,2.82274684463259,2.87648014510332,10 m,0.001434527171980204,TRUE,0.05373330047072988,0
516_b,8326,34656975,bootstrap_mean,2.72577593009163,NA,2.72577593009163,0.0828365888305857,0.0303900947675479,2.71592510493435,2.70000659614093,3.40478797956425,10 m,0.00990086608699859,TRUE,0.7047813834233199,1
516_c,7684,29518086,bootstrap_mean,2.70205489051979,NA,2.70205489051979,0.010262091468511,0.00379788416013151,2.70351458220373,2.67781581053813,2.72395512009061,10 m,0.0012265545314770747,TRUE,0.046139309552480245,0
516_d,7951,31605225,bootstrap_mean,2.77008543107599,NA,2.77008543107599,0.00994758058845436,0.00359107357370939,2.77097447400859,2.74265788927696,2.79112451492002,10 m,0.0011889632912980112,TRUE,0.048466625643059924,1
517_a,7187,25822891,bootstrap_mean,2.74565855096479,NA,2.74565855096479,0.00875200695948374,0.00318758024606096,2.74548859293871,2.72235769476265,2.76139045564803,10 m,0.0010460649107068686,TRUE,0.03903276088537977,2
517_b,7286,26539255,bootstrap_mean,2.75985189453636,NA,2.75985189453636,0.0116936273409241,0.00423704886630831,2.75959431985851,2.73559132015113,2.78240750542187,10 m,0.0013976557944767355,TRUE,0.046816185270740274,0
517_c,8208,33681528,bootstrap_mean,2.71686539701937,NA,2.71686539701937,0.204545154863991,0.0752871876127521,2.65039502919208,2.62996334532091,3.35592923115981,10 m,0.024447822099417614,TRUE,0.7259658858389,7
517_d,8273,34217128,bootstrap_mean,2.65845658754572,NA,2.65845658754572,0.00938282355801899,0.00352942515667754,2.65840957899371,2.63241235429602,2.68020858575628,10 m,0.0011214619152881025,TRUE,0.0477962314602598,0
518_a,7739,29942191,bootstrap_mean,2.67810784367211,NA,2.67810784367211,0.0105803183897366,0.00395066928120017,2.67840970307611,2.65448197259107,2.70089217462151,10 m,0.0012645899235279989,TRUE,0.04641020203044022,0
518_b,7612,28967466,bootstrap_mean,2.9407334473234,NA,2.9407334473234,0.344480442949563,0.117140995306155,2.63794276584248,2.6018104403941,3.32833130372999,10 m,0.041173288076950205,TRUE,0.7265208633358902,0
518_c,7413,27472578,bootstrap_mean,2.77573646444757,NA,2.77573646444757,0.0101731052753584,0.00366501121617937,2.776016403956,2.74871235701834,2.80726276144957,10 m,0.0012159186470879003,TRUE,0.05855040443123016,2
518_d,7346,26978185,bootstrap_mean,2.67549613614044,NA,2.67549613614044,0.00891299909620388,0.00333134440966206,2.67585516526806,2.65038155629613,2.69567421285249,10 m,0.001065307151475447,TRUE,0.04529265655636028,1
519_a,5715,16327755,bootstrap_mean,2.97924720860704,NA,2.97924720860704,0.116308937674529,0.0390397068556488,3.0006704278289,2.3068722875794,3.02109172308736,10 m,0.013901576982988797,TRUE,0.7142194355079599,2
519_b,7268,26408278,bootstrap_mean,2.73954799125751,NA,2.73954799125751,0.341314300230916,0.124587815698109,3.03490286665027,2.35126184406572,3.07542772932455,10 m,0.040794861641093944,TRUE,0.72416588525883,0
519_c,7191,25851645,bootstrap_mean,3.14025080976756,NA,3.14025080976756,0.113850624404049,0.0362552647227806,3.15988511672595,2.47744163361197,3.18969418121872,10 m,0.013607752347830387,TRUE,0.71225254760675,3
519_d,8079,32631081,bootstrap_mean,2.83200026726757,NA,2.83200026726757,0.0098835346941892,0.00348994836209011,2.8329654987091,2.80738133125417,2.85216491533088,10 m,0.001181308342784399,TRUE,0.044783584076709904,0
520_a,6791,23055445,bootstrap_mean,2.94458992036876,NA,2.94458992036876,0.00914466723447127,0.00310558260463177,2.94517991969591,2.92437700127225,2.96470358222786,10 m,0.001092996790148289,TRUE,0.0403265809556097,0
520_b,8356,34907190,bootstrap_mean,2.87660202962968,NA,2.87660202962968,0.00958542725656984,0.0033322048576194,2.87691228122029,2.8505225704294,2.90116726781936,10 m,0.0011456776889745962,TRUE,0.050644697389960136,3
520_c,8852,39174526,bootstrap_mean,2.70872473089064,NA,2.70872473089064,0.0127434048370206,0.00470457728380193,2.71038565369914,2.67509920401982,2.73594068770017,10 m,0.0015231282041537318,TRUE,0.06084148368034992,0
520_d,8445,35654790,bootstrap_mean,2.79416793182924,NA,2.79416793182924,0.00938505567268863,0.00335880158303319,2.79372760236699,2.77610240664507,2.81970743756354,10 m,0.0011217287040193493,TRUE,0.0436050309184699,1
521_a,8655,37450185,bootstrap_mean,2.6927569262824,NA,2.6927569262824,0.138680857099199,0.0515014391925309,2.66326986976487,2.63133798844681,3.34593163021414,10 m,0.01657553279719774,TRUE,0.7145936417673302,6
521_b,8384,35141536,bootstrap_mean,2.67957320430078,NA,2.67957320430078,0.0126300180384621,0.00471344392390201,2.67973830277844,2.64478834233596,2.70328543252344,10 m,0.001509575889597936,TRUE,0.05849709018747973,1
521_c,8996,40459510,bootstrap_mean,2.80002419316992,NA,2.80002419316992,0.0136938038610551,0.00489060197924656,2.80008616809513,2.77353049493028,2.84016420129611,10 m,0.0016367226145346837,TRUE,0.06663370636583021,1
521_d,8174,33403051,bootstrap_mean,2.91635161494944,NA,2.91635161494944,0.342678289279334,0.117502391523278,2.62113622675647,2.59199552755436,3.33259276960879,10 m,0.04095788951444274,TRUE,0.74059724205443,0
522_a,8898,39582753,bootstrap_mean,2.72580244134449,NA,2.72580244134449,0.195463840630353,0.0717087334230801,2.66795224632605,2.64247271272746,3.37260174102032,10 m,0.023362397441177636,TRUE,0.7301290282928603,10
522_b,9120,41582640,bootstrap_mean,2.73151467494263,NA,2.73151467494263,0.0134087299792461,0.00490889911822558,2.73092310423689,2.70299864367938,2.76446105204944,10 m,0.0016026497686034708,TRUE,0.06146240837006012,0
522_c,9215,42453505,bootstrap_mean,2.65449691595487,NA,2.65449691595487,0.0122736776083695,0.00462373021968813,2.65388617274428,2.63033825947849,2.69043115296819,10 m,0.0014669850619270165,TRUE,0.06009289348970004,2
522_d,9162,41966541,bootstrap_mean,3.1677203302665,NA,3.1677203302665,0.220668394662686,0.0696615773034866,3.24561796159584,2.54403570019775,3.27045044006512,10 m,0.026374917847673533,TRUE,0.7264147398673702,9
523_a,9096,41364060,bootstrap_mean,2.68752966823708,NA,2.68752966823708,0.193849172392314,0.0721291283528311,2.62976150540902,2.60778353198734,3.32690520197194,10 m,0.02316940767390886,TRUE,0.7191216699846001,6
523_b,8369,35015896,bootstrap_mean,2.73694732415413,NA,2.73694732415413,0.11640191040435,0.0425298321882481,2.71757972742376,2.69951913324026,3.40985929234412,10 m,0.013912689349645792,TRUE,0.7103401591038598,3
523_c,6685,22341270,bootstrap_mean,2.898530379417,NA,2.898530379417,0.00970771344564394,0.00334918464701291,2.89844611724883,2.87556065503932,2.92896227608429,10 m,0.00116029368414538,TRUE,0.05340162104497015,1
523_d,8751,38285625,bootstrap_mean,2.73527226515701,NA,2.73527226515701,0.0126843173717572,0.00463731436659344,2.73647635070984,2.70365337055331,2.7574226817281,10 m,0.0015160659012601449,TRUE,0.05376931117478989,0
524_a,6274,19678401,bootstrap_mean,2.97412200259313,NA,2.97412200259313,0.114424629196923,0.0384734147076538,2.99280292664965,2.30826177545563,3.01310985583264,10 m,0.013676359042864194,TRUE,0.7048480803770101,2
524_b,7155,25593435,bootstrap_mean,2.87502415112371,NA,2.87502415112371,0.00963740261732169,0.00335211188175755,2.87404956114491,2.85334684880591,2.89524596412612,10 m,0.001151889932789705,TRUE,0.041899115320209734,0
524_c,7821,30580110,bootstrap_mean,2.82173051916731,NA,2.82173051916731,0.0112746537799629,0.00399565220823782,2.82268410908643,2.78923288315412,2.85267506887981,10 m,0.0013475788758151822,TRUE,0.06344218572568971,2
524_d,6300,19841850,bootstrap_mean,2.86434182947269,NA,2.86434182947269,0.010660614353592,0.00372183733236704,2.86483157451479,2.84036578963242,2.88888198229498,10 m,0.0012741871268494042,TRUE,0.04851619266255991,0
6_a,7734,29903511,bootstrap_mean,2.94999997539202,NA,2.94999997539202,0.00925741319917518,0.00313810619538903,2.95007580268542,2.92132076682034,2.96698530742261,10 m,0.0011064725104084011,TRUE,0.04566454060226999,1
6_b,7788,30322578,bootstrap_mean,2.91279422473974,NA,2.91279422473974,0.00887646597212689,0.00304740578539152,2.91205994989025,2.89268740115859,2.93904666961239,10 m,0.0010609406079669288,TRUE,0.046359268453799896,2
6_c,6064,18383016,bootstrap_mean,2.90067110886893,NA,2.90067110886893,0.00918872044957533,0.00316779121268881,2.90104387527335,2.87854362032262,2.92096807084853,10 m,0.0010982621564508425,TRUE,0.04242445052590993,0
6_d,6877,23643126,bootstrap_mean,2.80710411775862,NA,2.80710411775862,0.00800886094049163,0.00285306871584316,2.80675172352534,2.78922772100348,2.83012384738862,10 m,9.572419724256355e-4,TRUE,0.040896126385140175,1
600_a,7064,24946516,bootstrap_mean,2.81078127978019,NA,2.81078127978019,0.0101916861867682,0.00362592644973257,2.81112943855015,2.78937449158426,2.83157678364703,10 m,0.0012181394907783505,TRUE,0.04220229206277004,0
600_b,6421,20611410,bootstrap_mean,3.01278832615704,NA,3.01278832615704,0.346082133758934,0.114871041803451,3.0119970046967,2.65506894180725,3.37368002112877,10 m,0.041364726744817025,TRUE,0.7186110793215201,0
600_c,5812,16886766,bootstrap_mean,2.81036857818315,NA,2.81036857818315,0.00871543752250602,0.00310117241922068,2.81058523401172,2.79012901850834,2.83142950780007,10 m,0.0010416940269765663,TRUE,0.041300489291729914,0
600_d,6839,23382541,bootstrap_mean,2.78015755325867,NA,2.78015755325867,0.0822736042344332,0.0295931445101012,2.76965699962516,2.74487474911171,3.45444135362631,10 m,0.009833576557404987,TRUE,0.7095666045146003,3
601_a,6359,20215261,bootstrap_mean,2.94087229701268,NA,2.94087229701268,0.334938967307348,0.113891027382446,2.69434762795779,2.66294514735632,3.39059971689655,10 m,0.04003286361066595,TRUE,0.7276545695402299,0
601_b,7173,25722378,bootstrap_mean,2.83623826275959,NA,2.83623826275959,0.00985611685483243,0.00347506659939164,2.83584173581345,2.81324429694974,2.85930569502237,10 m,0.0011780312841838643,TRUE,0.04606139807262988,0
601_c,7349,27000226,bootstrap_mean,2.82015380271372,NA,2.82015380271372,0.00729207054234792,0.00258569959387713,2.81957855481445,2.80298463724292,2.83959418283917,10 m,8.715691333498803e-4,TRUE,0.03660954559624985,2
601_d,7024,24664776,bootstrap_mean,2.77566559499988,NA,2.77566559499988,0.00989423496286504,0.00356463508453202,2.77496992858829,2.75124779251504,2.79751728278007,10 m,0.0011825872695092918,TRUE,0.04626949026503002,0
602_a,7491,28053795,bootstrap_mean,2.71838455765163,NA,2.71838455765163,0.0822729262832365,0.030265374356861,2.71010755099807,2.6805760766759,3.3896400776432,10 m,0.009833495526738385,TRUE,0.7090640009672997,1
602_b,7711,29725905,bootstrap_mean,2.79805892543635,NA,2.79805892543635,0.0103022600740613,0.00368193106314037,2.79786918216597,2.7767768117425,2.82524330666532,10 m,0.0012313555981321533,TRUE,0.0484664949228204,0
602_c,7838,30713203,bootstrap_mean,2.82165751148202,NA,2.82165751148202,0.0088095048391186,0.00312210280775415,2.82082844943223,2.80150528561466,2.84444071570258,10 m,0.0010529372217784336,TRUE,0.04293543008791989,2
602_d,7354,27036981,bootstrap_mean,2.83426760269528,NA,2.83426760269528,0.0105814568623123,0.00373340077424225,2.83316620518999,2.80919154998905,2.8552128185176,10 m,0.0012647259970273406,TRUE,0.04602126852854971,0
603_a,7554,28527681,bootstrap_mean,2.83270621990607,NA,2.83270621990607,0.00906033452460602,0.0031984730576496,2.83199070276959,2.81539337517457,2.85195876241734,10 m,0.0010829171033949246,TRUE,0.03656538724277025,0
603_b,7583,28747153,bootstrap_mean,2.80584277550155,NA,2.80584277550155,0.00932940465832943,0.00332499195599504,2.8054176972238,2.78757097092117,2.82994398808725,10 m,0.0011150771355692899,TRUE,0.04237301716608011,2
603_c,7236,26176230,bootstrap_mean,2.7629466422789,NA,2.7629466422789,0.0802991961958539,0.0290628834328927,2.75285088911891,2.73231790379009,3.42159104615125,10 m,0.00959758965998401,TRUE,0.6892731423611602,3
603_d,7968,31740528,bootstrap_mean,2.81270681057184,NA,2.81270681057184,0.0811975906304026,0.0288681316962057,2.80304301346841,2.78213609305911,3.4786598938851,10 m,0.00970496833304795,TRUE,0.69652380082599,2
604_a,6188,19142578,bootstrap_mean,2.81588918094559,NA,2.81588918094559,0.0094032513122249,0.00333935418192389,2.81428428611749,2.78877685608458,2.83498347175555,10 m,0.0011239034989132379,TRUE,0.04620661567096995,1
604_b,4961,12303280,bootstrap_mean,2.76831793893303,NA,2.76831793893303,0.115492832784044,0.0417194973018733,2.74901643767422,2.73123009825178,3.4361829467613,10 m,0.013804033791656258,TRUE,0.70495284850952,2
604_c,8006,32044015,bootstrap_mean,2.8160945697553,NA,2.8160945697553,0.240318704135038,0.0853375830187122,2.721770076389,2.70174335485969,3.41496432075444,10 m,0.028723579054036507,TRUE,0.7132209658947497,10
604_d,6139,18840591,bootstrap_mean,2.78601287667479,NA,2.78601287667479,0.00716126012022624,0.00257043324536729,2.78592489149248,2.77109700286349,2.80094655843573,10 m,8.559342974579861e-4,TRUE,0.029849555572239783,0
605_a,7949,31589326,bootstrap_mean,2.79438289236193,NA,2.79438289236193,0.263348769301219,0.0942421920850745,2.67642249087156,2.65744057196908,3.38457288438081,10 m,0.031476198330182004,TRUE,0.7271323124117299,12
605_b,9137,41737816,bootstrap_mean,2.93921289851148,NA,2.93921289851148,0.00826537419407668,0.00281210462782827,2.93975151676176,2.92241339930792,2.95898201523189,10 m,9.879011703614656e-4,TRUE,0.03656861592396998,3
605_c,9095,41354965,bootstrap_mean,2.82974436628882,NA,2.82974436628882,0.00923367387620422,0.00326307704194287,2.82829199726866,2.80432014611841,2.85649292304704,10 m,0.0011036351186102889,TRUE,0.05217277692862998,2
605_d,8035,32276595,bootstrap_mean,2.81300870518273,NA,2.81300870518273,0.177975156821328,0.0632686121779232,2.7648253140376,2.7448976616341,3.45786554351831,10 m,0.02127209991836265,TRUE,0.71296788188421,5
606_a,8042,32332861,bootstrap_mean,2.78111309816611,NA,2.78111309816611,0.00791963965409388,0.00284765105716706,2.78091345532816,2.76244115191322,2.79844996232458,10 m,9.465779890192147e-4,TRUE,0.03600881041136006,0
606_b,8317,34582086,bootstrap_mean,2.88960344502091,NA,2.88960344502091,0.0101169347156488,0.00350114986645705,2.88875888159768,2.86695003041879,2.91726649637439,10 m,0.0012092049810911764,TRUE,0.050316465955600354,0
606_c,9038,40838203,bootstrap_mean,2.88913721837001,NA,2.88913721837001,0.00925356301818892,0.00320288110905635,2.88866089230925,2.86842043674776,2.9085681503191,10 m,0.0011060123257618118,TRUE,0.04014771357133995,0
606_d,7529,28339156,bootstrap_mean,2.85225671919654,NA,2.85225671919654,0.00941558635077457,0.0033011005942785,2.85105914492159,2.83045489975808,2.89296694360863,10 m,0.0011253778180104186,TRUE,0.06251204385054976,2
607_a,7664,29364616,bootstrap_mean,3.03688589540618,NA,3.03688589540618,0.00890516494727717,0.00293233438923332,3.03763937974827,3.01330911600674,3.06195242276728,10 m,0.0010643707915827482,TRUE,0.048643306760540295,0
607_b,7224,26089476,bootstrap_mean,2.89543600732459,NA,2.89543600732459,0.0079487323657079,0.00274526266358503,2.89429123600127,2.87807242567801,2.91271828426603,10 m,9.500552331436337e-4,TRUE,0.03464585858802005,0
607_c,6327,20012301,bootstrap_mean,2.87766550219271,NA,2.87766550219271,0.00885959941059452,0.00307874539408549,2.87667933342297,2.85694411729066,2.91190828588091,10 m,0.00105892466827847,TRUE,0.05496416859025022,2
607_d,6805,23150610,bootstrap_mean,2.99323257502192,NA,2.99323257502192,0.00845777282094709,0.00282563169047602,2.99346564409193,2.97187476382838,3.01447708291549,10 m,0.0010108972046846821,TRUE,0.042602319087110097,0
608_a,6475,20959575,bootstrap_mean,2.84135107155521,NA,2.84135107155521,0.00935632932754314,0.00329291562074446,2.84224547416564,2.81951741582677,2.86048086505935,10 m,0.0011182952490633989,TRUE,0.04096344923257966,0
608_b,6607,21822921,bootstrap_mean,2.78244748210752,NA,2.78244748210752,0.231657969625742,0.0832569064161729,2.69641859696572,2.67038616821868,3.38886062744115,10 m,0.02768842328770048,TRUE,0.7184744592224699,11
608_c,7798,30400503,bootstrap_mean,2.82022723925633,NA,2.82022723925633,0.23136999531792601,0.0820394867822552,2.73238405046163,2.71254758944653,3.4248613949365,10 m,0.027654003774554986,TRUE,0.7123138054899698,9
608_d,6672,22254456,bootstrap_mean,2.78229646430122,NA,2.78229646430122,0.0837755358591197,0.0301102118102861,2.7738114539498,2.7463477294238,3.4690613684323,10 m,0.010013091722113928,TRUE,0.7227136390085,3
609_a,6035,18207595,bootstrap_mean,2.82636285632017,NA,2.82636285632017,0.00861688864660079,0.00304875526768692,2.82640378413676,2.80555001090792,2.84539766279855,10 m,0.0010299151833865988,TRUE,0.03984765189062989,0
609_b,6043,18255903,bootstrap_mean,2.7699951095166,NA,2.7699951095166,0.080705578711518,0.029135639421978,2.76002822027976,2.73956811378418,3.4316270923349,10 m,0.00964616166088951,TRUE,0.69205897855071985,1
609_c,7418,27509653,bootstrap_mean,2.79219194760231,NA,2.79219194760231,0.139453858169498,0.0499442233150371,2.76352639406358,2.74645001726435,3.45191217910271,10 m,0.016667924096624487,TRUE,0.7054621618383603,3
609_d,7855,30846585,bootstrap_mean,2.79471572152203,NA,2.79471572152203,0.116757927235829,0.0417781051348727,2.77613157059582,2.74477388860056,3.47718826130041,10 m,0.013955241499884622,TRUE,0.73241437269985,2
610_a,8328,34673628,bootstrap_mean,2.72636220710596,NA,2.72636220710596,0.159250207313648,0.0584112437073035,2.68881035301878,2.66825066729891,3.37955610390101,10 m,0.019034040382370537,TRUE,0.7113054366021001,4
610_b,8629,37225506,bootstrap_mean,2.74548684007859,NA,2.74548684007859,0.206864884049825,0.0753472502690647,2.6790692791118,2.65683370007176,3.38540758846556,10 m,0.02472508276829929,TRUE,0.7285738883938002,7
610_c,7742,29965411,bootstrap_mean,2.87578711513585,NA,2.87578711513585,0.0074849451869872,0.0026027466176451,2.87695087398323,2.85867989478166,2.89110111164687,10 m,8.946220626786874e-4,TRUE,0.032421216865210045,0
610_d,7763,30128203,bootstrap_mean,2.80280474277529,NA,2.80280474277529,0.193807486573817,0.0691476946702725,2.74388165740194,2.72479335436793,3.44029610100094,10 m,0.023164425265621746,TRUE,0.71550274663301,6
611_a,7946,31565485,bootstrap_mean,2.67056591871733,NA,2.67056591871733,0.140626190957816,0.0526578243106461,2.64179657779732,2.62070438034915,3.33825067760087,10 m,0.01680804466545033,TRUE,0.7175462972517201,3
611_b,7932,31454346,bootstrap_mean,2.7765872405218,NA,2.7765872405218,0.0103392467085166,0.00372372477897492,2.77602733046713,2.75201247372621,2.79882956517489,10 m,0.0012357763464985502,TRUE,0.04681709144868007,0
611_c,8162,33305041,bootstrap_mean,2.78983202087605,NA,2.78983202087605,0.0116160785702868,0.00416371970905945,2.79014143682805,2.76169150405944,2.81803835842104,10 m,0.0013883869435482943,TRUE,0.05634685436160014,2
611_d,7884,31074786,bootstrap_mean,2.7995716979068,NA,2.7995716979068,0.00933961786501561,0.00333608811376351,2.79825915499149,2.77790552247696,2.81834053355914,10 m,0.0011162978472517265,TRUE,0.04043501108218006,0
612_a,7383,27250653,bootstrap_mean,2.85627371439683,NA,2.85627371439683,0.00984107716930753,0.00344542510744133,2.85631613157534,2.83070725268873,2.88321919579499,10 m,0.001176233697942389,TRUE,0.05251194310626017,3
612_b,7850,30807325,bootstrap_mean,2.92920576659317,NA,2.92920576659317,0.0109575129557569,0.00374077952485429,2.92976990570517,2.89809168363012,2.95192198852484,10 m,0.001309673297187292,TRUE,0.05383030489471974,1
612_c,6950,24147775,bootstrap_mean,2.90143989295396,NA,2.90143989295396,0.0814505874756407,0.028072471076668,2.91086310270708,2.23463256948554,2.93671937992504,10 m,0.009735207239797941,TRUE,0.7020868104394999,1
612_d,6820,23252790,bootstrap_mean,2.98300429779999,NA,2.98300429779999,0.00993742705004071,0.00333134855265536,2.98268110034482,2.95646918976297,3.00045294042362,10 m,0.0011877497113382143,TRUE,0.04398375066064997,0
613_a,7732,29888046,bootstrap_mean,2.87476566952265,NA,2.87476566952265,0.00983949070376454,0.00342271052144517,2.87469672045953,2.85308224737581,2.89439176407669,10 m,0.0011760440790419186,TRUE,0.0413095167008799,0
613_b,5122,13114881,bootstrap_mean,3.18938018522376,NA,3.18938018522376,0.160449376559385,0.0503073848965198,3.22890374553585,2.53846784238438,3.24755838079416,10 m,0.019177368521364417,TRUE,0.7090905384097801,4
613_c,8099,32792851,bootstrap_mean,3.02638264554646,NA,3.02638264554646,0.34416406786811,0.113721266666187,3.31466438636897,2.6280113776103,3.36203645840616,10 m,0.0411354740220869,TRUE,0.7340250807958602,0
613_d,6865,23560680,bootstrap_mean,2.82632893420193,NA,2.82632893420193,0.219044210333895,0.0775013154637454,2.75027211206858,2.72673159864775,3.44282813229586,10 m,0.026180790690013174,TRUE,0.71609653364811,8
614_a,7102,25215651,bootstrap_mean,2.82764202698412,NA,2.82764202698412,0.00829703551889259,0.00293425951365632,2.82709412904192,2.81376941971778,2.85084095045051,10 m,9.91685422484406e-4,TRUE,0.037071530732730285,1
614_b,8004,32028006,bootstrap_mean,2.73773416621771,NA,2.73773416621771,0.176371804292627,0.0644225456470418,2.69038086478761,2.66152244166352,3.379494110747,10 m,0.02108046263704744,TRUE,0.7179716690834796,6
614_c,8336,34740280,bootstrap_mean,2.82500723359672,NA,2.82500723359672,0.0094024939153249,0.00332830790785407,2.82504051583018,2.8043078157333,2.84851017445611,10 m,0.0011238129726688878,TRUE,0.044202358722809976,0
614_d,7314,26743641,bootstrap_mean,2.86144718856555,NA,2.86144718856555,0.00873609804758013,0.00305303487077794,2.86219926028894,2.83834851023806,2.877868018817,10 m,0.001044163432041811,TRUE,0.03951950857893971,0
615_a,8202,33632301,bootstrap_mean,2.76246753417266,NA,2.76246753417266,0.139698858825808,0.0505703169712171,2.73277266383467,2.71084745728565,3.42872367382763,10 m,0.016697207275997227,TRUE,0.7178762165419799,3
615_b,7902,31216851,bootstrap_mean,2.86712214245057,NA,2.86712214245057,0.00811735239945624,0.00283118471978254,2.86764778154107,2.84870940603354,2.88909488587512,10 m,9.702091819879285e-4,TRUE,0.04038547984157992,0
615_c,8789,38618866,bootstrap_mean,2.73725488399971,NA,2.73725488399971,0.113190764555929,0.0413519271506545,2.71767786990754,2.70144244708917,3.39618413269115,10 m,0.013528884010967978,TRUE,0.6947416856019801,3
615_d,8186,33501205,bootstrap_mean,2.79985829971481,NA,2.79985829971481,0.0116797569437256,0.00417155287641352,2.79886884795992,2.77486948153023,2.83776740422324,10 m,0.0013959979649212878,TRUE,0.06289792269300998,2
616_a,9193,42251028,bootstrap_mean,2.72016503287724,NA,2.72016503287724,0.00949938237523952,0.00349220810517941,2.72007215348906,2.70039291754045,2.74056946604372,10 m,0.0011353933585893181,TRUE,0.04017654850326968,0
616_b,9442,44570961,bootstrap_mean,2.7706773512023,NA,2.7706773512023,0.0096947407005822,0.00349905076329992,2.77156570196445,2.73770360192162,2.79389225569495,10 m,0.0011587431445414407,TRUE,0.056188653773330266,2
616_c,7523,28294003,bootstrap_mean,2.88792549397384,NA,2.88792549397384,0.0101860387575406,0.00352711272461689,2.88916638585469,2.86055066544378,2.91966663447222,10 m,0.0012174644938801485,TRUE,0.05911596902843996,2
616_d,9161,41957380,bootstrap_mean,2.89148454465491,NA,2.89148454465491,0.0123669826880022,0.00427703572231204,2.89281642939334,2.86759995044723,2.92804839555192,10 m,0.0014781371519843392,TRUE,0.06044844510469005,1
617_a,7211,25995655,bootstrap_mean,2.76293141201027,NA,2.76293141201027,0.0108957202506532,0.00394353627574332,2.76321664909752,2.73785489927673,2.78941929648869,10 m,0.0013022876562884815,TRUE,0.051564397211960156,0
617_b,7449,27740076,bootstrap_mean,2.77612331700396,NA,2.77612331700396,0.00880233720295576,0.00317072989843096,2.77600810417674,2.75280136613903,2.79197958383311,10 m,0.001052080525398121,TRUE,0.03917821769407981,0
617_c,7599,28868601,bootstrap_mean,2.86066370302135,NA,2.86066370302135,0.288937144330246,0.101003534258529,2.7083041818858,2.67875599428439,3.39866494987121,10 m,0.034534594120289086,TRUE,0.7199089555868197,16
617_d,7984,31868136,bootstrap_mean,2.81754741389006,NA,2.81754741389006,0.00967158441066642,0.0034326252552085,2.8177314699357,2.79470277210317,2.83810764321998,10 m,0.0011559754385221026,TRUE,0.04340487111681002,0
618_a,7646,29226835,bootstrap_mean,2.79465315153419,NA,2.79465315153419,0.0837276592397343,0.0299599466194115,2.78550275112755,2.76269076726701,3.48045169057925,10 m,0.010007369371593161,TRUE,0.7177609233122402,1
618_b,7554,28527681,bootstrap_mean,2.77697746556854,NA,2.77697746556854,0.241468346780799,0.0869536572675653,2.68206062365417,2.65377060165383,3.37445599450012,10 m,0.02886098763210895,TRUE,0.7206853928462897,10
618_c,7992,31932036,bootstrap_mean,2.84014422044092,NA,2.84014422044092,0.323366907807864,0.113855805448381,2.62106285179708,2.59690617855461,3.31190771783687,10 m,0.03864973795239563,TRUE,0.7150015392822602,0
618_d,8143,33150153,bootstrap_mean,2.78865586106288,NA,2.78865586106288,0.23141986111797,0.0829861670452824,2.70292571125261,2.67061653046951,3.40223039438851,10 m,0.027659963877638978,TRUE,0.7316138639190002,9
619_a,6898,23787753,bootstrap_mean,2.80603095113913,NA,2.80603095113913,0.00996874550315815,0.00355261423581635,2.80645129985483,2.7831590864933,2.82802914952659,10 m,0.0011914929824548206,TRUE,0.04487006303329011,0
619_b,7399,27368901,bootstrap_mean,2.65754577435927,NA,2.65754577435927,0.0839867058174893,0.0316031078854091,2.64937399144016,2.62543273821475,3.34624847975462,10 m,0.010038331359681456,TRUE,0.7208157415398699,2
619_c,7188,25830078,bootstrap_mean,2.75078896145106,NA,2.75078896145106,0.116357393871703,0.0422996440302435,2.73087723023248,2.71049492327918,3.43235391542672,10 m,0.013907368606304987,TRUE,0.7218589921475402,2
619_d,7212,26002866,bootstrap_mean,2.76522879197882,NA,2.76522879197882,0.00980726451652301,0.00354663763988399,2.76539865314118,2.74131015480776,2.79118709830296,10 m,0.001172192312945834,TRUE,0.0498769434952,1
620_a,6853,23478378,bootstrap_mean,2.9039953244402,NA,2.9039953244402,0.0805013522928599,0.0277208959723026,2.91315795431635,2.24634800569618,2.93618655141999,10 m,0.009621751935053303,TRUE,0.6898385457238096,2
620_b,6601,21783300,bootstrap_mean,2.97115353375399,NA,2.97115353375399,0.0118631951600337,0.00399279102384347,2.97196303436012,2.94242828017222,3.00062531826757,10 m,0.0014179230253389588,TRUE,0.05819703809534982,0
620_c,7475,27934075,bootstrap_mean,2.80102218231259,NA,2.80102218231259,0.0105668389870661,0.00377249386091682,2.79981612398524,2.7789297215342,2.83087570974538,10 m,0.0012629788267571466,TRUE,0.051945988211179905,1
620_d,6143,18865153,bootstrap_mean,2.87233858913311,NA,2.87233858913311,0.0083421632445224,0.00290431054196856,2.87177442682732,2.84947467684711,2.89261852962046,10 m,9.970792173591002e-4,TRUE,0.04314385277334987,1
621_a,8528,36359128,bootstrap_mean,2.70582124592648,NA,2.70582124592648,0.0825729465788025,0.030516778114265,2.69652865938099,2.66973662352416,3.38117499500406,10 m,0.00986935481080253,TRUE,0.7114383714799,6
621_b,8285,34316470,bootstrap_mean,2.74593564583503,NA,2.74593564583503,0.0114233672834951,0.00416010014685589,2.74738196998331,2.71140344254002,2.77034295675913,10 m,0.0013653535392167857,TRUE,0.058939514219110034,1
621_c,8508,36188778,bootstrap_mean,2.69048323345466,NA,2.69048323345466,0.0800608831875955,0.0297570645273246,2.68143211987786,2.64727286004273,3.34622996337225,10 m,0.00956910580743931,TRUE,0.6989571033295201,3
621_d,7497,28098756,bootstrap_mean,2.77972660818589,NA,2.77972660818589,0.00944796495261864,0.00339888279832836,2.78024361679751,2.75865274572345,2.80479733358702,10 m,0.0011292478011358468,TRUE,0.046144587863569786,2
622_a,8000,31996000,bootstrap_mean,2.73749170321151,NA,2.73749170321151,0.00920509988805218,0.00336260375775866,2.73660329762037,2.71785453394517,2.75840675765133,10 m,0.001100219873798079,TRUE,0.040552223706160184,0
622_b,8221,33788310,bootstrap_mean,2.8387713472205,NA,2.8387713472205,0.32234426558047,0.113550626716056,2.62236598371298,2.59617625529485,3.3156734924536,10 m,0.03852750882766616,TRUE,0.71949723715875,0
622_c,9015,40630605,bootstrap_mean,2.63553441859794,NA,2.63553441859794,0.0109673438168608,0.00416133583362394,2.63461730462389,2.60611751908435,2.66212535715514,10 m,0.0013108483098318695,TRUE,0.05600783807079024,1
622_d,8394,35225421,bootstrap_mean,2.85107876544814,NA,2.85107876544814,0.0129207003893493,0.00453186370925055,2.85146026985273,2.81598613235764,2.87532262848559,10 m,0.0015443190757988322,TRUE,0.05933649612794989,0
623_a,8471,35874685,bootstrap_mean,2.69091180033009,NA,2.69091180033009,0.178359231301166,0.0662820800292624,2.64254206063582,2.61465602412366,3.33769317551198,10 m,0.021318005599004406,TRUE,0.7230371513883198,5
623_b,8991,40414545,bootstrap_mean,2.66569453598769,NA,2.66569453598769,0.0116552988465464,0.00437233099636747,2.66519648442846,2.63483874954925,2.69513596340809,10 m,0.0013930746631734415,TRUE,0.06029721385883979,2
623_c,9075,41173275,bootstrap_mean,2.726575581797,NA,2.726575581797,0.249422430761784,0.0914782749566756,2.62154560111109,2.5830849893483,3.32108086288889,10 m,0.029811682505621117,TRUE,0.7379958735405898,12
623_d,9375,43940625,bootstrap_mean,2.97400401188303,NA,2.97400401188303,0.343355048223259,0.11545211332982,3.26341760607658,2.57455122027176,3.29702384103009,10 m,0.04103877767958295,TRUE,0.7224726207583299,0
624_a,9109,41482386,bootstrap_mean,2.64180758968333,NA,2.64180758968333,0.0799549519120412,0.0302652442306085,2.6312179349432,2.61256820977815,3.2955888464047,10 m,0.009556444598322732,TRUE,0.6830206366265501,1
624_b,8382,35124771,bootstrap_mean,2.79221521867749,NA,2.79221521867749,0.114199037042496,0.0408990812307748,2.77379512407081,2.75097631833184,3.46222420128049,10 m,0.01364939562316294,TRUE,0.7112478829486499,2
624_c,7460,27822070,bootstrap_mean,2.80051077563335,NA,2.80051077563335,0.00873884032809965,0.00312044517169313,2.8012485700456,2.77882428919422,2.81800280181739,10 m,0.001044491197254986,TRUE,0.03917851262317029,0
624_d,9172,42058206,bootstrap_mean,2.626559435986,NA,2.626559435986,0.0119451689052495,0.00454783879686519,2.6264587710995,2.59930630857312,2.65408689456286,10 m,0.00142772076188858,TRUE,0.05478058598974034,0
7_a,7782,30275871,bootstrap_mean,2.77638486257936,NA,2.77638486257936,0.140658387243425,0.050662424053396,2.74767406595335,2.72494379758732,3.443367626151,10 m,0.016811892857617746,TRUE,0.7184238285636799,3
7_b,7620,29028390,bootstrap_mean,2.87811266740481,NA,2.87811266740481,0.00904119226021117,0.00314136147712508,2.8773217882823,2.85504668460909,2.90193514610882,10 m,0.001080629165189708,TRUE,0.04688846149973003,0
7_c,8851,39165675,bootstrap_mean,2.71989386704147,NA,2.71989386704147,0.00999454739572402,0.00367460933561921,2.71864810157327,2.69233841391639,2.74091086956313,10 m,0.0011945768984717906,TRUE,0.048572455646739954,1
7_d,8684,37701586,bootstrap_mean,2.83523806156089,NA,2.83523806156089,0.311786279540927,0.109968289353903,2.64447953397452,2.62017366852737,3.33452580884706,10 m,0.03726558813052467,TRUE,0.71435214031969,0
700_a,4745,11255140,bootstrap_mean,2.85158706572017,NA,2.85158706572017,0.0086419611786184,0.00303057945608821,2.85155551795723,2.82661208600451,2.86703695247244,10 m,0.0010329119241441888,TRUE,0.04042486646793009,0
700_b,5315,14121955,bootstrap_mean,2.92061279904677,NA,2.92061279904677,0.00784800295131241,0.00268710831982721,2.9220300939819,2.89833735240406,2.93515501332972,10 m,9.38015765354935e-4,TRUE,0.03681766092566008,1
700_c,7623,29051253,bootstrap_mean,2.7627938678889,NA,2.7627938678889,0.162346109029217,0.0587615713630018,2.7227530652368,2.70125285412991,3.42596961816682,10 m,0.019404071412584087,TRUE,0.7247167640369101,5
700_d,5899,17396151,bootstrap_mean,3.05936352095743,NA,3.05936352095743,0.0828563275378414,0.0270828644488483,3.06949973039157,2.38073336728289,3.08715160357559,10 m,0.00990322531376092,TRUE,0.7064182362926998,1
701_a,6228,19390878,bootstrap_mean,2.76980753103521,NA,2.76980753103521,0.11613010203478,0.0419271378005735,2.74961643760385,2.73279637946503,3.44380158355181,10 m,0.013880202035689133,TRUE,0.71100520408678,2
701_b,6940,24078330,bootstrap_mean,2.97536743099621,NA,2.97536743099621,0.338363496448788,0.113721583735793,2.70747605078685,2.68756674256773,3.40477713599658,10 m,0.04044217313100079,TRUE,0.7172103934288501,0
701_c,7412,27465166,bootstrap_mean,2.69953672538461,NA,2.69953672538461,0.114460990978718,0.0424002347893268,2.68105933131779,2.65081054260891,3.36303798399339,10 m,0.013680705107052969,TRUE,0.71222744138448,5
701_d,7195,25880415,bootstrap_mean,2.79926493879605,NA,2.79926493879605,0.269213389410787,0.0961728865602034,2.67405466712559,2.65599451967273,3.37657045233405,10 m,0.03217715450396535,TRUE,0.7205759326613199,13
702_a,6309,19898586,bootstrap_mean,2.82687682056609,NA,2.82687682056609,0.296099986794477,0.104744566385168,2.66327318553715,2.64044159581558,3.35666347638574,10 m,0.03539071754402951,TRUE,0.7162218805701599,17
702_b,7009,24559536,bootstrap_mean,2.70143265461114,NA,2.70143265461114,0.0112412940358462,0.00416123423127286,2.70121795424759,2.68044139545988,2.7282719881578,10 m,0.0013435916237583467,TRUE,0.047830592697919894,0
702_c,8091,32728095,bootstrap_mean,2.66387461366276,NA,2.66387461366276,0.0818442119944584,0.0307237478726241,2.65513445960869,2.62993634540164,3.33419620420281,10 m,0.009782254368420581,TRUE,0.7042598588011701,3
702_d,7749,30019626,bootstrap_mean,2.71783269886825,NA,2.71783269886825,0.177700794308207,0.0653832718924181,2.66973381095442,2.6459142027649,3.3574993284512,10 m,0.021239307325861538,TRUE,0.7115851256863,5
703_a,6106,18638565,bootstrap_mean,2.80037663533457,NA,2.80037663533457,0.00788520906126251,0.00281576733706766,2.79991513824674,2.77815409072328,2.81833279352192,10 m,9.424627460603749e-4,TRUE,0.04017870279864022,0
703_b,7584,28754736,bootstrap_mean,2.90696928477373,NA,2.90696928477373,0.302218793972898,0.103963531901033,2.73489436434862,2.71206267533106,3.43191499695534,10 m,0.03612205488349445,TRUE,0.71985232162428,0
703_c,7976,31804300,bootstrap_mean,2.80374849220567,NA,2.80374849220567,0.00946078735331375,0.00337433524426832,2.80467538862847,2.78316467798141,2.8328657962421,10 m,0.0011307803711509612,TRUE,0.04970111826069035,2
703_d,5608,15722028,bootstrap_mean,2.88008871810751,NA,2.88008871810751,0.268202177441716,0.0931228874150621,3.0046272255163,2.30859586880845,3.02893010439171,10 m,0.03205629155641185,TRUE,0.7203342355832598,13
704_a,6687,22354641,bootstrap_mean,2.80783052603045,NA,2.80783052603045,0.0075370281966395504,0.00268428885816516,2.80628379138777,2.7945464859959,2.83508242719307,10 m,9.008471729983603e-4,TRUE,0.04053594119717019,2
704_b,6780,22980810,bootstrap_mean,2.81772184457418,NA,2.81772184457418,0.0826284103501464,0.0293245447591842,2.80794966707921,2.78623303982689,3.49584433585059,10 m,0.009875983999431709,TRUE,0.7096112960237,1
704_c,4459,9939111,bootstrap_mean,2.81005124817692,NA,2.81005124817692,0.00763589920614532,0.00271735229423281,2.80908751091404,2.79465271370339,2.82763669935426,10 m,9.126645189178671e-4,TRUE,0.03298398565087002,0
704_d,5593,15638028,bootstrap_mean,2.98586232391536,NA,2.98586232391536,0.00789091625114524,0.00264275957666993,2.9854677265726,2.96472480728213,3.00425363839759,10 m,9.431448857230492e-4,TRUE,0.03952883111546024,1
705_a,5003,12512503,bootstrap_mean,2.85772088728419,NA,2.85772088728419,0.0075274313184013,0.00263406806168357,2.85851345658693,2.83756162271311,2.87552480223742,10 m,8.997001266552948e-4,TRUE,0.03796317952431005,0
705_b,8039,32308741,bootstrap_mean,2.96549367012305,NA,2.96549367012305,0.342123746647313,0.115368226914177,3.265418092339,2.58419685735714,3.29207479616312,10 m,0.04089160899255403,TRUE,0.7078779388059799,0
705_c,6983,24377653,bootstrap_mean,2.8027823978921,NA,2.8027823978921,0.00785649869214274,0.00280310690478554,2.80281954917926,2.78767847588165,2.81967341704366,10 m,9.39031200604725e-4,TRUE,0.03199494116200974,0
705_d,7244,26234146,bootstrap_mean,2.79781504842961,NA,2.79781504842961,0.140230483295283,0.0501214272094196,2.76861956039653,2.74602072251087,3.45792758290789,10 m,0.016760748553531102,TRUE,0.7119068603970202,3
706_a,6541,21389070,bootstrap_mean,2.87028167042263,NA,2.87028167042263,0.00832824967247676,0.00290154438788945,2.87070438177372,2.85454172329645,2.88734865076385,10 m,9.954162274224017e-4,TRUE,0.032806927467400104,0
706_b,8019,32148171,bootstrap_mean,2.74204975803654,NA,2.74204975803654,0.160943815368099,0.058694710005315,2.70496525000892,2.67387976224719,3.39657688122984,10 m,0.01923646526233844,TRUE,0.7226971189826497,4
706_c,7911,31288005,bootstrap_mean,2.82325714054535,NA,2.82325714054535,0.0104839208170539,0.00371341337156018,2.8244899963666,2.80373737019947,2.84618847827766,10 m,0.001253068209853923,TRUE,0.04245110807818975,0
706_d,7999,31988001,bootstrap_mean,2.95001147532903,NA,2.95001147532903,0.00874256790545632,0.00296357081271395,2.94958447086791,2.93023478864172,2.96950636195659,10 m,0.001044936727965006,TRUE,0.03927157331487008,0
707_a,7497,28098756,bootstrap_mean,3.00854110551208,NA,3.00854110551208,0.010556236244951,0.00350875586363452,3.00876439034467,2.98169350087036,3.03480481544215,10 m,0.0012617115566858105,TRUE,0.0531113145717903,2
707_b,7005,24531510,bootstrap_mean,2.9575929527625,NA,2.9575929527625,0.00876573034080064,0.00296380552726606,2.95786077849352,2.93767795319734,2.97639785544327,10 m,0.001047705168503545,TRUE,0.038719902245929916,0
707_c,6062,18370891,bootstrap_mean,2.92310307720437,NA,2.92310307720437,0.00804312283826028,0.00275157003561867,2.92300340320772,2.90230389189806,2.94816510970471,10 m,9.613370524679536e-4,TRUE,0.04586121780664998,2
707_d,6349,20151726,bootstrap_mean,2.93242753560169,NA,2.93242753560169,0.00801158295264645,0.00273206510830373,2.93165419668021,2.91397401825682,2.95425431817456,10 m,9.575673151058751e-4,TRUE,0.04028029991774007,2
708_a,7133,25436278,bootstrap_mean,2.91634633602418,NA,2.91634633602418,0.00800862682445785,0.00274611651076255,2.91650511298584,2.88666572672432,2.93103828883291,10 m,9.572139902074878e-4,TRUE,0.044372562108589975,1
708_b,6327,20012301,bootstrap_mean,2.87246318379244,NA,2.87246318379244,0.00721078248749728,0.00251031328379884,2.87191930797178,2.85621113149138,2.89117910194194,10 m,8.618533524744174e-4,TRUE,0.03496797045055988,1
708_c,7543,28444653,bootstrap_mean,2.773677468593,NA,2.773677468593,0.00866982141442878,0.00312574966361418,2.77446770799798,2.75737994546067,2.79803763461843,10 m,0.0010362418592345258,TRUE,0.040657689157760135,0
708_d,6290,19778905,bootstrap_mean,3.03505547849581,NA,3.03505547849581,0.0804587373994973,0.0265098078007368,3.04371829579234,2.374577368174,3.06650851982708,10 m,0.009616658481080231,TRUE,0.6919311516530797,1
709_a,7137,25464816,bootstrap_mean,2.88636549658462,NA,2.88636549658462,0.0109270406565334,0.00378574392933368,2.8860326936613,2.86563643911675,2.9160619370182,10 m,0.0013060311608048794,TRUE,0.05042549790145001,1
709_b,6453,20817378,bootstrap_mean,2.79857855669973,NA,2.79857855669973,0.141152281129936,0.0504371338056673,2.76836447889317,2.74581052657882,3.47575261232843,10 m,0.016870924467931078,TRUE,0.72994208574961,3
709_c,6590,21710755,bootstrap_mean,2.7848426649863,NA,2.7848426649863,0.160894432352111,0.0577750529231075,2.74647908901379,2.72233984725313,3.44643838965328,10 m,0.019230562862986033,TRUE,0.7240985424001498,4
709_d,6826,23293725,bootstrap_mean,2.78544317863447,NA,2.78544317863447,0.00792154392038959,0.00284390792142205,2.78606831305134,2.75459694705146,2.79827666066452,10 m,9.468055923748571e-4,TRUE,0.04367971361305978,2
710_a,6826,23293725,bootstrap_mean,2.71195495783559,NA,2.71195495783559,0.0813062036033104,0.0299806615033905,2.70262030656417,2.68031445298851,3.378495191998,10 m,0.009717950066304375,TRUE,0.6981807390094903,1
710_b,6549,21441426,bootstrap_mean,2.9923359175518,NA,2.9923359175518,0.340731324739462,0.113868006175668,2.71570526938615,2.69237062171712,3.40609372418893,10 m,0.04072518274250128,TRUE,0.71372310247181,0
710_c,7274,26451901,bootstrap_mean,3.0322335858841,NA,3.0322335858841,0.337156653127788,0.111190857688981,3.28869417151921,2.59330147236314,3.3142453023017,10 m,0.040297927764576455,TRUE,0.7209438299385598,0
710_d,6783,23001153,bootstrap_mean,2.75943790389188,NA,2.75943790389188,0.176902735833584,0.064108250301296,2.71170668054575,2.68962422057611,3.40111214303176,10 m,0.021143921093782422,TRUE,0.7114879224556501,5
711_a,6697,22421556,bootstrap_mean,2.75562120535036,NA,2.75562120535036,0.00881388231659558,0.00319851012159524,2.7566975659963,2.72862336409375,2.77057263862838,10 m,0.001053460430410154,TRUE,0.04194927453462993,1
711_b,6808,23171028,bootstrap_mean,2.73692337697492,NA,2.73692337697492,0.01037728977268,0.00379158943943469,2.73681067216544,2.71405645616532,2.76359646035136,10 m,0.001240323362366034,TRUE,0.04954000418603988,0
711_c,8647,37380981,bootstrap_mean,2.91468032890658,NA,2.91468032890658,0.333964964814606,0.11458030628693,2.66807666477501,2.63851511280847,3.36737906268664,10 m,0.039916448046177125,TRUE,0.7288639498781699,0
711_d,8643,37346403,bootstrap_mean,2.71685441822832,NA,2.71685441822832,0.230686224054444,0.084909306331134,2.63017339427363,2.6127154974287,3.32131360515956,10 m,0.027572277476919545,TRUE,0.7085981077308601,9
712_a,7607,28929421,bootstrap_mean,2.85548124830405,NA,2.85548124830405,0.0126092065255466,0.00441579034463475,2.85512791693888,2.8234629165567,2.88717765575427,10 m,0.0015070884380339225,TRUE,0.06371473919756987,2
712_b,7468,27881778,bootstrap_mean,2.8838024559652,NA,2.8838024559652,0.0826607138991183,0.028663792045857,2.89261795114379,2.20765393595288,2.92555816988668,10 m,0.009879845012023136,TRUE,0.7179042339337998,2
712_c,5808,16863528,bootstrap_mean,3.20195623388369,NA,3.20195623388369,0.24192261437047,0.0755546287017918,3.29834535219699,2.59584125602349,3.3134241821512,10 m,0.028915282994055765,TRUE,0.7175829261277098,10
712_d,3947,7787431,bootstrap_mean,3.01145984779936,NA,3.01145984779936,0.291622755598539,0.0968376702122205,2.85700717151389,2.83735876199994,3.55823827145407,10 m,0.034855586062430555,TRUE,0.72087950945413,16
713_a,8040,32316780,bootstrap_mean,2.72083964755455,NA,2.72083964755455,0.331955558541998,0.122004822607005,2.48193033783084,2.43084013635963,3.17934784108906,10 m,0.039676278059697416,TRUE,0.74850770472943,0
713_b,7281,26502840,bootstrap_mean,2.89162434912788,NA,2.89162434912788,0.219933870201745,0.0760589356179956,2.96851575506538,2.27225210815546,2.99298856326916,10 m,0.026287125382676274,TRUE,0.7207364551137001,8
713_c,6547,21428331,bootstrap_mean,2.79328524105624,NA,2.79328524105624,0.081996181495272,0.029354746980393,2.78357218661684,2.75974158586812,3.46592274524085,10 m,0.00980041819793245,TRUE,0.7061811593727301,2
713_d,7118,25329403,bootstrap_mean,2.97995840458644,NA,2.97995840458644,0.345593308620671,0.115972527699974,2.66429001956939,2.62853939450525,3.35652708785277,10 m,0.04130630096579565,TRUE,0.72798769334752,0
714_a,6726,22616175,bootstrap_mean,3.01066140875047,NA,3.01066140875047,0.00835959085428804,0.00277666257321097,3.01079861089116,2.99081865948928,3.02802097072711,10 m,9.99162215137521e-4,TRUE,0.03720231123782991,0
714_b,6197,19198306,bootstrap_mean,2.85246021896537,NA,2.85246021896537,0.00724387827849503,0.00253951947526984,2.85195453799541,2.83514616137303,2.86874644903081,10 m,8.658090560993236e-4,TRUE,0.033600287657780115,0
714_c,6617,21889036,bootstrap_mean,2.98550052576616,NA,2.98550052576616,0.00883287758966973,0.00295859187209588,2.98462285516529,2.96420289001075,3.00974481294512,10 m,0.0010557307997921884,TRUE,0.04554192293436987,2
714_d,5372,14426506,bootstrap_mean,3.13069619601274,NA,3.13069619601274,0.00650637863358018,0.00207825295915544,3.13074902866268,3.11658887812108,3.14268478247118,10 m,7.776609886017051e-4,TRUE,0.026095904350099897,0
715_a,5823,16950753,bootstrap_mean,2.93074113461892,NA,2.93074113461892,0.00684499207001571,0.00233558398903278,2.9306465200662,2.91534564760234,2.94974922116177,10 m,8.181330352749829e-4,TRUE,0.03440357355942991,0
715_b,6200,19216900,bootstrap_mean,2.8815403798581,NA,2.8815403798581,0.00790973231510466,0.00274496667490538,2.88136178730328,2.8617298170481,2.89709001621561,10 m,9.453938355189857e-4,TRUE,0.03536019916751032,0
715_c,7352,27022276,bootstrap_mean,2.91200538747473,NA,2.91200538747473,0.00852271160580247,0.00292674994437195,2.91127606434007,2.88732345742462,2.92898429090702,10 m,0.0010186588740361381,TRUE,0.04166083348240024,1
715_d,8132,33060646,bootstrap_mean,2.84774605812841,NA,2.84774605812841,0.00735705517179104,0.00258346601895614,2.84738615710886,2.82561684621252,2.86652440448571,10 m,8.793362821776213e-4,TRUE,0.040907558273189704,4
716_a,8331,34698615,bootstrap_mean,2.81457026339499,NA,2.81457026339499,0.206021396074052,0.0731981712282943,2.74688759864794,2.72229719299192,3.43949875798557,10 m,0.02462426667227195,TRUE,0.7172015649936498,7
716_b,8634,37268661,bootstrap_mean,2.80316049836558,NA,2.80316049836558,0.00891861078420798,0.00318162687773608,2.80331745773296,2.77888471815797,2.82025008408493,10 m,0.001065977876480363,TRUE,0.04136536592695972,2
716_c,7955,31637035,bootstrap_mean,2.91374740363383,NA,2.91374740363383,0.114020937940356,0.0391320599027071,2.93097451777177,2.25669078993858,2.95520342909266,10 m,0.01362810870894549,TRUE,0.6985126391540799,2
716_d,7475,27934075,bootstrap_mean,2.90337765871556,NA,2.90337765871556,0.00964229259717915,0.00332106040984171,2.90405515094697,2.8837744445833,2.92345624844321,10 m,0.0011524743971721755,TRUE,0.03968180385991005,0
717_a,6834,23348361,bootstrap_mean,3.03265188867911,NA,3.03265188867911,0.00767624848800919,0.00253120000902993,3.03256261104363,3.00974649527802,3.04864379721238,10 m,9.174871805228465e-4,TRUE,0.038897301934359696,1
717_b,8938,39939453,bootstrap_mean,2.84433684902628,NA,2.84433684902628,0.0106688537361112,0.00375091077548132,2.84324674006209,2.8242872029976,2.87549486345702,10 m,0.001275171921420424,TRUE,0.051207660459419824,2
717_c,7353,27029628,bootstrap_mean,2.76814253400908,NA,2.76814253400908,0.0822037575022391,0.0296963601015096,2.75951749414777,2.72655930539872,3.43969144859506,10 m,0.009825228276146297,TRUE,0.71313214319634,1
717_d,5795,16788115,bootstrap_mean,2.87728700729744,NA,2.87728700729744,0.00701877506964334,0.00243937259364191,2.87653987236469,2.85886197650744,2.89310117747585,10 m,8.389040765720722e-4,TRUE,0.034239200968410266,0
718_a,7356,27051690,bootstrap_mean,2.73183772892363,NA,2.73183772892363,0.00872001638978081,0.00319199647089455,2.73018269307322,2.71086874853644,2.74914603755902,10 m,0.0010422413062930837,TRUE,0.038277289022579986,0
718_b,6853,23478378,bootstrap_mean,2.80843579784856,NA,2.80843579784856,0.24280955694376,0.0864572218919042,2.71214347659655,2.69006957657871,3.40891745296487,10 m,0.02902129290789905,TRUE,0.7188478763861599,10
718_c,7676,29456650,bootstrap_mean,2.71558745207527,NA,2.71558745207527,0.11576747252182,0.0426307289177337,2.69678712219747,2.66997590355878,3.38869247770006,10 m,0.013836859518841255,TRUE,0.7187165741412804,2
718_d,6534,21343311,bootstrap_mean,2.79762568524744,NA,2.79762568524744,0.00901708226326823,0.00322311962991243,2.79705805194466,2.77019629864401,2.81746787510314,10 m,0.0010777474693779913,TRUE,0.04727157645913005,4
719_a,7978,31820253,bootstrap_mean,2.73485888771397,NA,2.73485888771397,0.207816831461257,0.0759881368632397,2.66699816040504,2.63667808759195,3.36385362035875,10 m,0.02483886224637183,TRUE,0.7271755327667999,7
719_b,7914,31311741,bootstrap_mean,3.07439337291444,NA,3.07439337291444,0.328243134652431,0.10676679749061,3.30489904219354,2.60562990240259,3.32748393224221,10 m,0.03923255853541872,TRUE,0.7218540298396201,0
719_c,7082,25073821,bootstrap_mean,3.02149575532033,NA,3.02149575532033,0.343734822124357,0.113763132554166,3.32802130367243,2.64592034695057,3.36160957073531,10 m,0.04108416934275004,TRUE,0.7156892237847403,0
719_d,7262,26364691,bootstrap_mean,2.79540839860856,NA,2.79540839860856,0.289381992031763,0.10352047027397,2.64170082249941,2.61923759117417,3.33554377608696,10 m,0.03458776359025407,TRUE,0.7163061849127899,16
720_a,8448,35680128,bootstrap_mean,2.90204459488062,NA,2.90204459488062,0.344102355319302,0.118572387180514,2.59561520230837,2.55884546538794,3.28425966016668,10 m,0.04112809796169787,TRUE,0.72541419477874,0
720_b,6815,23218705,bootstrap_mean,2.67447120748628,NA,2.67447120748628,0.0104108279359267,0.00389266779421108,2.67549700656713,2.65602386042502,2.70312101626175,10 m,0.0012443319395877325,TRUE,0.04709715583673013,3
720_c,7538,28406953,bootstrap_mean,2.78317952256703,NA,2.78317952256703,0.0115798236090343,0.00416064559082189,2.78268360091991,2.75875470974819,2.81991875167349,10 m,0.0013840536468563646,TRUE,0.061164041925299895,1
720_d,7611,28959855,bootstrap_mean,2.7458665756721,NA,2.7458665756721,0.284339030336795,0.103551655734474,2.60065772133521,2.58123608107323,3.30024830209356,10 m,0.03398501438089374,TRUE,0.7190122210203298,15
721_a,6826,23293725,bootstrap_mean,2.76890606047432,NA,2.76890606047432,0.00960973033540532,0.00347058734587737,2.76987415393736,2.74369239685702,2.78761144385537,10 m,0.0011485824624865037,TRUE,0.04391904699834992,1
721_b,7714,29749041,bootstrap_mean,2.77936476869656,NA,2.77936476869656,0.0116525254018248,0.00419251389132687,2.77768381624776,2.75647240000259,2.80776187254936,10 m,0.0013927431731256751,TRUE,0.051289472546769854,0
721_c,8743,38215653,bootstrap_mean,2.77527319694511,NA,2.77527319694511,0.0112610155724935,0.00405762415926801,2.77572397821051,2.74771429763647,2.79969658653573,10 m,0.0013459487982404356,TRUE,0.051982288899260265,1
721_d,7300,26641350,bootstrap_mean,2.91974109058879,NA,2.91974109058879,0.00978792713238923,0.00335232708267821,2.92005680879353,2.89650581916595,2.94473552001798,10 m,0.0011698810534711958,TRUE,0.04822970085202982,1
722_a,8781,38548590,bootstrap_mean,2.7727035242196,NA,2.7727035242196,0.00963633365591055,0.0034754287906143,2.77371447536273,2.75163185923705,2.7947651283157,10 m,0.001151762167463618,TRUE,0.04313326907864967,0
722_b,8515,36248355,bootstrap_mean,2.85645557374653,NA,2.85645557374653,0.0103451691779789,0.00362168040457573,2.85585945974504,2.83661573851764,2.88242144458214,10 m,0.0012364842169924754,TRUE,0.04580570606449985,0
722_c,9110,41491495,bootstrap_mean,2.77459568645127,NA,2.77459568645127,0.1770151271598,0.0637985303675736,2.72628937877519,2.70058168709262,3.41901901703743,10 m,0.021157354426635862,TRUE,0.7184373299448104,5
722_d,9012,40603566,bootstrap_mean,2.79091620027897,NA,2.79091620027897,0.0133315650558692,0.00477677009955964,2.7918501561336,2.75529967945795,2.82052773221507,10 m,0.0015934267961977542,TRUE,0.06522805275712029,0
723_a,8526,36342075,bootstrap_mean,2.72594055333161,NA,2.72594055333161,0.0112254615214285,0.0041180140585637,2.72568000149729,2.69438799277137,2.74868822599039,10 m,0.0013416992763393733,TRUE,0.05430023321902011,1
723_b,8575,36761025,bootstrap_mean,2.74471703824179,NA,2.74471703824179,0.0140501602392491,0.00511898313869518,2.74483694381383,2.71191512546746,2.78072140943142,10 m,0.0016793153483683093,TRUE,0.06880628396396027,0
723_c,8538,36444453,bootstrap_mean,2.66404261234953,NA,2.66404261234953,0.0819911897301064,0.0307769813253081,2.65468987162216,2.62382282349732,3.33476847833894,10 m,0.00979982156787875,TRUE,0.7109456548416198,2
723_d,7719,29787621,bootstrap_mean,2.70425300182571,NA,2.70425300182571,0.0112775402639553,0.00417029777034233,2.70568340937993,2.67785149394809,2.72648788180902,10 m,0.0013479238766399924,TRUE,0.048636387860930164,0
724_a,8458,35764653,bootstrap_mean,2.79099110039872,NA,2.79099110039872,0.252269474055506,0.0903870578517669,2.68495802575255,2.66284373484176,3.39547512567672,10 m,0.03015196926528813,TRUE,0.73263139083496,11
724_b,9157,41920746,bootstrap_mean,2.58646156288983,NA,2.58646156288983,0.0116597682782931,0.0045079998270942,2.58532307638222,2.56069276150723,2.6202008381958,10 m,0.0013936088624425537,TRUE,0.05950807668856983,1
724_c,8667,37554111,bootstrap_mean,2.78237451930544,NA,2.78237451930544,0.269020652830564,0.0966874340474192,2.65692316487871,2.62992852556278,3.35295377287149,10 m,0.032154118076490566,TRUE,0.7230252473087102,13
724_d,9032,40783996,bootstrap_mean,2.87873128136973,NA,2.87873128136973,0.32736099977834,0.113717109303296,2.6517253231808,2.61877834160017,3.35067382670356,10 m,0.03912712325153821,TRUE,0.7318954851033896,0
8_a,8418,35427153,bootstrap_mean,2.74060738825463,NA,2.74060738825463,0.138480480504299,0.0505291203321507,2.71182996006965,2.69383929136802,3.39287780407386,10 m,0.01655158321331119,TRUE,0.6990385127058398,4
8_b,8849,39147976,bootstrap_mean,2.77316848702625,NA,2.77316848702625,0.0815460487846449,0.0294053712084725,2.76362337969624,2.7421418865202,3.4411101787005,10 m,0.009746617048558575,TRUE,0.6989682921802998,1
8_c,8635,37277295,bootstrap_mean,2.83893043979041,NA,2.83893043979041,0.0123498680542776,0.00435018339342947,2.83968338925649,2.81109673184718,2.86797578913303,10 m,0.0014760915619977469,TRUE,0.05687905728585019,0
8_d,7481,27978940,bootstrap_mean,2.89513761369376,NA,2.89513761369376,0.00775154426066861,0.00267743551256578,2.89517368888863,2.87943295749031,2.91375798348855,10 m,9.264867466872943e-4,TRUE,0.034325025998239944,0
800_a,3976,7902300,bootstrap_mean,2.85455482195701,NA,2.85455482195701,0.346939047981437,0.121538758097343,2.54055857867283,2.50228281793438,3.22517986357928,10 m,0.04146714758426514,TRUE,0.7228970456449,0
800_b,7664,29364616,bootstrap_mean,2.85006548932428,NA,2.85006548932428,0.00931946531702179,0.00326991269215759,2.85059865353405,2.81801111793802,2.86787567801852,10 m,0.0011138891570604068,TRUE,0.04986456008050011,1
800_c,6238,19453203,bootstrap_mean,2.84567109378337,NA,2.84567109378337,0.00832041666839577,0.00292388557713942,2.84443639731154,2.82403646117942,2.86226809883061,10 m,9.944800043649384e-4,TRUE,0.0382316376511902,1
800_d,6441,20740020,bootstrap_mean,3.00605234012424,NA,3.00605234012424,0.31661412767106,0.105325553865098,2.80585731532566,2.77964970269747,3.49626988995607,10 m,0.037842626351190324,TRUE,0.7166201872586,0
801_a,7074,25017201,bootstrap_mean,2.99755839091314,NA,2.99755839091314,0.310825499424266,0.103692892310791,3.18579239248658,2.48866975838251,3.21940909803151,10 m,0.03715075294225338,TRUE,0.7307393396490003,0
801_b,3467,6008311,bootstrap_mean,2.94007401606151,NA,2.94007401606151,0.00712602154149682,0.00242375583150888,2.93971928139368,2.92215782396137,2.95568264968344,10 m,8.517224817130176e-4,TRUE,0.03352482572206972,2
801_c,8398,35259003,bootstrap_mean,2.85335837656224,NA,2.85335837656224,0.325164846943509,0.113958642424465,2.63309694862885,2.61244180305335,3.33545148004856,10 m,0.03886463278167212,TRUE,0.7230096769952099,0
801_d,5482,15023421,bootstrap_mean,3.15426237748168,NA,3.15426237748168,0.341863964973588,0.108381587852095,2.85285971036623,2.82804647344808,3.55050056028212,10 m,0.04086055914369235,TRUE,0.7224540868340399,0
802_a,6289,19772616,bootstrap_mean,2.83250735538839,NA,2.83250735538839,0.00846382418541533,0.00298810316213805,2.83254842274948,2.81148515843522,2.85239126237314,10 m,0.0010116204810784772,TRUE,0.04090610393792016,7
802_b,6389,20406466,bootstrap_mean,2.711255437271,NA,2.711255437271,0.00881726757928682,0.00325209770281247,2.71153657166762,2.69347583583844,2.7291356386444,10 m,0.0010538650466920222,TRUE,0.03565980280595982,0
802_c,5681,16134040,bootstrap_mean,3.18996850726388,NA,3.18996850726388,0.0115607537367051,0.00362409651079003,3.18914337386795,3.16123929278307,3.2189004058583,10 m,0.001381774361157943,TRUE,0.05766111307523003,0
802_d,4139,8563591,bootstrap_mean,3.00117939870256,NA,3.00117939870256,0.00800364130972567,0.00266683201716822,3.00097384321299,2.98477826842227,3.01944198742048,10 m,9.566181072234716e-4,TRUE,0.03466371899820997,0
803_a,6745,22744140,bootstrap_mean,2.85785812454564,NA,2.85785812454564,0.00996897297183126,0.0034882672747851,2.85758467679977,2.83946517136231,2.88206305346501,10 m,0.0011915201701614036,TRUE,0.04259788210269999,0
803_b,6839,23382541,bootstrap_mean,3.03205674073088,NA,3.03205674073088,0.011472420819551,0.00378370914549099,3.03330245699618,2.99889765760665,3.05474879461786,10 m,0.0013712165581850886,TRUE,0.05585113701121003,1
803_c,7870,30964515,bootstrap_mean,2.90834610773169,NA,2.90834610773169,0.0136573452448525,0.00469591470167361,2.90994537540635,2.86761720687168,2.93887432962583,10 m,0.0016323649764204747,TRUE,0.07125712275415008,1
803_d,8033,32260528,bootstrap_mean,2.85085739911816,NA,2.85085739911816,0.0106778007827248,0.0037454699719557,2.85086782576078,2.82839682693918,2.88633380844245,10 m,0.0012762412980285862,TRUE,0.05793698150326998,2
804_a,7805,30455110,bootstrap_mean,3.3924161354981,NA,3.3924161354981,0.207321971062072,0.0611133666334927,3.46035171876847,2.76330759253674,3.49388988447672,10 m,0.024779715115698573,TRUE,0.7305822919399803,8
804_b,8663,37519453,bootstrap_mean,2.81135880218214,NA,2.81135880218214,0.1599389545264,0.0568902675824436,2.77223665686283,2.75770971923713,3.47144488907024,10 m,0.01911636141969859,TRUE,0.71373516983311,4
804_c,7614,28982691,bootstrap_mean,2.86005992320586,NA,2.86005992320586,0.00827715221646971,0.00289404853000136,2.86079730868548,2.84599965213956,2.88372171894647,10 m,9.893089132940185e-4,TRUE,0.037722066806909815,1
804_d,8833,39006528,bootstrap_mean,2.29882369908563,NA,2.29882369908563,0.156098437475764,0.0679036141561674,2.26079306163602,2.2135983522655,2.93933384737953,10 m,0.01865733183434292,TRUE,0.72573549511403,6
805_a,7422,27539331,bootstrap_mean,2.85886075568474,NA,2.85886075568474,0.00972621077095917,0.00340212819096521,2.85839765361049,2.83696933568372,2.88026565197186,10 m,0.0011625045373866729,TRUE,0.043296316288140346,0
805_b,7273,26444628,bootstrap_mean,2.79873622286048,NA,2.79873622286048,0.0827997165813077,0.0295846803657264,2.78860100920358,2.76886804365996,3.47855022274221,10 m,0.009896459010275834,TRUE,0.7096821790822498,1
805_c,7331,26868115,bootstrap_mean,2.79473896566085,NA,2.79473896566085,0.00997765196665063,0.00357015524141851,2.79496840209701,2.76257639653831,2.81467984247423,10 m,0.001192557508452241,TRUE,0.05210344593591998,1
805_d,7326,26831475,bootstrap_mean,2.89479404721999,NA,2.89479404721999,0.00966966960240968,0.00334036530567552,2.89419156532909,2.87461383781364,2.9203477889894,10 m,0.001155746575161118,TRUE,0.04573395117576018,0
806_a,7923,31383003,bootstrap_mean,2.86230460796141,NA,2.86230460796141,0.00811744382045214,0.00283598181614693,2.86344959582424,2.83856361506231,2.88577042248177,10 m,9.702201088869079e-4,TRUE,0.04720680741945982,2
806_b,6669,22234446,bootstrap_mean,2.94135138177261,NA,2.94135138177261,0.00669500511396548,0.00227616637558302,2.94172154133951,2.92347733749526,2.95705439592264,10 m,8.002061651851614e-4,TRUE,0.03357705842738001,0
806_c,8434,35561961,bootstrap_mean,2.80312342565449,NA,2.80312342565449,0.11585129620778,0.0413293596519856,2.78340629346998,2.75808422578806,3.47657320915468,10 m,0.01384687836560118,TRUE,0.7184889833666199,2
806_d,7413,27472578,bootstrap_mean,2.80865393052107,NA,2.80865393052107,0.00956962578008851,0.00340719291760987,2.80824102856791,2.78167410064969,2.82905490077246,10 m,0.001143789051298575,TRUE,0.047380800122769795,1
807_a,8519,36282421,bootstrap_mean,2.84847023248138,NA,2.84847023248138,0.297249937309248,0.104354236853058,2.68625937872377,2.66156091216663,3.38443188966503,10 m,0.035528162919486815,TRUE,0.7228709774983999,17
807_b,8656,37458840,bootstrap_mean,2.76589653681663,NA,2.76589653681663,0.00912218765850871,0.00329809432026252,2.76674653514578,2.74455542285391,2.78462436203576,10 m,0.0010903099669166733,TRUE,0.04006893918184984,0
807_c,8272,34208856,bootstrap_mean,2.89045261996482,NA,2.89045261996482,0.00858981529324112,0.0029717889973044,2.89027787605537,2.87292611945203,2.91063965958412,10 m,0.001026679298737989,TRUE,0.03771354013208983,0
807_d,7866,30933045,bootstrap_mean,2.83168862735412,NA,2.83168862735412,0.00821943961928491,0.00290266364030463,2.83187499988869,2.80980187188745,2.85700661082019,10 m,9.82410938566592e-4,TRUE,0.04720473893274013,2
808_a,8422,35460831,bootstrap_mean,2.95765052066209,NA,2.95765052066209,0.00949459514521254,0.00321018155420442,2.95761858414923,2.93852442135771,2.97882507174448,10 m,0.001134821175160547,TRUE,0.04030065038677,0
808_b,6949,24140826,bootstrap_mean,2.97386958888597,NA,2.97386958888597,0.00757000922162677,0.00254550813186887,2.97314895125215,2.9558257304508,2.98737084312568,10 m,9.0478915946135e-4,TRUE,0.03154511267487958,0
808_c,6658,22161153,bootstrap_mean,2.98651779646598,NA,2.98651779646598,0.00890175152795187,0.00298064573346442,2.9870517811432,2.96329076301796,3.0086333315869,10 m,0.0010639628099394227,TRUE,0.0453425685689397,1
808_d,7057,24897096,bootstrap_mean,3.0268377477184,NA,3.0268377477184,0.113744501282516,0.0375786582443196,3.04495920465598,2.37037884847536,3.06904328608493,10 m,0.013595068208733574,TRUE,0.6986644376095703,2
809_a,6919,23932821,bootstrap_mean,2.79535308957542,NA,2.79535308957542,0.00818248201652066,0.00292717297397427,2.79607850432916,2.77930206540799,2.81005498634605,10 m,9.779936601509672e-4,TRUE,0.030752920938060146,0
809_b,7581,28731990,bootstrap_mean,2.90281159416626,NA,2.90281159416626,0.00832678516043299,0.00286852414988531,2.90239999622119,2.88729978659286,2.92679531638002,10 m,9.952411847530588e-4,TRUE,0.03949552978716042,3
809_c,8868,39316278,bootstrap_mean,2.71653909228462,NA,2.71653909228462,0.113752929719704,0.0418742104771396,2.69772277921607,2.67148205343013,3.38331870875396,10 m,0.013596075599659481,TRUE,0.7118366553238302,3
809_d,7544,28452196,bootstrap_mean,2.8634290397669,NA,2.8634290397669,0.00884611341003871,0.0030893426333201,2.86345477121154,2.84615657100971,2.88637053304609,10 m,0.0010573127829094898,TRUE,0.04021396203637995,1
810_a,6253,19546878,bootstrap_mean,2.90100262145047,NA,2.90100262145047,0.00916289663919477,0.00315852752818728,2.90128261630794,2.87167517215398,2.92271130700576,10 m,0.0010951756207539555,TRUE,0.051036134851779824,2
810_b,7992,31932036,bootstrap_mean,2.86015964495084,NA,2.86015964495084,0.303025198933881,0.105946952810423,2.68696821160951,2.65907308198872,3.38646854038283,10 m,0.03621843871150206,TRUE,0.7273954583941098,0
810_c,7388,27287578,bootstrap_mean,2.79967908925381,NA,2.79967908925381,0.0825883652121452,0.0294992256538078,2.7894054282711,2.76969994619629,3.47744667796892,10 m,0.009871197689971332,TRUE,0.7077467317726303,2
810_d,6560,21513520,bootstrap_mean,2.90507287575883,NA,2.90507287575883,0.00676990221431145,0.00233037259436843,2.90504737192901,2.88707539092962,2.92431894137941,10 m,8.091580808941306e-4,TRUE,0.037243550449789886,1
811_a,6181,19099290,bootstrap_mean,2.83027305192285,NA,2.83027305192285,0.00911572623173775,0.00322079391793829,2.83045092078922,2.81452994511213,2.85047017468263,10 m,0.0010895376787032963,TRUE,0.035940229570500026,0
811_b,5857,17149296,bootstrap_mean,2.79761155504886,NA,2.79761155504886,0.00614819452898709,0.0021976583982474,2.79705513146877,2.78275123010124,2.81183051383522,10 m,7.348497996798567e-4,TRUE,0.029079283733980166,0
811_c,7466,27866845,bootstrap_mean,2.94009115439773,NA,2.94009115439773,0.0129124154602822,0.0043918418791091,2.938910200552,2.91597258251127,2.97982637148995,10 m,0.0015433288373741018,TRUE,0.0638537889786801,2
811_d,5814,16898391,bootstrap_mean,2.87635650836106,NA,2.87635650836106,0.0104771039713937,0.00364249144392867,2.87563912348555,2.85422973919972,2.90109302644368,10 m,0.0012522534409580744,TRUE,0.04686328724396027,0
812_a,6605,21809710,bootstrap_mean,2.92719370801829,NA,2.92719370801829,0.00730328680399751,0.00249497899096737,2.92628309024469,2.91426670192386,2.94572293999635,10 m,8.729097330312172e-4,TRUE,0.031456238072490095,0
812_b,5040,12698280,bootstrap_mean,3.20596762458806,NA,3.20596762458806,0.3365870746758,0.104987671146258,3.4653567067459,2.77064922120111,3.48325969627062,10 m,0.040229850118468816,TRUE,0.7126104750695101,0
812_c,8376,35074500,bootstrap_mean,3.20730590175299,NA,3.20730590175299,0.0814800314219082,0.0254045089298699,3.218192662716,2.54033176187095,3.23876546126037,10 m,0.009738726464493003,TRUE,0.6984336993894198,2
812_d,6347,20139031,bootstrap_mean,2.85671656802723,NA,2.85671656802723,0.00976696065039106,0.00341894633850073,2.85760864497631,2.82875780529173,2.87741141227607,10 m,0.001167375079559065,TRUE,0.04865360698433996,0
813_a,7938,31501953,bootstrap_mean,2.78650923013721,NA,2.78650923013721,0.0822098167970542,0.0295027972302845,2.77698158668669,2.75261206335632,3.46054280473434,10 m,0.009825952500397837,TRUE,0.70793074137802,2
813_b,6973,24307878,bootstrap_mean,2.81290034787344,NA,2.81290034787344,0.00885608539681798,0.00314838220398145,2.81215713358359,2.79428556867438,2.83191328337518,10 m,0.0010585046632985385,TRUE,0.03762771470079995,0
813_c,5756,16562890,bootstrap_mean,2.90213878766911,NA,2.90213878766911,0.00788292380332203,0.00271624632040885,2.90388338969067,2.88210688481048,2.91655951394659,10 m,9.42189605493358e-4,TRUE,0.03445262913611025,0
813_d,7828,30634878,bootstrap_mean,2.82566387704205,NA,2.82566387704205,0.0808222145620793,0.0286029117683612,2.81754508317074,2.79292662939628,3.48865593993575,10 m,0.009660102311436002,TRUE,0.6957293105394702,3
814_a,7018,24622653,bootstrap_mean,2.89696928678525,NA,2.89696928678525,0.00835409007083838,0.00288373442857893,2.89674370039167,2.87243795162908,2.91618825203117,10 m,9.985047457622422e-4,TRUE,0.04375030040209005,1
814_b,5836,17026530,bootstrap_mean,3.02648835528287,NA,3.02648835528287,0.00802822521403389,0.0026526535943944,3.02607662445996,3.0059206109867,3.04478289108448,10 m,9.59556445799304e-4,TRUE,0.03886228009778003,1
814_c,5031,12652965,bootstrap_mean,3.02107794126157,NA,3.02107794126157,0.00749708720914199,0.00248159344277337,3.02100533440892,3.00437712358036,3.03832459501194,10 m,8.96073311904145e-4,TRUE,0.033947471431579945,0
814_d,5461,14908530,bootstrap_mean,2.99525583713889,NA,2.99525583713889,0.00741352521153762,0.0024750891458471,2.99500541482694,2.97603456766138,3.01230665689181,10 m,8.860857428851576e-4,TRUE,0.036272089230430016,0
815_a,6687,22354641,bootstrap_mean,2.98722135696421,NA,2.98722135696421,0.00865560942330229,0.00289754537377124,2.9881349634858,2.96470379592028,3.00259428019066,10 m,0.001034543201395527,TRUE,0.03789048427038022,0
815_b,4258,9063153,bootstrap_mean,2.99172565927585,NA,2.99172565927585,0.007529010115344,0.00251661113778942,2.99264709651483,2.97644194936409,3.00773531130639,10 m,8.998888289827191e-4,TRUE,0.031293361942299924,0
815_c,5804,16840306,bootstrap_mean,2.84828399756772,NA,2.84828399756772,0.00776708555766888,0.0027269350824221,2.84805621986824,2.82758356851031,2.87684742959361,10 m,9.283442869673828e-4,TRUE,0.04926386108330005,2
815_d,7755,30066135,bootstrap_mean,2.91682323892865,NA,2.91682323892865,0.00970832826687366,0.00332839101708458,2.91607434080429,2.89815516304981,2.94166421179641,10 m,0.001160367169337719,TRUE,0.04350904874659989,1
816_a,7028,24692878,bootstrap_mean,2.80614257837755,NA,2.80614257837755,0.00780848102314706,0.00278263873094494,2.80729740557803,2.78685177845167,2.82739301527558,10 m,9.332919914310063e-4,TRUE,0.040541236823909976,1
816_b,8125,33003750,bootstrap_mean,2.80373305978497,NA,2.80373305978497,0.205943446747924,0.0734533004235855,2.73828746016516,2.70690946976942,3.43879005304372,10 m,0.024614949945805296,TRUE,0.7318805832743003,8
816_c,6132,18797646,bootstrap_mean,2.87532274668948,NA,2.87532274668948,0.00751333561172549,0.00261304078659553,2.87426458941387,2.85777100468006,2.8950789908036,10 m,8.980153674665233e-4,TRUE,0.037307986123539916,0
816_d,6882,23677521,bootstrap_mean,2.88368307716032,NA,2.88368307716032,0.00812529831563969,0.002817680756944,2.88468892612295,2.86698878280166,2.89964535994642,10 m,9.711589006229117e-4,TRUE,0.03265657714475978,0
817_a,4347,9446031,bootstrap_mean,3.0601316436576,NA,3.0601316436576,0.00777581559922243,0.00254100689273892,3.06008376716917,3.04617390305166,3.07364311088811,10 m,9.293877265099309e-4,TRUE,0.027469207836449794,0
817_b,5144,13227796,bootstrap_mean,2.99294260509429,NA,2.99294260509429,0.00681559873487538,0.00227722333307513,2.9927233930895,2.97673014875402,3.00732121248897,10 m,8.146198597666353e-4,TRUE,0.03059106373495002,0
817_c,6494,21082771,bootstrap_mean,2.99068241604828,NA,2.99068241604828,0.00738352529159726,0.00246884298111246,2.99144319686653,2.97702556226583,3.00817196514541,10 m,8.825000666261117e-4,TRUE,0.031146402879580037,0
817_d,7337,26912116,bootstrap_mean,3.05320363585462,NA,3.05320363585462,0.00679281269766457,0.00222481482004498,3.05313288724078,3.03598709207649,3.06761985636565,10 m,8.118964074098634e-4,TRUE,0.031632764289160065,1
818_a,8266,34159245,bootstrap_mean,2.90409538768107,NA,2.90409538768107,0.00938722911849548,0.00323241073909464,2.90453237356646,2.88047487534453,2.92891769837572,10 m,0.0011219884804802677,TRUE,0.04844282303118996,0
818_b,8147,33182731,bootstrap_mean,2.76365391873809,NA,2.76365391873809,0.010051531649725,0.00363704427011419,2.76463950958425,2.73462665985313,2.78234087530651,10 m,0.0012013878195381456,TRUE,0.04771421545338006,2
818_c,6211,19285155,bootstrap_mean,2.76906705915318,NA,2.76906705915318,0.00988927926887797,0.00357133975365055,2.76933332066885,2.74563984504683,2.78878446911153,10 m,0.0011819949507860465,TRUE,0.04314462406470021,0
818_d,6186,19130205,bootstrap_mean,2.89744257480546,NA,2.89744257480546,0.00930071732406429,0.00320997468765667,2.89712043639646,2.88100671425973,2.91744274081142,10 m,0.0011116483433053664,TRUE,0.03643602655168987,0
819_a,5725,16384950,bootstrap_mean,2.67031141460263,NA,2.67031141460263,0.159732054624886,0.0598177627341102,2.7081970546566,2.01512748827831,2.72682617503042,10 m,0.019091632151542786,TRUE,0.71169868675211,4
819_b,6437,20714266,bootstrap_mean,2.9045950665722,NA,2.9045950665722,0.00814686034075857,0.00280481793641994,2.90548113282517,2.88222730091451,2.92100589043654,10 m,9.737360555526389e-4,TRUE,0.03877858952203006,1
819_c,8508,36188778,bootstrap_mean,3.11933796725208,NA,3.11933796725208,0.29143478899178,0.0934284107882398,3.27410106041997,2.57247208060441,3.29659143057903,10 m,0.03483311975583076,TRUE,0.7241193499746199,16
819_d,7992,31932036,bootstrap_mean,2.67379131746565,NA,2.67379131746565,0.0813061946453486,0.0304085790518666,2.66382048650176,2.63723561944857,3.33909341492332,10 m,0.009717948995623154,TRUE,0.7018577954747496,5
820_a,7467,27874311,bootstrap_mean,2.6950818572674198,NA,2.6950818572674198,0.220860802490768,0.081949571177293,2.61951111247021,2.5931933178576,3.3167534043606,10 m,0.026397914981751883,TRUE,0.7235600865029999,8
820_b,6557,21493846,bootstrap_mean,2.8044651766266,NA,2.8044651766266,0.288697803070648,0.102942195708742,2.65088436146918,2.63013699905397,3.34493958370574,10 m,0.034505987368202526,TRUE,0.7148025846517698,16
820_c,7866,30933045,bootstrap_mean,2.63309808465829,NA,2.63309808465829,0.00992145054145632,0.0037679760580373,2.63308974973403,2.60459925856602,2.65672996698092,10 m,0.0011858401533244806,TRUE,0.052130708414900084,1
820_d,8078,32623003,bootstrap_mean,2.86934080198595,NA,2.86934080198595,0.328698825715024,0.114555519333055,2.63981703167152,2.60944922526049,3.33621330330814,10 m,0.03928702403492164,TRUE,0.7267640780476499,0
821_a,6874,23622501,bootstrap_mean,2.75638454281741,NA,2.75638454281741,0.0101432248070253,0.00367990193293475,2.75610101415712,2.73266995237364,2.77906048359678,10 m,0.0012123472480266972,TRUE,0.04639053122313985,0
821_b,7231,26140065,bootstrap_mean,2.68986695168315,NA,2.68986695168315,0.0835568387741258,0.0310635582632967,2.68034357862704,2.65681781306934,3.37360663626891,10 m,0.009986952420837652,TRUE,0.71678882319957,1
821_c,8064,32510016,bootstrap_mean,2.84432826831718,NA,2.84432826831718,0.010516818057351,0.00369746986467676,2.84594078205924,2.81730868437495,2.8681559146696,10 m,0.0012570001821310475,TRUE,0.05084723029464966,0
821_d,7565,28610830,bootstrap_mean,2.8616848780616,NA,2.8616848780616,0.0101542498308255,0.00354834660820642,2.86165451107555,2.8387109643471,2.88840117245029,10 m,0.0012136649904131564,TRUE,0.04969020810319025,2
822_a,7516,28241370,bootstrap_mean,2.81781972159668,NA,2.81781972159668,0.0112836718089247,0.00400439805373032,2.81601199813687,2.79201715957169,2.8434667702218,10 m,0.001348656736436677,TRUE,0.05144961065010989,0
822_b,8286,34324755,bootstrap_mean,2.83418208595022,NA,2.83418208595022,0.0822475139778755,0.0290198411688501,2.8423303939364,2.16395332025598,2.87217677298979,10 m,0.009830458175298724,TRUE,0.7082234527338098,1
822_c,8993,40432528,bootstrap_mean,2.73882668663113,NA,2.73882668663113,0.114242145748433,0.0417120755782309,2.72008618575172,2.69912577015827,3.40614094779236,10 m,0.013654548099027669,TRUE,0.7070151776340898,2
822_d,7498,28106253,bootstrap_mean,2.86565385129138,NA,2.86565385129138,0.010509167634789,0.00366728438958289,2.86498277468627,2.84335424215161,2.89288909949066,10 m,0.0012560857817390876,TRUE,0.04953485733904994,1
823_a,8478,35934003,bootstrap_mean,2.79488637311047,NA,2.79488637311047,0.00934812972782239,0.00334472621776702,2.7951120110069,2.77498533789892,2.81515930019592,10 m,0.0011173152094462657,TRUE,0.0401739622970001,0
823_b,8568,36701028,bootstrap_mean,2.71040651735846,NA,2.71040651735846,0.0115806745522915,0.00427267071493686,2.71266491162744,2.67904739523359,2.73383539055889,10 m,0.0013841553540289572,TRUE,0.0547879953253001,0
823_c,7938,31501953,bootstrap_mean,2.68375098954151,NA,2.68375098954151,0.160712081376096,0.05988338038901,2.64497674970672,2.61990148621618,3.33573292955442,10 m,0.01920876775263871,TRUE,0.71583144333824,4
823_d,8480,35950960,bootstrap_mean,2.69901648077516,NA,2.69901648077516,0.00931612670764739,0.00345167462814892,2.69882843117564,2.67819179006768,2.72184165711768,10 m,0.0011134901169164392,TRUE,0.043649867049999624,0
824_a,7730,29872585,bootstrap_mean,2.84014200866715,NA,2.84014200866715,0.0102918753771683,0.00362371858370497,2.83966300894656,2.81957386674772,2.86822044411493,10 m,0.0012301143894495755,TRUE,0.04864657736721023,1
824_b,8511,36214305,bootstrap_mean,2.64808698823559,NA,2.64808698823559,0.159999383947954,0.0604207432228507,2.61025688228261,2.58814483503204,3.30031866394679,10 m,0.019123584117047274,TRUE,0.7121738289147497,4
824_c,8659,37484811,bootstrap_mean,2.80466914181311,NA,2.80466914181311,0.0124408268203766,0.00443575558874444,2.80536846824266,2.77952363911355,2.83654437702871,10 m,0.001486963213948875,TRUE,0.05702073791516016,0
824_d,8864,39280816,bootstrap_mean,2.73978562256685,NA,2.73978562256685,0.115968770265679,0.0423276804252409,2.72057036317339,2.69352643448878,3.41234080946017,10 m,0.01386091920108673,TRUE,0.71881437497139,2
9_a,8790,38627655,bootstrap_mean,2.93963221118558,NA,2.93963221118558,0.0123986282631067,0.00421774813050721,2.93959592616826,2.9154449801843,2.97008642046909,10 m,0.0014819195216567128,TRUE,0.05464144028479012,3
9_b,8946,40010985,bootstrap_mean,2.93151658285243,NA,2.93151658285243,0.00935480726174838,0.00319111524610445,2.93119964842029,2.9125635475907,2.9592955746672,10 m,0.0011181133274050803,TRUE,0.04673202707650015,1
9_c,9118,41564403,bootstrap_mean,2.81977898647868,NA,2.81977898647868,0.0119499241685135,0.00423789390083954,2.82104361756205,2.79085718660315,2.85021573352886,10 m,0.0014282891245583852,TRUE,0.05935854692570963,1
9_d,9244,42721146,bootstrap_mean,2.8128574698224,NA,2.8128574698224,0.0110970628710056,0.00394512092776114,2.81406825670948,2.78242632757381,2.83958283994133,10 m,0.0013263527023008358,TRUE,0.05715651236751995,1
900_a,4466,9970345,bootstrap_mean,2.90815029711118,NA,2.90815029711118,0.0077889865524784,0.00267833012627154,2.90899198202657,2.89353967744324,2.92195291552159,10 m,9.309619565243051e-4,TRUE,0.02841323807835039,0
900_b,2842,4037061,bootstrap_mean,3.03261135870161,NA,3.03261135870161,0.290934899262594,0.0959354380929166,3.18776478037189,2.49248033878131,3.20840900813763,10 m,0.034773371505247216,TRUE,0.71592866935632,16
900_c,4996,12477510,bootstrap_mean,3.09586306157801,NA,3.09586306157801,0.0078134070301715,0.00252382191161546,3.09572728434521,3.07805283699571,3.11201486383911,10 m,9.338807618835457e-4,TRUE,0.03396202684339977,0
900_d,6369,20278896,bootstrap_mean,2.97675120579494,NA,2.97675120579494,0.00769065443189751,0.00258357313064184,2.97715346474844,2.95115656312085,2.993465833711,10 m,9.192090201508252e-4,TRUE,0.04230927059014977,2
901_a,3711,6883905,bootstrap_mean,3.04711314612215,NA,3.04711314612215,0.176777985525694,0.0580149069130129,3.09584072151337,2.40856641261699,3.11383526977349,10 m,0.02112901058008108,TRUE,0.7052688571565002,5
901_b,6703,22461753,bootstrap_mean,2.92367456044219,NA,2.92367456044219,0.138346565824127,0.0473194136228361,2.95216983834452,2.27240009415191,2.96800495327346,10 m,0.016535577347616046,TRUE,0.6956048591215498,3
901_c,7136,25457680,bootstrap_mean,2.9433983628028,NA,2.9433983628028,0.0100218200891125,0.00340484666151999,2.94426502712382,2.91281953590795,2.96573200863978,10 m,0.001197836608810942,TRUE,0.052912472731830196,1
901_d,5789,16753366,bootstrap_mean,2.89473795012806,NA,2.89473795012806,0.00620907589067457,0.00214495266847898,2.89459194149645,2.87985675300675,2.90645444094258,10 m,7.421265142062678e-4,TRUE,0.02659768793582984,0
902_a,6772,22926606,bootstrap_mean,2.85795513165807,NA,2.85795513165807,0.00925002490239234,0.00323658856639427,2.8569857717214,2.83629549540772,2.87958646604519,10 m,0.0011055894400394907,TRUE,0.04329097063747023,0
902_b,7603,28899003,bootstrap_mean,2.88573997153073,NA,2.88573997153073,0.00910671270993347,0.00315576344361437,2.88638318830824,2.85453037460037,2.90529964629184,10 m,0.001088460356790163,TRUE,0.05076927169147005,2
902_c,6609,21836136,bootstrap_mean,2.77502960705403,NA,2.77502960705403,0.00866257161651854,0.0031216141242236,2.77508413366018,2.75712749639982,2.80146552871089,10 m,0.0010353753426471045,TRUE,0.04433803231107003,1
902_d,6375,20317125,bootstrap_mean,2.86881453296927,NA,2.86881453296927,0.00978129426066202,0.00340952478741741,2.86886892193041,2.84663431371081,2.89312960975734,10 m,0.001169088273666155,TRUE,0.04649529604652969,4
903_a,7022,24650731,bootstrap_mean,2.85346629204337,NA,2.85346629204337,0.00758510806063581,0.00265820839790054,2.85468181667308,2.83413808792289,2.86583564377174,10 m,9.065938158964839e-4,TRUE,0.03169755584884992,0
903_b,5428,14728878,bootstrap_mean,2.81912441663264,NA,2.81912441663264,0.00734644694682313,0.00260593214810939,2.81892641052168,2.7977245068356,2.83629274483385,10 m,8.780683567800312e-4,TRUE,0.038568237998250154,1
903_c,6925,23974350,bootstrap_mean,2.82781214585096,NA,2.82781214585096,0.0096444179058437,0.00341055820132687,2.8277592644883,2.79724800594571,2.85095741626357,10 m,0.001152728420144129,TRUE,0.05370941031786014,1
903_d,6377,20329876,bootstrap_mean,2.82035832034156,NA,2.82035832034156,0.00879467919520785,0.00311828434414772,2.81953729753322,2.79591351904409,2.84128770346857,10 m,0.0010511652184030402,TRUE,0.045374184424479935,1
904_a,6459,20856111,bootstrap_mean,2.78379687102427,NA,2.78379687102427,0.00890694737550477,0.00319956799586011,2.78423996732051,2.75798250550379,2.80656726834137,10 m,0.0010645838325039193,TRUE,0.04858476283757973,2
904_b,8363,34965703,bootstrap_mean,3.00319760609871,NA,3.00319760609871,0.0110913069081559,0.00369316587281248,3.00218598897025,2.97186111836361,3.03181028395332,10 m,0.001325664733153613,TRUE,0.059949165589709974,4
904_c,8351,34865425,bootstrap_mean,2.73478462954801,NA,2.73478462954801,0.0101954794644564,0.00372807399686952,2.73378471762628,2.71097921864597,2.76002333151561,10 m,0.0012185928741799592,TRUE,0.049044112869640166,0
904_d,8020,32156190,bootstrap_mean,2.77727122422696,NA,2.77727122422696,0.00956746997129658,0.00344491740231805,2.77718125721055,2.75782992242917,2.7993152681389,10 m,0.0011435313828641381,TRUE,0.04148534570972995,0
905_a,8028,32220378,bootstrap_mean,2.82259542538884,NA,2.82259542538884,0.00872103294792931,0.00308972120817772,2.82226616571252,2.80443468086112,2.84194436740041,10 m,0.0010423628082312977,TRUE,0.03750968653928988,0
905_b,6011,18063055,bootstrap_mean,2.93569629653042,NA,2.93569629653042,0.0093338206865232,0.00317942312273734,2.93514773787837,2.91024575223958,2.96402530324759,10 m,0.001115604951892972,TRUE,0.05377955100800991,2
905_c,5841,17055720,bootstrap_mean,3.17296047611135,NA,3.17296047611135,0.261867400121815,0.0825309366736107,3.28732527494035,2.5805008430562,3.31470179753013,10 m,0.03129914084776101,TRUE,0.7342009544739296,12
905_d,7487,28023841,bootstrap_mean,2.98128437330229,NA,2.98128437330229,0.268806258664481,0.0901645817727652,3.10471887346539,2.4045231029909,3.14301793039075,10 m,0.03212849307239289,TRUE,0.7384948273998502,13
906_a,8052,32413326,bootstrap_mean,2.91005589830801,NA,2.91005589830801,0.0112497860901406,0.00386583161398432,2.91067064395086,2.88553484574929,2.94522565816556,10 m,0.0013446066183828154,TRUE,0.059690812416270056,1
906_b,7650,29257425,bootstrap_mean,2.8811142017195,NA,2.8811142017195,0.00864064775846698,0.00299906465120685,2.88242270672849,2.86280262773985,2.90087318249271,10 m,0.0010327549404100834,TRUE,0.03807055475285992,0
906_c,8091,32728095,bootstrap_mean,2.78207696340951,NA,2.78207696340951,0.00989684342660952,0.00355735788649092,2.7830349785567,2.75287101835446,2.80243050446286,10 m,0.001182899040558673,TRUE,0.04955948610840011,1
906_d,8957,40109446,bootstrap_mean,2.77516895627139,NA,2.77516895627139,0.0116044665674738,0.00418153516067906,2.77358789928414,2.74699258256119,2.80903147100444,10 m,0.0013869990437509175,TRUE,0.062038888443249895,1
907_a,7866,30933045,bootstrap_mean,2.80111657648744,NA,2.80111657648744,0.00901814125307618,0.0032194808772953,2.80124323330351,2.78225925836411,2.81814775569412,10 m,0.0010778740428695368,TRUE,0.03588849733000998,0
907_b,7261,26357430,bootstrap_mean,2.86265726572028,NA,2.86265726572028,0.282812157886204,0.0987935794035913,2.72006467635283,2.69245574917336,3.4222073543219,10 m,0.03380251821731866,TRUE,0.72975160514854,15
907_c,7049,24840676,bootstrap_mean,2.76427262771838,NA,2.76427262771838,0.00858844169344929,0.00310694452035223,2.76407815451144,2.74343366927055,2.78460702987561,10 m,0.001026515122161092,TRUE,0.04117336060505972,2
907_d,8068,32542278,bootstrap_mean,2.80138315700013,NA,2.80138315700013,0.275569331640515,0.09836902565503,2.66647954903114,2.64169406181394,3.36559933586948,10 m,0.032936834903190104,TRUE,0.7239052740555398,14
908_a,7356,27051690,bootstrap_mean,2.70373492124184,NA,2.70373492124184,0.0832329088251675,0.0307844190535284,2.69269269449481,2.67645247665658,3.3866158347089,10 m,0.009948235386596133,TRUE,0.7101633580523203,1
908_b,7838,30713203,bootstrap_mean,2.76947098439389,NA,2.76947098439389,0.0109197392283014,0.00394289714166883,2.76935499497784,2.74637665956565,2.79656182144215,10 m,0.0013051584732136907,TRUE,0.05018516187650013,0
908_c,6735,22676745,bootstrap_mean,2.83548005622793,NA,2.83548005622793,0.00873196994900174,0.00307953848231892,2.83607224481437,2.81241072140013,2.85558632931907,10 m,0.0010436700298895065,TRUE,0.04317560791893982,0
908_d,7592,28815436,bootstrap_mean,2.84346089441312,NA,2.84346089441312,0.290264032380446,0.102081246466502,2.68956437735603,2.66906357092864,3.39155298983269,10 m,0.03469318757618739,TRUE,0.72248941890405,16
909_a,8481,35959440,bootstrap_mean,2.80153807616423,NA,2.80153807616423,0.00934973235461665,0.00333735687341361,2.80205272384078,2.78378779499296,2.81983372406143,10 m,0.0011175067599857244,TRUE,0.03604592906846982,0
909_b,5660,16014970,bootstrap_mean,2.77911619526046,NA,2.77911619526046,0.00972291396683231,0.00349856331427016,2.779216744432,2.75455271226375,2.79943209147553,10 m,0.0011621104939254934,TRUE,0.04487937921178009,1
909_c,7435,27635895,bootstrap_mean,2.87443440637416,NA,2.87443440637416,0.00785280988668248,0.00273194958607113,2.87423581746673,2.85633657343028,2.89295118368129,10 m,9.385903040226878e-4,TRUE,0.03661461025100987,0
909_d,7569,28641096,bootstrap_mean,2.84374245640114,NA,2.84374245640114,0.008755682772073,0.00307892958181369,2.84330609114367,2.82390645999143,2.86767638986979,10 m,0.001046504254343792,TRUE,0.04376992987836026,5
910_a,8221,33788310,bootstrap_mean,2.87901332304859,NA,2.87901332304859,0.0102393002970234,0.00355653105702928,2.87955952375498,2.85556946285239,2.90053736630501,10 m,0.0012238304654568523,TRUE,0.044967903452619584,0
910_b,6677,22287826,bootstrap_mean,2.89382395595922,NA,2.89382395595922,0.00805551636664258,0.00278369261200356,2.89413241816512,2.87783171610347,2.91664874058316,10 m,9.628183624372658e-4,TRUE,0.038817024479690154,1
910_c,6094,18565371,bootstrap_mean,2.90275391343173,NA,2.90275391343173,0.00844115560841054,0.00290798182007483,2.90188761798557,2.88404418212784,2.91749125753452,10 m,0.0010089110679015747,TRUE,0.033447075406679794,0
910_d,9025,40720800,bootstrap_mean,2.82014920530424,NA,2.82014920530424,0.0095923056646984,0.00340134686727101,2.81932666589688,2.79709824716345,2.85382288898819,10 m,0.0011464998159927894,TRUE,0.05672464182474002,3
911_a,8689,37745016,bootstrap_mean,2.82171405511786,NA,2.82171405511786,0.00998419468431604,0.00353834388931341,2.82271629640699,2.79388165389133,2.84066784932163,10 m,0.0011933395127858904,TRUE,0.04678619543030038,1
911_b,7919,31351321,bootstrap_mean,2.81620028907693,NA,2.81620028907693,0.00984070679513326,0.0034943206395163,2.81502245639498,2.79653154402618,2.83950506545454,10 m,0.0011761894297614645,TRUE,0.04297352142835997,0
911_c,6565,21546330,bootstrap_mean,2.80812344181554,NA,2.80812344181554,0.00983225048302991,0.00350135978234385,2.80828025652398,2.78591610464151,2.83086934478261,10 m,0.001175178707145926,TRUE,0.044953240141099915,0
911_d,8933,39894778,bootstrap_mean,2.71304561521636,NA,2.71304561521636,0.115421441844158,0.0425431261445831,2.69333813741268,2.675347912187,3.38463442576693,10 m,0.013795500942276355,TRUE,0.7092865135799298,2
912_a,9069,41118846,bootstrap_mean,2.8093087508807,NA,2.8093087508807,0.0109378804722533,0.00389344192546452,2.80830190073116,2.78727559357148,2.83542694261758,10 m,0.0013073267665917132,TRUE,0.048151349046099856,2
912_b,6429,20662806,bootstrap_mean,3.00208822454126,NA,3.00208822454126,0.00784546299665657,0.00261333525528065,3.00257040752877,2.97982243544074,3.02058769785435,10 m,9.377121827078278e-4,TRUE,0.04076526241361034,3
912_c,5587,15604491,bootstrap_mean,3.00011505978692,NA,3.00011505978692,0.11498793638412701,0.0383278421302595,3.02002469687908,2.33434681700928,3.03905729798281,10 m,0.013743687129463184,TRUE,0.7047104809735303,2
912_d,9079,41209581,bootstrap_mean,2.93473881275518,NA,2.93473881275518,0.0105522609822167,0.00359563888150922,2.93342941014585,2.91397276128999,2.95565559856719,10 m,0.0012612364219108448,TRUE,0.041682837277200235,0
913_b,4579,10481331,bootstrap_mean,2.93122130577647,NA,2.93122130577647,0.00778647666744842,0.00265639331022323,2.93019874074088,2.90916555860774,2.95290581845227,10 m,9.306619678849079e-4,TRUE,0.043740259844530005,0
913_c,7135,25450545,bootstrap_mean,2.91830322924693,NA,2.91830322924693,0.00849656112621799,0.00291147302345635,2.91825243733743,2.89468304932201,2.93578537415717,10 m,0.0010155332939014198,TRUE,0.04110232483515963,1
913_d,5614,15755691,bootstrap_mean,2.9252752930057,NA,2.9252752930057,0.00670316986825568,0.00229146633969216,2.9255932422369,2.90980873128765,2.93880975057697,10 m,8.011820399767447e-4,TRUE,0.029001019289319974,1
914_a,7220,26060590,bootstrap_mean,2.93095464394747,NA,2.93095464394747,0.206964234894735,0.0706132506424567,2.9978387491964,2.30748884682771,3.02172160081294,10 m,0.02473695746551909,TRUE,0.7142327539852302,7
914_b,5546,15376285,bootstrap_mean,2.96497622164339,NA,2.96497622164339,0.00846203850558689,0.00285399877537523,2.9650303648675,2.94027319357975,2.98275105324669,10 m,0.001011407051516671,TRUE,0.042477859666940176,3
914_c,5194,13486221,bootstrap_mean,2.97677870963362,NA,2.97677870963362,0.00655654323270302,0.00220256319742021,2.97608376947744,2.96411354762322,2.99200445678918,10 m,7.83656805006446e-4,TRUE,0.027890909165960043,0
914_d,6400,20476800,bootstrap_mean,3.0571290960153,NA,3.0571290960153,0.00842754145663955,0.0027566848477626,3.05765089850384,3.03653174015394,3.07562786210757,10 m,0.001007283865532724,TRUE,0.0390961219536301,0
915_a,6456,20836740,bootstrap_mean,2.9328647191239,NA,2.9328647191239,0.00789989669202332,0.00269357691151305,2.93312530587597,2.91179690125046,2.94938622822568,10 m,9.44218253709241e-4,TRUE,0.03758932697522033,1
915_b,6899,23794651,bootstrap_mean,2.97369163945583,NA,2.97369163945583,0.00867360657442947,0.00291678076480609,2.97416778779682,2.949744505186,2.99051721637337,10 m,0.001036694272386899,TRUE,0.040772711187369914,1
915_c,7655,29295685,bootstrap_mean,2.88992837803745,NA,2.88992837803745,0.00841906309122941,0.00291324281778457,2.89117383082046,2.86724871852866,2.90754727779529,10 m,0.001006270507042865,TRUE,0.04029855926662984,0
915_d,5795,16788115,bootstrap_mean,2.95185889023044,NA,2.95185889023044,0.00778807861640917,0.00263836413122079,2.95151727673223,2.92628811657483,2.96849151148901,10 m,9.308534374077661e-4,TRUE,0.04220339491418024,2
916_a,5896,17378460,bootstrap_mean,2.84183541855393,NA,2.84183541855393,0.00774485533958897,0.00272530044809208,2.84294887991243,2.82553244783126,2.85902842151694,10 m,9.256872677032977e-4,TRUE,0.033495973685679914,0
916_b,7575,28686525,bootstrap_mean,2.77638625553307,NA,2.77638625553307,0.00780852359030423,0.0028124773974596,2.77695645230596,2.76176979561999,2.79493648931992,10 m,9.332970791794132e-4,TRUE,0.03316669369992997,0
916_c,5316,14127270,bootstrap_mean,2.87993411237272,NA,2.87993411237272,0.00769949785392393,0.00267349791817996,2.88023894962414,2.86277021687465,2.89733475092032,10 m,9.202660112518648e-4,TRUE,0.03456453404566995,0
916_d,3331,5546115,bootstrap_mean,2.96367154382585,NA,2.96367154382585,0.00731558015156037,0.00246841798876153,2.96395366896325,2.94312947560592,2.98450934991752,10 m,8.743790691023793e-4,TRUE,0.04137987431160006,2
917_a,3093,4781778,bootstrap_mean,2.95635951487632,NA,2.95635951487632,0.0070305748138043,0.00237811902727887,2.95516606336063,2.94033949635892,2.97763101680627,10 m,8.403144157524727e-4,TRUE,0.037291520447349846,1
917_c,7705,29679660,bootstrap_mean,3.01534077390962,NA,3.01534077390962,0.00725777570535537,0.00240695040777932,3.01598145115174,2.99224070082658,3.03153863489361,10 m,8.674701163172846e-4,TRUE,0.03929793406702986,2
917_d,5724,16379226,bootstrap_mean,2.96869326009862,NA,2.96869326009862,0.00764811771090107,0.00257625730946922,2.96805291094965,2.94994454059292,2.98583369516823,10 m,9.141249095626032e-4,TRUE,0.035889154575309945,0
918_a,5396,14555710,bootstrap_mean,3.0711752964037,NA,3.0711752964037,0.00756659460672342,0.00246374559458842,3.07167796743828,3.05065961472289,3.08556062601524,10 m,9.043810349191157e-4,TRUE,0.03490101129235024,1
918_b,6810,23184645,bootstrap_mean,2.97037566156475,NA,2.97037566156475,0.00838846989511522,0.00282404343789172,2.9700219282733,2.95423798848097,2.99220476367083,10 m,0.0010026139207181992,TRUE,0.03796677518986025,0
918_c,5658,16003653,bootstrap_mean,2.54253026557454,NA,2.54253026557454,0.113256833036385,0.044544930131163,2.5234961280141,2.4970173594031,3.20356718789989,10 m,0.013536780704769604,TRUE,0.7065498284967897,4
918_d,2286,2611755,bootstrap_mean,3.16524387807131,NA,3.16524387807131,0.00716828079622198,0.00226468514665918,3.16571455576063,3.14607214303642,3.17810119953949,10 m,8.567734287386837e-4,TRUE,0.03202905650307031,1
919_a,7203,25938003,bootstrap_mean,2.91282669578561,NA,2.91282669578561,0.0096239302355193,0.00330398312039765,2.91273006631678,2.8915745509723,2.9328224042435602,10 m,0.0011502796751730955,TRUE,0.041247853271260126,0
919_b,8026,32204325,bootstrap_mean,3.10954888327215,NA,3.10954888327215,0.0814672039195729,0.0261990426835953,3.12202427290099,2.44412602871012,3.14327876465575,10 m,0.009737193284715258,TRUE,0.69915273594563,2
919_c,6508,21173778,bootstrap_mean,2.88292884698586,NA,2.88292884698586,0.00829603951239324,0.00287764282530485,2.88129835376191,2.86575777956368,2.90121162774176,10 m,9.915663769380955e-4,TRUE,0.03545384817807973,0
919_d,8207,33673321,bootstrap_mean,2.77197224195113,NA,2.77197224195113,0.00980832835375426,0.00353839342447758,2.77278995775186,2.74515924501799,2.79850039370336,10 m,0.0011723194658152807,TRUE,0.05334114868536988,2
920_a,4421,9770410,bootstrap_mean,2.9130991618116,NA,2.9130991618116,0.00736578819602742,0.00252850582382743,2.9124418708426,2.89885719838595,2.93800393945895,10 m,8.803800782189545e-4,TRUE,0.03914674107299998,1
920_b,7418,27509653,bootstrap_mean,2.74544525925452,NA,2.74544525925452,0.139005153823968,0.0506311875479581,2.71670247466089,2.69896626913382,3.41107092937178,10 m,0.016614293669533473,TRUE,0.7121046602379599,3
920_c,6111,18669105,bootstrap_mean,2.83832636123453,NA,2.83832636123453,0.00789742249716962,0.00278242227709665,2.83793188409949,2.81978962757021,2.85479197404347,10 m,9.439225308618198e-4,TRUE,0.03500234647325984,0
920_d,7371,27162135,bootstrap_mean,2.73412147403142,NA,2.73412147403142,0.00921443702602522,0.00337016373030372,2.7336950313301,2.71262624618511,2.75289572072437,10 m,0.0011013358752415472,TRUE,0.04026947453926022,0
921_a,8083,32663403,bootstrap_mean,2.78536717013079,NA,2.78536717013079,0.160731484342831,0.0577056720085073,2.74753714665917,2.72887590764138,3.43591334943161,10 m,0.019211086850733475,TRUE,0.7070374417902299,4
921_b,7563,28595703,bootstrap_mean,2.97350286409214,NA,2.97350286409214,0.345886351301858,0.116322857959467,2.65584727418776,2.62358770705968,3.34139114721346,10 m,0.04134132626542673,TRUE,0.7178034401537801,0
921_c,7418,27509653,bootstrap_mean,2.72047193487258,NA,2.72047193487258,0.160757568972313,0.0590917946668112,2.68224322745854,2.65711104539613,3.37779171093626,10 m,0.019214204560275554,TRUE,0.7206806655401299,5
921_d,7579,28716831,bootstrap_mean,2.76076959155813,NA,2.76076959155813,0.221367364021125,0.0801832085872072,2.68349415836003,2.66064873424971,3.38951248004646,10 m,0.026458460665098972,TRUE,0.7288637457967502,8
922_a,6927,23988201,bootstrap_mean,2.78760514667532,NA,2.78760514667532,0.00837883170042309,0.00300574552691447,2.7863046766703,2.76986124330278,2.80611584430707,10 m,0.0010014619361143624,TRUE,0.03625460100429034,0
922_b,7636,29150430,bootstrap_mean,2.78808842577597,NA,2.78808842577597,0.00816040177055962,0.00292688054479063,2.78820425525469,2.77217467662155,2.80772439731511,10 m,9.753545659835899e-4,TRUE,0.035549720693559994,0
922_c,7815,30533205,bootstrap_mean,2.85886523827281,NA,2.85886523827281,0.010723787437472,0.00375106433626469,2.85816475670091,2.83506011789622,2.88471108014355,10 m,0.0012817377545687298,TRUE,0.04965096224733001,0
922_d,7994,31948021,bootstrap_mean,2.89119948734424,NA,2.89119948734424,0.141676803259963,0.0490027768336742,2.92094918862336,2.21113954816433,2.94535517539209,10 m,0.016933616853534807,TRUE,0.7342156272277598,3
923_a,7051,24854775,bootstrap_mean,2.79412454471786,NA,2.79412454471786,0.177418436294314,0.0634969678175992,2.74570649377482,2.72661439709138,3.44971932952055,10 m,0.02120555908823356,TRUE,0.7231049324291701,5
923_b,7129,25407756,bootstrap_mean,2.81499292425308,NA,2.81499292425308,0.0102367450646484,0.0036365082755455,2.81539388245307,2.78977575685519,2.84170477722939,10 m,0.0012235250567730425,TRUE,0.0519290203742,2
923_c,7192,25858836,bootstrap_mean,2.77316338708318,NA,2.77316338708318,0.0110995655774281,0.00400249247091882,2.77280175460303,2.74210968670293,2.79447854205583,10 m,0.0013266518329325295,TRUE,0.05236885535289959,0
923_d,8132,33060646,bootstrap_mean,2.7221648755673,NA,2.7221648755673,0.115802598502683,0.0425406262280677,2.70382235689249,2.66394915673955,3.39888326565342,10 m,0.013841057876567094,TRUE,0.7349341089138699,3
924_a,7108,25258278,bootstrap_mean,2.7896079352314,NA,2.7896079352314,0.0106494171362608,0.00381753184802918,2.78902925168265,2.75985377162833,2.8135555989272,10 m,0.0012728488033994859,TRUE,0.053701827298870075,3
924_b,7228,26118378,bootstrap_mean,2.84857871909195,NA,2.84857871909195,0.00965196253563689,0.00338834327131169,2.84641152093057,2.82555244890114,2.87542862584511,10 m,0.001153630175881695,TRUE,0.04987617694396995,2
924_c,7748,30011878,bootstrap_mean,2.92231119025666,NA,2.92231119025666,0.00941985322599754,0.00322342577936412,2.92157853737134,2.89853455871447,2.9464770997045,10 m,0.0011258878071443142,TRUE,0.047942540990030036,4
924_d,7112,25286716,bootstrap_mean,2.82712907524017,NA,2.82712907524017,0.0100989270791002,0.00357214927593722,2.82833833990335,2.80111701060261,2.85646046396904,10 m,0.001207052656852238,TRUE,0.05534345336642987,4
0,21506,231243265,bootstrap_mean,2.93169469432718,NA,2.93169469432718,0.0108841088097139,0.00371256557880144,2.93088955497769,2.90607349060828,2.95610592798437,20 m,0.0013008998236478566,TRUE,0.05003243737609031,0
1,30116,453471670,bootstrap_mean,2.77962750086045,NA,2.77962750086045,0.0826021254669235,0.0297169766241533,2.76912353485673,2.74700507918537,3.45406406126601,20 m,0.009872842354989607,TRUE,0.7070589820806399,1
10,30355,460697835,bootstrap_mean,2.8281826165553,NA,2.8281826165553,0.0835365521640893,0.0295371846482233,2.83869278661488,2.14793615548874,2.86867185919867,20 m,0.009984527707167448,TRUE,0.7207357037099298,1
100,30808,474551028,bootstrap_mean,2.78188656943148,NA,2.78188656943148,0.0120786906616687,0.00434190624247387,2.78315167908022,2.75805517574114,2.80841445827827,20 m,0.0014436796642126608,TRUE,0.05035928253712996,0
1000,29877,446302626,bootstrap_mean,2.82510462632241,NA,2.82510462632241,0.0114317958658892,0.00404650353809041,2.82457264939712,2.79743622504089,2.85308151226269,20 m,0.0013663609474981419,TRUE,0.055645287221799844,0
1001,31500,496109250,bootstrap_mean,2.86469066399077,NA,2.86469066399077,0.013727695035917,0.00479203399113015,2.86630073382787,2.83090493134058,2.89874645728442,20 m,0.0016407733847145735,TRUE,0.06784152594384008,1
1002,33370,556761765,bootstrap_mean,2.85131045280708,NA,2.85131045280708,0.011628656311074,0.00407835502431023,2.84991078221319,2.82619606596851,2.87389920540021,20 m,0.0013898902711112595,TRUE,0.04770313943169979,0
1003,33621,565169010,bootstrap_mean,2.83717867165723,NA,2.83717867165723,0.0110976957717546,0.00391152516498804,2.83836420033082,2.81334514718663,2.86347711293659,20 m,0.001326428348409043,TRUE,0.05013196574995993,0
1004,29272,428410356,bootstrap_mean,2.87153179702243,NA,2.87153179702243,0.0125113882828357,0.00435704326722382,2.86877006958643,2.8424568924612,2.90786457421437,20 m,0.001495396921813634,TRUE,0.06540768175316991,3
1005,30323,459727003,bootstrap_mean,2.79708111879606,NA,2.79708111879606,0.0116366360900016,0.00416027837441137,2.79762690093836,2.77137355142916,2.81862581340944,20 m,0.0013908440371183028,TRUE,0.047252261980279986,0
1006,31780,504968310,bootstrap_mean,2.78114105428054,NA,2.78114105428054,0.0133474642250185,0.00479927625550492,2.77959989980529,2.74640777550892,2.8132804433092,20 m,0.0015953271103809432,TRUE,0.06687266780028,0
1007,30080,452388160,bootstrap_mean,2.85570961853722,NA,2.85570961853722,0.0812867309460852,0.0284646346457742,2.86431236306785,2.19312828889414,2.89361429438584,20 m,0.009715622638602843,TRUE,0.7004860054917001,2
1008,27306,372795165,bootstrap_mean,2.76789099256034,NA,2.76789099256034,0.0810139846763462,0.0292692107073939,2.75886370161056,2.72266146374251,3.43031665783942,20 m,0.009683023224134715,TRUE,0.70765519409691,2
1009,29417,432665236,bootstrap_mean,2.80849020909395,NA,2.80849020909395,0.0105171451930128,0.00374476833102642,2.80729151790953,2.78076448501952,2.83778036272156,20 m,0.0012570392823212592,TRUE,0.05701587770203975,2
101,34471,594107685,bootstrap_mean,2.79019862776734,NA,2.79019862776734,0.0122558911128128,0.00439247980084475,2.79186864047554,2.76109865234533,2.82227616374692,20 m,0.0014648591690920997,TRUE,0.06117751140159022,5
1010,29966,448965595,bootstrap_mean,2.7861859882824,NA,2.7861859882824,0.0819032976230845,0.0293962061282116,2.77734698417577,2.74604317959772,3.4558596983816,20 m,0.009789316451794023,TRUE,0.7098165187838799,3
1011,33094,547589871,bootstrap_mean,2.77752568875323,NA,2.77752568875323,0.012118311779193,0.00436298819062684,2.77880222327037,2.7453833588844,2.80332652332405,20 m,0.001448415293532545,TRUE,0.0579431644396502,0
1012,36566,668517895,bootstrap_mean,2.84759049210399,NA,2.84759049210399,0.0115215299827052,0.00404606280806632,2.84775326183557,2.82348032311404,2.87820313433003,20 m,0.0013770862258633255,TRUE,0.054722811215989875,2
1013,32476,527329050,bootstrap_mean,2.90002882671075,NA,2.90002882671075,0.011617892145228,0.00400612988333815,2.89886058846378,2.87524679556752,2.93054371581919,20 m,0.0013886037072137836,TRUE,0.05529692025166977,1
1014,19302,186273951,bootstrap_mean,3.08144354060703,NA,3.08144354060703,0.00948289587881484,0.00307741996692458,3.08125722521117,3.05682504801215,3.1035011479384,20 m,0.0011334228453698714,TRUE,0.04667609992624966,1
1015,16484,135852886,bootstrap_mean,3.03457948499785,NA,3.03457948499785,0.0104095858955268,0.0034303223715144,3.0360579338893,3.01052397945253,3.05827954624266,20 m,0.0012441834873657416,TRUE,0.04775556679013038,0
1016,14776,109157700,bootstrap_mean,3.00205067636279,NA,3.00205067636279,0.0109909791720224,0.0036611571078936,3.00291296275809,2.96603619972312,3.02775606727258,20 m,0.0013136732750999617,TRUE,0.061719867549459906,1
1017,22304,248723056,bootstrap_mean,2.88086259225612,NA,2.88086259225612,0.0116106789854271,0.0040302786452353,2.88017919423942,2.85536421465129,2.91688029909286,20 m,0.00138774156971801,TRUE,0.06151608444157031,1
1018,19813,196267578,bootstrap_mean,3.10084059731594,NA,3.10084059731594,0.01072672945547,0.00345929728369624,3.10168235090321,3.07671575617685,3.12597321661001,20 m,0.0012820893929767685,TRUE,0.04925746043315993,0
1019,28560,407822520,bootstrap_mean,2.87392544468417,NA,2.87392544468417,0.0120747543064824,0.00420148488152913,2.87240698545882,2.84905624033822,2.89926560719232,20 m,0.001443209179779144,TRUE,0.05020936685410016,0
102,23038,265363203,bootstrap_mean,2.82288530881549,NA,2.82288530881549,0.0100043779028206,0.00354402563631553,2.82358639306598,2.80201531775305,2.8444304043751,20 m,0.0011957518688044003,TRUE,0.04241508662205007,0
1020,28330,401280285,bootstrap_mean,2.78904072559041,NA,2.78904072559041,0.0133002786772751,0.00476876459896784,2.78926296404896,2.75826142342342,2.81950315333873,20 m,0.0015896873587199405,TRUE,0.06124172991530985,1
1021,26283,345384903,bootstrap_mean,2.73884460034468,NA,2.73884460034468,0.0814169537342514,0.0297267518295873,2.74825308487328,2.07604268044168,2.78151697332591,20 m,0.009731187238803196,TRUE,0.7054742928842299,2
1022,28316,400883770,bootstrap_mean,2.80790840963952,NA,2.80790840963952,0.250925808778169,0.0893639578544455,2.70304403521807,2.67993944957668,3.40258520631498,20 m,0.029991370547203893,TRUE,0.7226457567383,11
1023,32107,515413671,bootstrap_mean,2.74609961492914,NA,2.74609961492914,0.179858906851056,0.0654961334516982,2.70059928713967,2.66697005248562,3.40061039231122,20 m,0.02149725111119919,TRUE,0.7336403398256,6
1024,27618,381363153,bootstrap_mean,2.75100522634385,NA,2.75100522634385,0.228728930744482,0.0831437645243839,2.83840699059555,2.13054796331569,2.87863132757969,20 m,0.027338336180827004,TRUE,0.7480833642640001,10
103,26936,362760580,bootstrap_mean,2.82736431199498,NA,2.82736431199498,0.0117843454925066,0.00416796146238104,2.82638211993599,2.80674632160209,2.85670813640589,20 m,0.0014084986874924692,TRUE,0.04996181480380013,0
104,26345,347016340,bootstrap_mean,2.78386074767952,NA,2.78386074767952,0.0822498044067988,0.0295452293996234,2.77409677681012,2.75023592709541,3.45746183389309,20 m,0.009830731933916401,TRUE,0.7072259067976798,1
105,28521,406709460,bootstrap_mean,2.92209388651197,NA,2.92209388651197,0.0102615383294368,0.00351170726471276,2.92194804772565,2.89489186425017,2.94493595080282,20 m,0.0012264884187124323,TRUE,0.050044086552650136,2
106,26848,360394128,bootstrap_mean,2.9498845671403,NA,2.9498845671403,0.0126309342516994,0.00428184017517139,2.94861580673754,2.92248978287816,2.97562302162094,20 m,0.0015096853980252835,TRUE,0.05313323874277964,0
107,28007,392182021,bootstrap_mean,2.81568053227241,NA,2.81568053227241,0.011964744835721,0.00424932612154859,2.8142423903496,2.79275899618545,2.84537608298886,20 m,0.001430060533103968,TRUE,0.05261708680340993,0
108,31352,491458276,bootstrap_mean,2.78502989316084,NA,2.78502989316084,0.158821736457701,0.0570269413795944,2.74630032223964,2.72303393949847,3.44272485881572,20 m,0.018982828319841154,TRUE,0.7196909193172498,4
109,33711,568198905,bootstrap_mean,2.7602981092383,NA,2.7602981092383,0.0141927505558771,0.00514174556305208,2.76134095683559,2.7289248710223,2.79465463639956,20 m,0.001696358150953093,TRUE,0.06572976537725994,5
11,28153,396281628,bootstrap_mean,2.74488839256895,NA,2.74488839256895,0.0837259763243413,0.0305025066050069,2.73411939302839,2.71422177500352,3.42882401488105,20 m,0.01000716822473068,TRUE,0.71460223987753,1
110,29777,443319976,bootstrap_mean,3.10740595277134,NA,3.10740595277134,0.114841614261294,0.0369573901854929,3.12683404695661,2.43953377036009,3.15434313466155,20 m,0.013726198290724329,TRUE,0.7148093643014599,4
1100,24829,308227206,bootstrap_mean,2.80853833347376,NA,2.80853833347376,0.0131783972901231,0.00469226185487855,2.81054351586272,2.77751854970352,2.85106637691067,20 m,0.0015751197466329974,TRUE,0.07354782720714992,1
1101,27983,391510153,bootstrap_mean,2.78625696057195,NA,2.78625696057195,0.113153536423298,0.0406113068624045,2.76750170468502,2.74220372138491,3.44585293375947,20 m,0.013524434398048714,TRUE,0.7036492123745601,4
1102,31709,502714486,bootstrap_mean,2.73458331787463,NA,2.73458331787463,0.0103417676277698,0.00378184404189506,2.73349403481875,2.71162289624849,2.75949090374459,20 m,0.001236077653979875,TRUE,0.047868007496099985,0
1103,34666,600848445,bootstrap_mean,2.89291795875971,NA,2.89291795875971,0.0119004661341069,0.00411365489922468,2.89244440535451,2.86375836270543,2.92323115498719,20 m,0.0014223777587899636,TRUE,0.05947279228176017,3
1104,36244,656795646,bootstrap_mean,2.87170922789721,NA,2.87170922789721,0.0121394307169234,0.00422724926291105,2.87014265216615,2.85104263953083,2.89732339160159,20 m,0.0014509394893899576,TRUE,0.04628075207075977,0
1105,31412,493341166,bootstrap_mean,2.88738521882432,NA,2.88738521882432,0.0137153447571498,0.00475009176736537,2.88723576664046,2.84811368830628,2.92061386232779,20 m,0.0016392972440629923,TRUE,0.07250017402150988,2
1106,25201,317532600,bootstrap_mean,2.76741724403102,NA,2.76741724403102,0.0807700750254065,0.0291860850399836,2.75952169155772,2.72254755055743,3.42725481349537,20 m,0.009653870444845124,TRUE,0.7047072629379403,2
1107,32064,514034016,bootstrap_mean,2.80353985879418,NA,2.80353985879418,0.0113767596946435,0.00405799819787003,2.8042272583792,2.77332823588497,2.82965696354652,20 m,0.001359782866856033,TRUE,0.05632872766154984,1
1108,27805,386545110,bootstrap_mean,2.99931476400378,NA,2.99931476400378,0.0140942211449705,0.00469914705656173,2.99884610942946,2.97275843812507,3.03244147712809,20 m,0.0016845816338754496,TRUE,0.05968303900302008,2
1109,23902,285640851,bootstrap_mean,2.87346456195678,NA,2.87346456195678,0.0104788598763019,0.00364676843940822,2.87401421490746,2.85212358477253,2.9051587459489,20 m,0.0012524633117362296,TRUE,0.05303516117636997,1
111,24869,309221146,bootstrap_mean,2.90925095400616,NA,2.90925095400616,0.0809650178188563,0.0278301937848861,2.92151956902566,2.25329937038339,2.95381149105857,20 m,0.009677170565236601,TRUE,0.7005121206751803,1
1110,28657,410597496,bootstrap_mean,2.77146476013257,NA,2.77146476013257,0.178107298120331,0.0642646807862757,2.7238129779677,2.69574598337721,3.41392896465978,20 m,0.02128789382446695,TRUE,0.71818298128257,5
1111,29667,440050611,bootstrap_mean,2.80113341275401,NA,2.80113341275401,0.012714253021139,0.00453896732060278,2.80066462413524,2.76885530906836,2.83046440178367,20 m,0.001519643895718158,TRUE,0.0616090927153099,0
1112,34067,580263211,bootstrap_mean,2.85943895933305,NA,2.85943895933305,0.0121835485074438,0.00426081783200072,2.85806153518685,2.83079787834053,2.88904564107272,20 m,0.0014562125739310179,TRUE,0.05824776273219001,0
1113,36426,663408525,bootstrap_mean,2.80657548927977,NA,2.80657548927977,0.0115738540033421,0.00412383491823061,2.8061801629609,2.78190533382279,2.83818649508396,20 m,0.0013833401425053884,TRUE,0.05628116126117,1
1114,33666,566682945,bootstrap_mean,3.0102062133046,NA,3.0102062133046,0.0845095407991266,0.0280743360456865,3.01732460920062,2.3224730720025,3.05670490730957,20 m,0.01010082209248283,TRUE,0.73423183530707,1
1115,4461,9948030,bootstrap_mean,3.11125537663092,NA,3.11125537663092,0.0826372059306033,0.0265607274000402,3.12129333353145,2.43252783589684,3.13642582245954,20 m,0.009877035272371487,TRUE,0.7038979865627,1
1116,9351,43715925,bootstrap_mean,2.97662301107177,NA,2.97662301107177,0.28227287964119,0.0948299057661167,3.12015601762645,2.42731147121386,3.14093854986451,20 m,0.03373806213863542,TRUE,0.7136270786506502,15
1117,14662,107479791,bootstrap_mean,3.01029452461366,NA,3.01029452461366,0.0121186734383925,0.00402574344114977,3.00912093733932,2.98134147239789,3.03932531553059,20 m,0.001448458520074752,TRUE,0.057983843132699775,0
1118,20710,214441695,bootstrap_mean,2.90296386688676,NA,2.90296386688676,0.0105058807065307,0.00361901876436292,2.90284291408961,2.87622925078465,2.92534937735082,20 m,0.0012556929186699727,TRUE,0.049120126566170264,0
1119,20905,218499060,bootstrap_mean,2.90887266652461,NA,2.90887266652461,0.0101437373053115,0.00348717130936872,2.90906053494579,2.88490082357677,2.93128587435034,20 m,0.0012124085032880873,TRUE,0.046385050773570136,0
112,28940,418747330,bootstrap_mean,2.88743070902151,NA,2.88743070902151,0.014421394102035,0.00499454205324365,2.88744273109389,2.86151534940449,2.92308954594166,20 m,0.001723686281723852,TRUE,0.06157419653716989,0
1120,20918,218770903,bootstrap_mean,2.85022460117293,NA,2.85022460117293,0.0140244238379076,0.00492046270042589,2.8492941748174,2.82390760023056,2.88517018693347,20 m,0.001676239260049842,TRUE,0.06126258670290996,0
1121,26643,354911403,bootstrap_mean,2.8001620155434,NA,2.8001620155434,0.0120322565554987,0.00429698584892907,2.80011027814138,2.76310376590092,2.82219128588361,20 m,0.0014381297269983352,TRUE,0.059087519982689685,1
1122,27944,390419596,bootstrap_mean,2.74314983562716,NA,2.74314983562716,0.137217518574583,0.0500218824332688,2.71472464205266,2.69167508552681,3.40609222576249,20 m,0.016400630390221518,TRUE,0.71441714023568,3
1123,28010,392266045,bootstrap_mean,2.7667414342598,NA,2.7667414342598,0.0826107285739732,0.0298584925757887,2.75718151202164,2.73184836621707,3.44115012091235,20 m,0.009873870622957104,TRUE,0.70930175469528,1
1124,31265,488734480,bootstrap_mean,2.69572464892831,NA,2.69572464892831,0.116413037234747,0.0431843205058154,2.67634658237763,2.64621103218632,3.37440326236002,20 m,0.013914019260247963,TRUE,0.7281922301737,2
113,28718,412347403,bootstrap_mean,2.75116074284627,NA,2.75116074284627,0.0139007419522863,0.00505268257713832,2.752349171183,2.71653268120763,2.78618155570621,20 m,0.0016614564472347418,TRUE,0.06964887449858015,2
114,30338,460181953,bootstrap_mean,2.89098160903849,NA,2.89098160903849,0.0161031360402336,0.00557012745770782,2.8911408653187,2.86064083137738,2.948524789959,20 m,0.0019246928895290962,TRUE,0.08788395858162001,1
115,33545,562616740,bootstrap_mean,2.80497743245838,NA,2.80497743245838,0.0120195385432038,0.00428507495429988,2.80477758190337,2.77645496849278,2.8322188289746,20 m,0.001436609633783462,TRUE,0.05576386048182025,0
116,34027,578901351,bootstrap_mean,2.79436178888477,NA,2.79436178888477,0.283136539345151,0.101324223825058,2.65364327066374,2.62584234594254,3.35709909051462,20 m,0.033841289217325765,TRUE,0.7312567445720801,15
117,34434,592832961,bootstrap_mean,2.85686077662406,NA,2.85686077662406,0.0158940238205896,0.00556345760725921,2.85519296320913,2.82658362123306,2.89391542891679,20 m,0.0018996991987811033,TRUE,0.06733180768372993,0
118,33225,551933700,bootstrap_mean,2.72278102101961,NA,2.72278102101961,0.0126868953162937,0.00465953568000953,2.72411858624093,2.69448889534343,2.75253041201918,20 m,0.001516374024566475,TRUE,0.05804151667574997,0
119,30742,472519911,bootstrap_mean,2.78976537585738,NA,2.78976537585738,0.0128700308676675,0.00461330224363837,2.79003508717553,2.76141219207118,2.83004453538108,20 m,0.0015382629096052944,TRUE,0.06863234330990009,1
12,28784,414244936,bootstrap_mean,2.65811937591885,NA,2.65811937591885,0.0129605989221402,0.00487585284526959,2.6578484538796,2.63586287589663,2.70300805570755,20 m,0.0015490878625850472,TRUE,0.06714517981092039,1
120,28335,401421945,bootstrap_mean,2.76261618457642,NA,2.76261618457642,0.0136511739762735,0.00494139361540247,2.76466678558974,2.7220186300604,2.78857871136591,20 m,0.001631627368744324,TRUE,0.06656008130550983,1
1200,24011,288252055,bootstrap_mean,2.84046698678483,NA,2.84046698678483,0.0114489030550774,0.00403064112638624,2.84054124204881,2.80985977740389,2.86722411082019,20 m,0.0013684056476924453,TRUE,0.057364333416300095,4
1201,24803,307582003,bootstrap_mean,2.77916136239919,NA,2.77916136239919,0.114994223179605,0.0413773107007838,2.76091073421285,2.72650971084855,3.44775053091375,20 m,0.013744438545244817,TRUE,0.7212408200652001,3
1202,28432,404175096,bootstrap_mean,2.81368246243643,NA,2.81368246243643,0.0100095533847181,0.00355745664919508,2.81414739346434,2.78890152223397,2.83567949204215,20 m,0.0011963704572074988,TRUE,0.04677796980818005,0
1203,30593,467950528,bootstrap_mean,3.00631266662295,NA,3.00631266662295,0.0116854872728458,0.00388698334760114,3.00703822146021,2.97276566097065,3.03052534850241,20 m,0.0013966828702518242,TRUE,0.05775968753175986,2
1204,34676,601195150,bootstrap_mean,3.04257407422634,NA,3.04257407422634,0.0162227362876562,0.00533191169446921,3.04347031215372,3.00008764225978,3.08158228274007,20 m,0.0019389878532693923,TRUE,0.08149464048028987,0
1205,32294,521435071,bootstrap_mean,2.8470759315176,NA,2.8470759315176,0.0121235995934885,0.00425826352549233,2.84833451730713,2.81866706234901,2.8764616794109,20 m,0.001449047308225228,TRUE,0.05779461706188993,4
1206,23046,265547535,bootstrap_mean,2.97012651253575,NA,2.97012651253575,0.00915875671066843,0.00308362511563494,2.97031884715293,2.94902961292428,2.98964555853896,20 m,0.0010946808046524272,TRUE,0.04061594561467974,1
1207,29097,423303156,bootstrap_mean,2.7913084422773,NA,2.7913084422773,0.013274946318143,0.00475581491356527,2.79174068227735,2.75351425925914,2.81395463407207,20 m,0.0015866595626822788,TRUE,0.060440374812929853,1
1208,25677,329641326,bootstrap_mean,3.0203211062745,NA,3.0203211062745,0.113877409503758,0.0377037425812726,3.0387665299675,2.35113474282565,3.07003808839506,20 m,0.013610953779577994,TRUE,0.71890334556941,2
1209,31381,492367890,bootstrap_mean,2.87894153697211,NA,2.87894153697211,0.0115455598093874,0.00401034882477339,2.88000339884431,2.85291266848714,2.90243379214362,20 m,0.001379958339496117,TRUE,0.04952112365647965,0
121,31664,501288616,bootstrap_mean,2.76713164778012,NA,2.76713164778012,0.229724870584968,0.0830191331045854,2.68001946820946,2.65453401837423,3.38088738036575,20 m,0.027457373759879482,TRUE,0.7263533619915199,9
1210,24607,302739921,bootstrap_mean,2.86731177276163,NA,2.86731177276163,0.0111149669061788,0.00387644169419131,2.86833391423558,2.84029656634166,2.89090804747869,20 m,0.0013284926438069896,TRUE,0.050611481137029735,0
1211,25702,330283551,bootstrap_mean,2.79599651813405,NA,2.79599651813405,0.114779148066059,0.0410512485697438,2.77644694562802,2.74721954632249,3.45857162147983,20 m,0.013718732152358215,TRUE,0.7113520751573397,2
1212,26842,360233061,bootstrap_mean,2.86630480052216,NA,2.86630480052216,0.0119263613140884,0.00416088383619066,2.86656985057445,2.84047410373343,2.89659153835027,20 m,0.001425472824785739,TRUE,0.05611743461684027,1
1213,33129,548748756,bootstrap_mean,2.84855341290862,NA,2.84855341290862,0.011231715536815,0.00394295416259947,2.84846763164433,2.82574486387403,2.87733656284096,20 m,0.0013424467741506895,TRUE,0.05159169896693028,0
1214,35399,626526901,bootstrap_mean,2.86837179896598,NA,2.86837179896598,0.0149667440487472,0.00521785357607497,2.86560952594925,2.83839771807587,2.90081051594222,20 m,0.0017888680675647926,TRUE,0.06241279786635001,0
1215,20849,217329976,bootstrap_mean,2.87891767893768,NA,2.87891767893768,0.113001481725522,0.0392513764989695,2.89865843894602,2.20987192888892,2.93024493917241,20 m,0.013506260385552155,TRUE,0.72037301028349,3
1216,2344,2745996,bootstrap_mean,3.10514010895164,NA,3.10514010895164,0.00720079536198101,0.0023189920935362102,3.10441919649882,3.08972844713619,3.12151926396693,20 m,8.606596626602114e-4,TRUE,0.03179081683073992,0
1217,9606,46132815,bootstrap_mean,2.83092239199265,NA,2.83092239199265,0.338449729174048,0.119554577028096,2.55699993720234,2.52919816668589,3.24480062815614,20 m,0.04045247991302995,TRUE,0.7156024614702501,0
1218,13792,95102736,bootstrap_mean,3.07630371922478,NA,3.07630371922478,0.00866685098569491,0.00281729366692016,3.07650246073773,3.04686920655805,3.09638476174899,20 m,0.0010358868250940545,TRUE,0.04951555519094031,1
1219,2148,2305878,bootstrap_mean,2.97867304055694,NA,2.97867304055694,0.0070428231289113704,0.00236441631324347,2.97869071947027,2.9605681602606,2.99383435945508,20 m,8.41778369415684e-4,TRUE,0.03326619919447982,1
122,30654,469818531,bootstrap_mean,2.72619090060428,NA,2.72619090060428,0.258864946586055,0.0949548127861021,2.61330148135541,2.58320300876133,3.31065784383462,20 m,0.030940279011347264,TRUE,0.7274548350732899,12
1220,2280,2598060,bootstrap_mean,2.82236769616443,NA,2.82236769616443,0.00782355978616011,0.00277198459888563,2.82176541975141,2.80577073577988,2.8369390984706,20 m,9.350942483256634e-4,TRUE,0.031168362690720208,0
1221,25048,313688628,bootstrap_mean,2.87613880750689,NA,2.87613880750689,0.0126929364033701,0.00441318630736486,2.87663674229933,2.851936353975,2.90908989426416,20 m,0.0015170960725769944,TRUE,0.05715354028916009,0
1222,26039,339001741,bootstrap_mean,2.83322605898727,NA,2.83322605898727,0.0124125852034938,0.00438107829910708,2.83392923640791,2.80356969581206,2.85859775618109,20 m,0.0014835876951016565,TRUE,0.05502806036902985,3
1223,28841,415887220,bootstrap_mean,2.80108487140123,NA,2.80108487140123,0.0124897010094339,0.00445887989219904,2.80149643260491,2.77103810797085,2.83378356046782,20 m,0.0014928047968508053,TRUE,0.06274545249697017,1
1224,27824,387073576,bootstrap_mean,2.78552322982667,NA,2.78552322982667,0.241043241843394,0.0865342781070231,2.69111064897199,2.66124097240121,3.38267242244554,20 m,0.028810177873793374,TRUE,0.7214314500443297,10
123,29321,429845860,bootstrap_mean,2.78795266716497,NA,2.78795266716497,0.0125833690750668,0.00451348016889494,2.78881195346439,2.74329964078537,2.81712327165679,20 m,0.0015040002720333506,TRUE,0.07382363087141997,1
124,27623,381501253,bootstrap_mean,2.86858711395021,NA,2.86858711395021,0.115505972647117,0.0402658061473541,2.88831596857179,2.20215852222699,2.92105013759729,20 m,0.013805604305683016,TRUE,0.7188916153703002,2
13,30565,467094330,bootstrap_mean,2.74036531987552,NA,2.74036531987552,0.0157009143032866,0.0057294967898659,2.74181497083187,2.70434152108306,2.77304307176293,20 m,0.0018766181967995734,TRUE,0.06870155067987005,0
1300,26756,357928390,bootstrap_mean,2.84088991657968,NA,2.84088991657968,0.0125176036990048,0.00440622624127425,2.84309662644208,2.80322907221968,2.86493487853993,20 m,0.0014961398061360568,TRUE,0.06170580632025002,1
1301,26391,348229245,bootstrap_mean,2.84189168573095,NA,2.84189168573095,0.00917539934195256,0.00322862387332422,2.84182287295065,2.82010005132525,2.85899284424131,20 m,0.001096669979556967,TRUE,0.03889279291606007,0
1302,27236,370886230,bootstrap_mean,2.8509996467129,NA,2.8509996467129,0.0109973895415151,0.00385738018389259,2.85031156057651,2.82537960509539,2.87846696225396,20 m,0.0013144394608013696,TRUE,0.05308735715856994,0
1303,27168,369036528,bootstrap_mean,2.73361497349276,NA,2.73361497349276,0.0118841634272199,0.00434741671466463,2.73370705781473,2.70403160884332,2.76646323707991,20 m,0.0014204292126218702,TRUE,0.06243162823658999,2
1304,29512,435464316,bootstrap_mean,2.78878303480024,NA,2.78878303480024,0.012474538776371,0.00447311197059994,2.7877414058253,2.759096453263,2.81192573891261,20 m,0.0014909925633769879,TRUE,0.0528292856496102,0
1305,30960,479245320,bootstrap_mean,2.90009088831545,NA,2.90009088831545,0.0122140346709858,0.00421160409840828,2.89932393004933,2.87080720958978,2.93095261807765,20 m,0.0014598563674164426,TRUE,0.06014540848787009,0
1306,22691,257429395,bootstrap_mean,2.95310490813209,NA,2.95310490813209,0.00984048030749284,0.00333224880714352,2.95315345535862,2.91665872338508,2.97255776462848,20 m,0.0011761623593107154,TRUE,0.055899041243400394,1
1307,24320,295719040,bootstrap_mean,2.82708891816767,NA,2.82708891816767,0.0104259134833909,0.00368786189086272,2.82799067798051,2.80438188700838,2.85424657348318,20 m,0.001246135007379401,TRUE,0.049864686474800024,2
1308,25788,332497578,bootstrap_mean,2.79786715672293,NA,2.79786715672293,0.0126613280254864,0.00452534995990169,2.79797928122656,2.76949736461157,2.83033061583432,20 m,0.0015133181488228694,TRUE,0.06083325122274985,0
1309,26210,343468945,bootstrap_mean,2.7965533965784,NA,2.7965533965784,0.115500415854165,0.0413009871349069,2.7767727473013,2.75513453467428,3.46281733514206,20 m,0.013804940141891778,TRUE,0.7076828004677802,2
1310,30955,479090535,bootstrap_mean,2.81040464337479,NA,2.81040464337479,0.0124095441761854,0.00441557204420348,2.8115815167921,2.77745142282941,2.83315110339751,20 m,0.00148322422281758,TRUE,0.05569968056810026,0
1311,27205,370042410,bootstrap_mean,2.82787162107182,NA,2.82787162107182,0.0138185281258546,0.00488654719078693,2.82885872294975,2.79947430893339,2.86372327646971,20 m,0.0016516300154913398,TRUE,0.06424896753632003,2
1312,24622,303109131,bootstrap_mean,2.79432329454183,NA,2.79432329454183,0.0118321700669409,0.00423435974285892,2.79641050270008,2.76597543874467,2.82179304009112,20 m,0.0014142148174517812,TRUE,0.055817601346450196,0
1313,30303,459120753,bootstrap_mean,2.82011657753783,NA,2.82011657753783,0.0103423820364234,0.00366735975342306,2.82171828377451,2.78941917378535,2.84512404674343,20 m,0.0012361510898599355,TRUE,0.055704872958079577,4
1314,32164,517245366,bootstrap_mean,2.85069468213735,NA,2.85069468213735,0.0116672198020527,0.0040927637305953404,2.85261132994401,2.81847537601669,2.87610672140429,20 m,0.0013944994898806148,TRUE,0.057631345387600064,1
1315,33613,564900078,bootstrap_mean,2.88951494899304,NA,2.88951494899304,0.0808114681911379,0.0279671396818001,2.89946728496433,2.23107415850971,2.92810241191446,20 m,0.009658817874436433,TRUE,0.69702825340475,3
1316,20820,216725790,bootstrap_mean,2.83011472655688,NA,2.83011472655688,0.313191210393634,0.110663785978268,3.02558598668996,2.33254435698581,3.05710711704699,20 m,0.03743350948545387,TRUE,0.7245627600611799,0
1317,6776,22953700,bootstrap_mean,3.09653952574355,NA,3.09653952574355,0.138786469385248,0.0448198604382167,3.12496453256502,2.43700613998167,3.14513406733958,20 m,0.016588155879776037,TRUE,0.7081279273579097,3
1322,16280,132511060,bootstrap_mean,2.89577018828415,NA,2.89577018828415,0.0832318376510923,0.0287425562939476,2.90490069602795,2.21734533286452,2.93321983645396,20 m,0.009948107356806107,TRUE,0.7158745035894403,1
1323,28343,401648653,bootstrap_mean,2.81895575746161,NA,2.81895575746161,0.0812135639784969,0.0288098043977914,2.82770845412059,2.15620051076286,2.86509250563704,20 m,0.009706877513310865,TRUE,0.7088919948741799,3
1324,26507,351297271,bootstrap_mean,2.82090817784503,NA,2.82090817784503,0.0115761460123186,0.00410369472612964,2.81953554245192,2.79918531447064,2.84987429667655,20 m,0.0013836140899755446,TRUE,0.050688982205910005,0
14,29920,447588240,bootstrap_mean,2.86558653621522,NA,2.86558653621522,0.0137908754478582,0.00481258383705024,2.86643074628286,2.83334902046955,2.89765466246355,20 m,0.0016483248883047389,TRUE,0.0643056419939998,0
1400,25728,330952128,bootstrap_mean,2.85914075543687,NA,2.85914075543687,0.0125673115217686,0.00439548542612705,2.85842632757266,2.83060601436848,2.89269863316338,20 m,0.0015020810273235585,TRUE,0.06209261879490002,1
1401,20492,209950786,bootstrap_mean,2.96017048144669,NA,2.96017048144669,0.137072786155238,0.0463057067200563,2.9879344420274,2.31483151490745,3.02562766929966,20 m,0.016383331557391582,TRUE,0.7107961543922103,5
1402,27061,366135330,bootstrap_mean,2.89891302547439,NA,2.89891302547439,0.011428223694221,0.00394224441844054,2.89821770625478,2.86130535535082,2.9279615443955,20 m,0.0013659339913206132,TRUE,0.06665618904467996,2
1403,26920,362329740,bootstrap_mean,2.7760326628988,NA,2.7760326628988,0.083996451055882,0.0302577315384218,2.76696637576058,2.74573108362672,3.46384963972789,20 m,0.01003949613845463,TRUE,0.71811855610117,1
1404,26844,360286746,bootstrap_mean,2.86258988717455,NA,2.86258988717455,0.0125261190737011,0.00437579938705949,2.86343252020208,2.83425665320297,2.89077852103115,20 m,0.0014971575880816789,TRUE,0.05652186782818003,0
1405,28265,399440980,bootstrap_mean,2.89296867984967,NA,2.89296867984967,0.0830533510440442,0.0287086934685929,2.9023039508785198,2.21622476473403,2.92932419393797,20 m,0.009926774126893415,TRUE,0.7130994292039401,1
1406,20917,218749986,bootstrap_mean,2.98821540451354,NA,2.98821540451354,0.14055084967662199,0.0470350462233504,3.01719436899152,2.32843594429737,3.03697948795372,20 m,0.01679903965997563,TRUE,0.7085435436563503,3
1407,24811,307780455,bootstrap_mean,2.90856117882751,NA,2.90856117882751,0.0118732041713875,0.00408215727343709,2.90921029416592,2.88245306412559,2.93334065553099,20 m,0.0014191193310110802,TRUE,0.05088759140540011,0
1408,25549,326362926,bootstrap_mean,2.82013719055948,NA,2.82013719055948,0.0109812782800651,0.003893880878145,2.82013118920549,2.79109211833805,2.85152811553401,20 m,0.0013125137967396191,TRUE,0.060435997195960045,5
1409,22947,263270931,bootstrap_mean,2.82901506533418,NA,2.82901506533418,0.0109050327414304,0.0038547100279023,2.82944770791873,2.7949596408057,2.84688260835334,20 m,0.0013034007118285886,TRUE,0.05192296754764003,1
1410,30336,460121280,bootstrap_mean,2.80978101205307,NA,2.80978101205307,0.251110195302438,0.0893700235802202,2.70542392834423,2.67975337848599,3.40066257447274,20 m,0.030013408952102093,TRUE,0.7209091959867502,11
1411,27941,390335770,bootstrap_mean,2.81690511180186,NA,2.81690511180186,0.0118091490836034,0.00419224241318146,2.81710238374336,2.79142760009272,2.85110136062518,20 m,0.001411463283661782,TRUE,0.05967376053245976,1
1412,24144,291454296,bootstrap_mean,2.8422509281479,NA,2.8422509281479,0.00967380244408503,0.00340357086289661,2.84287050604183,2.81961960400353,2.86736179585742,20 m,0.0011562405442219407,TRUE,0.047742191853889615,1
1413,27129,367977756,bootstrap_mean,2.79746906847057,NA,2.79746906847057,0.0109612849291418,0.00391828637273709,2.79757900070987,2.76925807906002,2.81751168507101,20 m,0.0013101241342376201,TRUE,0.048253606010989714,2
1414,27682,383132721,bootstrap_mean,2.81249051257786,NA,2.81249051257786,0.205659291400358,0.0731235502771015,2.8782283224269,2.18369314541011,2.91221334136365,20 m,0.02458098688571467,TRUE,0.7285201959535401,7
1415,30855,476000085,bootstrap_mean,2.85192950923534,NA,2.85192950923534,0.0101231441273327,0.00354957725797609,2.85397146891947,2.81933079774856,2.87120876168024,20 m,0.0012099471477403497,TRUE,0.05187796393167998,1
1416,32688,534236328,bootstrap_mean,2.89421707657199,NA,2.89421707657199,0.0163864790407964,0.00566180027525963,2.89665812171985,2.85504094731017,2.93298135561161,20 m,0.0019585588555818267,TRUE,0.07794040830144011,0
1417,32884,540662286,bootstrap_mean,2.93569739052897,NA,2.93569739052897,0.083730357689408,0.0285214538663063,2.9443435595201,2.25502078414743,2.97707612511173,20 m,0.010007691898018247,TRUE,0.7220553409643,1
1418,21209,224900236,bootstrap_mean,3.19356553594977,NA,3.19356553594977,0.207708522181678,0.065039693046382,3.25978396843143,2.55407310784038,3.29118450936715,20 m,0.024825916811410907,TRUE,0.7371114015267701,7
1423,19332,186853446,bootstrap_mean,2.87336406596643,NA,2.87336406596643,0.0113554990317046,0.00395198755570337,2.87367329617175,2.84615405237397,2.90731619790532,20 m,0.0013572417315962342,TRUE,0.06116214553135002,1
1424,9762,47643441,bootstrap_mean,2.79375856022948,NA,2.79375856022948,0.0117565413297196,0.00420814507634257,2.79281649380293,2.76791512604733,2.82272531391376,20 m,0.001405175454410308,TRUE,0.054810187866430216,0
15,33502,561175251,bootstrap_mean,2.89755989662347,NA,2.89755989662347,0.0138967199692319,0.00479600783591248,2.90015940101953,2.86644977557891,2.92649232300914,20 m,0.0016609757283134541,TRUE,0.060042547430230186,0
1500,28359,402102261,bootstrap_mean,2.87777191917505,NA,2.87777191917505,0.0103146365327924,0.00358424392984877,2.87639006885212,2.85481556477111,2.90290475426375,20 m,0.0012328348678879192,TRUE,0.04808918949263985,0
1501,28645,410253690,bootstrap_mean,2.84658180886508,NA,2.84658180886508,0.0112048077340469,0.00393623246630464,2.84784041918235,2.82417818931307,2.86845797110694,20 m,0.0013392306765824134,TRUE,0.04427978179387004,0
1502,24790,307259655,bootstrap_mean,2.80046245285587,NA,2.80046245285587,0.0122417888745547,0.00437134547619832,2.80038611036337,2.77390392976287,2.8397015150179,20 m,0.0014631736292299265,TRUE,0.0657975852550301,1
1503,30454,463707831,bootstrap_mean,2.79881674656085,NA,2.79881674656085,0.0131749794310801,0.00470733907365295,2.7983739442337,2.76531980870618,2.83005174168059,20 m,0.0015747112343419108,TRUE,0.06473193297440982,1
1504,30522,465780981,bootstrap_mean,2.89105804490312,NA,2.89105804490312,0.113805751241145,0.039364741030289,2.9126578302843402,2.22341583651737,2.9349001548559,20 m,0.013602388979020968,TRUE,0.7114843183385298,2
1505,28647,410310981,bootstrap_mean,2.95705853129121,NA,2.95705853129121,0.115259662630388,0.0389778089986131,2.97457217889719,2.28266777974767,3.01695591612368,20 m,0.013776164627807003,TRUE,0.7342881363760099,4
1506,25689,329949516,bootstrap_mean,2.92238033210621,NA,2.92238033210621,0.0821491177586024,0.0281103444531452,2.93264552261733,2.25308898400133,2.96022851627705,20 m,0.009818697577666168,TRUE,0.7071395322757197,1
1507,26059,339522711,bootstrap_mean,2.86681082917718,NA,2.86681082917718,0.0118315530681137,0.00412707840632426,2.86676288028632,2.84026804220025,2.8961165468313,20 m,0.0014141410719867617,TRUE,0.055848504631049956,1
1508,27892,388967886,bootstrap_mean,2.95871979602897,NA,2.95871979602897,0.0126722360459917,0.00428301323531876,2.95761809514636,2.92537713369957,2.9951174348916,20 m,0.0015146219066407833,TRUE,0.0697403011920299,3
1509,24656,303946840,bootstrap_mean,2.85286440456708,NA,2.85286440456708,0.0110546288658028,0.00387492263849125,2.8532936054824,2.82876846041523,2.87571210399327,20 m,0.0013212808685981324,TRUE,0.04694364357803993,0
1510,27016,364918620,bootstrap_mean,2.83194214830055,NA,2.83194214830055,0.00993702419271333,0.00350890790571994,2.83199483866599,2.80623760828344,2.8543691347345,20 m,0.001187701560677898,TRUE,0.048131526451060225,0
1511,27274,371921901,bootstrap_mean,2.89225371184676,NA,2.89225371184676,0.0114238805184942,0.00394981964123743,2.89205315349509,2.86897939809161,2.9181458109498,20 m,0.0013654148825322093,TRUE,0.049166412858190345,0
1512,30984,479988636,bootstrap_mean,2.76327276047858,NA,2.76327276047858,0.0101052686599037,0.0036569928254761,2.76352332557709,2.73766253499366,2.78844694904218,20 m,0.001207810620732713,TRUE,0.05078441404852008,2
1513,30848,475784128,bootstrap_mean,2.84700069903011,NA,2.84700069903011,0.0134497813161377,0.00472419319065134,2.84663482315164,2.80744368774588,2.88109708590319,20 m,0.0016075563418338973,TRUE,0.07365339815730998,5
1514,29927,447797701,bootstrap_mean,2.92166788904918,NA,2.92166788904918,0.0118954048471157,0.00407144319575177,2.9217172214899,2.89320604165453,2.95174770814196,20 m,0.0014217728192887705,TRUE,0.058541666487429644,0
1515,25343,321121153,bootstrap_mean,2.80300720227591,NA,2.80300720227591,0.0110639432029526,0.00394716902402862,2.80108055296972,2.78149565272177,2.82622807424679,20 m,0.0013223941448219753,TRUE,0.044732421525019994,0
1516,30819,474889971,bootstrap_mean,2.72132146014345,NA,2.72132146014345,0.0130705437798221,0.00480301352532351,2.72168621547496,2.69727288658611,2.75114211974184,20 m,0.0015622287865201076,TRUE,0.05386923315573,0
1517,35012,612902566,bootstrap_mean,2.81068999936212,NA,2.81068999936212,0.0114671277016721,0.00407982655656602,2.81176417318539,2.78632801714349,2.83973916392007,20 m,0.0013705839095929445,TRUE,0.05341114677658032,2
1518,35713,637691328,bootstrap_mean,2.9318486657167,NA,2.9318486657167,0.0112607605647304,0.00384083963691818,2.93141152566898,2.9057369798334,2.95277100158575,20 m,0.0013459183189830296,TRUE,0.047034021752350164,0
1519,11183,62524153,bootstrap_mean,2.80337426948803,NA,2.80337426948803,0.276932395024744,0.0987853809028928,2.93752463122318,2.23307654041762,2.97494883291095,20 m,0.03309975213850677,TRUE,0.7418722924933299,14
16,35228,620488378,bootstrap_mean,2.9135693199138,NA,2.9135693199138,0.0157752609389818,0.00541441071305919,2.91162117565078,2.87299333256104,2.94500193514036,20 m,0.0018855043193986398,TRUE,0.07200860257931962,0
1600,34296,588090660,bootstrap_mean,2.88011432070311,NA,2.88011432070311,0.0143008016048773,0.00496535901442486,2.87977907848709,2.84951465564971,2.91999572350533,20 m,0.001709272721456456,TRUE,0.0704810678556198,0
1601,32424,525641676,bootstrap_mean,2.85619581925023,NA,2.85619581925023,0.0127506875423012,0.00446422036485171,2.85540250558726,2.82435612295438,2.88757511319866,20 m,0.0015239986539242042,TRUE,0.0632189902442799,0
1602,24316,295621770,bootstrap_mean,2.80735352172303,NA,2.80735352172303,0.0114501897713928,0.00407864192478514,2.80657271920499,2.76393578448828,2.82862113781884,20 m,0.0013685594397076714,TRUE,0.0646853533305598,1
1603,30699,471198951,bootstrap_mean,2.76133943081574,NA,2.76133943081574,0.0821868550554677,0.0297634018253194,2.75130108581843,2.72905047081947,3.43209029661804,20 m,0.009823208047351404,TRUE,0.7030398257985699,1
1604,27484,377671386,bootstrap_mean,2.86373888724933,NA,2.86373888724933,0.0133698478690644,0.00466866861660923,2.86409336963687,2.83388318100382,2.89717896065104,20 m,0.0015980024675554248,TRUE,0.06329577964721977,2
1605,30335,460090945,bootstrap_mean,2.92324083748994,NA,2.92324083748994,0.0141004238545516,0.00482355872760011,2.92260778906925,2.89114361797012,2.95264137649564,20 m,0.0016853229994701218,TRUE,0.06149775852551986,0
1606,29498,435051253,bootstrap_mean,2.92781198602536,NA,2.92781198602536,0.0143256308659355,0.00489294768049065,2.92820022975557,2.89068139268606,2.95812735799155,20 m,0.0017122403857729952,TRUE,0.06744596530548996,0
1607,28980,419905710,bootstrap_mean,2.82746238748901,NA,2.82746238748901,0.0103563386231027,0.00366276795367025,2.82759477915384,2.80613858673494,2.85178374572225,20 m,0.0012378192210287108,TRUE,0.04564515898730992,0
1608,32091,514900095,bootstrap_mean,2.81672543562008,NA,2.81672543562008,0.012049600467141,0.00427787540622977,2.81426709011173,2.79093552002525,2.84376668761149,20 m,0.0014402027209375998,TRUE,0.05283116758623985,0
1609,35058,614514153,bootstrap_mean,2.77364326937751,NA,2.77364326937751,0.0141245946960209,0.0050924337862637,2.77449507432675,2.74630177961886,2.80073013059951,20 m,0.0016882119675937011,TRUE,0.05442835098065002,0
1610,37093,687926778,bootstrap_mean,2.7731266228849,NA,2.7731266228849,0.0114083145384813,0.00411388158201488,2.77129373131722,2.74149281135417,2.80239164544986,20 m,0.001363554392067835,TRUE,0.06089883409568975,1
1611,35829,641840706,bootstrap_mean,2.86508962260934,NA,2.86508962260934,0.0123237308970502,0.00430134219879185,2.86521922195137,2.83191304490725,2.88900459715652,20 m,0.001472967574189261,TRUE,0.057091552249270094,1
1612,27671,382828285,bootstrap_mean,2.88379807046166,NA,2.88379807046166,0.0128829537114245,0.0044673563809418,2.88397358716818,2.85427883165129,2.91763194889822,20 m,0.001539807484862527,TRUE,0.06335311724693016,1
1613,29108,423623278,bootstrap_mean,2.78798636841468,NA,2.78798636841468,0.0113513190368619,0.00407151167073912,2.78910462432157,2.7483678806583,2.81281831470136,20 m,0.0013567421266539477,TRUE,0.06445043404306006,2
1614,29840,445197880,bootstrap_mean,2.90385223483348,NA,2.90385223483348,0.0109309679704409,0.00376429896787354,2.90363067162055,2.87699127654374,2.93501619937409,20 m,0.0013065005645988875,TRUE,0.05802492283034999,1
1615,25752,331569876,bootstrap_mean,2.89542411949395,NA,2.89542411949395,0.0145423937696856,0.00502254356167595,2.89400099174666,2.86948244612692,2.92362332654616,20 m,0.001738148508173447,TRUE,0.054140880419240034,0
1616,30721,471874560,bootstrap_mean,2.81319439584063,NA,2.81319439584063,0.0808637891047277,0.0287444725555712,2.80234009227943,2.78149387241446,3.4739893879196,20 m,0.009665071419715338,TRUE,0.69249551550514,1
1617,31133,484616278,bootstrap_mean,2.77856078143039,NA,2.77856078143039,0.138713734210098,0.0499228719908331,2.75071837221884,2.71466921151053,3.43395225868623,20 m,0.016579462363551612,TRUE,0.7192830471756997,3
1618,33697,567727056,bootstrap_mean,2.8002322165939,NA,2.8002322165939,0.0129575732239993,0.00462732095831695,2.79949020611688,2.77524617270839,2.83196154878563,20 m,0.0015487262224869259,TRUE,0.05671537607724009,0
1619,35690,636870205,bootstrap_mean,2.74729887009369,NA,2.74729887009369,0.0126710282969547,0.00461217686757268,2.74912239032294,2.71418842867011,2.77981735511126,20 m,0.0015144775530205915,TRUE,0.06562892644114982,8
1620,25080,314490660,bootstrap_mean,2.85878080843071,NA,2.85878080843071,0.0125280201602901,0.00438229476122976,2.86020217827956,2.82627898673478,2.88583365059564,20 m,0.0014973848113896784,TRUE,0.05955466386085995,0
1621,3518,6186403,bootstrap_mean,3.09726121420921,NA,3.09726121420921,0.00575967003935325,0.00185960099617358,3.09769346326139,3.08085747450483,3.11002176611002,20 m,6.884122411361157e-4,TRUE,0.029164291605189963,2
17,33981,577337190,bootstrap_mean,2.81539495246102,NA,2.81539495246102,0.0861485774073026,0.0305991091345808,2.82547761889007,2.11821843033912,2.85720720171709,20 m,0.010296724437066664,TRUE,0.7389887713779699,1
1700,32922,541912581,bootstrap_mean,2.74094678184748,NA,2.74094678184748,0.139056478875559,0.0507330094099203,2.71125166174084,2.68012852369616,3.39936461392984,20 m,0.016620428186537188,TRUE,0.7192360902336801,4
1701,35150,617743675,bootstrap_mean,2.7877704956014,NA,2.7877704956014,0.0132566060652319,0.00475527167180672,2.78926045880182,2.75005384723852,2.81419839534353,20 m,0.0015844674831841012,TRUE,0.06414454810501002,3
1702,26131,341401515,bootstrap_mean,2.7702018477729,NA,2.7702018477729,0.0101521942486986,0.00366478502527187,2.76955787773538,2.74915700979848,2.79103000992126,20 m,0.0012134193013564657,TRUE,0.041873000122779835,0
1703,25620,328179390,bootstrap_mean,2.85647240430011,NA,2.85647240430011,0.0103760751507164,0.00363247869473422,2.8583468562669,2.82510727953923,2.8746289303436,20 m,0.001240178187273992,TRUE,0.04952165080436988,2
1704,25965,337077630,bootstrap_mean,2.79117920082927,NA,2.79117920082927,0.0125838120403338,0.00450842140002875,2.79205737152987,2.75209330166673,2.81481139870635,20 m,0.0015040532165093567,TRUE,0.06271809703961972,2
1705,29964,448905666,bootstrap_mean,2.8001528290367,NA,2.8001528290367,0.11615606084834,0.0414820432812945,2.7788911600805,2.76004783102193,3.47709944745703,20 m,0.013883304707352263,TRUE,0.7170516164351,3
1706,31480,495479460,bootstrap_mean,2.80633196515325,NA,2.80633196515325,0.117179235862459,0.0417553009827403,2.82456593217284,2.12949345072639,2.85688988420238,20 m,0.014005597512275378,TRUE,0.7273964334759899,2
1707,27505,378248760,bootstrap_mean,2.80425468667079,NA,2.80425468667079,0.0114398495098686,0.0040794616709547,2.80423709050523,2.77520826251307,2.83103329427463,20 m,0.0013673235420674991,TRUE,0.05582503176156006,2
1708,26584,353341236,bootstrap_mean,2.79376337117263,NA,2.79376337117263,0.0145856561504773,0.0052207915319454,2.79283437889326,2.76292949811356,2.8264936644328,20 m,0.0017433193516964629,TRUE,0.06356416631924011,0
1709,32656,533190840,bootstrap_mean,2.83207158794046,NA,2.83207158794046,0.0100656461805093,0.00355416375185249,2.83222359615744,2.8130001919678,2.85163632428819,20 m,0.001203074828638218,TRUE,0.03863613232039009,0
1710,35038,613813203,bootstrap_mean,2.77656464424144,NA,2.77656464424144,0.0118333931566,0.0042618828202478,2.77691512496407,2.7446044286213,2.80032581763363,20 m,0.0014143610046270147,TRUE,0.055721389012330036,1
1711,35774,639871651,bootstrap_mean,2.75600317062448,NA,2.75600317062448,0.24185518532637,0.0877557718018038,2.85032337904397,2.1483114046674,2.89386332465928,20 m,0.028907223681794925,TRUE,0.7455519199918799,10
1712,29303,429318253,bootstrap_mean,2.84514518864483,NA,2.84514518864483,0.011696393377653,0.00411100052972133,2.84420216353528,2.81798767321419,2.86900002492636,20 m,0.0013979863991000205,TRUE,0.05101235171216967,0
1713,23652,279696726,bootstrap_mean,2.86732052926328,NA,2.86732052926328,0.010131520665242,0.00353344544561439,2.86785546828662,2.84483572573139,2.89204705452959,20 m,0.0012109483355159866,TRUE,0.047211328798200114,0
1714,29353,430784628,bootstrap_mean,2.75892530110646,NA,2.75892530110646,0.115294409933697,0.0417896091233273,2.73969039094594,2.71489372194194,3.42880772568313,20 m,0.013780317724908215,TRUE,0.71391400374119,3
1715,25605,327795210,bootstrap_mean,2.86007328419469,NA,2.86007328419469,0.0130837386413807,0.00457461657142982,2.860113337829,2.82735591643112,2.88563820260411,20 m,0.001563805874123212,TRUE,0.05828228617298992,0
1716,24250,294019125,bootstrap_mean,2.79920058738361,NA,2.79920058738361,0.0103650532434835,0.00370286191357641,2.79797778887068,2.77542771865334,2.82428729826793,20 m,0.0012388608173885729,TRUE,0.048859579614589865,0
1717,20865,217663680,bootstrap_mean,2.78767773689792,NA,2.78767773689792,0.0126340523969446,0.00453210650202472,2.78637587886984,2.76052186176445,2.81926380457532,20 m,0.0015100580876657957,TRUE,0.058741942810870196,0
1718,26499,351085251,bootstrap_mean,2.75809767846834,NA,2.75809767846834,0.142363702733733,0.0516166283178165,2.75001036640844,2.07842278274262,3.4480727587368,20 m,0.01701571704381347,TRUE,1.36964997599418,3
1719,33046,546002535,bootstrap_mean,2.7912084496763,NA,2.7912084496763,0.0114897631299699,0.00411641170379174,2.79162579893957,2.76646572350778,2.82291761154745,20 m,0.0013732893607415512,TRUE,0.05645188803966983,2
1720,35989,647586066,bootstrap_mean,2.82778995987921,NA,2.82778995987921,0.0110246071567761,0.00389866549962819,2.82791860131146,2.80118254024893,2.86011114877567,20 m,0.00131769258804515,TRUE,0.05892860852673998,1
1721,30471,464225685,bootstrap_mean,2.98433975496297,NA,2.98433975496297,0.0830431883958077,0.0278263184537573,2.99468316190655,2.31017503155306,3.02169976426758,20 m,0.00992555945810153,TRUE,0.71152473271452,1
1722,17955,161182035,bootstrap_mean,3.05855778484128,NA,3.05855778484128,0.0112075933765222,0.00366433926214144,3.05724394654671,3.03846342597682,3.08839811285897,20 m,0.0013395636245405991,TRUE,0.04993468688214975,1
18,29725,441772950,bootstrap_mean,2.81795039203835,NA,2.81795039203835,0.0134057442582724,0.00475726765671534,2.81765301596168,2.78854363251152,2.84694128653189,20 m,0.0016022929066907454,TRUE,0.058397654020370116,0
1800,29990,449685055,bootstrap_mean,2.77191289044029,NA,2.77191289044029,0.139904880761987,0.0504723222885136,2.74278932505769,2.71469718480558,3.4298561118293,20 m,0.01672183160722439,TRUE,0.7151589270237202,7
1801,30306,459211665,bootstrap_mean,2.7782757428621,NA,2.7782757428621,0.0119505529291389,0.00430142794855481,2.77856724351628,2.75061159510934,2.80385994027556,20 m,0.001428364275827175,TRUE,0.05324834516622001,1
1802,33232,552166296,bootstrap_mean,2.78982998225387,NA,2.78982998225387,0.0108196629728594,0.00387825173637223,2.78980391954447,2.75774987894615,2.81156539196481,20 m,0.0012931970728517572,TRUE,0.05381551301865972,1
1803,22133,244923778,bootstrap_mean,2.86305133270557,NA,2.86305133270557,0.0108368678608168,0.00378507634041477,2.86290698935772,2.83937465331844,2.89120586003816,20 m,0.0012952534502824649,TRUE,0.05183120671971997,6
1804,25809,333039336,bootstrap_mean,2.78332647999513,NA,2.78332647999513,0.0106314789344467,0.00381970243550633,2.78648123319915,2.74972945905215,2.80516466216038,20 m,0.001270704778198663,TRUE,0.055435203108229913,1
1805,25420,323075490,bootstrap_mean,2.84709684644686,NA,2.84709684644686,0.0117588092162262,0.00413010510369572,2.84771682103876,2.82162124127295,2.87240114928816,20 m,0.0014054465186938492,TRUE,0.05077990801521004,0
1806,30818,474859153,bootstrap_mean,2.75029707776978,NA,2.75029707776978,0.0117703338747406,0.00427965908478701,2.75013165297781,2.7266852106185002,2.78372201911134,20 m,0.0014068239788507712,TRUE,0.057036808492839874,1
1807,24396,297570210,bootstrap_mean,2.88322656827726,NA,2.88322656827726,0.0105465851833415,0.00365791065446624,2.8817533386736,2.85971632229953,2.91282507716398,20 m,0.0012605580341911982,TRUE,0.05310875486444999,1
1808,25871,334641385,bootstrap_mean,2.79420623000261,NA,2.79420623000261,0.0840830543491794,0.0300919285936532,2.78459302481618,2.75835734827823,3.48200390936082,20 m,0.010049847211835793,TRUE,0.7236465610825902,1
1809,27495,377973765,bootstrap_mean,2.77325867170056,NA,2.77325867170056,0.0105345057584964,0.003798601935692,2.77421582431972,2.74481306867785,2.79934652114026,20 m,0.0012591142667752815,TRUE,0.05453345246241037,5
1810,30049,451456176,bootstrap_mean,2.75433055658025,NA,2.75433055658025,0.0140096239858519,0.00508639892636782,2.75495908595872,2.72115767471417,2.79699649708632,20 m,0.001674470339390753,TRUE,0.07583882237215,4
1811,31682,501858721,bootstrap_mean,2.86987024635674,NA,2.86987024635674,0.218466646079066,0.0761242242071417,2.94367542183552,2.24848803746601,2.98729819810781,20 m,0.02611175855790312,TRUE,0.7388101606418003,8
1812,21376,228456000,bootstrap_mean,2.93173830475672,NA,2.93173830475672,0.00968373268763175,0.00330306858286771,2.93184264700841,2.90368924708197,2.95463069666367,20 m,0.0011574274353404108,TRUE,0.050941449581700216,0
1813,21797,237543706,bootstrap_mean,2.87307986227856,NA,2.87307986227856,0.013203303160871,0.00459552250329717,2.87260580995767,2.83214295172058,2.90255312523985,20 m,0.001578096567558825,TRUE,0.07041017351927037,1
1814,26549,352411426,bootstrap_mean,2.78202742222739,NA,2.78202742222739,0.205822197991928,0.0739828070519661,2.71499935309942,2.68499994800438,3.40235556882169,20 m,0.024600457947604033,TRUE,0.7173556208173104,7
1815,27003,364567503,bootstrap_mean,2.78143966323712,NA,2.78143966323712,0.0138715210719008,0.00498717310148541,2.7821375670217,2.75034128394198,2.81793439759745,20 m,0.001657963884012073,TRUE,0.06759311365546994,1
1816,24187,292493391,bootstrap_mean,2.84211787785313,NA,2.84211787785313,0.0133378397645783,0.00469292279131415,2.84232078987964,2.81308095735386,2.87123247224618,20 m,0.0015941767673341898,TRUE,0.058151514892319955,0
1817,22939,263087391,bootstrap_mean,2.76577010368818,NA,2.76577010368818,0.113542039220714,0.0410525947436138,2.7475502564098,2.70954671219455,3.42118735939927,20 m,0.013570869363876517,TRUE,0.7116406472047201,4
1818,22014,242297091,bootstrap_mean,2.79574492298826,NA,2.79574492298826,0.116694338233597,0.0417399803802084,2.77587729577099,2.75715462782778,3.4761594298461,20 m,0.01394764116041395,TRUE,0.7190048020183202,2
1819,29421,432782910,bootstrap_mean,2.81050124875535,NA,2.81050124875535,0.0120534263805531,0.00428871055862047,2.8113804781988,2.77618273420752,2.83784445392342,20 m,0.0014406600050542975,TRUE,0.061661719715900176,2
1820,32905,541353060,bootstrap_mean,2.83642336249834,NA,2.83642336249834,0.011393708488994,0.00401692802267653,2.83616673800662,2.80224312246898,2.86051517453218,20 m,0.0013618086352461774,TRUE,0.058272052063200075,2
1821,35828,641804878,bootstrap_mean,2.99638527241713,NA,2.99638527241713,0.011087201737109,0.00370019230810235,2.99595418218755,2.97298832432661,3.02534338425902,20 m,0.0013251740713654664,TRUE,0.052355059932410075,0
1822,27606,381031815,bootstrap_mean,2.89984397308117,NA,2.89984397308117,0.00983502915356677,0.00339157183795539,2.89964233170252,2.87919623666541,2.92223749254931,20 m,0.001175510821798083,TRUE,0.0430412558839004,0
19,28055,393527485,bootstrap_mean,2.87651060455018,NA,2.87651060455018,0.0153131317625556,0.00532350958078606,2.87806715422022,2.84021938765932,2.9063678804351,20 m,0.001830269318111366,TRUE,0.06614849277577983,0
1900,28056,393555540,bootstrap_mean,2.8829585984958,NA,2.8829585984958,0.301422051141982,0.104553028024492,2.71314427968603,2.67575084966785,3.41142620285974,20 m,0.03602682590091516,TRUE,0.73567535319189,0
1901,27843,387602403,bootstrap_mean,2.78767768033936,NA,2.78767768033936,0.0809416784089676,0.0290355226430317,2.79724146349748,2.12898296416821,2.83505034471868,20 m,0.009674380972194205,TRUE,0.7060673805504702,4
1902,29038,421588203,bootstrap_mean,2.78245210553556,NA,2.78245210553556,0.0116808136179857,0.00419802863623323,2.78219690940269,2.75153328786238,2.80546449957381,20 m,0.0013961242616519296,TRUE,0.053931211711430116,0
1903,24653,303872878,bootstrap_mean,2.89867374001785,NA,2.89867374001785,0.0121334720903304,0.00418587022155026,2.89831804158549,2.86815253863249,2.92697910005939,20 m,0.0014502272972923282,TRUE,0.058826561426899904,0
1904,23255,270385885,bootstrap_mean,2.88306666734431,NA,2.88306666734431,0.0106328552854173,0.00368803656393127,2.88392945794575,2.8633718155333,2.91229072477305,20 m,0.0012708692836043175,TRUE,0.048918909239750175,0
1905,25281,319551840,bootstrap_mean,2.90290694905038,NA,2.90290694905038,0.0108014094788362,0.00372089414797456,2.90160582257491,2.8805322696489,2.93237032227751,20 m,0.0012910153630240728,TRUE,0.051838052628609965,1
1906,26465,350184880,bootstrap_mean,2.77437340203042,NA,2.77437340203042,0.011520008367614,0.00415229195867547,2.77496164223724,2.74379555654357,2.79849512844437,20 m,0.0013769043580743859,TRUE,0.054699571900800326,0
1907,24968,311688028,bootstrap_mean,2.90159959027836,NA,2.90159959027836,0.0115560741463893,0.00398265638894741,2.90288816775296,2.87614826164814,2.93104954364049,20 m,0.0013812150431354022,TRUE,0.054901281992350004,0
1908,26123,341192503,bootstrap_mean,2.84202618120489,NA,2.84202618120489,0.0126797701643786,0.00446152475590602,2.84243387577181,2.81114553009169,2.87813880001582,20 m,0.0015155224060249969,TRUE,0.06699326992413024,1
1909,23079,266308581,bootstrap_mean,2.74984768939358,NA,2.74984768939358,0.0122277855844604,0.00444671376950225,2.7504762223823,2.72109426009035,2.78143060635488,20 m,0.0014614999159353749,TRUE,0.06033634626452988,0
1910,25613,328000078,bootstrap_mean,2.79976085257441,NA,2.79976085257441,0.0130947783329283,0.00467710601813992,2.80119569024351,2.77353743772312,2.83043705889684,20 m,0.001565125369640804,TRUE,0.05689962117372005,0
1911,24013,288300078,bootstrap_mean,2.79468004015341,NA,2.79468004015341,0.0108636776434719,0.00388727063112226,2.7956025488807,2.77206801760125,2.81588420485133,20 m,0.001298457832206406,TRUE,0.04381618725007996,0
1912,19343,187066153,bootstrap_mean,2.91349807389878,NA,2.91349807389878,0.0107359300421786,0.00368489347508373,2.91405846550402,2.89124126337562,2.94687920463438,20 m,0.0012831890734224466,TRUE,0.055637941258760204,0
1913,20520,210524940,bootstrap_mean,2.82343087892741,NA,2.82343087892741,0.00945714926057085,0.00334952391827759,2.82234587715546,2.80435381945064,2.85150638492455,20 m,0.0011303455358979886,TRUE,0.04715256547391,1
1914,22180,245965110,bootstrap_mean,2.77085614576463,NA,2.77085614576463,0.0105707416577677,0.00381497309917209,2.77046174431414,2.74997658371956,2.80406758289482,20 m,0.001263445285124683,TRUE,0.054090999175259835,1
1915,23905,285712560,bootstrap_mean,2.79862663624463,NA,2.79862663624463,0.0112879783339019,0.00403339916361577,2.79896223624719,2.77208300424259,2.82163211919706,20 m,0.0013491714646226333,TRUE,0.049549114954469786,0
1916,24230,293534335,bootstrap_mean,2.8161537306795,NA,2.8161537306795,0.0112914802636481,0.00400953972811834,2.81635945915161,2.78513535890153,2.8529418139827,20 m,0.001349590025284687,TRUE,0.06780645508116967,2
1917,23686,280501455,bootstrap_mean,2.8845932145551,NA,2.8845932145551,0.0123235208255862,0.00427218672061074,2.88586116946581,2.85936470423856,2.91834267568554,20 m,0.001472942465846883,TRUE,0.058977971446979804,1
1918,24967,311663061,bootstrap_mean,2.78245310147619,NA,2.78245310147619,0.0122380566944074,0.00439829756264884,2.78145002612522,2.75708912317931,2.81526469986095,20 m,0.0014627275483812022,TRUE,0.058175576681640084,2
1919,24055,289309485,bootstrap_mean,2.81914992706993,NA,2.81914992706993,0.0113050631893156,0.00401009647651677,2.82112402418727,2.79091262237916,2.84229019408112,20 m,0.001351213495420313,TRUE,0.05137757170196,0
1920,27564,379873266,bootstrap_mean,2.83182132838708,NA,2.83182132838708,0.0113504117064046,0.00400816661440622,2.83233042159049,2.80704352244169,2.86321706421959,20 m,0.001356633679921879,TRUE,0.05617354177790013,0
1921,26064,339653016,bootstrap_mean,2.8174159809973,NA,2.8174159809973,0.193799904668236,0.0687864007215703,2.7605712577181,2.73225632721098,3.45567050379476,20 m,0.023163519054575376,TRUE,0.72341417658378,6
2,26793,358919028,bootstrap_mean,2.81418913500395,NA,2.81418913500395,0.0113479093129678,0.00403239042174465,2.81304113988112,2.79189067883789,2.83546264353766,20 m,0.0013563345866991318,TRUE,0.043571964699770316,0
20,30771,473411835,bootstrap_mean,2.73715537208225,NA,2.73715537208225,0.115198156335285,0.0420868166674986,2.71737144076307,2.69251214466685,3.40231495178671,20 m,0.013768813219450875,TRUE,0.7098028071198601,2
200,27513,378468828,bootstrap_mean,2.77830545692635,NA,2.77830545692635,0.13743624539435,0.0494676512446532,2.74973993964573,2.72662364973027,3.43048347765189,20 m,0.01642677324548294,TRUE,0.7038598279216202,3
201,29578,437414253,bootstrap_mean,2.87897521342584,NA,2.87897521342584,0.0123170057535615,0.00427826043660336,2.87778098391821,2.84759829863976,2.91126241080654,20 m,0.0014721637657993036,TRUE,0.06366411216678003,0
202,22238,247253203,bootstrap_mean,2.96003517727559,NA,2.96003517727559,0.0107848395895717,0.00364348358842751,2.96025773751286,2.93170087381726,2.98655291335212,20 m,0.0012890348824538295,TRUE,0.05485203953485973,3
203,30973,479647878,bootstrap_mean,2.89265976161327,NA,2.89265976161327,0.0132731313000089,0.00458855599823683,2.89174862553184,2.86629762516331,2.92156962719924,20 m,0.001586442626522245,TRUE,0.05527200203593008,0
204,27638,381915703,bootstrap_mean,2.7834267551269,NA,2.7834267551269,0.011448417752524,0.00411306592905191,2.78314905279104,2.75987575955869,2.81047763481698,20 m,0.0013683476429428446,TRUE,0.050601875258290185,0
205,28862,416493091,bootstrap_mean,2.88475960159479,NA,2.88475960159479,0.0105688212563876,0.00366367486931835,2.88504726672193,2.85912595656835,2.91572362639601,20 m,0.0012632157532575928,TRUE,0.05659766982766001,1
206,23348,272552878,bootstrap_mean,2.95886241130822,NA,2.95886241130822,0.0119774765171179,0.00404800049888843,2.96011855298087,2.93489433236441,2.98377280226264,20 m,0.0014315822600890183,TRUE,0.04887846989822986,0
207,26316,346252770,bootstrap_mean,2.86801428403613,NA,2.86801428403613,0.0112210263816782,0.0039124722788643,2.86583223306807,2.84442820430016,2.8929416461595,20 m,0.0013411691757477778,TRUE,0.048513441859340034,0
208,28712,412175116,bootstrap_mean,2.74942498602281,NA,2.74942498602281,0.0117391892660175,0.00426968887156251,2.75009576107955,2.72148818509612,2.77692793565368,20 m,0.0014031014861135337,TRUE,0.0554397505575599,0
209,31785,505127220,bootstrap_mean,2.78525673940171,NA,2.78525673940171,0.248390420227863,0.0891804395314809,2.68160356837222,2.65730001512379,3.38136390142534,20 m,0.029688333654093433,TRUE,0.72406388630155,11
21,31658,501098653,bootstrap_mean,2.74104590530849,NA,2.74104590530849,0.220298626051343,0.0803702796894784,2.66344053497597,2.63504742489927,3.35993160239569,20 m,0.026330722045362433,TRUE,0.7248841774964201,8
210,31062,482408391,bootstrap_mean,2.75638029711198,NA,2.75638029711198,0.0120350148653849,0.00436623889598785,2.75740753885351,2.73441880939127,2.7850670822438,20 m,0.0014384594080872747,TRUE,0.05064827285253015,0
211,29541,436320570,bootstrap_mean,2.77473639337146,NA,2.77473639337146,0.0110215454958972,0.00397210543034878,2.77603750060326,2.74256609957491,2.7955669093437,20 m,0.001317326649577696,TRUE,0.053000809768789736,1
212,28345,401705340,bootstrap_mean,2.81704494057219,NA,2.81704494057219,0.0113157381900614,0.00401688238163605,2.8167176042649,2.78185275641951,2.839642518742,20 m,0.0013524894020499176,TRUE,0.05778976232249011,2
213,27833,387324028,bootstrap_mean,2.80309348854162,NA,2.80309348854162,0.0119288197302172,0.00425559110995741,2.80190072500702,2.78263615896846,2.83128176955492,20 m,0.001425766661714818,TRUE,0.04864561058646011,0
214,30135,454044045,bootstrap_mean,2.70377886537279,NA,2.70377886537279,0.0130503043718191,0.0048266907249531,2.704034534899,2.65223379857089,2.73152314503121,20 m,0.00155980971457199,TRUE,0.07928934646031971,1
215,29352,430755276,bootstrap_mean,2.86284241074058,NA,2.86284241074058,0.0133191344566922,0.00465241621638778,2.86159303801556,2.82812300429095,2.89214312188839,20 m,0.0015919410554210021,TRUE,0.06402011759743997,1
216,31446,494409735,bootstrap_mean,2.83440054570714,NA,2.83440054570714,0.0138945790787617,0.00490212263746768,2.83506790249797,2.79372238438725,2.86507593343849,20 m,0.0016607198429595105,TRUE,0.07135354905124025,3
217,31908,509044278,bootstrap_mean,2.8195728609412,NA,2.8195728609412,0.0123050143456872,0.00436414129109602,2.81846240898988,2.78764152821904,2.84644405836807,20 m,0.0014707305184235475,TRUE,0.05880253014903003,0
218,34391,591353245,bootstrap_mean,2.61508460391247,NA,2.61508460391247,0.0130308509428241,0.00498295578021775,2.61521549442847,2.56755400206081,2.64980708520559,20 m,0.0015574845850835422,TRUE,0.08225308314478008,3
219,29380,431577510,bootstrap_mean,2.8876492124115,NA,2.8876492124115,0.0803015677772792,0.0278086297435756,2.89661856095794,2.236055890851,2.92897362538645,20 m,0.009597873118180897,TRUE,0.6929177345354498,1
22,30694,471045471,bootstrap_mean,2.73972707437973,NA,2.73972707437973,0.0137507852215346,0.00501903468784305,2.73915365892591,2.70400944923608,2.77162223292994,20 m,0.001643533189759073,TRUE,0.06761278369386003,2
220,28540,407251530,bootstrap_mean,2.84280084593243,NA,2.84280084593243,0.114792872433453,0.0403802020101768,2.86283945765202,2.17247310279945,2.88898900255473,20 m,0.013720372528013648,TRUE,0.7165158997552799,2
221,31475,495322075,bootstrap_mean,2.71869465191659,NA,2.71869465191659,0.0137753969682824,0.00506691582983445,2.71863111489272,2.67752811810111,2.74556729925871,20 m,0.0016464748561429393,TRUE,0.06803918115760021,1
222,28689,411515016,bootstrap_mean,2.66175594943241,NA,2.66175594943241,0.138389362082838,0.0519917545830405,2.63239492810296,2.59788340595389,3.31565660442009,20 m,0.016540692478894434,TRUE,0.7177731984662001,5
223,30793,474089028,bootstrap_mean,2.80824586541447,NA,2.80824586541447,0.296498253869739,0.105581301666398,2.64741701616216,2.60945835698729,3.35828453800041,20 m,0.03543831956428041,TRUE,0.7488261810131198,17
224,29570,437177665,bootstrap_mean,2.75309649939738,NA,2.75309649939738,0.081905694591639,0.0297503900097826,2.76083332664745,2.08756995000186,2.79291691840926,20 m,0.009789602944333224,TRUE,0.7053469684074001,2
23,27531,378964215,bootstrap_mean,2.86091445447738,NA,2.86091445447738,0.114770592679733,0.0401167509570638,2.88130610052902,2.19317833043746,2.91816796404265,20 m,0.01371770958810814,TRUE,0.72498963360519,4
24,15470,119652715,bootstrap_mean,2.69866642637982,NA,2.69866642637982,0.321035160776906,0.11896066799466,2.91415948058322,2.21848487718144,2.94013682820007,20 m,0.038371040876282486,TRUE,0.7216519510186301,0
3,30234,457032261,bootstrap_mean,2.74771347459471,NA,2.74771347459471,0.0819743548151376,0.0298336619058248,2.73872071728098,2.71491365215472,3.41750332546749,20 m,0.009797809410678105,TRUE,0.7025896733127697,1
300,23505,276230760,bootstrap_mean,2.78560950989544,NA,2.78560950989544,0.0819476977618779,0.029418228746984,2.77676506164244,2.74450102163168,3.45337970404791,20 m,0.009794623283408452,TRUE,0.7088786824162301,4
301,27711,383935905,bootstrap_mean,2.77957171126768,NA,2.77957171126768,0.0107840782499235,0.0038797625570182598,2.7796569977693,2.75714285343952,2.80372566313291,20 m,0.0012889438849609345,TRUE,0.046582809693390015,0
302,26326,346515975,bootstrap_mean,2.84573939709323,NA,2.84573939709323,0.011562909638072,0.00406323560403418,2.84605061653961,2.81742850478188,2.86885455803481,20 m,0.0013820320406572053,TRUE,0.05142605325293026,0
303,31667,501383611,bootstrap_mean,2.84534000334324,NA,2.84534000334324,0.0117708446366529,0.00413688509029581,2.84414595548993,2.81261833411988,2.87059475905395,20 m,0.001406885026575785,TRUE,0.05797642493407018,1
304,31554,497811681,bootstrap_mean,2.78744531516698,NA,2.78744531516698,0.0125095270253811,0.00448781074100884,2.78451795900286,2.76225769281149,2.82215300198401,20 m,0.0014951744589977265,TRUE,0.05989530917252006,0
305,28867,416637411,bootstrap_mean,2.896619588277,NA,2.896619588277,0.0113202255412209,0.00390808153995621,2.89757127795813,2.86791245624031,2.92226464378047,20 m,0.0013530257430985138,TRUE,0.054352187540160024,0
306,23187,268806891,bootstrap_mean,3.01402022822319,NA,3.01402022822319,0.082511399478176,0.0273758612186945,3.02348816838009,2.34064464330641,3.04543622794673,20 m,0.00986199852525349,TRUE,0.7047915846403199,1
307,28862,416493091,bootstrap_mean,2.9678973693955,NA,2.9678973693955,0.0125015050111398,0.00421224303106079,2.96685472295641,2.9419958160604,2.99408612927399,20 m,0.0014942156449051576,TRUE,0.05209031321358992,0
308,27618,381363153,bootstrap_mean,2.82710493102307,NA,2.82710493102307,0.0110159371935823,0.00389654344722036,2.82714132017761,2.80314837982783,2.85330490016135,20 m,0.0013166563292400396,TRUE,0.05015652033352014,0
309,28196,397493110,bootstrap_mean,2.71085581888456,NA,2.71085581888456,0.0834450672470455,0.0307818168217374,2.70143524132253,2.6768040418909,3.39177516324747,20 m,0.009973593168150116,TRUE,0.7149711213565704,1
310,30655,469849185,bootstrap_mean,2.74375626324239,NA,2.74375626324239,0.11589443865934,0.0422393345254303,2.72406210157722,2.69105821554642,3.41539057312914,20 m,0.013852034874839313,TRUE,0.7243323575827199,2
311,26976,363838800,bootstrap_mean,2.83845681656502,NA,2.83845681656502,0.0110786475665021,0.00390305306103232,2.83869633299721,2.81542533913528,2.86680609541301,20 m,0.0013241516524216167,TRUE,0.051380756277729756,0
312,28932,418515846,bootstrap_mean,2.91652613776148,NA,2.91652613776148,0.0138377742318024,0.00474460833820034,2.91424460002263,2.88853762060934,2.9502926497088,20 m,0.001653930365136049,TRUE,0.06175502909945996,0
313,29470,434225715,bootstrap_mean,2.7677714614906,NA,2.7677714614906,0.0109944303888724,0.00397230426783551,2.76632514495707,2.74173983925795,2.79510411670124,20 m,0.0013140857744115757,TRUE,0.053364277443289865,3
314,29387,431783191,bootstrap_mean,2.69981563144888,NA,2.69981563144888,0.176292266339045,0.0652978908209506,2.65304389099777,2.62083750486703,3.34091860212949,20 m,0.021070956033282528,TRUE,0.7200810972624603,5
315,31290,489516405,bootstrap_mean,2.87552503535802,NA,2.87552503535802,0.0129516592971052,0.00450410242924302,2.87544790047026,2.84699855449421,2.9019618935937,20 m,0.001548019373025192,TRUE,0.05496333909949014,0
316,32620,532015890,bootstrap_mean,2.81534001836016,NA,2.81534001836016,0.231330470169895,0.0821678620206725,2.90091615443814,2.20705288180221,2.93654164289336,20 m,0.027649279615783503,TRUE,0.72948876109115,9
317,31152,485207976,bootstrap_mean,2.79553240293147,NA,2.79553240293147,0.0118555655932593,0.00424089721901532,2.79681766491445,2.7577152415176,2.82332117829632,20 m,0.0014170111176903999,TRUE,0.06560593677872006,1
318,31804,505731306,bootstrap_mean,2.79337399043578,NA,2.79337399043578,0.0129574358046279,0.00463863265319747,2.79245796814831,2.7644314776409,2.82775218562165,20 m,0.0015487097977305085,TRUE,0.06332070798075007,1
319,34130,582411385,bootstrap_mean,2.73887484923156,NA,2.73887484923156,0.0107881949131578,0.00393891488549929,2.73904983579852,2.71737919973988,2.76852992023066,20 m,0.0012894359203281978,TRUE,0.05115072049078018,2
320,31381,492367890,bootstrap_mean,2.88466110414884,NA,2.88466110414884,0.0127195319074692,0.00440936784191925,2.88514312331021,2.84617220673474,2.90953064072601,20 m,0.0015202748433148859,TRUE,0.06335843399127006,2
321,28835,415714195,bootstrap_mean,2.86945595858669,NA,2.86945595858669,0.0110212437960725,0.00384088271614416,2.86930994225372,2.84171373294326,2.90175026755605,20 m,0.0013172905895515047,TRUE,0.06003653461279024,2
322,31157,485363746,bootstrap_mean,2.72068753092739,NA,2.72068753092739,0.0124754959518595,0.00458542034322,2.71990984547313,2.68819406009881,2.7495570416224,20 m,0.0014911069677297887,TRUE,0.06136298152358988,1
323,31114,484024941,bootstrap_mean,2.77892997122322,NA,2.77892997122322,0.0124818935607409,0.00449161860500092,2.77955341451255,2.75128861256108,2.80823374274479,20 m,0.001491871628246427,TRUE,0.05694513018371028,0
324,29835,445048695,bootstrap_mean,2.7176306488753,NA,2.7176306488753,0.138382321075164,0.0509202091654485,2.68840052831823,2.66081786703759,3.38150562036253,20 m,0.01653985091751338,TRUE,0.7206877533249401,8
4,27805,386545110,bootstrap_mean,2.7639344975755,NA,2.7639344975755,0.0817158819554726,0.0295650573583249,2.75559703773519,2.7282682074087,3.43038640770949,20 m,0.009766915995017297,TRUE,0.7021182003007902,1
400,28126,395521875,bootstrap_mean,2.87185245101868,NA,2.87185245101868,0.0116372714307505,0.00405218291302626,2.87073850171267,2.84483204315833,2.8956282225276,20 m,0.001390919974862279,TRUE,0.05079617936927017,0
401,25498,325061253,bootstrap_mean,2.80354969684062,NA,2.80354969684062,0.0819908893312741,0.0292453846720361,2.79472577309802,2.77048129308756,3.47361816769743,20 m,0.009799785663350892,TRUE,0.7031368746098696,1
402,28142,395972011,bootstrap_mean,2.81065175839686,NA,2.81065175839686,0.00932081605244438,0.00331624721013491,2.80984453692084,2.78678357519211,2.82836798252607,20 m,0.001114050600822479,TRUE,0.04158440733395974,0
403,31493,495888778,bootstrap_mean,2.79570534855648,NA,2.79570534855648,0.0809168868857796,0.0289432814969431,2.78499293819154,2.7619821503802102,3.45463971517919,20 m,0.009671417818415878,TRUE,0.6926575647989797,1
404,35545,631705740,bootstrap_mean,2.71964227369279,NA,2.71964227369279,0.0143769996240456,0.00528635687241477,2.71801486535756,2.68845142869315,2.757823603768,20 m,0.0017183801267049122,TRUE,0.06937217507485016,0
405,36367,661261161,bootstrap_mean,2.84324059212325,NA,2.84324059212325,0.0131495316785422,0.00462483959850985,2.84447923650687,2.81461651956165,2.87674479604905,20 m,0.0015716696461542548,TRUE,0.06212827648740005,1
406,28814,415108891,bootstrap_mean,2.96614622644073,NA,2.96614622644073,0.0130065482165907,0.00438499899318791,2.9649176634592602,2.9390408997582,2.99755773352079,20 m,0.001554579853715644,TRUE,0.05851683376259009,0
407,24215,293171005,bootstrap_mean,3.08195868583186,NA,3.08195868583186,0.00973198801886037,0.00315772825365879,3.08086742697076,3.06290806895747,3.11258086913883,20 m,0.0011631950505841461,TRUE,0.04967280018136,1
408,25067,314164711,bootstrap_mean,2.92311764488631,NA,2.92311764488631,0.0118046347142151,0.00403837140625047,2.9221768166334,2.89699143558574,2.9603356363702,20 m,0.0014109237133171821,TRUE,0.06334420078446001,1
409,26299,345805551,bootstrap_mean,2.84825408200973,NA,2.84825408200973,0.0111894065186601,0.00392851416920109,2.84559381695486,2.82391231269215,2.87867044707268,20 m,0.001337389879257531,TRUE,0.0547581343805299,0
410,31402,493027101,bootstrap_mean,2.74544624808588,NA,2.74544624808588,0.114205067427626,0.0415979979601674,2.72522573484728,2.69613499785539,3.41211437576016,20 m,0.013650116392046208,TRUE,0.7159793779047701,2
411,28256,399186640,bootstrap_mean,2.74331098659969,NA,2.74331098659969,0.0110256857934038,0.00401911626033696,2.74333948521545,2.71271666934024,2.76642349349628,20 m,0.0013178215097808003,TRUE,0.05370682415603989,0
412,27508,378331278,bootstrap_mean,2.66716344811974,NA,2.66716344811974,0.31916587991355,0.119664912226714,2.88190847142328,2.18253754532827,2.91318321617005,20 m,0.038147619079606045,TRUE,0.7306456708417799,0
413,28511,406424305,bootstrap_mean,2.74536597220988,NA,2.74536597220988,0.0123230953638447,0.00448868948205299,2.74536980102073,2.70894178933803,2.77077949922489,20 m,0.0014728916134423215,TRUE,0.061837709886860104,1
414,30668,470247778,bootstrap_mean,2.72329158382869,NA,2.72329158382869,0.0127432490003616,0.00467935533456383,2.72344598610929,2.69262593590912,2.75333823217676,20 m,0.0015231095781104097,TRUE,0.060712296267639854,0
415,31228,487578378,bootstrap_mean,2.70981753823622,NA,2.70981753823622,0.0111933540128743,0.00413066704858657,2.70924681608775,2.68161634154446,2.73325613740406,20 m,0.0013378616950595304,TRUE,0.05163979585960021,0
416,31411,493309755,bootstrap_mean,2.83187246461769,NA,2.83187246461769,0.0115846525226828,0.00409081011501229,2.83147744466944,2.80818912833474,2.85808392918647,20 m,0.001384630812430834,TRUE,0.049894800851729926,0
417,31809,505890336,bootstrap_mean,2.82927057429633,NA,2.82927057429633,0.0153810328475482,0.00543639515685899,2.83087247096089,2.79335479687814,2.87141824683506,20 m,0.0018383850500501662,TRUE,0.07806344995692038,1
418,28311,400742205,bootstrap_mean,2.82948792812385,NA,2.82948792812385,0.011905509886948,0.0042076553034959396,2.82788391705677,2.80852082713066,2.86540918882261,20 m,0.0014229806025593732,TRUE,0.056888361691949996,1
419,25439,323558641,bootstrap_mean,2.55129853051345,NA,2.55129853051345,0.299430327508665,0.117363892906881,2.38373298135357,2.34871621742727,3.08095582436318,20 m,0.03578876939407237,TRUE,0.7322396069359098,0
420,32200,518403900,bootstrap_mean,2.58681782854407,NA,2.58681782854407,0.25550814303862,0.0987731490865852,2.69712202274021,2.0096824873863,2.73003358998823,20 m,0.030539064247766312,TRUE,0.72035110260193,12
421,35266,621827745,bootstrap_mean,2.72552125235141,NA,2.72552125235141,0.0115787607699634,0.0042482738888842,2.72604595944066,2.69953747777668,2.75463423140361,20 m,0.0013839266132898988,TRUE,0.055096753626930006,0
422,33078,547060503,bootstrap_mean,2.77459484167646,NA,2.77459484167646,0.116153868820882,0.0418633622019927,2.79380597631212,2.0994774988275,2.83758178685963,20 m,0.013883042709959237,TRUE,0.73810428803213,4
423,30682,470677221,bootstrap_mean,2.84053604568827,NA,2.84053604568827,0.013951048143668,0.00491141387374567,2.84152707981306,2.79743593770152,2.86686029379977,20 m,0.0016674691871513478,TRUE,0.0694243560982497,1
424,26756,357928390,bootstrap_mean,2.81393948240517,NA,2.81393948240517,0.0114106509114062,0.0040550448873382,2.81460114752814,2.79247833394827,2.83771506547539,20 m,0.0013638336420440263,TRUE,0.045236731527120266,0
5,28447,404601681,bootstrap_mean,2.95904324127179,NA,2.95904324127179,0.0116355771185428,0.00393220922095814,2.95893901343073,2.93110154371381,2.99212733923972,20 m,0.0013907174658199,TRUE,0.06102579552590992,1
500,25108,315193278,bootstrap_mean,2.78416430444028,NA,2.78416430444028,0.0127910651073425,0.00459422063810777,2.78553296441396,2.75860793823416,2.8145653182894,20 m,0.0015288246960154662,TRUE,0.05595738005523998,0
501,28680,411256860,bootstrap_mean,2.87689296737705,NA,2.87689296737705,0.0120673670945359,0.00419458326443688,2.87724047745844,2.84625674663333,2.90597283242242,20 m,0.0014423262390729768,TRUE,0.059716085789089934,2
502,31361,491740480,bootstrap_mean,2.82623064498178,NA,2.82623064498178,0.249621936175598,0.0883232713574966,2.72036066085541,2.70272256643529,3.41843193625581,20 m,0.029835527963451874,TRUE,0.7157093698205204,11
503,28894,417417171,bootstrap_mean,2.78260654736159,NA,2.78260654736159,0.230149911711379,0.0827101883770103,2.69628465859218,2.67075612418538,3.3939645816168,20 m,0.027508175891322498,TRUE,0.7232084574314199,9
504,30296,458908660,bootstrap_mean,2.77618154854974,NA,2.77618154854974,0.159633525511518,0.0575011117680362,2.73793800873081,2.7084456532547,3.43362943332415,20 m,0.01907985567002781,TRUE,0.7251837800694503,4
505,34062,580092891,bootstrap_mean,2.85254271642064,NA,2.85254271642064,0.0116226047477292,0.00407447176192095,2.85279177916619,2.82865189417549,2.88142480746939,20 m,0.0013891669709471693,TRUE,0.0527729132939001,0
506,36851,678979675,bootstrap_mean,2.90035037185669,NA,2.90035037185669,0.00988280142096173,0.00340745087795553,2.89961834184518,2.87165575213069,2.92264077837158,20 m,0.001181220699870406,TRUE,0.050985026240890186,1
507,26546,352331785,bootstrap_mean,2.98688555510711,NA,2.98688555510711,0.0124955917688702,0.00418348528536846,2.98735014953693,2.9576504500092198,3.0089450566761,20 m,0.0014935088772717025,TRUE,0.05129460666688024,0
508,28915,418024155,bootstrap_mean,2.99583333724673,NA,2.99583333724673,0.00919758865878648,0.0030701269474621,2.99519100688253,2.97407303164666,3.02019638256851,20 m,0.0010993221101871155,TRUE,0.04612335092184994,0
509,28879,416983881,bootstrap_mean,2.71990511803179,NA,2.71990511803179,0.0807867042798227,0.0297020303187202,2.71116573495648,2.68298771578457,3.37912384746548,20 m,0.009655858020908138,TRUE,0.6961361316809098,1
510,34392,591387636,bootstrap_mean,2.80033108225732,NA,2.80033108225732,0.0128113453392343,0.00457493952068955,2.80014886637337,2.77558897113207,2.82989346830853,20 m,0.0015312486473515678,TRUE,0.05430449717646013,0
511,32244,519821646,bootstrap_mean,2.78242872992748,NA,2.78242872992748,0.230161899926272,0.0827197827030314,2.86623120015327,2.16902680458027,2.90454014114373,20 m,0.027509608757063996,TRUE,0.7355133365634599,9
512,29211,426626655,bootstrap_mean,2.81411923931905,NA,2.81411923931905,0.0130058025654412,0.00462162455084466,2.81472589576157,2.78610414228514,2.84999259590516,20 m,0.0015544907313569973,TRUE,0.06388845362002016,1
513,31024,481228776,bootstrap_mean,2.78557862609146,NA,2.78557862609146,0.0113708253492455,0.00408203352895492,2.7832297576269,2.76522509463122,2.81624033645161,20 m,0.001359073576916297,TRUE,0.05101524182039041,0
514,33333,555527778,bootstrap_mean,2.76894075172406,NA,2.76894075172406,0.0151020386955652,0.00545408517179792,2.76900424074273,2.7354349212463,2.80015315054965,20 m,0.0018050388708214596,TRUE,0.06471822930335014,0
515,35815,641339205,bootstrap_mean,2.82572478383696,NA,2.82572478383696,0.0817085636499809,0.0289159666636152,2.8356797366149,2.16659935476468,2.88177896982474,20 m,0.009766041290207746,TRUE,0.7151796150600598,4
516,32448,526420128,bootstrap_mean,2.76293777264089,NA,2.76293777264089,0.0118929615244236,0.00430446231623089,2.76280639100618,2.73087884674069,2.79896123216094,20 m,0.001421480786370427,TRUE,0.06808238542024991,2
517,30394,461882421,bootstrap_mean,2.7165876742785,NA,2.7165876742785,0.0831430259738873,0.0306056847570617,2.70695821855129,2.67821501590471,3.39289894645866,20 m,0.009937492331062269,TRUE,0.7146839305539503,1
518,29630,438953635,bootstrap_mean,2.69142750661481,NA,2.69142750661481,0.0124654307870764,0.0046315313180235,2.68977406845993,2.66804908253675,2.72337601371405,20 m,0.0014899039504391461,TRUE,0.0553269311772997,0
519,27711,383935905,bootstrap_mean,2.93993564402578,NA,2.93993564402578,0.228540719617185,0.0777366402838108,3.02445796772581,2.32547488808761,3.06586482580575,20 m,0.02731584064843296,TRUE,0.74038993771814,9
520,31862,507577591,bootstrap_mean,2.84833554371337,NA,2.84833554371337,0.0137970883805045,0.00484391258289648,2.84924518779254,2.80753460332997,2.87702008310394,20 m,0.0016490674757894115,TRUE,0.06948547977397013,1
521,33707,568064071,bootstrap_mean,2.697365491895,NA,2.697365491895,0.0154131945202235,0.00571416612488623,2.69840937718107,2.66553084463397,2.73368846842461,20 m,0.001842229105180723,TRUE,0.06815762379064028,0
522,35898,644315253,bootstrap_mean,2.65447359694469,NA,2.65447359694469,0.0135847251462108,0.00511767197904958,2.655863131829,2.61978382736476,2.68141505405653,20 m,0.0016236852144695501,TRUE,0.061631226691770014,0
523,32411,525220255,bootstrap_mean,2.75401333380913,NA,2.75401333380913,0.0125805323705273,0.00456807242582479,2.75425607919253,2.73169576445609,2.78340001764128,20 m,0.0015036612209911667,TRUE,0.051704253185189675,0
524,27238,370940703,bootstrap_mean,2.90022479013955,NA,2.90022479013955,0.0131785384915506,0.00454397139709868,2.90176995492035,2.86894949197918,2.92668680895029,20 m,0.0015751366234315802,TRUE,0.057737316971110175,0
6,27997,391902006,bootstrap_mean,2.89849246710073,NA,2.89849246710073,0.010983292793498,0.00378931217457475,2.8991076012231,2.87216276252996,2.92130551795302,20 m,0.0013127545771485082,TRUE,0.0491427554230599,0
600,25802,332858701,bootstrap_mean,2.77833366263295,NA,2.77833366263295,0.0124455646039818,0.00447950682503248,2.77914254446793,2.75027559070563,2.80585709478698,20 m,0.001487529487399852,TRUE,0.0555815040813501,0
601,27483,377643903,bootstrap_mean,2.78357812305928,NA,2.78357812305928,0.0138371868348026,0.00497100717963499,2.78244604477867,2.75800808020078,2.8129827270801,20 m,0.0016538601577661292,TRUE,0.054974646879319966,0
602,29865,445944180,bootstrap_mean,2.79616784988348,NA,2.79616784988348,0.0147304092499499,0.00526807045956262,2.79583585755095,2.74837993213718,2.82999095360345,20 m,0.0017606206562744105,TRUE,0.0816110214662702,1
603,29781,443439090,bootstrap_mean,2.79909952731946,NA,2.79909952731946,0.00986174252221902,0.00352318394754011,2.79974765199986,2.7746925791984,2.82314995216538,20 m,0.0011787036800445694,TRUE,0.04845737296697994,0
604,24896,309892960,bootstrap_mean,2.7670218452422,NA,2.7670218452422,0.010826444192741,0.00391267029978702,2.76778898102677,2.73326997031622,2.79510539879257,20 m,0.0012940075836526247,TRUE,0.06183542847634982,2
605,33825,572048400,bootstrap_mean,2.83717179135753,NA,2.83717179135753,0.0110037267838175,0.00387841399570396,2.83625988334832,2.80955533950584,2.86468823912912,20 m,0.0013151969061317812,TRUE,0.055132899623280274,1
606,32408,525123028,bootstrap_mean,2.85149231499868,NA,2.85149231499868,0.0117737150286229,0.00412896607390238,2.85390594230292,2.82200567082764,2.87251587853091,20 m,0.00140722810403604,TRUE,0.050510207703270193,0
607,27518,378606403,bootstrap_mean,2.95461582997072,NA,2.95461582997072,0.0132865647326506,0.00449688402731609,2.95702702009838,2.91799074638358,2.98264806741718,20 m,0.0015880482288237376,TRUE,0.06465732103360011,0
608,26995,364351515,bootstrap_mean,2.78442093791673,NA,2.78442093791673,0.0809774689928001,0.0290823373327262,2.77595053992578,2.74350668417935,3.44529338839723,20 m,0.009678658765168345,TRUE,0.7017867042178798,1
609,27041,365594320,bootstrap_mean,2.78642194504347,NA,2.78642194504347,0.0125075034461501,0.00448873275219447,2.78929416123887,2.75783904867695,2.81302168491537,20 m,0.0014949325950187119,TRUE,0.05518263623842001,0
610,31962,510768741,bootstrap_mean,2.80814471410826,NA,2.80814471410826,0.010081922271124,0.00359024313115771,2.80854046640325,2.78485506186386,2.83368231791296,20 m,0.001205020193553299,TRUE,0.048827256049099876,1
611,31396,492838710,bootstrap_mean,2.76332663669438,NA,2.76332663669438,0.0143235794019313,0.00518345504716222,2.76452909662829,2.71196302384623,2.80111267060725,20 m,0.0017119951889261113,TRUE,0.08914964676102022,2
612,28524,406795026,bootstrap_mean,2.92574517849429,NA,2.92574517849429,0.0144800313583583,0.00494917720955121,2.92438639886863,2.8901455903764,2.95112302590237,20 m,0.0017306947743569003,TRUE,0.06097743552596979,0
613,27388,375037578,bootstrap_mean,2.90074640741103,NA,2.90074640741103,0.0146180301770531,0.00503940301010316,2.89846879066509,2.87254091183784,2.94335393664849,20 m,0.0017471887879727376,TRUE,0.07081302481064977,1
614,30209,456276736,bootstrap_mean,2.81339182141879,NA,2.81339182141879,0.0116038402261534,0.00412450201134857,2.81336496550329,2.78005839497644,2.8469154229236,20 m,0.0013869241816443824,TRUE,0.06685702794715986,2
615,32547,529637331,bootstrap_mean,2.78277537636819,NA,2.78277537636819,0.0128211530651667,0.00460732589990775,2.78199738577365,2.75183301406857,2.81158750051536,20 m,0.0015324208948142594,TRUE,0.05975448644679027,0
616,34660,600640470,bootstrap_mean,2.81998536123842,NA,2.81998536123842,0.0133488203219433,0.00473364880024805,2.82227899363286,2.79071930673195,2.843780316697,20 m,0.0015954891949650982,TRUE,0.05306100996505014,0
617,29704,441148956,bootstrap_mean,2.7781902209169,NA,2.7781902209169,0.0796711356631157,0.028677350839145,2.76852103058818,2.74346048115238,3.42908298973742,20 m,0.00952252206827176,TRUE,0.6856225085850403,1
618,30915,477853155,bootstrap_mean,2.76492135119815,NA,2.76492135119815,0.207512514261197,0.0750518687163647,2.6990065139189,2.66527558113955,3.40401826577009,20 m,0.0248024893839894,TRUE,0.73874268463054,7
619,28239,398706441,bootstrap_mean,2.75855817472983,NA,2.75855817472983,0.0805369835575351,0.0291953181539928,2.75060356117562,2.71877979952679,3.41497749305268,20 m,0.009626010685745959,TRUE,0.6961976935258898,1
620,26531,351933715,bootstrap_mean,2.87126630975769,NA,2.87126630975769,0.0865168226962034,0.0301319394868338,2.87909428411229,2.16813736368747,2.91244099336463,20 m,0.010340738167521348,TRUE,0.7443036296771597,1
621,32179,517727931,bootstrap_mean,2.72427602455289,NA,2.72427602455289,0.0139642463470679,0.0051258559049132,2.72369344688694,2.6958209565662,2.76420425276942,20 m,0.0016690466741808851,TRUE,0.06838329620322003,2
622,33221,551800810,bootstrap_mean,2.71547365476208,NA,2.71547365476208,0.0151592948406829,0.00558256008637692,2.71547480436326,2.68019992283801,2.75746588533655,20 m,0.0018118822890919471,TRUE,0.07726596249854012,4
623,35399,626526901,bootstrap_mean,2.71685509141432,NA,2.71685509141432,0.231016733886621,0.0850309369155054,2.63200917053116,2.59755151481302,3.33039219248809,20 m,0.02761178095762797,TRUE,0.7328406776750702,9
624,34103,581490253,bootstrap_mean,2.72134297765891,NA,2.72134297765891,0.0128101163777204,0.0047072774298889,2.72169234802972,2.69674286827799,2.7491014306666,20 m,0.0015311017583554494,TRUE,0.05235856238861025,0
7,32500,528108750,bootstrap_mean,2.7658520867422,NA,2.7658520867422,0.0127547821657488,0.00461151998217382,2.76413779200621,2.73047532716866,2.79321381104614,20 m,0.0015244880550331062,TRUE,0.06273848387748027,0
700,23364,272926566,bootstrap_mean,2.91165346001397,NA,2.91165346001397,0.0132941449217095,0.00456584037361565,2.91370250152211,2.881991795982,2.94117247114631,20 m,0.0015889542347064737,TRUE,0.059180675164309804,0
701,27291,372385695,bootstrap_mean,2.80084430295331,NA,2.80084430295331,0.240749434240142,0.0859560218989278,2.70557015364423,2.68010101523198,3.40645197397273,20 m,0.028775061148488698,TRUE,0.72635095874075,10
702,28731,412720815,bootstrap_mean,2.70201663217424,NA,2.70201663217424,0.139784978490905,0.0517335744075062,2.6729958721757,2.64105387605254,3.37209317097415,20 m,0.01670750054475225,TRUE,0.7310392949216098,4
703,26785,358704720,bootstrap_mean,2.82519930844724,NA,2.82519930844724,0.0813425297667656,0.0287917845383703,2.83264849410989,2.16404807390664,2.86919095159915,20 m,0.009722291873287277,TRUE,0.7051428776925097,1
704,23027,265109851,bootstrap_mean,2.88762093270616,NA,2.88762093270616,0.0133484675350721,0.00462265229618019,2.88789602734697,2.85321284770822,2.91923358216191,20 m,0.0015954470288689529,TRUE,0.06602073445368983,1
705,26874,361092501,bootstrap_mean,2.79074255363196,NA,2.79074255363196,0.117652635350841,0.0421581830247024,2.77156124991325,2.73892398088911,3.47113284608496,20 m,0.01406217957349122,TRUE,0.73220886519585,2
706,30024,450705276,bootstrap_mean,2.88852424447648,NA,2.88852424447648,0.0100683084178995,0.00348562364922239,2.89002930026786,2.86455553826846,2.91396980120446,20 m,0.0012033930268675788,TRUE,0.04941426293599971,0
707,26572,353022306,bootstrap_mean,2.95555147422505,NA,2.95555147422505,0.010814910027456,0.00365918513745112,2.95459345331203,2.92771449043908,2.98206776431679,20 m,0.0012926289872192823,TRUE,0.05435327387771016,0
708,26837,360098866,bootstrap_mean,2.91898044642654,NA,2.91898044642654,0.0109043953583632,0.00373568633243588,2.91960854581221,2.89502844845206,2.94859077095457,20 m,0.0013033245299808862,TRUE,0.05356232250250992,1
709,26582,353288071,bootstrap_mean,2.80058626032264,NA,2.80058626032264,0.0118632928936878,0.00423600339034768,2.80093472974496,2.77652967352785,2.82807717246225,20 m,0.0014179347067449063,TRUE,0.05154749893440025,0
710,26998,364432503,bootstrap_mean,2.80976928188275,NA,2.80976928188275,0.264265328739735,0.0940523232436572,2.69384814595968,2.66183764446605,3.39916199960942,20 m,0.031585748136488984,TRUE,0.7373243551433699,12
711,30154,454616781,bootstrap_mean,2.71774732523456,NA,2.71774732523456,0.139271982437842,0.0512453755890726,2.68854577045058,2.66566912218739,3.38621264719201,20 m,0.0166461857888426,TRUE,0.7205435250046204,3
712,24373,297009378,bootstrap_mean,3.17956256138643,NA,3.17956256138643,0.287569857308832,0.0904432140449654,3.32760487791852,2.63774082217017,3.3828907844571,20 m,0.03437117206377253,TRUE,0.7451499622869298,17
713,28554,407651181,bootstrap_mean,2.77965212177144,NA,2.77965212177144,0.308623198161175,0.11102943269192,2.96537236630366,2.27322790505587,3.01286168696329,20 m,0.03688752759465142,TRUE,0.7396337819074197,0
714,24555,301461735,bootstrap_mean,3.04370954669158,NA,3.04370954669158,0.0116907589572792,0.00384095748228892,3.04320676676451,3.01527241013917,3.0666390820494702,20 m,0.0013973129570572422,TRUE,0.05136667191030009,0
715,27082,366703821,bootstrap_mean,2.90447835504279,NA,2.90447835504279,0.0106015853045331,0.00365008239297996,2.90324758598031,2.87452906343283,2.92887733914167,20 m,0.0012671318060277041,TRUE,0.05434827570883982,1
716,31846,507067935,bootstrap_mean,2.84652775708065,NA,2.84652775708065,0.0127264488597999,0.0044708676485389,2.84552375954473,2.81783925702696,2.87735276376148,20 m,0.0015211015772463913,TRUE,0.05951350673452005,0
717,28459,404943111,bootstrap_mean,2.90494122148097,NA,2.90494122148097,0.0115978720835881,0.00399246359885913,2.90606396053893,2.88409584365019,2.93173096571489,20 m,0.0013862108521705192,TRUE,0.047635122064699775,0
718,27938,390251953,bootstrap_mean,2.73137974725138,NA,2.73137974725138,0.0108554498771832,0.00397434662393875,2.72976896947768,2.70298711320333,2.75317291403695,20 m,0.0012974744260404892,TRUE,0.05018580083361979,0
719,29838,445138203,bootstrap_mean,2.87738457417572,NA,2.87738457417572,0.328466269035259,0.114154455397869,2.6477829861622,2.6186339291956102,3.34676864234897,20 m,0.03925922819522694,TRUE,0.7281347131533598,0
720,29830,444899535,bootstrap_mean,2.66722299511599,NA,2.66722299511599,0.0125543034938765,0.0047068818455993,2.66627211820466,2.64334373145582,2.69688399184179,20 m,0.0015005262706147928,TRUE,0.05354026038597004,0
721,30089,452658916,bootstrap_mean,2.81695806272186,NA,2.81695806272186,0.0139228351338622,0.00494250706750296,2.81814353696799,2.78511456793386,2.84451225255569,20 m,0.0016640970875038154,TRUE,0.05939768462183004,0
722,34737,603312216,bootstrap_mean,2.79168590782651,NA,2.79168590782651,0.0119214794053088,0.00427035124971862,2.79147504467764,2.76361518091932,2.81511924838275,20 m,0.0014248893250815853,TRUE,0.05150406746342995,3
723,32763,536690703,bootstrap_mean,2.70585360412026,NA,2.70585360412026,0.0120683614020253,0.00446009399165147,2.70497480767217,2.67969676573684,2.74448667768304,20 m,0.0014424450815487572,TRUE,0.0647899119462001,1
724,34915,609511155,bootstrap_mean,2.69969953478515,NA,2.69969953478515,0.17773584703638,0.0658354178849479,2.65235664688889,2.60225052327313,3.35021342125314,20 m,0.0212434969282163,TRUE,0.7479628979800101,6
8,32924,541978426,bootstrap_mean,2.81090516773038,NA,2.81090516773038,0.0128483624692387,0.00457089859051093,2.81108839847212,2.78537055514992,2.852144703158,20 m,0.0015356730406332387,TRUE,0.06677414800807968,3
800,23892,285401886,bootstrap_mean,3.0156362200871,NA,3.0156362200871,0.301044674813453,0.0998279145237078,3.18252703563074,2.48067566205909,3.2271538392196,20 m,0.03598172080248082,TRUE,0.74647817716051,0
801,24121,290899260,bootstrap_mean,3.00633563120415,NA,3.00633563120415,0.295042959483455,0.0981403927163245,3.16733937394887,2.46852777567688,3.20867696904399,20 m,0.035264378615731375,TRUE,0.74014919336711,17
802,22269,247943046,bootstrap_mean,2.9448777496626,NA,2.9448777496626,0.0149283174773043,0.00506924862297412,2.94683301693399,2.90124641060477,2.97079573054664,20 m,0.0017842752138100741,TRUE,0.06954931994186975,0
803,28961,419355280,bootstrap_mean,2.91626898149548,NA,2.91626898149548,0.0185846760919406,0.00637275786625496,2.91741467038924,2.8755268973145,2.95835662841791,20 m,0.0022212936560300316,TRUE,0.08282973110341008,0
804,32325,522436650,bootstrap_mean,2.79189424061394,NA,2.79189424061394,0.345753156077051,0.123841781342341,2.78905282015842,2.40583280120425,3.17185504234359,20 m,0.04132540639109512,TRUE,0.76602224113934,0
805,28847,416060281,bootstrap_mean,2.84980630756003,NA,2.84980630756003,0.0807861826882888,0.0283479556045536,2.83975297862227,2.81083708996746,3.50943077996957,20 m,0.009655795678795768,TRUE,0.6985936900021099,3
806,29849,445466476,bootstrap_mean,2.85430119789804,NA,2.85430119789804,0.0117887900186731,0.00413018430828342,2.85555919248992,2.82237403893795,2.87992069268419,20 m,0.001409029909975383,TRUE,0.057546653746239684,2
807,32818,538494153,bootstrap_mean,2.80857607870629,NA,2.80857607870629,0.0104092442385532,0.00370623545414086,2.80921593361684,2.78620306966656,2.83560861536626,20 m,0.0012441426515467989,TRUE,0.04940554569969979,0
808,28576,408279600,bootstrap_mean,2.98967038270448,NA,2.98967038270448,0.0104647266252621,0.00350029444242465,2.99094745682464,2.9576633487699,3.00915343379707,20 m,0.001250774065137662,TRUE,0.05149008502717001,1
809,30223,456699753,bootstrap_mean,2.8444297099861,NA,2.8444297099861,0.0101188182604631,0.0035574154724015,2.8449226451466,2.82094742953825,2.86808965989517,20 m,0.001209430107756078,TRUE,0.04714223035691978,0
810,27661,382551630,bootstrap_mean,2.83059332577027,NA,2.83059332577027,0.0118467226225982,0.00418524360767171,2.82906208984009,2.80295576079004,2.85855660094581,20 m,0.0014159541805378345,TRUE,0.05560084015576994,0
811,24888,309693828,bootstrap_mean,2.86729092405767,NA,2.86729092405767,0.0132464298169915,0.00461984157444536,2.86708893984396,2.84165144680356,2.8992307867149,20 m,0.0015832511888808395,TRUE,0.05757933991134001,0
812,25823,333400753,bootstrap_mean,3.15094128741886,NA,3.15094128741886,0.159303521455927,0.0505574388491456,3.18798180380521,2.49164254287923,3.21958621637844,20 m,0.019040412641183935,TRUE,0.72794367349921,10
813,28028,392770378,bootstrap_mean,2.8211963429333,NA,2.8211963429333,0.0114553817926557,0.00406046953142764,2.82038102442269,2.79096835056557,2.84860696720843,20 m,0.0013691800049430406,TRUE,0.057638616642860185,1
814,22979,264005731,bootstrap_mean,2.98771170694046,NA,2.98771170694046,0.00975910543941921,0.00326641470016962,2.98850417888914,2.96567382451025,3.01024577871569,20 m,0.0011664362022704739,TRUE,0.04457195420543991,0
815,24090,290152005,bootstrap_mean,2.93893020561476,NA,2.93893020561476,0.0105265451368858,0.00358176084507724,2.93931006054554,2.91809423938961,2.95786506456225,20 m,0.001258162790505574,TRUE,0.0397708251726403,0
816,27742,384795411,bootstrap_mean,2.83501417365238,NA,2.83501417365238,0.0114376381388682,0.004034420090441,2.83474835101988,2.81005329436383,2.85854593457827,20 m,0.001367059232678946,TRUE,0.04849264021444011,0
817,22967,263730061,bootstrap_mean,3.02120988544397,NA,3.02120988544397,0.00961492834018099,0.00318247612868779,3.02169802317589,2.99914847641009,3.04606259357335,20 m,0.0011492037428884373,TRUE,0.046914117163260105,0
818,28390,402981855,bootstrap_mean,2.85243734192486,NA,2.85243734192486,0.0105872047335457,0.00371163446009345,2.85291317129387,2.82694272668778,2.87938983173365,20 m,0.0012654129990414336,TRUE,0.052447105045870135,0
819,28134,395746911,bootstrap_mean,2.72276021718807,NA,2.72276021718807,0.0146139426969421,0.00536732636413893,2.72344028514478,2.68695975233398,2.75906246278214,20 m,0.0017467002406558625,TRUE,0.07210271044815997,1
820,29570,437177665,bootstrap_mean,2.73817266823888,NA,2.73817266823888,0.249187899383891,0.09100518103709,2.63627051009566,2.6080511049991,3.33416994699358,20 m,0.029783650644356684,TRUE,0.72611884199448,11
821,29194,426130221,bootstrap_mean,2.80160354060559,NA,2.80160354060559,0.0138778208231208,0.00495352772866676,2.80237590113961,2.76147542788879,2.82761692891558,20 m,0.0016587168483010563,TRUE,0.06614150102678984,3
822,31742,503761411,bootstrap_mean,2.81698245849601,NA,2.81698245849601,0.0162172092754019,0.00575694364957469,2.81744287095283,2.77347890599879,2.85858095080587,20 m,0.001938327248952344,TRUE,0.08510204480707984,2
823,32894,540991171,bootstrap_mean,2.71982016590474,NA,2.71982016590474,0.0134026898107579,0.00492778529212041,2.72194988161163,2.68244239288033,2.7429595885452,20 m,0.0016019278303852412,TRUE,0.060517195664870016,0
824,33400,557763300,bootstrap_mean,2.74764627072219,NA,2.74764627072219,0.0152002261991796,0.00553208990587582,2.74840624688111,2.72095955719106,2.77986057449289,20 m,0.0018167745221613649,TRUE,0.05890101730182984,0
9,35583,633057153,bootstrap_mean,2.88077061432227,NA,2.88077061432227,0.0119271388293779,0.00414025982147971,2.88052436246031,2.85350117033794,2.91712082113676,20 m,0.0014255657556375594,TRUE,0.06361965079882026,1
900,18364,168609066,bootstrap_mean,3.05553271086206,NA,3.05553271086206,0.0116941580111245,0.00382720759936659,3.05488709917211,3.02780788765417,3.08066665877509,20 m,0.0013977192216972996,TRUE,0.05285877112092008,0
901,22989,264235566,bootstrap_mean,2.96407898353935,NA,2.96407898353935,0.00972145512407636,0.00327975576159181,2.96326610753477,2.94644094025602,2.98520144645393,20 m,0.0011619361288656503,TRUE,0.038760506197909717,0
902,26928,362545128,bootstrap_mean,2.85195290811147,NA,2.85195290811147,0.0125031859055177,0.00438407866762329,2.8524150169856,2.82743758266104,2.87741952587819,20 m,0.0014944165502101313,TRUE,0.04998194321714999,0
903,25362,321602841,bootstrap_mean,2.83577439785973,NA,2.83577439785973,0.0116008286232337,0.00409088559089514,2.83726478189882,2.8063599280489,2.85970400225025,20 m,0.0013865642262474243,TRUE,0.05334407420135001,1
904,30702,471291051,bootstrap_mean,2.87118150034458,NA,2.87118150034458,0.0115417109399516,0.00401984720874193,2.86967435006178,2.84925965100283,2.90457399411451,20 m,0.0013794983116097908,TRUE,0.05531434311168004,1
905,27021,365053710,bootstrap_mean,3.01266142127711,NA,3.01266142127711,0.160373888351623,0.0532332930673763,3.05112946182604,2.35263001193809,3.09292750558063,20 m,0.019168345954805967,TRUE,0.7402974936425397,4
906,32176,517631400,bootstrap_mean,2.83910447074209,NA,2.83910447074209,0.0135041448820259,0.00475648043993822,2.83872065850693,2.80110126410327,2.87554440261264,20 m,0.0016140540307593985,TRUE,0.07444313850937023,3
907,29655,439694685,bootstrap_mean,2.7668308017021,NA,2.7668308017021,0.141215949004272,0.0510388813502434,2.73881388505546,2.70748254978296,3.43319325752717,20 m,0.016878534234421268,TRUE,0.7257107077442098,4
908,29063,422314453,bootstrap_mean,2.75516470203263,NA,2.75516470203263,0.0122282025959799,0.00443828370295196,2.75603249945109,2.72957588177755,2.77984024845801,20 m,0.0014615497583452277,TRUE,0.05026436668045964,0
909,28707,412031571,bootstrap_mean,2.82796465220456,NA,2.82796465220456,0.0121144696577324,0.00428381226345544,2.82773857740031,2.80285786565204,2.85631414820138,20 m,0.0014479560721835205,TRUE,0.05345628254933965,0
910,29396,432047710,bootstrap_mean,2.86795956180087,NA,2.86795956180087,0.0119052272373201,0.00415111405191656,2.86639431826757,2.83802614722316,2.89990486429652,20 m,0.0014229468194672048,TRUE,0.0618787170733599,0
911,31602,499327401,bootstrap_mean,2.77817921622597,NA,2.77817921622597,0.0111175305062981,0.00400173266050155,2.77740100754657,2.75477402837759,2.80623167613342,20 m,0.0013287990526275374,TRUE,0.05145764775582995,0
912,29618,438598153,bootstrap_mean,2.95229466504588,NA,2.95229466504588,0.0133509632023559,0.00452223260788517,2.95038101897331,2.92150138350709,2.98509567184688,20 m,0.0015957453181626505,TRUE,0.06359428833978997,0
913,18955,179636535,bootstrap_mean,2.92697556356342,NA,2.92697556356342,0.0109067876415827,0.00372629952137502,2.92862249366439,2.904255840013,2.94772883120361,20 m,0.001303610462515444,TRUE,0.04347299119060999,0
914,24027,288636351,bootstrap_mean,2.99581421660886,NA,2.99581421660886,0.0842412793989521,0.0281196607359417,3.0040732943176,2.30620891595859,3.03981645679184,20 m,0.010068758722455962,TRUE,0.7336075408332499,3
915,26333,346700278,bootstrap_mean,2.94076151990168,NA,2.94076151990168,0.00977728914760884,0.00332474737629718,2.94164584265553,2.91566756829158,2.9653699882985,20 m,0.0011686095710956772,TRUE,0.04970242000691982,2
916,21808,237783528,bootstrap_mean,2.86104013538853,NA,2.86104013538853,0.00981619296820478,0.00343098750932822,2.86132499525199,2.8378402757693,2.88333651354306,20 m,0.0011732594670345452,TRUE,0.04549623777375977,0
917,17861,159498730,bootstrap_mean,3.00829457256182,NA,3.00829457256182,0.0092051923349854,0.00305993715474026,3.00870634275878,2.98973068340709,3.03122728204489,20 m,0.0011002309233200218,TRUE,0.0414965986378002,1
918,19833,196664028,bootstrap_mean,2.76113285487144,NA,2.76113285487144,0.346405013572431,0.125457568244597,2.45134430416056,2.3965139704547,3.13441255262961,20 m,0.04140331826386384,TRUE,0.73789858217491,0
919,29383,431665653,bootstrap_mean,2.93409310776395,NA,2.93409310776395,0.0132797152336235,0.00452600334954738,2.93319081346379,2.90513301945001,2.96493549553236,20 m,0.0015872295571040579,TRUE,0.05980247608235034,1
920,24921,310515660,bootstrap_mean,2.81214857910325,NA,2.81214857910325,0.080203121587662,0.0285202290460903,2.80425122142773,2.76280942599656,3.46530042008293,20 m,0.009586106547949854,TRUE,0.7024909940863697,2
921,30232,456971796,bootstrap_mean,2.78556514991129,NA,2.78556514991129,0.231342579897083,0.0830505005077519,2.6994376089703,2.67143558793484,3.4122700450534,20 m,0.02765072700502214,TRUE,0.7408344571185599,9
922,29921,447618160,bootstrap_mean,2.84052901248415,NA,2.84052901248415,0.0134925017194833,0.00474999609586229,2.84006270942218,2.81216997706535,2.87448325592822,20 m,0.001612662406661994,TRUE,0.06231327886287019,0
923,28945,418892040,bootstrap_mean,2.77049457926049,NA,2.77049457926049,0.0119022631182068,0.00429607883274899,2.76993752733907,2.74314565435035,2.79101385677836,20 m,0.0014225925394706358,TRUE,0.04786820242800971,0
924,29027,421268851,bootstrap_mean,2.84170394810548,NA,2.84170394810548,0.0143796617976899,0.00506022515374151,2.84329355130638,2.80204452684796,2.8776094875362,20 m,0.0017186983173151807,TRUE,0.07556496068824003,0
sub50_1,175140,15336922230,bootstrap_mean,2.82516356772824,NA,2.82516356772824,0.0128165116908762,0.00453655563071774,2.82429916532442,2.7945852055805,2.86170594381956,50 m,0.0015318661444803957,TRUE,0.06712073823906017,1
sub50_10,190670,18177429115,bootstrap_mean,2.82493821424302,NA,2.82493821424302,0.0128331829509422,0.00454281898493878,2.82295637502315,2.79452892287199,2.85970844438765,50 m,0.0015338587411788496,TRUE,0.06517952151566009,2
sub50_11,176363,15551865703,bootstrap_mean,2.75360494872893,NA,2.75360494872893,0.0117326453642928,0.0042608310134352,2.75281532625913,2.7248588928631,2.77923034657649,50 m,0.0014023193402577304,TRUE,0.054371453713389695,0
sub50_12,169495,14364192765,bootstrap_mean,2.81096742869172,NA,2.81096742869172,0.280609594725106,0.099826697335909,2.95062859692263,2.25520195678569,2.98994130459829,50 m,0.033539261566917625,TRUE,0.7347393478126003,15
sub50_13,203330,20671442785,bootstrap_mean,2.92035429389884,NA,2.92035429389884,0.0142844587332628,0.0048913444382778,2.9201153498508,2.88198116917066,2.95091423361465,50 m,0.0017073193746852228,TRUE,0.06893306444399006,1
sub50_14,178478,15927109003,bootstrap_mean,2.82111058153471,NA,2.82111058153471,0.0137403496407453,0.00487054627729992,2.82201458328054,2.79009161914052,2.85169472462369,50 m,0.001642285899287634,TRUE,0.06160310548317005,0
sub50_15,172782,14926723371,bootstrap_mean,2.82963069525012,NA,2.82963069525012,0.0131298830970402,0.00464014018475284,2.82861210974102,2.79365638898686,2.86006403508917,50 m,0.001569321191479852,TRUE,0.0664076461023102,2
sub50_16,157562,12412813141,bootstrap_mean,2.85105553449855,NA,2.85105553449855,0.0821878815190329,0.0288271766454694,2.84262099720654,2.80222638131818,3.52139402960417,50 m,0.009823330733213361,TRUE,0.7191676482859903,3
sub50_17,170415,14520550905,bootstrap_mean,2.91094868684144,NA,2.91094868684144,0.0122286738599357,0.00420092388272381,2.90890704203898,2.88821960132699,2.93829514323761,50 m,0.0014616060851614797,TRUE,0.050075541910620025,0
sub50_18,175121,15333594760,bootstrap_mean,2.97404641423138,NA,2.97404641423138,0.0129341544220475,0.00434900893279779,2.97416351834114,2.9325798836446,2.9979326673378,50 m,0.001545927140278013,TRUE,0.06535278369319997,1
sub50_19,200918,20183920903,bootstrap_mean,2.88118984673403,NA,2.88118984673403,0.011414285337993,0.00396165679638628,2.88088282543183,2.85918180513413,2.90679624838874,50 m,0.0013642680391075333,TRUE,0.04761444325461017,0
sub50_2,164543,13537117153,bootstrap_mean,2.82444802259305,NA,2.82444802259305,0.0131776024154964,0.00466554962601097,2.82720005548678,2.79187979695483,2.85999868922072,50 m,0.0015750247409435309,TRUE,0.06811889226589019,1
sub50_20,181089,16396522416,bootstrap_mean,2.89709910251268,NA,2.89709910251268,0.0150327871805639,0.00518891023352493,2.89711501360961,2.85001963828181,2.93071361601141,50 m,0.001796761731624529,TRUE,0.08069397772959963,3
sub50_21,185088,17128691328,bootstrap_mean,2.82413726619757,NA,2.82413726619757,0.012964901620898,0.00459074768640901,2.82264436270208,2.80076848170975,2.85050691838724,50 m,0.0015496021334503144,TRUE,0.049738436677489783,0
sub50_22,159220,12675424590,bootstrap_mean,2.9327514465544,NA,2.9327514465544,0.0112169454781673,0.00382471739681374,2.933430480293,2.90281903971352,2.95446392382842,50 m,0.0013406814144849616,TRUE,0.05164488411489998,1
sub50_23,173628,15073254378,bootstrap_mean,2.89152081739292,NA,2.89152081739292,0.0827613138209442,0.0286220708919413,2.90119691161554,2.2207147250483,2.93484845337501,50 m,0.009891869002489447,TRUE,0.71413372832671,3
sub50_24,166816,13913705520,bootstrap_mean,2.83533767525212,NA,2.83533767525212,0.0113380113547874,0.00399882224038067,2.83456714427241,2.80865669834974,2.86934063930114,50 m,0.0013551515544200107,TRUE,0.06068394095139995,1
sub50_25,200712,20142553116,bootstrap_mean,2.79410226629349,NA,2.79410226629349,0.0133701880843343,0.00478514628674295,2.79316850847735,2.76729296075967,2.82847388432686,50 m,0.0015980431310578165,TRUE,0.06118092356719007,0
sub50_26,168753,14238703128,bootstrap_mean,2.84735407739015,NA,2.84735407739015,0.0128645383455626,0.00451806765014419,2.84782493905782,2.81438300108374,2.874400128838,50 m,0.0015376064276495767,TRUE,0.060017127754259825,1
sub50_27,167394,14010291921,bootstrap_mean,2.87489149261527,NA,2.87489149261527,0.0128969517228448,0.0044860655631606,2.87478105878164,2.84845562131844,2.90740319827914,50 m,0.0015414805672348602,TRUE,0.058947576960699966,0
sub50_28,178528,15936034128,bootstrap_mean,2.87754311904105,NA,2.87754311904105,0.0115256142473009,0.00400536630399542,2.87607844163933,2.8456178944995,2.9065517224465802,50 m,0.001377574388852613,TRUE,0.06093382794708013,2
sub50_29,172241,14833394920,bootstrap_mean,2.86403216982063,NA,2.86403216982063,0.11215687947104,0.0391604817337174,2.88284183701303,2.21268152790318,2.91806152356428,50 m,0.013405311107745633,TRUE,0.7053799956611,2
sub50_3,170209,14485466736,bootstrap_mean,2.79296909972678,NA,2.79296909972678,0.0801255605939684,0.0286883090120139,2.80261881705662,2.14083495089286,2.83699327203273,50 m,0.009576836236086754,TRUE,0.6961583211398703,2
sub50_30,160607,12897223921,bootstrap_mean,2.85066655187621,NA,2.85066655187621,0.0138089000823846,0.00484409517251186,2.84889793798053,2.82055671731519,2.88083988633519,50 m,0.001650479244190614,TRUE,0.06028316901999986,0
sub50_31,187329,17545983456,bootstrap_mean,2.84753358073202,NA,2.84753358073202,0.0134074787571459,0.00470845325507951,2.84739377479248,2.81955250667032,2.8827190903117,50 m,0.0016025002189583918,TRUE,0.06316658364137995,0
sub50_32,162092,13136827186,bootstrap_mean,2.81953795035748,NA,2.81953795035748,0.0119845651744601,0.00425054224680344,2.82069908955425,2.79367279287097,2.84780042822551,50 m,0.001432429516694735,TRUE,0.054127635354539905,0
sub50_33,178883,15999474403,bootstrap_mean,2.90194303108821,NA,2.90194303108821,0.0160065525741585,0.00551580523900089,2.90021384712779,2.87382467039863,2.94048068202025,50 m,0.001913148957344932,TRUE,0.06665601162162016,0
sub50_34,182142,16587763011,bootstrap_mean,2.75619945231375,NA,2.75619945231375,0.15821761280027,0.0574042682823445,2.79263151437596,2.10534389819985,2.83021499832096,50 m,0.018910621731947425,TRUE,0.7248711001211099,4
sub50_35,193953,18808786128,bootstrap_mean,2.78205722913375,NA,2.78205722913375,0.139563216953877,0.0501654730507945,2.80949300853043,2.11513933255148,2.84761183990832,50 m,0.016680994971401665,TRUE,0.7324725073568401,3
sub50_36,174203,15173255503,bootstrap_mean,2.8808076342713,NA,2.8808076342713,0.0155552497047469,0.00539961416364464,2.88247087518885,2.8403287876145,2.91823265840041,50 m,0.0018592079472453875,TRUE,0.0779038707859101,1
sub50_37,188112,17692968216,bootstrap_mean,2.78964168057608,NA,2.78964168057608,0.0136483318108116,0.00489250354475386,2.79007949225038,2.74929215946809,2.8235131216518,50 m,0.0016312876649970714,TRUE,0.07422096218371,2
sub50_38,172053,14801031378,bootstrap_mean,2.80796965581913,NA,2.80796965581913,0.0124323823172683,0.00442753442563168,2.80827213256674,2.77498390044703,2.83393962648238,50 m,0.0014859539027782098,TRUE,0.05895572603535015,1
sub50_39,201042,20208842361,bootstrap_mean,2.84445443273972,NA,2.84445443273972,0.011289446884281,0.00396893223330958,2.84645031300235,2.81732623492912,2.86841457221113,50 m,0.0013493469899653683,TRUE,0.0510883372820099,0
sub50_4,144375,10421998125,bootstrap_mean,2.95008960714047,NA,2.95008960714047,0.221069846935833,0.0749366549411756,3.02603119289584,2.31413482602473,3.07279673768596,50 m,0.026422900571888293,TRUE,0.7586619116612301,8
sub50_40,171408,14690265528,bootstrap_mean,2.85368262439775,NA,2.85368262439775,0.112696464001569,0.0394915899329739,2.87155553636869,2.20472768874856,2.90751483049207,50 m,0.013469803794549887,TRUE,0.7027871417435101,3
sub50_41,183905,16910432560,bootstrap_mean,2.79133761048867,NA,2.79133761048867,0.0138713747185741,0.00496943639724959,2.79270684142819,2.75377656910115,2.82523029088565,50 m,0.0016579463914437587,TRUE,0.07145372178450016,1
sub50_42,177583,15767772153,bootstrap_mean,2.79282811646656,NA,2.79282811646656,0.0787429673222701,0.0281947058818265,2.78497689088395,2.75021435373191,3.42815632497495,50 m,0.009411584732746048,TRUE,0.6779419712430399,1
sub50_43,180378,16268021253,bootstrap_mean,2.88660574138243,NA,2.88660574138243,0.0133925627792344,0.00463955384943581,2.88658107693575,2.84260642869947,2.91043369518113,50 m,0.0016007174186047893,TRUE,0.06782726648165971,1
sub50_44,152090,11565608005,bootstrap_mean,3.0109348454029,NA,3.0109348454029,0.190589350265684,0.0632990616042974,3.06588087096723,2.38190851220367,3.09515443054092,50 m,0.022779784407199914,TRUE,0.7132459183372504,6
sub50_45,196375,19281472125,bootstrap_mean,2.9308703400663,NA,2.9308703400663,0.0117728169592834,0.00401683308822766,2.92962025783957,2.9033895899457,2.95843841062894,50 m,0.0014071207642192662,TRUE,0.055048820683239796,0
sub50_46,178822,15988564431,bootstrap_mean,2.84286205767472,NA,2.84286205767472,0.0128637115235364,0.00452491582868362,2.84086247120463,2.81409793129884,2.87637211661518,50 m,0.0015375076035155225,TRUE,0.06227418531633999,5
sub50_47,180256,16246022640,bootstrap_mean,2.84938825714557,NA,2.84938825714557,0.0127871966272297,0.00448769892806379,2.84951241075556,2.81458421068092,2.88345170899291,50 m,0.0015283623242049202,TRUE,0.06886749831199035,2
sub50_48,141246,9975145635,bootstrap_mean,2.8262504613731,NA,2.8262504613731,0.0127319610893394,0.00450489482915599,2.82672339402648,2.79359078234783,2.85010228844914,50 m,0.0015217604146910743,TRUE,0.05651150610130973,0
sub50_49,206958,21415703403,bootstrap_mean,2.82731937195229,NA,2.82731937195229,0.0161738414643555,0.00572055694337331,2.82661417192646,2.78425961668702,2.86735204788445,50 m,0.0019331438041036576,TRUE,0.08309243119742993,4
sub50_5,176981,15661048690,bootstrap_mean,2.81356910806666,NA,2.81356910806666,0.0138783253808204,0.0049326406595205,2.81462759454163,2.78566281878925,2.8504167714253,50 m,0.0016587771544808185,TRUE,0.0647539526360501,2
sub50_50,192715,18569439255,bootstrap_mean,2.84308327550978,NA,2.84308327550978,0.0813671014135184,0.028619316962824,2.85090073901471,2.18248366025398,2.88498420803536,50 m,0.009725228746805016,TRUE,0.7025005477813799,1
sub50_51,200631,20126298765,bootstrap_mean,2.81647698127603,NA,2.81647698127603,0.0156867384617154,0.0055696313394361,2.81555176241471,2.77240305898098,2.84432930660968,50 m,0.0018749238596588442,TRUE,0.07192624762870015,1
sub50_52,148734,11060827011,bootstrap_mean,2.92651783003359,NA,2.92651783003359,0.011328866885873,0.00387110810315581,2.92623273360171,2.90163554322898,2.95291162117418,50 m,0.0013540585813336448,TRUE,0.05127607794519973,0
sub50_53,73073,2669795128,bootstrap_mean,3.0007820395582,NA,3.0007820395582,0.179292331526686,0.0597485352695201,3.05051851767821,2.34760684693699,3.07897647961835,50 m,0.021429532407496198,TRUE,0.7313696326813597,6
sub50_54,156070,12178844415,bootstrap_mean,2.85428413821912,NA,2.85428413821912,0.218344335073311,0.0764970565297479,2.92864777086717,2.23503031658533,2.95876080557161,50 m,0.026097139596571638,TRUE,0.7237304889862801,8
sub50_55,175675,15430764975,bootstrap_mean,2.80570247186429,NA,2.80570247186429,0.0104519972600047,0.00372526929167215,2.80530371232666,2.77917785951145,2.82472922622399,50 m,0.001249252614984231,TRUE,0.04555136671254001,0
sub50_56,145500,10585052250,bootstrap_mean,2.82464036800341,NA,2.82464036800341,0.0128045610208404,0.00453316505912973,2.82433786142506,2.79745488726304,2.85529366204438,50 m,0.0015304377662076455,TRUE,0.05783877478133981,0
sub50_57,194198,18856334503,bootstrap_mean,2.81685858932845,NA,2.81685858932845,0.0139374679754871,0.00494787634291924,2.81745937082833,2.7807425846911,2.84863689450814,50 m,0.0016658460465984093,TRUE,0.06789430981703992,0
sub50_58,189724,17997503226,bootstrap_mean,2.77425817465802,NA,2.77425817465802,0.176852404637403,0.0637476375677268,2.82076939304512,2.10969470014864,2.8593045727391,50 m,0.021137905365220668,TRUE,0.7496098725904599,5
sub50_59,182287,16614184041,bootstrap_mean,2.77148700070363,NA,2.77148700070363,0.0825926847624272,0.0298008559092857,2.78218557669255,2.09997065111819,2.81362497432259,50 m,0.009871713974978984,TRUE,0.7136543232044001,3
sub50_6,154062,11867472891,bootstrap_mean,2.87711236977719,NA,2.87711236977719,0.0125358415043004,0.00435709137953175,2.8772376505756,2.84926797729332,2.91113434840704,50 m,0.0014983196408021341,TRUE,0.0618663711137204,2
sub50_60,164492,13528726786,bootstrap_mean,2.88651322016211,NA,2.88651322016211,0.177666492948727,0.0615505557735673,2.93451814914431,2.23052602549594,2.96762995940141,50 m,0.021235207529242583,TRUE,0.7371039339054701,5
sub50_61,121379,7366370131,bootstrap_mean,2.97695045580609,NA,2.97695045580609,0.013051518394615,0.00438419066369075,2.97741445367638,2.9477184818449498,3.00849044545926,50 m,0.0015599548180497945,TRUE,0.06077196361431003,0
sub50_62,48957,1198369446,bootstrap_mean,3.14822619129451,NA,3.14822619129451,0.192250591751804,0.0610663211821997,3.20624410935584,2.51307313550163,3.23786006379065,50 m,0.022978340742322294,TRUE,0.7247869282890202,6
sub50_63,184856,17085777940,bootstrap_mean,2.83064351367321,NA,2.83064351367321,0.0817585794944176,0.0288833896248287,2.84082717423276,2.16549076362889,2.87302846191114,50 m,0.009772019327026822,TRUE,0.7075376982822501,2
sub50_64,159846,12775291935,bootstrap_mean,2.81292114685075,NA,2.81292114685075,0.0800040969444453,0.0284416422529352,2.80404191843083,2.77332709574573,3.46607450554325,50 m,0.009562318553196336,TRUE,0.6927474097975197,2
sub50_65,190561,18156652080,bootstrap_mean,2.70940820960493,NA,2.70940820960493,0.0125927595290268,0.0046477896849892,2.710225047839,2.67782086173096,2.73562513174857,50 m,0.0015051226459561135,TRUE,0.057804270017610015,0
sub50_66,194951,19002848725,bootstrap_mean,2.7529412859088,NA,2.7529412859088,0.139705630539987,0.0507477697599595,2.78002382767376,2.08061805661987,2.81641492484388,50 m,0.016698016650649326,TRUE,0.7357968682240101,3
sub50_67,194915,18995831155,bootstrap_mean,2.77868114083192,NA,2.77868114083192,0.0148981321817995,0.00536158394098399,2.77740855603672,2.75047717117479,2.81259498201346,50 m,0.0017806673809332193,TRUE,0.062117810838670184,0
sub50_68,180561,16301047080,bootstrap_mean,2.7565791480666,NA,2.7565791480666,0.0154120574482664,0.00559100850018258,2.75688330355953,2.72225051598572,2.79827535217968,50 m,0.0018420931990873232,TRUE,0.07602483619395972,1
sub50_69,150307,11296021971,bootstrap_mean,2.79422438443969,NA,2.79422438443969,0.0149877296872384,0.00536382467016649,2.79618858716014,2.7607780111286,2.8244698495474,50 m,0.001791376331115776,TRUE,0.0636918384188001,0
sub50_7,186194,17334009721,bootstrap_mean,2.83775560157539,NA,2.83775560157539,0.0125448492150915,0.00442069401893779,2.83952150269441,2.81305035713636,2.86787873715572,50 m,0.0014993962681663473,TRUE,0.05482838001936008,0
sub50_70,24627,303232251,bootstrap_mean,2.86698966973402,NA,2.86698966973402,0.0823500733794824,0.028723533345386,2.87743042412321,2.19600747821777,2.90705750416875,50 m,0.009842716368394401,TRUE,0.7110500259509798,2
sub50_71,61012,1861201566,bootstrap_mean,2.853215480713,NA,2.853215480713,0.0150531721509498,0.00527586235694619,2.85288193389061,2.82377188517493,2.89389842583971,50 m,0.0017991982016050951,TRUE,0.07012654066477975,0
sub50_72,185114,17133503941,bootstrap_mean,2.92226686079259,NA,2.92226686079259,0.0115527512698038,0.00395335259240164,2.92137825834978,2.90125931907751,2.94822717419699,50 m,0.0013808178834193747,TRUE,0.046967855119480095,0
sub50_73,165703,13728659253,bootstrap_mean,2.7962661628137,NA,2.7962661628137,0.137045466539239,0.0490101651844685,2.82476633685851,2.14362406224232,2.85735296615701,50 m,0.01638006623872778,TRUE,0.7137289039146899,3
sub50_74,185454,17196500331,bootstrap_mean,2.75728666651351,NA,2.75728666651351,0.115854652930823,0.0420176307156764,2.77743187034227,2.07483780717867,2.80886011842151,50 m,0.013847279570742641,TRUE,0.7340223112428399,2
sub50_75,206301,21279948150,bootstrap_mean,2.73262771949442,NA,2.73262771949442,0.0164096740772476,0.00600508951884731,2.73201694058366,2.68722211163118,2.76253220396054,50 m,0.00196133119269793,TRUE,0.0753100923293597,1
sub50_76,196683,19342002903,bootstrap_mean,2.77826854823054,NA,2.77826854823054,0.0153420920015981,0.00552217747682072,2.77778534799847,2.73785038011245,2.80943872512873,50 m,0.0018337307287350421,TRUE,0.0715883450162802,0
sub50_77,182980,16740748710,bootstrap_mean,2.71163212773938,NA,2.71163212773938,0.115341548799944,0.0425358394378152,2.72859187565948,2.04679658760273,2.76634056689444,50 m,0.013785951897063217,TRUE,0.7195439792917098,3
sub50_78,128427,8246682951,bootstrap_mean,2.84020615314029,NA,2.84020615314029,0.0130947090936197,0.00461047839050046,2.84028228701087,2.81428471985325,2.87986727631921,50 m,0.0015651170939605511,TRUE,0.06558255646596,1
sub50_8,187893,17651795778,bootstrap_mean,2.7677994725383,NA,2.7677994725383,0.0138349888237572,0.00499855172349946,2.76554377777137,2.73905420223935,2.80013415082835,50 m,0.0016535974451976198,TRUE,0.06107994858900012,0
sub50_80,19089,182185416,bootstrap_mean,2.95593337219945,NA,2.95593337219945,0.113122110500072,0.0382695061952294,2.97437415998697,2.2855659954373,3.01609716894882,50 m,0.013520678281797266,TRUE,0.7305311735115199,4
sub50_9,167680,14058207360,bootstrap_mean,2.80215607099462,NA,2.80215607099462,0.0116258919801584,0.00414890951310637,2.80005457191184,2.77828544947722,2.83618343960542,50 m,0.0013895598703716604,TRUE,0.057897990128200405,2
