scale,quad_id,sample_rule,sample_size,sample_fraction,n_boot,metric_mean,metric_median,metric_sd,metric_min,metric_max,metric_method,metric_n_points_min,metric_n_points_max,metric_cv,metric_se,ci_low,ci_high,fixed_4000_mean,delta_from_fixed_4000,rule_type,rule_value,rule_label,rule_axis_label,sample_label,plot_sample_label,source_n_pixels,source_method,selection_note
10m,1104_b,pct_1,94,0.009975591637482755,50,6.2931741342701075,6.20935159839668,0.5124148514277197,5.3478818779924735,8.236317808464793,all_sampled_pixels,94,94,0.08142391112893468,0.07246640324504756,6.147547444785038,6.4388008237551775,6.294566206246388,-0.001392071976280107,percent,0.01,1% of pixels,1%,1% of pixels = 94 pixels (1.0%),"1%
94 px",9423,bootstrap_mean,Additional random bootstrap-mean quadrat selected with seed 20260703
10m,1104_b,pct_2,188,0.01995118327496551,50,6.272568629680695,6.24231242104039,0.320249271497091,5.49852393270815,7.0898596683914175,all_sampled_pixels,188,188,0.05105552292911194,0.04529008630912895,6.1815547937464235,6.363582465614966,6.294566206246388,-0.02199757656569279,percent,0.02,2% of pixels,2%,2% of pixels = 188 pixels (2.0%),"2%
188 px",9423,bootstrap_mean,Additional random bootstrap-mean quadrat selected with seed 20260703
10m,1104_b,pct_3,283,0.030032898227740634,50,6.307800177362421,6.328256568076178,0.2901434093482653,5.635352864114409,7.098515995341743,all_sampled_pixels,283,283,0.045997558766927765,0.041032474453348546,6.225342332782834,6.390258021942008,6.294566206246388,0.013233971116033416,percent,0.03,3% of pixels,3%,3% of pixels = 283 pixels (3.0%),"3%
283 px",9423,bootstrap_mean,Additional random bootstrap-mean quadrat selected with seed 20260703
10m,1104_b,fixed_1250,1250,0.13265414411546217,50,6.251509314915475,6.2542175797090795,0.10690759178867927,6.031264371823973,6.490129463924963,all_sampled_pixels,1250,1250,0.017101084938577708,0.015119016622819675,6.2211265135005105,6.281892116330439,6.294566206246388,-0.04305689133091306,fixed,1250,"Fixed 1,250","1,250","Fixed 1,250 (13.3%)","1,250
13.3%",9423,bootstrap_mean,Additional random bootstrap-mean quadrat selected with seed 20260703
10m,1104_b,fixed_2000,2000,0.21224663058473947,50,6.284988411423886,6.274164930552671,0.07971254354017292,6.1402598803232395,6.5006809813309445,all_sampled_pixels,2000,2000,0.012683005651256843,0.011273056016576839,6.2623343572062025,6.30764246564157,6.294566206246388,-0.009577794822501318,fixed,2000,"Fixed 2,000","2,000","Fixed 2,000 (21.2%)","2,000
21.2%",9423,bootstrap_mean,Additional random bootstrap-mean quadrat selected with seed 20260703
10m,1104_b,fixed_3000,3000,0.3183699458771092,50,6.2760168284448,6.281773375760811,0.06459557605714385,6.155422088343012,6.437300364992029,all_sampled_pixels,3000,3000,0.010292447873048591,0.00913519397293156,6.257658968850425,6.294374688039175,6.294566206246388,-0.018549377801587497,fixed,3000,"Fixed 3,000","3,000","Fixed 3,000 (31.8%)","3,000
31.8%",9423,bootstrap_mean,Additional random bootstrap-mean quadrat selected with seed 20260703
10m,1104_b,fixed_4000,4000,0.42449326116947894,50,6.294566206246388,6.295461841143089,0.06108932126066042,6.1546817052989224,6.396550123567553,all_sampled_pixels,4000,4000,0.009705088366540441,0.008639334664299302,6.27720481323974,6.3119275992530355,6.294566206246388,0,fixed,4000,"Fixed 4,000","4,000","Fixed 4,000 (42.4%)","4,000
42.4%",9423,bootstrap_mean,Additional random bootstrap-mean quadrat selected with seed 20260703
10m,1110_a,pct_1,76,0.009934640522875817,50,6.475966129736875,6.423110189591666,0.38009528989302066,5.471760000590372,7.517144529674418,all_sampled_pixels,76,76,0.058693217703481765,0.0537535913960843,6.367944243560541,6.583988015913209,6.531389828048057,-0.055423698311181546,percent,0.01,1% of pixels,1%,1% of pixels = 76 pixels (1.0%),"1%
76 px",7650,bootstrap_mean,Additional random bootstrap-mean quadrat selected with seed 20260703
10m,1110_a,pct_2,153,0.02,50,6.500519260593111,6.497669375220003,0.31217491583616874,5.844090331514321,7.278516851139812,all_sampled_pixels,153,153,0.048023073745601934,0.04414819998081893,6.411800131147828,6.589238390038394,6.531389828048057,-0.03087056745494543,percent,0.02,2% of pixels,2%,2% of pixels = 153 pixels (2.0%),"2%
153 px",7650,bootstrap_mean,Additional random bootstrap-mean quadrat selected with seed 20260703
10m,1110_a,pct_3,230,0.030065359477124184,50,6.485289449436983,6.474699926394107,0.1662708789861757,6.166479011002818,6.813549587345904,all_sampled_pixels,230,230,0.025638158525154255,0.023514253208994532,6.438035788468601,6.532543110405364,6.531389828048057,-0.04610037861107408,percent,0.03,3% of pixels,3%,3% of pixels = 230 pixels (3.0%),"3%
230 px",7650,bootstrap_mean,Additional random bootstrap-mean quadrat selected with seed 20260703
10m,1110_a,fixed_1250,1250,0.16339869281045752,50,6.54325486497557,6.518882403951474,0.10345627446422985,6.355620216569073,6.807684047764516,all_sampled_pixels,1250,1250,0.015811133235540887,0.014630926645990715,6.513852917091533,6.5726568128596075,6.531389828048057,0.011865036927513728,fixed,1250,"Fixed 1,250","1,250","Fixed 1,250 (16.3%)","1,250
16.3%",7650,bootstrap_mean,Additional random bootstrap-mean quadrat selected with seed 20260703
10m,1110_a,fixed_2000,2000,0.26143790849673204,50,6.529058075563765,6.529474498671897,0.06760784868701068,6.40069636751126,6.694200208934409,all_sampled_pixels,2000,2000,0.01035491611570218,0.009561193653603856,6.509844137560085,6.548272013567445,6.531389828048057,-0.002331752484291627,fixed,2000,"Fixed 2,000","2,000","Fixed 2,000 (26.1%)","2,000
26.1%",7650,bootstrap_mean,Additional random bootstrap-mean quadrat selected with seed 20260703
10m,1110_a,fixed_3000,3000,0.39215686274509803,50,6.527207001352187,6.533784047881422,0.051063467107117254,6.434879865093938,6.6701701728666105,all_sampled_pixels,3000,3000,0.007823172621389035,0.0072214647724677655,6.512694924569634,6.541719078134739,6.531389828048057,-0.004182826695870112,fixed,3000,"Fixed 3,000","3,000","Fixed 3,000 (39.2%)","3,000
39.2%",7650,bootstrap_mean,Additional random bootstrap-mean quadrat selected with seed 20260703
10m,1110_a,fixed_4000,4000,0.5228758169934641,50,6.531389828048057,6.530592154706852,0.03485925058726424,6.438322101242442,6.592619751983698,all_sampled_pixels,4000,4000,0.00533718726105836,0.004929842495467136,6.521482938646218,6.541296717449895,6.531389828048057,0,fixed,4000,"Fixed 4,000","4,000","Fixed 4,000 (52.3%)","4,000
52.3%",7650,bootstrap_mean,Additional random bootstrap-mean quadrat selected with seed 20260703
10m,1124_a,pct_1,83,0.009998795325864354,50,7.007338244879421,6.9818834278722335,0.5012092198588319,5.982265810294927,8.206560558509453,all_sampled_pixels,83,83,0.07152633458575917,0.07088168763107985,6.864896160650073,7.1497803291087685,7.0897113780158625,-0.0823731331364419,percent,0.01,1% of pixels,1%,1% of pixels = 83 pixels (1.0%),"1%
83 px",8301,bootstrap_mean,Additional random bootstrap-mean quadrat selected with seed 20260703
10m,1124_a,pct_2,166,0.01999759065172871,50,7.084750160284086,7.093680642447707,0.3686972943726289,6.35379183361585,7.870448328524334,all_sampled_pixels,166,166,0.05204097336268591,0.05214167141120372,6.979967548593602,7.18953277197457,7.0897113780158625,-0.0049612177317763795,percent,0.02,2% of pixels,2%,2% of pixels = 166 pixels (2.0%),"2%
166 px",8301,bootstrap_mean,Additional random bootstrap-mean quadrat selected with seed 20260703
10m,1124_a,pct_3,249,0.029996385977593062,50,7.073107795427143,7.084581564435345,0.30241343878516885,6.521447439332119,7.860016034944832,all_sampled_pixels,249,249,0.04275538384706693,0.042767718657387155,6.987162847064748,7.159052743789538,7.0897113780158625,-0.016603582588719412,percent,0.03,3% of pixels,3%,3% of pixels = 249 pixels (3.0%),"3%
249 px",8301,bootstrap_mean,Additional random bootstrap-mean quadrat selected with seed 20260703
10m,1124_a,fixed_1250,1250,0.15058426695578847,50,7.104700110680534,7.0974529322076325,0.10365164702054926,6.902245699982734,7.328968254283708,all_sampled_pixels,1250,1250,0.01458916567987566,0.014658556497876956,7.075242638530341,7.134157582830728,7.0897113780158625,0.014988732664671822,fixed,1250,"Fixed 1,250","1,250","Fixed 1,250 (15.1%)","1,250
15.1%",8301,bootstrap_mean,Additional random bootstrap-mean quadrat selected with seed 20260703
10m,1124_a,fixed_2000,2000,0.24093482712926154,50,7.070827557906185,7.075174648013157,0.09267835372018852,6.867251367008047,7.25058126541045,all_sampled_pixels,2000,2000,0.013107143818909997,0.01310669847695016,7.044488661206386,7.097166454605984,7.0897113780158625,-0.018883820109677707,fixed,2000,"Fixed 2,000","2,000","Fixed 2,000 (24.1%)","2,000
24.1%",8301,bootstrap_mean,Additional random bootstrap-mean quadrat selected with seed 20260703
10m,1124_a,fixed_3000,3000,0.3614022406938923,50,7.12376562171321,7.1309878497753445,0.06427232133041763,6.973311457461038,7.252244506300248,all_sampled_pixels,3000,3000,0.00902223974558004,0.009089478851067818,7.105499630095695,7.142031613330726,7.0897113780158625,0.034054243697347886,fixed,3000,"Fixed 3,000","3,000","Fixed 3,000 (36.1%)","3,000
36.1%",8301,bootstrap_mean,Additional random bootstrap-mean quadrat selected with seed 20260703
10m,1124_a,fixed_4000,4000,0.4818696542585231,50,7.0897113780158625,7.1001662150428455,0.05603679140404857,6.954733796272498,7.174745803203738,all_sampled_pixels,4000,4000,0.007903959472568983,0.007924799039547755,7.073785898106761,7.105636857924964,7.0897113780158625,0,fixed,4000,"Fixed 4,000","4,000","Fixed 4,000 (48.2%)","4,000
48.2%",8301,bootstrap_mean,Additional random bootstrap-mean quadrat selected with seed 20260703
10m,112_b,pct_1,73,0.00994550408719346,50,8.563535800790484,8.65020171089321,1.1125712593976118,6.480105240025749,11.091006736572963,all_sampled_pixels,73,73,0.1299196132624228,0.15734133641466175,8.24734654735476,8.87972505422621,8.552414772808373,0.011121027982111897,percent,0.01,1% of pixels,1%,1% of pixels = 73 pixels (1.0%),"1%
73 px",7340,bootstrap_mean,Original random bootstrap-mean quadrat selected with seed 20260703
10m,112_b,pct_2,147,0.02002724795640327,50,8.584287451341925,8.44712269938878,0.8602458186455212,6.729195881127601,10.435975452617843,all_sampled_pixels,147,147,0.10021167435522498,0.12165713037032419,8.339808294729519,8.828766607954332,8.552414772808373,0.0318726785335528,percent,0.02,2% of pixels,2%,2% of pixels = 147 pixels (2.0%),"2%
147 px",7340,bootstrap_mean,Original random bootstrap-mean quadrat selected with seed 20260703
10m,112_b,pct_3,220,0.02997275204359673,50,8.630931282506575,8.624856683106506,0.8152386178797112,6.590467327867066,10.586024601110644,all_sampled_pixels,220,220,0.09445546386541864,0.11529215099757847,8.399243030826476,8.862619534186674,8.552414772808373,0.07851650969820234,percent,0.03,3% of pixels,3%,3% of pixels = 220 pixels (3.0%),"3%
220 px",7340,bootstrap_mean,Original random bootstrap-mean quadrat selected with seed 20260703
10m,112_b,fixed_1250,1250,0.17029972752043596,50,8.551887680363716,8.574668305695885,0.27414548478183587,7.968844255866341,9.181600428060424,all_sampled_pixels,1250,1250,0.03205672186402901,0.03877002626418192,8.473976395640365,8.629798965087067,8.552414772808373,-5.270924446563185e-4,fixed,1250,"Fixed 1,250","1,250","Fixed 1,250 (17.0%)","1,250
17.0%",7340,bootstrap_mean,Original random bootstrap-mean quadrat selected with seed 20260703
10m,112_b,fixed_2000,2000,0.2724795640326976,50,8.550650048327785,8.548262429398632,0.21493241982794714,8.007417861653828,8.88561231779952,all_sampled_pixels,2000,2000,0.02513638362149794,0.030396034311435078,8.489566930468595,8.611733166186976,8.552414772808373,-0.0017647244805871765,fixed,2000,"Fixed 2,000","2,000","Fixed 2,000 (27.2%)","2,000
27.2%",7340,bootstrap_mean,Original random bootstrap-mean quadrat selected with seed 20260703
10m,112_b,fixed_3000,3000,0.4087193460490463,50,8.507610692050605,8.510301211331797,0.14945567653941305,8.179032507475148,8.834170667122528,all_sampled_pixels,3000,3000,0.01756729144635901,0.021136224473568433,8.465135858742117,8.550085525359092,8.552414772808373,-0.04480408075776765,fixed,3000,"Fixed 3,000","3,000","Fixed 3,000 (40.9%)","3,000
40.9%",7340,bootstrap_mean,Original random bootstrap-mean quadrat selected with seed 20260703
10m,112_b,fixed_4000,4000,0.5449591280653951,50,8.552414772808373,8.547908722453684,0.11905608712957785,8.250309985324307,8.781336812026879,all_sampled_pixels,4000,4000,0.013920756919800697,0.016837073310172188,8.518579407218521,8.586250138398224,8.552414772808373,0,fixed,4000,"Fixed 4,000","4,000","Fixed 4,000 (54.5%)","4,000
54.5%",7340,bootstrap_mean,Original random bootstrap-mean quadrat selected with seed 20260703
10m,114_b,pct_1,72,0.009946125155408206,50,9.334144488709839,9.366699203329274,0.7381308010455837,7.951485197681106,11.102411972647532,all_sampled_pixels,72,72,0.0790785702897993,0.10438745896439812,9.12437003610814,9.543918941311539,9.386668610905314,-0.05252412219547509,percent,0.01,1% of pixels,1%,1% of pixels = 72 pixels (1.0%),"1%
72 px",7239,bootstrap_mean,Additional random bootstrap-mean quadrat selected with seed 20260703
10m,114_b,pct_2,145,0.02003039093797486,50,9.376575581802715,9.369971900668165,0.5064545542081935,8.300787624988612,10.466929499944861,all_sampled_pixels,145,145,0.05401274162297361,0.07162348992868471,9.232642790045254,9.520508373560176,9.386668610905314,-0.010093029102598905,percent,0.02,2% of pixels,2%,2% of pixels = 145 pixels (2.0%),"2%
145 px",7239,bootstrap_mean,Additional random bootstrap-mean quadrat selected with seed 20260703
10m,114_b,pct_3,217,0.029976516093383063,50,9.271729601974792,9.234897853155886,0.3390435598299808,8.64617532220219,10.152660443673716,all_sampled_pixels,217,217,0.03656745552175806,0.04794800005468127,9.175374488395033,9.368084715554552,9.386668610905314,-0.11493900893052178,percent,0.03,3% of pixels,3%,3% of pixels = 217 pixels (3.0%),"3%
217 px",7239,bootstrap_mean,Additional random bootstrap-mean quadrat selected with seed 20260703
10m,114_b,fixed_1250,1250,0.17267578394805913,50,9.388511458046445,9.399533270928108,0.1803456161328893,8.868629919661283,9.782048973849927,all_sampled_pixels,1250,1250,0.019209181022868508,0.02550472162496641,9.337257801039037,9.439765115053852,9.386668610905314,0.001842847141130477,fixed,1250,"Fixed 1,250","1,250","Fixed 1,250 (17.3%)","1,250
17.3%",7239,bootstrap_mean,Additional random bootstrap-mean quadrat selected with seed 20260703
10m,114_b,fixed_2000,2000,0.2762812543168946,50,9.346348464352914,9.331045339817686,0.12556874357220718,9.020847980674096,9.613625213766857,all_sampled_pixels,2000,2000,0.01343505905553681,0.01775810201699648,9.310662222281143,9.382034706424685,9.386668610905314,-0.040320146552399905,fixed,2000,"Fixed 2,000","2,000","Fixed 2,000 (27.6%)","2,000
27.6%",7239,bootstrap_mean,Additional random bootstrap-mean quadrat selected with seed 20260703
10m,114_b,fixed_3000,3000,0.4144218814753419,50,9.410013074615033,9.409772285561605,0.09236756914836305,9.200836406808897,9.632701878077636,all_sampled_pixels,3000,3000,0.009815881063708494,0.01306274690130497,9.383762501913285,9.436263647316782,9.386668610905314,0.02334446370971932,fixed,3000,"Fixed 3,000","3,000","Fixed 3,000 (41.4%)","3,000
41.4%",7239,bootstrap_mean,Additional random bootstrap-mean quadrat selected with seed 20260703
10m,114_b,fixed_4000,4000,0.5525625086337892,50,9.386668610905314,9.384439831383267,0.07184901868641232,9.22263514799447,9.549117010852076,all_sampled_pixels,4000,4000,0.007654368303035544,0.010160985666952223,9.366249345724182,9.407087876086447,9.386668610905314,0,fixed,4000,"Fixed 4,000","4,000","Fixed 4,000 (55.3%)","4,000
55.3%",7239,bootstrap_mean,Additional random bootstrap-mean quadrat selected with seed 20260703
10m,11_c,pct_1,62,0.010001613163413454,50,6.955418126261803,6.949503686400901,0.49692681241086734,6.037332103241693,8.48258178614646,all_sampled_pixels,62,62,0.07144456356039967,0.07027606376182795,6.814193088763117,7.096643163760488,7.002606514324476,-0.04718838806267289,percent,0.01,1% of pixels,1%,1% of pixels = 62 pixels (1.0%),"1%
62 px",6199,bootstrap_mean,Additional random bootstrap-mean quadrat selected with seed 20260703
10m,11_c,pct_2,124,0.020003226326826908,50,6.9253583383559425,6.91211202774033,0.3230861644509726,6.169593031102824,7.932149511354621,all_sampled_pixels,124,124,0.046652627729249344,0.045691283558166956,6.833538266364799,7.017178410347086,7.002606514324476,-0.07724817596853306,percent,0.02,2% of pixels,2%,2% of pixels = 124 pixels (2.0%),"2%
124 px",6199,bootstrap_mean,Additional random bootstrap-mean quadrat selected with seed 20260703
10m,11_c,pct_3,186,0.03000483949024036,50,7.060474308880275,7.04634047915055,0.30135895106125155,6.315676571226474,7.745905877280543,all_sampled_pixels,186,186,0.042682536310941446,0.042618591573335175,6.974829042613176,7.146119575147375,7.002606514324476,0.05786779455579971,percent,0.03,3% of pixels,3%,3% of pixels = 186 pixels (3.0%),"3%
186 px",6199,bootstrap_mean,Additional random bootstrap-mean quadrat selected with seed 20260703
10m,11_c,fixed_1250,1250,0.20164542668172286,50,6.968646127413134,6.958688480262717,0.10031634464045602,6.778835472352726,7.26992122706878,all_sampled_pixels,1250,1250,0.014395385101538361,0.014186873511822644,6.94013653771149,6.997155717114778,7.002606514324476,-0.03396038691134162,fixed,1250,"Fixed 1,250","1,250","Fixed 1,250 (20.2%)","1,250
20.2%",6199,bootstrap_mean,Additional random bootstrap-mean quadrat selected with seed 20260703
10m,11_c,fixed_2000,2000,0.32263268269075657,50,6.990762523239704,6.998500825592883,0.06777133541702467,6.815368785067381,7.14149308204948,all_sampled_pixels,2000,2000,0.0096944124752814,0.009584314168689236,6.971502122821439,7.010022923657969,7.002606514324476,-0.01184399108477141,fixed,2000,"Fixed 2,000","2,000","Fixed 2,000 (32.3%)","2,000
32.3%",6199,bootstrap_mean,Additional random bootstrap-mean quadrat selected with seed 20260703
10m,11_c,fixed_3000,3000,0.4839490240361349,50,6.9879533123151285,6.99839963258714,0.04997914556724134,6.884321234734465,7.094272409807996,all_sampled_pixels,3000,3000,0.007152186532093917,0.007068118549701186,6.973749396304555,7.002157228325702,7.002606514324476,-0.014653202009347055,fixed,3000,"Fixed 3,000","3,000","Fixed 3,000 (48.4%)","3,000
48.4%",6199,bootstrap_mean,Additional random bootstrap-mean quadrat selected with seed 20260703
10m,11_c,fixed_4000,4000,0.6452653653815131,50,7.002606514324476,6.998117246781195,0.03740303630339959,6.908743315520112,7.100060231284231,all_sampled_pixels,4000,4000,0.005341302017597053,0.005289588121420093,6.991976689021056,7.013236339627895,7.002606514324476,0,fixed,4000,"Fixed 4,000","4,000","Fixed 4,000 (64.5%)","4,000
64.5%",6199,bootstrap_mean,Additional random bootstrap-mean quadrat selected with seed 20260703
10m,120_d,pct_1,71,0.010045274476513865,50,8.80404747070545,8.8858657918311,0.5690424859753097,7.111539473617936,10.258013673465726,all_sampled_pixels,71,71,0.06463419102052087,0.08047476012327846,8.642327385547794,8.965767555863106,8.951745064049764,-0.1476975933443132,percent,0.01,1% of pixels,1%,1% of pixels = 71 pixels (1.0%),"1%
71 px",7068,bootstrap_mean,Additional random bootstrap-mean quadrat selected with seed 20260703
10m,120_d,pct_2,141,0.019949066213921902,50,8.97706576855583,8.914136225225723,0.40250614234012894,8.249868976556643,10.205282561759843,all_sampled_pixels,141,141,0.04483716090729738,0.056922964543588576,8.862674788585048,9.091456748526612,8.951745064049764,0.025320704506066605,percent,0.02,2% of pixels,2%,2% of pixels = 141 pixels (2.0%),"2%
141 px",7068,bootstrap_mean,Additional random bootstrap-mean quadrat selected with seed 20260703
10m,120_d,pct_3,212,0.029994340690435765,50,8.906649971866283,8.868552901467979,0.38076465605631227,8.193449652287189,9.943801174407469,all_sampled_pixels,212,212,0.04275060289323658,0.05384825406671636,8.798437853931166,9.014862089801401,8.951745064049764,-0.04509509218348029,percent,0.03,3% of pixels,3%,3% of pixels = 212 pixels (3.0%),"3%
212 px",7068,bootstrap_mean,Additional random bootstrap-mean quadrat selected with seed 20260703
10m,120_d,fixed_1250,1250,0.17685342388228636,50,8.958876956893432,8.934014998854352,0.1381036525360444,8.664760553028012,9.332404649479958,all_sampled_pixels,1250,1250,0.015415286223992637,0.019530805842973547,8.919628333110213,8.998125580676652,8.951745064049764,0.0071318928436685525,fixed,1250,"Fixed 1,250","1,250","Fixed 1,250 (17.7%)","1,250
17.7%",7068,bootstrap_mean,Additional random bootstrap-mean quadrat selected with seed 20260703
10m,120_d,fixed_2000,2000,0.2829654782116582,50,8.947380396953436,8.937238708470005,0.08789388422596232,8.790741275590516,9.195337170696178,all_sampled_pixels,2000,2000,0.009823420970889982,0.012430072312200656,8.922401231439112,8.97235956246776,8.951745064049764,-0.004364667096327324,fixed,2000,"Fixed 2,000","2,000","Fixed 2,000 (28.3%)","2,000
28.3%",7068,bootstrap_mean,Additional random bootstrap-mean quadrat selected with seed 20260703
10m,120_d,fixed_3000,3000,0.4244482173174873,50,8.957243772456545,8.954695695397596,0.0676264286331697,8.816168508448687,9.12490295688426,all_sampled_pixels,3000,3000,0.007549914946059684,0.009563821254788479,8.938024554090592,8.976462990822498,8.951745064049764,0.005498708406781461,fixed,3000,"Fixed 3,000","3,000","Fixed 3,000 (42.4%)","3,000
42.4%",7068,bootstrap_mean,Additional random bootstrap-mean quadrat selected with seed 20260703
10m,120_d,fixed_4000,4000,0.5659309564233164,50,8.951745064049764,8.947384837710711,0.054231333634946206,8.861417125255524,9.070445917960036,all_sampled_pixels,4000,4000,0.006058185666249524,0.007669468753212112,8.936332689561372,8.967157438538155,8.951745064049764,0,fixed,4000,"Fixed 4,000","4,000","Fixed 4,000 (56.6%)","4,000
56.6%",7068,bootstrap_mean,Additional random bootstrap-mean quadrat selected with seed 20260703
10m,1305_c,pct_1,80,0.009966363523109506,50,7.199678850003416,7.188474933877034,0.3942620790855221,6.40199504405819,7.937787958123029,all_sampled_pixels,80,80,0.054761064666840664,0.05575707793721591,7.087630806886102,7.3117268931207295,7.27178411784414,-0.07210526784072435,percent,0.01,1% of pixels,1%,1% of pixels = 80 pixels (1.0%),"1%
80 px",8027,bootstrap_mean,Additional random bootstrap-mean quadrat selected with seed 20260703
10m,1305_c,pct_2,161,0.02005730659025788,50,7.271047519243584,7.232806343766246,0.32822613048339705,6.487171674358215,8.484607727997203,all_sampled_pixels,161,161,0.045141519102263106,0.04641818452548613,7.177766685068672,7.364328353418497,7.27178411784414,-7.36598600555638e-4,percent,0.02,2% of pixels,2%,2% of pixels = 161 pixels (2.0%),"2%
161 px",8027,bootstrap_mean,Additional random bootstrap-mean quadrat selected with seed 20260703
10m,1305_c,pct_3,241,0.030023670113367384,50,7.276449179049293,7.24610143209449,0.2511367413915782,6.83160390119179,7.853415020729589,all_sampled_pixels,241,241,0.034513639168217286,0.03551609856861545,7.2050769068463625,7.347821451252224,7.27178411784414,0.004665061205153087,percent,0.03,3% of pixels,3%,3% of pixels = 241 pixels (3.0%),"3%
241 px",8027,bootstrap_mean,Additional random bootstrap-mean quadrat selected with seed 20260703
10m,1305_c,fixed_1250,1250,0.15572443004858602,50,7.268899453255338,7.275700942487402,0.11564919944515153,7.0433943590669585,7.508590932816381,all_sampled_pixels,1250,1250,0.015910138830350536,0.016355266633292433,7.2360323144324274,7.301766592078249,7.27178411784414,-0.0028846645888016553,fixed,1250,"Fixed 1,250","1,250","Fixed 1,250 (15.6%)","1,250
15.6%",8027,bootstrap_mean,Additional random bootstrap-mean quadrat selected with seed 20260703
10m,1305_c,fixed_2000,2000,0.24915908807773762,50,7.270792580498411,7.2820395900508466,0.07165380516615738,7.107917081329861,7.468982940667829,all_sampled_pixels,2000,2000,0.009855019844514052,0.01013337830616191,7.250428794385885,7.291156366610937,7.27178411784414,-9.915373457287657e-4,fixed,2000,"Fixed 2,000","2,000","Fixed 2,000 (24.9%)","2,000
24.9%",8027,bootstrap_mean,Additional random bootstrap-mean quadrat selected with seed 20260703
10m,1305_c,fixed_3000,3000,0.37373863211660646,50,7.265682598702592,7.275180883235111,0.05577393880871245,7.1526120915232605,7.386602979971069,all_sampled_pixels,3000,3000,0.007676352228580948,0.007887626069024826,7.249831820674545,7.28153337673064,7.27178411784414,-0.006101519141547662,fixed,3000,"Fixed 3,000","3,000","Fixed 3,000 (37.4%)","3,000
37.4%",8027,bootstrap_mean,Additional random bootstrap-mean quadrat selected with seed 20260703
10m,1305_c,fixed_4000,4000,0.49831817615547525,50,7.27178411784414,7.27687637983283,0.0377117400964287,7.179192962584817,7.366954702240184,all_sampled_pixels,4000,4000,0.005186036808200663,0.005333245430505872,7.261066559893463,7.282501675794817,7.27178411784414,0,fixed,4000,"Fixed 4,000","4,000","Fixed 4,000 (49.8%)","4,000
49.8%",8027,bootstrap_mean,Additional random bootstrap-mean quadrat selected with seed 20260703
10m,1315_b,pct_1,91,0.010025338768315522,50,8.017904971957806,7.9793211081880155,0.5785070480559796,6.536082553729117,9.067156834987477,all_sampled_pixels,91,91,0.0721518962970099,0.08181325132891902,7.85349508801818,8.182314855897433,7.997892015133444,0.020012956824362327,percent,0.01,1% of pixels,1%,1% of pixels = 91 pixels (1.0%),"1%
91 px",9077,bootstrap_mean,Additional random bootstrap-mean quadrat selected with seed 20260703
10m,1315_b,pct_2,182,0.020050677536631045,50,7.994985243370035,7.998531196447177,0.37506414206079897,7.314670106882046,8.942291660302155,all_sampled_pixels,182,182,0.046912424556608996,0.05304207964622111,7.888393193587152,8.101577293152918,7.997892015133444,-0.002906771763409033,percent,0.02,2% of pixels,2%,2% of pixels = 182 pixels (2.0%),"2%
182 px",9077,bootstrap_mean,Additional random bootstrap-mean quadrat selected with seed 20260703
10m,1315_b,pct_3,272,0.029965847747052993,50,7.913463752361251,7.924263658239811,0.32822225035985864,7.186254416076272,8.704114344584607,all_sampled_pixels,272,272,0.041476433156330865,0.04641763579315295,7.820184020905247,8.006743483817255,7.997892015133444,-0.08442826277219329,percent,0.03,3% of pixels,3%,3% of pixels = 272 pixels (3.0%),"3%
272 px",9077,bootstrap_mean,Additional random bootstrap-mean quadrat selected with seed 20260703
10m,1315_b,fixed_1250,1250,0.13771069736697147,50,7.954897484373165,7.95270010291315,0.13849803673964356,7.619519400754306,8.254154423872576,all_sampled_pixels,1250,1250,0.01741041126069986,0.01958658019192511,7.915536777839426,7.994258190906903,7.997892015133444,-0.04299453076027948,fixed,1250,"Fixed 1,250","1,250","Fixed 1,250 (13.8%)","1,250
13.8%",9077,bootstrap_mean,Additional random bootstrap-mean quadrat selected with seed 20260703
10m,1315_b,fixed_2000,2000,0.22033711578715434,50,7.97900106387787,7.970984032392085,0.09697595216269683,7.822568967242483,8.24752802473744,all_sampled_pixels,2000,2000,0.01215389638205733,0.013714470677253033,7.951440803214528,8.006561324541213,7.997892015133444,-0.018890951255573718,fixed,2000,"Fixed 2,000","2,000","Fixed 2,000 (22.0%)","2,000
22.0%",9077,bootstrap_mean,Additional random bootstrap-mean quadrat selected with seed 20260703
10m,1315_b,fixed_3000,3000,0.3305056736807315,50,7.967472149520191,7.973893048946598,0.07381964876794421,7.787704141244013,8.10299146076776,all_sampled_pixels,3000,3000,0.009265127933003155,0.010439674845724504,7.946492837466542,7.98845146157384,7.997892015133444,-0.030419865613253272,fixed,3000,"Fixed 3,000","3,000","Fixed 3,000 (33.1%)","3,000
33.1%",9077,bootstrap_mean,Additional random bootstrap-mean quadrat selected with seed 20260703
10m,1315_b,fixed_4000,4000,0.4406742315743087,50,7.997892015133444,8.012929728753729,0.07495293381736862,7.853088458832691,8.180798883442966,all_sampled_pixels,4000,4000,0.00937158612238628,0.010599945554417569,7.976590627032368,8.01919340323452,7.997892015133444,0,fixed,4000,"Fixed 4,000","4,000","Fixed 4,000 (44.1%)","4,000
44.1%",9077,bootstrap_mean,Additional random bootstrap-mean quadrat selected with seed 20260703
10m,1400_b,pct_1,68,0.00999118424919189,50,7.799092892496075,7.805737490329539,0.4908912546013579,6.529296534146308,8.876831379548427,all_sampled_pixels,68,68,0.0629420961344967,0.06942250699075843,7.659583141548016,7.938602643444135,7.927105893252517,-0.12801300075644217,percent,0.01,1% of pixels,1%,1% of pixels = 68 pixels (1.0%),"1%
68 px",6806,bootstrap_mean,Additional random bootstrap-mean quadrat selected with seed 20260703
10m,1400_b,pct_2,136,0.01998236849838378,50,7.883417303144967,7.90279372988849,0.35038163330561944,6.913729902469933,8.6427088067864,all_sampled_pixels,136,136,0.044445399733671356,0.04955144578272436,7.783839944736052,7.982994661553882,7.927105893252517,-0.04368859010755077,percent,0.02,2% of pixels,2%,2% of pixels = 136 pixels (2.0%),"2%
136 px",6806,bootstrap_mean,Additional random bootstrap-mean quadrat selected with seed 20260703
10m,1400_b,pct_3,204,0.02997355274757567,50,7.9278155875852185,7.933055169470013,0.27365214730340887,7.335933215537022,8.585271712353562,all_sampled_pixels,204,204,0.03451797588883652,0.03870025780890008,7.850044507821935,8.005586667348501,7.927105893252517,7.096943327011829e-4,percent,0.03,3% of pixels,3%,3% of pixels = 204 pixels (3.0%),"3%
204 px",6806,bootstrap_mean,Additional random bootstrap-mean quadrat selected with seed 20260703
10m,1400_b,fixed_1250,1250,0.18366147516896855,50,7.936903780465188,7.923103594364591,0.11144600503589004,7.743347585451104,8.284152336196518,all_sampled_pixels,1250,1250,0.014041496296098238,0.015760845179405594,7.905231176276426,7.968576384653949,7.927105893252517,0.009797887212670275,fixed,1250,"Fixed 1,250","1,250","Fixed 1,250 (18.4%)","1,250
18.4%",6806,bootstrap_mean,Additional random bootstrap-mean quadrat selected with seed 20260703
10m,1400_b,fixed_2000,2000,0.29385836027034967,50,7.937117505337343,7.926675164034449,0.06794655376088794,7.8081459485493125,8.064523230702465,all_sampled_pixels,2000,2000,0.008560608270596603,0.009609093784516035,7.9178073084167275,7.956427702257959,7.927105893252517,0.010011612084825927,fixed,2000,"Fixed 2,000","2,000","Fixed 2,000 (29.4%)","2,000
29.4%",6806,bootstrap_mean,Additional random bootstrap-mean quadrat selected with seed 20260703
10m,1400_b,fixed_3000,3000,0.44078754040552454,50,7.916292051576317,7.9090617121408755,0.05692216464081053,7.784566575583686,8.036138252502242,all_sampled_pixels,3000,3000,0.007190508418581653,0.008050009723466848,7.900114951377389,7.932469151775245,7.927105893252517,-0.010813841676200475,fixed,3000,"Fixed 3,000","3,000","Fixed 3,000 (44.1%)","3,000
44.1%",6806,bootstrap_mean,Additional random bootstrap-mean quadrat selected with seed 20260703
10m,1400_b,fixed_4000,4000,0.5877167205406993,50,7.927105893252517,7.9301345958425085,0.03930697535102197,7.83116810403041,8.012036279995321,all_sampled_pixels,4000,4000,0.004958553081078395,0.0055588457637280216,7.915934974458708,7.938276812046326,7.927105893252517,0,fixed,4000,"Fixed 4,000","4,000","Fixed 4,000 (58.8%)","4,000
58.8%",6806,bootstrap_mean,Additional random bootstrap-mean quadrat selected with seed 20260703
10m,1414_a,pct_1,62,0.00995664043680745,50,8.895828258751912,8.937939614381428,0.5805939667608886,7.848611244039088,10.089389110472887,all_sampled_pixels,62,62,0.0652658695596655,0.08210838620252425,8.730825279078676,9.060831238425148,8.811978724570181,0.08384953418173069,percent,0.01,1% of pixels,1%,1% of pixels = 62 pixels (1.0%),"1%
62 px",6227,bootstrap_mean,Additional random bootstrap-mean quadrat selected with seed 20260703
10m,1414_a,pct_2,125,0.02007387184840212,50,8.709871582797112,8.72843411896525,0.42625362319705346,7.537957890800567,9.97058720674088,all_sampled_pixels,125,125,0.04893913981911605,0.06028136549359439,8.588731643440846,8.831011522153377,8.811978724570181,-0.1021071417730699,percent,0.02,2% of pixels,2%,2% of pixels = 125 pixels (2.0%),"2%
125 px",6227,bootstrap_mean,Additional random bootstrap-mean quadrat selected with seed 20260703
10m,1414_a,pct_3,187,0.03003051228520957,50,8.796014007321004,8.78215122325241,0.37226624739372033,8.078558543726976,9.670812528900967,all_sampled_pixels,187,187,0.0423221526345774,0.052646397587793714,8.690217110404513,8.901810904237495,8.811978724570181,-0.015964717249177696,percent,0.03,3% of pixels,3%,3% of pixels = 187 pixels (3.0%),"3%
187 px",6227,bootstrap_mean,Additional random bootstrap-mean quadrat selected with seed 20260703
10m,1414_a,fixed_1250,1250,0.2007387184840212,50,8.800935789419507,8.79994912506854,0.1504165468621565,8.501918778362853,9.14014659228419,all_sampled_pixels,1250,1250,0.017090971967206874,0.021272112057778993,8.758187879786755,8.843683699052258,8.811978724570181,-0.011042935150674893,fixed,1250,"Fixed 1,250","1,250","Fixed 1,250 (20.1%)","1,250
20.1%",6227,bootstrap_mean,Additional random bootstrap-mean quadrat selected with seed 20260703
10m,1414_a,fixed_2000,2000,0.3211819495744339,50,8.796304080157082,8.795635206846939,0.08043110009869682,8.609142133069808,8.961559170944652,all_sampled_pixels,2000,2000,0.009143738025170737,0.011374675259616503,8.77344581442497,8.819162345889193,8.811978724570181,-0.015674644413099514,fixed,2000,"Fixed 2,000","2,000","Fixed 2,000 (32.1%)","2,000
32.1%",6227,bootstrap_mean,Additional random bootstrap-mean quadrat selected with seed 20260703
10m,1414_a,fixed_3000,3000,0.48177292436165087,50,8.823347822108895,8.815885270177453,0.06109207816140202,8.675012825993429,8.961146585777389,all_sampled_pixels,3000,3000,0.0069239113535025775,0.00863972454894119,8.805985645599725,8.840709998618065,8.811978724570181,0.011369097538713291,fixed,3000,"Fixed 3,000","3,000","Fixed 3,000 (48.2%)","3,000
48.2%",6227,bootstrap_mean,Additional random bootstrap-mean quadrat selected with seed 20260703
10m,1414_a,fixed_4000,4000,0.6423638991488678,50,8.811978724570181,8.812487005270796,0.046307860658509,8.699676554608168,8.911645967050848,all_sampled_pixels,4000,4000,0.005255103547786622,0.006548920458774691,8.798818176186298,8.825139272954065,8.811978724570181,0,fixed,4000,"Fixed 4,000","4,000","Fixed 4,000 (64.2%)","4,000
64.2%",6227,bootstrap_mean,Additional random bootstrap-mean quadrat selected with seed 20260703
10m,1417_c,pct_1,75,0.009982696659124185,50,9.083610237559187,9.119126681611089,0.6164100732659652,7.580443961052152,10.132282305276073,all_sampled_pixels,75,75,0.06785959075139686,0.08717354855961211,8.908428433041108,9.258792042077266,9.217385225996876,-0.13377498843768976,percent,0.01,1% of pixels,1%,1% of pixels = 75 pixels (1.0%),"1%
75 px",7513,bootstrap_mean,Additional random bootstrap-mean quadrat selected with seed 20260703
10m,1417_c,pct_2,150,0.01996539331824837,50,9.2236824969761,9.252363776806032,0.4476634209412153,8.480503658483661,10.203861594857665,all_sampled_pixels,150,150,0.048534131686338695,0.06330916812734025,9.096457960424145,9.350907033528054,9.217385225996876,0.0062972709792230575,percent,0.02,2% of pixels,2%,2% of pixels = 150 pixels (2.0%),"2%
150 px",7513,bootstrap_mean,Additional random bootstrap-mean quadrat selected with seed 20260703
10m,1417_c,pct_3,225,0.029948089977372555,50,9.188860216298314,9.190165481058798,0.3752990208316705,8.019716155141955,9.996708276917499,all_sampled_pixels,225,225,0.04084282620449501,0.05307529652054911,9.082201414707328,9.295519017889301,9.217385225996876,-0.028525009698562087,percent,0.03,3% of pixels,3%,3% of pixels = 225 pixels (3.0%),"3%
225 px",7513,bootstrap_mean,Additional random bootstrap-mean quadrat selected with seed 20260703
10m,1417_c,fixed_1250,1250,0.16637827765206975,50,9.200730006802525,9.186479544157002,0.14748206427004068,8.93007407241652,9.60051562514506,all_sampled_pixels,1250,1250,0.016029387250902957,0.0208571135497472,9.15881606789496,9.242643945710089,9.217385225996876,-0.016655219194351645,fixed,1250,"Fixed 1,250","1,250","Fixed 1,250 (16.6%)","1,250
16.6%",7513,bootstrap_mean,Additional random bootstrap-mean quadrat selected with seed 20260703
10m,1417_c,fixed_2000,2000,0.2662052442433116,50,9.206615650718962,9.238833782159809,0.1144910770824573,8.921116327324086,9.412122290636681,all_sampled_pixels,2000,2000,0.012435739844697055,0.016191483398071457,9.17407764662981,9.239153654808115,9.217385225996876,-0.010769575277914,fixed,2000,"Fixed 2,000","2,000","Fixed 2,000 (26.6%)","2,000
26.6%",7513,bootstrap_mean,Additional random bootstrap-mean quadrat selected with seed 20260703
10m,1417_c,fixed_3000,3000,0.3993078663649674,50,9.198301140357831,9.196240236161096,0.07589858238270247,9.057442259503262,9.350930268025463,all_sampled_pixels,3000,3000,0.008251369597989687,0.01073368045705095,9.176731001908083,9.21987127880758,9.217385225996876,-0.01908408563904551,fixed,3000,"Fixed 3,000","3,000","Fixed 3,000 (39.9%)","3,000
39.9%",7513,bootstrap_mean,Additional random bootstrap-mean quadrat selected with seed 20260703
10m,1417_c,fixed_4000,4000,0.5324104884866232,50,9.217385225996876,9.226932111074671,0.0582567378457698,9.057915353459903,9.350008266216326,all_sampled_pixels,4000,4000,0.006320310632288804,0.008238746876110162,9.200828844289669,9.233941607704084,9.217385225996876,0,fixed,4000,"Fixed 4,000","4,000","Fixed 4,000 (53.2%)","4,000
53.2%",7513,bootstrap_mean,Additional random bootstrap-mean quadrat selected with seed 20260703
10m,1514_a,pct_1,70,0.00996157677529529,50,5.882141904935239,5.924486201799198,0.47147583312208513,4.901967736474357,7.433294913093846,all_sampled_pixels,70,70,0.08015376724021349,0.06667675175324068,5.748149955719713,6.016133854150764,5.922755218008412,-0.040613313073173174,percent,0.01,1% of pixels,1%,1% of pixels = 70 pixels (1.0%),"1%
70 px",7027,bootstrap_mean,Additional random bootstrap-mean quadrat selected with seed 20260703
10m,1514_a,pct_2,141,0.020065461790237656,50,5.923583116316054,5.991880319434491,0.2730634511068927,5.3189345838166915,6.357962533027836,all_sampled_pixels,141,141,0.046097682052398385,0.03861700359437702,5.845979342160663,6.001186890471446,5.922755218008412,8.278983076426272e-4,percent,0.02,2% of pixels,2%,2% of pixels = 141 pixels (2.0%),"2%
141 px",7027,bootstrap_mean,Additional random bootstrap-mean quadrat selected with seed 20260703
10m,1514_a,pct_3,211,0.030027038565532946,50,5.908094289109109,5.9149686048320484,0.2710271920361254,5.335602444350386,6.511200871249751,all_sampled_pixels,211,211,0.045873877222259773,0.03832903307493858,5.831069213378605,5.985119364839614,5.922755218008412,-0.014660928899302483,percent,0.03,3% of pixels,3%,3% of pixels = 211 pixels (3.0%),"3%
211 px",7027,bootstrap_mean,Additional random bootstrap-mean quadrat selected with seed 20260703
10m,1514_a,fixed_1250,1250,0.17788529955884447,50,5.945058014236624,5.938410852185228,0.10016069789368094,5.737114706523371,6.1665975594522155,all_sampled_pixels,1250,1250,0.016847724219650376,0.014164861737799787,5.916592658850982,5.973523369622265,5.922755218008412,0.022302796228212074,fixed,1250,"Fixed 1,250","1,250","Fixed 1,250 (17.8%)","1,250
17.8%",7027,bootstrap_mean,Additional random bootstrap-mean quadrat selected with seed 20260703
10m,1514_a,fixed_2000,2000,0.2846164792941511,50,5.927531479584541,5.932151527812582,0.07197599375267491,5.718557593012086,6.063560233848514,all_sampled_pixels,2000,2000,0.012142659047965054,0.010178942653031401,5.907076128488851,5.9479868306802315,5.922755218008412,0.004776261576129315,fixed,2000,"Fixed 2,000","2,000","Fixed 2,000 (28.5%)","2,000
28.5%",7027,bootstrap_mean,Additional random bootstrap-mean quadrat selected with seed 20260703
10m,1514_a,fixed_3000,3000,0.4269247189412267,50,5.912280933855377,5.90753030822332,0.04855201008540436,5.831209266627694,6.0316975351513,all_sampled_pixels,3000,3000,0.008212060730636453,0.006866291114325413,5.898482605261108,5.926079262449646,5.922755218008412,-0.010474284153034752,fixed,3000,"Fixed 3,000","3,000","Fixed 3,000 (42.7%)","3,000
42.7%",7027,bootstrap_mean,Additional random bootstrap-mean quadrat selected with seed 20260703
10m,1514_a,fixed_4000,4000,0.5692329585883023,50,5.922755218008412,5.924145036906235,0.03751166817960038,5.832456441461582,5.993411498495438,all_sampled_pixels,4000,4000,0.0063334827793565425,0.005304950988683012,5.91209451986737,5.933415916149453,5.922755218008412,0,fixed,4000,"Fixed 4,000","4,000","Fixed 4,000 (56.9%)","4,000
56.9%",7027,bootstrap_mean,Additional random bootstrap-mean quadrat selected with seed 20260703
10m,1516_c,pct_1,84,0.010050251256281407,50,8.55810394363863,8.508463312007049,0.5670461029812944,7.450084952179079,9.900586940709813,all_sampled_pixels,84,84,0.06625837997711964,0.08019242893269572,8.396951224250238,8.719256663027021,8.588077478588806,-0.029973534950176628,percent,0.01,1% of pixels,1%,1% of pixels = 84 pixels (1.0%),"1%
84 px",8358,bootstrap_mean,Additional random bootstrap-mean quadrat selected with seed 20260703
10m,1516_c,pct_2,167,0.01998085666427375,50,8.523565631550808,8.475998226946182,0.34232578406735914,7.916088628765792,9.482485883024966,all_sampled_pixels,167,167,0.040162274670615186,0.04841217665780628,8.426277720163753,8.620853542937862,8.588077478588806,-0.0645118470379984,percent,0.02,2% of pixels,2%,2% of pixels = 167 pixels (2.0%),"2%
167 px",8358,bootstrap_mean,Additional random bootstrap-mean quadrat selected with seed 20260703
10m,1516_c,pct_3,251,0.030031107920555158,50,8.634490717338524,8.672336946973873,0.26706766327578974,8.087437463509398,9.16978480547944,all_sampled_pixels,251,251,0.030930331853794624,0.03776907114759128,8.558590927230952,8.710390507446096,8.588077478588806,0.04641323874971803,percent,0.03,3% of pixels,3%,3% of pixels = 251 pixels (3.0%),"3%
251 px",8358,bootstrap_mean,Additional random bootstrap-mean quadrat selected with seed 20260703
10m,1516_c,fixed_1250,1250,0.14955731036133046,50,8.597673988118553,8.594663212266113,0.11154664975815613,8.3816132162468,8.87368977015853,all_sampled_pixels,1250,1250,0.012974049715342384,0.01577507849252659,8.565972781016201,8.629375195220904,8.588077478588806,0.009596509529746555,fixed,1250,"Fixed 1,250","1,250","Fixed 1,250 (15.0%)","1,250
15.0%",8358,bootstrap_mean,Additional random bootstrap-mean quadrat selected with seed 20260703
10m,1516_c,fixed_2000,2000,0.23929169657812874,50,8.596639719192389,8.59621145381535,0.1045689455481473,8.313616298083526,8.815907837668352,all_sampled_pixels,2000,2000,0.012163932532230283,0.014788282099724359,8.566921553685102,8.626357884699676,8.588077478588806,0.008562240603582794,fixed,2000,"Fixed 2,000","2,000","Fixed 2,000 (23.9%)","2,000
23.9%",8358,bootstrap_mean,Additional random bootstrap-mean quadrat selected with seed 20260703
10m,1516_c,fixed_3000,3000,0.3589375448671931,50,8.599241371464606,8.609197728599689,0.06274281540927883,8.433729285672749,8.727631267869524,all_sampled_pixels,3000,3000,0.0072963198378733956,0.008873174049327373,8.581410060620339,8.617072682308873,8.588077478588806,0.011163892875799775,fixed,3000,"Fixed 3,000","3,000","Fixed 3,000 (35.9%)","3,000
35.9%",8358,bootstrap_mean,Additional random bootstrap-mean quadrat selected with seed 20260703
10m,1516_c,fixed_4000,4000,0.4785833931562575,50,8.588077478588806,8.597231801122978,0.05659758797978513,8.422739133830108,8.666452750035207,all_sampled_pixels,4000,4000,0.0065902512082465815,0.00800410765186166,8.571992622056309,8.604162335121304,8.588077478588806,0,fixed,4000,"Fixed 4,000","4,000","Fixed 4,000 (47.9%)","4,000
47.9%",8358,bootstrap_mean,Additional random bootstrap-mean quadrat selected with seed 20260703
10m,1604_c,pct_1,72,0.009959883801355651,50,7.26819997986474,7.174806702459269,0.5601971201036671,6.220484148236605,8.421310915700568,all_sampled_pixels,72,72,0.07707508346710244,0.07922383648529556,7.108993719873514,7.427406239855966,7.24803623927731,0.020163740587429757,percent,0.01,1% of pixels,1%,1% of pixels = 72 pixels (1.0%),"1%
72 px",7229,bootstrap_mean,Additional random bootstrap-mean quadrat selected with seed 20260703
10m,1604_c,pct_2,145,0.020058099322174575,50,7.266720611159572,7.271885393081767,0.37132146512496433,6.420263684529478,8.288952596523526,all_sampled_pixels,145,145,0.05109890485602576,0.05251278519799728,7.16119221839299,7.372249003926155,7.24803623927731,0.01868437188226224,percent,0.02,2% of pixels,2%,2% of pixels = 145 pixels (2.0%),"2%
145 px",7229,bootstrap_mean,Additional random bootstrap-mean quadrat selected with seed 20260703
10m,1604_c,pct_3,217,0.030017983123530226,50,7.282848797680015,7.2505650150063055,0.30980747165273087,6.718991663724702,7.956820464669101,all_sampled_pixels,217,217,0.042539324961877754,0.043813392813581015,7.194802488427226,7.370895106932804,7.24803623927731,0.03481255840270503,percent,0.03,3% of pixels,3%,3% of pixels = 217 pixels (3.0%),"3%
217 px",7229,bootstrap_mean,Additional random bootstrap-mean quadrat selected with seed 20260703
10m,1604_c,fixed_1250,1250,0.17291464932909115,50,7.261187937564824,7.24630981228562,0.11606191085082794,7.041783773319561,7.654834575095662,all_sampled_pixels,1250,1250,0.015983873692401836,0.016413632840017796,7.2282035074581925,7.294172367671455,7.24803623927731,0.013151698287513724,fixed,1250,"Fixed 1,250","1,250","Fixed 1,250 (17.3%)","1,250
17.3%",7229,bootstrap_mean,Additional random bootstrap-mean quadrat selected with seed 20260703
10m,1604_c,fixed_2000,2000,0.2766634389265459,50,7.245221555882427,7.235380126469314,0.07807635444270818,7.098258640684673,7.41563945162457,all_sampled_pixels,2000,2000,0.010776254920640438,0.011041663935352676,7.2230325014612395,7.267410610303615,7.24803623927731,-0.0028146833948827776,fixed,2000,"Fixed 2,000","2,000","Fixed 2,000 (27.7%)","2,000
27.7%",7229,bootstrap_mean,Additional random bootstrap-mean quadrat selected with seed 20260703
10m,1604_c,fixed_3000,3000,0.41499515838981876,50,7.223740282623648,7.223235985985749,0.051029895243404934,7.113792274612463,7.327324058278397,all_sampled_pixels,3000,3000,0.007064192959173081,0.007216716993970155,7.209237746859196,7.238242818388101,7.24803623927731,-0.024295956653661577,fixed,3000,"Fixed 3,000","3,000","Fixed 3,000 (41.5%)","3,000
41.5%",7229,bootstrap_mean,Additional random bootstrap-mean quadrat selected with seed 20260703
10m,1604_c,fixed_4000,4000,0.5533268778530918,50,7.24803623927731,7.254632436830048,0.042409485890538876,7.126273455439453,7.347065635842703,all_sampled_pixels,4000,4000,0.005851169129194015,0.005997607011967049,7.2359835967440285,7.260088881810591,7.24803623927731,0,fixed,4000,"Fixed 4,000","4,000","Fixed 4,000 (55.3%)","4,000
55.3%",7229,bootstrap_mean,Additional random bootstrap-mean quadrat selected with seed 20260703
10m,1606_c,pct_1,76,0.010007900974453516,50,7.513718163068686,7.545164280851195,0.3770126262254745,6.764831960171012,8.471061437608915,all_sampled_pixels,76,76,0.050176572775721254,0.05331763691939644,7.406572360213219,7.620863965924152,7.5209822808233255,-0.007264117754639976,percent,0.01,1% of pixels,1%,1% of pixels = 76 pixels (1.0%),"1%
76 px",7594,bootstrap_mean,Additional random bootstrap-mean quadrat selected with seed 20260703
10m,1606_c,pct_2,152,0.020015801948907033,50,7.579221388515851,7.539024000096899,0.2583319650793042,6.884730319319549,8.196887922581052,all_sampled_pixels,152,152,0.034084235284475614,0.03653365686096448,7.50580425636628,7.652638520665422,7.5209822808233255,0.058239107692525494,percent,0.02,2% of pixels,2%,2% of pixels = 152 pixels (2.0%),"2%
152 px",7594,bootstrap_mean,Additional random bootstrap-mean quadrat selected with seed 20260703
10m,1606_c,pct_3,228,0.030023702923360547,50,7.571805666778191,7.551653037877435,0.277670382697781,6.919559147920462,8.083207482035867,all_sampled_pixels,228,228,0.03667162033966066,0.03926852210805295,7.492892617151186,7.650718716405197,7.5209822808233255,0.050823385954865685,percent,0.03,3% of pixels,3%,3% of pixels = 228 pixels (3.0%),"3%
228 px",7594,bootstrap_mean,Additional random bootstrap-mean quadrat selected with seed 20260703
10m,1606_c,fixed_1250,1250,0.1646036344482486,50,7.538821191093953,7.538002834479999,0.095900275127109455,7.341225451720416,7.736468126857429,all_sampled_pixels,1250,1250,0.012720858168171175,0.013562346972006938,7.511566634461653,7.566075747726252,7.5209822808233255,0.017838910270627117,fixed,1250,"Fixed 1,250","1,250","Fixed 1,250 (16.5%)","1,250
16.5%",7594,bootstrap_mean,Additional random bootstrap-mean quadrat selected with seed 20260703
10m,1606_c,fixed_2000,2000,0.2633658151171978,50,7.5206596662974645,7.523196932897272,0.06555564773264795,7.3812569401142305,7.706097207755624,all_sampled_pixels,2000,2000,0.0087167417010537325,0.009270968611366377,7.50202895735186,7.539290375243069,7.5209822808233255,-3.2261452586102024e-4,fixed,2000,"Fixed 2,000","2,000","Fixed 2,000 (26.3%)","2,000
26.3%",7594,bootstrap_mean,Additional random bootstrap-mean quadrat selected with seed 20260703
10m,1606_c,fixed_3000,3000,0.39504872267579666,50,7.522573618638127,7.520777747058835,0.04308308485599444,7.437715064010959,7.626938154438156,all_sampled_pixels,3000,3000,0.005727173576507202,0.006092868291221824,7.510329541396998,7.534817695879256,7.5209822808233255,0.0015913378148013635,fixed,3000,"Fixed 3,000","3,000","Fixed 3,000 (39.5%)","3,000
39.5%",7594,bootstrap_mean,Additional random bootstrap-mean quadrat selected with seed 20260703
10m,1606_c,fixed_4000,4000,0.5267316302343956,50,7.5209822808233255,7.5252663349163456,0.035184848331073215,7.4179142466885715,7.597966246906134,all_sampled_pixels,4000,4000,0.004678225133010354,0.00497588896998441,7.510982857566541,7.53098170408011,7.5209822808233255,0,fixed,4000,"Fixed 4,000","4,000","Fixed 4,000 (52.7%)","4,000
52.7%",7594,bootstrap_mean,Additional random bootstrap-mean quadrat selected with seed 20260703
10m,1701_b,pct_1,93,0.01000107538444994,50,7.107106184800527,7.0977990582529795,0.48367911652253665,6.001506661343845,8.377490127450505,all_sampled_pixels,93,93,0.06805570424105208,0.06840255664228079,6.969646100815869,7.244566268785184,7.1014599432928645,0.005646241507662353,percent,0.01,1% of pixels,1%,1% of pixels = 93 pixels (1.0%),"1%
93 px",9299,bootstrap_mean,Additional random bootstrap-mean quadrat selected with seed 20260703
10m,1701_b,pct_2,186,0.02000215076889988,50,7.166594469480633,7.112239310280868,0.36260400747988253,6.567860770616728,8.297182667984783,all_sampled_pixels,186,186,0.05059641773007433,0.051279950514888505,7.063543550764701,7.269645388196565,7.1014599432928645,0.0651345261877685,percent,0.02,2% of pixels,2%,2% of pixels = 186 pixels (2.0%),"2%
186 px",9299,bootstrap_mean,Additional random bootstrap-mean quadrat selected with seed 20260703
10m,1701_b,pct_3,279,0.030003226153349823,50,7.1004248293433765,7.085790849390981,0.2896812612376821,6.296834818806617,7.654444145008626,all_sampled_pixels,279,279,0.040797736501700405,0.040967116840767356,7.0180983258035905,7.1827513328831625,7.1014599432928645,-0.0010351139494879646,percent,0.03,3% of pixels,3%,3% of pixels = 279 pixels (3.0%),"3%
279 px",9299,bootstrap_mean,Additional random bootstrap-mean quadrat selected with seed 20260703
10m,1701_b,fixed_1250,1250,0.13442305624260673,50,7.116830985942514,7.108939323692807,0.12504436866520757,6.836021876580729,7.411461376035727,all_sampled_pixels,1250,1250,0.017570231597771657,0.01768394420647178,7.081293769570413,7.152368202314614,7.1014599432928645,0.01537104264964917,fixed,1250,"Fixed 1,250","1,250","Fixed 1,250 (13.4%)","1,250
13.4%",9299,bootstrap_mean,Additional random bootstrap-mean quadrat selected with seed 20260703
10m,1701_b,fixed_2000,2000,0.21507688998817076,50,7.111552762149101,7.1102319392475355,0.10085273331203394,6.934246156769307,7.320725686570827,all_sampled_pixels,2000,2000,0.014181534846906823,0.014262730325227523,7.082890732473671,7.140214791824531,7.1014599432928645,0.010092818856236363,fixed,2000,"Fixed 2,000","2,000","Fixed 2,000 (21.5%)","2,000
21.5%",9299,bootstrap_mean,Additional random bootstrap-mean quadrat selected with seed 20260703
10m,1701_b,fixed_3000,3000,0.32261533498225614,50,7.098304016933592,7.102362346336966,0.07326987551241439,6.9300935638661665,7.250703471586686,all_sampled_pixels,3000,3000,0.010322166441113684,0.010361925166304475,7.0774809487104005,7.119127085156784,7.1014599432928645,-0.0031559263592724207,fixed,3000,"Fixed 3,000","3,000","Fixed 3,000 (32.3%)","3,000
32.3%",9299,bootstrap_mean,Additional random bootstrap-mean quadrat selected with seed 20260703
10m,1701_b,fixed_4000,4000,0.4301537799763415,50,7.1014599432928645,7.100762993299119,0.04936288344312825,7.013009585735877,7.2345442228895624,all_sampled_pixels,4000,4000,0.006951089471362878,0.006980965924311427,7.087431167040125,7.115488719545604,7.1014599432928645,0,fixed,4000,"Fixed 4,000","4,000","Fixed 4,000 (43.0%)","4,000
43.0%",9299,bootstrap_mean,Additional random bootstrap-mean quadrat selected with seed 20260703
10m,1803_c,pct_1,53,0.010009442870632672,50,6.625287001372171,6.675758820184878,0.48795054552425693,5.177998581273195,7.687936632570601,all_sampled_pixels,53,53,0.07364972195516918,0.06900662792477545,6.486612990696751,6.763961012047591,6.789003914988437,-0.16371691361626617,percent,0.01,1% of pixels,1%,1% of pixels = 53 pixels (1.0%),"1%
53 px",5295,bootstrap_mean,Additional random bootstrap-mean quadrat selected with seed 20260703
10m,1803_c,pct_2,106,0.020018885741265344,50,6.754953414723124,6.8076788479443175,0.3198818433734415,6.017950177205933,7.394008646860295,all_sampled_pixels,106,106,0.04735515165452152,0.04523812412556271,6.664044000706214,6.845862828740033,6.789003914988437,-0.03405050026531331,percent,0.02,2% of pixels,2%,2% of pixels = 106 pixels (2.0%),"2%
106 px",5295,bootstrap_mean,Additional random bootstrap-mean quadrat selected with seed 20260703
10m,1803_c,pct_3,159,0.03002832861189802,50,6.757415322861589,6.764551314097945,0.23934293265252007,6.282154689627631,7.3293062709688,all_sampled_pixels,159,159,0.03541930179173368,0.03384820214153442,6.689394814016617,6.825435831706561,6.789003914988437,-0.03158859212684817,percent,0.03,3% of pixels,3%,3% of pixels = 159 pixels (3.0%),"3%
159 px",5295,bootstrap_mean,Additional random bootstrap-mean quadrat selected with seed 20260703
10m,1803_c,fixed_1250,1250,0.2360717658168083,50,6.780756223152157,6.7887570090972265,0.084196827801363,6.554607937296602,6.962373818709903,all_sampled_pixels,1250,1250,0.012417026218090847,0.011907229578547961,6.756827749448295,6.80468469685602,6.789003914988437,-0.008247691836279714,fixed,1250,"Fixed 1,250","1,250","Fixed 1,250 (23.6%)","1,250
23.6%",5295,bootstrap_mean,Additional random bootstrap-mean quadrat selected with seed 20260703
10m,1803_c,fixed_2000,2000,0.3777148253068933,50,6.7948052890530315,6.79213814403903,0.05910712133508609,6.674961396441411,6.918904099932449,all_sampled_pixels,2000,2000,0.00869886903607265,0.008359009262491087,6.778007231032196,6.811603347073867,6.789003914988437,0.005801374064594356,fixed,2000,"Fixed 2,000","2,000","Fixed 2,000 (37.8%)","2,000
37.8%",5295,bootstrap_mean,Additional random bootstrap-mean quadrat selected with seed 20260703
10m,1803_c,fixed_3000,3000,0.56657223796034,50,6.794799676006049,6.795726600478085,0.040846448362690656,6.68838489299265,6.897389613472313,all_sampled_pixels,3000,3000,0.006011427902271875,0.005776560124928942,6.783191243823203,6.8064081081888945,6.789003914988437,0.005795761017611589,fixed,3000,"Fixed 3,000","3,000","Fixed 3,000 (56.7%)","3,000
56.7%",5295,bootstrap_mean,Additional random bootstrap-mean quadrat selected with seed 20260703
10m,1803_c,fixed_4000,4000,0.7554296506137866,50,6.789003914988437,6.785126439763719,0.025276308644457977,6.737793226441386,6.850414701464969,all_sampled_pixels,4000,4000,0.0037231247707272866,0.003574609849172077,6.781820467553143,6.796187362423732,6.789003914988437,0,fixed,4000,"Fixed 4,000","4,000","Fixed 4,000 (75.5%)","4,000
75.5%",5295,bootstrap_mean,Additional random bootstrap-mean quadrat selected with seed 20260703
10m,1816_c,pct_1,52,0.010013479684190255,50,6.981953957313364,6.888426305140448,0.5358412211788756,6.148641496191987,8.28918254675233,all_sampled_pixels,52,52,0.07674659908314058,0.0757793922269727,6.829669567209336,7.1342383474173925,7.089308338224926,-0.1073543809115618,percent,0.01,1% of pixels,1%,1% of pixels = 52 pixels (1.0%),"1%
52 px",5193,bootstrap_mean,Additional random bootstrap-mean quadrat selected with seed 20260703
10m,1816_c,pct_2,104,0.02002695936838051,50,7.08086635283485,7.060047288425592,0.31629609572718437,6.096713735498259,7.695459704991543,all_sampled_pixels,104,104,0.04466912380016241,0.044731022830304286,6.990975997023607,7.170756708646092,7.089308338224926,-0.008441985390076567,percent,0.02,2% of pixels,2%,2% of pixels = 104 pixels (2.0%),"2%
104 px",5193,bootstrap_mean,Additional random bootstrap-mean quadrat selected with seed 20260703
10m,1816_c,pct_3,156,0.03004043905257077,50,7.041182721822603,7.048504232064229,0.3273075933110288,6.330033209808689,7.68416697479088,all_sampled_pixels,156,156,0.046484746418610993,0.04628828375281543,6.948162933023733,7.134202510621472,7.089308338224926,-0.0481256164023236,percent,0.03,3% of pixels,3%,3% of pixels = 156 pixels (3.0%),"3%
156 px",5193,bootstrap_mean,Additional random bootstrap-mean quadrat selected with seed 20260703
10m,1816_c,fixed_1250,1250,0.24070864625457347,50,7.07794271500416,7.067211173949767,0.09316192603903788,6.871914916193421,7.313285737788791,all_sampled_pixels,1250,1250,0.013162288787891541,0.013175085930120655,7.0514663885719395,7.104419041436381,7.089308338224926,-0.011365623220766174,fixed,1250,"Fixed 1,250","1,250","Fixed 1,250 (24.1%)","1,250
24.1%",5193,bootstrap_mean,Additional random bootstrap-mean quadrat selected with seed 20260703
10m,1816_c,fixed_2000,2000,0.38513383400731754,50,7.084934527622602,7.092125771670263,0.06328276561873276,6.946305903426805,7.240007108895336,all_sampled_pixels,2000,2000,0.008932018407792926,0.008949534540248967,7.066949764626685,7.1029192906185195,7.089308338224926,-0.004373810602324113,fixed,2000,"Fixed 2,000","2,000","Fixed 2,000 (38.5%)","2,000
38.5%",5193,bootstrap_mean,Additional random bootstrap-mean quadrat selected with seed 20260703
10m,1816_c,fixed_3000,3000,0.5777007510109763,50,7.089208021230357,7.083814653219769,0.044359899402142765,6.987246246702678,7.18474517461559,all_sampled_pixels,3000,3000,0.006257384360748938,0.006273437136001645,7.076601077310161,7.101814965150553,7.089308338224926,-1.0031699456902743e-4,fixed,3000,"Fixed 3,000","3,000","Fixed 3,000 (57.8%)","3,000
57.8%",5193,bootstrap_mean,Additional random bootstrap-mean quadrat selected with seed 20260703
10m,1816_c,fixed_4000,4000,0.7702676680146351,50,7.089308338224926,7.089745956652333,0.02790635953947032,7.026070470160144,7.146016867414596,all_sampled_pixels,4000,4000,0.003936400874116546,0.003946555213717872,7.081377438595475,7.097239237854377,7.089308338224926,0,fixed,4000,"Fixed 4,000","4,000","Fixed 4,000 (77.0%)","4,000
77.0%",5193,bootstrap_mean,Additional random bootstrap-mean quadrat selected with seed 20260703
10m,1912_c,pct_1,55,0.01006036217303823,50,7.094483179278394,7.017695153450681,0.5150248288769519,6.229948710512324,8.445156357151726,all_sampled_pixels,55,55,0.07259511593194544,0.07283550979566678,6.948114742409338,7.2408516161474505,7.204263886138783,-0.10978070686038865,percent,0.01,1% of pixels,1%,1% of pixels = 55 pixels (1.0%),"1%
55 px",5467,bootstrap_mean,Additional random bootstrap-mean quadrat selected with seed 20260703
10m,1912_c,pct_2,109,0.019937808670203037,50,7.18789356136277,7.176197347195325,0.30153675505231803,6.390469502882995,7.809986264863706,all_sampled_pixels,109,109,0.04195064276872082,0.042643736854896204,7.102197763760516,7.273589358965025,7.204263886138783,-0.016370324776012524,percent,0.02,2% of pixels,2%,2% of pixels = 109 pixels (2.0%),"2%
109 px",5467,bootstrap_mean,Additional random bootstrap-mean quadrat selected with seed 20260703
10m,1912_c,pct_3,164,0.029998170843241266,50,7.233664293311715,7.197073091534207,0.2521168861653875,6.814651175080966,7.852411206005069,all_sampled_pixels,164,164,0.03485327434928051,0.03565471197183648,7.162013467046137,7.305315119577292,7.204263886138783,0.029400407172931686,percent,0.03,3% of pixels,3%,3% of pixels = 164 pixels (3.0%),"3%
164 px",5467,bootstrap_mean,Additional random bootstrap-mean quadrat selected with seed 20260703
10m,1912_c,fixed_1250,1250,0.22864459484177793,50,7.20412798512329,7.214182368043532,0.10624422981233579,6.9738370468850235,7.539844005244243,all_sampled_pixels,1250,1250,0.014747687719004001,0.015025203072448918,7.173933709096059,7.234322261150521,7.204263886138783,-1.3590101549265654e-4,fixed,1250,"Fixed 1,250","1,250","Fixed 1,250 (22.9%)","1,250
22.9%",5467,bootstrap_mean,Additional random bootstrap-mean quadrat selected with seed 20260703
10m,1912_c,fixed_2000,2000,0.3658313517468447,50,7.204274594422651,7.210713488754859,0.06238686926772657,7.002441236715479,7.389217802794899,all_sampled_pixels,2000,2000,0.008659701743743186,0.0088228356632416155,7.18654444235254,7.222004746492763,7.204263886138783,1.0708283868510193e-5,fixed,2000,"Fixed 2,000","2,000","Fixed 2,000 (36.6%)","2,000
36.6%",5467,bootstrap_mean,Additional random bootstrap-mean quadrat selected with seed 20260703
10m,1912_c,fixed_3000,3000,0.5487470276202671,50,7.221673792154384,7.223888106837283,0.04602816440404185,7.14016186991345,7.314849416884709,all_sampled_pixels,3000,3000,0.006373614445732343,0.0065093654351334514,7.2085927325665144,7.234754851742253,7.204263886138783,0.017409906015600995,fixed,3000,"Fixed 3,000","3,000","Fixed 3,000 (54.9%)","3,000
54.9%",5467,bootstrap_mean,Additional random bootstrap-mean quadrat selected with seed 20260703
10m,1912_c,fixed_4000,4000,0.7316627034936894,50,7.204263886138783,7.20530328575548,0.028717273263422823,7.119821739147355,7.278023775235034,all_sampled_pixels,4000,4000,0.003986149552166697,0.0040612357323506825,7.1961025273789065,7.212425244898659,7.204263886138783,0,fixed,4000,"Fixed 4,000","4,000","Fixed 4,000 (73.2%)","4,000
73.2%",5467,bootstrap_mean,Additional random bootstrap-mean quadrat selected with seed 20260703
10m,1917_c,pct_1,55,0.010088041085840058,50,7.001437701289206,7.0258438833640255,0.5097620177873065,5.897381167583358,8.325257960305503,all_sampled_pixels,55,55,0.07280819162233518,0.07209123591374837,6.8565649387828955,7.146310463795517,7.090088225640077,-0.08865052435087062,percent,0.01,1% of pixels,1%,1% of pixels = 55 pixels (1.0%),"1%
55 px",5452,bootstrap_mean,Additional random bootstrap-mean quadrat selected with seed 20260703
10m,1917_c,pct_2,109,0.01999266324284666,50,7.037175294833362,7.0438141776866345,0.38730772647104184,6.1347482863621075,8.02545547795502,all_sampled_pixels,109,109,0.05503738506491377,0.054773583958723636,6.9271036568610915,7.147246932805632,7.090088225640077,-0.05291293080671533,percent,0.02,2% of pixels,2%,2% of pixels = 109 pixels (2.0%),"2%
109 px",5452,bootstrap_mean,Additional random bootstrap-mean quadrat selected with seed 20260703
10m,1917_c,pct_3,164,0.03008070432868672,50,7.0720550509266245,7.03132855650413,0.30475480900533714,6.309594686432013,7.915201639581366,all_sampled_pixels,164,164,0.043092821932347126,0.043098838409377,6.9854446925101055,7.158665409343143,7.090088225640077,-0.01803317471345256,percent,0.03,3% of pixels,3%,3% of pixels = 164 pixels (3.0%),"3%
164 px",5452,bootstrap_mean,Additional random bootstrap-mean quadrat selected with seed 20260703
10m,1917_c,fixed_1250,1250,0.2292736610418195,50,7.080956164129188,7.0837749466542,0.09836034741768866,6.8133066566261835,7.302210400792784,all_sampled_pixels,1250,1250,0.013890828461269674,0.013910253731782474,7.053002462687614,7.108909865570762,7.090088225640077,-0.009132061510888967,fixed,1250,"Fixed 1,250","1,250","Fixed 1,250 (22.9%)","1,250
22.9%",5452,bootstrap_mean,Additional random bootstrap-mean quadrat selected with seed 20260703
10m,1917_c,fixed_2000,2000,0.36683785766691124,50,7.097200310352772,7.099379480885219,0.06547920549570772,6.987352757826308,7.29309059082831,all_sampled_pixels,2000,2000,0.009226061352698812,0.009260158046544476,7.078591326050533,7.115809294655011,7.090088225640077,0.007112084712694866,fixed,2000,"Fixed 2,000","2,000","Fixed 2,000 (36.7%)","2,000
36.7%",5452,bootstrap_mean,Additional random bootstrap-mean quadrat selected with seed 20260703
10m,1917_c,fixed_3000,3000,0.5502567865003668,50,7.08777723429606,7.088776219756997,0.048944267299964116,6.9342793092825765,7.184038627937409,all_sampled_pixels,3000,3000,0.0069054466135214446,0.006921764661602324,7.073867427434868,7.101687041157252,7.090088225640077,-0.0023109913440171326,fixed,3000,"Fixed 3,000","3,000","Fixed 3,000 (55.0%)","3,000
55.0%",5452,bootstrap_mean,Additional random bootstrap-mean quadrat selected with seed 20260703
10m,1917_c,fixed_4000,4000,0.7336757153338225,50,7.090088225640077,7.090144543734646,0.03574777754588188,7.030700375663952,7.164206809964476,all_sampled_pixels,4000,4000,0.005041936913648864,0.005055499183008255,7.0799288196705765,7.1002476316095775,7.090088225640077,0,fixed,4000,"Fixed 4,000","4,000","Fixed 4,000 (73.4%)","4,000
73.4%",5452,bootstrap_mean,Additional random bootstrap-mean quadrat selected with seed 20260703
10m,204_d,pct_1,71,0.00993423814187771,50,8.083426047480652,8.002330945197468,0.5946919811796539,6.938352901968664,9.525611347125256,all_sampled_pixels,71,71,0.0735692981771016,0.0841021465218792,7.914416456440868,8.252435638520435,8.203320684124689,-0.11989463664403743,percent,0.01,1% of pixels,1%,1% of pixels = 71 pixels (1.0%),"1%
71 px",7147,bootstrap_mean,Additional random bootstrap-mean quadrat selected with seed 20260703
10m,204_d,pct_2,143,0.02000839513082412,50,8.192164617400188,8.159808519545784,0.3877130124004455,7.39692397633352,9.178207261067245,all_sampled_pixels,143,143,0.047327297546846364,0.054830900044523796,8.081977798441205,8.30235143635917,8.203320684124689,-0.011156066724501201,percent,0.02,2% of pixels,2%,2% of pixels = 143 pixels (2.0%),"2%
143 px",7147,bootstrap_mean,Additional random bootstrap-mean quadrat selected with seed 20260703
10m,204_d,pct_3,214,0.029942633272701833,50,8.213321119665357,8.208491189518721,0.34395696339044657,7.485268150270583,8.91654940205915,all_sampled_pixels,214,214,0.041877939310920397,0.04864286024994357,8.115569632243933,8.311072607086782,8.203320684124689,0.010000435540668207,percent,0.03,3% of pixels,3%,3% of pixels = 214 pixels (3.0%),"3%
214 px",7147,bootstrap_mean,Additional random bootstrap-mean quadrat selected with seed 20260703
10m,204_d,fixed_1250,1250,0.17489855883587518,50,8.198958614662216,8.20191969096982,0.11132354424257264,7.953307852346879,8.45856970097902,all_sampled_pixels,1250,1250,0.013577766332847747,0.01574352660792875,8.167320813445837,8.230596415878594,8.203320684124689,-0.004362069462473528,fixed,1250,"Fixed 1,250","1,250","Fixed 1,250 (17.5%)","1,250
17.5%",7147,bootstrap_mean,Additional random bootstrap-mean quadrat selected with seed 20260703
10m,204_d,fixed_2000,2000,0.2798376941374003,50,8.200017796258498,8.213781457116932,0.08888813000035951,7.933032894040521,8.366951687317862,all_sampled_pixels,2000,2000,0.010839992327933406,0.01257067989804912,8.1747560692215,8.225279523295496,8.203320684124689,-0.003302887866190929,fixed,2000,"Fixed 2,000","2,000","Fixed 2,000 (28.0%)","2,000
28.0%",7147,bootstrap_mean,Additional random bootstrap-mean quadrat selected with seed 20260703
10m,204_d,fixed_3000,3000,0.41975654120610045,50,8.191193688110038,8.184508578997892,0.06722327637347628,8.027144010794713,8.360699528014726,all_sampled_pixels,3000,3000,0.008206774120242634,0.0095068069154525,8.172089044348576,8.2102983318715,8.203320684124689,-0.012126996014650615,fixed,3000,"Fixed 3,000","3,000","Fixed 3,000 (42.0%)","3,000
42.0%",7147,bootstrap_mean,Additional random bootstrap-mean quadrat selected with seed 20260703
10m,204_d,fixed_4000,4000,0.5596753882748006,50,8.203320684124689,8.210091530272932,0.0429238721290702,8.076331067073108,8.276074688736296,all_sampled_pixels,4000,4000,0.005232499591554157,0.006070352211449958,8.191121854639906,8.215519513609472,8.203320684124689,0,fixed,4000,"Fixed 4,000","4,000","Fixed 4,000 (56.0%)","4,000
56.0%",7147,bootstrap_mean,Additional random bootstrap-mean quadrat selected with seed 20260703
10m,217_d,pct_1,78,0.009936305732484076,50,7.569856404146389,7.648562956661026,0.5086958260883097,6.292216261840362,8.547538528781848,all_sampled_pixels,78,78,0.06720019494817253,0.07194045363766728,7.425286649968289,7.714426158324489,7.642766735721466,-0.07291033157507698,percent,0.01,1% of pixels,1%,1% of pixels = 78 pixels (1.0%),"1%
78 px",7850,bootstrap_mean,Additional random bootstrap-mean quadrat selected with seed 20260703
10m,217_d,pct_2,157,0.02,50,7.652381276617795,7.609822525651614,0.277845115132396,7.167875830422299,8.434638576048705,all_sampled_pixels,157,157,0.036308320911996976,0.03929323300593485,7.573418568582319,7.731343984653272,7.642766735721466,0.009614540896329515,percent,0.02,2% of pixels,2%,2% of pixels = 157 pixels (2.0%),"2%
157 px",7850,bootstrap_mean,Additional random bootstrap-mean quadrat selected with seed 20260703
10m,217_d,pct_3,236,0.030063694267515925,50,7.581655605300374,7.587798835826375,0.25471910962157135,7.026393416072913,8.149610819571885,all_sampled_pixels,236,236,0.0335967660471805,0.036022721942242535,7.5092652353112515,7.654045975289496,7.642766735721466,-0.061111130421092064,percent,0.03,3% of pixels,3%,3% of pixels = 236 pixels (3.0%),"3%
236 px",7850,bootstrap_mean,Additional random bootstrap-mean quadrat selected with seed 20260703
10m,217_d,fixed_1250,1250,0.1592356687898089,50,7.6464409785763765,7.6433245247734884,0.10133949923961107,7.398591421674124,7.862417649047061,all_sampled_pixels,1250,1250,0.013253159152544531,0.014331569422875591,7.617640611554967,7.675241345597786,7.642766735721466,0.003674242854910581,fixed,1250,"Fixed 1,250","1,250","Fixed 1,250 (15.9%)","1,250
15.9%",7850,bootstrap_mean,Additional random bootstrap-mean quadrat selected with seed 20260703
10m,217_d,fixed_2000,2000,0.25477707006369427,50,7.626185297441101,7.621021885233876,0.08199868450111529,7.443713800942121,7.931786874141599,all_sampled_pixels,2000,2000,0.010752254410685409,0.011596365171822975,7.602881529151097,7.649489065731104,7.642766735721466,-0.01658143828036529,fixed,2000,"Fixed 2,000","2,000","Fixed 2,000 (25.5%)","2,000
25.5%",7850,bootstrap_mean,Additional random bootstrap-mean quadrat selected with seed 20260703
10m,217_d,fixed_3000,3000,0.3821656050955414,50,7.638324724408527,7.637041177196378,0.07193700089407988,7.495640239677693,7.80136725063283,all_sampled_pixels,3000,3000,0.009417902942015903,0.010173428230085322,7.617880454960636,7.658768993856418,7.642766735721466,-0.004442011312939087,fixed,3000,"Fixed 3,000","3,000","Fixed 3,000 (38.2%)","3,000
38.2%",7850,bootstrap_mean,Additional random bootstrap-mean quadrat selected with seed 20260703
10m,217_d,fixed_4000,4000,0.5095541401273885,50,7.642766735721466,7.652734737453155,0.0514901511784003,7.529943082986538,7.751403028534569,all_sampled_pixels,4000,4000,0.006737108819210836,0.007281807012513471,7.628133396667565,7.657400074775367,7.642766735721466,0,fixed,4000,"Fixed 4,000","4,000","Fixed 4,000 (51.0%)","4,000
51.0%",7850,bootstrap_mean,Additional random bootstrap-mean quadrat selected with seed 20260703
10m,22_c,pct_1,71,0.009949551569506726,50,8.807710659085965,8.848882142396302,0.7256699478442782,7.241106995298997,10.377264139779362,all_sampled_pixels,71,71,0.08239030276223741,0.10262522820479547,8.60147754178087,9.01394377639106,8.74362525986731,0.06408539921865497,percent,0.01,1% of pixels,1%,1% of pixels = 71 pixels (1.0%),"1%
71 px",7136,bootstrap_mean,Additional random bootstrap-mean quadrat selected with seed 20260703
10m,22_c,pct_2,143,0.020039237668161434,50,8.6578683172455,8.699938835505051,0.39226248268000125,7.579730500778043,9.504993993747728,all_sampled_pixels,143,143,0.04530705114775868,0.055474292301619904,8.546388553138895,8.769348081352105,8.74362525986731,-0.08575694262180988,percent,0.02,2% of pixels,2%,2% of pixels = 143 pixels (2.0%),"2%
143 px",7136,bootstrap_mean,Additional random bootstrap-mean quadrat selected with seed 20260703
10m,22_c,pct_3,214,0.02998878923766816,50,8.660634737298759,8.655412306209474,0.41202388226237485,7.573077572854593,9.478259064168148,all_sampled_pixels,214,214,0.04757432852905243,0.05826897623170658,8.54353884557065,8.777730629026868,8.74362525986731,-0.08299052256855077,percent,0.03,3% of pixels,3%,3% of pixels = 214 pixels (3.0%),"3%
214 px",7136,bootstrap_mean,Additional random bootstrap-mean quadrat selected with seed 20260703
10m,22_c,fixed_1250,1250,0.17516816143497757,50,8.732897963987888,8.727430438811577,0.13373482653440946,8.491745667665514,9.100506211602836,all_sampled_pixels,1250,1250,0.015313911497179488,0.018912960544657513,8.694890946816543,8.770904981159234,8.74362525986731,-0.010727295879421561,fixed,1250,"Fixed 1,250","1,250","Fixed 1,250 (17.5%)","1,250
17.5%",7136,bootstrap_mean,Additional random bootstrap-mean quadrat selected with seed 20260703
10m,22_c,fixed_2000,2000,0.2802690582959641,50,8.743098042262961,8.73332312541283,0.09889863673260149,8.526032617530573,8.978274337827857,all_sampled_pixels,2000,2000,0.011311623895161506,0.013986379336745498,8.71499136069074,8.771204723835181,8.74362525986731,-5.272176043487065e-4,fixed,2000,"Fixed 2,000","2,000","Fixed 2,000 (28.0%)","2,000
28.0%",7136,bootstrap_mean,Additional random bootstrap-mean quadrat selected with seed 20260703
10m,22_c,fixed_3000,3000,0.4204035874439462,50,8.724782964762328,8.718373631625813,0.08182717995717073,8.559673044144574,8.925669437894639,all_sampled_pixels,3000,3000,0.009378706643781801,0.011572110766617474,8.701527937524418,8.748037992000238,8.74362525986731,-0.018842295104981588,fixed,3000,"Fixed 3,000","3,000","Fixed 3,000 (42.0%)","3,000
42.0%",7136,bootstrap_mean,Additional random bootstrap-mean quadrat selected with seed 20260703
10m,22_c,fixed_4000,4000,0.5605381165919282,50,8.74362525986731,8.742729300743374,0.05808091148472242,8.617726896476196,8.905493316705577,all_sampled_pixels,4000,4000,0.006642657908877929,0.00821388127366857,8.727118847459026,8.760131672275593,8.74362525986731,0,fixed,4000,"Fixed 4,000","4,000","Fixed 4,000 (56.1%)","4,000
56.1%",7136,bootstrap_mean,Additional random bootstrap-mean quadrat selected with seed 20260703
10m,319_c,pct_1,90,0.010018924635422465,50,8.181790764561443,8.2219502370869,0.5678225106639756,7.120330101022761,9.34697225626217,all_sampled_pixels,90,90,0.06940076164296922,0.08030222956017356,8.020417392551051,8.343164136571835,8.225503213302272,-0.04371244874082869,percent,0.01,1% of pixels,1%,1% of pixels = 90 pixels (1.0%),"1%
90 px",8983,bootstrap_mean,Additional random bootstrap-mean quadrat selected with seed 20260703
10m,319_c,pct_2,180,0.02003784927084493,50,8.187587428750703,8.146150027300703,0.416314124236435,7.145838572132949,9.335462393685315,all_sampled_pixels,180,180,0.050846983663899385,0.0588757080702644,8.06927226374425,8.305902593757157,8.225503213302272,-0.03791578455156852,percent,0.02,2% of pixels,2%,2% of pixels = 180 pixels (2.0%),"2%
180 px",8983,bootstrap_mean,Additional random bootstrap-mean quadrat selected with seed 20260703
10m,319_c,pct_3,269,0.029945452521429366,50,8.246677173493625,8.277201345714928,0.3508870404386515,7.239978244070043,9.35935645562096,all_sampled_pixels,269,269,0.042548899763709506,0.049622921144929756,8.146956179966757,8.346398167020492,8.225503213302272,0.021173960191353203,percent,0.03,3% of pixels,3%,3% of pixels = 269 pixels (3.0%),"3%
269 px",8983,bootstrap_mean,Additional random bootstrap-mean quadrat selected with seed 20260703
10m,319_c,fixed_1250,1250,0.13915173104753423,50,8.231368040050711,8.249260649109502,0.13298174638064286,7.901257145920927,8.42948014992209,all_sampled_pixels,1250,1250,0.01615548542278807,0.01880645892795644,8.193575045891002,8.26916103421042,8.225503213302272,0.005864826748439356,fixed,1250,"Fixed 1,250","1,250","Fixed 1,250 (13.9%)","1,250
13.9%",8983,bootstrap_mean,Additional random bootstrap-mean quadrat selected with seed 20260703
10m,319_c,fixed_2000,2000,0.22264276967605476,50,8.200964552785448,8.175480678053393,0.11057651032425812,7.999373400719865,8.489714950705023,all_sampled_pixels,2000,2000,0.013483354258213558,0.01563788005804544,8.169539056259604,8.232390049311293,8.225503213302272,-0.024538660516823185,fixed,2000,"Fixed 2,000","2,000","Fixed 2,000 (22.3%)","2,000
22.3%",8983,bootstrap_mean,Additional random bootstrap-mean quadrat selected with seed 20260703
10m,319_c,fixed_3000,3000,0.3339641545140822,50,8.211411350359452,8.211433681102651,0.08172272666197955,8.061645574807045,8.37330728231799,all_sampled_pixels,3000,3000,0.009952336227608688,0.01155733883994808,8.18818600841958,8.234636692299324,8.225503213302272,-0.014091862942819944,fixed,3000,"Fixed 3,000","3,000","Fixed 3,000 (33.4%)","3,000
33.4%",8983,bootstrap_mean,Additional random bootstrap-mean quadrat selected with seed 20260703
10m,319_c,fixed_4000,4000,0.4452855393521095,50,8.225503213302272,8.216090215387862,0.05688364045663029,8.135743610882336,8.361074256899565,all_sampled_pixels,4000,4000,0.006915521030328959,0.008044561581092144,8.209337061555347,8.241669365049196,8.225503213302272,0,fixed,4000,"Fixed 4,000","4,000","Fixed 4,000 (44.5%)","4,000
44.5%",8983,bootstrap_mean,Additional random bootstrap-mean quadrat selected with seed 20260703
10m,409_d,pct_1,60,0.010018367006177992,50,8.933141068557521,9.032728159802822,0.6742262749880434,7.492570253345712,10.168348198328687,all_sampled_pixels,60,60,0.07547471486386301,0.09534999421963829,8.74152808131332,9.124754055801723,9.070654515108215,-0.13751344655069353,percent,0.01,1% of pixels,1%,1% of pixels = 60 pixels (1.0%),"1%
60 px",5989,bootstrap_mean,Additional random bootstrap-mean quadrat selected with seed 20260703
10m,409_d,pct_2,120,0.020036734012355985,50,9.149516701789468,9.10815578417344,0.4847006708109212,8.351355080783145,10.577038303228724,all_sampled_pixels,120,120,0.0529755490490687,0.06854702623521418,9.011766295288332,9.287267108290603,9.070654515108215,0.07886218668125267,percent,0.02,2% of pixels,2%,2% of pixels = 120 pixels (2.0%),"2%
120 px",5989,bootstrap_mean,Additional random bootstrap-mean quadrat selected with seed 20260703
10m,409_d,pct_3,180,0.03005510101853398,50,9.08496497462809,9.069611134530723,0.36732987205234796,8.432939937017931,9.942469902176153,all_sampled_pixels,180,180,0.04043272297451926,0.05194828869212042,8.980570980061163,9.189358969195016,9.070654515108215,0.014310459519874641,percent,0.03,3% of pixels,3%,3% of pixels = 180 pixels (3.0%),"3%
180 px",5989,bootstrap_mean,Additional random bootstrap-mean quadrat selected with seed 20260703
10m,409_d,fixed_1250,1250,0.20871597929537486,50,9.066000736385627,9.073872453515172,0.14063637882099753,8.717921861860987,9.41115500429103,all_sampled_pixels,1250,1250,0.015512504676573136,0.0198889874291695,9.026032319756393,9.105969153014861,9.070654515108215,-0.004653778722587987,fixed,1250,"Fixed 1,250","1,250","Fixed 1,250 (20.9%)","1,250
20.9%",5989,bootstrap_mean,Additional random bootstrap-mean quadrat selected with seed 20260703
10m,409_d,fixed_2000,2000,0.33394556687259974,50,9.094727920484901,9.097549384755695,0.10200446870249343,8.79129057822695,9.278237591796929,all_sampled_pixels,2000,2000,0.011215780130457698,0.01442561030617281,9.06573857123314,9.123717269736662,9.070654515108215,0.024073405376686452,fixed,2000,"Fixed 2,000","2,000","Fixed 2,000 (33.4%)","2,000
33.4%",5989,bootstrap_mean,Additional random bootstrap-mean quadrat selected with seed 20260703
10m,409_d,fixed_3000,3000,0.5009183503088996,50,9.085253975077585,9.074701220470587,0.07092004951837591,8.918651304494935,9.301352094762478,all_sampled_pixels,3000,3000,0.007806061306917981,0.010029609587305869,9.06509872001286,9.105409230142309,9.070654515108215,0.014599459969369732,fixed,3000,"Fixed 3,000","3,000","Fixed 3,000 (50.1%)","3,000
50.1%",5989,bootstrap_mean,Additional random bootstrap-mean quadrat selected with seed 20260703
10m,409_d,fixed_4000,4000,0.6678911337451995,50,9.070654515108215,9.063062233700553,0.04617791008922458,8.94729332945005,9.182468819093422,all_sampled_pixels,4000,4000,0.005090912680260281,0.006530542673022678,9.057530898267492,9.083778131948938,9.070654515108215,0,fixed,4000,"Fixed 4,000","4,000","Fixed 4,000 (66.8%)","4,000
66.8%",5989,bootstrap_mean,Additional random bootstrap-mean quadrat selected with seed 20260703
10m,503_c,pct_1,74,0.009995947588815345,50,7.698041035005539,7.692995707274138,0.483763398532026,6.649820859188135,8.804335942533765,all_sampled_pixels,74,74,0.062842403194812,0.06841447591836917,7.560556998338809,7.835525071672269,7.7976122223637585,-0.09957118735821968,percent,0.01,1% of pixels,1%,1% of pixels = 74 pixels (1.0%),"1%
74 px",7403,bootstrap_mean,Additional random bootstrap-mean quadrat selected with seed 20260703
10m,503_c,pct_2,148,0.01999189517763069,50,7.693292227275721,7.642960799456357,0.37304030032451374,6.9272857228820035,8.339408399963318,all_sampled_pixels,148,148,0.04848903295288074,0.05275586520306598,7.587275346950312,7.799309107601131,7.7976122223637585,-0.10431999508803713,percent,0.02,2% of pixels,2%,2% of pixels = 148 pixels (2.0%),"2%
148 px",7403,bootstrap_mean,Additional random bootstrap-mean quadrat selected with seed 20260703
10m,503_c,pct_3,222,0.029987842766446036,50,7.858422810717677,7.848289687306824,0.2623879071843098,7.309232314472721,8.507038412423261,all_sampled_pixels,222,222,0.03338938531360939,0.03710725369427438,7.783852992575791,7.932992628859563,7.7976122223637585,0.060810588353918504,percent,0.03,3% of pixels,3%,3% of pixels = 222 pixels (3.0%),"3%
222 px",7403,bootstrap_mean,Additional random bootstrap-mean quadrat selected with seed 20260703
10m,503_c,fixed_1250,1250,0.16885046602728623,50,7.79345058431298,7.785468494544585,0.11721508716938939,7.563231571948803,8.074243930237666,all_sampled_pixels,1250,1250,0.015040204066389458,0.0165767165989695,7.760138425122782,7.826762743503179,7.7976122223637585,-0.0041616380507782935,fixed,1250,"Fixed 1,250","1,250","Fixed 1,250 (16.9%)","1,250
16.9%",7403,bootstrap_mean,Additional random bootstrap-mean quadrat selected with seed 20260703
10m,503_c,fixed_2000,2000,0.270160745643658,50,7.786476616255088,7.792783694891824,0.0849411393841611,7.583552693888884,7.923079865627872,all_sampled_pixels,2000,2000,0.010908802988868874,0.012012491132050407,7.762336611539885,7.810616620970292,7.7976122223637585,-0.01113560610867026,fixed,2000,"Fixed 2,000","2,000","Fixed 2,000 (27.0%)","2,000
27.0%",7403,bootstrap_mean,Additional random bootstrap-mean quadrat selected with seed 20260703
10m,503_c,fixed_3000,3000,0.40524111846548694,50,7.801427196552422,7.804005948915979,0.057862664981534764,7.654217243928047,7.931298118959601,all_sampled_pixels,3000,3000,0.007416933276914411,0.008183016557193721,7.784982809114067,7.817871583990777,7.7976122223637585,0.003814974188663278,fixed,3000,"Fixed 3,000","3,000","Fixed 3,000 (40.5%)","3,000
40.5%",7403,bootstrap_mean,Additional random bootstrap-mean quadrat selected with seed 20260703
10m,503_c,fixed_4000,4000,0.540321491287316,50,7.7976122223637585,7.794716939122664,0.04528107414569989,7.708867125287488,7.927176124027567,all_sampled_pixels,4000,4000,0.005807043599299869,0.006403710917567048,7.784743483478081,7.810480961249436,7.7976122223637585,0,fixed,4000,"Fixed 4,000","4,000","Fixed 4,000 (54.0%)","4,000
54.0%",7403,bootstrap_mean,Additional random bootstrap-mean quadrat selected with seed 20260703
10m,614_a,pct_1,71,0.009997183891861447,50,6.124039370492737,6.110275354562331,0.43982868247564305,5.34578575544611,7.222926090593165,all_sampled_pixels,71,71,0.07182002855743475,0.0622011687877744,5.999041441976329,6.249037299009144,6.162964050602038,-0.03892468010930106,percent,0.01,1% of pixels,1%,1% of pixels = 71 pixels (1.0%),"1%
71 px",7102,bootstrap_mean,Additional random bootstrap-mean quadrat selected with seed 20260703
10m,614_a,pct_2,142,0.019994367783722895,50,6.176013400485035,6.190837997568457,0.32059359523257225,5.34781026150425,6.946198880488343,all_sampled_pixels,142,142,0.051909472088806405,0.04533878103878541,6.084901708827867,6.267125092142202,6.162964050602038,0.013049349882996886,percent,0.02,2% of pixels,2%,2% of pixels = 142 pixels (2.0%),"2%
142 px",7102,bootstrap_mean,Additional random bootstrap-mean quadrat selected with seed 20260703
10m,614_a,pct_3,213,0.029991551675584344,50,6.128877823838012,6.104964944331868,0.2699550863721828,5.604941986855832,6.895434284746137,all_sampled_pixels,213,213,0.04404641341065796,0.03817741443791412,6.05215743716596,6.205598210510065,6.162964050602038,-0.03408622676402562,percent,0.03,3% of pixels,3%,3% of pixels = 213 pixels (3.0%),"3%
213 px",7102,bootstrap_mean,Additional random bootstrap-mean quadrat selected with seed 20260703
10m,614_a,fixed_1250,1250,0.17600675865953253,50,6.180529059809123,6.170023726253962,0.12677254508232977,5.935417228518936,6.41250229412123,all_sampled_pixels,1250,1250,0.020511600844450195,0.017928345259198536,6.144500701133534,6.216557418484712,6.162964050602038,0.017565009207085147,fixed,1250,"Fixed 1,250","1,250","Fixed 1,250 (17.6%)","1,250
17.6%",7102,bootstrap_mean,Additional random bootstrap-mean quadrat selected with seed 20260703
10m,614_a,fixed_2000,2000,0.28161081385525205,50,6.168071793644245,6.174290123711798,0.06334508227842352,6.0454414710298305,6.301497796832151,all_sampled_pixels,2000,2000,0.010269835436042764,0.008958347446778613,6.150069320449599,6.186074266838891,6.162964050602038,0.005107743042207069,fixed,2000,"Fixed 2,000","2,000","Fixed 2,000 (28.2%)","2,000
28.2%",7102,bootstrap_mean,Additional random bootstrap-mean quadrat selected with seed 20260703
10m,614_a,fixed_3000,3000,0.42241622078287805,50,6.162306267345374,6.160405666250762,0.05014548192350764,6.0286507064835515,6.289005484977427,all_sampled_pixels,3000,3000,0.008137453698014515,0.007091642062795937,6.148055079065395,6.176557455625353,6.162964050602038,-6.577832566634356e-4,fixed,3000,"Fixed 3,000","3,000","Fixed 3,000 (42.2%)","3,000
42.2%",7102,bootstrap_mean,Additional random bootstrap-mean quadrat selected with seed 20260703
10m,614_a,fixed_4000,4000,0.5632216277105041,50,6.162964050602038,6.166278503983229,0.0364841772812679,6.057265181406075,6.241424567150167,all_sampled_pixels,4000,4000,0.005919907528537975,0.0051596418323193415,6.1525953621433525,6.173332739060723,6.162964050602038,0,fixed,4000,"Fixed 4,000","4,000","Fixed 4,000 (56.3%)","4,000
56.3%",7102,bootstrap_mean,Additional random bootstrap-mean quadrat selected with seed 20260703
10m,700_c,pct_1,76,0.009969828151646333,50,6.936620635702547,6.9442663750734335,0.4513612729333328,6.030571582118671,7.996588969446084,all_sampled_pixels,76,76,0.06506933226392574,0.06383212337123034,6.808345181242344,7.06489609016275,7.02591930515522,-0.08929866945267317,percent,0.01,1% of pixels,1%,1% of pixels = 76 pixels (1.0%),"1%
76 px",7623,bootstrap_mean,Additional random bootstrap-mean quadrat selected with seed 20260703
10m,700_c,pct_2,152,0.019939656303292665,50,7.0017817392222375,7.0519420549423835,0.26291601714974544,6.303435663491199,7.563453771136229,all_sampled_pixels,152,152,0.03754987329538643,0.037181939721828726,6.927061833888819,7.076501644555656,7.02591930515522,-0.024137565932982774,percent,0.02,2% of pixels,2%,2% of pixels = 152 pixels (2.0%),"2%
152 px",7623,bootstrap_mean,Additional random bootstrap-mean quadrat selected with seed 20260703
10m,700_c,pct_3,229,0.03004066640430277,50,7.0562485105727335,7.075937243892978,0.25293453179023323,6.577321355200831,7.5826828933512935,all_sampled_pixels,229,229,0.03584546822738012,0.03577034452502366,6.984365311991665,7.128131709153802,7.02591930515522,0.030329205417513272,percent,0.03,3% of pixels,3%,3% of pixels = 229 pixels (3.0%),"3%
229 px",7623,bootstrap_mean,Additional random bootstrap-mean quadrat selected with seed 20260703
10m,700_c,fixed_1250,1250,0.16397743670470943,50,6.985957671486151,6.963366284993839,0.1136733732611361,6.7464114913254,7.221268434531461,all_sampled_pixels,1250,1250,0.01627169510704377,0.01607584261465978,6.953652056251744,7.0182632867205585,7.02591930515522,-0.03996163366906913,fixed,1250,"Fixed 1,250","1,250","Fixed 1,250 (16.4%)","1,250
16.4%",7623,bootstrap_mean,Additional random bootstrap-mean quadrat selected with seed 20260703
10m,700_c,fixed_2000,2000,0.26236389872753507,50,7.039033130177607,7.046242283945594,0.07911082953555704,6.893166169421599,7.19551758444291,all_sampled_pixels,2000,2000,0.01123887728222142,0.011187960805977077,7.016550081187943,7.061516179167271,7.02591930515522,0.013113825022387005,fixed,2000,"Fixed 2,000","2,000","Fixed 2,000 (26.2%)","2,000
26.2%",7623,bootstrap_mean,Additional random bootstrap-mean quadrat selected with seed 20260703
10m,700_c,fixed_3000,3000,0.39354584809130266,50,7.0130534569378575,7.022767803172972,0.06168785181634758,6.800004398995615,7.122291658192467,all_sampled_pixels,3000,3000,0.008796147383608087,0.00872397966723405,6.995521963429365,7.03058495044635,7.02591930515522,-0.012865848217362696,fixed,3000,"Fixed 3,000","3,000","Fixed 3,000 (39.4%)","3,000
39.4%",7623,bootstrap_mean,Additional random bootstrap-mean quadrat selected with seed 20260703
10m,700_c,fixed_4000,4000,0.5247277974550701,50,7.02591930515522,7.030077140309984,0.04820829046237654,6.891125690001069,7.126040011124734,all_sampled_pixels,4000,4000,0.006861492193200118,0.0068176818190714425,7.012218660596988,7.039619949713453,7.02591930515522,0,fixed,4000,"Fixed 4,000","4,000","Fixed 4,000 (52.5%)","4,000
52.5%",7623,bootstrap_mean,Additional random bootstrap-mean quadrat selected with seed 20260703
10m,722_a,pct_1,88,0.010021637626693999,50,8.184877435059398,8.04057169320378,0.5209403494117303,6.6836889696458694,9.363917683487136,all_sampled_pixels,88,88,0.06364668909766634,0.0736720907325448,8.036827825855738,8.332927044263059,8.203720762118115,-0.018843327058716497,percent,0.01,1% of pixels,1%,1% of pixels = 88 pixels (1.0%),"1%
88 px",8781,bootstrap_mean,Additional random bootstrap-mean quadrat selected with seed 20260703
10m,722_a,pct_2,176,0.020043275253387997,50,8.142920283798158,8.119380561815825,0.39630775254786366,7.364750084862011,9.461068264951107,all_sampled_pixels,176,176,0.04866899573318813,0.05604637985267893,8.030290866715475,8.255549700880842,8.203720762118115,-0.0608004783199565,percent,0.02,2% of pixels,2%,2% of pixels = 176 pixels (2.0%),"2%
176 px",8781,bootstrap_mean,Additional random bootstrap-mean quadrat selected with seed 20260703
10m,722_a,pct_3,263,0.029951030634324107,50,8.171588982977447,8.164432912420581,0.30886784338817025,7.460584976123606,8.874800548037433,all_sampled_pixels,263,263,0.03779777030288538,0.043680509310047945,8.08380971312278,8.259368252832113,8.203720762118115,-0.032131779140668115,percent,0.03,3% of pixels,3%,3% of pixels = 263 pixels (3.0%),"3%
263 px",8781,bootstrap_mean,Additional random bootstrap-mean quadrat selected with seed 20260703
10m,722_a,fixed_1250,1250,0.14235280719735793,50,8.207675655394521,8.219124414362954,0.13751657281758214,7.95426120749017,8.473114838064205,all_sampled_pixels,1250,1250,0.01675463049361593,0.019447780232969197,8.168593877821214,8.246757432967827,8.203720762118115,0.0039548932764059685,fixed,1250,"Fixed 1,250","1,250","Fixed 1,250 (14.2%)","1,250
14.2%",8781,bootstrap_mean,Additional random bootstrap-mean quadrat selected with seed 20260703
10m,722_a,fixed_2000,2000,0.2277644915157727,50,8.19401712461663,8.180783997212796,0.1113109824799199,7.974652701285812,8.42227672994954,all_sampled_pixels,2000,2000,0.013584421509874224,0.01574175010641767,8.162382893413698,8.225651355819563,8.203720762118115,-0.009703637501484508,fixed,2000,"Fixed 2,000","2,000","Fixed 2,000 (22.8%)","2,000
22.8%",8781,bootstrap_mean,Additional random bootstrap-mean quadrat selected with seed 20260703
10m,722_a,fixed_3000,3000,0.341646737273659,50,8.214232449793466,8.212489353303544,0.08169879465300925,7.990492247760341,8.382295042336272,all_sampled_pixels,3000,3000,0.009946004712231322,0.011553954342782018,8.19101390925529,8.237450990331642,8.203720762118115,0.0105116876753506,fixed,3000,"Fixed 3,000","3,000","Fixed 3,000 (34.2%)","3,000
34.2%",8781,bootstrap_mean,Additional random bootstrap-mean quadrat selected with seed 20260703
10m,722_a,fixed_4000,4000,0.4555289830315454,50,8.203720762118115,8.205648073745948,0.05163195411518054,8.075405077886186,8.327791998582704,all_sampled_pixels,4000,4000,0.006293723983585432,0.007301860976151365,8.1890471231154809,8.218394401120749,8.203720762118115,0,fixed,4000,"Fixed 4,000","4,000","Fixed 4,000 (45.6%)","4,000
45.6%",8781,bootstrap_mean,Additional random bootstrap-mean quadrat selected with seed 20260703
10m,800_a,pct_1,40,0.01006036217303823,50,9.36564982119312,9.20570981462774,1.18785928330289,7.278077395654992,13.76500639331801,all_sampled_pixels,40,40,0.12683148590660898,0.16798867086377317,9.028063948107027,9.703235694279213,9.748899419653455,-0.3832495984603348,percent,0.01,1% of pixels,1%,1% of pixels = 40 pixels (1.0%),"1%
40 px",3976,bootstrap_mean,"Original 10 m replacement: closest bootstrap-mean quadrat at or below 4,000 retained pixels"
10m,800_a,pct_2,80,0.02012072434607646,50,9.796930180446237,9.57577065247241,1.0500245502661403,7.634747915044175,12.149328139841774,all_sampled_pixels,80,80,0.10717893574069678,0.14849589598110852,9.498516505067283,10.095343855825192,9.748899419653455,0.048030760792782345,percent,0.02,2% of pixels,2%,2% of pixels = 80 pixels (2.0%),"2%
80 px",3976,bootstrap_mean,"Original 10 m replacement: closest bootstrap-mean quadrat at or below 4,000 retained pixels"
10m,800_a,pct_3,119,0.02992957746478873,50,9.89842216677106,9.939775674504357,0.7400415011937644,8.234021854723634,11.448534530140124,all_sampled_pixels,119,119,0.07476358238973471,0.10465767277071666,9.688104699195453,10.108739634346666,9.748899419653455,0.14952274711760438,percent,0.03,3% of pixels,3%,3% of pixels = 119 pixels (3.0%),"3%
119 px",3976,bootstrap_mean,"Original 10 m replacement: closest bootstrap-mean quadrat at or below 4,000 retained pixels"
10m,800_a,fixed_1250,1250,0.31438631790744465,50,9.723379702353814,9.678394922329385,0.1890000776299548,9.294899218043579,10.233447092973629,all_sampled_pixels,1250,1250,0.01943769382822745,0.026728647307384987,9.669666474602932,9.777092930104695,9.748899419653455,-0.025519717299641087,fixed,1250,"Fixed 1,250","1,250","Fixed 1,250 (31.4%)","1,250
31.4%",3976,bootstrap_mean,"Original 10 m replacement: closest bootstrap-mean quadrat at or below 4,000 retained pixels"
10m,800_a,fixed_2000,2000,0.5030181086519114,50,9.77233172423689,9.769271181974382,0.12811246353701367,9.289122344324499,10.01742029822804,all_sampled_pixels,2000,2000,0.013109712927496617,0.018117838344307333,9.73592256494986,9.808740883523921,9.748899419653455,0.02343230458343548,fixed,2000,"Fixed 2,000","2,000","Fixed 2,000 (50.3%)","2,000
50.3%",3976,bootstrap_mean,"Original 10 m replacement: closest bootstrap-mean quadrat at or below 4,000 retained pixels"
10m,800_a,fixed_3000,3000,0.7545271629778671,50,9.76337100864103,9.772833143455184,0.09416783684718304,9.576241459275481,9.982011244181766,all_sampled_pixels,3000,3000,0.009645012646128083,0.013317343200862312,9.736608805520227,9.790133211761834,9.748899419653455,0.014471588987575501,fixed,3000,"Fixed 3,000","3,000","Fixed 3,000 (75.5%)","3,000
75.5%",3976,bootstrap_mean,"Original 10 m replacement: closest bootstrap-mean quadrat at or below 4,000 retained pixels"
10m,800_a,fixed_4000,3976,1,50,9.748899419653455,9.748899419653455,0,9.748899419653455,9.748899419653455,all_sampled_pixels,3976,3976,0,0,9.748899419653455,9.748899419653455,9.748899419653455,0,fixed,4000,"Fixed 4,000","4,000","Fixed 4,000 (100.0%)","3,976
100.0%",3976,bootstrap_mean,"Original 10 m replacement: closest bootstrap-mean quadrat at or below 4,000 retained pixels"
10m,914_a,pct_1,72,0.009972299168975069,50,6.631264282330981,6.601979384507582,0.5040040562623511,5.414747517793001,7.777157354096901,all_sampled_pixels,72,72,0.07600421801997413,0.07127693718572693,6.488027914384127,6.774500650277834,6.703801439208303,-0.07253715687732232,percent,0.01,1% of pixels,1%,1% of pixels = 72 pixels (1.0%),"1%
72 px",7220,bootstrap_mean,Additional random bootstrap-mean quadrat selected with seed 20260703
10m,914_a,pct_2,144,0.019944598337950138,50,6.678257279554575,6.642588265295975,0.34923219467138145,5.9691469455447965,7.759687298309847,all_sampled_pixels,144,144,0.052293911428143484,0.049388890612158856,6.579006587991096,6.777507971118054,6.703801439208303,-0.025544159653727583,percent,0.02,2% of pixels,2%,2% of pixels = 144 pixels (2.0%),"2%
144 px",7220,bootstrap_mean,Additional random bootstrap-mean quadrat selected with seed 20260703
10m,914_a,pct_3,217,0.030055401662049862,50,6.662395580781853,6.653017467307684,0.2736108029315255,6.183419068310785,7.311040037066399,all_sampled_pixels,217,217,0.041067931138879694,0.03869441083175556,6.5846362509590515,6.740154910604654,6.703801439208303,-0.04140585842645006,percent,0.03,3% of pixels,3%,3% of pixels = 217 pixels (3.0%),"3%
217 px",7220,bootstrap_mean,Additional random bootstrap-mean quadrat selected with seed 20260703
10m,914_a,fixed_1250,1250,0.1731301939058172,50,6.709414705558815,6.69965642210334,0.12350255758493704,6.417697723120864,6.968679297891722,all_sampled_pixels,1250,1250,0.01840735190844799,0.01746589919243821,6.6743156670474955,6.744513744070134,6.703801439208303,0.005613266350511736,fixed,1250,"Fixed 1,250","1,250","Fixed 1,250 (17.3%)","1,250
17.3%",7220,bootstrap_mean,Additional random bootstrap-mean quadrat selected with seed 20260703
10m,914_a,fixed_2000,2000,0.2770083102493075,50,6.693873711173664,6.69263954219038,0.08158173671027683,6.453993894167298,6.91025581262063,all_sampled_pixels,2000,2000,0.012187522536330129,0.011537399849762448,6.6706884381347225,6.717058984212605,6.703801439208303,-0.009927728034639038,fixed,2000,"Fixed 2,000","2,000","Fixed 2,000 (27.7%)","2,000
27.7%",7220,bootstrap_mean,Additional random bootstrap-mean quadrat selected with seed 20260703
10m,914_a,fixed_3000,3000,0.4155124653739612,50,6.69945609860803,6.7048754872741485,0.04787300352119691,6.5740781047230215,6.786029252901605,all_sampled_pixels,3000,3000,0.0071458044976432725,0.00677026508512116,6.6858507415441695,6.71306145567189,6.703801439208303,-0.00434534060027314,fixed,3000,"Fixed 3,000","3,000","Fixed 3,000 (41.6%)","3,000
41.6%",7220,bootstrap_mean,Additional random bootstrap-mean quadrat selected with seed 20260703
10m,914_a,fixed_4000,4000,0.554016620498615,50,6.703801439208303,6.7089555357554085,0.040268508406044436,6.59834260670852,6.790287223905387,all_sampled_pixels,4000,4000,0.0060068169934937715,0.005694827072436302,6.692357255743802,6.715245622672804,6.703801439208303,0,fixed,4000,"Fixed 4,000","4,000","Fixed 4,000 (55.4%)","4,000
55.4%",7220,bootstrap_mean,Additional random bootstrap-mean quadrat selected with seed 20260703
20m,100,pct_1,308,0.009997403271877434,50,8.804809506070713,8.808779198225023,0.27344858770076885,8.257904077227142,9.444449087656404,all_sampled_pixels,308,308,0.031056729564930663,0.0386714701338196,8.727096277306407,8.88252273483502,8.769989230369697,0.034820275701015646,percent,0.01,1% of pixels,1%,1% of pixels = 308 pixels (1.0%),"1%
308 px",30808,bootstrap_mean,Additional random bootstrap-mean quadrat selected with seed 20260703
20m,100,pct_2,616,0.019994806543754868,50,8.76940134452582,8.758262715499491,0.18524396898847156,8.323597385623756,9.235586260813179,all_sampled_pixels,616,616,0.021123901360052086,0.026197453329131752,8.716755591039748,8.822047098011891,8.769989230369697,-5.878858438777002e-4,percent,0.02,2% of pixels,2%,2% of pixels = 616 pixels (2.0%),"2%
616 px",30808,bootstrap_mean,Additional random bootstrap-mean quadrat selected with seed 20260703
20m,100,pct_3,924,0.029992209815632304,50,8.748828579560149,8.741122472576658,0.13435909195569234,8.47922449965962,9.010749467132127,all_sampled_pixels,924,924,0.015357380789194445,0.019001245007187393,8.71064414811908,8.787013011001218,8.769989230369697,-0.021160650809548542,percent,0.03,3% of pixels,3%,3% of pixels = 924 pixels (3.0%),"3%
924 px",30808,bootstrap_mean,Additional random bootstrap-mean quadrat selected with seed 20260703
20m,100,fixed_1250,1250,0.04057387691508699,50,8.748960503967886,8.764624424907726,0.12427216990460857,8.482084879191627,9.0073798488009,all_sampled_pixels,1250,1250,0.01420422115841623,0.017574738810463102,8.713642744055365,8.784278263880408,8.769989230369697,-0.02102872640181097,fixed,1250,"Fixed 1,250","1,250","Fixed 1,250 (4.1%)","1,250
4.1%",30808,bootstrap_mean,Additional random bootstrap-mean quadrat selected with seed 20260703
20m,100,fixed_2000,2000,0.06491820306413919,50,8.754661235275314,8.768407878844172,0.09994163421484643,8.532554407781282,8.92677362955485,all_sampled_pixels,2000,2000,0.011415819702097645,0.014133881455236677,8.72625813709835,8.783064333452279,8.769989230369697,-0.015327995094382985,fixed,2000,"Fixed 2,000","2,000","Fixed 2,000 (6.5%)","2,000
6.5%",30808,bootstrap_mean,Additional random bootstrap-mean quadrat selected with seed 20260703
20m,100,fixed_3000,3000,0.09737730459620877,50,8.758538464875663,8.757471086499198,0.08015494580556365,8.541243770208013,8.978022370610812,all_sampled_pixels,3000,3000,0.009151634844901207,0.011335621144950854,8.735758681325292,8.781318248426034,8.769989230369697,-0.011450765494034343,fixed,3000,"Fixed 3,000","3,000","Fixed 3,000 (9.7%)","3,000
9.7%",30808,bootstrap_mean,Additional random bootstrap-mean quadrat selected with seed 20260703
20m,100,fixed_4000,4000,0.12983640612827838,50,8.769989230369697,8.772889907403915,0.06552088385793108,8.597412616801641,8.90496241515834,all_sampled_pixels,4000,4000,0.007471033559657981,0.009266052257055853,8.751368401207973,8.788610059531422,8.769989230369697,0,fixed,4000,"Fixed 4,000","4,000","Fixed 4,000 (13.0%)","4,000
13.0%",30808,bootstrap_mean,Additional random bootstrap-mean quadrat selected with seed 20260703
20m,1201,pct_1,248,0.009998790468894892,50,8.062304099843994,8.06139872503589,0.25383655790320253,7.551869867523206,8.536532463722306,all_sampled_pixels,248,248,0.03148436907857573,0.035897910281281246,7.9901645482780435,8.134443651409944,8.050864872976621,0.011439226867372199,percent,0.01,1% of pixels,1%,1% of pixels = 248 pixels (1.0%),"1%
248 px",24803,bootstrap_mean,Additional random bootstrap-mean quadrat selected with seed 20260703
20m,1201,pct_2,496,0.019997580937789784,50,8.021325549535772,8.029426421498517,0.18669753110589468,7.466858706505245,8.374646664129303,all_sampled_pixels,496,496,0.02327514697576383,0.026403018055152903,7.968266698266661,8.074384400804885,8.050864872976621,-0.029539323440848975,percent,0.02,2% of pixels,2%,2% of pixels = 496 pixels (2.0%),"2%
496 px",24803,bootstrap_mean,Additional random bootstrap-mean quadrat selected with seed 20260703
20m,1201,pct_3,744,0.029996371406684676,50,8.065893990536399,8.060888354590928,0.16740398054965716,7.706846384208937,8.439925031032454,all_sampled_pixels,744,744,0.02075454757353245,0.023674497968856695,8.018318305666718,8.11346967540608,8.050864872976621,0.015029117559777205,percent,0.03,3% of pixels,3%,3% of pixels = 744 pixels (3.0%),"3%
744 px",24803,bootstrap_mean,Additional random bootstrap-mean quadrat selected with seed 20260703
20m,1201,fixed_1250,1250,0.05039712937951054,50,8.062437005328468,8.07477626840054,0.1124869956818532,7.812768628115875,8.25929496700294,all_sampled_pixels,1250,1250,0.013951984444344869,0.01590806348838806,8.030468554871524,8.094405455785411,8.050864872976621,0.011572132351846065,fixed,1250,"Fixed 1,250","1,250","Fixed 1,250 (5.0%)","1,250
5.0%",24803,bootstrap_mean,Additional random bootstrap-mean quadrat selected with seed 20260703
20m,1201,fixed_2000,2000,0.08063540700721687,50,8.067993537691894,8.064128998983954,0.10515424958319987,7.84811542155718,8.290629707134082,all_sampled_pixels,2000,2000,0.013033506917419096,0.014871056590172663,8.038109030618335,8.097878044765453,8.050864872976621,0.017128664715272635,fixed,2000,"Fixed 2,000","2,000","Fixed 2,000 (8.1%)","2,000
8.1%",24803,bootstrap_mean,Additional random bootstrap-mean quadrat selected with seed 20260703
20m,1201,fixed_3000,3000,0.1209531105108253,50,8.075803719915546,8.074247956812362,0.07724214258568977,7.899699765390893,8.205540178450038,all_sampled_pixels,3000,3000,0.009564638426662695,0.010923688563143888,8.05385174588094,8.097755693950152,8.050864872976621,0.024938846938924897,fixed,3000,"Fixed 3,000","3,000","Fixed 3,000 (12.1%)","3,000
12.1%",24803,bootstrap_mean,Additional random bootstrap-mean quadrat selected with seed 20260703
20m,1201,fixed_4000,4000,0.16127081401443374,50,8.050864872976621,8.059796159686773,0.06889255025887019,7.886956204618925,8.170754693443438,all_sampled_pixels,4000,4000,0.008557161416298713,0.009742877892256429,8.031285826825968,8.070443919127275,8.050864872976621,0,fixed,4000,"Fixed 4,000","4,000","Fixed 4,000 (16.1%)","4,000
16.1%",24803,bootstrap_mean,Additional random bootstrap-mean quadrat selected with seed 20260703
20m,1402,pct_1,271,0.010014411884261483,50,7.073009157794218,7.053664392991755,0.25541971214035303,6.32228602898956,7.638125285414205,all_sampled_pixels,271,271,0.03611188766225322,0.036121802100631914,7.000419678772305,7.14559863681613,7.02882044414562,0.04418871364859722,percent,0.01,1% of pixels,1%,1% of pixels = 271 pixels (1.0%),"1%
271 px",27061,bootstrap_mean,Additional random bootstrap-mean quadrat selected with seed 20260703
20m,1402,pct_2,541,0.01999187021913455,50,7.004833417792253,7.004404414690731,0.15404007513067727,6.490504159420372,7.252097456574879,all_sampled_pixels,541,541,0.021990540808496033,0.021784556339877432,6.961055712819788,7.048611122764718,7.02882044414562,-0.02398702635336747,percent,0.02,2% of pixels,2%,2% of pixels = 541 pixels (2.0%),"2%
541 px",27061,bootstrap_mean,Additional random bootstrap-mean quadrat selected with seed 20260703
20m,1402,pct_3,812,0.03000628210339603,50,7.045227685937405,7.0518601193901205,0.11837665117911289,6.772572478309778,7.329655172361588,all_sampled_pixels,812,812,0.01680238829121138,0.016740986556581048,7.011585413908186,7.078869957966624,7.02882044414562,0.016407241791784877,percent,0.03,3% of pixels,3%,3% of pixels = 812 pixels (3.0%),"3%
812 px",27061,bootstrap_mean,Additional random bootstrap-mean quadrat selected with seed 20260703
20m,1402,fixed_1250,1250,0.046191936735523444,50,7.041095708491975,7.042871740574393,0.10401577995509495,6.791533502059579,7.27522888637452,all_sampled_pixels,1250,1250,0.01477266951926897,0.01471005267133108,7.011534750906801,7.070656666077149,7.02882044414562,0.012275264346354398,fixed,1250,"Fixed 1,250","1,250","Fixed 1,250 (4.6%)","1,250
4.6%",27061,bootstrap_mean,Additional random bootstrap-mean quadrat selected with seed 20260703
20m,1402,fixed_2000,2000,0.07390709877683752,50,7.032307646088788,7.039672901079214,0.08913403087142958,6.788519779356988,7.1734554488357185,all_sampled_pixels,2000,2000,0.012674933372831597,0.012605455532735786,7.006976034797469,7.0576392573801074,7.02882044414562,0.0034872019431677614,fixed,2000,"Fixed 2,000","2,000","Fixed 2,000 (7.4%)","2,000
7.4%",27061,bootstrap_mean,Additional random bootstrap-mean quadrat selected with seed 20260703
20m,1402,fixed_3000,3000,0.11086064816525627,50,7.049851513794645,7.036438801926011,0.06159901955357693,6.881822754650704,7.184976992091473,all_sampled_pixels,3000,3000,0.008737633612998001,0.008711416888155396,7.0323452661358985,7.067357761453392,7.02882044414562,0.021031069649025014,fixed,3000,"Fixed 3,000","3,000","Fixed 3,000 (11.1%)","3,000
11.1%",27061,bootstrap_mean,Additional random bootstrap-mean quadrat selected with seed 20260703
20m,1402,fixed_4000,4000,0.14781419755367503,50,7.02882044414562,7.027840515616409,0.050709402518349656,6.909089892348548,7.135938361314906,all_sampled_pixels,4000,4000,0.007214496788089965,0.0071713924781286464,7.014408991405838,7.043231896885403,7.02882044414562,0,fixed,4000,"Fixed 4,000","4,000","Fixed 4,000 (14.8%)","4,000
14.8%",27061,bootstrap_mean,Additional random bootstrap-mean quadrat selected with seed 20260703
20m,1512,pct_1,310,0.010005163955589981,50,9.768328612625858,9.737412448639958,0.34577416282067297,8.979624839659849,10.496594767091558,all_sampled_pixels,310,310,0.0353974744844015,0.04889985105791985,9.670060682840553,9.866596542411163,9.742367698252357,0.0259609143735009,percent,0.01,1% of pixels,1%,1% of pixels = 310 pixels (1.0%),"1%
310 px",30984,bootstrap_mean,Additional random bootstrap-mean quadrat selected with seed 20260703
20m,1512,pct_2,620,0.020010327911179963,50,9.694768764676953,9.690044668460281,0.18480115209491982,9.316426303357668,10.159689303854398,all_sampled_pixels,620,620,0.019061945321300063,0.02613482956348087,9.642248858359588,9.747288670994317,9.742367698252357,-0.047598933575404345,percent,0.02,2% of pixels,2%,2% of pixels = 620 pixels (2.0%),"2%
620 px",30984,bootstrap_mean,Additional random bootstrap-mean quadrat selected with seed 20260703
20m,1512,pct_3,930,0.030015491866769946,50,9.772419460103668,9.74955407187131,0.15163808264781828,9.374459883138439,10.106112282434262,all_sampled_pixels,930,930,0.01551694370742961,0.02144486330527969,9.729324393841758,9.815514526365579,9.742367698252357,0.0300517618513112,percent,0.03,3% of pixels,3%,3% of pixels = 930 pixels (3.0%),"3%
930 px",30984,bootstrap_mean,Additional random bootstrap-mean quadrat selected with seed 20260703
20m,1512,fixed_1250,1250,0.0403434030467338,50,9.72742650290629,9.737357289764693,0.10708210274984385,9.523524404506224,9.994059046768923,all_sampled_pixels,1250,1250,0.011008266443118397,0.015143696199625847,9.696994106024913,9.757858899787667,9.742367698252357,-0.014941195346066749,fixed,1250,"Fixed 1,250","1,250","Fixed 1,250 (4.0%)","1,250
4.0%",30984,bootstrap_mean,Additional random bootstrap-mean quadrat selected with seed 20260703
20m,1512,fixed_2000,2000,0.06454944487477407,50,9.724732211834288,9.731009459828744,0.09523844450633856,9.4872835102623,9.980581195142118,all_sampled_pixels,2000,2000,0.009793425919784231,0.013468749988018138,9.697665745383283,9.751798678285294,9.742367698252357,-0.01763548641806878,fixed,2000,"Fixed 2,000","2,000","Fixed 2,000 (6.5%)","2,000
6.5%",30984,bootstrap_mean,Additional random bootstrap-mean quadrat selected with seed 20260703
20m,1512,fixed_3000,3000,0.09682416731216112,50,9.747499264653609,9.75675905609053,0.10080503464227836,9.531364360732551,9.981919129022971,all_sampled_pixels,3000,3000,0.010341630392096327,0.014255984714659973,9.718850790790135,9.776147738517082,9.742367698252357,0.005131566401251675,fixed,3000,"Fixed 3,000","3,000","Fixed 3,000 (9.7%)","3,000
9.7%",30984,bootstrap_mean,Additional random bootstrap-mean quadrat selected with seed 20260703
20m,1512,fixed_4000,4000,0.12909888974954814,50,9.742367698252357,9.730499600083675,0.08792143948359882,9.523833194722762,10.003503782105412,all_sampled_pixels,4000,4000,0.00902464803287713,0.012433969214107077,9.71738070162046,9.767354694884254,9.742367698252357,0,fixed,4000,"Fixed 4,000","4,000","Fixed 4,000 (12.9%)","4,000
12.9%",30984,bootstrap_mean,Additional random bootstrap-mean quadrat selected with seed 20260703
20m,1518,pct_1,357,0.009996359868955283,50,9.819114445368916,9.74408577971641,0.4467814529123314,9.041168961764551,10.960887148282405,all_sampled_pixels,357,357,0.04550119620237762,0.06318443901253754,9.692140561357418,9.946088329380414,9.767023435491202,0.052091009877713645,percent,0.01,1% of pixels,1%,1% of pixels = 357 pixels (1.0%),"1%
357 px",35713,bootstrap_mean,Additional random bootstrap-mean quadrat selected with seed 20260703
20m,1518,pct_2,714,0.019992719737910565,50,9.82757702787669,9.85530197004857,0.2270324195803798,9.206137617099541,10.253665456709792,all_sampled_pixels,714,714,0.02310156602552029,0.032107232686895214,9.763055128136358,9.89209892761702,9.767023435491202,0.060553592385486965,percent,0.02,2% of pixels,2%,2% of pixels = 714 pixels (2.0%),"2%
714 px",35713,bootstrap_mean,Additional random bootstrap-mean quadrat selected with seed 20260703
20m,1518,pct_3,1071,0.029989079606865848,50,9.865526291100762,9.8481946257411,0.26473828252801057,9.37608364513442,10.636914390309041,all_sampled_pixels,1071,1071,0.02683468420400631,0.037439646963047274,9.790288503676962,9.940764078524563,9.767023435491202,0.09850285560955996,percent,0.03,3% of pixels,3%,"3% of pixels = 1,071 pixels (3.0%)","3%
1,071 px",35713,bootstrap_mean,Additional random bootstrap-mean quadrat selected with seed 20260703
20m,1518,fixed_1250,1250,0.03500126004536163,50,9.771137842757584,9.763776799293186,0.20678136999797003,9.413952785892478,10.174821487617091,all_sampled_pixels,1250,1250,0.02116246575635379,0.029243301789721822,9.712371227629061,9.829904457886107,9.767023435491202,0.004114407266381903,fixed,1250,"Fixed 1,250","1,250","Fixed 1,250 (3.5%)","1,250
3.5%",35713,bootstrap_mean,Additional random bootstrap-mean quadrat selected with seed 20260703
20m,1518,fixed_2000,2000,0.05600201607257861,50,9.770730843534267,9.745974033646718,0.17814694507823106,9.344417008146495,10.137937764011907,all_sampled_pixels,2000,2000,0.018232714413182197,0.025193782582496924,9.720102041926863,9.821359645141671,9.767023435491202,0.003707408043064575,fixed,2000,"Fixed 2,000","2,000","Fixed 2,000 (5.6%)","2,000
5.6%",35713,bootstrap_mean,Additional random bootstrap-mean quadrat selected with seed 20260703
20m,1518,fixed_3000,3000,0.08400302410886792,50,9.78574746230634,9.782453640545913,0.12049424332304029,9.390323460917521,10.029311521028536,all_sampled_pixels,3000,3000,0.012313238593901113,0.017040459309532734,9.751503377248595,9.819991547364085,9.767023435491202,0.018724026815137407,fixed,3000,"Fixed 3,000","3,000","Fixed 3,000 (8.4%)","3,000
8.4%",35713,bootstrap_mean,Additional random bootstrap-mean quadrat selected with seed 20260703
20m,1518,fixed_4000,4000,0.11200403214515722,50,9.767023435491202,9.770314702078617,0.09931994450210159,9.502006025646018,9.942808705290899,all_sampled_pixels,4000,4000,0.01016890613174889,0.014045961252901518,9.738797019575694,9.79524985140671,9.767023435491202,0,fixed,4000,"Fixed 4,000","4,000","Fixed 4,000 (11.2%)","4,000
11.2%",35713,bootstrap_mean,Additional random bootstrap-mean quadrat selected with seed 20260703
20m,1800,pct_1,300,0.010003334444814937,50,8.282154651688177,8.258155242707213,0.27803253464226935,7.554093175511664,8.974704409442227,all_sampled_pixels,300,300,0.03357007280534143,0.03931973812720647,8.203138679617338,8.361170623759017,8.331007148934198,-0.048852497246020476,percent,0.01,1% of pixels,1%,1% of pixels = 300 pixels (1.0%),"1%
300 px",29990,bootstrap_mean,Additional random bootstrap-mean quadrat selected with seed 20260703
20m,1800,pct_2,600,0.020006668889629875,50,8.339164903246733,8.334316187846685,0.18499742496354707,7.913890044994676,8.786016276140703,all_sampled_pixels,600,600,0.022184166773284577,0.026162586738754722,8.286589216797285,8.39174058969618,8.331007148934198,0.008157754312534848,percent,0.02,2% of pixels,2%,2% of pixels = 600 pixels (2.0%),"2%
600 px",29990,bootstrap_mean,Additional random bootstrap-mean quadrat selected with seed 20260703
20m,1800,pct_3,900,0.030010003334444816,50,8.345136009909876,8.345839882699886,0.15348111849145946,7.780774811024253,8.78830496736864,all_sampled_pixels,900,900,0.01839168568483487,0.021705507933881398,8.301517158656635,8.388754861163116,8.331007148934198,0.014128860975677782,percent,0.03,3% of pixels,3%,3% of pixels = 900 pixels (3.0%),"3%
900 px",29990,bootstrap_mean,Additional random bootstrap-mean quadrat selected with seed 20260703
20m,1800,fixed_1250,1250,0.04168056018672891,50,8.32010747542656,8.344477719700926,0.13166598066146218,7.8661798293565415,8.556943723839522,all_sampled_pixels,1250,1250,0.015825033636925688,0.018620381555459347,8.282688417746812,8.35752653310631,8.331007148934198,-0.01089967350763743,fixed,1250,"Fixed 1,250","1,250","Fixed 1,250 (4.2%)","1,250
4.2%",29990,bootstrap_mean,Additional random bootstrap-mean quadrat selected with seed 20260703
20m,1800,fixed_2000,2000,0.06668889629876626,50,8.316798578621524,8.310375614618618,0.09144417064125744,8.094620780934164,8.5311146918575,all_sampled_pixels,2000,2000,0.01099511666379853,0.012932158632082587,8.290810432871863,8.342786724371186,8.331007148934198,-0.01420857031267353,fixed,2000,"Fixed 2,000","2,000","Fixed 2,000 (6.7%)","2,000
6.7%",29990,bootstrap_mean,Additional random bootstrap-mean quadrat selected with seed 20260703
20m,1800,fixed_3000,3000,0.10003334444814939,50,8.328897604208668,8.339452598783733,0.08168090713109367,8.169715874552418,8.496597604322764,all_sampled_pixels,3000,3000,0.009806928961381344,0.011551424665172992,8.305684147247973,8.352111061169364,8.331007148934198,-0.0021095447255294886,fixed,3000,"Fixed 3,000","3,000","Fixed 3,000 (10.0%)","3,000
10.0%",29990,bootstrap_mean,Additional random bootstrap-mean quadrat selected with seed 20260703
20m,1800,fixed_4000,4000,0.13337779259753252,50,8.331007148934198,8.330152119875024,0.07248096178706685,8.151837519973562,8.536009852795193,all_sampled_pixels,4000,4000,0.008700143991154718,0.010250355917311599,8.310408287511008,8.351606010357388,8.331007148934198,0,fixed,4000,"Fixed 4,000","4,000","Fixed 4,000 (13.3%)","4,000
13.3%",29990,bootstrap_mean,Additional random bootstrap-mean quadrat selected with seed 20260703
20m,1805,pct_1,254,0.00999213217938631,50,8.222620238578767,8.163909828720946,0.40410775137252625,7.501317862491133,9.814313987303217,all_sampled_pixels,254,254,0.04914586100870128,0.05714946626511213,8.107774086357244,8.337466390800289,8.236818924180398,-0.014198685601630956,percent,0.01,1% of pixels,1%,1% of pixels = 254 pixels (1.0%),"1%
254 px",25420,bootstrap_mean,Additional random bootstrap-mean quadrat selected with seed 20260703
20m,1805,pct_2,508,0.01998426435877262,50,8.23986680517578,8.252049234997145,0.2097816154328417,7.828719939381194,8.716408619740239,all_sampled_pixels,508,508,0.02545934544731594,0.029667600568166173,8.180247529728952,8.299486080622607,8.236818924180398,0.003047880995382002,percent,0.02,2% of pixels,2%,2% of pixels = 508 pixels (2.0%),"2%
508 px",25420,bootstrap_mean,Additional random bootstrap-mean quadrat selected with seed 20260703
20m,1805,pct_3,763,0.03001573564122738,50,8.198894542112857,8.184288143832369,0.1755935808213927,7.778654161115389,8.664300596475492,all_sampled_pixels,763,763,0.02141673855170019,0.024832682346326976,8.148991398598183,8.248797685627531,8.236818924180398,-0.03792438206754056,percent,0.03,3% of pixels,3%,3% of pixels = 763 pixels (3.0%),"3%
763 px",25420,bootstrap_mean,Additional random bootstrap-mean quadrat selected with seed 20260703
20m,1805,fixed_1250,1250,0.04917387883556255,50,8.195713748740678,8.20069084416976,0.13628301546132554,7.940270742564129,8.472663705983662,all_sampled_pixels,1250,1250,0.016628571914467642,0.019273328878650877,8.156982544289093,8.234444953192263,8.236818924180398,-0.04110517543971959,fixed,1250,"Fixed 1,250","1,250","Fixed 1,250 (4.9%)","1,250
4.9%",25420,bootstrap_mean,Additional random bootstrap-mean quadrat selected with seed 20260703
20m,1805,fixed_2000,2000,0.07867820613690008,50,8.213660019202159,8.22117536402935,0.10057312149583968,8.027422066044357,8.450814056394218,all_sampled_pixels,2000,2000,0.012244617047785834,0.014223187242961352,8.18507745432565,8.242242584078667,8.236818924180398,-0.02315890497823858,fixed,2000,"Fixed 2,000","2,000","Fixed 2,000 (7.9%)","2,000
7.9%",25420,bootstrap_mean,Additional random bootstrap-mean quadrat selected with seed 20260703
20m,1805,fixed_3000,3000,0.11801730920535011,50,8.218908153092322,8.212714598003094,0.09575058182180886,8.008027706484695,8.48263675992215,all_sampled_pixels,3000,3000,0.011650036724863897,0.013541177141751681,8.191696138826677,8.246120167357967,8.236818924180398,-0.017910771088075705,fixed,3000,"Fixed 3,000","3,000","Fixed 3,000 (11.8%)","3,000
11.8%",25420,bootstrap_mean,Additional random bootstrap-mean quadrat selected with seed 20260703
20m,1805,fixed_4000,4000,0.15735641227380015,50,8.236818924180398,8.242838120637359,0.06611819471177992,8.10533562233834,8.363616185998827,all_sampled_pixels,4000,4000,0.008027151661387165,0.009350524768102421,8.218028341152255,8.25560950720854,8.236818924180398,0,fixed,4000,"Fixed 4,000","4,000","Fixed 4,000 (15.7%)","4,000
15.7%",25420,bootstrap_mean,Additional random bootstrap-mean quadrat selected with seed 20260703
20m,1910,pct_1,256,0.009994924452426503,50,6.47744971787262,6.49041803937815,0.22322143871841246,5.885391844789562,6.980999046450676,all_sampled_pixels,256,256,0.034461315554870066,0.03156827860480136,6.414010886909614,6.540888548835626,6.523382984203925,-0.045933266331305234,percent,0.01,1% of pixels,1%,1% of pixels = 256 pixels (1.0%),"1%
256 px",25613,bootstrap_mean,Additional random bootstrap-mean quadrat selected with seed 20260703
20m,1910,pct_2,512,0.019989848904853006,50,6.560719761534786,6.563032524908715,0.14608077112862902,6.246451063736828,6.837744415440447,all_sampled_pixels,512,512,0.022265967216751767,0.02065894077320272,6.519204065731638,6.602235457337934,6.523382984203925,0.037336777330860826,percent,0.02,2% of pixels,2%,2% of pixels = 512 pixels (2.0%),"2%
512 px",25613,bootstrap_mean,Additional random bootstrap-mean quadrat selected with seed 20260703
20m,1910,pct_3,768,0.029984773357279507,50,6.54373539949894,6.539144396683081,0.11606460720065506,6.342516083794557,6.794457381498888,all_sampled_pixels,768,768,0.01773675127657855,0.016414014161467236,6.5107502030981665,6.576720595899713,6.523382984203925,0.020352415295014303,percent,0.03,3% of pixels,3%,3% of pixels = 768 pixels (3.0%),"3%
768 px",25613,bootstrap_mean,Additional random bootstrap-mean quadrat selected with seed 20260703
20m,1910,fixed_1250,1250,0.04880334205286378,50,6.522159000408464,6.519989895632081,0.10959928406009879,6.2726222059581795,6.770293865527936,all_sampled_pixels,1250,1250,0.016804141704186436,0.015499679394417308,6.491011228514,6.5533067723029275,6.523382984203925,-0.001223983795461514,fixed,1250,"Fixed 1,250","1,250","Fixed 1,250 (4.9%)","1,250
4.9%",25613,bootstrap_mean,Additional random bootstrap-mean quadrat selected with seed 20260703
20m,1910,fixed_2000,2000,0.07808534728458205,50,6.516175621705199,6.516040436476697,0.055039790751191,6.372212658968107,6.6279426272237725,all_sampled_pixels,2000,2000,0.008446640168483949,0.007783801855051156,6.500533486246567,6.5318177571638305,6.523382984203925,-0.007207362498726333,fixed,2000,"Fixed 2,000","2,000","Fixed 2,000 (7.8%)","2,000
7.8%",25613,bootstrap_mean,Additional random bootstrap-mean quadrat selected with seed 20260703
20m,1910,fixed_3000,3000,0.11712802092687308,50,6.515688424848151,6.5168331228741465,0.07200312334137274,6.299389115375105,6.699641345199416,all_sampled_pixels,3000,3000,0.011050731503179693,0.010182779356259209,6.495225363608662,6.536151486087641,6.523382984203925,-0.007694559355774011,fixed,3000,"Fixed 3,000","3,000","Fixed 3,000 (11.7%)","3,000
11.7%",25613,bootstrap_mean,Additional random bootstrap-mean quadrat selected with seed 20260703
20m,1910,fixed_4000,4000,0.1561706945691641,50,6.523382984203925,6.519383033826828,0.055415501076490806,6.387169346233757,6.644090488171048,all_sampled_pixels,4000,4000,0.00849490229389826,0.007836935318807414,6.507634073052266,6.539131895355585,6.523382984203925,0,fixed,4000,"Fixed 4,000","4,000","Fixed 4,000 (15.6%)","4,000
15.6%",25613,bootstrap_mean,Additional random bootstrap-mean quadrat selected with seed 20260703
20m,206,pct_1,233,0.009979441493918108,50,8.194997364154139,8.162740477728963,0.26214110979433924,7.622763053472953,8.846483534046843,all_sampled_pixels,233,233,0.03198794314943585,0.03707235127266891,8.120497685054426,8.269497043253851,8.195316251623776,-3.1888746963737447e-4,percent,0.01,1% of pixels,1%,1% of pixels = 233 pixels (1.0%),"1%
233 px",23348,bootstrap_mean,Additional random bootstrap-mean quadrat selected with seed 20260703
20m,206,pct_2,467,0.020001713208840158,50,8.127207781771133,8.098143305349264,0.2577561727199307,7.511738688435954,8.585311625684223,all_sampled_pixels,467,467,0.03171521876161001,0.03645222752459079,8.053954287999515,8.200461275542752,8.195316251623776,-0.06810846985264263,percent,0.02,2% of pixels,2%,2% of pixels = 467 pixels (2.0%),"2%
467 px",23348,bootstrap_mean,Additional random bootstrap-mean quadrat selected with seed 20260703
20m,206,pct_3,700,0.029981154702758268,50,8.186945808298745,8.195785892235333,0.20541746012948614,7.747801408597049,8.839220375052221,all_sampled_pixels,700,700,0.02509085377373129,0.02905041580633538,8.128566812066026,8.245324804531464,8.195316251623776,-0.008370443325031118,percent,0.03,3% of pixels,3%,3% of pixels = 700 pixels (3.0%),"3%
700 px",23348,bootstrap_mean,Additional random bootstrap-mean quadrat selected with seed 20260703
20m,206,fixed_1250,1250,0.05353777625492548,50,8.170332109602064,8.174038577455843,0.10633348138400449,7.930445225269632,8.488715614688275,all_sampled_pixels,1250,1250,0.013014584959041947,0.015037825150760617,8.140112468558817,8.200551750645312,8.195316251623776,-0.02498414202171162,fixed,1250,"Fixed 1,250","1,250","Fixed 1,250 (5.4%)","1,250
5.4%",23348,bootstrap_mean,Additional random bootstrap-mean quadrat selected with seed 20260703
20m,206,fixed_2000,2000,0.08566044200788075,50,8.191664425602326,8.187866094661935,0.10202570100120807,8.019084266961245,8.398283049586302,all_sampled_pixels,2000,2000,0.012454819399380635,0.014428613006653072,8.162669042198035,8.220659809006618,8.195316251623776,-0.0036518260214499776,fixed,2000,"Fixed 2,000","2,000","Fixed 2,000 (8.6%)","2,000
8.6%",23348,bootstrap_mean,Additional random bootstrap-mean quadrat selected with seed 20260703
20m,206,fixed_3000,3000,0.12849066301182113,50,8.191333699937154,8.17509503030772,0.0908315466138838,8.010876234107219,8.408288619321105,all_sampled_pixels,3000,3000,0.011088737187520598,0.012845520511267845,8.165519660009673,8.217147739864634,8.195316251623776,-0.003982551686622315,fixed,3000,"Fixed 3,000","3,000","Fixed 3,000 (12.8%)","3,000
12.8%",23348,bootstrap_mean,Additional random bootstrap-mean quadrat selected with seed 20260703
20m,206,fixed_4000,4000,0.1713208840157615,50,8.195316251623776,8.1902132376376,0.06255729773738276,8.035719284484308,8.314900266200905,all_sampled_pixels,4000,4000,0.007633298803446175,0.008846937888561843,8.177537664318502,8.21309483892905,8.195316251623776,0,fixed,4000,"Fixed 4,000","4,000","Fixed 4,000 (17.1%)","4,000
17.1%",23348,bootstrap_mean,Additional random bootstrap-mean quadrat selected with seed 20260703
20m,219,pct_1,294,0.010006807351940095,50,8.818636991523483,8.777323414711049,0.3509752306456132,8.236421771680588,9.938573858116337,all_sampled_pixels,294,294,0.039799260473355726,0.04963539312360513,8.71889093461711,8.918383048429856,8.885516223460046,-0.06687923193656253,percent,0.01,1% of pixels,1%,1% of pixels = 294 pixels (1.0%),"1%
294 px",29380,bootstrap_mean,Original random bootstrap-mean quadrat selected with seed 20260703
20m,219,pct_2,588,0.02001361470388019,50,8.85244531043143,8.895853585352887,0.23779002607083802,8.284182932644576,9.333487284031865,all_sampled_pixels,588,588,0.026861507496762967,0.033628587986643095,8.78486613275385,8.920024488109009,8.885516223460046,-0.033070913028616644,percent,0.02,2% of pixels,2%,2% of pixels = 588 pixels (2.0%),"2%
588 px",29380,bootstrap_mean,Original random bootstrap-mean quadrat selected with seed 20260703
20m,219,pct_3,881,0.02998638529611981,50,8.914552743736365,8.907622929092465,0.16211338488629642,8.492755289098993,9.17914996570454,all_sampled_pixels,881,881,0.018185251638137674,0.02292629475484099,8.868480629517911,8.96062485795482,8.885516223460046,0.029036520276319422,percent,0.03,3% of pixels,3%,3% of pixels = 881 pixels (3.0%),"3%
881 px",29380,bootstrap_mean,Original random bootstrap-mean quadrat selected with seed 20260703
20m,219,fixed_1250,1250,0.042545949625595644,50,8.902665022501417,8.901945880630478,0.14576010687794858,8.543053139140229,9.211082968564295,all_sampled_pixels,1250,1250,0.0163726374641235,0.020613591999974673,8.861240458469982,8.94408958653285,8.885516223460046,0.017148799041370566,fixed,1250,"Fixed 1,250","1,250","Fixed 1,250 (4.3%)","1,250
4.3%",29380,bootstrap_mean,Original random bootstrap-mean quadrat selected with seed 20260703
20m,219,fixed_2000,2000,0.06807351940095303,50,8.923417029076822,8.93719375755811,0.12960675488988754,8.66197662364397,9.186592244667853,all_sampled_pixels,2000,2000,0.014524341344528208,0.01832916305404444,8.886583196886109,8.960250861267534,8.885516223460046,0.03790080561677556,fixed,2000,"Fixed 2,000","2,000","Fixed 2,000 (6.8%)","2,000
6.8%",29380,bootstrap_mean,Original random bootstrap-mean quadrat selected with seed 20260703
20m,219,fixed_3000,3000,0.10211027910142954,50,8.9224248906566,8.922293007185182,0.10356255350707404,8.689389755313758,9.153697719590127,all_sampled_pixels,3000,3000,0.011606996391252657,0.014645956772369344,8.892992738602782,8.951857042710419,8.885516223460046,0.03690866719655439,fixed,3000,"Fixed 3,000","3,000","Fixed 3,000 (10.2%)","3,000
10.2%",29380,bootstrap_mean,Original random bootstrap-mean quadrat selected with seed 20260703
20m,219,fixed_4000,4000,0.13614703880190607,50,8.885516223460046,8.882541167193768,0.06342296849396835,8.779854346115329,9.026457516275519,all_sampled_pixels,4000,4000,0.00713779221138727,0.008969362221013154,8.867491615247856,8.903540831672236,8.885516223460046,0,fixed,4000,"Fixed 4,000","4,000","Fixed 4,000 (13.6%)","4,000
13.6%",29380,bootstrap_mean,Original random bootstrap-mean quadrat selected with seed 20260703
20m,302,pct_1,263,0.009990123831953203,50,6.9953248868231865,6.9506741486385035,0.20987291628231436,6.471710027920457,7.536466196235922,all_sampled_pixels,263,263,0.030001882639881898,0.02968051245812421,6.935679663962034,7.054970109684339,7.0396210285024985,-0.04429614167931195,percent,0.01,1% of pixels,1%,1% of pixels = 263 pixels (1.0%),"1%
263 px",26326,bootstrap_mean,Original random bootstrap-mean quadrat selected with seed 20260703
20m,302,pct_2,527,0.02001823292562486,50,7.016453722210412,7.018551444769686,0.18620390417170718,6.677480297491519,7.404889367044112,all_sampled_pixels,527,527,0.026538178906857647,0.026333208664644843,6.9635351581637845,7.069372286257039,7.0396210285024985,-0.023167306292086742,percent,0.02,2% of pixels,2%,2% of pixels = 527 pixels (2.0%),"2%
527 px",26326,bootstrap_mean,Original random bootstrap-mean quadrat selected with seed 20260703
20m,302,pct_3,790,0.03000835675757806,50,7.002487927260705,6.992864801738302,0.1486133050535227,6.687369242585952,7.388379952830074,all_sampled_pixels,790,790,0.02122292913565344,0.021017095155578182,6.9602524932796666,7.0447233612417435,7.0396210285024985,-0.037133101241793476,percent,0.03,3% of pixels,3%,3% of pixels = 790 pixels (3.0%),"3%
790 px",26326,bootstrap_mean,Original random bootstrap-mean quadrat selected with seed 20260703
20m,302,fixed_1250,1250,0.04748157714806655,50,7.013152816800932,7.012081318294242,0.14247281345083326,6.74155244339255,7.460086248658131,all_sampled_pixels,1250,1250,0.020315087546576894,0.02014869850516203,6.972662491224575,7.053643142377288,7.0396210285024985,-0.02646821170156688,fixed,1250,"Fixed 1,250","1,250","Fixed 1,250 (4.7%)","1,250
4.7%",26326,bootstrap_mean,Original random bootstrap-mean quadrat selected with seed 20260703
20m,302,fixed_2000,2000,0.07597052343690648,50,7.032345222077724,7.025889551245807,0.0840728432340102,6.8308771667848776,7.203897360025816,all_sampled_pixels,2000,2000,0.011955164398082646,0.011889695512880431,7.008451984398032,7.056238459757415,7.0396210285024985,-0.007275806424774878,fixed,2000,"Fixed 2,000","2,000","Fixed 2,000 (7.6%)","2,000
7.6%",26326,bootstrap_mean,Original random bootstrap-mean quadrat selected with seed 20260703
20m,302,fixed_3000,3000,0.11395578515535972,50,7.04432041923742,7.0407121001703254,0.06500303373379644,6.857973267417356,7.185928114588035,all_sampled_pixels,3000,3000,0.009227722457978895,0.009192817190173072,7.025846761452592,7.0627940770222475,7.0396210285024985,0.004699390734921316,fixed,3000,"Fixed 3,000","3,000","Fixed 3,000 (11.4%)","3,000
11.4%",26326,bootstrap_mean,Original random bootstrap-mean quadrat selected with seed 20260703
20m,302,fixed_4000,4000,0.15194104687381296,50,7.0396210285024985,7.03195947144825,0.05311304080818282,6.927131075222872,7.123938458592838,all_sampled_pixels,4000,4000,0.007544872173251246,0.007511318264980779,7.024526469318997,7.054715587686,7.0396210285024985,0,fixed,4000,"Fixed 4,000","4,000","Fixed 4,000 (15.2%)","4,000
15.2%",26326,bootstrap_mean,Original random bootstrap-mean quadrat selected with seed 20260703
20m,317,pct_1,312,0.010015408320493066,50,7.704995755788065,7.690303713257177,0.18385414091720362,7.333483730641196,8.23415555321379,all_sampled_pixels,312,312,0.023861679713332827,0.026000901958356352,7.652744987069527,7.757246524506604,7.752662509869121,-0.04766675408105581,percent,0.01,1% of pixels,1%,1% of pixels = 312 pixels (1.0%),"1%
312 px",31152,bootstrap_mean,Additional random bootstrap-mean quadrat selected with seed 20260703
20m,317,pct_2,623,0.019998715973292246,50,7.743378584292441,7.752761111711697,0.17452107941469644,7.346106552707013,8.082045882160234,all_sampled_pixels,623,623,0.02253810497767926,0.024681007742825566,7.693780242305063,7.7929769262798185,7.752662509869121,-0.009283925576680119,percent,0.02,2% of pixels,2%,2% of pixels = 623 pixels (2.0%),"2%
623 px",31152,bootstrap_mean,Additional random bootstrap-mean quadrat selected with seed 20260703
20m,317,pct_3,935,0.03001412429378531,50,7.727044918444163,7.727488196234024,0.135299938537137,7.42101088810733,8.197873756332777,all_sampled_pixels,935,935,0.017509920023136036,0.019134300806746534,7.688593101363143,7.765496735525183,7.752662509869121,-0.02561759142495834,percent,0.03,3% of pixels,3%,3% of pixels = 935 pixels (3.0%),"3%
935 px",31152,bootstrap_mean,Additional random bootstrap-mean quadrat selected with seed 20260703
20m,317,fixed_1250,1250,0.040125834617360044,50,7.7599720021894605,7.725581924597872,0.11630077950046305,7.593676598758082,8.033315054260065,all_sampled_pixels,1250,1250,0.014987267926694713,0.01644741396841177,7.726919686363726,7.793024318015195,7.752662509869121,0.007309492320339395,fixed,1250,"Fixed 1,250","1,250","Fixed 1,250 (4.0%)","1,250
4.0%",31152,bootstrap_mean,Additional random bootstrap-mean quadrat selected with seed 20260703
20m,317,fixed_2000,2000,0.06420133538777606,50,7.778637153796845,7.76056467249427,0.09202278532514437,7.559975745713667,8.019008594154336,all_sampled_pixels,2000,2000,0.011830193838033305,0.013013987105416697,7.752484567573481,7.80478974002021,7.752662509869121,0.025974643927724195,fixed,2000,"Fixed 2,000","2,000","Fixed 2,000 (6.4%)","2,000
6.4%",31152,bootstrap_mean,Additional random bootstrap-mean quadrat selected with seed 20260703
20m,317,fixed_3000,3000,0.0963020030816641,50,7.750287341059352,7.7462560439911154,0.07126104522844247,7.588941552167814,7.899856123307779,all_sampled_pixels,3000,3000,0.009194632675219255,0.010077833663094586,7.730035176086089,7.770539506032614,7.752662509869121,-0.0023751688097695123,fixed,3000,"Fixed 3,000","3,000","Fixed 3,000 (9.6%)","3,000
9.6%",31152,bootstrap_mean,Additional random bootstrap-mean quadrat selected with seed 20260703
20m,317,fixed_4000,4000,0.12840267077555212,50,7.752662509869121,7.758192652097986,0.05617619142187241,7.576030268013994,7.868547697599885,all_sampled_pixels,4000,4000,0.007246051450112817,0.007944513179127909,7.736697412913299,7.768627606824944,7.752662509869121,0,fixed,4000,"Fixed 4,000","4,000","Fixed 4,000 (12.8%)","4,000
12.8%",31152,bootstrap_mean,Additional random bootstrap-mean quadrat selected with seed 20260703
20m,405,pct_1,364,0.010009074160640142,50,8.365888389735504,8.330273190655696,0.2964372954581596,7.739941137315755,9.186838969719647,all_sampled_pixels,364,364,0.03543404856104371,0.04192256436301296,8.281641842514636,8.450134936956372,8.365781629484873,1.0676025063105499e-4,percent,0.01,1% of pixels,1%,1% of pixels = 364 pixels (1.0%),"1%
364 px",36367,bootstrap_mean,Additional random bootstrap-mean quadrat selected with seed 20260703
20m,405,pct_2,727,0.019990650864795005,50,8.397790778109528,8.40169732523097,0.20835371405814646,7.894149933535211,9.041193650288756,all_sampled_pixels,727,727,0.024810538814715517,0.02946566481918365,8.338577307743346,8.457004248475709,8.365781629484873,0.032009148624654316,percent,0.02,2% of pixels,2%,2% of pixels = 727 pixels (2.0%),"2%
727 px",36367,bootstrap_mean,Additional random bootstrap-mean quadrat selected with seed 20260703
20m,405,pct_3,1091,0.02999972502543515,50,8.342470555068038,8.327190209725112,0.1714595471118429,8.039359796632773,8.798582177281443,all_sampled_pixels,1091,1091,0.020552610402404296,0.024248041692391687,8.29374229093413,8.391198819201946,8.365781629484873,-0.023311074416834998,percent,0.03,3% of pixels,3%,"3% of pixels = 1,091 pixels (3.0%)","3%
1,091 px",36367,bootstrap_mean,Additional random bootstrap-mean quadrat selected with seed 20260703
20m,405,fixed_1250,1250,0.03437182060659389,50,8.371464056119958,8.374583735253633,0.13525463668779159,8.107511538813375,8.679959778132558,all_sampled_pixels,1250,1250,0.01615662873077902,0.019127894157772045,8.333025113682071,8.409902998557845,8.365781629484873,0.005682426635084781,fixed,1250,"Fixed 1,250","1,250","Fixed 1,250 (3.4%)","1,250
3.4%",36367,bootstrap_mean,Additional random bootstrap-mean quadrat selected with seed 20260703
20m,405,fixed_2000,2000,0.054994912970550223,50,8.374104646615931,8.367621883376094,0.11606183828438935,8.135727814147748,8.670313171301908,all_sampled_pixels,2000,2000,0.013859611645919808,0.01641362257757363,8.341120237132454,8.407089056099409,8.365781629484873,0.008323017131058208,fixed,2000,"Fixed 2,000","2,000","Fixed 2,000 (5.5%)","2,000
5.5%",36367,bootstrap_mean,Additional random bootstrap-mean quadrat selected with seed 20260703
20m,405,fixed_3000,3000,0.08249236945582533,50,8.355743245956953,8.347106526200804,0.07745639403929144,8.189393538164564,8.567674386546718,all_sampled_pixels,3000,3000,0.00926983893105737,0.010953988294288052,8.333730382332948,8.377756109580957,8.365781629484873,-0.010038383527920303,fixed,3000,"Fixed 3,000","3,000","Fixed 3,000 (8.2%)","3,000
8.2%",36367,bootstrap_mean,Additional random bootstrap-mean quadrat selected with seed 20260703
20m,405,fixed_4000,4000,0.10998982594110045,50,8.365781629484873,8.34491205647513,0.0938593975955242,8.222530478341996,8.588460075375831,all_sampled_pixels,4000,4000,0.011219441500208467,0.013273723303575898,8.339107083829502,8.392456175140245,8.365781629484873,0,fixed,4000,"Fixed 4,000","4,000","Fixed 4,000 (11.0%)","4,000
11.0%",36367,bootstrap_mean,Additional random bootstrap-mean quadrat selected with seed 20260703
20m,821,pct_1,292,0.010002055216825375,50,8.252887790082172,8.248905288857964,0.23616098348790537,7.671515070214973,8.695583289142544,all_sampled_pixels,292,292,0.02861555730488782,0.03339820657519643,8.18577158118413,8.320003998980214,8.250006596220345,0.002881193861826503,percent,0.01,1% of pixels,1%,1% of pixels = 292 pixels (1.0%),"1%
292 px",29194,bootstrap_mean,Additional random bootstrap-mean quadrat selected with seed 20260703
20m,821,pct_2,584,0.02000411043365075,50,8.259562487886846,8.260427951693112,0.18447609857383962,7.774624289544831,8.670856446717242,all_sampled_pixels,584,584,0.022334851130963063,0.026088860053679996,8.20713496075804,8.311990015015652,8.250006596220345,0.009555891666501282,percent,0.02,2% of pixels,2%,2% of pixels = 584 pixels (2.0%),"2%
584 px",29194,bootstrap_mean,Additional random bootstrap-mean quadrat selected with seed 20260703
20m,821,pct_3,876,0.030006165650476126,50,8.269917852763951,8.31039874287054,0.1469307680057279,7.972274307346687,8.559570814154823,all_sampled_pixels,876,876,0.017766895708235007,0.020779148484359522,8.228160590521151,8.311675115006752,8.250006596220345,0.01991125654360637,percent,0.03,3% of pixels,3%,3% of pixels = 876 pixels (3.0%),"3%
876 px",29194,bootstrap_mean,Additional random bootstrap-mean quadrat selected with seed 20260703
20m,821,fixed_1250,1250,0.042817017195314104,50,8.247803829439954,8.251529599712018,0.12431594047143563,7.972691698716289,8.506325730363038,all_sampled_pixels,1250,1250,0.01507261121168991,0.01758092890338706,8.212473630069978,8.28313402880993,8.250006596220345,-0.0022027667803907747,fixed,1250,"Fixed 1,250","1,250","Fixed 1,250 (4.3%)","1,250
4.3%",29194,bootstrap_mean,Additional random bootstrap-mean quadrat selected with seed 20260703
20m,821,fixed_2000,2000,0.06850722751250257,50,8.252078297589323,8.253874560431775,0.09728629836515242,8.051628698730386,8.420396038698103,all_sampled_pixels,2000,2000,0.011789308687676005,0.0137583602581074,8.224429837511128,8.279726757667518,8.250006596220345,0.0020717013689779407,fixed,2000,"Fixed 2,000","2,000","Fixed 2,000 (6.9%)","2,000
6.9%",29194,bootstrap_mean,Additional random bootstrap-mean quadrat selected with seed 20260703
20m,821,fixed_3000,3000,0.10276084126875386,50,8.280802315801274,8.285761666683417,0.08877736450705799,8.092674225125723,8.459851266817301,all_sampled_pixels,3000,3000,0.010720865095119426,0.012555015291762124,8.25557206796917,8.306032563633378,8.250006596220345,0.030795719580929415,fixed,3000,"Fixed 3,000","3,000","Fixed 3,000 (10.3%)","3,000
10.3%",29194,bootstrap_mean,Additional random bootstrap-mean quadrat selected with seed 20260703
20m,821,fixed_4000,4000,0.13701445502500514,50,8.250006596220345,8.253893333927296,0.06863262284582557,8.096514014306804,8.410940873228773,all_sampled_pixels,4000,4000,0.008319099148026001,0.009706118604980404,8.230501420623137,8.269511771817553,8.250006596220345,0,fixed,4000,"Fixed 4,000","4,000","Fixed 4,000 (13.7%)","4,000
13.7%",29194,bootstrap_mean,Additional random bootstrap-mean quadrat selected with seed 20260703
20m,905,pct_1,270,0.009992228266903519,50,10.879640234661748,10.88531331745497,0.545902884492864,9.734257420829119,12.243581690102488,all_sampled_pixels,270,270,0.05017655664326627,0.07720232629884013,10.724496351482827,11.034784117840669,11.003397566154874,-0.12375733149312573,percent,0.01,1% of pixels,1%,1% of pixels = 270 pixels (1.0%),"1%
270 px",27021,bootstrap_mean,Additional random bootstrap-mean quadrat selected with seed 20260703
20m,905,pct_2,540,0.019984456533807038,50,11.007358252781126,10.903849270904074,0.5606104708046735,9.792162303368496,12.678507801694453,all_sampled_pixels,540,540,0.050930519197285994,0.07928229310203352,10.848034519820457,11.166681985741794,11.003397566154874,0.003960686626252041,percent,0.02,2% of pixels,2%,2% of pixels = 540 pixels (2.0%),"2%
540 px",27021,bootstrap_mean,Additional random bootstrap-mean quadrat selected with seed 20260703
20m,905,pct_3,811,0.030013693053550942,50,10.968636867191218,11.007006967153698,0.4260980634702127,9.958301061656643,11.64791557699066,all_sampled_pixels,811,811,0.038846947768389865,0.06025936602604866,10.847541137420164,11.089732596962273,11.003397566154874,-0.0347606989636553,percent,0.03,3% of pixels,3%,3% of pixels = 811 pixels (3.0%),"3%
811 px",27021,bootstrap_mean,Additional random bootstrap-mean quadrat selected with seed 20260703
20m,905,fixed_1250,1250,0.046260316050479255,50,10.99674099175703,11.019779056008982,0.3432672022986512,10.320553215856313,11.564928670994586,all_sampled_pixels,1250,1250,0.031215357582392682,0.04854531330086214,10.899185532268936,11.094296451245123,11.003397566154874,-0.006656574397844395,fixed,1250,"Fixed 1,250","1,250","Fixed 1,250 (4.6%)","1,250
4.6%",27021,bootstrap_mean,Additional random bootstrap-mean quadrat selected with seed 20260703
20m,905,fixed_2000,2000,0.07401650568076681,50,10.958654656826933,10.917624527114308,0.27176684278696994,10.431990151105445,11.552447547937387,all_sampled_pixels,2000,2000,0.02479928889972519,0.038433635487264965,10.881419374678874,11.035889938974993,11.003397566154874,-0.04474290932794034,fixed,2000,"Fixed 2,000","2,000","Fixed 2,000 (7.4%)","2,000
7.4%",27021,bootstrap_mean,Additional random bootstrap-mean quadrat selected with seed 20260703
20m,905,fixed_3000,3000,0.11102475852115022,50,10.948615114893288,10.943501253476931,0.20259354491577602,10.478742837170609,11.376156789031098,all_sampled_pixels,3000,3000,0.018504033870017964,0.028651053886913323,10.89103866648449,11.006191563302085,11.003397566154874,-0.05478245126158576,fixed,3000,"Fixed 3,000","3,000","Fixed 3,000 (11.1%)","3,000
11.1%",27021,bootstrap_mean,Additional random bootstrap-mean quadrat selected with seed 20260703
20m,905,fixed_4000,4000,0.14803301136153363,50,11.003397566154874,11.006492881228933,0.18183316986051637,10.656451309137909,11.433790057183622,all_sampled_pixels,4000,4000,0.0165251840413195,0.025715093490603295,10.951721151055693,11.055073981254054,11.003397566154874,0,fixed,4000,"Fixed 4,000","4,000","Fixed 4,000 (14.8%)","4,000
14.8%",27021,bootstrap_mean,Additional random bootstrap-mean quadrat selected with seed 20260703
20m,912,pct_1,296,0.009993922614626241,50,9.239829574530063,9.26986083840368,0.2574533433864377,8.569153513218415,9.869061820430291,all_sampled_pixels,296,296,0.02786342987278873,0.03640940098953978,9.166662143902775,9.312997005157351,9.236926067435405,0.002903507094657698,percent,0.01,1% of pixels,1%,1% of pixels = 296 pixels (1.0%),"1%
296 px",29618,bootstrap_mean,Additional random bootstrap-mean quadrat selected with seed 20260703
20m,912,pct_2,592,0.019987845229252482,50,9.274200113822982,9.260938210711965,0.18064467130506875,8.913033927144648,9.605006163907966,all_sampled_pixels,592,592,0.019478194247266892,0.02554701441300581,9.222861466276022,9.325538761369941,9.236926067435405,0.037274046387576476,percent,0.02,2% of pixels,2%,2% of pixels = 592 pixels (2.0%),"2%
592 px",29618,bootstrap_mean,Additional random bootstrap-mean quadrat selected with seed 20260703
20m,912,pct_3,889,0.030015531095955162,50,9.257567800958212,9.255159407609387,0.11511668025757575,8.977912703610919,9.611595580421373,all_sampled_pixels,889,889,0.012434873039294459,0.016279957047563073,9.2248520024139,9.290283599502523,9.236926067435405,0.020641733522806405,percent,0.03,3% of pixels,3%,3% of pixels = 889 pixels (3.0%),"3%
889 px",29618,bootstrap_mean,Additional random bootstrap-mean quadrat selected with seed 20260703
20m,912,fixed_1250,1250,0.042204065095550004,50,9.22284001529998,9.246846765931181,0.1250048217407516,8.976905036799636,9.612581521364428,all_sampled_pixels,1250,1250,0.013553831740914755,0.017678351426780203,9.187314038039453,9.258365992560506,9.236926067435405,-0.014086052135425575,fixed,1250,"Fixed 1,250","1,250","Fixed 1,250 (4.2%)","1,250
4.2%",29618,bootstrap_mean,Additional random bootstrap-mean quadrat selected with seed 20260703
20m,912,fixed_2000,2000,0.06752650415288,50,9.237664125604734,9.24088497622063,0.11751906079300119,8.958600914714127,9.52793362536011,all_sampled_pixels,2000,2000,0.01272172912925733,0.016619704961081054,9.204265578066552,9.271062673142916,9.236926067435405,7.380581693290367e-4,fixed,2000,"Fixed 2,000","2,000","Fixed 2,000 (6.8%)","2,000
6.8%",29618,bootstrap_mean,Additional random bootstrap-mean quadrat selected with seed 20260703
20m,912,fixed_3000,3000,0.10128975622932,50,9.25541112182463,9.252158465463566,0.08030230225800106,9.078616229849699,9.418992758343293,all_sampled_pixels,3000,3000,0.008676254485189211,0.01135646049430487,9.23258946003384,9.278232783615422,9.236926067435405,0.018485054389225652,fixed,3000,"Fixed 3,000","3,000","Fixed 3,000 (10.1%)","3,000
10.1%",29618,bootstrap_mean,Additional random bootstrap-mean quadrat selected with seed 20260703
20m,912,fixed_4000,4000,0.13505300830576,50,9.236926067435405,9.238317287754567,0.06520583929386897,9.02502498848024,9.376889232775726,all_sampled_pixels,4000,4000,0.007059257464856283,0.009221498227530997,9.218394772948129,9.255457361922682,9.236926067435405,0,fixed,4000,"Fixed 4,000","4,000","Fixed 4,000 (13.5%)","4,000
13.5%",29618,bootstrap_mean,Additional random bootstrap-mean quadrat selected with seed 20260703
50m,sub50_15,fixed_1250,1250,0.0072345498952437175,50,7.3689708980430755,7.36904081075067,0.09918179051100105,7.133796592350178,7.655434810457994,all_sampled_pixels,1250,1250,0.013459381490750634,0.014026423328110483,7.340783745057413,7.397158051028738,7.392201487143584,-0.02323058910050868,fixed,1250,"Fixed 1,250","1,250","Fixed 1,250 (0.7%)","1,250
0.7%",172782,bootstrap_mean,Additional random bootstrap-mean quadrat selected with seed 20260703
50m,sub50_15,pct_1,1728,0.010001041775184915,50,7.38390863782171,7.3697824239985845,0.10326364866141884,7.165831958744252,7.69962332602739,all_sampled_pixels,1728,1728,0.01398495752405221,0.014603685243710881,7.354561433585119,7.413255842058301,7.392201487143584,-0.00829284932187413,percent,0.01,1% of pixels,1%,"1% of pixels = 1,728 pixels (1.0%)","1%
1,728 px",172782,bootstrap_mean,Additional random bootstrap-mean quadrat selected with seed 20260703
50m,sub50_15,pct_2,3456,0.02000208355036983,50,7.396114045307852,7.394076778712021,0.06433369611392956,7.259294597136373,7.562757711380639,all_sampled_pixels,3456,3456,0.008698310453276922,0.009098158556190845,7.3778306111698555,7.414397479445849,7.392201487143584,0.003912558164268276,percent,0.02,2% of pixels,2%,"2% of pixels = 3,456 pixels (2.0%)","2%
3,456 px",172782,bootstrap_mean,Additional random bootstrap-mean quadrat selected with seed 20260703
50m,sub50_15,fixed_4000,4000,0.023150559664779895,50,7.392201487143584,7.392180372366311,0.061881291709806614,7.251626458738851,7.506941525530634,all_sampled_pixels,4000,4000,0.008371158688981856,0.008751336199317429,7.374615018625643,7.409787955661526,7.392201487143584,0,fixed,4000,"Fixed 4,000","4,000","Fixed 4,000 (2.3%)","4,000
2.3%",172782,bootstrap_mean,Additional random bootstrap-mean quadrat selected with seed 20260703
50m,sub50_15,pct_3,5000,0.02893819958097487,50,7.3932836359845675,7.386663882189676,0.05727185102789072,7.253246895308332,7.50719444450291,all_sampled_pixels,5000,5000,0.007746470154227188,0.008099462846585454,7.377007156014021,7.409560115955114,7.392201487143584,0.0010821488409833435,percent,0.03,3% of pixels,3%,"3% of pixels = 5,000 pixels (2.9%)","3%
5,000 px",172782,bootstrap_mean,Additional random bootstrap-mean quadrat selected with seed 20260703
50m,sub50_15,fixed_6000,6000,0.03472583949716984,50,7.400733946682445,7.405094738098084,0.05019681360891589,7.294601795896797,7.499797896153499,all_sampled_pixels,6000,6000,0.006782680470687343,0.0070989014593643195,7.386468170098886,7.414999723266004,7.392201487143584,0.008532459538860948,fixed,6000,"Fixed 6,000","6,000","Fixed 6,000 (3.5%)","6,000
3.5%",172782,bootstrap_mean,Additional random bootstrap-mean quadrat selected with seed 20260703
50m,sub50_15,fixed_8000,8000,0.04630111932955979,50,7.380291360116177,7.377797213560491,0.04273597428221634,7.295779973313957,7.4618381921307,all_sampled_pixels,8000,8000,0.0057905538137919274,0.006043779443113814,7.368145930608624,7.392436789623729,7.392201487143584,-0.011910127027407569,fixed,8000,"Fixed 8,000","8,000","Fixed 8,000 (4.6%)","8,000
4.6%",172782,bootstrap_mean,Additional random bootstrap-mean quadrat selected with seed 20260703
50m,sub50_24,fixed_1250,1250,0.007493286015729906,50,7.847644827927005,7.841726949745097,0.13057246586729598,7.560233783639937,8.20238221594973,all_sampled_pixels,1250,1250,0.016638427035157676,0.0184657352102028,7.810536543713196,7.884753112140814,7.8683367231759105,-0.020691895248905467,fixed,1250,"Fixed 1,250","1,250","Fixed 1,250 (0.7%)","1,250
0.7%",166816,bootstrap_mean,Additional random bootstrap-mean quadrat selected with seed 20260703
50m,sub50_24,pct_1,1668,0.009999040859389987,50,7.891743313233983,7.904812424258513,0.11844195076474844,7.553435746612062,8.108246830531533,all_sampled_pixels,1668,1668,0.015008337963315197,0.016750221312543362,7.858082483267861,7.9254041432001046,7.8683367231759105,0.02340659005807222,percent,0.01,1% of pixels,1%,"1% of pixels = 1,668 pixels (1.0%)","1%
1,668 px",166816,bootstrap_mean,Additional random bootstrap-mean quadrat selected with seed 20260703
50m,sub50_24,pct_2,3336,0.019998081718779974,50,7.863808545742045,7.860759765508728,0.06751406857022366,7.632010156884511,8.041628971891344,all_sampled_pixels,3336,3336,0.008585416109447372,0.00954793114229974,7.844621259752665,7.882995831731425,7.8683367231759105,-0.004528177433865466,percent,0.02,2% of pixels,2%,"2% of pixels = 3,336 pixels (2.0%)","2%
3,336 px",166816,bootstrap_mean,Additional random bootstrap-mean quadrat selected with seed 20260703
50m,sub50_24,fixed_4000,4000,0.0239785152503357,50,7.8683367231759105,7.865905573894501,0.06550488003071056,7.755749514892175,8.024517220435227,all_sampled_pixels,4000,4000,0.00832512414444189,0.00926378897410534,7.849720442251558,7.886953004100263,7.8683367231759105,0,fixed,4000,"Fixed 4,000","4,000","Fixed 4,000 (2.4%)","4,000
2.4%",166816,bootstrap_mean,Additional random bootstrap-mean quadrat selected with seed 20260703
50m,sub50_24,pct_3,5000,0.029973144062919625,50,7.871502591688188,7.859640097833757,0.05643248348902607,7.759730790994386,8.01549996192192,all_sampled_pixels,5000,5000,0.0071692136071472845,0.007980758350857643,7.855464657332792,7.887540526043583,7.8683367231759105,0.0031658685122772923,percent,0.03,3% of pixels,3%,"3% of pixels = 5,000 pixels (3.0%)","3%
5,000 px",166816,bootstrap_mean,Additional random bootstrap-mean quadrat selected with seed 20260703
50m,sub50_24,fixed_6000,6000,0.03596777287550355,50,7.865349846653171,7.868033517327982,0.05461119221066256,7.730159881764032,7.971024133728291,all_sampled_pixels,6000,6000,0.006943262954018565,0.007723188868168291,7.849829517552028,7.880870175754314,7.8683367231759105,-0.0029868765227396565,fixed,6000,"Fixed 6,000","6,000","Fixed 6,000 (3.6%)","6,000
3.6%",166816,bootstrap_mean,Additional random bootstrap-mean quadrat selected with seed 20260703
50m,sub50_24,fixed_8000,8000,0.0479570305006714,50,7.881345775319865,7.887304281238,0.04800071812794396,7.74005208063601,7.9971563555765375,all_sampled_pixels,8000,8000,0.006090421546819629,0.006788326658018643,7.867704122166367,7.894987428473363,7.8683367231759105,0.013009052143954314,fixed,8000,"Fixed 8,000","8,000","Fixed 8,000 (4.8%)","8,000
4.8%",166816,bootstrap_mean,Additional random bootstrap-mean quadrat selected with seed 20260703
50m,sub50_36,fixed_1250,1250,0.007175536586625948,50,9.173092529529875,9.18498722503427,0.12536100526666416,8.932766178140362,9.49313218001928,all_sampled_pixels,1250,1250,0.013666166002697998,0.017728723384084145,9.137465326031306,9.208719733028444,9.18614603941794,-0.013053509888065307,fixed,1250,"Fixed 1,250","1,250","Fixed 1,250 (0.7%)","1,250
0.7%",174203,bootstrap_mean,Original random bootstrap-mean quadrat selected with seed 20260703
50m,sub50_36,pct_1,1742,0.00999982778712192,50,9.224083269662376,9.213010787722634,0.12619710787141808,8.955191503243313,9.49228272722356,all_sampled_pixels,1742,1742,0.013681262861803848,0.01784696614840199,9.188218448432664,9.259948090892088,9.18614603941794,0.03793723024443629,percent,0.01,1% of pixels,1%,"1% of pixels = 1,742 pixels (1.0%)","1%
1,742 px",174203,bootstrap_mean,Original random bootstrap-mean quadrat selected with seed 20260703
50m,sub50_36,pct_2,3484,0.01999965557424384,50,9.193417378579577,9.188009016189504,0.06425274923884272,8.978273883557842,9.33316617331914,all_sampled_pixels,3484,3484,0.0069889951247672005,0.009086710939332894,9.175156949288942,9.211677807870212,9.18614603941794,0.007271339161636803,percent,0.02,2% of pixels,2%,"2% of pixels = 3,484 pixels (2.0%)","2%
3,484 px",174203,bootstrap_mean,Original random bootstrap-mean quadrat selected with seed 20260703
50m,sub50_36,fixed_4000,4000,0.02296171707720303,50,9.18614603941794,9.17163151556802,0.07086459183788865,9.068083386382126,9.336637309647337,all_sampled_pixels,4000,4000,0.007714289706892014,0.010021766686917587,9.166006545251623,9.206285533584257,9.18614603941794,0,fixed,4000,"Fixed 4,000","4,000","Fixed 4,000 (2.3%)","4,000
2.3%",174203,bootstrap_mean,Original random bootstrap-mean quadrat selected with seed 20260703
50m,sub50_36,pct_3,5000,0.028702146346503792,50,9.204075375172405,9.200599673045996,0.060713857007636846,9.044844825867346,9.3730111328676,all_sampled_pixels,5000,5000,0.00659641023490636,0.00858623600041808,9.186820687925817,9.221330062418993,9.18614603941794,0.01792933575446476,percent,0.03,3% of pixels,3%,"3% of pixels = 5,000 pixels (2.9%)","3%
5,000 px",174203,bootstrap_mean,Original random bootstrap-mean quadrat selected with seed 20260703
50m,sub50_36,fixed_6000,6000,0.03444257561580455,50,9.196135405768723,9.185976627382255,0.06479014907966146,9.025918655959293,9.35249870320253,all_sampled_pixels,6000,6000,0.007045367017869125,0.009162710753663194,9.177722249133184,9.214548562404262,9.18614603941794,0.009989366350783513,fixed,6000,"Fixed 6,000","6,000","Fixed 6,000 (3.4%)","6,000
3.4%",174203,bootstrap_mean,Original random bootstrap-mean quadrat selected with seed 20260703
50m,sub50_36,fixed_8000,8000,0.04592343415440606,50,9.200527339687559,9.186005533194292,0.05832697606661747,9.123164989953402,9.325183443284843,all_sampled_pixels,8000,8000,0.0063395253242732276,0.008248680060562135,9.18395099649885,9.217103682876267,9.18614603941794,0.014381300269619146,fixed,8000,"Fixed 8,000","8,000","Fixed 8,000 (4.6%)","8,000
4.6%",174203,bootstrap_mean,Original random bootstrap-mean quadrat selected with seed 20260703
50m,sub50_49,fixed_1250,1250,0.006039872824437809,50,8.619362659198597,8.664573520099434,0.17535154769125436,8.226443308461121,8.973464324560542,all_sampled_pixels,1250,1250,0.020343911101607833,0.024798453692808448,8.569528300738433,8.66919701765876,8.643798604952993,-0.024435945754396116,fixed,1250,"Fixed 1,250","1,250","Fixed 1,250 (0.6%)","1,250
0.6%",206958,bootstrap_mean,Additional random bootstrap-mean quadrat selected with seed 20260703
50m,sub50_49,pct_1,2070,0.010002029397269012,50,8.642336826916125,8.625379358670363,0.144052045915291,8.251880915988828,8.945955785163129,all_sampled_pixels,2070,2070,0.016668182321550824,0.020372035702099632,8.601397688439272,8.683275965392978,8.643798604952993,-0.0014617780368677558,percent,0.01,1% of pixels,1%,"1% of pixels = 2,070 pixels (1.0%)","1%
2,070 px",206958,bootstrap_mean,Additional random bootstrap-mean quadrat selected with seed 20260703
50m,sub50_49,fixed_4000,4000,0.019327593038200988,50,8.643798604952993,8.635597960349246,0.0810583373637791,8.488884598623358,8.803973121236215,all_sampled_pixels,4000,4000,0.009377629103636423,0.011463380004327018,8.620762080362494,8.666835129543491,8.643798604952993,0,fixed,4000,"Fixed 4,000","4,000","Fixed 4,000 (1.9%)","4,000
1.9%",206958,bootstrap_mean,Additional random bootstrap-mean quadrat selected with seed 20260703
50m,sub50_49,pct_2,4139,0.019999226896278473,50,8.624778176190704,8.624412103531284,0.08691914349103128,8.448950680074676,8.821120196194606,all_sampled_pixels,4139,4139,0.010077841043028512,0.012292223155486955,8.600076028928171,8.649480323453236,8.643798604952993,-0.019020428762289043,percent,0.02,2% of pixels,2%,"2% of pixels = 4,139 pixels (2.0%)","2%
4,139 px",206958,bootstrap_mean,Additional random bootstrap-mean quadrat selected with seed 20260703
50m,sub50_49,pct_3,5000,0.024159491297751235,50,8.617738663659114,8.608611674523226,0.0840055282592859,8.47091577227731,8.839018115098002,all_sampled_pixels,5000,5000,0.009747978157371615,0.01188017573785984,8.593864556683569,8.64161277063466,8.643798604952993,-0.026059941293878452,percent,0.03,3% of pixels,3%,"3% of pixels = 5,000 pixels (2.4%)","3%
5,000 px",206958,bootstrap_mean,Additional random bootstrap-mean quadrat selected with seed 20260703
50m,sub50_49,fixed_6000,6000,0.028991389557301482,50,8.637184659166603,8.62435931547547,0.06769641834515687,8.520949664449986,8.81980014064668,all_sampled_pixels,6000,6000,0.007837787544962465,0.009573719294780363,8.617945549944587,8.65642376838862,8.643798604952993,-0.006613945786389408,fixed,6000,"Fixed 6,000","6,000","Fixed 6,000 (2.9%)","6,000
2.9%",206958,bootstrap_mean,Additional random bootstrap-mean quadrat selected with seed 20260703
50m,sub50_49,fixed_8000,8000,0.038655186076401976,50,8.632506670097982,8.61799208922109,0.07241873035795938,8.484833681588633,8.786641411072036,all_sampled_pixels,8000,8000,0.008389073200349744,0.010241555064206634,8.611925494651256,8.653087845544707,8.643798604952993,-0.011291934855011121,fixed,8000,"Fixed 8,000","8,000","Fixed 8,000 (3.9%)","8,000
3.9%",206958,bootstrap_mean,Additional random bootstrap-mean quadrat selected with seed 20260703
50m,sub50_51,fixed_1250,1250,0.006230343266992638,50,8.582959234130207,8.570206482959183,0.14088396423393304,8.333976863482933,8.938790493383282,all_sampled_pixels,1250,1250,0.0164143811465056,0.019924001294051415,8.54292045450515,8.622998013755264,8.58938474873527,-0.006425514605062688,fixed,1250,"Fixed 1,250","1,250","Fixed 1,250 (0.6%)","1,250
0.6%",200631,bootstrap_mean,Additional random bootstrap-mean quadrat selected with seed 20260703
50m,sub50_51,pct_1,2006,0.009998454874869786,50,8.586940517390815,8.582720611698488,0.09678799350584036,8.405267193895165,8.797082986890212,all_sampled_pixels,2006,2006,0.011271534175626255,0.013687889309083847,8.559433673986714,8.614447360794916,8.58938474873527,-0.002444231344455261,percent,0.01,1% of pixels,1%,"1% of pixels = 2,006 pixels (1.0%)","1%
2,006 px",200631,bootstrap_mean,Additional random bootstrap-mean quadrat selected with seed 20260703
50m,sub50_51,fixed_4000,4000,0.019937098454376443,50,8.58938474873527,8.589393060600386,0.07377680029341843,8.431659335516443,8.776822042983001,all_sampled_pixels,4000,4000,0.008589299752148323,0.010433615156344368,8.568417614083344,8.610351883387196,8.58938474873527,0,fixed,4000,"Fixed 4,000","4,000","Fixed 4,000 (2.0%)","4,000
2.0%",200631,bootstrap_mean,Additional random bootstrap-mean quadrat selected with seed 20260703
50m,sub50_51,pct_2,4013,0.020001894024353165,50,8.56732075308812,8.562848874009445,0.07773989048035612,8.384333681751446,8.732635334854395,all_sampled_pixels,4013,4013,0.009074002564026159,0.010994080745471868,8.54522732066702,8.58941418550922,8.58938474873527,-0.02206399564714978,percent,0.02,2% of pixels,2%,"2% of pixels = 4,013 pixels (2.0%)","2%
4,013 px",200631,bootstrap_mean,Additional random bootstrap-mean quadrat selected with seed 20260703
50m,sub50_51,pct_3,5000,0.024921373067970553,50,8.555891709343715,8.559758389548026,0.062398552533090804,8.365892592315118,8.698242254913763,all_sampled_pixels,5000,5000,0.007293050759974745,0.008824487926474705,8.538158236926325,8.573625181761106,8.58938474873527,-0.0334930393915549,percent,0.03,3% of pixels,3%,"3% of pixels = 5,000 pixels (2.5%)","3%
5,000 px",200631,bootstrap_mean,Additional random bootstrap-mean quadrat selected with seed 20260703
50m,sub50_51,fixed_6000,6000,0.029905647681564663,50,8.584256741476,8.593623608043718,0.06328716777196113,8.443634774262911,8.738391672693878,all_sampled_pixels,6000,6000,0.007372469123177618,0.008950157098728886,8.566270727401978,8.602242755550023,8.58938474873527,-0.005128007259269651,fixed,6000,"Fixed 6,000","6,000","Fixed 6,000 (3.0%)","6,000
3.0%",200631,bootstrap_mean,Additional random bootstrap-mean quadrat selected with seed 20260703
50m,sub50_51,fixed_8000,8000,0.039874196908752886,50,8.576638932399051,8.578295442835369,0.04432226378236252,8.461138626561905,8.685530895516083,all_sampled_pixels,8000,8000,0.005167789402318319,0.006268114655609491,8.56404268440365,8.589235180394452,8.58938474873527,-0.012745816336218851,fixed,8000,"Fixed 8,000","8,000","Fixed 8,000 (4.0%)","8,000
4.0%",200631,bootstrap_mean,Additional random bootstrap-mean quadrat selected with seed 20260703
50m,sub50_56,fixed_1250,1250,0.00859106529209622,50,8.164928530564948,8.180600920257596,0.10058852748554407,7.962461112062752,8.462384727366942,all_sampled_pixels,1250,1250,0.012319584563293679,0.014225365978919527,8.136341587354611,8.193515473775285,8.202770274997594,-0.03784174443264554,fixed,1250,"Fixed 1,250","1,250","Fixed 1,250 (0.9%)","1,250
0.9%",145500,bootstrap_mean,Additional random bootstrap-mean quadrat selected with seed 20260703
50m,sub50_56,pct_1,1455,0.01,50,8.234082014611252,8.235882952690233,0.10773814561194504,7.985394558526529,8.522411046457353,all_sampled_pixels,1455,1455,0.013084414925764083,0.015236474670934003,8.203463172411396,8.264700856811107,8.202770274997594,0.03131173961365796,percent,0.01,1% of pixels,1%,"1% of pixels = 1,455 pixels (1.0%)","1%
1,455 px",145500,bootstrap_mean,Additional random bootstrap-mean quadrat selected with seed 20260703
50m,sub50_56,pct_2,2910,0.02,50,8.21306868819306,8.21623515430019,0.07837850694571778,8.02067569576461,8.360421113682776,all_sampled_pixels,2910,2910,0.009543145189859806,0.011084394752118792,8.190793762980636,8.235343613405483,8.202770274997594,0.010298413195465983,percent,0.02,2% of pixels,2%,"2% of pixels = 2,910 pixels (2.0%)","2%
2,910 px",145500,bootstrap_mean,Additional random bootstrap-mean quadrat selected with seed 20260703
50m,sub50_56,fixed_4000,4000,0.027491408934707903,50,8.202770274997594,8.218112142405893,0.06691611563122205,8.023231576644244,8.310798248366746,all_sampled_pixels,4000,4000,0.008157745906305011,0.009463367826700047,8.183752925353211,8.221787624641976,8.202770274997594,0,fixed,4000,"Fixed 4,000","4,000","Fixed 4,000 (2.7%)","4,000
2.7%",145500,bootstrap_mean,Additional random bootstrap-mean quadrat selected with seed 20260703
50m,sub50_56,pct_3,4365,0.03,50,8.211616163391101,8.220483706605265,0.0617838257006581,8.065473775752624,8.346363408342103,all_sampled_pixels,4365,4365,0.007523954416683745,0.008737552424116607,8.194057394406478,8.229174932375724,8.202770274997594,0.008845888393507195,percent,0.03,3% of pixels,3%,"3% of pixels = 4,365 pixels (3.0%)","3%
4,365 px",145500,bootstrap_mean,Additional random bootstrap-mean quadrat selected with seed 20260703
50m,sub50_56,fixed_6000,6000,0.041237113402061855,50,8.199801216127847,8.20120608266319,0.05965169365104841,8.066183596312877,8.402932965449942,all_sampled_pixels,6000,6000,0.007274773141295423,0.00843602341798377,8.182848392367225,8.21675403988847,8.202770274997594,-0.0029690588697466325,fixed,6000,"Fixed 6,000","6,000","Fixed 6,000 (4.1%)","6,000
4.1%",145500,bootstrap_mean,Additional random bootstrap-mean quadrat selected with seed 20260703
50m,sub50_56,fixed_8000,8000,0.054982817869415807,50,8.203433214296517,8.20636914484836,0.0451782501733698,8.116611501496397,8.34873731547014,all_sampled_pixels,8000,8000,0.005507236908400192,0.006389169411946421,8.190593697660447,8.216272730932587,8.202770274997594,6.629392989232485e-4,fixed,8000,"Fixed 8,000","8,000","Fixed 8,000 (5.5%)","8,000
5.5%",145500,bootstrap_mean,Additional random bootstrap-mean quadrat selected with seed 20260703
50m,sub50_60,fixed_1250,1250,0.007599153758237482,50,9.489500983866343,9.489087954391401,0.15434579447923863,9.165072776701361,9.776344240729873,all_sampled_pixels,1250,1250,0.016264901046077234,0.021827791584778964,9.445636394416352,9.533365573316333,9.477396008485387,0.012104975380955452,fixed,1250,"Fixed 1,250","1,250","Fixed 1,250 (0.8%)","1,250
0.8%",164492,bootstrap_mean,Original random bootstrap-mean quadrat selected with seed 20260703
50m,sub50_60,pct_1,1645,0.010000486345840527,50,9.483190788381231,9.500318074686355,0.13016497102333396,9.0818573059117,9.696652921766756,all_sampled_pixels,1645,1645,0.013725862310269196,0.01840810673670998,9.446198312920707,9.520183263841755,9.477396008485387,0.00579477989584376,percent,0.01,1% of pixels,1%,"1% of pixels = 1,645 pixels (1.0%)","1%
1,645 px",164492,bootstrap_mean,Original random bootstrap-mean quadrat selected with seed 20260703
50m,sub50_60,pct_2,3290,0.020000972691681055,50,9.49642597789196,9.489232024245446,0.08750846846246546,9.254250002328616,9.741633529977062,all_sampled_pixels,3290,3290,0.009214884490879885,0.012375566292211692,9.47155634632568,9.521295609458239,9.477396008485387,0.019029969406572533,percent,0.02,2% of pixels,2%,"2% of pixels = 3,290 pixels (2.0%)","2%
3,290 px",164492,bootstrap_mean,Original random bootstrap-mean quadrat selected with seed 20260703
50m,sub50_60,fixed_4000,4000,0.024317292026359946,50,9.477396008485387,9.47214187282264,0.0816211944404188,9.277535290193622,9.675371889799376,all_sampled_pixels,4000,4000,0.008612196258058752,0.011542980015473174,9.454199521683615,9.50059249528716,9.477396008485387,0,fixed,4000,"Fixed 4,000","4,000","Fixed 4,000 (2.4%)","4,000
2.4%",164492,bootstrap_mean,Original random bootstrap-mean quadrat selected with seed 20260703
50m,sub50_60,pct_3,4935,0.03000145903752158,50,9.483315970816973,9.480781015243466,0.08039156392580596,9.278702643190448,9.64686554227975,all_sampled_pixels,4935,4935,0.008477157586354296,0.011369084000425843,9.460468941140874,9.506163000493071,9.477396008485387,0.005919962331585538,percent,0.03,3% of pixels,3%,"3% of pixels = 4,935 pixels (3.0%)","3%
4,935 px",164492,bootstrap_mean,Original random bootstrap-mean quadrat selected with seed 20260703
50m,sub50_60,fixed_6000,6000,0.03647593803953992,50,9.49742128633524,9.493752717688679,0.06474861074080845,9.35031038962563,9.60994546234269,all_sampled_pixels,6000,6000,0.006817493800550669,0.009156836345446756,9.479019934764985,9.515822637905494,9.477396008485387,0.020025277849851975,fixed,6000,"Fixed 6,000","6,000","Fixed 6,000 (3.6%)","6,000
3.6%",164492,bootstrap_mean,Original random bootstrap-mean quadrat selected with seed 20260703
50m,sub50_60,fixed_8000,8000,0.04863458405271989,50,9.489900937828402,9.490227796645321,0.0508370470580329,9.381112171195285,9.58488522310344,all_sampled_pixels,8000,8000,0.005356962879916645,0.007189444142046938,9.475453208911821,9.504348666744983,9.477396008485387,0.012504929343014837,fixed,8000,"Fixed 8,000","8,000","Fixed 8,000 (4.9%)","8,000
4.9%",164492,bootstrap_mean,Original random bootstrap-mean quadrat selected with seed 20260703
50m,sub50_8,fixed_1250,1250,0.0066527225601805285,50,8.543893160613806,8.559651598696997,0.14505256707783484,8.175730634650982,8.856374028554855,all_sampled_pixels,1250,1250,0.01697733859155772,0.020513530761850713,8.5026696771687,8.58511664405891,8.564919682197273,-0.021026521583467073,fixed,1250,"Fixed 1,250","1,250","Fixed 1,250 (0.7%)","1,250
0.7%",187893,bootstrap_mean,Additional random bootstrap-mean quadrat selected with seed 20260703
50m,sub50_8,pct_1,1879,0.01000037255246337,50,8.553659319116823,8.54565791583154,0.1122430297353863,8.311820827021517,8.88208978595514,all_sampled_pixels,1879,1879,0.013122223547591037,0.01587356149336299,8.521760203014713,8.585558435218934,8.564919682197273,-0.01126036308044931,percent,0.01,1% of pixels,1%,"1% of pixels = 1,879 pixels (1.0%)","1%
1,879 px",187893,bootstrap_mean,Additional random bootstrap-mean quadrat selected with seed 20260703
50m,sub50_8,pct_2,3758,0.02000074510492674,50,8.572596015425406,8.567524164511578,0.08804405943537538,8.417920241073368,8.767716237435375,all_sampled_pixels,3758,3758,0.010270408086062865,0.012451310293989073,8.547574170588794,8.597617860262018,8.564919682197273,0.007676333228133103,percent,0.02,2% of pixels,2%,"2% of pixels = 3,758 pixels (2.0%)","2%
3,758 px",187893,bootstrap_mean,Additional random bootstrap-mean quadrat selected with seed 20260703
50m,sub50_8,fixed_4000,4000,0.02128871219257769,50,8.564919682197273,8.574685551912106,0.06971829413449117,8.390806117961077,8.697039654965199,all_sampled_pixels,4000,4000,0.008139982244013922,0.0098596557110514,8.545105962233723,8.584733402160822,8.564919682197273,0,fixed,4000,"Fixed 4,000","4,000","Fixed 4,000 (2.1%)","4,000
2.1%",187893,bootstrap_mean,Additional random bootstrap-mean quadrat selected with seed 20260703
50m,sub50_8,pct_3,5000,0.026610890240722114,50,8.558313110161688,8.560643968064149,0.04900429646070674,8.432011402003035,8.674962315953115,all_sampled_pixels,5000,5000,0.005725929377662245,0.006930254066928333,8.544386243201775,8.572239977121601,8.564919682197273,-0.00660657203558479,percent,0.03,3% of pixels,3%,"3% of pixels = 5,000 pixels (2.7%)","3%
5,000 px",187893,bootstrap_mean,Additional random bootstrap-mean quadrat selected with seed 20260703
50m,sub50_8,fixed_6000,6000,0.03193306828886654,50,8.556998106461972,8.553694007110836,0.0571670829809404,8.440423363049733,8.699142578360515,all_sampled_pixels,6000,6000,0.006680740403316164,0.008084646407295405,8.540751401240925,8.573244811683018,8.564919682197273,-0.007921575735300834,fixed,6000,"Fixed 6,000","6,000","Fixed 6,000 (3.2%)","6,000
3.2%",187893,bootstrap_mean,Additional random bootstrap-mean quadrat selected with seed 20260703
50m,sub50_8,fixed_8000,8000,0.04257742438515538,50,8.556581707524549,8.560117043197,0.04462690933194429,8.42922963527674,8.642856236425612,all_sampled_pixels,8000,8000,0.0052155067125345105,0.006311198042403005,8.543898880221917,8.56926453482718,8.564919682197273,-0.008337974672723902,fixed,8000,"Fixed 8,000","8,000","Fixed 8,000 (4.3%)","8,000
4.3%",187893,bootstrap_mean,Additional random bootstrap-mean quadrat selected with seed 20260703
