quad_id,scale,Name,sub_id,ACNE2,ACRU,ACSA3C,AEFL,ALJU,CACA18,CACA38,CACO15,CAGL8,CALA21,CAOV2,CAOV3,CAPA24,CARYA,CATO6,CELA,DIVI5,FAGR,FRAMCO,FRQU,GLTR,JUNI,JUVI,LIBE3,LIST2,LITU,MAAC,NYSY,OSVI,OXAR,PATO2,PIEC2,PIVI2,PLOC,PRSES,QUAL,QUFA,QUMO4,QUMU,QUNI,QUPA5,QURU,QUSH,QUVE,SAAL5,TIAM,ULAL,ULAM,ULRU,ULSE,richness,shannon,simpson,evenness,faith_pd,rao_pd,afaith_pd
0_a,10m,0,0_a,0,0,0,0,0,0,0,0,0.0038802744724700843,0,0,0,0,0,0,0,0,0.7526765447377729,0,0,0,0,0,0,0.6016780378217781,0.27226482981243444,0,0,0,0.499437647991541,0,0,0,0,0,0,0,0,0,0,0,0.017200425602411782,0,0,0,0,0,0,0,0,6,1.3751371412082225,0.7283381843748872,0.767478651473612,656.0746730000001,184.09245747749497,299.4839126608217
0_b,10m,0,0_b,0,0,0,0,0,0,0,0,0,0,0,0,0,0,0,0,0,0,0,0,0,0,0,0,0.41323198708646763,0,0,0,0,0.15130923007087624,0,0,0,0,0,0,0,0,0,0,0,0.7249897514906423,0,0,0,0,0,0,0,0,3,0.9398643361673285,0.5674607180834876,0.855501386487095,369.87356600000004,139.47079436410687,159.37541376080844
0_c,10m,0,0_c,0,0,0,0,0,0,0,0,0,0,0,0,0,0,0,0,0,0,0,0,0,0,0,0,0.9540988115958999,0,0,0,0,0.8774409052079847,0,0,0,0,0,0,0,0,0,0,0,0,0,0,0,0,0,0,0,0,2,0.6922710312972382,0.4991241066463772,0.998735983803614,247.46847400000001,123.51748100839221,226.62416939392477
0_d,10m,0,0_d,0,0,0,0,0,0,0,0,0,0,0,0,0,0,0,0,0,0.2049605878342276,0,0,0,0,0,0,0.8270070260278738,0.5553892207424823,0,0,0,0.27953071482574754,0,0,0,0,0,0,0,0,0,0,0,0,0,0,0,0,0,0,0,0,4,1.248226529680057,0.6807867537056236,0.9004051121377293,517.9637020000001,178.39504830019263,249.89686885521542
1_a,10m,1,1_a,0,0,0,0,0,0,0,0,0,0,0,0,0,0,0,0,1.4936381556752432,0,0,0,0,0,0.4648650356250263,0,0.21433321965924493,0.9856120796695695,0,0,0,0,0,0,0,0,0,0,0,0,0,0,0,0,0,0,0,0,0,0,0,0,4,1.1821300567898796,0.6527170322399396,0.852726585308274,909.7464799999999,270.82279916495867,697.7114120724987
1_b,10m,1,1_b,0,0,0,0,0,0,0,0,0,0,0,0,0,0,0,0,0.5063618442818106,0,0,0,0,0,0.04879523512011085,0,1.6550339462739,0.49344106858111325,0,0,0,0.9999999999928258,0,0,0,0,0,0,0,0,0,0,0,0,0,0,0,0,0,0,0,0,5,1.3111095254745582,0.6907896374058656,0.8146381512112183,1004.629773,182.69782430532888,660.8052171141654
1_c,10m,1,1_c,0,0.37033579397332533,0,0,0,0,0,0,0,0,0,0,0,0,0,0,0,0,0,0,0,0,0.044715954670755356,0,1.0152929449627526,1.446348932312501,0,0,0,0,0,0,0,0,0,0,0,0,0,0,0,0,0,0,0,0,0,0,0,0,4,1.04191960110471,0.6058309651442206,0.751586120759386,908.417335,173.80199061982287,583.3643181407973
1_d,10m,1,1_d,0,0,0,0,0,0,0,0,0,0,0,0,0,0,0,0,0,0.19403561045298168,0,0,0,0,0.4416237746027941,0,1.0707213053777531,0.4939557823532663,0,0,0,0.03536047430009909,0,0,0,0,0,0,0,0,0,0,0,0,0,0,0,0,0,0,0,0,5,1.2842725311884167,0.6750185270425412,0.797963389122662,1032.151571,300.72866617122577,572.517354714375
100_a,10m,100,100_a,0,0,0.4433822911345014,0,0,0,0,0,0,0,0.6869380796292579,0,0,0,0,0,0,0.2543963309031619,0,0,0,0,0,0,0,0,0,0,0,0,0,0,0,0,0,0,0,0,0,0,0,0,0,0,0,0,0,0,0,0,3,1.023688425881904,0.6176208157633927,0.9318013610815887,335.03677000000005,138.92722815505954,165.4120946064303
100_b,10m,100,100_b,0,0,0,0,0,0,0,0,0.8913860968948268,0,0,0,0,0,0,0,0,0.7132383236205638,0,0,0,0,0,0,0,0.7079325293391575,0,0,0,0,0,0,0,0,0,0,0,0,0,0,0,0,0,0,0,0,0,0,0,0,3,1.0926374802580672,0.662589069124013,0.9945614950135993,369.70393600000006,162.02229959818135,291.3092186568629
100_c,10m,100,100_c,0,0,0,0,0,0,0,0,0,0,0,0,0,0,0,0,0,0.7337488255562208,0,0,0,0,0,0,0.9147449459535066,1.031497178263352,0,0,0,0,0,0,0,0,0,0,0,0,0,0,0,0,0,0,0,0,0,0,0,0,3,1.0890544526935915,0.6603992317808562,0.9913000827743282,394.22946500000006,174.46363808699655,355.4841634114274
100_d,10m,100,100_d,0,0,0.016160462781357465,0,0,0,0,0,0,0,0,0,0,0,0,0,0,0,0,0,0,0,0,0,0.4538272554310805,0.5937907230118687,0,0,0,0.3496585156678585,0,0,0,0,0.9999999999992034,0,0,0,0,0,0,0,0,0,0,0,0,0,0,0,5,1.337714758199811,0.7113885343451645,0.8311689117455066,636.542307,184.60421820988233,317.34736450123114
2_a,10m,2,2_a,0,0,0,0,0,0,0,0,0,0,0,0,0,0,0,0,0,0.017571159207108417,0,0,0,0,0,0,1.513992916278531,0.542411367309952,0,0,0,0.596735754671796,0,0,0,0,0,0,0,0,0,0,0,0,0,0,0,0,0,0,0,0,4,1.0134141978874953,0.5874230446066036,0.7310238188293781,517.9637020000001,153.23277002880968,348.53529502583325
2_b,10m,2,2_b,0,0.16214672913404396,0,0,0,0,0,0,0,0,0,0,0,0,0,0,0,0.8001596903979333,0,0,0,0,0,0,0.0634371199642193,0.11572575413741833,0,0,0,0,0,0,0,0,0,0,0,0,0,0,0,0,0,0,0,0,0,0,0,0,4,0.9189200356147993,0.47506605583744543,0.6628606891774903,512.808069,119.69913099295471,154.9361008906567
2_c,10m,2,2_c,0,0,0.413740825799297,0,0,0,0,0,0,0,0,0,0,0,0,0,0,1.0219352901272223,0,0,0,0,0,0,0.9913337745401265,0.16301587347401375,0,0,0,0,0,0,0,0,0,0,0,0,0,0,0,0,0,0,0,0,0,0,0,0,4,1.2015815095850082,0.6683403984581542,0.8667578425510829,512.808069,165.83831902149055,331.07419735563354
2_d,10m,2,2_d,0,0,0,0,0,0,0,0,0,0,0,0,0,0,0,0,0,0,0,0,0,0,0,0,0.7918793206854784,1.2556712187964694,0,0,0,0,0,0,0,0,0,0,0,0,0,0,0,0,0,0,0,0,0,0,0,0,2,0.6672696572738792,0.4743464743886816,0.9626666254847038,271.82437400000003,128.93893345981041,278.2870718140214
101_a,10m,101,101_a,0,0,0,0,0,0,0,0,0,0,0,0,0,0,0,0,0,0.7469422940052297,0,0,0,0,0,0,0,0.8062808516577716,0,0,0,0.14349588749044428,0,0,0,0,0,0,0,0,0.13820899446371895,0,0,0,0,0.23168155412188682,0,0,0,0,0,0,5,1.3464703975057537,0.695289445148511,0.836609096320692,447.56671700000004,158.68725880612251,285.88086512557396
101_b,10m,101,101_b,0,0,0,0,0,0,0,0,0,0,0,0,0,0,0,0,0,0,0,0,0,0,0,0,0.12730693499125592,2.3350477900850444,0,0,0,0,0,0,0,0,0,0,0,0,0,0,0,0,0,0.07252887379895909,0,0,0,0,0,0,3,0.3275568438872606,0.14811286439282922,0.29815508825626774,394.229466,40.18304961743429,355.329467459836
101_c,10m,101,101_c,0,0,0,0,0,0,0,0,0,0,0,0,0,0,0,0,0,1.4232580050025114,0,0,0,0,0,0,0.7689367895765771,0,0,0,0,0.3243935872072225,0,0,0,0,0,0,0,0,0,0,0,0,0,0.19326230833020885,0,0,0.2784856594642225,0,0,0,5,1.3418709327363234,0.6823052689769915,0.8337512881791688,521.2529810000001,155.15554796473242,313.75121361981746
101_d,10m,101,101_d,0,0,0,0,0,0,0,0,0,0,0,0,0,0,0,0,0,1.5025584159394736,0,0,0,0,0,0,1.457623922857417,0.23388360261987604,0,0,0,0.6871483445523552,0,0,0,0,0,0,0,0,0,0,0,0,0,0.5025272637411028,0,0,0.4509173289987479,0,0,0,6,1.6050853168659485,0.7704671581270656,0.8958151718642617,669.343118,179.3571829488485,521.6987588757878
200_a,10m,200,200_a,0,0,0,0,0,0,0,0,0,0,0,0,0,0,0.688551125604633,0,0,1.2120802098414236,0,0,0,0,0,0,1.4472860862068289,0,0,0,0,0.058970381409504675,0,0,0,0,0,0,0,0,0,0,0,0,0,0,0,0,0,0,0,0,4,1.12473798285361,0.6518139206134456,0.8113269550811796,467.7531270000002,152.6072020336972,396.33947831870614
200_b,10m,200,200_b,0,0,0.5176870507873946,0,0,0,0,0,0,0,0,0,0,0,0.37982974319669416,0,0,1.4557913762707935,0,0,0,0,0,0,0.9830316881037644,0,0,0,0,0.08226296534151525,0,0,0,0,0,0,0,0,0,0,0,0,0,0,0,0,0,0,0,0,5,1.3415893315433693,0.7001143197292031,0.8335763195203728,586.3317310000002,165.63380198009136,397.4179024338203
200_c,10m,200,200_c,0,0,0.022770195234030396,0,0,0,0,0,0,0,0,0,0,0,0,0,0,0.11345673264016487,0,0,0,0,0,0,0.8381187538297044,0.4807985061272302,0,0,0,0.8352143222094328,0,0,0,0,0,0,0,0,0,0,0,0,0,0,0,0,0,0,0,0,5,1.2581337284246419,0.6864916169638207,0.7817224378179654,636.542306,177.83826704825407,304.7681683546654
200_d,10m,200,200_d,0,0,0,0,0,0,0,0,0,0,0,0,0,0,0.9464713636862558,0,0,0.06044245629336352,0,0,0,0,0,0,0.25704386408138324,0.07350925709523363,0,0,0,0.3823441531035639,0,0,0,0,0,0,0,0,0,0,0,0,0,0,0,0,0,0,0,0,5,1.1994695088292229,0.6223063248624026,0.745272308774655,615.8432640000002,153.52877739122562,225.35225145450846
3_a,10m,3,3_a,0,0,0,0,0,0,0,0,0,0,0,0,0,0,0,0,0,0.3544561902802701,0,0,0,0,0,0,0,1.9160295702932664,0,0,0,0,0,0,0,0,0,0,0,0,0.4811276683571174,0,0,0,0,0,0,0,0,0,0,0,3,0.8209277892405371,0.4679577275812251,0.7472406759947858,312.055781,118.58181027559493,389.7092630358269
3_b,10m,3,3_b,0,0,0.5862591742178987,0,0,0,0,0,0,0,0,0,0,0,0,0,0,0,0,0,0,0,0,0,0.29841007215186577,1.2491486256603288,0,0,0,0,0,0,0,0,0,0,0,0,0,0,0,0,0,0,0,0,0,0,0,0,3,0.9435113143938095,0.562257313842651,0.8588210091274919,394.229466,150.75932348198495,291.5696370930013
3_c,10m,3,3_c,0,0,0,0,0,0,0,0,0,0,0,0,0,0,0,0,0,0,0,0,0,0,0,0,0.20295445271217508,0.005312941146871194,0,0,0,0,0,0,0,0,0,0,0,0,0,0,0,0,0,0,0,0,0,0,0,0,2,0.11877066360036856,0.04971884368139401,0.17134984737934303,271.82437400000003,13.51479355969879,28.30607698017335
3_d,10m,3,3_d,0,0,0,0,0,0,0,0,0,0,0,0,0,0,0,0,0,0.5809572193674185,0,0,0,0,0,0,0.7114903945527711,0.13174726613118176,0,0,0,0,0,0,0,0,0,0,0,0,0,0,0,0,0,0,0,0,0,0,0,0,3,0.9326891663925869,0.5754700832947937,0.8489702655004179,394.22946500000006,145.41656698923626,189.61532257728405
102_a,10m,102,102_a,0,0,0,0,0,0,0,0,0,0,0,0,0,0,0,0,0,0.6120626900316465,0,0,0,0,0,0,0.5159543695278604,0.3270620503947305,0,0,0,0,0,0,0,0,0,0,0,0,0,0,0,0,0,0,0,0,0.17482465819854437,0,0,0,4,1.2936702294630733,0.7070063578176444,0.9331858122960316,505.37747300000007,179.9346993381837,219.83230028783717
102_b,10m,102,102_b,0,0,0,0,0,0,0,0,0,0,0,0,0,0,0,0,0,1.3365865373042216,0,0,0,0,0,0,0.020626449351610208,0.7303899452930597,0,0,0,0.35636183927471204,0,0,0,0,0,0,0,0,0,0,0,0,0,0,0,0,0.09577235337055513,0,0,0,5,1.134489234514777,0.6191591001035406,0.7048977942858231,629.11171,162.17895495673702,329.85585263968517
102_c,10m,102,102_c,0,0,0,0,0,0,0,0.33410007299698685,0,0,0,0,0,0,0,0,0,0.04929363304155293,0,0,0,0,0,0,0.004523769899522614,1.0680656758331402,0,0,0,0,0,0,0,0,0,0,0,0,0.6171610724393611,0,0,0,0,0,0,0,0,0,0,0,5,1.0988419650093602,0.6194152966050791,0.6827489004204461,532.3404360000001,157.7248190023481,300.91163359649505
102_d,10m,102,102_d,0,0,0,0,0,0,0,0.54641822720723,0,0,0,0,0,0,0,0,0,0.03270461431717014,0,0,0,0,0,0,0.06567179309585391,0,0,0,0,0,0,0,0,0,0,0,0,0,0.33865496011881907,0,0,0,0,0,0,0,0,0,0,0,4,0.9875448456219129,0.5671483885260034,0.7123630257170954,382.92115400000006,114.49735154261941,158.63574169111737
201_a,10m,201,201_a,0,0,0,0,0,0,0,0,0,0,0,0,0,0,0.04107958462461192,0,0,0.16011667836261392,0,0,0,0,0,0,1.0000000000123923,1.5856220932295926,0,0,0,0,0,0,0,0,0,0,0,0,0,0,0,0,0,0,0,0,0,0,0,0,4,0.9149225263202191,0.5439917955808443,0.6599770957598912,492.1090270000002,146.3417195579649,395.6360845450952
201_b,10m,201,201_b,0,0,0,0,0,0,0,0,0,0,0,0,0,0,0,0,0,0.12610503341299997,0,0,0,0,0,0,0.7250223026026769,0.6532355840132178,0,0,0,0.1480537747662741,0,0,0,0,0,0,0,0,0.8617910055387047,0,0,0,0,0,0,0,0,0,0,0,5,1.392644574814488,0.7258638960724795,0.8652987257571584,558.1951100000001,182.65150788190363,331.27364683581084
201_c,10m,201,201_c,0,0,0,0,0,0,0,0,0,0,0,0,0,0,0,0,0,0.800824024535199,0,0,0,0,0,0,0,0.21520337539598305,0,0,0,0,0,0,0,0,0,0,0,0,0,0,0,0,0,0,0,0,0,0,0,0,2,0.5163431372552402,0.33389147279706566,0.7449256835151844,271.82437300000004,90.75984024310893,138.09050517574664
201_d,10m,201,201_d,0,0,0,0,0,0,0,0,0,0,0,0,0,0,0,0,0,1.7326097520177997,0.3215853997041568,0,0,0,0,0,0,0.16821933932836516,0,0,0,0,0,0,0,0,0,0,0,0,0,0,0,0.07156229634668039,0,0,0,0,0,0,0,0,4,0.787180864613487,0.4035393204080562,0.5678309648302822,435.7900180000001,95.30351395887311,230.91934141388458
300_a,10m,300,300_a,0,0,0,0,0,0,0,0,0,0,0,0,0,0,1.0328576657245978,0,0,0,0,0,0,0,0,0,0.4385540005996041,0,0,0,0,0,0,0,0,0,0,0,0,0,0,0,0,0,0,0,0,0,0,0,0,0,2,0.6092028628669243,0.41843225964575237,0.8788939491534709,244.81018300000014,102.43647805698022,180.1082793534297
300_b,10m,300,300_b,0,0,0,0,0,0,0,0,0,0,0,0,0,0,0.5610472298168785,0,0,0,0,0,0,0,0,0,0.07047945070492463,0,0,0,0,0,0,0,0,0,0,0,0,0,0,0,0,0,0,0,0,0,0,0,0,0,2,0.34985102846002547,0.1982935200399969,0.5047283438091824,244.81018300000014,48.54427292870584,77.30208086867876
300_c,10m,300,300_c,0,0,0,0,0,0,0,0,0,0,0,0,0,0,0.06159734437857999,0,0,0,0,0,0,0,0,0,0.011405508141828393,0,0,0,0,0,0,0,0,0,0,0,0,0,0,0,0,0,0,0,0,0,0,0,0,0,2,0.43337143900967556,0.2636495068356316,0.6252228259221728,244.81018300000014,64.54408401629071,8.935920817425684
300_d,10m,300,300_d,0,0,0,0,0,0,0,0,0,0,0,0,0,0,0.38096727676639186,0,0,0,0,0,0,0,0,0,0.366920904842625,0,0,0,0,0,0,0,0,0,0,0,0,0,0,0,0,0,0,0,0,0,0,0,0,0,2,0.6929708000776618,0.49982362988798523,0.9997455367529,244.81018300000014,122.36191430060201,91.54532129459719
4_a,10m,4,4_a,0,0,0,0,0,0,0,0,0,0,0,0,0,0,0,0,0,1.184014248379886,0,0,0,0,0,0,0,0.3157761626537343,0,0,0,0,0,0,0,0,0,0,0.6776428164242199,0,0,0,0,0,0,0,0,0,0,0,0,0,3,0.9745725371113536,0.5864342954996695,0.8870941524719932,312.05578000000014,94.64028519486122,213.49569093729622
4_b,10m,4,4_b,0,0,0,0,0,0,0,0,0,0,0,0,0,0,0,0,0,0,0,0,0,0,0,0,0,1.9084086298774623,0,0,0,0,0,0,0,0,0,0,0.040490301797286896,0,0,0,0,0,0,0,0,0,0,0,0,0,2,0.10104395083044893,0.04068869360876115,0.14577560677491694,271.8243730000001,11.060178628390622,264.87911600538837
4_c,10m,4,4_c,0,0,0,0,0,0,0,0,0,0,0,0,0,0,0,0,0,0.001607456784658385,0,0,0,0,0,0,2.926531841181359,1.2991146975716077,0,0,0,0,0,0,0,0,0,0,0.004670857115403712,0,0,0,0,0,0,0,0,0,0,0,0,0,4,0.6281074296654483,0.42753897946270847,0.45308373696192783,434.4608720000001,116.15992532346462,630.7212833733216
4_d,10m,4,4_d,0,0,0,0,0,0,0,0,0,0,0,0,0,0,0,0,0,1.660268707425126,0,0,0,0,0,0,0.021644352508967558,0.7024830102605523,0,0,0,0,0,0,0,0,0,0,0.27719602464482096,0,0,0,0,0,0,0,0,0,0,0,0,0,4,0.9206745630099644,0.5303152693099744,0.6641263131635445,434.4608720000001,118.96901117961112,271.75309239904783
103_a,10m,103,103_a,0,0,0,0,0,0,0,0.08221804902881549,0,0,0,0,0,0,0,0,0,0,0,0,0,0,0,0,0.6928835695425497,0.44967577529170893,0,0,0,0,0,0,0,0,0,0,0,0,0.22325551664676274,0.22264039581852801,0,0,0,0,0,0,0,0,0,0,5,1.4040218762889578,0.7175115197274989,0.8723678406242631,503.88572800000003,177.1132063844863,283.36303179204805
103_b,10m,103,103_b,0,0,0,0,0,0,0,0.03726365069618983,0,0,0,0,0,0,0,0,0,0.017829661160827823,0,0,0,0,0,0,0.2549604318546075,0.9880070323558906,0,0,0,0,0,0,0,0,0,0,0,0,0.5539660619260688,0,0,0,0,0,0,0,0,0,0,0,5,1.0924877965114586,0.6064879735573783,0.6788008335526217,532.3404360000001,160.36507121177644,287.8229275126538
103_c,10m,103,103_c,0,0,0,0,0,0,0,0,0,0,0,0,0,0,0,0,0,0.046756929223261426,0,0,0,0,0,0,1.2885096055572804,0.47234825171708994,0,0,0,0,0,0,0,0,0,0,0,0,0,0,0,0,0,0,0,0,0,0,0,0,3,0.6865343279877105,0.422931080310579,0.6249104757603091,394.22946500000006,113.96678234097959,241.14840190407273
103_d,10m,103,103_d,0,0,0,0,0,0,0,0,0,0,0,0,0,0,0,0,0,0,0,0,0,0,0,0,0,1.5398731043497471,0,0,0,0,0,0,0,0,0,0,0,0,0.0677795532450995,0.4972594188794705,0,0,0,0,0,0,0,0,0,0,3,0.6801722502375332,0.4079723508168921,0.6191194630292479,283.601073,107.11963089966562,340.0773032126338
202_a,10m,202,202_a,0,0,0,0,0,0,0,0.0036016457350939025,0,0,1.0786554436384144,0,0,0,0,0,0,0,0.6784146003021047,0,0,0,0,0,0,0,0,0,0,0,0,0,0,0,0,0,0,0,0,0,0,5.1440201014966766e-5,0,0,0,0,0,0,0,0,4,0.6806342156935149,0.47623210588314835,0.4909738038201915,346.366511,117.23545239136736,207.76616158927948
202_b,10m,202,202_b,0,0,0,0,0,0,0,0,0,0,0,0,0,0,0,0,0.7500942122841231,0.6681417617757339,0,0,0,0,0,0,0.45276153025126364,0.25793874569015096,0,0,0,0,0,0,0,0,0,0,0,0,0,0,0,0,0,0,0,0,0,0,0,0,4,1.3161864391219844,0.7174590189631715,0.9494278243032952,517.963702,182.38042774366187,278.580718989403
202_c,10m,202,202_c,0,0,0,0,0,0,0,0,0,0,0,0,0,0,0,0,0.2499057876977273,0.7806601014447714,0,0,0,0,0,0,1.016523089049726,0,0,0,0,0,0,0,0,0,0,0,0,0,0,0,0,0,0,0,0,0,0,0,0,0,3,0.9719923336948401,0.5930861551722365,0.884745550109606,369.87356500000004,145.76333703502442,252.23541995533472
202_d,10m,202,202_d,0,0,0,0.24201953939413182,0,0,0,0.005002408215071047,0,0,0.1701642670902316,0,0,0,0,0,0,0.7253068078978353,0,0,0,0,0,0,0.8959269816998464,0,0,0,0,0,0,0,0,0,0,0,0,0,0,0,0,0,0,0,0,0,0,0,0,0,5,1.2040375174127012,0.6591440988926163,0.7481105720889382,462.2868240000001,157.4633355849063,330.92209711945435
301_a,10m,301,301_a,0,0,0,0,0,0,0,0,0,0,0,0,0,0,0,0,0,0,0,0,0,0,0,0,0.20677522793817435,0.4292222002834933,0,0,0,0,0,0,0,0,0,0,0,0,0,0,0,0,0,0.35438575326406724,0,0,0,0,0,0,3,1.0571559000239925,0.6405426167094083,0.9622647688618371,394.229466,170.0787330057882,140.53258448035223
301_b,10m,301,301_b,0,0,0,0,0,0,0,0,0,0,0,0,0,0,0,0,0,0,0,0,0,0,0,0,0,0,0,0,0,0,0,0,0,0,0,0,0,0,0,0,0,0.032031497345758594,0,0.37562605059114595,0,0,0,0,0,0,2,0.2752739822740159,0.1448011345435598,0.39713640911247916,8.871982,1.2846730592500406,1.808365213730177
301_c,10m,301,301_c,0,0,0,0,0,0,0,0,0,0,0,0,0,0,0,0,0,0.27998223273956924,0,0,0,0,0,0,0,0,0,0,0,0,0,0,0,0,0,0,0,0,0,0,0,0.7004063471614599,0,0.13987348077777484,0,0,0,0,0,0,3,0.8999589760806814,0.5310519927716315,0.8191779623835599,84.89880600000006,31.55272310478032,50.78696991233435
301_d,10m,301,301_d,0,0,0,0,0,0,0,0,0,0,0,0,0,0,0,0,0,1.462452286515274,0,0,0,0,0,0,0,0.3993790176250539,0,0,0,0.999999999998772,0,0,0,0,0,0,0,0,0,0,0,0.07393302458352914,0,0.1301147153602416,0,0,0,0,0,0,5,1.2079378628944522,0.6467231408895046,0.7505339929936018,440.2260090000001,154.47022271622552,369.2325758220183
400_a,10m,400,400_a,0,0,0,0,0,0,0,0,0.07952735577185424,0,0,0,0,0,0,0,0,0.8995559643300768,0,0,0,0,0,0,0.42611295296390134,0,0,0,0,0,0,0,0,0,0,0,0,0,0,0,0.38768144271059746,0,0,0,0,0,0,0,0,0,4,1.1568723315824685,0.6430466234312495,0.8345069878578399,382.9211530000001,118.63897516564101,193.90355406771076
400_b,10m,400,400_b,0,0,0,0,0,0,0,0,0.04723950117080428,0,0,0,0,0,1.3884612908157419,0,0,0,0,0,0,0,0,0,0,0,0,0,0,0,0,0,0,0,0,0,0,0,0,0,0.019802431865579947,0,0,0,0,0,0,0,0,0,3,0.214703659621939,0.08876190314859111,0.19543169308822547,202.3345880000002,6.068546039395901,102.68274984155572
400_c,10m,400,400_c,0,0,0,0,0,0,0,0,0.3647404463896065,0,0,0,0,0,0.1764063838780811,0,0,0,0,0,0,0,0,0,0.3209618529880811,0.049645678408731825,0,0,0,0.3765864377583726,0,0,0,0,0,0,0,0,0,0,0.3752780152300874,0,0,0,0,0,0,0,0,0,6,1.665111949230671,0.800447519864647,0.9293166732630984,622.4187280000002,180.44724931672488,262.2585154953894
400_d,10m,400,400_d,0,0,0,0,0,0,0,0,0.508492696661883,0,0,0,0,0,0,0,0,0.4429584947709078,0,0,0,0,0,0,6.378224539694081e-7,0,0,0,0,0,0,0,0,0,0,0,0,0,0,0,1.0453124022030005,0,0,0,0,0,0,0,0,0,4,1.0211978566623139,0.6118813867083298,0.7366385417865794,382.9211530000001,93.0019884170261,191.8200371930853
5_a,10m,5,5_a,0,0,0,0,0,0,0,0,0,0,0,0,0,0,0,0,0,0,0.029926002274079704,0,0,0,0,0,0.4974366869011054,0.9336298621571755,0,0,0,0,0,0,0,0,0,0,0,0,0,0,0,0,0,0,0,0,0,0,0,0,3,0.7326304743131672,0.47528510471761276,0.6668689963420703,395.558611,128.85435326427992,204.32244638164994
5_b,10m,5,5_b,0,0,0,0,0,0,0,0,0,0,0,0,0,0,0,0,0,0,0.9700739977296537,0,0,0,0,0,0.07346815892061118,0.34993393752891183,0,0,0,0,0,0,0,0,0,0,0,0,0,0,0,0,0,0,0,0,0,0,0,0,3,0.7542890194112258,0.4495270832056242,0.6865834536819897,395.558611,120.40453474815163,188.8601292855308
5_c,10m,5,5_c,0,0,0,0,0,0,0,0,0,0,0,0,0,0,0,0,0,0.12910254240522887,0,0,0,0,0,0,0,0.17405894603657546,0,0,0,0,0,0,0,0,0,0,0,0,0.7418753620320871,0,0,0,0,0,0,0,0,0,0,0,3,0.8001160910800373,0.45303366752220686,0.7282970519563813,312.055781,89.58054837944225,154.37817832604608
5_d,10m,5,5_d,0,0,0.999999999996856,0,0,0,0,0,0,0,0,0,0,0,0,0,0,0,0,0,0,0,0,0,0.9999999999750557,1.8649002039489546,0,0,0,0,0,0,0,0,0,0,0,0,0,0,0,0,0,0,0,0,0,0,0,0,3,1.0512243783350634,0.6332806834179134,0.956865665146986,394.229466,168.52415141999882,511.7799442520103
104_a,10m,104,104_a,0,0,0,0,0,0,0,0,0,0,0,0,0,0,0,0,0,0,0,0,0,0,0,0,0.1744489117088526,0.709849873730744,0,0,0,0,0,0,0,0,0,0,0,0,0.030407809119443997,0,0,0,0,0,0,0,0,0,0,0,3,0.6259323523253602,0.3602826832846885,0.5697481803013529,394.229466,97.59107451016361,135.05984954022523
104_b,10m,104,104_b,0,0,0,0,0,0,0,0,0,0,0,0,0,0,0,0,0,0.0386773854756215,0,0,0,0,0,0,0.6300677993620668,1.7846369047009616,0,0,0,0,0,0,0,0,0,0,0,0,0,0,0,0,0,0,0,0,0,0,0,0,3,0.6460413880926975,0.4046585085544656,0.5880522134664254,394.22946500000006,109.77730183672627,337.9188155547551
104_c,10m,104,104_c,0,0,0,0,0,0,0,0,0,0,0,0,0,0,0,0,0,0.11543220185046392,0,0,0,0,0,0,0.1877765491147999,1.010846829279919,0,0,0,0,0,0,0,0,0,0,0,0,0,0,0,0,0,0,0,0,0,0,0,0,3,0.6934792391189302,0.380106642596027,0.6312320062973826,394.22946500000006,102.64404217114804,188.00779323112545
104_d,10m,104,104_d,0,0,0,0,0,0,0,0,0,0,0,0,0,0,0,0,0,0,0,0,0,0,0,0,0.07204489759545005,0.21982842750118461,0,0,0,0,0,0,0,0,0,0,0,0,0,0.927072113899915,0,0,0,0,0,0,0,0,0,0,3,0.6842531380829938,0.38554279535054137,0.6228340472256508,394.229466,102.3712497673235,165.68146705731215
203_a,10m,203,203_a,0,0,0,0.1548722990060797,0,0,0,0,0,0,0.8202249298167416,0,0,0,0,0,0,0,0.23050244745921805,0,0,0,0,0,1.0026430145232543,0,0,0,0,0,0,0,0,0,0,0,0,0,0.7459757045608895,0,0,0,0,0,0,0,0,0,0,0,5,1.4236429061830982,0.7351265172729398,0.884559071949531,586.331733,173.0456974578787,348.767903576492
203_b,10m,203,203_b,0,0,0,0,0,0,0,0,0,0,0,0,0,0,0,0,0,0,0,0,0,0,0,0,0.09815145053866443,0,0,0,0,0,0,0,0,0,0,0,0,0,1.2784335741833706,0.07532009570579863,0,0,0,0,0,0,0,0,0,0,3,0.4476631874992125,0.21742080607119074,0.40748059357858807,256.58688300000006,33.01343769215318,138.5853798235488
203_c,10m,203,203_c,0,0,0,0,0,0,0,0,0,0,0,0,0,0,0,0,0,0.009606064407271655,0,0,0,0,0,0,0,0.07059019777896999,0,0,0,0,0,0,0,0,0,0,0,0,0.7249098210805955,0.2047800896518534,0,0,0,0,0,0,0,0,0,0,4,0.7918089452372843,0.438649690509177,0.5711694193126754,323.83248000000003,43.61018001281501,145.06469988977244
203_d,10m,203,203_d,0,0,0,0,0,0,0,0,0.2561177058444395,0,0,0,0,0,0,0,0,0.3873105305564865,0.6649032378892347,0,0,0,0,0,0,0,0,0,0,0,0,0,0,0,0,0,0,0,1.0766190099248991,0,0,0,0,0,0,0,0,0,0,0,4,1.2499459259221684,0.6805882369650713,0.901645394353638,385.5794440000001,137.12068977236962,249.73875918271887
302_a,10m,302,302_a,0,0,0,0,0,0,0.7397857493016565,0,0,0,0.012031395855517763,0,0,0,0,0,0,0.4896347990753257,0,0,0,0,0,0,0,8.785474825985194e-4,0,0,0,0,0,0,0,0,0,0,0,0,1.0951074399309852,0,0,9.178773729767377e-5,0,0.26369931527136836,0,0,0,0,0,0,7,1.2961442257022977,0.6961499997560805,0.6660863690605349,516.7970630000001,98.91062424640302,240.7432510503416
302_b,10m,302,302_b,0,0,0,0,0,0,0.067800862239402293,0.4727512513418742,0,0,0.7610210787410876,0,0,0,0,0,0,9.656320498382508e-4,0,0,0,0,0,0,0,0,0,0,0,0,0,0,0,0,0,0,0,0,0.6612445991437264,0,0,0.1219236066070536,0,0.1106298382675047,0,0,0,0,0,0,7,1.481046502407275,0.7363969788733319,0.7611073425596157,343.87072600000005,102.69325133486277,206.56504070145664
302_c,10m,302,302_c,0,0,0,0.3621534208090576,0,0,0.0028052739861562804,0.5186446947719626,0,0,0.06369872084398157,0,0,0,0,0,0,0,0,0,0,0,0,0,0,0,0,0,0,0,0,0,0,0,0,0,0,0,0.22894277632047813,0,0,0,0,0.1975664061569285,0,0,0,0,0.9999999999941622,0,7,1.5208861613311035,0.7345757959235232,0.7815808772411473,549.628981,158.98833407063148,363.62491632628627
302_d,10m,302,302_d,0,0,0,0,0,0,0.1896081144698431,0,0,0,1.1486753557924592,0,0,0,0,0,0,0.18189001338115376,0,0,0,0,0,0,0,0,0,0,0,0,0,0,0,0,0,0,0,0,0.01470518459555163,0,0,0,0,0.42810444029858086,0,0,0,0,0,0,5,1.1285269001539617,0.5920434832006782,0.7011931876559234,338.416261,108.88057837632437,227.1800220789572
401_a,10m,401,401_a,0,1.0000000000020437,0,0,0,0,0,0,0,0,0,0,0,0,0,0,0,0,0,0,0,0,0,0,0.1580538348387151,0,0,0,0,0,0,0,0,0,0,0,0,0,0,0,0.45432807659475705,0,0,0,0,0,0,0,0,0,3,0.8808530342604678,0.5263456210572636,0.8017869846771513,363.3887870000001,126.17995084895223,195.6252748209114
401_b,10m,401,401_b,0,0,0,0,0,0,0,0,0,0,0,0,0,0,0,0,0,0,0,0,0,0,0,0,0.9472875415629449,0.9794349617913424,0,0,0,0.6234135623072479,0,0,0,0,0,0,0,0,0,0,0.16980656905238528,0,0,0,0,0,0,0,0,0,4,1.2459558489730687,0.6926063476166572,0.8987671622400222,517.9637020000001,182.50711819161228,360.4998513615832
401_c,10m,401,401_c,0,0,0,0,0,0,0,0,0,0,0,0,0,0,0,0,0,0,0,0,0,0,0,0,0.506522471322189,0.14231814182231037,0,0,0,0,0,0,0,0,0,0,0,0,0.1276116720278985,0,0,0,0,0,0,0,0,0,0,0,3,0.886429630561647,0.5138251307913202,0.8068630213815468,394.229466,133.8774881242334,110.47111306195502
401_d,10m,401,401_d,0,0,0.097308273875828,0,0,0,0,0,0,0,0,0,0,0,0,0,0,0,0,0,0,0,0,0,1.9123049579025195,0,0,0,0,0,0,0,0,0,0,0.971092337490393,0,0,1.2746211390362088,0,0,0,0,0,0,0,0,0,0,0,4,1.144117539349852,0.6557253409561667,0.8253063501070574,367.40045000000003,127.97198345181293,373.0170169946291
500_a,10m,500,500_a,0,0,0,0,0,0,0,0,0,0,0,0,0,0,0.08746786943852514,0,0,0,0,0,0,0,0,0,0,0,0,0,0,0,0,0,0,0,0,0,0,0,0,0,0,0.40797400334468886,0.2983739570354382,0,0,0,0,0,0,0,3,0.9529219758502667,0.5824436752903921,0.8673869623336645,200.45045100000013,42.01162097274752,105.0632623012943
500_b,10m,500,500_b,0,0,0.6737066557484386,0,0,0,0,0,0,0,0,0,0,0,0,0,0,0.10044403564754935,0,0,0,0,0,0,0.57388704701000115,0,0,0,0,0,0,0,0,0,0,0,0,0,0,0,0.1282728899403751,0.46843366427585104,0.04095361817982295,0,0,0,0,0,0,0,6,1.4741759213672836,0.7385548487657727,0.8227532471210569,420.08821900000015,163.91231344613757,275.78899529855374
500_c,10m,500,500_c,0,0,0.3262933442857611,0,0,0,0,0,0.9992893616265565,0,0,0,0,0,0,0,0,0.5570415052165872,0,0,0,0,0,0,0.4255709866973522,0,0,0,0,0,0,0,0,0,0,0,0,0,0,0,0.28403105551516605,0,0.10542426445721392,0,0,0,0,0,0,0,6,1.6041490140135406,0.7680133916476143,0.8952926112926627,513.2764560000002,162.31249032745671,326.21892537116696
500_d,10m,500,500_d,0,0,0,0,0,0,0,0,7.106383615104507e-4,0,0,0,0,0,0,0,0,0,0,0,0,0,0,0,0.8407611200803181,0,0,0,0,0,0,0,0,0,0,0,0,0,0,0.06387211992553728,0,0,0.5552481603078138,0,0,0,0,0,0,0,4,0.826166336295207,0.522220958955467,0.5959530381612493,346.084827,119.9109946451515,224.09497410674473
6_a,10m,6,6_a,0,0,0.428639188772427,0,0,0,0,0,0,0,0,0,0,0,0,0,0,4.529783722862281e-4,0,0,0,0,0,0,0,1.1361629268962268,0,0,0,0,0,0,0,0,0,0,0,0,0.8997499633143198,0,0,0,0,0.15285455060095282,0,0,0,0,0,0,5,1.1929714858129004,0.6632936154966761,0.7412348600690414,442.4110840000001,165.74139227449345,341.79574329079327
6_b,10m,6,6_b,0,0,0.14843362595313653,0,0,0,0,0,0,0,0,0,0,0,0,0,0,0.4063536772154574,0,0,0,0,0,0,0,0.6509519739696663,0,0,0,0,0,0,0,0,0,0,0,0,0.22794470857106766,0,0,0,0.49746590224119264,0,0,0,0,0,0,0,5,1.493343805900679,0.7559017237125831,0.9278666759143,442.4110840000001,157.00029231951078,255.09996915530937
6_c,10m,6,6_c,0,0,0.10244910912499913,0,0,0,0,0,0,0,0,0,0,0,0,0,0,0,0,0,0,0,0,0,0.1210613686692617,0.08176122841185353,0,0,0,0,0,0,0,0,0,0,0,0,0.20468778614690974,0,0,0,0.8288083837801884,0,0,0,0,0,0,0,5,1.168730218682794,0.5755971412292927,0.7261729139431146,524.584769,101.22059914184858,174.3858089868388
6_d,10m,6,6_d,0,0,0.3204780761384261,0,0,0,0,0,0,0,0,0,0,0,0,0,0,2.6191183986391735,0,0,0,0,0,0,0.2925765007432745,0.01962900441211312,0,0,0,0,0,0,0,0,0,0,0,0,2.592786947232842,0,0,0,0.04841283447405721,0.10151355873861143,0,0,0,0,0,0,7,1.1549667592927564,0.6164194191876384,0.5935355030927104,569.507502,79.79048325250976,344.3120216019977
105_a,10m,105,105_a,0,0,0,0,0,0,0,0,0,0,0,0,0,0,0,0,0,0,0,0,0,0,0,0,0.8046455907609635,0.9053841484524761,0,0,0,0,0,1.1959125959644235,0,0,0,0,0,0,0,0.504077345336699,0,0,0,0,0,0,0,0,0,0,4,1.342913754262206,0.7289807007462807,0.9687075068078324,908.417335,368.5453413468671,874.6234498906417
105_b,10m,105,105_b,0,0,0,0,0,0,0,0,0,0,0,0,0,0,0,0,0,0,0,0,0,0,0,0,1.4624683771360263,0.34896584994868496,0,0,0,0,0,0.8416174805560075,0,0,0,0,0,0,0,0,0,0,0,0,0,0,0,0,0,0,3,0.9593455354070854,0.5782008155726803,0.8732339382168547,786.012243,321.03335944452357,708.9016140297574
105_c,10m,105,105_c,0,0,0,0,0,0,0,0,0,0,0,0,0,0,0,0,0,0,0,0,0,0,0,0,0.5175041305601751,0.9418622741032138,0,0,0,0,0,1.1583825194610602,0.6888972635836655,0,0,0,0,0,0,0,0,0,0,0,0,0,0,0,0,0,4,1.3422244576513882,0.7282449884311146,0.9682102844067682,790.917235,346.24357877559856,716.6894492497242
105_d,10m,105,105_d,0,0,0,0,0,0,0,0,0,0,0,0,0,0,0,0,0,0,0,0,0,0,0,0,0.3234163357802645,0.6394317809794128,0,0,0,0,0,0.23082822907888967,0,0,0,0,0,0,0,0,0,0,0,0,0,0,0,0,0,0,3,1.0059294804019412,0.6022405570502248,0.9156364722821992,786.012243,281.71179768739034,395.0313566229226
204_a,10m,204,204_a,0,0,0,0,0,0,0,0,0.48706405524565227,0,0,0,0,0,0,0,0,0.5783066065632191,0,0,0,0,0,0,0,0.7053328759184345,0,0,0,0,0,0,0,0,0,0,0,0,0.12730166192537432,0,0,0,0,0,0,0,0,0,0,0.559046288329702,5,1.5097745671388172,0.7684480313231878,0.9380756818729633,521.0833510000002,184.61522290894004,329.7422239375517
204_b,10m,204,204_b,0,0,0,0,0,0,0,0,0,0,0,0,0,0,0,0,0,0.024776798569163427,0,0,0,0,0,0,0.006574415796046957,2.43195686130523,0,0,0,0,0,0,0,0,0,0,0,0,0.8982791279015031,0,0,0,0,0,0,0,0,0,0,0.022185483633214206,5,0.6705605986791019,0.41288058911226755,0.41664272569853394,545.6088800000002,111.28057709296152,466.61980853005633
204_c,10m,204,204_c,0,0,0,0,0,0,0,0,0,0,0,0,0,0,0,0,0,0,0,0,0,0,0,0,0.9475380099687121,1.3645030729882526,0,0,0,0,0,0,0,0,0,0,0,0,0,0.4119090433162649,0,0,0,0,0,0,0,0,0,0.010523202869696806,4,1.0206601991912545,0.6082196348911947,0.7362507039029822,505.3774730000001,162.37929888753746,373.1527557697832
204_d,10m,204,204_d,0,0,0,0,0,0,0,0,0,0,0,0,0,0,0,0,0,0,0,0,0,0,0,0,0,2.5275023742852802,0,0,0,0,0,0,0,0,0,0,0,0,0,0,0.07809866388374832,0,0,0,0,0,0,0,0,0.40824502516297717,3,0.5130396375845854,0.2776794005880845,0.4669888029439059,382.9723800000002,75.13232766569968,422.3386860913763
303_a,10m,303,303_a,0,0,0.09709793787776569,0,0,0,0,0,0,0,1.0168020867130247,0,0,0,0,0,0,0,0,0,0,0,0,0,0.04635639564005616,0,0,0,0,0,0,0,0,0,0,0,0.8042323801397344,0,0,0,0,0,0,0,0,0,0,0,0,0,4,0.9435399807773782,0.56150341894488,0.6806202255739957,461.26835000000005,115.97321832542437,219.95558281718738
303_b,10m,303,303_b,0,0,0,0.2409547407929441,0,0,0,0,0,0,0.10623555989491085,0,0,0,0,0,0,0,0.013616671045712781,0,0,0,0,0,0,0,0,0,0,0,0,0,0,0,0,0,0.16049450506444168,0,0,0,0,0,0,0,0,0,0,0,0,0,4,1.1387689302720292,0.6493569552126459,0.8214481442109431,463.9266400000001,149.32956027460693,82.21902122941897
303_c,10m,303,303_c,0,0,0,0,0,0,0.0591236431732701,0,0.07855652439900519,0,0.09965971264352766,0,0,0,0,0,0,0,0.09097764356869836,0,0,0,0,0,0,0,0,0,0,0,0,0,0,0,0,0,0,0,0.8361284588585814,0,0,0,0,0,0,0,0,0,0,0,5,0.9806198277472108,0.4638483266986718,0.6092933565011711,437.01554,95.78952424327457,221.35370992437734
303_d,10m,303,303_d,0,0,0,0,0,0,0,0,0,0,1.2506779301421673,0,0,0,0,0,0,0,0,0,0,0,0,0,0.10928516190762659,0,0,0,0,0,0,0,0,0,0,0,0.035273114804362175,0,0,0,0.29591980726639366,0,0,0,0,0,0,0,0,0,4,0.7858752653594834,0.4178509745722554,0.5668891740457125,354.46644400000014,86.47100581177759,250.32162157656265
402_a,10m,402,402_a,0,0,0.2099263603076988,0,0,0,0,0,0,0,0,0,0,0,0,0,0,0.4104344102477047,0,0,0,0,0,0,0.0810909832184081,0.04753708096993406,0,0,0,0,0,0,0,0,0,0.02890766253364514,0,0,0.9871728669950948,0,0,0,0,0,0,0,0,0,0,0,6,1.2236377607772941,0.6158823614772304,0.6829252373391809,557.051139,102.38232303818005,193.76864310225818
402_b,10m,402,402_b,0,0,0,0,0,0,0,0,0,0,0.006135899695484715,0,0,0,0,0,0,0.3024776341321985,0,0,0,0,0,0,0.5000815878505976,0.7746373632195107,0,0,0,0,0,0,0,0,0,0,0,0,0.8588466509032271,0,0,0,0,0,0,0,0,0,0,0,5,1.3301998813908982,0.718439754591115,0.8264996562552172,532.3404360000001,173.14885389690855,309.49825994533234
402_c,10m,402,402_c,0,0,0,0,0,0,0,0,0,0,0.5203097708965032,0,0,0,0,0,0,0.3738202835196759,0,0,0,0,0,0,0,0.17666462009319786,0,0,0,0,0,0,0,0,0,0,0,0,0.04412124839017356,0,0,0,0,0,0,0,0,0,0,0,4,1.1417796653848598,0.6431154094612181,0.8236199305192986,409.93534400000004,143.12226429528656,187.43372279896042
402_d,10m,402,402_d,0,0,1.739372423900038,0,0,0,0,0,0,0,0.5727341927118637,0,0,0,0,0,0,0.01188382038027312,0,0,0,0,0,0,0,2.823882477344483e-4,0,0,0,0,0,0,0,0,0,0,0,0,0.8611493862105242,0,0,0,0,0,0,0,0,0,0,0,5,1.0142189051286141,0.5964132359494434,0.6301696370472086,528.513948,137.05377401876856,393.1538404843093
501_a,10m,501,501_a,0,0,0,0,0,0,0,0,0,0,0,0,0,0,0,0,0,0.05870950123044036,0,0,0,0,0,0,0.7260800507933916,0,0,0,0,0.43849940237193363,0,0,0,0,0,0,0,0,0.13910277428929135,0.5030490243427985,0,0,0,0,0,0,0,0,0,0,5,1.3634712085560106,0.7139752628034963,0.8471722941420637,421.8816720000001,163.2849976620086,265.01521667774455
501_b,10m,501,501_b,0,0,0,0,0,0,0.9999999999941664,0,0,0,0,0,0,0,0,0,0,0,0,0,0,0,0.05491935133867197,0,2.5088026060692097,0,0,0,0,0.561500597629858,0,0,0,0,0,0,0,0,0,0,0.13548711688276263,0,0,0,0,0,0,0,0,0,5,1.0848597027159659,0.5796576649383514,0.6740612323933847,994.118946,152.08668237623039,732.7300451754496
501_c,10m,501,501_c,0,0,0.23917969900076655,0,0,0,0,0,0,0,0,0,0,0,0,0,0,0,0,0,0,0,0.9450806486360058,0,0.9178485499473088,0,0,0,0,0,0,0,0,0,0,0,0,0,0.25185954450416537,0,0,0,0,0,0,0,0,0,0,0,4,1.2050897343851261,0.6650049693838275,0.8692884918118098,891.083752,357.4115256747635,684.2459995037897
501_d,10m,501,501_d,0,0,0,0,0,0,0,0,0,0,0,0,0,0,0,0,0,0.7217776967812847,0,0,0,0,0,0,2.3219874372012583,0,0,0,0,0,0,0,0,0,0,0,0,0,0.8086657147932836,0,0,0,0,0,0,0,0,0,0,0,3,0.9466118145867444,0.5575480037150914,0.8616432060252653,285.0415910000001,123.56649500127227,427.96866246365505
600_a,10m,600,600_a,0,0,0,0,0,0,0,0,0,0,0,0,0,0,0.0858936093235349,0,0,0.7177698100969367,0,0,0,0,0,0,0.6834756889614398,0,0,0,0,0,0,0,0,0,0,0,0,0,0,0,0,0,1.0734563527181333,0,0,0,0.22590586431499715,0,0,0,5,1.3725121586949915,0.7175572266932232,0.8527897523050242,494.0691610000002,138.64528275606654,271.4143541191231
600_b,10m,600,600_b,0,0,0,0,0,0,0,0,0,0,0,0,0,0,0.4516779931478621,0,0,0,0,0,0,0,0,0,0.17517757053824606,0,0,0,0,0,0,0,0,0,0,0,0,0,0,0,0,0,0.5120846780991988,0,0,0,0,0,0,0,3,1.0141298486004182,0.6169158937320538,0.9231007690892363,342.6897460000001,133.53498110767325,140.30082428376755
600_c,10m,600,600_c,0,0,0,0,0,0,0,0,0,0,0,0,0,0,0,0,0,0,0,0,0,0,0,0,1.7050025361553387,0,0,0,0,0,0,0,0,0,0,0,0,0,0,0.042149506141604814,0,0,0.5047605912767453,0,0,0,0,0,0,0,3,0.6203095946114234,0.3761537087585952,0.5646301256683091,248.20526400000003,90.08907341983462,329.5678078318707
600_d,10m,600,600_d,0,0,0,0,0,0,0,0,0,0,0,0,0,0,0.1593452588202969,0,0,0.49607299744934147,0,0,0,0,0,0,0.2044565991235226,0,0,0,0,0,0,0,0,0,0,0,0,0,0,0,0,0,0.32374068513315396,0,0,0,0.6930444808714784,0,0,0,5,1.4736610292236725,0.7449068553495934,0.9156370791557408,494.0691610000002,155.05705191907128,232.80962872197404
7_a,10m,7,7_a,0,0,0,0,0,0,0,0,0,0,0,0,0,0,0,0,0,0.3804286230651055,0,0,0,0,0,0,0,0,0.28411586418370965,0,0,0,0,0,0,0,0,0,0,0,0.10243730646183187,0,0,0,2.1921430572474757e-4,0,0,0.03233409449005993,0,0,0,0,5,1.1163053071662494,0.6292775287549928,0.693599484976689,442.411083,145.96001690993523,183.0985616791711
7_b,10m,7,7_b,0,0,0,0,0,0,0,0,0,0,0,0,0,0,0,0,0.8988030796582164,0,0,0,0,0,0,0,0.6337159320569659,0,0.4057699296988502,0,0,0,0,0,0,0,0,0,0,0,0,0,0,0,0.1573410750215425,0,0,0.9676659055141168,0,0,0,0,5,1.4700097707714859,0.7511423819830119,0.9133684247242911,636.5423059999999,190.74327808926594,394.66718864066894
7_c,10m,7,7_c,0,0,0,0,0,0,0,0,0,0,0,0,0,0,0,0,0.09762538022100864,0,0,0,0,0,0,0,0,0,0.18751528645685064,0,0,0,0,0,0,0,0,0.2784216838064854,0,0,0,0,0,0,0,0,0,0,0,0,0,0,3,1.018206268407283,0.6152066727228689,0.9268112863016432,395.55860999999993,163.05932056007123,84.19345903429888
7_d,10m,7,7_d,0,0,0,0,0,0,0,0,0.23256005643107042,0,0,0,0,0,0,0,0,0,0,0,0,0,0,0,0,0,0.12259891965398803,0,0,0,0,0,0,0,0,0.09819749984276503,0,0,1.0000000000064435,0,0,0,0.20924397665572514,0,0,0,0,0,0,0,5,1.2011133223232604,0.5939063329859219,0.746293667524401,385.49229699999995,84.68411498652985,178.19588937541798
106_a,10m,106,106_a,0,0,0,0,0,0,0,0,0,0,0,0,0,0,0,0,0.5769406972746831,0,0,0,0,0,0,0,0.1864455559797421,1.84939318373392,0,0,0,0,0,0.7802310143488151,0,0,0,0,0,0,0,0,0,0,0,0,0,0,0.023595276514248305,0,0,0,5,1.162910076162781,0.6233083618027038,0.7225566560713148,1032.151572,302.2193655791898,804.7115056814349
106_b,10m,106,106_b,0,0,0,0,0,0,0,0,0,0,0,0,0,0,0,0,0,0,0,0,0,0,0,0,0.276834255939411,0.12690890470923327,0,0,0,0,0,0.24114624312329191,0.31110273644507097,0,0,0,0,0,0,0,0,0,0,0.4324188326111709,0,0,0,0,0,0,5,1.5427107842788745,0.7745142288787192,0.958540104194322,913.322327,368.0116600556436,629.5634051709156
106_c,10m,106,106_c,0,0,0,0,0,0,0,0,0,0,0,0,0,0,0,0,0,0,0,0,0,0,0,0,2.3172242904760902,0,0,0,0,0,0,0,0,0,0,0.702730631807077,0,0,0,0,0,0,0,0.3132130581030837,0,0,0,0,0,0,3,0.8031587367413606,0.46341526022786794,0.7310665873900437,256.58688300000006,104.68197838717056,406.23290849738186
106_d,10m,106,106_d,0,0,0,0,0,0,0,0,0,0,0,0,0,0,0,0,0,0.04135195445125242,0,0,0,0,0,0,1.7791553147692223,0.21816366297834644,0,0,0,0,0,0.07097810809225784,0,0,0,0.019070080027281184,0,0,0,0,0,0,0.15906275143783125,0,0,0,0.6684600918839415,0,0,0,7,1.1731519286241279,0.5775162427316645,0.6028808314678155,1071.573449,162.78688221623773,661.8330072570623
205_a,10m,205,205_a,0,0,0,0,0,0,0,0,0,0,0,0,0,0,0,0,0,0,0,0,0,0,0,0,0,0.7083103996412293,0,0,0,0,0,0.9025484797102028,0,0,0,0,0,0,0.11098440079381945,0,0.14904016038775697,0,0,0,0,0,0,0,0,0,4,1.0884951434820487,0.6140717627302452,0.7851832727666361,797.788941,353.47711331144177,705.9769839318448
205_b,10m,205,205_b,0,0,0,0,0,0,0,0,0,0,0,0,0,0,0,0,0,0,0,0,0,0,0,0,0.01919822018403276,0.34851944817449815,0,0,0,0,0,0.9796866386879745,0,0,0,0,0,0,0.4932862626997548,0.15694149743556796,0,0,0,0,0,0,0,0,0,0,5,1.2439067203880847,0.6618040843616001,0.772882700710592,920.194034,359.160929492987,689.0960352706019
205_c,10m,205,205_c,0,0,0,0,0,0,0,0,0,0,0,0,0,0,0,0,0,0,0,0,0,0,0,0,0.08704092804441299,0.18086288586019383,0,0,0,0,0,2.001187248640458,0,0,0,0,0,0,0.332536886971194,0,0,0,0,0,0,0,0,0,0,0,4,0.7637954505416974,0.38603260006497697,0.5509619543750292,908.417335,239.01126510777016,929.0708386163584
205_d,10m,205,205_d,0,0,0,0,0,0,0,0,0,0,0,0,0,0,0,0,0,0,0,0,0,0,0,0,1.3328242334521545,2.900494643296441,0,0,0,0,0,0.6379868272494055,0,0,0,0,0,0,0.06319244952684364,0.38605485290926983,0,0,0,0,0,0,0,0,0,0,5,1.1748394567653098,0.6202755232990818,0.7299687969873236,920.194034,246.87529675497535,1083.2986585861472
304_a,10m,304,304_a,0,0,0.30211168013066164,0,0,0,0.016568530657013407,0,0,0,0.4367272644929325,0,0,0,0,0,0,0,0.24595148877315823,0,0,0,0,0,0,0.3910073892545279,0,0,0,0,0,0,0,0,0,0,0,0,0.059724913069607866,0,0.70408019263354,0,0,0,0,0,0.6304903018841478,0,0,0,8,1.817785452121129,0.8206847576674103,0.8741700190584184,825.590513,195.35281168278755,370.92895884613586
304_b,10m,304,304_b,0,0,0.6978883198739892,0,0,0,0.9243078261576072,0,0.17826171452342862,0,0,0,0,0,0,0,0,0,0,0,0,0,0,0,0,1.508166894669298e-4,0,0,0,0,0,0,0,0,0,0,0,0,0.623109236171874,0,0,0,0,0,0,0,0.16568099160440047,0,0,0,6,1.4245528548615967,0.7332007175862638,0.7950580863821737,690.079578,161.39144299972548,307.3899079086989
304_c,10m,304,304_c,0,0,0,0,0,0,0,0,0,0,0,0,0,0,0,0,0,0,0,0,0,0,0,0,0,0.012462047828547346,0,0,0,0,0,0,0,0,0,0,0,0,0.3022490140075272,0,0.26173807872262816,0,0,0,0,0,0.02601564371774635,0,0,0,4,0.9241596546211879,0.5572743136846803,0.6666402753558225,394.74908000000005,39.25225359757591,135.36272512017177
304_d,10m,304,304_d,0,0,0,0,0,0,0,0,0,0,0.4583368856940342,0,0,0,0,0,0,0,0.6564683027834661,0,0,0,0,0,0,0.6061077973324154,0,0,0,0,0,0,0,0,0,0,0,0,0.014916836770198469,0,0.031948373954050875,0,0,0,0,0,0.17781306279547143,0,0,0,6,1.3939709024536775,0.724924386830273,0.7779899737626296,616.36288,188.00557313992184,352.91782810572977
403_a,10m,403,403_a,0,0,0.26062757600425873,0,0,0,0,0,0,0,0.7524181165944642,0,0,0,0,0,0,0,0,0,0,0,0,0,0,0,0,0,0,0,0,0,0,0,0,0,0,0,0.7430181091790954,0,0,0,0,0,0,0,0,0,0,0.9999999999738581,4,1.2987002749868286,0.7121948403714128,0.9368142231623154,446.1847780000001,156.95673150481608,309.1245463966688
403_b,10m,403,403_b,0,0,0.9029020619332447,0,0,0,0,0,0,0,0.17526728244597936,0,0,0,0,0,0,0,0,0,0,0,0,0,0.3166923645032077,0,0,0,0,0,0,0,0,0,0,0,0,0,0.6473150349465568,0,0,0,0,0,0,0,0,0,0,0,4,1.2248015344662124,0.6726372873443667,0.8835075499237988,461.268351,159.27390750672606,250.86915082338712
403_c,10m,403,403_c,0,0,0,0,0,0,0,0,0,0,0.7704405655793921,0,0,0,0,0,0,0,0,0,0,0,0,0,1.460859680440918,0,0,0,0,0,0,0,0,0,0,0,0,0,0.2989363305817352,0,0,0,0,0,0,0,0,0,0,0,3,0.9315519723334029,0.55997971570967,0.8479351468594616,342.689747,133.55955604319027,308.0123358620087
403_d,10m,403,403_d,0,0,0.166617426642161,0,0,0,0,0,0,0,0.21626884595762771,0,0,0,0,0,0,0,0,0,0,0,0,0,1.869085212423453,0,0,0,0,0,0,0,0,0,0,0,0,0,0.15720756184848503,0,0,0,0,0,0,0,0,0,0,0,4,0.7761768408396785,0.3810064795870487,0.5598932395661332,461.268351,92.53551186537054,309.62404582270426
502_a,10m,502,502_a,0,0,0.3156599260536745,0,0,0,0,0,0.8025510854833601,0,0.09304442023004746,0,0,0,0,0,0,0.48684167063663575,0,0,0,0,0,0,0.796522683118352,0,0,0,0,0,0,0,0,0,0,0,0,0,0.24740235678903433,0,0,0,0,0.03904444884660679,0,0,0.056957410896632546,0,0,0,8,1.7226292655862137,0.7901978318533994,0.8284095662504759,625.442939,172.72321853158184,372.62099438188574
502_b,10m,502,502_b,0,0,0.4535856668430565,0,0,0,0,0,0,0,0,0,0,0,0,0,0,1.6809585102193592,0,0,0,0,0,0,1.2383699238829637,0,0,0,0,0,0,0,0,0,0,0,0,0,0.27188254125020717,0,0,0,0,0,0,0,0,0,0,0,4,1.1766683947813097,0.6508090788317491,0.8487868289608863,403.6201950000001,146.9961614151035,366.10756705144865
502_c,10m,502,502_c,0,0,0,0,0,0,0,0,0,0,0.6589488895282785,0,0,0,0,0,0,0.3861253462666848,0,0,0,0,0,0,0.1376926938387082,0,0,0,0,0,0,0,0,0,0,0,0,0,0.6117089500333354,0,0,0,0,0,0,0,0,0,0,0,4,1.262320139352055,0.6967670899992853,0.9105715025287374,382.92115400000006,126.4345524290363,203.66987850813177
502_d,10m,502,502_d,0,0,0,0,0,0,0,0,0,0,1.1352885381681481,0,0,0,0,0,0,0.023756242169598964,0,0,0,0,0,0,0.007803071821210671,0,0,0,0,0,0,0,0,0,0,3.9019926945139325e-8,0,0,0.2855108059479144,0,0,0,0,0,0,0,0.29562893666702733,0,0,0,6,0.9593907502931355,0.5226846910621769,0.5354461727535731,498.08082400000006,109.66235240296646,265.42979919152435
601_a,10m,601,601_a,0,0,0,0,0,0,0,0,0,0,0.0055850045580857054,0,0,0,0.4653358601846173,0,0,0.695930012634771,0,0,0,0,0,0,0,0,0,0,0,0,0,0,0,0,0,0,0,0,0.03181753929642445,0,0,0,0.16997036058411966,0,0,0,0,0,0,0,5,1.0796435597271723,0.6098652570153371,0.670820260530789,254.3426950000002,100.59827471922056,210.87812466818866
601_b,10m,601,601_b,0,0,0,0,0,0,0,0,0,0,0,0,0,0,0,0,0,0.0034776004310703088,0,0,0,0,0,0,0.0563964351197721,0,0,0,0,0,0,0,0,0,0,0,0,0,1.827669207552288,0.3909293495581632,0,0,0.31513979715028123,0,0,0,0,0,0,0,5,0.8800890732435085,0.4654675705489507,0.5468300867303848,300.21337000000005,19.911361798013044,149.97420295515224
601_c,10m,601,601_c,0,0,0,0.030103552848451943,0,0,0,0,0,0,0,0,0,0,0,0,0,1.0695801251464507,0,0,0,0,0,0,0.11270530611255784,0,0,0,0,0,0,0,0,0,0,0,0,0,0.4216003216687624,0,0,0,0,0,0,0,0,0,0,0.013215391235183399,5,0.9245597697991557,0.5077801772470235,0.5744612840646082,514.7682020000002,69.09967746823469,161.00017692118644
601_d,10m,601,601_d,0,0,0,0.6648582155184461,0,0,0,0,0.026875566711435196,0,0.9366428916316679,0,0,0,0,0,0,0.025290851947556738,0,0,0,0,0,0,0.2557044736563048,0,0,0,0,0,0,0,0,0,0,0,0,0,0,0,0,0,0,0,0,0,0,0,0,0,5,1.103259843089298,0.6198034644263173,0.6854938824081366,462.2868240000001,144.96580472717625,234.98088268639628
700_a,10m,700,700_a,0,0,0,0,0,0,0,0,0,0,1.3579333588545568,0,0,0,0,0,0,0,0,0,0,0,0,0,0,0,0,0,0,0,0,0,0,0,0,0,0,0,0.9999999999901429,0,0,0,0,0,0,0,0.1652196767909053,0,0,0,3,0.8787408368897495,0.5489876397819942,0.7998643797759454,320.17557899999997,110.71711701104614,262.42576970455434
700_b,10m,700,700_b,0,0,0,0,0,0,0,0,0,0,0.4986006765406972,0,0,0,0,0,0,0.4843288969138455,0,0,0,0,0,0,0,0,0,0,0,0,0,0,0,0,0,0,0,0,0,0,0,0,0,0,0,0,0.39890906181874325,0,0,0,3,1.093939992886241,0.6636224402969453,0.9957470931009399,320.17557800000003,140.80852130037505,153.81510921948035
700_c,10m,700,700_c,0,0,0,0,0,0,0,0,0.31215412055301356,0,0,0,0,0,0.16652103524181344,0,0,0.032724312081391385,0,0,0,0,0,0,0,0,0,0,0,0,0,0,0,0,0,0,0,0,0.7177232755617261,0,0,0,0,0,0,0,0.38939333955627664,0,0,0,5,1.3336204494634831,0.6972835829470432,0.8286249746947534,366.9824490000002,136.88204974644296,238.84006715661172
700_d,10m,700,700_d,0,0,0,0,0,0,0,0,0,0,0.8700158357994943,0,0,0,0.1206990474734242,0,0,0,0,0,0,0,0,0,0,0,0,0,0,0,0,0,0,0,0,0.9324508602596379,0,0,0.27141048311285254,0,0,0,0,0,0,0,0.12752757657598388,0,0,0,5,1.2981626913707784,0.6789996207237549,0.8065938308905922,330.7627040000001,110.9401695841218,223.9587758344907
8_a,10m,8,8_a,0,0,0,0,0,0,0.023848081813551532,0,0.22865728724075773,0,0,0,0,0,0,0,0,0,0,0,0,0.6097517488685265,0,0,0,0,0,0,0,0,0,0,0,0,0,0.17665580127503824,0,0,0,0,0,0,0.360491066033614,0,0,0,0,0,0,0,5,1.3380312701503483,0.7008621073989114,0.831365571677581,324.72736299999997,105.38949133969385,188.18101982160996
8_b,10m,8,8_b,0,0,0,0,0,0,0.7338720582633141,0,0.1881078273598764,0,0,0,0,0,0,0,0,0,0,0,0,0.22695676247821428,0,0,0,0,0,0,0,0,0,0,0,0,0,0.44672501517518287,0,0,0,0,0,0,0,0,0,0,0,0,0,0,4,1.2430837038806792,0.6759696586182391,0.8966953474992704,312.95066399999996,124.08258355064709,192.60394836967495
8_c,10m,8,8_c,0,0,0,0,0,0,0.04648929861645895,0,0.8109911870195209,0,0,0,0,0,0,0,0,0,0,0,0,0.02996303316803897,0.9797944128167944,0,0,0,0,0,0,0,0,0,0,0,0,0,0,0,0,0,0,0.10054060376516755,0,0,0,0,0,0,0,0,5,1.0166896407569106,0.578820486744394,0.6317047914071303,865.171157,338.39320151175167,653.3658354170226
8_d,10m,8,8_d,0,0,0,0,0,0,1.0311941372658953,0,9.009856050471118e-4,0,0,0,0,0,0,0,0,0,0,0,0,0.1333284554758796,0.020205587182441687,0,0,0,0,0,0,0,0,0,0,0,0,0,0,0,0,0,0,0.3975940147584226,0.07951762083281566,0,0,0,0,0,0,0,6,1.0438244927715206,0.5493370658651748,0.5825695416702512,869.862483,112.72283122050877,497.54140230196236
107_a,10m,107,107_a,0,0,0.175110930805369,0,0,0,0.030826204412125,0,0.0665338578437579,0,0,0,0,0,0,0,0,0.9571076163537964,0,0,0,0,0,0,0.09214745706177362,0,0,0,0,0,0,0,0,0,0,5.41388438940076e-4,0,0,0.006855393941550899,0,0,0,0.2698099512677575,0,0,0,0,0,0,0,8,1.2486261873845421,0.5957766922310315,0.6004622694879242,607.9371480000001,105.2855887370358,208.20621588307554
107_b,10m,107,107_b,0,0,0.5498238279853206,0,0,0,0,0,0,0,0,0,0,0,0,0,0,0,0,0,0,0,0,0,1.2946854177901284,0,0,0,0,0,0,0,0,0,0,0.27765789978089117,0,0,0.9931446060483466,0,0,0,0,0,0,0,0,0,0,0,4,1.2509626298754648,0.6865642194899133,0.9023787912293745,367.40045000000003,153.52024577985947,347.1648897662345
107_c,10m,107,107_c,0,0,0.22289411016087113,0,0,0,0,0,0.2715982742693966,0,0,0,0,0,0,0,0,0,0,0,0,0,0,0,0,0,0,0,0,0,0,0,0,0,0,0,0,0,0,0,0,0,0.5621638159980876,0,0,0,0,0,0,0,3,1.0131994062652963,0.6063889160547231,0.922253843977694,335.036771,132.48725335990088,128.73778246404623
107_d,10m,107,107_d,0,0,0.052171131092375374,0,0,0,0.9691737955889617,0,1.4909133186620015e-5,0,0,0,0,0,0,0,0,0,0.08129025332869892,0,0,0,0,0,0,0,0,0,0,0,0,0,0,0,0,0,0.064571739088606,0,0,0,0,0.06644164319734458,0.012854387953139755,0,0,0,0,0,0,0,7,0.8634634672946873,0.38385066188281947,0.4437324445395772,571.0436940000001,83.20096555623114,231.5066717692579
206_a,10m,206,206_a,0,0,0,0,0,0,0,0,0,0,0,0,0,0,0,0,0,0,0,0,0,0,0,0,0.31880798018505846,1.3109640782475427,0,0,0,0,0,2.633958920953401,0,0,0,0,0,0,0,0.07973158535183397,0,0,0,0,0,0,0,0,0,0,4,0.9299728226306876,0.5354332268328854,0.6708335896854023,908.417335,326.0408737026101,1285.7726241449986
206_b,10m,206,206_b,0,0,0,0,0,0,0,0,0,0,0,0,0,0,0,0,0.4230593027242821,0,0,0,0,0,0,0,0.0011128157204789478,0.38854877877493366,0,0,0,0,0,1.050522630920908,0,0,0,0,0,0,0,0,0,0,0,0,0,0,0.0023518174268969765,0,0,0,5,0.9994751561913711,0.5881120128548905,0.6210088307661233,1032.151572,345.96787174407865,649.696869642447
206_c,10m,206,206_c,0,0,0,0,0,0,0,0,0,0,0,0,0,0,0,0,0,0,0,0,0,0,0,0,1.0950541143227512,0.04518269042029111,0,0,0,0,0,1.953252138437936,0,0,0,0,0,0,0,0,0,0,0.21612668410987082,0,0,0,0.30559281417231815,0,0,0,5,1.1264219682370746,0.605464244630288,0.6998853199210919,1019.565343,349.62753952734107,1046.9758431373564
206_d,10m,206,206_d,0,0,0,0,0,0,0,0,0,0,0,0,0,0,0,0,0.015237046974525473,0,0,0,0,0,0,0,0,0.1336326116795086,0,0,0,0,0,2.3919533141968863,0,0,0,0,0,0,0,0.43438049482978497,0,0,0,0,0,0,0,0,0,0,4,0.6227355240769146,0.3302838945104971,0.44920872618557717,909.7464799999999,208.9802282419357,1052.6156667392463
305_a,10m,305,305_a,0,0,0,0,0,0,0,0,0,0,0,0,0,0,0,0,0,0,0,0,0,0,0,0,0,0,0,0,0,0,0,0,0,0,0,0,0,0,0,0.09021102232022457,0.07276652767000527,0,0,0,0,0.2666977691080541,0,0,0,0,3,0.9244588610900513,0.541976529324889,0.8414787187669351,248.93390600000006,113.34393204654812,140.34589162797326
305_b,10m,305,305_b,0,0,0,0,0,0,0,0,0,0,0,0,0,0,0,0,0,0,0,0,0,0,0,0,0,0.5088074662323225,0,0,0,0,0,0,0,0,0,0,0,0,0,0,0.3924265082506222,0,0,0,0,0.6054560570622866,0,0,0,0,3,1.083360740365578,0.6566426413591304,0.9861174424682416,390.4029770000001,171.23473609580915,204.81423965588067
305_c,10m,305,305_c,0,0,0,0,0,0,0,0,0,0,0,0,0,0,0,0,0,0.15888992094900994,0,0,0,0,0,0,0.2346434227257464,0.24442247528760097,0,0,0,0,0,0.8302424068677932,0,0,0,0,0.39556223272861457,0,0.12266093247040048,0.43865611644938424,0.013981687180748116,0,0,0,0,0.10100090180268839,0,0,0,0,9,1.880288485847615,0.8134381502565785,0.85575616859664,1102.5574410000002,352.516789561102,674.8876375210015
305_d,10m,305,305_d,0,0,0,0,0,0,0,0,0,0,0,0,0,0,0,0,0,0.0020252796405402294,0,0,0,0,0,0,0.23520188356244934,0,0,0,0,0,0,0.419696676693598,0,0,0,0,0.5927864064343608,0,0.3544828773797282,0.8360684940696503,0,0.02460039874614363,0,0,0,0.02684527201858884,0,0,0,0,8,1.6084469785218873,0.7730795421531365,0.7734994931487881,959.5598820000001,227.83326373028387,504.02916442516346
404_a,10m,404,404_a,0,0,0.2205392687872369,0,0,0,0,0,0,0,0,0,0,0,0,0,0,0,0,0,0,0,0,0,0,0,0,0,0,0,0,0,0,0,0,0,0,0,0.1080228867793273,0,0,0,0,0,0,0,0,0,0,0,2,0.63330741808481394,0.44136371542548447,0.9136694714291546,237.15720800000003,104.6725864628144,38.96044173431401
404_b,10m,404,404_b,0,0,0,0,0,0,0,0,0,0,0.05038278318902445,0,0,0,0,0,0,0,0.014041862888716361,0,0,0,0,0,0.06680639724157965,0,0,0,0,0,0,0,0,0,0,0,0,0,0,0,0,0,0,0,0,0,0,0,0,0,3,0.9503801391980636,0.5819959228940133,0.8650732829051514,369.87356600000004,142.98653800448884,17.41115660260663
404_c,10m,404,404_c,0,0,1.6318173214171101,0,0,0,0,0,0,0,0.054553066549489423,0,0,0,0,0,0,0,0.08353834550167949,0,0,0,0,0,0,0,0,0,0,0,0,0,0,0,0,0,0,0,2.973506489176149e-4,0,0,0,0,0,0,0.5488300960077882,0,0,0,0.0029050439672548595,6,0.8060648419630212,0.4483808713259988,0.44987335398891387,679.3327070000001,97.53549848629042,283.5534642579309
404_d,10m,404,404_d,0,0,0.007817046862583976,0,0,0,0,0,0,0,0.23277218735841165,0,0,0,0,0,0,0,0.5840982580404539,0,0,0,0,0,0,0,0,0,0,0,0,0,0,0,0,0,0,0,0.6573829330769003,0,0,0,0,0,0,0.1275251471079233,0,0,0,0.30454202583954254,6,1.4808561293249838,0.7443789984224978,0.8264815421698215,679.3327070000001,175.23488857099554,247.53591914605968
503_a,10m,503,503_a,0,0,0,0,0,0,0,0,0,0,0,0,0,0,0,0,0.9361536215559889,0,0,0,0,0,0,0,0,0,0,0,0,0,0,0,0,0,0,0.07893272243690759,0,0,0.021716519252074202,0,0.24453791678627226,0,0,0,0,0,0,0,0,0,4,0.7862158160813673,0.4257127906727405,0.567134829464529,263.2568340000001,98.13714016758223,238.84044901177063
503_b,10m,503,503_b,0,0,0,0,0,0,0,0,0,0,1.1131463817165812,0,0,0,0,0,0,0,0,0,0,0,0,0,0.5914444437465178,0,0,0,0,0,0,0,0,0,0,0,0,0,0.08106372473497706,0,0.14148299187317664,0,0,0,0,0,0,0,0,0,4,1.0045606269727487,0.5650103799068698,0.7246373174029462,354.4664450000001,130.40997886609892,294.59935150058107
503_c,10m,503,503_c,0,0,0.26774244341225034,0,0,0,0,0,0,0,0.6864835735185609,0,0,0,0,0,0,0,0,0,0,0,0,0,0.5394703438236066,0,0,0,0,0,0,0,0,0,0,0,0,0,0,0,0.8161322179258641,0,0,0,0,0,0,0,0,0,4,1.3176475672529577,0.7188455204393758,0.9504818054576245,461.26835000000005,164.52482830448855,269.38334744572114
503_d,10m,503,503_d,0,0,0,0,0,0,0,0,0,0,0,0,0,0,0.9999999999926525,0,0.06384637846234659,0,0,0,0,0,0,0,0,0,0,0,0,0,0,0,0,0,0,0.11852960449250158,0,0,0,0,0.6823376595689616,0,0,0,0,0,0,0,0,0,4,0.9927324454115485,0.573297863099294,0.7161050879624073,357.12473400000016,107.63715882106928,227.1686549490004
602_a,10m,602,602_a,0,0,0,0.6895811865996541,0,0,0,0,0.4292069037258555,0,0.800411142878262,0,0,0,0,0,0,1.570545908274274,0,0,0,0,0,0,0.7442955263685981,0,0,0,0,0,0,0,0,0,0,0,0,0,0,0,0,0,0,1.159108055628514,0,0,0,0,0,0.016584059060422714,7,1.726128552673901,0.8064324223395836,0.8870546019362147,613.6662390000002,158.49043687951934,464.82334970496504
602_b,10m,602,602_b,0,0,0.6843400739233708,0.2503539185132801,0,0,0,0,0.19744891451179314,0,0.5135333909572752,0,0,0,0,0,0,0.9057628300781683,0,0,0,0,0,0,0.8846466026106371,0,0,0,0,0,0,0,0,0,0,0,0,0,0,0,0,0,0,0.9609555511549918,0,0,0.12679903858214955,0,0,0.970200549692461,9,2.0306360233908083,0.8569626211256636,0.9241822817459229,665.2394200000002,184.7654817224045,590.5480260947913
602_c,10m,602,602_c,0,0,0,0,0,0,0,0,0,0,0.45772250769390105,0,0,0,0,0,0,0.5053044322507058,0,0,0,0,0,0,0.6270675867554513,0,0,0,0,0,0,0,0,0,0,0.01596310603888288,0,0,0,0,0,0,0,0,0,0,0.5206146137972225,0,0,0,5,1.4134061298322684,0.7502947536342441,0.8781986051854868,494.06916200000006,172.8438805785823,282.56823243939243
602_d,10m,602,602_d,0,0,0,0,0,0,0,0,0,0,0,0,0,0,0,0,0,0.7121126947389737,0,0,0,0,0,0,0.48828581061908305,0,0,0,0,0,0,0,0,0,0,0.001900542803619379,0,0,0,0,0,0,0,0.6672731821635951,0,0,0,0,0,0,4,1.093015987578458,0.659318363505355,0.788444372445897,296.8182900000001,116.43513644240619,206.92701576068157
701_a,10m,701,701_a,0,0,0,0,0,0,0,0,1.891610541536703e-4,0,0.07961991065493539,0,0,0,0.4588773550071164,0,0,0,0,0,0,0,0,0,0,0,0,0,0,0,0,0,0,0,0,0,0,0,0,0,0,0,0,0,0,0,0,0,0,0,3,0.4219686829657706,0.2525139539067681,0.38409244764350814,14.169401000000127,3.3196389061314195,8.65560453388706
701_b,10m,701,701_b,0,0,0,0,0,0,0,0,1.4849423336113912,0,0,0,0,0,0.6292214432564245,0,0,0.09082732117774044,0,0,0,0,0,0,0,0,0,0,0,0,0,0,0,0,0,0,0,0,0.01086624133193193,0,0,0,0,0.09908949116285676,0,0,0,0,0,0,5,0.9259860598130388,0.5112576766043074,0.5753474878770473,254.3426950000002,35.90760962370672,196.25759666561405
701_c,10m,701,701_c,0,0,0,0.32662181099477583,0,0,0,0,0.23965827522045796,0,0.05777210385989242,0,0,0,0,0,0,1.0032246967136145,0,0,0,0,0,0,0,0,0,0,0,0,0,0,0,0,0,0,0,0,0,0,0,0,0,0.9009105088480033,0,0,0,0,0,0,5,1.3085416669704442,0.68935568601151,0.8130426510156064,376.28665200000006,110.81639621828114,290.8476078305045
701_d,10m,701,701_d,0,0,0,0,0,0,0,0,0,0,0,0,0,0,0.784487485439443,0,0,1.0245687071968768,0,0,0,0,0,0,0,0,0,0,0,0,0,0,0,0,0,0,0,0,0,0,0,0,0,0,0,0,0,0,0,0,2,0.6843150748703393,0.4911939271231257,0.9872579649209982,195.75912400000018,96.155692887743,177.06962776863077
800_a,10m,800,800_a,0,0,0.5707128738123965,0.25538107286677575,0,0,0.07046868974784043,0,0,0,0,0,0,0,0,0,0,0,0,0,0,0,0.20998016350069396,0,0,0,0,0,0,0,0,0,0,0,0,0,0,0,0.16434021775712954,0,0,0,0,0,0,0,0,0,0,0,5,1.404341129782568,0.7108629373401784,0.8725662039728234,911.695353,255.39362619563437,429.1364998995351
800_b,10m,800,800_b,0,0,0,0.5140438754814285,0,0,0.6993840966703214,0,0,0,0.13742826930740576,0,0,0,0,0,0,0,0,0,0,0,0,0,0,0,0,0,0,0,0,0,0,0,0,0,0,0,0.4406408963896297,0,0,0,0,0,0,0,0,0,0,0,4,1.2673959789612368,0.6988809492367318,0.9142329468449947,425.6858,152.88656128051488,207.87014609638473
800_c,10m,800,800_c,0,0,0.9999999999982405,0.9999999999914715,0,0,0.22349515607286627,0,0,0,0.4734824440864032,0,0,0,0,0,0,0,0,0,0,0,0,0,0,0,0,0,0,0,0,0,0,0,0,0.06754913977026869,0,0,0,0,0,0,0,0,0,0,0,0,0,0,5,1.3318999581729998,0.7018428045286325,0.8275559733513705,470.822931,125.9522518022832,261.43733244394593
800_d,10m,800,800_d,0,0,0,0,0,0,0.006652057510814133,0,0,0,0.1499518214722494,0,0,0,0,0,0,0,0,0,0,0,0.6122203078951809,0,0,0,0,0,0,0,0,0,0,0,0,0,0,0,0,0,0,0,0,0,0,0,0,0,0,0,3,0.5412756750077812,0.3277790517334268,0.49269035181100207,740.7490849999999,211.5069371239719,447.5992159408972
9_a,10m,9,9_a,0,0,1.0000000000113067,0,0,0,2.0459362485944275,0,0,0,0,0,0,0,0,0,0,0,0,0,0,0,0,0,0,0,0,0,0,0,0,0,0,0,0,0.1306996363055258,0,0,0,0,0,0.40036965950302245,0,0,0,0,0,0,0,0,4,1.0418859040628634,0.5808326278060167,0.7515618134818037,346.813469,128.97051891098235,431.8900961385656
9_b,10m,9,9_b,0,0,0,0,0,0,1.8611145539312428,0,0,0,0,0,0,0,0,0,0,0,0,0,0,0,0,0,0,0,0,0,0,0,0,0,0,0,0,0,0,0,0.369160256959363,0,0,0.10149572184228037,0,0,0,0,0,0,0,0,3,0.6081799058473948,0.3359893464437813,0.5535892071485153,207.535824,63.39959301079181,273.81071516551276
9_c,10m,9,9_c,0,0,0,0,0,0,1.7901605111796732,0,0,0,0,0,0,0,0,0,0,0,0,0.09173344677864632,0,0,0,0,0,0,0,0,0,0,0,0,0,0,0,0,0,0,0.4710560105569804,0,0,0,0,0,0,0,0,0,0,0,3,0.6564815555004759,0.3795607517421762,0.5975552633735364,345.348036,78.17722929586441,258.53212525033905
9_d,10m,9,9_d,0,0,1.0985981841928925,0,0,0,0.9221236278955379,0,0,0,0,0,0,0,0,0,0,0,0.9840379145600733,0.017411600089069418,0,0,0,0,0,0,0,0,0,0,0,0,0,0,0,0.09055286245597145,0,0,0,0,0,0,0,0,0,0.5573533071649759,0,0,0,0,6,1.4640003714781689,0.7516823930590935,0.8170741645969396,576.239148,178.67901766622057,435.6877507427987
108_a,10m,108,108_a,0,0,0,0,0,0,0,0,0.9982259988336974,0,0,0,0,0,0,0,0.004282893119991025,0,0.8007268229710683,0,0,0,0,0,0,0,0,0,0,0,0,0,0,0,0,0,0,0,0.848844680281829,0,0,0,0.00538828156118233,0,0,0,0,0,0,0,5,1.1167289006583854,0.6660780818227099,0.6938626784114051,469.465465,152.03387405192152,321.55239336633707
108_b,10m,108,108_b,0,0,0,0,0,0,0,0,0.26718438214478113,0,0,0,0,0,0,0,0.06056260435595631,0,0.5513339881842556,0,0,0,0,0,0,0,0,0,0,0,0,0,0,0,0,0,0,0,0.9671225153293229,0,0,0,0.6504698900838358,0,0,0,0,0,0,0,5,1.3806993553287086,0.7212648524721376,0.8578767435896614,469.465465,125.8797320924611,237.29374470657632
108_c,10m,108,108_c,0,0,0,0,0,0,0.4941572205848732,0,0,0,0,0,0,0,0,0,0.713757046369615,0,0.44866601178798365,0,0,0,0,0,0,0,0,0,0,0,0,0,0,0,0,0.06102873736812703,0,0,0.029891489036466455,0,0,0,0.1198709609116669,0,0,0,0,0,0,0,6,1.4162801776188572,0.7207033424253577,0.7904410173029721,473.477126,169.4265611343935,311.84785451261496
108_d,10m,108,108_d,0,0,0,0,0,0,0,0,0.0017740011738524972,0,0.6398237940505529,0,0,0,0,0,0.6889804933196096,0,0,0,0,0,0,0,0,0,0,0,0,0,0,0,0,0,0,0.09591612852845677,0,0,0.04397282455020334,0,0,0,0,0,0,0,0,0,0,0,5,1.0084207775996898,0.5859889609252087,0.6265670578584562,350.378173,139.5292663037345,303.0487775189643
207_a,10m,207,207_a,0,0,0,0,0,0,0,0,0,0,0,0,0,0,0,0,0.9749344939877777,0,0,0,0,0,0,0,0,0.6186990742272538,0,0,0,0,0,0.38773224206474183,0,0,0,0,0,0,0,0.13652909873639424,0,0,0,0,0,0,0,0,0,0,4,1.2041849206801374,0.6650831828542532,0.868635806689252,909.7464799999999,292.48870435330116,548.9630110117527
207_b,10m,207,207_b,0,0,0,0,0,0,0,0,0.8086798086823432,0,0,0,0,0,0,0,0,0.0015404292286705817,0,0,0,0,0,0,0,0.33326788236090915,0,0,0,0,0,0.34269673919235283,0,0,0,0,0.13364073430587134,0,0,0,0,0,0.35500061320224857,0,0,0,0,0,0,0,6,1.466125119055679,0.7368268214912356,0.818260008798687,935.8999110000001,287.2141385019291,554.9318622694343
207_c,10m,207,207_c,0,0,0,0,0,0,0,0,0.12477142429865316,0,0,0,0,0,0,0,0,0,1.9055762597014277e-4,0,0,0,0,0,0,0,0,0,0,0,0,0,0,0,0,0,1.5284096342223235,0,0,0,0,0.9335583567811808,0,0,0,0,0,0,0,0,4,0.8256542062715833,0.5183748333060778,0.5955836144385632,357.1247350000001,28.051523962857,153.18754343696716
207_d,10m,207,207_d,0,0,0,0,0,0,0,0,0,0,0,0,0,0,0,0,0,0,0,0,0,0,0,0,0,0,0,0,0,0,0,0.2546846485242713,0,0,0,0,0.13981716510068665,0,0.021092053365152724,1.0437435583599965,0,0,0,0,0,0,0,0,0,0,4,0.8303270216272635,0.4486183495420414,0.598954338208878,673.653453,191.0911842998111,410.2454141463594
306_a,10m,306,306_a,0,0,0,0,0,0,0,0,0,0,0,0,0,0,0,0,0,0.07995824614820313,0,0,0,0,0,0,0.5910913450327938,0,0,0,0,0,0,1.7484736733079471,0,0,0,0,0.01860710417402154,0,0.38618898061114293,0,0,0.6269719829697131,0,0,0,0,0,0,0,0,6,1.3170100072784896,0.6679214393276914,0.7350372803364605,836.2899520000001,354.15133623610404,969.3349906321022
306_b,10m,306,306_b,0,0,0,0,0,0,0,0,0,0,0,0,0,0,0,0,0,0.869379091526491,0,0,0,0,0,0,1.026683435644071,1.0309630796511844,0,0,0,0,0,0.7853506655105313,0,0,0,0,0.003577181029032307,0,0.13666720966114793,0.09555744530072498,0,0,0,0,0,0,0,0,0,0,7,1.5681535089453726,0.7743548586469041,0.805871488828335,972.2021390000001,321.63473288110646,872.0966233915808
306_c,10m,306,306_c,0,0,0,0,0,0,0,0,0,0,0,0,0,0,0,0,0,0.8897474618278919,0,0,0,0,0,0,0,1.7295133254840407,0,0,0,0,0,0.48572422479181504,0,0,0,0,0,0,0,0.35555848044372673,0,0,0,0,0,0,0,0,0,0,4,1.205263894945329,0.653854555774682,0.8694141221000713,826.24365,258.90822844178535,727.8656419396431
306_d,10m,306,306_d,0,0,0,0,0,0,0,0,0,0,0,0,0,0,0,0,0,0,0,0,0,0,0,0,5.899086664357445e-9,0.005188777963205391,0,0,0,0,0,1.1304629015488332,0,0,0,0,0.1788605311466342,0,0,0,0,0,0,0,0,0,0,0,0,0,4,0.4229657701510957,0.2418934743131793,0.3051053095313835,908.4173340000001,156.84862120948583,592.7005922756365
405_a,10m,405,405_a,0,0,6.820246577507029e-4,0,0,0,0,0,0,0,0.11001316023944753,0,0,0,0,0,0,0.04145140011283863,0.4159017420141055,0,0,0,0,0,0,0,0,0,0,0,0,0,0,0,0,0,0,0,0.261284921689669,0,0.0632924452991625,0,0.3832208906237274,0,0,0.047312483739930085,0,0,0,0.5479050087876184,9,1.7550318603881223,0.7976600040892412,0.798749421652572,743.1175110000003,166.96600267975015,264.41294692182964
405_b,10m,405,405_b,0,0,0.3596836071515324,0,0,0,0,0,0,0,0,0,0,0,0,0,0,0,0,0,0,0,0,0,0,0,0,0,0,0,0,0,0,0,0,0,2.0907588380285417e-4,0,0,0,0.32414843076078453,0,0.018078561187801205,0,0,0.2763322732414963,0,0,0,0.01900456754361936,6,1.2386111153662236,0.6869173043027677,0.6912820256503822,476.1166700000003,154.44349609609054,193.57731716257166
405_c,10m,405,405_c,0,0,0,0,0,0,0,0,0,0,0,0,0,0,0,0,0,0,0,0,0,0,0,0,0.03561666645996846,0,0,0,0,0,0,0,0,0,0,0,1.1918785392402254,0,0.009247387882751437,0.07372048360934894,0.4988290960061157,0.005145112845337311,0.02558760903166113,0,0,0.9999999999883445,0,0,0,0,8,1.2596355042871792,0.6681179381082245,0.6057566317875941,406.80528900000013,116.77850388667525,262.3294305844334
405_d,10m,405,405_d,0,0,0,0,0,0,0,0,0,0,1.0000000000069231,0,0,0,0,0,0,0.9585485998890679,0,0,0,0,0,0,0,0,0,0,0,0,0,0,0,0,0,0,0.5175488498271167,0,0.7661641858711481,0,0.22937953199484404,0,0.4448709240443424,0,0,0,0,0,0,0,6,1.6929433038908719,0.8028429691385038,0.9448496480502732,271.32062800000017,98.32101050310759,245.60453180034756
504_a,10m,504,504_a,0,0,0,0,0,0,0,0,0,0,0,0,0,0,0,0,0,1.3965970384142894,0,0,0,0,0,0,0.656238947625056,0.44692698897965516,0,0,0,0,0,0,0,0,0,0.03816809368811089,0,0,0,0,0.029070454499606893,0,0,0,0,0,0,0,0,0,5,1.0975289928464393,0.6079854740396486,0.6819331049475191,446.2375710000001,151.85124432986478,322.18421324115127
504_b,10m,504,504_b,0,0,0.3451008611940885,0,0,0,0,0,0,0,0,0,0,0,0,0,0,0,0,0,0,0,0,0,0.179560466910066,0,0,0,0,0,0,0,0,0,0,0,0,0,0.010383221514447833,0,0.08643875943438539,0,0,0,0,0,0,0,0,0,4,1.028117260897831,0.5885578461051123,0.7416298368748228,375.1654860000001,141.7325797522091,174.66933007106178
504_c,10m,504,504_c,0,0,0,0,0,0,0,0,0,0,0.43144665831983725,0,0,0,0,0,0,0.01955734668077969,0,0,0,0,0,0,0.08364573728551586,0,0,0,0,0,0,0,0,0,0,0,0,0,0.18702934651525835,0,0,0,0,0,0,0,0,0,0,0.03436313386799599,5,1.1442668915455607,0.5981697290368534,0.7109729941771914,494.0691610000002,127.3101658974031,146.77282590748263
504_d,10m,504,504_d,0,0,0,0,0,0,0,0,0,0,0,0,0,0,0,0,0,1.1316813383463877,0,0,0,0,0,0,0.984009752532624,0,0,0,0,0,0,0,0,0,0,0,0,0,0,0,0,0,0,0,0,0,0,0,0,0,2,0.6907092993213915,0.49756410049464783,0.9964828808268622,244.81018300000008,121.80875849632517,258.97136149094456
603_a,10m,603,603_a,0,0,0,0,0,0,0,0,0,0,0,0,0,0,0,0,0,0.28996185713212064,0,0,0,0,0.03783487105343508,0,0,0,0,0,0,0,0,0,0,0.010814412313498795,0,0.11573462809586967,0,0,0,0,0,0,0,0,0,0,0,0,0,0,4,0.9309338132050973,0.5203179064734836,0.6715267978534233,820.6559940000001,136.4963444845849,314.84796963950424
603_b,10m,603,603_b,0,0,0,0,0,0,0,0,0,0,0,0,0,0,0,0,0,0,0,0,0,0,0,0,0,0,0,0,0,0,0,0,0,0,0,0.14986631290409014,0,0,0,0,0,0,0,0,0,0,0,0,0,0,1,-0,0,0,1,0,0.14986631290409014
603_c,10m,603,603_c,0,0,0,0,0,0,0,0,0,0,0,0,0,0,0,0,0,0.6456568706066229,0,0,0,0,0,0,0,0,0,0,0,0,0,0,0,0,0,0.14986411992034548,0,0,0,0,0,0,0,0,0,0,0,0,0,0,2,0.48387251895453187,0.3057920239194323,0.6980804835181541,80.46281500000006,24.60488704910486,32.00492889679777
603_d,10m,603,603_d,0,0,0,0,0,0,0,0,0,0,0,0,0,0,0,0,0,0,0,0,0,0,0.7777915581010786,0,0,0,0,0,0,0,0,0,0,0,0,0.14862838192746952,0,0,0,0,0,0,0,0,0,0,0,0,0,0,2,0.44038728750338896,0.269388580805485,0.6353445557516815,650.100056,175.12953146740628,301.1328274460379
702_a,10m,702,702_a,0,0,0,0.9999999999979061,0,0,0,0,0,0,0,0,0,0,0.05755085426250553,0,0.01386906050611563,1.6433379902173126,0,0,0,0,0,0,0,0,0,0,0,0,0,0,0,0,0,0,0,0,0,0,0,0,0,0,0,0,0,0,0,0,4,0.7803964990713542,0.49740716519396555,0.5629370795686757,463.92663900000014,117.00601699505759,312.6316107277536
702_b,10m,702,702_b,0,0,0,0.038481315480831786,0,0,0,0,0.5069736391563566,0,0,0,0,0,0,0,0,0.7728955352731166,0,0,0,0,0,0,0.8359974108310418,0,0,0,0,0,0,0,0,0,0,0,0,0,0,0,0,0,0,0.8770429557036142,0,0,0,0,0,0,5,1.4170212492328076,0.7471016412190659,0.8804448051616459,501.49975800000004,149.58333772692086,305.0687907399737
702_c,10m,702,702_c,0,0,0,0,0,0,0,0,0,0,0,0,0,0,0,0,0,1.0290544009545652,0,0,0,0,0,0,0.16400258920693062,0,0,0,0,0,0,0,0,0.0518145272334349,0,0,0,0,0,0,0,0,0,1.2965758064965254,0,0,0,0,0,0.841829691770669,5,1.2864087036619334,0.6961253351126997,0.7992906677067025,534.4335680000002,124.88109464220653,304.0516481585661
702_d,10m,702,702_d,0,0,0,0,0,0,0,0,0,0,0,0,0,0,0,0,0.05910302598435446,0.06675075159679612,0,0,0,0,0,0,0.3384152432239016,0.9180649045318161,0,0,0,0,0,0,0,0,0,0,0,0,0,0,0,0,0,0,0,0,0,0,0,0.1399487557151862,5,1.1219251453839478,0.574986582881496,0.6970912867879182,629.1117090000001,153.58793714383035,221.25144307406345
801_a,10m,801,801_a,0,0,0,0.3348178631676462,0,0,0,0,0,0,0,0,0,0,0,0,0,0,0.817224337670142,0,0,0,0.007569700022293136,0,0,0,0,0,0,0,0,0,0,0,0,0.9391722024010811,0,0,0,0,0,0,0,0,0,0,0,0,0,0,4,1.0401995776040325,0.6226787575349704,0.750345386072066,892.412897,155.51505741028106,461.11854856865153
801_b,10m,801,801_b,0,0,0,0,0,0,0,0,0,0,0.5829195047444161,0,0,0,0,0,0,0,0,0,0,0,0,0,0,0,0,0,0,0,0,0,0,0,0,0,0,0,0,0,0,0,0,0,0,0,0,0,0,0,1,-0,0,0,1,0,0.5829195047444161
801_c,10m,801,801_c,0,0,0,0,0,0,0,0,0,0,0,0,0,0,0.1576650981301053,0,0,0.7124519783932383,0,0,0,0,0,0,0,0.011241028931343626,0,0,0,0,0,0,0,0,0,0,0,0,0,0,0,0,0,0,0,0,0,0,0,0,3,0.5354776869614779,0.31439511482485716,0.48741279565574336,369.7039350000002,63.46126997029368,124.7270951650146
801_d,10m,801,801_d,0,0,0,0,0,0,0,0,0,0,0,0,0,0,0,0,0,0,0,0,0,0,0,0,1.9999999999994427,0.2630346317868177,0,0,0,0,0,0,0,0,0,0,0,0,0,0,0,0,0,0,0,0,0,0,0,0,2,0.3593475123284873,0.20544260990295826,0.5184288739920943,271.82437400000003,55.8443088297978,307.5739860628104
900_a,10m,900,900_a,0,0,0,0,0,0,0,0,0,0,0,0.10941073835233052,0,0,0,0,0,0,0.5622892873418269,0,0,0,0.03644040309333795,0,0,0.15120742916642005,0,0,0,0,0,0,0,0.32663518887908344,0,0,0,0,0.4026186164910135,0,0,0,0,0,0,0,0,0,0.9514033097178511,0,7,1.621660530904552,0.7634251782453708,0.8333686587182991,1249.098581,201.19232517457357,527.5731572413281
900_b,10m,900,900_b,0,0,1.4292871261307543,0.2421279736189976,0,0,0,0,0,0,0,0.8264409784843382,0,0,0,0,0,0.415728379674066,0.006845023338985269,0,0,0,0.3087188625646991,0,0,0.6495083532307249,0,0,0,0,0,0,0,0.6632650011904031,0,0,0,0,0,0,0,0,0,0,0,0,0,0,0,0,8,1.8006539563930717,0.8102453743869229,0.8659315110817922,1301.6663070000002,250.42381168312556,773.5496526512386
900_c,10m,900,900_c,0,0,0,0.7578720264156396,0,0,0,0,0,0,0.8473442423519644,0,0,0,0,0,0,0.5842716203002326,0.002602905415479961,0,0,0,0.8453651023603096,0,0,0,0,0,0,0,0,0,0,0,0,0.11495827863306315,0,0,0,0,0,0,0,0,0,0,0,0,0.25931983427484934,0,7,1.643617146293471,0.7913349193810254,0.8446521269707148,1141.671875,334.5691508155292,789.6856155430553
900_d,10m,900,900_d,0,0,0,0,0,0,0,0,0,0,0,0,0,0,0,0,0,0,0.42826278392585887,0,0,0,0.018697110808958427,0,0,0,0,0,0,0,0,0,0,0,0,0.5542659176102601,0,0,0.08264260629348298,0,0,0,0,0,0,0,0,0,0.5471885115896034,0,5,1.2866478511461992,0.7003344089801802,0.7994392583931889,888.993963,167.5949455537388,443.4806059830231
10_a,10m,10,10_a,0,0,0.21520056542441005,0,0,0,0.612471985973929,0,0,0,0,0,0,0,0,0,0,0,0.01725460942849604,0.2471989012198929,0,0,0,0,0,0,0,0,0,0,0,0,0,0,0,0,0,0,0,0,0,0,0.1028989520675714,0,0,0.1498810555637691,0,0,0,0,6,1.4598490609016965,0.714784027771129,0.8147572740500958,576.239148,167.8250556634408,266.0679296811198
10_b,10m,10,10_b,0,0,0,0,0,0,1.0649705214610423,0,0,0,0,0,0,0,0,0,0,0,0.4586742677827064,0.643656051876653,0,0,0,0,0,0,0,0,0,0,0,0,0,0,0,0,0,0,0,0,0,0,0.004738994734056044,0,0,0,0,0,0,0,4,1.051634266886898,0.6271830345226554,0.7585937708333143,353.402485,126.14128972405071,255.1158242579971
10_c,10m,10,10_c,0,0,0,0,0,0,0.05634933831557492,0,0,0,0,0,0,0,0,0,0,0,0.5029063248624389,0,0,0,0,0,0,0,0,0,0,0,0,0,0,0,0,0,0,0,0,0,0,0,0.15630672154889072,0,0,0,0,0,0,0,3,0.7802960622238146,0.45213743303210896,0.7102560842185716,345.348036,110.1107826529109,108.89608654181441
10_d,10m,10,10_d,0,0,0,0,0,0,0.7261461967990207,0,0.253003007920335,0,0,0,0,0,0,0,0,0,0.974074282541058,0,0,0,0,0,0,0,0,0,0,0,0,0,0,0,0,0,0,0,0,0,0,0,0.7162502295312538,0,0,0,0,0,0,0,4,1.298311917040474,0.7118849267879321,0.9365340821206676,435.997066,162.57923179380379,312.47672950364387
109_a,10m,109,109_a,0,0,0,0,0,0,0,0,0,0,0.28769745800431185,0,0,0,0,0,0,0,0,0,0,0,0,0,0,0,0,0,0,0,0,0,0,0,0,0.5193373126773516,0,0,0,0,0,0,0,0,0,0,0,0,0,0,2,0.6513701593741945,0.45880807586526096,0.9397284987122042,195.75912599999998,89.81586793312522,78.99221068012643
109_b,10m,109,109_b,0,0,0,0,0,0,0.6228506360186755,0,0,0,0.320947703325685,0,0,0,0,0,0,0,0,0,0,0,0,0,0,0,0,0,0,0,0,0,0,0,0,0.7984393700911224,0,0,0,0,0,0,0,0,0,0,0,0,0,0,3,1.0369433553461707,0.6282339536484657,0.9438665178261362,286.40815499999997,121.0777981455616,170.93583298084081
109_c,10m,109,109_c,0,0,0.23471947237468319,0,0,0,0.010960748981079606,0,0,0,0.5721988379107924,0,0,0,0,0,0,0,0.24760936780897475,0,0,0,0,0,0,0,0,0,0,0,0,0,0,0,0,0.33751033526819707,0,0,0,0,0,0,0,0,0,0.24525539721127979,0,0,0,0,6,1.571171172665912,0.7725220998402258,0.8768873275958301,658.833729,178.37171078559211,213.98297147172926
109_d,10m,109,109_d,0,0,0,0,0,0,0,0,0.0069872530308039815,0,0.07746131351900055,0,0,0,0,0,0,0,0.05226776527530758,0,0,0,0,0,0,0,0,0,0,0,0,0,0,0,0,0.015255061762954688,0,0,0,0,0,0,0,0,0,0,0,0,0,0,4,1.0829294573651,0.6097166415220163,0.781168478886603,346.366511,133.61345162734912,130.76224250429954
208_a,10m,208,208_a,0,0,0,0,0,0,0,0,0,0,0,0,0,0,0,0,0,0.1464449148398817,0,0,0,0,0,0,0,0,0,0,0,0,0,0,0,0,0,0,0.0060461540770533565,0,0.040030302838078055,0.5301802925696586,0,0,0,0,0,0,0,0,0,0,4,0.7510154802728258,0.41761903338203943,0.5417431545102245,104.01621200000014,28.226542677932127,41.13279625135825
208_b,10m,208,208_b,0,0,0,0,0,0,0,0,0,0,0,0,0,0,0,0,0,0,0.11779236612857312,0,0,0,0,0,0,0,0,0,0,0,0,0,0,0,0,0,0.12751457324255228,0,1.3021280064747205,0,0,0,0,0,0,0,0,0,0,0,3,0.5469722176892968,0.2793348171822908,0.49787556841587166,259.2451720000001,38.07367029179582,143.3689567587429
208_c,10m,208,208_c,0,0,0,0,0,0,0,0,0,0,0.0847992330350524,0,0,0,0,0,0.532416962896283,0,0,0,0,0,0,0,0.01807902916610202,0,0,0,0,0,0,0,0,0,0,0,0,0,0.7707300242360834,0,0,0.8849393325589662,0,0,0,0,0,0,0,0,5,1.2332878185481404,0.682171662788273,0.7662848060307753,479.529828,107.82172873707907,207.8471414288813
208_d,10m,208,208_d,0,0,0,0,0,0,0,0,0,0,0,0,0,0,0.1497221904049289,0,0,0.009523822277760241,0,0,0,0,0,0,0,0,0,0,0,0,0,0,0,0,0,0.17361690544688801,0,0,2.3429863344681646e-4,0,0,0,0,0,0,1.0000000000128573,0,0,0,0,5,0.7635295352866117,0.40767442548570265,0.47440757384163773,379.27983900000015,95.101336799488,248.88087745935522
307_a,10m,307,307_a,0,0,0.14768476663876798,0,0,0,0,0,0,0,0,0,0,0,0,0,0,0,0,0,0,0,0,0,1.03674625091633,0.9999999999984279,0,0,0,0,0,1.3875766719495772,0,0,0,0,0.002475856251796606,0,0,0,0,0,0,0,0,0,0,0,0,0,5,1.2193806063955208,0.685211713213149,0.7576437692780207,1026.995938,365.27669379650445,938.1243043288694
307_b,10m,307,307_b,0,0,0,0,0,0,0,0,0,0,0,0,0,0,0,0,0.009828459040507246,0,0,0,0,0,0,0,0,0.5835041250161987,0,0,0,0,0,1.4187241634774126,0,0,0,0,0,0,0,0.09580943204095307,0,0,0,0,0,0,0,0,0,0,4,0.7875518692256358,0.4682695749172704,0.5680985880873292,909.7464799999999,293.7556005195585,754.8484656683361
307_c,10m,307,307_c,0,0,0,0,0,0,0,0,0,0,0.48313872724730744,0,0,0,0,0,0,0,0,0,0,0,0,0,0,0,0,0,0,0,0,1.0999215534372377,0,0,0,0,0.12542054448352913,0,0.6472601463011469,0.38787831012438284,0,0,0,0,0,0,0,0,0,0,5,1.4306178457416616,0.7305359823910913,0.8888928455637082,771.5330160000001,343.82877715521806,731.7598221339464
307_d,10m,307,307_d,0,0,0.5398941472796303,0,0,0,0,0,0,0,0,0,0,0,0,0,0,0,0,0,0,0,0,0,0.03446288771416382,0.1911179556957663,0,0,0,0,0,0.6962727808539948,0,0,0,0,0,0,0.017505925416411876,0,0,0,0,0,0,0,0,0,0,0,5,1.1270421212237902,0.6278654328563877,0.7002706426365098,1026.995939,358.3833450242321,529.0843256768427
406_a,10m,406,406_a,0,0,0,0,0,0,0,0,0,0,0,0,0,0,0,0,0,0,0,0,0,0,0,0,0.5607447252210005,0,0,0,0,0,0,0,0,0,0,0,0.23620766775913893,0,0,0,1.3817671948409604,0,0,0,0,0,0,0,0,0,3,0.8789936023298577,0.5197817170677387,0.8000944567946674,256.5868810000002,96.82130174107111,198.32080400762428
406_b,10m,406,406_b,0,0,0,0,0,0,0,0,0,0,0,0,0,0,0,0,0,0,0,0,0,0,0,0,1.1380901049794825,0.9063065080025966,0,0,0,0,0,0.26109102677496315,0,0,0,0,0.437940696880207,0,0,0,0.2081695871927311,0.34328250549939,0,0,0,0,0,0,0,0,6,1.6014583168149414,0.7662377307004715,0.8937909045932928,931.9707310000001,243.563548119806,672.2788785924731
406_c,10m,406,406_c,0,0,0,0,0,0,0,0,0,0,0,0,0,0,0,0,0,0,0,0,0,0,0,0,0.17436337020068046,0.09375916634498001,0,0,0,0,0,0.09309222182359869,0,0,0,0,0.6382987871945772,0,0,0,0.03297335988171349,0,0,0,0,0,0,0,0,0,5,1.1424566003626213,0.5718953028152096,0.709848197023506,920.1940320000001,201.78238624976433,385.52430538235944
406_d,10m,406,406_d,0,0,0,0,0,0,0,0,0,0,0,0,0,0,0,0,0,0,0,0,0,0,0,0,0,0.9497482539995779,0,0,0,0,0,0.28916270732142785,0,0,0,0,0.011939286681928389,0,0,0,0.18545931205972288,0,0,0,0,0,0,0,0,0,4,0.9003320793173165,0.5054862517425682,0.6494523129921708,797.7889400000001,258.5181532052901,538.6727410949037
505_a,10m,505,505_a,0,0,0,0,0,0,0,0,0,0,0.4373580659467594,0,0,0,0,0,0,0.3613297843209325,0,0,0,0,0,0,1.4957543779576457,0.6875336369358315,0,0,0,0,0,0.04624823477834199,0,0,0,0,0,0,0,0,0,0,0,0,0,0,0,0,0,0,5,1.2820110274749505,0.6691475316231356,0.7965582378608491,1006.2968970000001,183.6082570982807,596.9108248812532
505_b,10m,505,505_b,0,0,0,0,0,0,0,0,0,0,0.22576799410972695,0,0,0,0,0,0,0.006048729072183228,0,0,0,0,0,0,0,0.31246636308022663,0,0,0,0,0,0,0,0,0,0,0,0,1.8776603518498258e-4,0,0,0,0.056235541442142045,0,0,0,0,0,0,0.09128022002197135,6,1.2392863798573965,0.6655757209593258,0.6916588979386386,532.8600500000002,170.7122723446955,199.75499109686058
505_c,10m,505,505_c,0,0,0,0,0,0,0,0,0,0,0,0,0,0,0,0,0,0,0,0,0,0,0,0,1.7651508730104375,0.5993821613730778,0,0,0,0.05526051602839506,0,0,0,0,0,0,0.26883225777222697,0,0,0,0,0,0.07200647371583266,0,0,0,0,0,0,0,5,1.0177771936471978,0.533462307678507,0.632380526011047,529.7404010000001,138.73781757251712,432.51385607216906
505_d,10m,505,505_d,0,0,0,0,0,0,0,0,0,0,0.36346648897640277,0,0,0,0,0,0,0,0,0,0,0,0,0,0.5292221594454688,0.7886433921423974,0,0,0,0,0,0.8197210423134453,0,0,0,0,4.019329348896302e-4,0,0,0,0,0,0,0,0,0,0,0,0,0,5,1.339816098788881,0.7273438465467967,0.8324745480629038,1006.2968970000001,362.72079493126193,701.2018301864827
604_a,10m,604,604_a,0,0,0,0,0,0,0,0,0,0,0,0,0,0,0,0,0,0,0,0,0,0,0,0,0,0.11910339692925549,0,0,0,0,0,0,0,0,0,0.06373292343853759,0,0,0,0,0,0,0,0,0,0,0,0,0,0,2,0.6465626179309265,0.4541434334735549,0.9327926825131333,271.82437400000003,123.44725451015974,24.8496841642194
604_b,10m,604,604_b,0,0,0,0,0,0,0,0,0,0,0,0,0,0,0,0,0,0.37562222041768123,0,0,0,0,0,0,0,0.5530730110175652,0,0,0,0,0,0,0,0,0,0.1106931677907392,0,0,0,0,0,0,0,0,0,0,0,0,0,0,3,0.9420477415724036,0.5749118032003495,0.8574888077344234,312.055781,141.5450979289324,190.41529392214153
604_c,10m,604,604_c,0,0,0,0,0,0,0,0,0,0,0,0,0,0,0,0,0,0.04453494702706638,0,0,0,0,0,0,0,0,0,0,0,0,0,0,0,0,0,0,0,0,0,0,0,0,0,0,0,0,0,0,0,0,1,-0,0,0,1,0,0.04453494702706638
604_d,10m,604,604_d,0,0,0,0,0,0,0,0,0,0,0,0,0,0,0,0,0,0,0,0,0,0,0,0,0,0.12408331361869743,0,0,0,0,0,0,0,0,0,0,0,0,0,0,0,0,0,0,0,0,0,0,0,0,1,-0,0,0,1,0,0.12408331361869743
703_a,10m,703,703_a,0,0,0,0,0,0,0,0,0,0,0,0,0,0,0,0,0,0.5621293394457577,0,0,0,0,0,0,1.0879359342700359,1.2126171105874564,0,0,0,0,0,0,0,0,0,0,0,0,0,0,0,0,0,0,0,0,0,0,0,0,3,1.051177967591455,0.637577521381185,0.9568234202676167,394.22946500000006,169.27715983075763,380.29292956661965
703_b,10m,703,703_b,0,0,0,0,0,0,0,0,0,0,0,0,0,0,0,0,0,0.8445048325614262,0,0,0,0,5.798310341358681e-5,0,0,1.0761090220368357,0,0,0,0,0,0,0,0.9373710604441997,0,6.394269904600971e-4,0,0,0,0,0,0,0,0,0,0,0,0,0,0.018221552464828428,6,1.1271601955953012,0.6677133143035029,0.62908008298732,1067.716188,179.12124781251168,589.2828737915053
703_c,10m,703,703_c,0,0,0,0,0,0,0,0,0,0,0,0,0,0,0,0,0,0.010965371156263897,0,0,0,0,0.18431558777341578,0,0,0.21549774584567713,0,0,0,0,0,0,0,0,0,0.007346930487763903,0,0,0,0,0,0,0,0,0,0,0.0641041704170918,0,0,0,5,1.1455804420236997,0.6357915133037856,0.7117891489775666,937.391658,350.83301877057164,381.88095741228824
703_d,10m,703,703_d,0,0,0,0,0,0,0,0,0,0,0,0,0,0,0,0,0,0.023811985206511458,0,0,0,0,0,0,0.704601306117688,0.5797159041974861,0,0,0,0,0,0,0,0,0,0,0,0,0,0,0,0,0,0,0,0,0.13027338009613496,0,0,0,4,1.0012405546829481,0.5891392531874831,0.7222423914890022,505.37747300000007,157.15880864718142,206.92770446834805
802_a,10m,802,802_a,0,0,0,0,0,0,0,0,0,0,0,0,0,0,0,0,0,0,0,0,0,0,0,0,0,1.5666949852382568,0,0,0,0,0,0,0,0.9342883802507137,0,0,0,0,0,0,0,0,0,0,0,0,0,0,0,0,2,0.6608275711100453,0.4680301062959953,0.9533726597231612,271.824374,127.22199065706236,339.9141188542263
802_b,10m,802,802_b,0,0,0,0,0,0,0,0,0,0,0,0,0,0,2.965622049052251e-4,0,0.29798204179590226,0.3529535921241835,0,0,0,0,0,0,0,0.159029353985425,0,0,0,0,0,0,0,0.041585902256135274,0,0,0,0,0,0,0,0,0,0,0,0,0,0,0,0,5,1.1959981034843665,0.6687227912421803,0.7431154033618788,623.7627030000001,173.85289979741654,136.51286546858066
802_c,10m,802,802_c,0,0,0,0,0,0,0,0,0,0,0,0,0,0,0,0,0.6290458716679137,0,0,0,0,0,0,0,0.44636163905983,0.08193509543532145,0,0,0,0,0,0,0,0,0,0,0,0,0,0,0,0,0,0,0,0,0,0,0,0,3,0.8862956118724477,0.5508198020839365,0.8067410323135363,395.558611,139.51498457724296,156.37865581663493
802_d,10m,802,802_d,0,0,0,0,0,0,0,0,0,0,0,0,0,0,0,0,0,0,0,0,0,0,0,0,0,0,0,0,0,0,0,0,0,0.024125717486961334,0,0,0,0,0,0,0,0,0,0,0,0,0,0,0,0,1,-0,0,0,1,0,0.024125717486961334
901_a,10m,901,901_a,0,0,0,0,0,0,0,0,0,0,0,0,0,0,0,0,0,0,0,0,0,0,2.5929836030313176,0,0.7307006357213324,0,0,0,0,0,0,0,0,0,0,0.26694353836527307,0,0,0.3385942948688543,0,0,0,0,0,0,0,0,0,0.16959216024821705,0,5,1.1127568881810272,0.5552363011163464,0.6913947282987158,887.664818,321.4932698724517,1274.6082812079526
901_b,10m,901,901_b,0,0,0,0.6651821368772528,0,0,0,0,0,0,0.0027039361222607463,0,0,0,0,0,0,0,0.1827756623928737,0,0,0,0.0921248732493924,0,0.0168168870467524,0,0,0,0,0,0,0,0,0,0,0.09664180696552668,0,0,0,0,0,0,0,0,0,0,0,0,0.07249618423504207,0,7,1.2748345339041238,0.6081442746193686,0.655135353769043,1223.84556,208.6410329723836,378.447830944985
901_c,10m,901,901_c,0,0,0,0,0,0,0,0,0,0,0,0,0,0,0,0,0,0,0,0,0,0,0.9999064172637296,0,0.22532545285392427,0,0,0,0,0,0,0,0,0,0,0.09180158398890467,0,0,0,0,0,0,0,0,0,0,0,0,0,0,3,0.6968665052347647,0.3894696741541124,0.634315228787039,772.505148,243.52790598264372,566.4825090493888
901_d,10m,901,901_d,0,0,0,0,0,0,0,0,0,0,0,0,0,0,0.7048552748562804,0,0,0.030041547178858652,0,0,0,0,0.10741070556038046,0,0.25244787952685366,0,0,0,0,0,0,0,0,0,0,0,0,0,0,0,0,0,0,0,0,0,0,0,0,0,4,0.9482419798452211,0.5219061228947404,0.6840120009427164,870.3847090000002,197.76087839613763,364.9166028245823
1000_a,10m,1000,1000_a,0,0,0.14307196021316312,0,0,0,0,0,0,0,0,0,0,0,0,0,0,0,0,0,0,0,0,0,0,0,0,0,0,0,0,0,0,0,0.04998770095234492,0,0,0,0.7605471595526612,0,0,0.6635543111218353,0,0,0,0.21801663287046236,0,0,0,0,5,1.2830212183826657,0.6765808919048522,0.797185904762387,464.339974,95.28173113393237,181.09609359288334
1000_b,10m,1000,1000_b,0,0,0.8628452095291498,0,0,0,0,0,0,0,0,0,0,0,0,0,0,0,0,0,0,0,0.5498658320683464,0,0,0,0,0,0,0,0,0,0,0,4.2404552843176553e-4,0,0,0,0.1028998674728707,0,0,0,0,0,0,0.132239936865148,0,0,0,0,5,1.082749642837097,0.6043410449366818,0.6727501784766308,984.0847269999999,324.5213077596043,522.1863621217196
1000_c,10m,1000,1000_c,0,0,0.8223871218455879,0,0,0,0,0,0,0,0,0,0,0,0,0,0,0,0,0,0,0,0.3949966540534043,0,0,0,0,0,0,0,0,0,0,0,0.17731260671564253,0.025391326716767845,0,0,0.4823145330025135,0,0,0,0,0,0,0.255358620077763,0,0,0,0,6,1.5235480019967524,0.7503694719777403,0.8503083299753085,988.0963889999999,297.10143711535466,597.8609509427531
1000_d,10m,1000,1000_d,0,0,0,0,0,0,0,0,0,0,0,0,0,0,0,0,0,0,0,0,0,0,0,0,0,0,0,0,0,0,0,0,0,0,0.7722756468093128,0,0,0,0,0,0,0,0,0,0,1.180538814432647,0,0,0,0,2,0.6711312587159336,0.47814612568850456,0.9682377387350454,237.157208,113.39580018430281,231.5620126850837
11_a,10m,11,11_a,0,0,0,0,0,0,0.5453939869898786,0,0.7469969921048142,0,0,0,0,0,0,0,0,0,0.879188049344209,0,0,0,0,0,0,0,0,0,0,0,0,0,0,0,0,0,0,0,0,0,0,0,0.01980510211880893,0,0,0,0,0,0,0,4,1.1219507587472335,0.6608148249069211,0.8093163978831218,435.997066,151.75202923337278,260.9633722959736
11_b,10m,11,11_b,0,0,0,0,0,0,0.26740581395095714,0,0,0,0,0,0,0,0,0,0,0,0.789258617339168,0,0,0,0,0,0,0,0,0,0,0,0,0,0,0,0,0,0,0,0.31773038017289595,0,0,0,0,0,0,0,0,0,0,0,3,0.975602114063495,0.578928528597023,0.8880313138006631,345.348036,138.61492419389563,180.78586152105703
11_c,10m,11,11_c,0,0,0,0,0,0,1.7325941860819758,0,0,0,0,0,0,0,0,0,0,0,0,0,0,0,0,0,0,0,0,0,0,0,0,0,0,0,0,0,0,0,0.7544442712687536,0,0,0,0,0,0,0,0,0,0,0,2,0.6136764722493573,0.42265792037591565,0.8853480032243813,195.75912499999998,82.73914466710892,243.4302356370893
11_d,10m,11,11_d,0,0,0,0,0,0,0.6648454449920125,0,0,0,0,0,0,0,0,0,0,0,0,0,0,0,0,0,0,0,0,0,0,0,0,0,0,0,0,0,0,0,0.025593894874216625,0,0,0,0,0,0,0,0,0,0,0,2,0.15851468944256114,0.071389775755057,0.2286883563668371,195.75912499999998,13.975200035756188,67.57990019926952
110_a,10m,110,110_a,0,0,0,0,0,0,0,0,0,0,0,0,0,0,0,0,0,0,0.16770429915755578,0,0,0,0.301753570498177,0,0,0,0,0,0,0,0,0,0,0,0,0,0,0,0,0,0,0,0,0,0,0,0,0,0,0,2,0.6518075963512711,0.45923328922311357,0.940359586869734,650.100056,298.5475870410104,152.59729367641629
110_b,10m,110,110_b,0,0,0.45148177795729066,0,0,0,0.03882141496084803,0,0,0,0,0,0,0,0,0,0,0,0.5483806532824737,0,0,0,0,0,0,0,0,0,0,0,0,0,0,0,0,0,0,0,0,0,0,0,0,0,0,0.047510240018227894,0,0,0,0,4,0.9659140649948258,0.5691524987156396,0.6967597157464676,470.305136,139.09232760347726,143.95696812262975
110_c,10m,110,110_c,0,0,0,0,0,0,2.1182282094893625,0,0,0,0,0,0,0,0,0,0,0,0,0,0,0,0,0,0,0,0,0,0,0,0,0,0,0,0,0,0,0,0,0,0,0,0,0,0,0,0,0,0,0,1,-0,0,0,1,0,2.1182282094893625
110_d,10m,110,110_d,0,0,0,0,0,0,0.036014935278291346,0,0,0,0,0,0,0,0,0,0,0,0.022611127974529098,0,0,0,0.15954374795703874,0,0,0,0,0,0,0,0,0,0,0,0,0,0,0,0,0,0,0,0.019461262180300157,0,0,0,0,0,0,0,4,0.9821960892776194,0.5105010107779897,0.7085047135906776,871.713855,302.71009729587973,287.2579213364318
209_a,10m,209,209_a,0,0,0,0,0,0,0,0,0,0,0,0,0,0,0.1892937396176405,0,0.22885710177614427,0,0,0,0,0,0,0,0.12134358373224605,0,0,0,0,0,0,0,0,0,0,0.1252779094305079,0,0,0,0,0,0,0,0,0,0,0,0,0,0,4,1.3497588599303152,0.7315670098689515,0.9736452068087034,467.7531280000001,175.03092020459164,99.81534075238625
209_b,10m,209,209_b,0,0,0,0,0,0,0,0,0.20105493709157893,0,0.01707166015825244,0,0,0,0,0,0.5830373237204383,0,0,0,0,0,0,0,0.860577387109707,0,0,0,0,0,0,0,0,0,0,0.5283144649264289,0,0,0,0,0,0.115060667484616,0,0,0,0,0,0,0,0,6,1.4518795263552222,0.733964584867645,0.8103093921310411,480.548302,172.7195358158099,394.09835118185117
209_c,10m,209,209_c,0,0,0,0,0,0,0.6328899568192266,0,0.8295939545428772,0,0,0,0,0,0,0,1.14652123130005,0,0,0,0,0,0,0,0,0,0,0,0,0,0,0,0,0,0,0.28825215130998466,0,0,0,0,0,0,0,0,0,0,0,0,0,0,4,1.2868378645525465,0.7037947946157155,0.9282573028090512,435.99706599999996,160.6954105426365,335.73587868593404
209_d,10m,209,209_d,0,0,0,0,0,0,0.01991693403294302,0,0.015382268873810565,0,0,0,0,0,0.06307756706000477,0,0.04158434325625716,0.10087990141249577,0,0,0,0,0,0,0,0,0,0,0,0,0,0,0,0,0,0.03590812573233957,0,0,0,0,0,0,0,0,0,0,0,0,0,0,6,1.6046854405649211,0.7674962348467776,0.8955919966513524,482.80393600000014,147.32615496425987,187.77687030695262
308_a,10m,308,308_a,0,0,0,0,0,0,0,0,0,0,0,0,0,0,0,0,0,0.9999999999836354,0,0,0,0,0,0,0.968526239072411,0.0052473628896416566,0,0,0,0,0,0.5578949904684314,0,0,0,0,0,0,0.3752515663899803,0.009755066138349826,0,0,0,0,0,0,0,0,0,0,6,1.3437255740053844,0.7190281047570901,0.7499475220210795,960.4254410000001,286.4264973193624,658.6483494608411
308_b,10m,308,308_b,0,0,0,0,0,0,0,0,0,0,0.516861272734123,0,0,0,0,0,0,0.7056381301117021,0,0,0,0,0,0,0,0,0,0,0,0,0,0,0,0,0,0,0.8745794554448977,0,0.3286936589140712,0.01592033299807983,0,0,0,0,0,0,0,0,0,0,5,1.3579312067487157,0.725211283725582,0.843730097481668,259.5439300000001,90.97827055114614,179.43990769179956
308_c,10m,308,308_c,0,0,0,0,0,0,0,0,0,0,0,0,0,0,0.8502778095249622,0,0,0.1383931326281477,0,0,0,0,0,0,0,0,0,0,0,0,0,0,0,0,0,1.3948006950179854,0,0,0,0,0,0,0,0,0,0,0,0,0,0,3,0.8465231960469715,0.5269100907176696,0.7705386192914739,235.9905320000002,95.31222154466244,202.55552085934298
308_d,10m,308,308_d,0,0,0,0,0,0,0,0,0,0,0,0,0,0,0,0,0,0,0,0,0,0,0,0,0.05231016842586793,0.21494985911972944,0,0,0,0,0,0.08936454376185218,0,0,0,0.05668477567565322,0,0,0,0.9031709742194819,0,0,0,0,0,0,0,0,0,0,5,1.0006068008653501,0.4946359343796778,0.6217119611355749,920.194034,166.09076651788382,389.24254512893975
407_a,10m,407,407_a,0,0,0,0,0,0,0,0,0,0,0,0,0,0,0,0,0,0,0,0,0,0,0,0,0.6900168135120923,1.2474990480949406,0,0,0,0,0,1.6492968120174967,0,0,0,0,0,0,0,0,0,0,0,0,0,0,0,0,0,0,3,1.041658248062273,0.6305888941273312,0.9481581981256696,786.012243,359.32601727174654,988.5738340247991
407_b,10m,407,407_b,0,0,0.05341010495394167,0,0,0,0,0,0,0,0,0,0,0,0,0,0,0,0,0,0,0,0,0,1.2201128385526734,1.018509899706941,0,0,0,0,0,0.46275466032725626,0,0,0,0,0.06775005914971857,0,0,0,0,0,0,0,0,0,0,0,0,0,5,1.1914067806614825,0.6551124014807684,0.7402626540961801,1026.995938,280.7422137979645,659.0327745523202
407_c,10m,407,407_c,0,0,0.2590109811729586,0,0,0,0,0,0,0,0,0,0,0,0,0,0,0,0,0,0,0,0,0,0.23922166032802997,1.5887318164174835,0,0,0,0,0,1.355436292692675,0,0,0,0,0,0,0.04008109992250883,0,0,0,0,0,0,0,0,0,0,0,5,1.1539333653960837,0.6300037127286751,0.7169791120745284,1026.995939,350.72481306476857,927.7319154023535
407_d,10m,407,407_d,0,0,0,0,0,0,0,0,0,0,0,0,0,0,0,0,0,0,0,0,0,0,0,0,0.639539060582631,0.27326292079867337,0,0,0,0,0,1.0750309186983478,0,0,0,0,0,0,0,0,0,0,0,0,0,0,0,0,0,0,3,0.9700721754683859,0.5851239383796084,0.8829977467705572,786.012243,346.92906548868456,662.63758481123
506_a,10m,506,506_a,0,0,0,0,0,0,0,0,0,0,0,0,0,0,0,0,0,0,0,0,0,0,0,0,0,1.3525555853076054,0,0,0,0,0,0.9465488466108708,0,0,0,0,0.0052169643293636285,0,0,0,0,0,0,0,0,0,0,0,0,0,3,0.6919892499128426,0.4867342064842922,0.6298757596747511,786.012242,315.42056632009883,681.3514067587408
506_b,10m,506,506_b,0,0,0,0,0,0,0,0,0,0,0,0,0,0,0,0,0,0,0,0,0,0,0,0,0.4392552746256517,0.1840749876614105,0,0,0,0.9447394840473095,0,0,0,0,0,0,0.43190657047999875,0,0,0,0.07002865882627118,0,0,0,0,0,0,0,0,0,5,1.343685164622519,0.6940879630256057,0.8348785338294541,529.7404000000001,172.276739329031,325.7283632805667
506_c,10m,506,506_c,0,0,0,0,0,0,0,0,0,0,0,0,0,0,0,0,0,0,0,0,0,0,0,0,0,2.0166156462027938,0,0,0,0,0,1.9691406047459574,0,0,0,0,0,0,0,0,0.005952383012190991,0,0,0,0,0,0,0,0,0,3,0.7032377253417824,0.5014171246473207,0.6401145632499202,786.012242,325.40135344116527,1104.0986939095465
506_d,10m,506,506_d,0,0,0,0,0,0,0,0,0,0,0,0,0,0,0,0,0,0,0,0,0,0,0,0,0.022004420178539496,1.7503024274090115,0,0,0,0,0,0.40908034393766934,0,0,0,0,0,0,0,0,0,0,0,0,0,0,0,0,0,0,3,0.5369205601359318,0.32091553850268784,0.4887261554181789,786.012243,202.50376308468964,562.9875179418888
605_a,10m,605,605_a,0,0,0,0,0,0,0,0,0,0,0,0,0,0,0,0,0,0,0,0,0,0,0,0,0.20983150872385425,1.5438026215352572,0,0,0,0,0,0,0,0,0,0,0,0,0,0,0,0,0,0,0,0,0,0,0,0,2,0.3662375132442058,0.2106757236069574,0.5283690441449218,271.82437400000003,57.26679668645818,238.3402498413587
605_b,10m,605,605_b,0,0,0,0,0,0,0,0,0,0,0.11211611185867998,0,0,0,0,0,0,0.018971725262398327,0,0,0,0,0,0,0.18830148431473342,0.42230140441929837,0,0,0,0,0,0.9537517651723073,0,0,0,0,0,0,0,0,0,0,0,0,0,0,0,0,0,0,5,1.1438088959012225,0.6046761782874599,0.710688425483488,1006.2968970000001,349.96811738912163,630.4632911264423
605_c,10m,605,605_c,0,0,0,0,0,0,0,0,0,0,0.08705933301256648,0,0,0,0,0,0,0,0,0,0,0,0,0,0.26910807662314407,1.7137038000175335,0,0,0,0,0,0.18027895758502416,0,0,0,0,2.417390234752311e-4,0,0,0,0,0,0,0,0,0,0,0,0,0,5,0.7904619032044444,0.3978829063699113,0.49114159489939974,1006.2968970000001,163.6550929175414,560.1685661984931
605_d,10m,605,605_d,0,0,0,0,0,0,0,0,0,0,0,0,0,0,0,0,0,0,0,0,0,0,0,0,1.6927398444745512,1.5170432984703284,0,0,0,0,0,0,0,0,0,0,0.12845049483950804,0,0,0,0,0,0,0,0,0,0,0,0,0,3,0.8281131555048815,0.534872637418023,0.7537810782262733,394.22946500000006,144.33724045641756,442.6147383735942
704_a,10m,704,704_a,0,0,0,0,0,0,0,0,0,0,0,0,0,0,0,0,0,0,0,0,0,0,0,0,0.01109158612545702,0.4784393794852202,0,0,0,0,0,0,0,0,0,0.20854898278150488,0,0,0,0,0,0,0,0,0,0.5804681761684626,0.5036334734762489,0,0,0,5,1.3581957261226594,0.7282546018467553,0.8438944526095671,623.9560779999999,185.41346057228336,239.1363553749505
704_b,10m,704,704_b,0,0,0,0,0,0,0,0,0,0,0,0,0,0,0,0,0,0,0,0,0,0,0,0,0,0.5401775930407753,0,0,0,0,0,0,0,0,0,0,0,0,0,0,0,0,0,0,0,0.41953182384670423,0.30198897601414243,0,0,0,3,1.0715461990957713,0.6488459372072733,0.975363383559862,390.40297799999996,170.8539940859743,176.30723024303032
704_c,10m,704,704_c,0,0,0,0,0,0,0,0,0,0,0,0,0,0,0,0,0,0.02032038312576801,0,0,0,0,0,0,0.004151054482257762,0.3988949897528997,0,0,0,0,0,0.5099668053215406,0,0,0,0,0,0,0,0,0,0,0,0,0,0,0,0,0,0,4,0.8009650214970057,0.5183007199038812,0.577774132219626,908.4173340000001,328.391040095025,425.61977934095876
704_d,10m,704,704_d,0,0,0,0,0,0,0,0,0,0,0,0,0,0,0,0,1.0000000000040932,0.7552703051099237,0,0,0,0,0,0,0.09909333163316489,1.0010107097852587,0,0,0,0,0,0.24961281790470366,0,0,0,0,0,0,0,0,0,0,0,0,0,0,0,0,0,0,5,1.3863036479022062,0.7256926948323785,0.8613588863490684,1032.151571,248.45529243225064,648.1438400286481
803_a,10m,803,803_a,0,0,0,0,0,0,0,0,0,0,0,0,0,0,0,0,0,0,0,0,0,0,0,0,0,0.981058870150219,0,0,0,0,0,0,0,0,0,0,0,0,0,0,0,0,0,0,0,0,0,0,0,0,1,-0,0,0,1,0,0.981058870150219
803_b,10m,803,803_b,0,0,0,0,0,0,0,0,0,0,0,0,0,0,0,0,0,0,0,0,0,0,0,0,0.12728718337327272,0.018941129827423304,0,0,0,0,0,0,0,0,0,0,0,0,0,0,0,0,0,0,0,0,0,0,0,0,2,0.3854945765431445,0.22550574602528783,0.5561511138683856,271.82437400000003,61.29795824672689,19.87420984842757
803_c,10m,803,803_c,0,0,0,0,0,0,0,0,0,0,0,0,0,0,0,0,0,0,0,0,0,0,0,0,0.2842742106322451,1.7753957296134688,0,0,0,0,0,0,0,0,0,0,0,0,0,0,0,0,0,0,0,0.06894338501672433,0,0,0,0,3,0.5313027608193112,0.28545601209244476,0.4836126141128733,394.229466,77.36020192859775,298.0406436936581
803_d,10m,803,803_d,0,0,0,0,0,0,0,0,0,0,0,0,0,0,0,0,0,0,0,0,0,0,0,0,0,0.03233149157269455,0,0,0,0,0,0,0,0,0,0,0,0,0,0,0,0,0,0,0,0,0,0,0,0,1,-0,0,0,1,0,0.03233149157269455
902_a,10m,902,902_a,0,0,0,0,0,0,0,0,0,0,0,0,0,0,0.295144725191813,0,0,1.843217624724825,0,0,0,0,0,0,0,0,0,0,0,0,0,0,0,0,0,0.3830097371097977,0,0,0,0,0,0,0,0.7795993238474416,0,0,0,0,0,0,4,1.1320182130202567,0.6109698232768569,0.8165785310601553,247.76723100000018,64.81555093540305,202.83843584382893
902_b,10m,902,902_b,0,0,0,0,0,0,0,0,0,0,0,0,0,0,0,0,0,0.9587973409723713,0,0,0,0,0.9999999999898179,0,0.7747091449178747,0.08451740223966053,0,0,0,0,0,0,0,0,0,0.9081984160951856,0,0,0,0,0,0,0,0.2511834769387737,0,0,0,0,0,0,6,1.6022330483167615,0.7841605690895119,0.8942232904771826,960.4254410000001,315.8855119822168,796.8661037670435
902_c,10m,902,902_c,0,0,0,0,0,0,0,0,0,0,0,0,0,0,0,0,0,1.0221135103623906,0,0,0,0,0,0,0,1.218449498499186,0,0,0,0,0,0,0,0,0,0,0,0,0,0,0,0,0,0,0,0,0,0,0,0,2,0.6893029213559003,0.49616066943632475,0.9944539063104326,271.82437300000004,134.86856287678927,304.5198176235638
902_d,10m,902,902_d,0,0,0,0,0,0,0,0,0,0,0,0,0,0,0,0,0,1.327052805707679,0,0,0,0,0,0,1.790514527042584,0.015352354427054418,0,0,0,0,0,0,0,0,0,0.2089777177409422,0,0,0,0,0,0,0,0.95626131062156,0,0,0,0,0,0,5,1.2291499232900591,0.6792627204725438,0.7637137871513808,446.23757200000006,134.18343532657767,412.50202631275937
1001_a,10m,1001,1001_a,0,0,0.9999999999954884,0,0,0,0,0,0,0,0,0,0,0,0,0,0,0,0,0,0,0,0,0,0,0,0,0,0,0,0,0,0,0,0,2.852199703922647e-4,0,0,0,0.5460415634656381,0,0.0024309481272089544,0,0,0,0.21384599587468917,0,0,0,0,5,0.9510000448675917,0.5674296237035608,0.5908895506439931,357.883292,130.4110168736054,257.33747275800766
1001_b,10m,1001,1001_b,0,0,0.21618495414541322,0,0,0,0,0,0,0,0,0,0,0,0,0,0,0,0,0,0,0,1.2111219026913833,0,0,0,0,0,0,0,0,0,0,0,0,0.02133831870674112,0,0,1.0964485657818226,0,0,0,0,0,0,0,0,0,0,0,4,0.965703980511268,0.5806706173099071,0.6966081718251693,772.690322,342.04534595187715,744.8326676182157
1001_c,10m,1001,1001_c,0,0,0,0,0,0,0,0,0,0,0,0,0,0,0,0,0,0.013392048441773568,0,0,0,0,0.01259836145796407,0,0,0,0,0,0,0,0,0,0,0,0,0.9907415192231068,0,0,0,0,0,0,0,0,0,0,0,0,0,0,3,0.1366686651288833,0.05014491146190281,0.12440118005103694,690.3314630000001,17.976669664692768,329.3114249784947
1001_d,10m,1001,1001_d,0,0,0,0,0,0,0,0,0,0,0,0,0,0,0,0,0,0,0,0,0,0.3349816342206988,0,0,0,0,0,0,0,0,0,0,0,0,0,3.0963776523977353,0,0,0,0.31902772506354704,0,0,0,0,0,0,0.03661205510294331,0,0,0,4,0.6324204177414766,0.31646056768748154,0.45619490021627745,331.952278,38.73519521905353,176.45072305736915
1100_a,10m,1100,1100_a,0,0,0,0,0,0,0,0,0,0,0,0,0,0,0,0,0,0,0,0,0,0,0,0,0,0,0,0,0,0,0,0,0,0,0,0.8823518509823784,0,0,0,0,0,0.09206906639825505,0,0,0,0,0,0,0,0,2,0.3127955667872917,0.17111667774461448,0.4512686130160783,23.553398,4.030379215356646,11.475461843295589
1100_b,10m,1100,1100_b,0,0,0.9555107542353967,0,0,0,0,0,0,0,0,0,0,0,0,0,0,0,0,0,0,0,0,0,0,0,0,0,0,0,0,0,0,0,0,0.837958916892044,0,0,0.47394403468354146,0,0,0.8862430047129092,0,0,0,0,0,0,0,0,4,1.3554743210053584,0.7360402000622026,0.9777680404833827,252.94556900000003,106.31583788183539,243.57000167010358
1100_c,10m,1100,1100_c,0,0,0,0,0,0,0,0,0,0,0.11279776362481593,0,0,0,0,0,0,0,0,0,0,0,0,0,0,0,0,0,0,0,0,0,0,0,0,0.07890016877711613,0,0,0.016235111340770148,0,0,0.25727285268799743,0,0,0,0,0,0,0,0,4,1.0891544822168395,0.6053837789951126,0.7856588851281106,211.547487,77.33564208481923,108.31997234606045
1100_d,10m,1100,1100_d,0,0,0,0,0,0,0,0,0,0,0.6182647249511874,0,0,0,0,0,0,0,0,0,0,0,0,0,0,0,0,0,0,0,0,0,0,0,0,0.19911094821986605,0,0,0,0,0,0,0,0,0,0,0,0,0,0,2,0.5551917208006005,0.3685158644021238,0.8009723423416364,195.75912599999998,72.14034353249426,80.00437369681353
12_a,10m,12,12_a,0,0,0,0,0,0,1.1066261848239383,0,0,0,0,0,0,0,0,0,0,0,0,0,0,0,0,0,0,0,0,0,0,0,0,0,0,0,0,0.03062560470232417,0,0,0.3165712758349575,0,0,0,0,0,0,0,0,0,0,0,3,0.6209681048513838,0.372740410189523,0.5652295275198563,199.77078699999998,71.24503114327553,203.57682380046808
12_b,10m,12,12_b,0,0,0,0,0,0,0,0,0,0,0,0,0,0,0,0,0,0,0,0,0,0,0,0,0,0,0,0,0,0,0,0,0,0,0,0.997924264039852,0,0,0.5843177612687039,0,0,0,0,0,0,0,0,0,0,0,2,0.6585806505316978,0.4658336260620395,0.9501310385475079,8.023324,3.737534111990587,6.347420207733372
12_c,10m,12,12_c,0,0,0,0,0,0,9.118381664996778e-5,0,0,0,0,0,0,0,0,0,0,0,0,0,0,0,0,0,0,0,0,0,0.5195785509474946,0,0,0,0,0,0,2.665535317927132,0,0,0,0,0,0,0,0,0,0,0,0,0,0,3,0.4451345857701189,0.2730749879407496,0.4051789610962506,208.61005799999998,53.455332719863904,352.6083030232644
12_d,10m,12,12_d,0,0,0,0,0,0,1.5258201108437315,0,0,0,0,0,0,0,0,0,0,0,0,0,0,0,0,0,0,0,0,0,0.0668202942267365,0,0,0,0,0,0,0.22276956858385785,0,0,0,0,0,0,0,0,0,0,0,0,0,0,3,0.5250357813785091,0.27717675238958295,0.4779081635933914,208.61005799999998,43.73814115912026,127.30013163551983
111_a,10m,111,111_a,0,0,0,0,0,0,0.24237172203900403,0,0,0,0,0,0,0,0,0,0,0,0,0,0,0,0,0,0,0,0,0,0,0,0,0,0,0,0,0,0,0,0,0,0,0,0.7797689561077648,0,0,0,0,0,0,0,2,0.5477393830057744,0.36178998519652383,0.7902208915620114,195.75912499999998,70.82369093583443,100.04668265915765
111_b,10m,111,111_b,0,0,0,0,0,0,1.7559503531398626,0,0,0,0,0,0,0,0,0,0,0,0.16790246600822573,0,0,0,0,0,0,0,0,0,0,0,0,0,0,0,0,0,0,0,0,0,0,0,0,0,0,0,0,0,0,0,2,0.29618523314970924,0.1593146137546897,0.42730496704962695,247.468473,39.42534419245786,238.0464589216373
111_c,10m,111,111_c,0,0,0,0,0,0,0.8417613356437696,0,0,0,0,0,0,0,0,0,0,0,0,0,0,0,0,0,0,0,0,0,0,0,0,0,0,0,0,0,0,0,0,0,0,0,0,0,0,0,0,0,0,0,1,-0,0,0,1,0,0.8417613356437696
111_d,10m,111,111_d,0,0,0,0,0,0,1.4187885074769153,0,0,0,0,0,0,0,0,0,0,0,0,0,0,0,0,0,0,0,0,0,0,0,0,0,0,0,0,0,0,0,0,0,0,0,0,0,0,0,0,0,0,0,1,-0,0,0,1,0,1.4187885074769153
210_a,10m,210,210_a,0,0,1.3239850310684234,0,0,0,0.003484284363111451,0,0.37240119838731495,0,0,0,0,0,0,0,0.9604677088739745,0.003185149812643291,0,0,0,0,0,0,0,0,0,0,0,0,0,0,0,0,0,0,0,0,0.05805558811846646,0,0,0,0.11775392646408807,0,0,0,0,0,0,0,7,1.216212996456893,0.6487915837793548,0.6250098428477449,606.5837760000001,157.38882767104778,431.2993600136165
210_b,10m,210,210_b,0,0,0,0,0,0,0.3437088249582671,0,0.5745803881507077,0,0,0,0,0,0,0,0.03953229112927623,0,0.001473072903363853,0,0,0,0.3497719389466282,0,0,0,0,0,0,0,0,0,0,0,0,0,0,0,0.31003583854019734,0,0,0,0.10772694594194453,0,0,0,0,0,0,0,7,1.5847811858026577,0.7719903132409512,0.8144164244027537,1086.480313,294.0265909903751,538.359213686884
210_c,10m,210,210_c,0,0,0,0,0,0,0,0,0,0,0,0,0,0,0,0,0,0,0.8702933935900047,0,0,0,0.18893074255195333,0,0,0,0,0,0,0,0,0,0,0,0,0,0,0,0.5128788876091873,0,0,0.40031916816532437,0.3494564664446667,0,0,0,0,0,0,0,5,1.4936129537302496,0.7517166557356031,0.9280339068633732,790.302318,201.9190552712515,499.01319639021375
210_d,10m,210,210_d,0,0,0.3848390374841508,0,0,0,0,0,0,0,0,0,0,0,0,0,0,0.32466854288076785,0.034655455465488635,0,0,0,0,0,0,0,0,0,0,0,0,0,0,0,0,0.12436807846378474,0,0,0.11902968570353868,0,0,0.07445027286444468,0.3719835680741974,0,0,0,0,0,0,0,7,1.7015360005513176,0.7917359386518348,0.8744165301657774,426.75817200000006,122.11070279481406,192.86235870488747
309_a,10m,309,309_a,0,0,0,0,0,0,0.49153867165964804,0,0,0,0,0,0,0,0,0,0,0,0,0,0,0,0,0,0,0,0,0,0,0,0,0,0,0,0,0.6096023562573022,0,0,0,0.013280831039076825,0,0.09961992039818574,0,0,0,0,0,0,0,0,4,0.9665599979309595,0.577090108351517,0.697225657868321,212.22715,96.55354664135896,149.00858457807834
309_b,10m,309,309_b,0,0,0,0,0,0,0.4461170543652382,0,0,0,0,0,0,0,0.5239222733218628,0,0,0,0,0,0,0,0,0,0,0,0,0,0,0,0,0,0,0,0,0.6469490389259341,0,0,0,0,0,0,0,0,0,0,0,0,0,0,3,1.086940832004147,0.6588233363604115,0.9893761823125858,286.40815400000014,126.38525314688934,158.48674535998902
309_c,10m,309,309_c,0,0,0,0,0,0,0.028278117628440486,0,0,0,0,0,0,0,0.2237064199784435,0,0,0.7514173845062304,0,0,0,0,0,0,0,0,0,0,0,0,0,0,0,0,0,0.0562142997498424,0,0,0,0,0,0,0,0,0,0,0,0,0,0,4,0.8245816821837153,0.4490205156772493,0.5948099518471627,326.6395610000002,79.06177484734083,120.21300070869395
309_d,10m,309,309_d,0,0,0,0,0,0,0.0340661563499559,0,0,0,0,0,0,0,0,0,0,0,0,0,0,0,0,0,0,0,0,0,0,0,0,0,0,0,0,0.19673198129267527,0,0,0,0,0,0.581621922763531,0,0,0,0,0,0,0,0,3,0.7156700939939014,0.4270713072229303,0.6514309928769647,207.535824,23.89517160176271,98.60368410610204
408_a,10m,408,408_a,0,0,0,0,0,0,0,0,0,0,0,0,0,0,0,0,0,0,0,0,0,0,0,0,0.5042381663370566,1.5649054013557315,0,0,0,0,0,0.2179356454512624,0,0,0,0,0,0,0,0,0,0,0,0,0,0,0,0,0,0,3,0.8169951370229883,0.47413070619012254,0.7436610216816919,786.012243,194.10240066454065,541.1996561582403
408_b,10m,408,408_b,0,0,0,0,0,0,0,0,0,0,0,0,0,0,0,0,0,0,0,0,0,0,0,0,0.5533132520539307,0.5156683818073753,0,0,0,0,0,1.4138929228871437,0,0,0,0,0,0,0.567161408176758,0,0,0,0,0,0,0,0,0,0,0,4,1.2793930781026648,0.6890334347666747,0.9228870245631904,908.417335,373.60705509730496,869.4682915808655
408_c,10m,408,408_c,0,0,0,0,0,0,0,0,0,0,0,0,0,0,0,0,0,0,0,0,0,0,0,0,0.39138745252206,1.6527544955679616,0,0,0,0,0,0.08933329554919889,0,0,0,0,0.09174536871358653,0,0,0.07379312855006648,0,0,0,0,0,0,0,0,0,0,5,0.9038147653899742,0.45007202066895247,0.5615716881075905,920.1940330000001,149.2974196372715,616.7979113833723
408_d,10m,408,408_d,0,0,0,0,0,0,0,0,0,0,0,0,0,0,0,0,0,0.9902020523549308,0,0,0,0,0,0,0.5088908468112961,0.654941877086015,0,0,0,0,0,0,0,0,0,0,0,0,0,0,0,0,0,0,0,0,0,0,0,0,3,1.060139190480986,0.6404165709717423,0.9649802768602141,394.22946500000006,168.21317239345473,286.0182811214322
507_a,10m,507,507_a,0,0,0,0,0,0,0,0,0,0,0,0,0,0,0,0,0,0.6422400302473211,0,0,0,0,0,0,0,2.1356526870538786,0,0,0,0,0,0.9089184733095046,0,0,0,0,0,0,0,0,0,0,0,0,0,0,0,0,0,0,3,0.9659072844422367,0.5733246497893165,0.8792066995839302,786.012242,296.3761952368735,862.1312900165104
507_b,10m,507,507_b,0,0,0,0,0,0,0,0,0,0,0,0,0,0,0,0,0,0,0,0,0,0,0,0,0,0.9828450308741252,0,0,0,0,0,1.225499150948184,0,0,0.5423997909789748,0,0,0,0,0,0,0,0,0,0,0,0,0,0,0,3,1.0480863430475338,0.6349704187160716,0.9540093023337373,786.012243,359.4924111326566,794.7857337781636
507_c,10m,507,507_c,0,0,0,0,0,0,0,0,0,0,0,0,0,0,0,0,0,0,0,0,0,0,0,0,0.16317844924675806,1.2058667159292515,0,0,0,0,0,0.8753236519546895,0,0,0.4576002090563143,0,0,0,0,0,0,0,0,0,0,0,0,0,0,0,4,1.1954576191737054,0.6635456168755757,0.8623403893874159,908.417335,345.5069107077674,727.0473649506106
507_d,10m,507,507_d,0,0,0,0,0,0,0,0,0,0,0,0,0,0,0,0,0,0.056732475510168655,0,0,0,0,0,0,0.31615814477980686,1.9990229147413867,0,0,0,0,0,0,0,0,0,0,0,0,0,0,0,0,0,0,0,0,0,0,0,0,3,0.5020516886197618,0.27136753692702986,0.4569871407759497,394.22946500000006,73.59206035928918,330.8423818314155
606_a,10m,606,606_a,0,0,0,0,0,0,0,0,0,0,0,0,0,0,0.12284146474156951,0,0,0,0,0,0,0,0,0,0.1954320373461709,1.1903614503719482,0,0,0,0,0,0,0,0,0,0,0.598693604395267,0,0,0,0,0,0,0,0,0,0,0,0,0,4,1.0663661470395256,0.5882128747194113,0.7692205760528974,492.1090270000002,155.65559254443397,294.3626650864023
606_b,10m,606,606_b,0,0,0,0,0,0,0,0,0,0,0,0,0,0,2.1177012481283134e-4,0,0,0,0,0,0,0,0,0,0.8000063496744557,1.817563580024535,0,0,0,0,0,0.053451153377081576,0,0,0,0,0.07146754953963776,0,0,0,0,0,0,0,0,0,0,0,0,0,5,0.8045599485003715,0.47470098379353776,0.499901202950763,1006.2968960000002,143.07985038926594,596.514596320237
606_c,10m,606,606_c,0,0,0,0,0,0,0,0,0,0,0,0,0,0,0.07805288046317842,0,0,0,0,0,0,0,0,0,0.9289939640348086,0.7457706923302243,0,0,0,0,0,0,0,0,0,0,0,0,0,0,0,0,0,0,0,0,0,0,0,0,3,0.8386344906633061,0.536092241638202,0.7633580102039593,394.2294650000001,144.4478199716145,238.13408236613785
606_d,10m,606,606_d,0,0,0,0,0,0,0,0,0,0,0,0,0,0,0.7988938846660667,0,0,0.2391488839286115,0,0,0,0,0,0,1.113029180123982,0.7550510476537386,0,0,0,0,0,0,0,0,0,0,0.0698441745215739,0,0,0,0,0,0,0,0,0,0,0,0,0,5,1.3595113372123304,0.7166745661210701,0.8447118877398737,532.3404340000003,182.32489100540852,425.16846638529887
705_a,10m,705,705_a,0,0,0,0,0,0,0,0,0,0,0,0,0,0,0,0,0,0.24472969487889817,0,0,0,0,0,0,0.20384469220643492,1.7487389750977433,0,0,0,0,0,0.06789219800665659,0,0,0,0.1819698038503513,0,0,0,0,0,0,0,0,0,0,0,0,0,0,5,0.9701207599515678,0.4661156639510501,0.6027699188994283,948.6487420000001,143.47761259565402,586.6802691460007
705_b,10m,705,705_b,0,0,0,0,0,0,0,0,0,0,0,0,0,0,0,0,0,0.9796796168734807,0,0,0,0,0,0,0.875153646614691,1.511422704931217,0,0,0,0,0,0.17252817876354828,0,0,0,0,0,0,0,0,0,0,0,0,0,0,0,0,0,0,4,1.2117002562001835,0.6774069469803959,0.8740569753319456,908.4173340000001,215.52302708647892,691.1870259287881
705_c,10m,705,705_c,0,0,0,0,0,0,0,0,0,0,0,0,0,0,0,0,0,0,0,0,0,0,0,0,0,2.0390907508754372,0,0,0,0,0,0,0,0,0,0,0.004655299407127823,0,0,0,0,0,0,0,0,0,0,0,0,0,2,0.016134743581967783,0.004545276494605455,0.02327751455171995,271.8243730000001,1.2355169332578602,277.7699953618601
705_d,10m,705,705_d,0,0,0,0,0,0,0,0,0,0,0,0,0,0,0,0,0,0.0014891943832239254,0,0,0,0,0,0,0,1.2359489160845671,0,0,0,0,0,0.8371487747937076,0,0,0,0.46396361769881467,0,0,0,0,0,0,0,0,0,0,0,0,0,0,4,1.0312478715902278,0.6208004729539696,0.7438880951352601,826.24365,335.92308336606766,743.640194878324
804_a,10m,804,804_a,0,0,0,0,0,0,0,0,0,0,0,0,0,0,0,0,0,0,0,0,0,0,0,0,0,0.187045293865246,0,0,0,0,0,0,0,0,0,0,0,0,0,0,0,0,0,0,0,0.10647702226632536,0,0,0,0,2,0.6549875119059294,0.4623282455275778,0.9449472352708853,271.824374,125.67208592305218,39.89325991874723
804_b,10m,804,804_b,0,0,0,0,0,0,0,0,0,0,0,0,0,0,0,0,0,0,0,0,0,0,0,0,1.0000328971082344,0.9660955322923659,0,0,0,0,0,0,0,0,0,0.7914510171109508,0,0,0,0,0,0,0,0,0,0.8245795928137855,0,0,0,0,4,1.3813342160786648,0.7475243857044296,0.9964220116734668,512.80807,192.86458291450768,462.67351216448833
804_c,10m,804,804_c,0,0,0,0,0,0,0,0,0,0,0,0,0,0,0,0,0,0.6692991872392939,0,0,0,0,0,0,0.4344357982330967,0.6455267950281576,0,0,0,0,0,0,0,0,0,0.11538200828637715,0,0,0,0,0,0,0,0,0,0,0,0,0,0,4,1.246588536282432,0.6931994586778656,0.8992235496618483,434.46087300000005,174.63064172492696,268.16171998801514
804_d,10m,804,804_d,0,0,0,0,0,0,0,0,0,0,0,0,0,0,0,0,0,0.23656337225862392,0,0,0,0,0,0,0.81027680423383,1.1350462437268234,0,0,0,0,0,0,0,0,0,1.054403200475239,0,0,0,0,0,0,0,0,0,0,0,0,0,0,4,1.2707859256555225,0.7028132086889181,0.9166782764873567,434.46087300000005,176.5309778401729,401.0668057642099
903_a,10m,903,903_a,0,0,0,0,0,0,0,0,0,0,0.9999999999905689,0,0,0,0,0,0,2.250870414870036,0,0,0,0,0,0,2.0115761751708883,0.12683918839099576,0,0,0,0,0,0,0,0,0,0,0,0,0,0,0,0,0,0,0,0,0,0,0,0,4,1.1332831853821024,0.6512599987008973,0.8174910157368035,492.1090280000001,153.07405859930037,619.6925556036405
903_b,10m,903,903_b,0,0,0,0,0,0,0,0,0,0,0,0,0,0,0,0,0,0.7385554102413637,0,0,0,0,0,0,0,0.6213270773693594,0,0,0,0,0,0,0,0,0,0,0,0,0,0,0,0,0,0,0,0,0,0,0,0,2,0.689426935206628,0.49628437034866246,0.9946328204778789,271.82437300000004,134.90218779972497,184.82460221561843
903_c,10m,903,903_c,0,0,0,0,0,0,0,0,0,0,0,0,0,0,0,0,0,0.20575372423340324,0,0,0,0,0,0,0,0.909546769644296,0,0,0,0,0,0.27302214818133536,0,0,0.999999999971216,0,0,0,0,0,0,0,0,0,0,0,0,0,0,0,4,1.191311459205809,0.6591651421598443,0.8593495671752076,897.16025,252.20292061449203,560.2834919302758
903_d,10m,903,903_d,0,0,0,0,0,0,0,0,0,0,0,0,0,0,0,0,0,0.28028071964457457,0,0,0,0,0,0,0,0.2503050754101139,0,0,0,0,0,0,0,0,0,0,0,0,0,0,0,0,0,0,0,0,0,0,0,0,2,0.6915504667666815,0.4984041362194792,0.9976964289287393,271.82437300000004,135.47839182846658,72.11307551673579
1002_a,10m,1002,1002_a,0,0,0.3087275254883739,0,0,0,0,0,0,0,0,0,0,0,0,0,0,0,0,0,0,0,0.2089159985338896,0,0,0.08678845745156809,0,0,0,0,0,0,0,0,0,0.6262401089933358,0,0,0,0.131170389969105,0,0,0,0,0,0,0.5987413758707542,0,0,0,6,1.575397882802414,0.762125185566944,0.8792462994383636,1027.515554,249.3408911169741,505.0542749214077
1002_b,10m,1002,1002_b,0,0,0,0,0,0,0,0,0,0,0,0,0,0,0,0,0,0.45855599297124205,0,0,0,0,0,0,0,0,0,0,0,0,0,0,0,0,0,1.7455801347236415,0,0,0,0.838524296614394,0,0,0,0,0,0,0,0,0,0,3,0.9591685378379912,0.572203535829654,0.8730728280864474,92.23951400000007,28.045661742399513,77.33528185794941
1002_c,10m,1002,1002_c,0,0,0,0,0,0,0,0,0,0,0,0,0,0,0,0,0,0.13579692096954654,0,0,0,0,0,0,0.17473091344838593,0,0,0,0,0,0,0,0,0,0,0.9198280548635758,0,0,0,0.03030531339302267,0,0,0,0.012955888580279884,0,0,0,0,0,0,5,0.8818405965851178,0.4475424820292384,0.5479183693712233,301.5096160000001,72.09181904316732,155.60051126825883
1002_d,10m,1002,1002_d,0,0,0.5118749201750463,0,0,0,0,0,0,0,0,0,0,0,0,0,0,0,0,0,0,0,0.7910840014977629,0,1.8947155158250188,0.4154396930411609,0,0,0,0,0,0,0,0,0,0.2042349496399065,0,0,0.49096513825723126,0,0,0,0,0,0,0,0,0,0,0,6,1.5431649319582228,0.734229100012492,0.8612567470471166,1031.007601,302.15370991532,930.0527083454036
1101_a,10m,1101,1101_a,0,0,0,0,0,0,0,0,0,0,0.9573814303280841,0,0,0,0.5847739594203246,0,0,0,0,0,0,0,0,0,0,0,0,0,0,0,0,0,0,0,0,7.30405444832248e-5,0,0,1.4547582189479702,0,0,0.2046764016955647,0,0,0,0,0,0,0,0,5,1.2059995535148245,0.6666791927205747,0.7493296536620546,218.12295000000015,100.55313694202965,203.55909031821253
1101_b,10m,1101,1101_b,0,0,0,0,0,0,0,0,0,0,0.47574695008452805,0,0,0,0,0,0,0,0,0,0,0,0,0,0,0,0,0,0,0,0,0,0,0,0,0,0,0,0.9454010773863137,0.0941030908264084,0,1.0579557542623834,0,0,0,0,0,0,0,0,4,1.1663922352926452,0.660457562247009,0.8413741467940462,212.227151,67.0335334444433,156.29252810900576
1101_c,10m,1101,1101_c,0,0,0.1290690793770034,0,0,0,0,0,0,0,0.0010806224058734454,0,0,0,0,0,0,0,0,0,0,0.6650183657023542,0.9999999999907945,0,0,0,0,0,0,0,0,0,0,0,0,0,0,0,0.11628077562820095,0.0408276205774244,0,0.2914757826538661,0,0,0,0,0.011722146714093036,0,0,0,8,1.4053273387005099,0.6935045047542175,0.6758195941229701,1020.716765,358.98995493125926,753.961794182134
1101_d,10m,1101,1101_d,0,0,1.0399484474927276,0,0,0,0,0,0,0,0.8324778376741135,0,0,0,0,0,0,0,0,0,0,0,0,0,0,0,0,0,0,0,0,0,0,0,0,0,0,0,0.46732481664304654,0,0,0.1861882605732579,0,0,0,0,0,0,0,0,4,1.2355626318991435,0.6822173661466889,0.8912700408743051,346.81347,148.90706610635348,319.2963338973223
1200_a,10m,1200,1200_a,0,0,0,0,0,0,0,0,0.0253961863139524,0,0,0,0,0,0,0,0,0,0,0,0,0,0,0,0,0,0,0,0,0,0,0,0,0,0,0.18748532863292305,0,0,0,0,0,0.0033582519593269304,0,0.48761606003555635,0,0,0,0,0,0,4,0.7520180167653293,0.44778114276160397,0.542466331723247,211.971816,22.42821859473061,100.31525552974276
1200_b,10m,1200,1200_b,0,0,0,0,0,0,0,0,0.9746038136838896,0,0,0,0,0,0.5674785154729024,0,0,0,0,0,0,0,0,0,0,0,0,0,0,0,0,0,0,0,0,0.010861358260994079,0,0,0,0,0,0,0,0.019122751874669653,0,0,0,0,0,0,4,0.752228528314111,0.4851615405655323,0.5426181837069856,214.11128800000014,13.21500607342672,187.89998311277876
1200_c,10m,1200,1200_c,0,0,0.24426056824948603,0,0,0,0,0,0,0,0,0,0,0,0.4325214845657091,0,0,0,0,0,0,0,0,0,0,0,0,0,0,0,0,0,0,0,0,0.6122960324169602,0,0,0,0,0,0,0,0.014268266979547807,0,0,0,0,0,0,4,1.0842014498734918,0.633929601174676,0.7820860275285554,346.8134690000001,134.93504768952954,185.47985481829076
1200_d,10m,1200,1200_d,0,0,0.5169200572973538,0,0,0,0,0,0,0,0,0,0,0,0,0,0,0,0,0,0,0,0,0,0,0,0,0,0,0,0,0,0,0,0,0.24875492810998345,0,0,0,0,0,0.680246485693621,0,0.4327345002475342,0,0,0,0,0,0,4,1.3287998552213733,0.7225890682537628,0.958526480730924,253.369898,99.77456459972609,183.30495732384423
13_a,10m,13,13_a,0,0,0,0,0,0,2.2157282543976704,0,0.30230453899996895,0,0,0,0,0,0,0,0,0,0,0,0,0,0,0,0,0,0,0,0.03888133472546272,0,0,0,0,0,0,0,0,0,0,0,0,0,0,0,0,0,0,0,0,0,3,0.440199520590918,0.23485821735097268,0.4006868711841817,194.14899199999996,38.478673487555405,134.17554478019497
13_b,10m,13,13_b,0,0,0,0,0,0,1.1178876899656538,0,0.6976954610115593,0,0,0,0,0,0,0,0,0,0,0,0,0,0,0,0,0,0,0,0.37471982017021754,0,0,0,0,0,0,0.04550970711298913,0,0,0,0,0,0,0,0,0,0,0,0,0,0,4,1.088620646630749,0.6241265913391982,0.7852738041517592,299.25908799999996,87.6523421619451,171.90991501074322
13_c,10m,13,13_c,0,0,0,0,0,0,0.9895807103885815,0,0,0,0,0,0,0,0,0,0,0,0,1.0000000000012275,0,0,0.001013734777908438,0,0,0,0,0,0,0,0,0,0,0,0,0,0,0,0,0,0,0,0,0,0,0,0,0,0,0,3,0.6971511194070674,0.5004951745733789,0.634574295771123,773.834292,124.26665795285086,447.824555678364
13_d,10m,13,13_d,0,0,0,0,0,0,2.487157154151406,0,0,0,0,0,0,0,0,0,0,0,0,0,0,0,0.033071083452966624,0,0,0,0,0,0,0,0,0,0,0,0,0,0,0,0,0,0,0,0,0,0,0,0,0,0,0,2,0.06990036782780104,0.025900127376467852,0.100844914021483,650.100055,16.837674231948665,819.2002567125348
112_a,10m,112,112_a,0,0,0,0,0,0,1.1052914875962876,0,0,0,0,0,0,0,0,0,0.1669981208164282,0,0,0,0,0,0,0,0,0,0,0,0,0,0,0,0,0,0,0.595715483259348,0,0,0,0,0,0,0,0,0,0,0,0,0,0,3,0.8908311927918449,0.5402032440270097,0.8108694959819119,345.348036,114.16871664369748,213.01187692166638
112_b,10m,112,112_b,0,0,0,0,0,0,0.8356826521805253,0,0,0,0,0,0,0,0,0,0,0,0.31628528633314973,0,0,0,0,0,0,0,0,0,0,0,0,0,0,0,0,0,0,0,0,0,0,0,0,0,0,0,0,0,0,0,2,0.5877425728300831,0.3983543714369109,0.8479332951412814,247.468473,98.58014801236713,142.53787308476984
112_c,10m,112,112_c,0,0,0,0,0,0,0.7025277655016146,0,0,0,0,0,0,0,0,0,0,0,1.4070026188947087,0,0,0,0,0,0,0,0,0,0,0,0,0,0,0,0,0,0,0,0,0,0,0,0,0,0,0,0,0,0,0,2,0.6363006979468835,0.4442391449290185,0.917987861442155,247.468473,109.93518284240996,261.021131839068
112_d,10m,112,112_d,0,0,0,0,0,0,1.2686262174967045,0,0,0,0,0,0,0,0,0,0.758972917395196,0,0.08441263999971775,0,0,0,0,0,0,0,0,0,0,0,0,0,0,0,0,0.11062481743887038,0,0,0,0,0,0,0,0,0,0,0,0,0,0,4,0.960524700969259,0.5536912769129623,0.6928721113698523,457.688765,133.4921214177091,266.9952176439815
211_a,10m,211,211_a,0,0,0.9733957056677528,0,0,0,0,0,0,0,0,0,0,0,0,0,0,0.4445200638341574,0,0,0,0,0,0,0,0,0,0,0,0,0,0,0,0,0,0,0,0,0.43319560138630087,0,0,0.08538873254840139,0.02837322571091664,0,0,0,0,0,0,0,5,1.2150145814787396,0.6526944478884688,0.7549310054720668,293.8566400000001,129.316114963782,252.83015816369831
211_b,10m,211,211_b,0,0,0,0,0,0,0.17907800514688138,0,0,0,0,0,0,0,0,0,0,0,0.07096695008701338,0,0,0,0,0,0,0,0,0,0,0,0,0,0,0,0,0,0,0,0.34358297903980006,0,0,0.4398418265311551,0.22547564914202886,0,0,0,0,0,0,0,5,1.4693452475509137,0.7479691908627909,0.9129555332325237,361.816061,78.92542279022074,152.5195236263992
211_c,10m,211,211_c,0,0,0.014161205015772381,0,0,0,1.5591802616410873,0,0,0,0,0,0,0,0,0,0,0,0,0,0,0,0,0,0,0,0,0,0,0,0,0,0,0,0,0,0,0,0.09466731503315833,0,0,0.10773045839120624,0,0,0,0,0,0,0,0,4,0.47902608654114887,0.22244937831986322,0.34554427975468144,346.813469,43.08758504004865,263.47657966609205
211_d,10m,211,211_d,0,0,0.852025860514764,0,0,0,0.4921104449748215,0.5978230361566642,0,0,0,0,0,0,0,0,0,0,0,0,0,0,0,0,0,0,0,0,0,0,0,0,0,0,0,0,0,0,0.12855410456158933,0,0,0.8283001072309313,0,0,0,0,0,0,0,0,5,1.482638851754725,0.7586467454005983,0.9212153139305602,437.462499,160.3180439913038,325.13447148788424
310_a,10m,310,310_a,0,0,0.979570005115969,0,0,0,0,0,0,0,0.24001382210099753,0,0,0,0,0,0,0,0,0,0,0,0,0,0,0,0,0,0,0,0,0,0,0,0,1.2667461945295224,0,0,0,0,0,0.040006208798363946,0,0,0,0,0,0,0,0,4,1.0027609537152478,0.5889601362068166,0.7233391275610377,346.81347,132.21528516790823,261.839626469649
310_b,10m,310,310_b,0,0,0.24555388933154867,0,0,0,0,0,0,0,0,0,0,0,0,0,0,0.1445175642636585,0,0,0,0,0,0,0,0,0,0,0,0,0,0,0,0,0,0.48550063061044507,0,0,0,0,0,0,0,0,0,0,0,0,0,0,3,0.9808796643186837,0.5866397629713926,0.8928351470634305,277.3886150000001,110.4438059889324,132.81115230459156
310_c,10m,310,310_c,0,0,0.045622041871717735,0,0,0,0.648972084831797,0,0,0,0,0,0,0,0,0,0,0.09201336806336716,0,0,0,0,0,0,0,0,0,0,0,0,0,0,0,0,0,1.162067027211537,0,0,0,0,0,0,0,0,0,0,0,0,0,0,4,0.906506802517297,0.5306936056745268,0.6539064342619076,375.26817700000004,99.2880918661174,197.73151740543355
310_d,10m,310,310_d,0,0,0.02042999490535382,0,0,0,2.151739534891611,0,0,0,0.6789605390383568,0,0,0,0,0,0,0,0,0,0,0,0,0,0,0,0,0,0,0,0,0,0,0,0,0.35271164850722586,0,0,0,0,0,0,0,0,0,0,0,0,0,0,4,0.8712996344956327,0.4918659819041814,0.6285098309076079,425.6858,92.6954092672415,321.47561006744115
409_a,10m,409,409_a,0,0,0,0,0,0,0,0,0,0,0,0,0,0,0,0,0,0,0,0,0,0,0,0,0.9666010024797416,0.14659241721903804,0,0,0,0,0,0,0,0,0,0,0.4303342747615943,0,0.049138974682041724,0,0,0,0,0,0,0,0,0,0,0,4,0.9835486552472746,0.5492332776252598,0.7094803836991259,406.00616400000007,135.28406940848146,268.02268036459634
409_b,10m,409,409_b,0,0,0,0,0,0,0,0,0,0,0,0,0,0,0,0,0,0,0,0,0,0,0,0,1.0688491625188035,0.08759157684051157,0,0,0,0,0,0,0,0,0,0,0.9833657512677536,0,0,0,0,0.37919777403902505,0,0,0,0,0,0,0,0,4,1.1328062511936061,0.643692090373895,0.8171469804425165,406.00616400000007,133.39117509242968,282.9193303659607
409_c,10m,409,409_c,0,0,0,0,0,0,0,0,0,0,0,0,0,0,0,0,0,0,0,0,0,0,0.04495730227313193,0,0,0,0,0,0,0,0,0,0,0,0,0,0.061064309283171754,0,0.05129670177342369,0,0,0.8623859227510133,0,0,0,0,0,0,0,0,4,0.5983283507394994,0.27669435839390466,0.4316026722175741,673.653453,59.32842007787094,339.3660025422468
409_d,10m,409,409_d,0,0,0,0,0,0,0,0,0.04018709196676091,0,0.0338566901045699,0,0,0,0,0,0,0.11517744674125548,0,0,0,0,0,0,0,0.03515543084778643,0,0,0,0,0,0,0,0,0,0,0.3366271926602037,0,0.8995643235491079,0,0,0,0,0,0,0,0.10827612893910711,0,0,0,7,1.2871707020691339,0.6134029841091289,0.6614748901402362,533.8785240000001,70.81228757320447,257.07672199707594
508_a,10m,508,508_a,0,0,0,0,0,0,0,0,0,0,0,0,0,0,0,0,0,0.4176027916550981,0,0,0,0,0,0,1.3648551586729174,0.017608986828880988,0,0,0,0,0,0.2689776353489183,0,0,0.999999999998941,0,0,0,0,0,0,0,0,0,0,0,0,0,0,0,5,1.2401184729646186,0.6698302027213849,0.7705289302456371,1019.5653420000001,227.08068646902703,628.3554310863228
508_b,10m,508,508_b,0,0,0,0,0,0,0,0,0,0,0,0,0,0,0,0,0,0,0,0,0,0,0,0,0.982069531055575,0.4382180003352449,0,0,0,0,0,1.7180091134388953,0,0,0,0,0,0,0,0,0,0,0,0,0,0,0,0,0,0,3,0.9682943568618627,0.5828926619853146,0.8813795065370728,786.012243,345.880072023866,940.6111359877256
508_c,10m,508,508_c,0,0,0,0,0,0,0,0,0,0,0,0,0,0,0,0,0,0.009797947678098265,0,0,0,0,0,0,0.3668241941747763,1.085873272965932,0,0,0,0,0,0.013013251188405092,0,0,0,0,0.02287861356446439,0,0,0,0,0,0,0,0,0,0,0,0,0,5,0.7158348479024995,0.4145330708773606,0.44477319837698925,948.6487410000001,118.86699420832528,482.8477622673092
508_d,10m,508,508_d,0,0,0,0,0,0,0,0,0,0,0,0,0,0,0,0,0,0,0,0,0,0,0,0,1.0821574854338256,0.0418547692250835,0,0,0,0,0,0,0,0,0,0,0.5448690554212572,0,0,0,0,0,0,0,0,0,0,0,0,0,3,0.7387930098892695,0.4723116857486376,0.6724783779589221,394.22946500000006,116.94773402569817,218.35200109670055
607_a,10m,607,607_a,0,0,0.04395671564096107,0,0,0,0,0,0,0,0,0,0,0,0,0,0,0.07423126402452081,0,0,0,0,0,0,0.8179335096029313,0.032639113511951846,0,0,0,0,0,1.955879257239878,0,0,0,0,0,0,0,0,0,0,0,0,0,0,0,0,0,0,5,0.8319072408492334,0.47355152388271804,0.5168930310527257,1026.995938,295.6773388682515,960.7998766865038
607_b,10m,607,607_b,0,0,0,0,0,0,0,0,0,0,0,0,0,0,0,0,0,0.2952443724275037,0,0,0,0,0,0,0,1.2032552260123635,0,0,0,0,0,0.4723570245416121,0,0,0,0,0,0,0,0,0,0,0,0,0,0,0,0,0,0,3,0.9280157206620174,0.5473767531702747,0.8447163118729418,786.012242,286.65576850603713,546.3418624005874
607_c,10m,607,607_c,0,0,0.12098834982987314,0,0,0,0,0,0,0,0,0,0,0,0,0,0,0.03785931820384399,0,0,0,0,0,0,0,0.024897065747020074,0,0,0,0,0,1.2582010219604751,0,0,0,0,0,0,0,0,0,0,0,0,0,0,0,0,0,0,4,0.4925163896380524,0.23059091686305022,0.3552754764436773,904.590846,146.6486958544197,637.6694507596756
607_d,10m,607,607_d,0,0,0.8350549345273857,0,0,0,0,0,0,0,0,0,0,0,0,0,0,0.10519038088923502,0,0,0,0,0,0,1.7296222527793017,0.2074808629835649,0,0,0,0.01775369454703644,0,2.313562696309492,0,0,0,0,0,0,0,0,0,0,0,0,0,0,0,0,0,0,6,1.2465796389875048,0.6647310244465408,0.695729343361344,1150.7301750000001,363.92203830185,1312.098508703758
706_a,10m,706,706_a,0,0,0,0,0,0,0,0,0,0,0,0,0,0,0,0,0,0.016654717916042373,0,0,0,0,0,0,0,0,0,0,0,0.999999999988144,0,1.0387011322805917,0,0,0,0,0,0,0,0,0,0,0,0,0,0,0,0,0,0,3,0.7344424635922581,0.5078273192430232,0.6685183400621261,773.834292,326.9638805367984,664.740618927108
706_b,10m,706,706_b,0,0,0,0,0,0,0,0,0,0,0,0,0,0,0,0,0,0,0,0,0,0,0,0,1.0000000000172722,0.5327593488629874,0,0,0,0,0,0,0,0,0,0,0.1264962502371333,0,0,0,0,0,0,0,0,0,0,0,0,0,3,0.8661733096853904,0.5278703767424592,0.7884249235328378,394.22946500000006,141.00562741793607,223.80446027221387
706_c,10m,706,706_c,0,0,0,0,0,0,0,0,0,0,0,0,0,0,0,0,0,0.49821494168491853,0,0,0,0,0,0,1.8766275794570724,0.004439401067685357,0,0,0,0,0,0.539965247871862,0,0,0,0,1.5088807029379835e-4,0,0,0,0,0,0,0,0,0,0,0,0,0,5,0.9083151760708369,0.5234558028649124,0.5643679504834758,948.6487410000001,250.40482512398637,710.6964376928098
706_d,10m,706,706_d,0,0,0,0,0,0,0,0,0,0,0,0,0,0,0,0,0,0.24880557335268896,0,0,0,0,0,0,1.22749607170281,0.8261280308019381,0,0,0,0,0,1.4600347520720125,0,0,0,0,0,0,0,0,0,0,0,0,0,0,0,0,0,0,4,1.2452678507720627,0.6903929840898884,0.8982708764436563,908.4173340000001,366.15662138901877,970.2169788842396
805_a,10m,805,805_a,0,0,0,0,0,0,0,0,0,0,0,0,0,0,0.18467796336751144,0,0,0.04201844647620776,0,0,0,0,0,0,0.09817479247264005,0.013180201898281398,0,0,0,0,0,0,0,0,0,2.8598413307244934,0,0,0,0,0,0,0,0,0,0,0,0,0,0,5,0.45109494731289385,0.19577944424373728,0.28028104956882843,532.3404350000002,39.14732065511034,244.31132634858756
805_b,10m,805,805_b,0,0,0,0,0,0,0,0,0,0,0,0,0,0,0,0,0,0.08226473008454101,0,0,0,0,0,0,0.3833214767831093,0.01721641342659025,0,0,0,0,0,0,0,0,0,0.33262401468313946,0,0,0,0,0,0,0,0,0,0,0,0,0,0,4,1.0334755892848932,0.602000627449177,0.7454950537705574,434.46087300000005,134.9658718541266,161.6327583154081
805_c,10m,805,805_c,0,0,0,0,0,0,0,0,0,0,0,0,0,0,0,0,0,0.3217545403808673,0,0,0,0,0,0,0.5469008416456371,0.0016519707016768833,0,0,0,0,0,0.08941037031585258,0,0,0,0.3732243873452902,0,0,0,0,0,0,0,0,0,0,0,0,0,0,5,1.2545819694974707,0.6904884500320538,0.7795156059173799,948.6487420000001,197.60955936519005,409.00941463309374
805_d,10m,805,805_d,0,0,0,0,0,0,0,0,0,0,0,0,0,0,0.3026090790033959,0,0,0.7651904406086493,0.3578266320982279,0,0,0,0,0,0.45309915835724923,0,0,0,0,0,0,0,0,0,0,0.2223335737564005,0,0,0,0,0,0,0,0,0,0,0.48687082296194306,0,0,0,6,1.715044021129108,0.8063566954662601,0.957184293195337,619.1325430000002,181.08791595688947,306.7033254669398
904_a,10m,904,904_a,0,0,0,0,0,0,0,0,0,0,0,0,0,0,0,0,0,0.2867949812443459,0,0,0,0,0,0,0,0.8374164602706842,0,0,0,0,0,0,0,0,0,0.04184517941965719,0,0,0,0,0,0,0,0,0,0,0,0,0,0,3,0.7021401982069573,0.4224640628765268,0.6391155509995151,312.055781,111.45800765549805,222.7175376472514
904_b,10m,904,904_b,0,0,0,0,0,0,0,0,0,0,0,0,0,0,0,0,0,1.2961284287498311,0,0,0,0,0.9999999999868722,0,0,0.16258353972508885,0,0,0,0,0,0.7269778519087277,0,0,0,0,0,0,0,0,0,0,0,0,0,0,0,0,0,0,4,1.2186103219658473,0.6812493495897551,0.8790415341381155,912.835,370.37237268645345,804.6419377246885
904_c,10m,904,904_c,0,0,0,0,0,0,0,0,0,0,0,0,0,0,0,0,0,0.03722864673846065,0,0,0,0,0,0,0.09149947202207888,0,0,0,0,0,0,0,0,0,0,0.8407990355068802,0,0,0,0,0,0,0,0,0,0,0,0,0,0,3,0.4714816727123797,0.23753810686819854,0.42916111313844413,285.0415910000001,47.20608012566066,128.69797517329204
904_d,10m,904,904_d,0,0,0,0,0,0,0,0,0,0,0,0,0,0,0,0,0,0,0,0,0,0,0.06800157575673489,0,0,0,0,0,0,0,0,0,0,0,0,0.6380499873411357,0,0,0,0,0,0,0,0,0,0,0,0,0,0,2,0.31690427519892717,0.1740727694351667,0.45719622626600354,650.100056,113.16471715787686,229.5020803544066
1003_a,10m,1003,1003_a,0,0,0.019987534465266403,0,0,0,0,0,0,0,0,0,0,0,0,0,0.23792061443312215,0,0,0,0,0,0,0,0.04722115192549782,0,0,0,0,0,0,0,0,0,0,0.8060135160494294,0,0,0.3752839225005867,0,0,0,0,0,0,0,0,0,0,0,5,1.1401743120754804,0.6154129714780343,0.708430131579969,492.463832,86.37656377460488,162.0506701184617
1003_b,10m,1003,1003_b,0,0,0,0,0,0,0,0,0,0,0,0,0,0,0,0,0,0.11541988262932094,0,0,0,0,0,0,0.02317838420709784,0.45856919758386105,0,0,0,0,0,0,0,0,0,0,0,0,0,0,0,0,0,0,0,0,0,0,0,0,3,0.6465765272542581,0.371455268961566,0.5885393181229821,394.22946500000006,100.56527991547789,92.79737102219019
1003_c,10m,1003,1003_c,0,0,0,0,0,0,0,0,0,0,0,0,0,0,0,0,0,0,0.9999999999936016,0,0,0,0.7219706328979055,0,0,1.3150934360859576,0,0,0,0,0,0,0,0,0,0.5791882076983449,0,0,0,0,0,0,0.32538218194954416,0,0,0,0,0,0,0,5,1.5128104775185771,0.7623628801010702,0.9399619990501002,921.523179,311.56165784172043,861.0742186488334
1003_d,10m,1003,1003_d,0,0,0.7032882196945541,0,0,0,0,0,0.9989367391360826,0,0,0,0,0,0,0,0.2400038338989216,0,0,0,0,0,0.19607002524099784,0,0,0,0,0,0,0,0,0,0,0,0,0.31710417489747605,0,0,0.2597209228426992,0,0,0,0.6079015818205644,0,0,0,0,0,0,0,7,1.7809186878493724,0.8074630862976303,0.9152111615811039,1006.080821,212.78714949482074,605.1111525273903
1102_a,10m,1102,1102_a,0,0,0.2580637640158249,0,0,0,0,0,0,0,0,0,0,0,0,0,0.17209396000637406,0,0,0,0,0,0,0,0.37221634363395417,0,0,0,0,0,0,0,0,0,0,0,0,0,0,0,0,0.04248172380563541,0,0,0,0,0,0,0,0,4,1.1978407634838573,0.6685778432111247,0.8640594646264054,488.45217,164.30195115308555,107.64898800448275
1102_b,10m,1102,1102_b,0,0,1.3552420862343335,0,0,0,0,0,0,0,0,0,0,0,0,0,0.003720390689303202,0,0,0,0,0,0,0,0,0.08577696658055656,0,0,0,0,0,0,0,0,0,0,0,0,0,0,0,0,0,0,0,0,0.3529244223432662,0,0,0,4,0.6905590759062692,0.3908246357267138,0.49813307712541993,514.137215,95.87791714498712,232.00405781215798
1102_c,10m,1102,1102_c,0,0,1.3619663826450603,0,0,0,0.004287893302450746,0,0,0,0,0,0,0,0,0,0.0847162718043136,0,0,0,0,0,0,0,0.5989620019417403,0.4119948828990735,0,0,0,0,0,0,0,0,0,0,0,0,0.08051424830290553,0,0,0,0,0,0,0,0,0,0,0,6,1.2033065610416558,0.629158126511234,0.6715781787161852,734.421869,161.22452718094675,347.6265206794858
1102_d,10m,1102,1102_d,0,0,0,0,0,0,1.2791941409828265,0,0,0,0.28816938988304436,0,0,0,0,0,0.739469377491352,0,0,0,0,0,0,0,0.6277836563756086,0,0,0,0,0,0,0,0,0,0,0,0,0,0,0,0,0,0,0,0,0,0,0,0,0,4,1.2670702192053733,0.6910921457675097,0.913997960852842,460.52259499999997,164.75138925863092,343.50678487468224
1201_a,10m,1201,1201_a,0,0,1.1158074786843164,0,0,0,0,0,0,0,0,0,0,0,0,0,0,0,0,0,0,0,0,0,0,0,0,0,0,0,0,0,0,0,0,0.4643527446182191,0,0,0,0,0,0,0,0,0,0,0,0,0,0,2,0.6055755843496309,0.4150161811807146,0.8736608924246486,237.15720800000003,98.42407880364044,187.37319337554294
1201_b,10m,1201,1201_b,0,0,0.632935521706878,0,0,0,0,0,0,0,0,0,0,0,0.41522604059896917,0,0,0,0,0,0,0,0,0,0,0,0,0,0,0,0,0,0,0,0,0.5769678095314841,0,0,0,0,0,0,0,0,0,0,0,0,0,0,3,1.0835497589454108,0.6569873933753715,0.9862894945941667,335.0367700000001,148.29876695394645,192.86715163284356
1201_c,10m,1201,1201_c,0,0,1.619129937977276,0.4170740784630954,0,0,0,0,0,0,0.0708434237059084,0,0,0,0,0,0,0,0,0,0,0,0,0,0,0,0,0,0,0,0,0,0,0,0,0.03342443422516846,0,0,0,0,0,0,0,0,0,0,0,0,0,0,4,0.7075901395662509,0.3884982557995409,0.5104183926670799,380.173902,48.79343478314738,196.2546138020351
1201_d,10m,1201,1201_d,0,0,1.077472785826197,0.4580744188879206,0,0,0,0,0,0,0.3715959974580665,0,0,0,0,0,0,0,0,0,0,0,0,0,0,0,0,0,0,0,0,0,0,0,0,1.0342588006352902,0,0,0,0,0,0,0,0,0,0,0,0,0,0,4,1.286356121597263,0.7019647938357492,0.9279097987227659,380.173902,146.0396029196811,301.0551626146959
14_a,10m,14,14_a,0,0,0,0,0,0,1.9451648361961305,0,0,0,0,0,0,0,0,0,0,0,0.940713470530736,0,0,0,0.7265460267827856,0,0,0,0,0,0,0,0,0,0,0,0,0,0,0,0,0,0,0,0,0,0,0,0,0,0,0,3,1.006278297556267,0.6017905994329042,0.9159539793389869,773.834292,278.3084651291105,794.561545761569
14_b,10m,14,14_b,0,0,0,0,0,0,0.5612112405974603,0,0.12630596377721326,0,0,0,0,0,0,0,0,0,0.0592865294483278,0,0,0,0.23936915505277667,0,0,0,0,0,0,0,0,0,0,0,0,0.09300438068994359,0,0,0,0,0,0,1.0000000000116283,0,0,0,0,0,0,0,6,1.36499234432857,0.6760627709547551,0.7618167325308741,974.139584,219.55674503538046,480.8413367587768
14_c,10m,14,14_c,0,0,0,0,0,0,1.365129620912711,0,0.8724564389731394,0,0,0,0,0,0,0,0,0,0.13363495466436234,0,0,0,0,0,0,0,0,0,0,0,0,0,0,0,0,0.9069956193153734,0,0,0,0,0,0,0,0,0,0,0,0,0,0,4,1.2030528652866601,0.6775515192289253,0.8678192013381614,435.997066,133.475522158853,341.2317655184722
14_d,10m,14,14_d,0,0,0,0,0,0,0.07698135804922238,0,0,0,0,0,0,0,0,0,0,0,0.9139400183064507,0,0,0,0,0,0,0,0,0,0,0,0,0,0,0,0,0.541615529195603,0,0.13142102310108125,0,0,0,0.47429449841643423,0,0,0,0,0,0,0,0,5,1.3362758064064466,0.6988736979519983,0.8302748407271421,360.190587,132.17033502751804,248.938011442076
1300_a,10m,1300,1300_a,0,0,0,0,0,0,0,0,0,0,0,0,0,0,0,0,0,0,0,0,0,0,0,0,0,0,0,0,0,0,0,0,0,0,0,0.26684867060465783,0,0,0,0,0.4311765533211504,0,0,0,0,0,0,0,0,0,2,0.6651744891389826,0.4722891217450427,0.9596439368066598,23.553397000000068,11.124013183242358,8.220432525405318
1300_b,10m,1300,1300_b,0,0,0.03974859520692763,0,0,0,0,0,0,0,0,0,0,0,0,0,0,0,0,0,0,0,0,0,0,0,0,0,0,0,0,0,0,0,0,0.6340059846934272,0,0,0.6635257882105834,0,0.006826423950784187,0.022903370695289513,0,0.026159966311993514,0,0,0,0,0,0,6,0.9812745148332489,0.5646063673596964,0.5476597342923557,269.1582580000001,18.398221943318696,132.12427909243286
1300_c,10m,1300,1300_c,0,0,0.9602514048087716,0,0,0,0.021697878001418133,0,0,0,0,0,0,0,0,0,0,0,0,0,0,0,0,0,0,0,0,0,0,0,0,0,0,0,0,0,0,0,0.47571872092382855,0,0,1.2934918916231317,0,0.02009845453111453,0,0,0,0,0,0,5,1.0990992572777851,0.6324955973251686,0.6829087650952106,351.24946,113.27555791200344,241.56113400458332
1300_d,10m,1300,1300_d,0,0,0.0034948325868490965,0,0,0,0.9783021220027779,0,0,0,0,0,0,0,0,0,0,0,0,0,0,0,0,0,0,0,0,0,0,0,0,0,0,0,0,0,0,0,1.1698501358357607,0,0.200462384008601,0,0,0,0,0,0,0,0,0,4,0.9317873366144321,0.5723711866077555,0.6721424848483882,346.81346800000006,97.57063542487381,219.10985845634093
113_a,10m,113,113_a,0,0,0,0,0,0,2.5429784031603018,0,0,0,0,0,0,0,0,0,0,0,0.027502297659978265,0,0,0,0,0,0,0,0,0,0,0,0,0,0,0,0,0,0,0,0,0,0,0,0,0,0,0,0,0,0,0,2,0.0591906725330527,0.021169614551459937,0.08539408973031772,247.468473,5.238812187048408,318.0564656962442
113_b,10m,113,113_b,0,0,0,0,0,0,1.0912114767693637,0,0,0,0,0,0,0,0,0,0,0,0.1870502202106346,0,0,0,0,0,0,0,0,0,0,0,0,0,0,0,0,0,0,0,0,0,0,0,0,0,0,0,0,0,0,0,2,0.4162929396405609,0.24983748158917973,0.6005837595765258,247.468473,61.82690006703995,158.1647346709338
113_c,10m,113,113_c,0,0,0,0,0,0,1.1021053050359424,0,0,0,0,0,0,0,0,0,0,0,0,0,0,0,0,0,0,0,0,0,0,0,0,0,0,0,0,0,0,0,0,0,0,0,0,0,0,0,0,0,0,0,1,-0,0,0,1,0,1.1021053050359424
113_d,10m,113,113_d,0,0,0,0,0,0,2.2981859582740536,0,0,0,0,0,0,0,0,0,0,0,0.977746936914194,0,0,0.033618224852332346,0,0,0,0,0,0,0,0,0,0,0,0,0,0,0,0,0,0,0,0,0,0,0,0,0,0,0,0,3,0.6600911382103914,0.4304113303947029,0.6008408471478555,338.117503,105.5797319444654,365.4417632703282
212_a,10m,212,212_a,0,0,0.16516246026533235,0,0,0,2.291172765883033,0.020078348151049696,0.680195031424636,0,0,0,0,0,0,0,0,0,0,0,0,0,0,0,0,0,0,0,0,0,0,0,0,0,0,0,0,0,0,0,0,0.06396943427033956,0,0,0,0,0,0,0,0,5,0.8324703888548407,0.4462163782990749,0.517242934581937,426.63705799999997,86.39482091975457,351.8321073962563
212_b,10m,212,212_b,0,0,0,0,0,0,1.7760989003615126,0,0,0,0,0,0,0,0,0,0.001764307860068072,0,0,0,0,0,0,0,0,0,0,0,0,0,0,0,0,0,0,0.26285117813423287,0,0,0,0,0,0,0,0,0,0,0,0,0,0,3,0.3909487544949053,0.2259312312454289,0.3558568919421679,345.348036,44.31743388939185,225.64452017277895
212_c,10m,212,212_c,0,0,0,0,0,0,0.42824841141949016,0,0,0,0,0,0,0,0,0,0.07226465393734106,0,0,0,0,0,0,0,0,0,0,0,0,0,0,0,0,0,0,0.030808521127688258,0,0,0.04331954538129165,0,0,0,0,0,0,0,0,0,0,0,4,0.8316302411398164,0.42023796673054215,0.599894412372853,349.359698,92.1178931777325,170.878330501489
212_d,10m,212,212_d,0,0,0.1047141827335166,0.21060394041696423,0,0,0.8908329256549818,0,0.3198049685532096,0,0,0,0,0,0,0,0,0,0,0,0,0,0,0,0,0,0,0,0,0,0,0,0,0,0,0,0,0,0.5529309945417512,0,0,0,0,0,0,0,0,0,0,0,5,1.38581618622425,0.7091677871671918,0.8610560093792952,470.822931,146.49640588375354,279.46739644660164
311_a,10m,311,311_a,0,0,0.25429055226649544,0,0,0,0.19928838026726114,0,0,0,0,0,0,0,0,0,0,0,0.4259464743424166,0,0,0,0,0,0,0,0,0,0,0,0,0,0,0,0,0,0,0,0,0,0,0,0,0,0,0,0,0,0,0,3,1.0463146254121,0.6305288318897526,0.952396615443459,366.047077,154.68500107997397,111.64455142997366
311_b,10m,311,311_b,0,0,0,0,0,0,0,0,0,0,0,0,0,0,0,0,0,0.13879802524431892,0.5919641253879097,0,0,0,0,0,0,0,0,0,0,0,0,0,0,0,0,0.006864093894753706,0,0,0,0,0,0,0,0,0,0,0,0,0,0,3,0.5343923628154172,0.3204582874527985,0.4864248910443936,287.69988100000006,78.71845897345729,162.60925039267596
311_c,10m,311,311_c,0,0,0.57621535934003,0,0,0,0.2179123970176637,0.37615462953315965,0.9796881992600763,0,0,0,0,0,0,0,0,0,0.36938285338591714,0,0,0,0,0,0,0,0,0,0,0,0,0,0,0,0,0.2856042845761563,0,0,0,0,0,0,0,0,0,0,0,0,0,0,6,1.660042965182652,0.7840810195970676,0.9264876194000803,555.526928,157.345426823916,285.81322353807616
311_d,10m,311,311_d,0,0,1.0043030832862097,0,0,0,0.7386129408444185,0,0.004185188624393918,0,0,0,0,0,0,0,0,0,0.12006980506161984,0,0,0,0,0,0,0,0,0,0,0,0,0,0,0,0,0.3923310046835477,0,0,0,0,0,0,0,0,0,0,0,0,0,0,5,1.197523639940808,0.6626025920792997,0.7440632724562102,554.57567,153.38482383608525,272.7659267983386
410_a,10m,410,410_a,0,0,0.07184084267601741,0,0,0,0,0,0,0,0.4102912417183398,0,0,0,0,0,0,0.017499303935073065,0,0,0,0,0.14035404593834166,0,0,0,0,0,0,0,0,0,0,0,0,0,0,0,0,0,0,0,0,0,0,0,0.5441156044179085,0,0,0,5,1.2096382446342346,0.6508316552613522,0.751590499570616,977.70623,235.2815267820817,383.66065559623183
410_b,10m,410,410_b,0,0,0,0,0,0,0,0,0,0,0.009210274589225687,0,0,0,0,0,0,0,0,0,0,0,0.8146886516952135,0,0,0,0,0,0,0,0,0,0,0,0,0.4065392158464344,0,0,0,0,0,0.037168251189290805,0,0,0,0,0,0,0,0,4,0.7881115119175421,0.48316864575535623,0.5685022849554706,759.756318,300.01299514854134,584.2148049800469
410_c,10m,410,410_c,0,0,1.5328205384839577,0,0,0,0,0,0,0,0.07181536421995723,0,0,0,0,0,0,0,0,0,0,0,0,0,0,0,0,0,0,0,0,0,0,0,0,0.03411096247316089,0,0,0,0,0,0,0,0,0,0,0,0,0,0,3,0.28016255886844693,0.12274531743514583,0.2550149509142109,335.036771,29.03441054756483,212.8267832028736
410_d,10m,410,410_d,0,0,0.3830519484787757,0,0,0,0,0,0,0,0,0,0,0,0,0,0,0,0,0,0,0,0,0,0,0,0,0,0,0,0,0,0,0,0,0,0,0,0,0,0,0,0,0,0,0,0,0,0,0,1,-0,0,0,1,0,0.3830519484787757
509_a,10m,509,509_a,0,0,0,0,0,0,0,0,0,0,0,0,0,0,0,0,0,0,0,0,0,0,0,0,0.018545867122190966,0.6121817814435817,0,0,0,0,0,0,0,0,0.7783690356443311,0,0.41970145074052306,0,0,0,0,0,0,0,0,0,0,0,0,0,4,1.1142560263894572,0.6540238480434253,0.8037658217763559,505.37747300000007,167.74507316309413,243.40039991443103
509_b,10m,509,509_b,0,0,0,0,0,0,0,0,0,0,0,0,0,0,0,0,0,0,0,0,0,0,0,0,0.5845966275085087,0.5952289821228767,0,0,0,0,0,0,0,0,0.17846097218690118,0,0.07067739224340994,0,0,0,0,0,0,0,0,0,0,0,0,0,4,1.1389617190473145,0.6410790355221307,0.8215872119159647,505.37747300000007,169.79534321727328,204.91188855130255
509_c,10m,509,509_c,0,0,0,0,0,0,0,0,0.9598129079518188,0,0.04918329220628417,0,0,0,0,0,0,0.9115467440498495,0,0,0,0,0,0,0,0.2230231697181147,0,0,0,0,0,0,0,0,1.3603606102480405e-4,0,0.0387365911096116,0,0.13846441207098245,0,0,0,0,0,0,0,0.0449735276016551,0,0,0,8,1.3459502080818317,0.6735946769380918,0.6472652301610424,632.8403200000001,135.49653819254692,307.74576647846976
509_d,10m,509,509_d,0,0,0.4787455262471219,0,0,0,0,0,0,0,0,0,0,0,0,0,0,1.0665243578432575,0,0,0,0,0,0,0,0.21836707344960182,0,0,0,0,0,0,0,0,0.043033956108751444,0,0,0,0,0,0,0,0,0,0,0,0,0,0,0,4,1.0074913167567152,0.5661208201022012,0.7267513632118024,501.5509850000001,141.20904307624892,234.5370969840342
608_a,10m,608,608_a,0,0,0,0,0,0,0,0,0,0,0,0,0,0,0,0,0,0.8468800868936152,0,0,0,0,0,0,0.9424201434105568,0.8160085514538329,0,0,0,0.3410080402262941,0,0,0,0,0,0,0,0,0,0,0,0,0,0,0,0,0,0,0,0,4,1.3281294385187574,0.7249651213986686,0.9580428773048274,517.9637020000001,188.67186909533763,385.6264299661816
608_b,10m,608,608_b,0,0,0,0,0,0,0,0,0,0,0,0,0,0,0,0,0,0.7839079246095713,0,0,0,0,0,0,2.5539887840232542,0.865304053287743,0,0,0,0,0,0,0,0,0,0,0,0,0,0,0,0,0,0,0,0,0,0,0,0,3,0.9412890664683866,0.5536215778991354,0.8567982318944819,394.22946500000006,144.36509994820767,539.688014225092
608_c,10m,608,608_c,0,0,0,0,0,0,0,0,0,0,0,0,0,0,0,0,0,0,0,0,0,0,0,0,1.2566332548474268,0.5710075986701806,0,0,0,0.017912593878857543,0,0,0,0,0,0,0,0,0,0,0,0,0,0,0,0,0,0,0,0,3,0.6696478940199593,0.4405578689406894,0.6095397811650181,395.558611,119.43244694074116,247.48979964254676
608_d,10m,608,608_d,0,0,0,0,0,0,0,0,0,0,0,0,0,0,0,0,0,1.0583981497125183,0,0,0,0,0,0,1.2657654429610647,0.34665182282838775,0,0,0,0,0,0,0,0,0,0,0,0,0,0,0,0,0,0,0,0,0,0,0,0,3,0.9857056402220272,0.6015092278795957,0.8972279396374097,394.22946500000006,153.3578958652991,345.11075969400514
707_a,10m,707,707_a,0,0,0,0,0,0,0,0,0,0,0,0,0,0,0,0,0,0.111670764778857,0,0,0,0,0,0,0.7437720429948775,1.1366865758346167,0,0,0,0,0,0,0,0,0,0,0,0,0,0,0,0,0,0,0,0,0,0,0,0,3,0.8495085234808438,0.5318920555309545,0.7732559814261097,394.22946500000006,143.45047594726384,272.70720892983564
707_b,10m,707,707_b,0,0,0,0,0,0,0,0,0,0,0,0,0,0,0,0,0,0.18840491040162655,0,0,0,0,0,0,1.2211416156265658,0.20678489255469995,0,0,0,0,0,0,0,0,0,0,0,0,0,0,0,0,0,0,0,0,0,0,0,0,3,0.7254180246170523,0.39926244036498115,0.6603039417085937,394.22946500000006,103.77131827743791,214.14735399402568
707_c,10m,707,707_c,0,0,0,0,0,0,0,0,0,0,0,0,0,0,0,0,0,0.6105505096731775,0,0,0,0,0,0,0.8508162430743905,1.2923423004261025,0,0,0,0.05101545222361964,0,0,0,0,0,0,0,0,0,0,0,0,0,0,0,0,0,0,0,0,4,1.1236754708526622,0.647947803822414,0.8105605146838534,517.9637020000001,172.09856698385013,374.343252664879
707_d,10m,707,707_d,0,0,0,0,0,0,0,0,0,0,0,0,0,0,0,0,0,1.010747492559273,0,0,0,0,0,0,0,0,0,0,0,0,0,0,0,0,0,0,0,0,0,0,0,0,0,0,0,0,0,0,0,0,1,-0,0,0,1,0,1.010747492559273
806_a,10m,806,806_a,0,0,0,0,0,0,0,0,0,0,0,0,0,0,0.22263967986545694,0,0,0.820286826249222,0,0,0,0,0,0,0,0,0,0,0,0,0,0,0,0,0,0,0,0,0,0,0,0,0,0,0,0,0,0,0,0,2,0.518525718571717,0.3358078861052798,0.7480744827568024,195.75912400000018,65.73745761626144,102.08118961669517
806_b,10m,806,806_b,0,0,0,0,0,0,1.0000000000019544,0,0,0,0,0,0,0,0.008245153869017197,0,0,0.6601015473737074,0,0,0,0,0,0,0,0,0,0,0,0,0,0.0347397225173626,0,0,0,0,0,0,0,0,0,0,0,0,0,0,0,0,0,0,4,0.7851968808476519,0.5045656901560194,0.5663998230601949,838.6286460000001,116.84841612499297,401.70004030180087
806_c,10m,806,806_c,0,0,0,0,0,0,0,0,0,0,0,0,0,0,0.07732456497239958,0,0,1.2088107596221207,0,0,0,0,0,0,0,0,0,0,0,0,0,0,0,0,0,0,0,0,0,0,0,0,0,0,0,0,0,0,0,0,2,0.22730208815732098,0.11301405680173593,0.327927595368273,195.75912400000018,22.123532759194116,125.88636224403956
806_d,10m,806,806_d,0,0,0,0,0,0,0,0,0,0,0,0,0,0,0.7616602177492567,0,0,0.07332003073764948,0,0,0,0,0,0,0,0,0,0.9839459366593208,0,0,0,0,0,0,0,0,0,0,0,0,0,0,0,0,0,0,0,0,0,0,3,0.8263312092020773,0.5304049394190076,0.7521590808017181,345.3480350000002,129.51286789881004,229.32997472234103
905_a,10m,905,905_a,0,0,0,0,0,0,0,0,0,0,0,0,0,0,0,0,0,0,0,0,0,0,0.3581964158348535,0,0,0,0,0,0,0,0,0,0,0,0,0.09434766380701987,0,0,0,0,0,0,0,0,0,0,0,0,0,0,2,0.5119395643800327,0.33003546214176493,0.7385726707659295,650.100056,214.55607242034725,147.09946575882518
905_b,10m,905,905_b,0,0,0,0,0,0,0,0,0,0,0,0,0,0,0.1949726837014066,0,0,0.0873540571702392,0,0,0,0,0,0,4.893129407100293e-5,0,0,0,0,0,0,0,0,0,0,0.8230613767169296,0,0,0,0,0,0,0,0,0,0,0,0,0,0,4,0.7266594140120584,0.4082811820401321,0.5241739665052384,382.9211530000002,66.3618326762888,137.89080900506835
905_c,10m,905,905_c,0,0,0,0,0,0,0,0,0,0,0,0,0,0,1.3177402738789383,0,0,2.7768091904554657,0.6421733678607339,0,0,0,0,0,0,0,0,0,0,0,0,0,0,0,0,0,0,0,0,0,0,0,0,0,0,0,0.5131291770402273,0,0,0,4,1.1681364983839724,0.6327122859767,0.8426323666499778,456.49604300000016,139.00811281526111,563.1194997250552
905_d,10m,905,905_d,0,0,0,0,0,0,0,0,0,0,0,0,0,0,0,0,0,0.052064278489372576,0,0,0,0,0,0,0,0,0,0,0,0,0,0,0,0,0,0,0,0,0,0,0,0,0,0,0,0,0,0,0,0,1,-0,0,0,1,0,0.052064278489372576
1004_a,10m,1004,1004_a,0,0,0.18064599398195824,0.5849647741737803,0,0,0,0,0,0,0,0,0,0,0,0,0,0.8009723980895713,0,0,0,0.9421358591001994,0.0049049813400043225,0,0,1.4798472835545817,0,0,0,0,0,0,0,0,0,0.027459251089816714,0,0,0.879274930842089,0,0,0,0.051591318481348035,0,0,0.1531876313327578,0,0,0,0,10,1.8172790954835132,0.8122099203534126,0.7892342832466224,1207.885368,190.53064050799782,776.4171819078273
1004_b,10m,1004,1004_b,0,0,0,0,0,0,0,0,0,0,0,0,0,0,0,0,0,0.19902760190336397,0,0,0,0.05786414093117669,0.07705436072098958,0,0.999999999995708,0,0,0,0,0,0,0,0,0,0,1.0344031870120198,0,0,0,0,0,0,0.01512491788896982,0,0,0,0,0,0,0,6,1.16732522167926,0.6269784813631036,0.6514966108604854,922.392817,164.2962683861744,486.755796976936
1004_c,10m,1004,1004_c,0,0,0,0,0,0,0,0,0,0,0,0,0,0,0,0,0,0.12833087107210892,0,0,0,0,1.099600195334631,0,0.05460150503921613,0,0,0,0,0,0,0,0,0,0,0,0,0,0,0,0,0,0,0,0,0,0,0,0,0,3,0.49666103033471987,0.2530984575514138,0.4520803521475636,772.5051470000001,161.08633621413634,582.4618644816817
1004_d,10m,1004,1004_d,0,0,0,0.17022368958925901,0,0,0,0,0,0,0,0,0,0,0,0,0,0.006619441824522847,0,0,0,0,0.0203943203200254,0,0.9453984949458691,0.5201527165207627,0,0,0,0,0,0,0,0,0,0,0,0,0.046700863290902304,0,0,0,0,0,0,0,0,0,0,0,6,1.0920143335380676,0.5907566972929037,0.6094648038938737,1067.2273460000001,165.33705974173054,500.19451584029116
1103_a,10m,1103,1103_a,0,0,4.7239673706020454e-5,0,0,0,0.6554823603306642,0,0,0,0.5370884786215383,0,0,0,0,0,0,0,0,0,0,0,0,0,0,0,0,0,0,0,0,0,0,0,0,0,0,0,0.016122228627006296,0,0,0,0,0,0,1.336620603394262,0,0,0,0.08893092886522241,6,1.1603629590227942,0.6378922415394939,0.647610898087071,641.0918660000001,144.9227788995519,301.17643514442966
1103_b,10m,1103,1103_b,0,0,1.0151202601208014,0,0,0,0.014836981478056193,0,0,0,0,0,0,0,0,0,0.2599252568096165,0,0,0,0,0,0,0,0.45910133022612154,0,0,0,0,0,0,0,0,0,0,0,0,0,0.8698194718564303,0,0,0,0,0,0,0.49338221170718044,0,0,0,0.0893408186244127,7,1.6135735951986303,0.7739443948562481,0.8292127958641753,801.7377980000001,183.65433787902867,382.3265935780297
1103_c,10m,1103,1103_c,0,0,0.10705746911879527,0,0,0,0,0,0.0010632608669399403,0,0,0,0,0,0,0,0.26215029496017955,0,0,0,0,0,9.644815281315032e-4,0,0,0,0,0,0,0,0,0,0,0,0,0,0,0,0.5653870111684443,0,0,0,0,0,0,0.005286781304139339,0,0,0,0.3752354922485256,7,1.279223174660164,0.688346612874042,0.6573906689788285,1205.6985260000001,163.44634749420143,383.1048571699946
1103_d,10m,1103,1103_d,0,0,0.7828612387379335,0,0,0,1.1017906408151152,0,0,0,0,0,0,0,0,0,0,0,0,0,0,0,0.02586264198010285,0,0,0,0,0,0,0,0,0,0,0,0,0,0,0,0,0,0,0,0,0,0,0.16471040361086295,0,0,0,0.37410571539179394,5,1.240505011311652,0.6675288421073602,0.7707691000241959,984.084725,163.6644454206597,499.4641362254742
1202_a,10m,1202,1202_a,0,0,0.047386436866708175,0.06699428115853012,0,0,0,0,0,0,0.9792327368557819,0,0,0,0,0,0,0,0,0,0,0,0,0,0,0,0,0,0,0,0,0,0,0,0,0,0,0,1.0773359944235477,0,0,0,0.4351969844380237,0,0,0,0,0,0,0,5,1.1988259239660253,0.6590577175638976,0.7448724270157965,391.950601,108.61748922055537,299.0657134317433
1202_b,10m,1202,1202_b,0,0,0.04570027101888105,0.05785722136776841,0,0,0.0587281253778553,0,0,0,0.5805785126522707,0,0,0,0,0,0,0,0,0,0,0,0,0,0,0,0,0,0,0,0,0,0,0,0,0,0,0,0,0,0,0.8226580041862561,0,0,0,0,0,0,0,0,5,1.054185244521275,0.5827086194676356,0.6550021199183348,470.822931,118.5551455488208,244.51926759935452
1202_c,10m,1202,1202_c,0,0,0,0,0,0,1.8519687229157118,0,0,0,0.05063102125964074,0,0,0,0,0,0,0,0,0,0,0,0.3063313471923804,0,0,0,0,0,0,0,0,0,0,0,0,0,0,0,0,0,0,0.13486027202718592,0.0518871801086844,0,0,0,0,0,0,0,5,0.7884702067705848,0.3819655452890355,0.4899040843260049,843.319974,175.18062727122685,600.5071605955749
1202_d,10m,1202,1202_d,0,0,0,0,0,0,0.556554999394774,0,0,0,0,0,0,0,0,0,0,0,0,0,0,0,0,0,0,0,0,0,0,0,0,0,0,0,0,0,0,0,0,0,0,0,0.9521971624448858,0,0,0,0,0,0,0,2,0.6583592202937518,0.46561735139826455,0.9498115822413203,195.75912499999998,91.14884529454181,147.67600171961618
15_a,10m,15,15_a,0,0,0,0,0,0,0.0532320828384884,0,0,0,0,0,0,0,0,0,0,0,0.9515703486751751,0,0,0,0,0,0,0,0,0,0,0,0,0,0,0,0,6.569939006080719e-4,0,0.24348800525462738,0,0,0,0.46486748239344533,0,0,0,0,0,0,0,0,5,1.0686792330895374,0.5969890055454827,0.6640077413569039,360.190587,129.0761134183429,249.84366584671122
15_b,10m,15,15_b,0,0,0.09404256126931478,0,0,0,0.4826324634203084,0,0,0,0,0,0,0,0,0,0,0,0.40776627126639453,0,0,0,0,0,0,0,0,0,0,0,0,0,0,0,0,0,0,0.02831911111684368,0,0,0,0,0,0,0,0,0,0,0,0,4,1.0402097794075051,0.601384495843772,0.7503527451177051,463.92663999999996,146.47947593788035,137.47247442860808
15_c,10m,15,15_c,0,0,1.685506022029206,0,0,0,1.4552714103040103,0,0,0,0,0,0,0,0,0,0,0,0.01572081227759333,0,0,0,0,0,0,0,0,0,0,0,0,0,0,0,0,0,0,0.1252088971613064,0,0,0,0,0,0,0,0,0,0,0,0,4,0.8530165043861354,0.5380822848737473,0.6153213403371581,463.92663999999996,126.3075656036778,382.3615482075441
15_d,10m,15,15_d,0,0,0,0,0,0,1.028625700598994,0,0,0,0,0,0,0,0,0,0,0,1.4180206914839562,0.8581020205045893,0,0,0,0,0,0,0,0,0,0,0,0,0,0,0,0,0,0.6129681372633697,0,0,0,0,0,0,0,0,0,0,0,0,4,1.3417802322077699,0.7276006306384286,0.9678898434844957,353.402485,139.12610477473677,320.5458627462887
1301_a,10m,1301,1301_a,0,0,0.9930040924983219,0,0,0,0.5208000830966802,0,0,0,0,0.23652832703534185,0,0,0,0,0,0,0,0,0,0,0,0,0,0,0,0,0,0,0,0,0,0,0,0,0,0,0.4126037934919878,0,0,0,0,0,0,0,0,0,0,0,4,1.2583050030847098,0.6829020198945751,0.9076751939380414,425.6857990000001,153.48329327241223,254.71517706645747
1301_b,10m,1301,1301_b,0,0,0.15305423444580188,0,0,0,0.38003956841181363,0,0,0,0,0,0,0,0,0,0,0,0.5219980678775676,0,0,0,0,0,0,0,0,0,0,0,0,0,0,0,0,0,0,0,1.1452503605291198,0,0,0,0,0,0,0,0,0,0,0,4,1.1699088780981863,0.6381423327710236,0.8439108683621122,463.92663999999996,147.6286059468366,257.887375414177
1301_c,10m,1301,1301_c,0,0,1.5194625067592553,0,0,0,0.9766032688641315,0,0,0,0,0,0,0,0,0,0,0,0.4780019320841368,0,0,0.01656331673125163,0,0,0,0,0,0,0,0,0,0,0,0,0,0.020688966856280386,0,0,0,0,0,0,0,0,0,0,0,0,0,0,5,1.065328376152572,0.6149437625996959,0.6619257368812559,554.57567,148.20534523009192,364.46076790365396
1301_d,10m,1301,1301_d,0,0,0,0,0,0,0.1225570796404204,0,0,0,0,0.0029301116983312617,0,0,0,0,0,0,0,0,0,0.4836481259827455,0,0,0,0,0,0,0,0,0,0,0,0,0,0.46753430410001867,0,0,0.1200037005789718,0,0,0,0,0,0,0,0,0,0,0,5,1.2120532320399056,0.6634605817967851,0.7530910156122808,316.96232500000013,113.68096024728693,191.58664640333032
114_a,10m,114,114_a,0,0,0.7017723951998944,0,0,0,1.3754795782065259,0,0,0,0,0,0,0,0,0,0,0,0,0,0,0.9663817751752399,0,0,0,0,0,0,0,0,0,0,0,0,0,0,0,0,0,0,0,0,0,0,0,0,0,0,0,0,3,1.0614921708839273,0.6417932349703249,0.9662118126958287,327.80623699999995,136.1755635883804,323.4322236516045
114_b,10m,114,114_b,0,0,0.06029470656925774,0,0,0,1.7839784230711926,0,0,0,0,0,0,0,0,0,0,0,0,0,0,0,0,0,0,0,0,0,0,0,0,0,0,0,0,0,0,0,0,0,0,0,0,0,0,0,0,0,0,0,2,0.14398194108344486,0.06324821908976941,0.2077220323786528,237.15720699999997,14.999770987053797,218.69133132349717
114_c,10m,114,114_c,0,0,0.0053132317296602175,0,0,0,1.116494217773273,0,0,0,0,0,0,0,0,0,0,0,0.011460172768287768,0,0,0,0,0,0,0,0,0,0,0,0,0,0,0,0,0.45756137587018053,0,0.7023442679687992,0,0,0,0.031009498220182133,0,0,0,0,0,0,0,0,6,1.1314802299826978,0.6389497645226996,0.6314911400859928,478.769191,100.91967527714714,235.9196899104396
114_d,10m,114,114_d,0,0,0.2326196665052203,0,0,0,2.4721633855186687,0,0,0,0,0,0,0,0,0,0,0,0,0,0,0,0,0,0,0,0,0,0,0,0,0,0,0,0,0,0,0,0,0,0,0,0,0,0,0,0,0,0,0,2,0.29319154280836174,0.15721309635860292,0.4229859848402077,237.15720699999997,37.2842188362281,320.7293959596887
1400_a,10m,1400,1400_a,0,0,0,0,0,0,0,0,0,0,0,0,0,0,0,0,0,0,0,0,0,0,0,0,0,0,0,0,0,0,0,0,0,0,0,0,0,0,0.03321226740550553,0.6450524082523057,1.4330942559980688,0,0,0,0,0,0,0,0,0,3,0.6905957181220377,0.4457053798512173,0.628607312375209,35.33009600000007,10.497875766283235,24.86483718597871
1400_b,10m,1400,1400_b,0,0,0,0,0,0,0,0,0,0,0,0,0,0,0,0,0,0,0,0,0,0,0,0,0,0,0,0,0,0,0,0,0,0,0,0,0,0,0,0,0.42644699198904235,0,0,0,0,0,0,0,0,0,1,-0,0,0,1,0,0.42644699198904235
1400_c,10m,1400,1400_c,0,0,0.518347113438927,0,0,0,0,0,0,0,0.08426110540720544,0.0032978623224765905,0,0,0,0,0,0,0,0,0,0,0,0,0,0,0,0,0,0,0,0,0,0,0,0,0,0,0.5772811026578158,0,0.1997538140058462,0,0,0,0,0,0.35458170916977216,0,0,0,6,1.4586076952224918,0.7433979481221245,0.8140644546730956,464.5369400000002,155.05905789338783,308.7085787096432
1400_d,10m,1400,1400_d,0,0,0,0,0,0,0,0,0,0,0,0,0,0,0,0,0,0,0,0,0,0,0.9778936790280643,0,0,0,0,0,0,0,0,0,0,0,0,0,0,0,1.4574631900842672,0,0.27609123412426967,0,0,0,0,0,0.23960856726204477,0,0,0,4,1.139943966888271,0.6309322239548258,0.8222957539605006,773.024762,311.4597359761036,678.1852600779366
213_a,10m,213,213_a,0,0,0,0.4322392907532365,0,0,0.5445774211387232,0,0,0,0,0,0,0,0,0,0,0,0,0,0,0,0,0,0,0,0,0,0,0,0,0,0,0,0,0,0,0,0.38245582970883873,0,0,0,0,0,0,0,0,0,0,0,3,1.0875956132549454,0.65920091474866,0.9899721898919224,335.03677,147.00088739158394,162.69098162632022
213_b,10m,213,213_b,0,0,0,0,0,0,1.18647875594206,0,0,0,0,0,0,0,0,0,0,0,0,0,0,0,0,0,0,0,0,0,0,0,0,0,0,0,0,0,0,0,0.021293630422091914,0,0,0,0,0,0,0,0,0,0,0,2,0.08866832056104657,0.0346393299239347,0.1279213463573748,195.75912499999998,6.780964916495792,118.21623219431157
213_c,10m,213,213_c,0,0,0,0,0,0,1.8359797385609193,0,0,0,0,0,0,0,0,0,0,0,0,0,0,0,0,0,0,0,0,0,0,0,0,0,0,0,0,0,0,0,0,0,0,0,0,0,0,0,0,0,0,0,1,-0,0,0,1,0,1.8359797385609193
213_d,10m,213,213_d,0,0,0,0.310335242688779,0,0,0.457373534154618,0,0,0,0,0,0,0,0,0,0,0,0,0,0,0,0,0,0,0,0,0,0,0,0,0,0,0,0,0,0,0,0,0,0,0,0,0,0,0,0,0,0,0,2,0.6746917352705564,0.4816583716877989,0.973374420603601,237.15720699999997,114.22875415764626,91.03383457926401
312_a,10m,312,312_a,0,0,0.7498741968102539,0,0,0,0.4242154177180757,0,0,0,0.23197983604178696,0,0,0,0,0,0,0,0,0,0,0,0,0,0,0,0,0,0,0,0,0,0,0,0,0.22012220646320702,0,0,0.0035345207847508673,0,0,0,0,0,0,0,0,0,0,0,5,1.2687225564070617,0.6820223656177977,0.7883016465594851,429.697462,152.89788164133475,271.09720844684614
312_b,10m,312,312_b,0,0,1.4927947701076445,0,0,0,0.11108246383947189,0.005943986192510731,0.01612661206341675,0,0,0,0,0,0,0,0,0,0,0,0,0,0,0,0,0,0,0,0,0,0,0,0,0,0,0.1312790089857788,0,0,0.9964654792130294,0,0,0,0,0,0,0,0,0,0,0,6,1.0177067847750982,0.5712349799718961,0.5679929712962855,430.64871999999997,125.88500814187638,403.1234089260135
312_c,10m,312,312_c,0,0,1.6576843171367126,0.15872873435852541,0,0,0.5325163645960308,0,0,0,0,0,0,0,0,0,0,0,0,0,0,0,0,0,0,0,0,0,0,0,0,0,0,0,0,0,0,0,0,0,0,0,0,0,0,0,0,0,0,0,3,0.7645064599877718,0.445998597841042,0.6958837688904905,282.294338,91.7624050023886,218.5741934438863
312_d,10m,312,312_d,0,0,0.20359575112868494,0,0,0,3.3820799351250803e-4,0,0,0,0.7680201638522759,0,0,0,0,0,0,0,0,0,0,0,0,0,0,0,0,0,0,0,0,0,0,0,0,0.9124077947590922,0,0,0,0,0,0,0,0,0,0,0,0,0,0,4,0.9589509943551736,0.5877587803728204,0.6917369220058747,425.6858,123.0361970045373,211.02869127784635
411_a,10m,411,411_a,0,0,0.04500734910718868,0,0,0,0.4473681842749157,0,0,0,0.2301306399287827,0,0,0,0,0,0,0,0.08280801660664655,0,0,0,0,0,0,0,0,0,0,0,0,0,0,0,0,0,0,0,0,0,0,0,0,0,0,0,0,0,0,0,4,1.079612710061248,0.5960389630559798,0.7787759514430285,456.696107,125.52235879937112,110.08291317201541
411_b,10m,411,411_b,0,0,0.3526250978693253,0,0,0,0.999999999994085,0,0,0,0.40597883079065056,0,0,0,0,0,0,0,0.38629190665152335,0,0,0,0,0,0,0,0,0,0,0,0,0,0,0,0,0,0,0,0,0,0,0,0,0,0,0,0,0,0,0,4,1.2763822216435474,0.6873469675526016,0.9207151507219918,456.696107,156.19586827335056,250.14714938067982
411_c,10m,411,411_c,0,0,0,0,0,0,0.05274663465796789,0,0,0,1.002577718996052,0,0,0,0,0,0,0,0.10634483499021177,0,0,0,0,0,0,0,0,0,0,0,0,0,0,0,0,0,0,0,0,0,0,0,0,0,0,0,0,0,0,0,3,0.4863901081198355,0.24470384072995832,0.44273135585394285,338.117503,55.37037611621613,141.90783295777197
411_d,10m,411,411_d,0,0,0.1236977091103438,0.6374176958478762,0,0,0.5704787343136339,0,0,0,0.3613128102127168,0,0,0,0,0,0,0,0.5211999938247015,0.7406699224873486,0,0,0,0,0,0,0,0,0,0,0,0,0,0,0,0,0,0,0,0,0,0,0,0,0,0,0,0,0,0,6,1.691103139348265,0.8055327164303543,0.9438226326644413,509.88768699999997,171.24551686341218,351.19069972832364
510_a,10m,510,510_a,0,0,0.005622948107868677,0,0,0,0,0,0,0,0,0,0,0,0,0,0,0.5304498971104423,0,0,0,0,0,0,0,0,0,0,0,0,0,0,0,0,0,0.316073107832365,0,0,0,0,0,0,0,0,0,0,0,0,0,0,3,0.6960767654248946,0.47488881181732057,0.6335963766332665,277.3886150000001,40.26516437259372,113.07076919978576
510_b,10m,510,510_b,0,0,0.46508258780335976,0,0,0,0,0,0,0,0.5066687759858063,0,0,0,0,0,0,0.5736962720596965,0,0,0,0,0,0,0,0,0,0,0,0,0,0,0,0,0,0,0,0,0.8615355879680383,0,0,0,0,0,0,0,0.30263473901527993,0,0,0,5,1.5538676519086352,0.7771768925468133,0.9654722558129496,486.41618600000004,152.6364081152875,274.46720474049215
510_c,10m,510,510_c,0,0,1.637701965849438,0,0,0,0,0,0,0,0,0,0,0,0,0,0,0,0.01056092408165648,0,0,0,0,0,0,0,0,0,0,0,0,0,0,0,0,0,0,0,0,0,0,0,0,0,0,0,0,0,0,0,2,0.038745655753848515,0.01273250411389193,0.055898165412068185,247.46847400000001,3.1508933632635716,203.94655106103895
510_d,10m,510,510_d,0,0,0.036673993457088154,0,0,0,0,0,0,0,0.1286592314834384,0,0,0,0,0,0,0,0.16689289717944822,0,0,0,0,0,0,0,0,0,0,0,0,0,0,0,0,0.4786806863104642,0,0,0,0,0,0,0,0,0,0,0,0,0,0,4,1.0686208730725355,0.5819659046126517,0.7708470170860907,463.926641,133.6336860744798,110.29995598658823
609_a,10m,609,609_a,0,0,0,0,0,0,0,0,0,0,0,0,0,0,0,0,0,0.7944519110413213,0,0,0,0,0,0,0,0.8686767824640149,0,0,0,0.04965533497005906,0,0,0,0,0,0,0,0,0,0,0,0,0,0,0,0,0,0,0,0,3,0.8033019184544937,0.5267912939997925,0.7311969170018731,395.55861000000004,142.53968125003593,234.6866765377451
609_b,10m,609,609_b,0,0,0,0,0,0,0,0,0,0,0,0,0,0,0,0,0,0,0,0,0,0,0,0,1.3246054858510374,1.9726074603948849,0,0,0,0.9324320710896868,0,0,0,0,0,0,0,0,0,0,0,0,0,0,0,0,0,0,0,0,3,1.0526675970951447,0.6358173854717428,0.9581793394750157,395.558611,169.46763782508344,559.5521640231892
609_c,10m,609,609_c,0,0,0.5212544736550012,0,0,0,0,0,0,0,0,0,0,0,0,0,0,0.19878815696063382,0,0,0,0,0,0,0,0.9532190990856895,0,0,0,0,0,0,0,0,0,0,0,0,0,0,0,0,0,0,0,0,0,0,0,0,3,0.9369566671624179,0.5643090541499022,0.8528547121007782,390.4029770000001,150.82693018487163,232.26932520700726
609_d,10m,609,609_d,0,0,0,0,0,0,0,0,0,0,0,0,0,0,0,0,0,0.11662955061819924,0,0,0,0,0,0,0,0.028288445914029604,0,0,0,0,0,0,0,0,0,0,0,0,0,0,0,0,0,0,0,0,0,0,0,0,2,0.4936802008501135,0.31419773100852555,0.7122299775515262,271.82437300000004,85.40660122941517,19.696121727724098
708_a,10m,708,708_a,0,0,0,0,0,0,0,0,0,0,0,0,0,0,0,0,0,1.2489423882845316,0,0,0,0,0,0,0.002144313481178457,0,0,0,0,0,0,0,0,0,0,0,0,0,0.45491944420588687,0,0,0,0,0,0,0,0,0,0,0,3,0.5891670654549356,0.3929429618076794,0.5362829740137038,285.0415910000001,32.02992058743385,150.98491819854786
708_b,10m,708,708_b,0,0,0,0,0,0,0,0,0,0,0,0,0,0,0,0,0,1.5675109944447296,0,0,0,0,0,0,0.14918375698505795,2.9568253314396227,0,0,0,0.5902228129949594,0,0,0,0,0,0,0,0,0,0,0,0,0,0,0,0,0,0,0,0,4,1.031045332251204,0.582396867218164,0.7437419938852629,517.9637020000001,156.07229444530734,698.5386392160533
708_c,10m,708,708_c,0,0,0,0,0,0,0,0,0,0,0,0,0,0,0,0,0,0.6375726262984298,0,0,0,0,0,0,0,0,0,0,0,0,0,0,0,0,0,0,0,0,0.3139669845008568,0,0,0,0,0,0,0,0,0,0,0,2,0.634148052375666,0.44217063416939983,0.914882250351768,80.46281500000006,35.57829393560514,38.28177767265472
708_d,10m,708,708_d,0,0,0.14839513138028154,0,0,0,0,0,0,0,0,0,0,0,0,0,0,0.3577410833149611,0,0,0,0,0,0,0.005777091615123609,0,0,0,0,0,0,0,0,0,0,0,0,0,0.3093516084123024,0,0,0,0,0,0,0,0,0,0,0,4,1.0737978519413147,0.6356704045696199,0.7745814179564781,403.6201950000001,99.44001402025572,127.31539484706873
807_a,10m,807,807_a,0,0,0,0,0,0,0,0,0,0,0,0,0,0,0.6196519222748553,0,0,0.11904486277422803,0,0,0,0,0,0,0.7756608927132292,0.08878946723541738,0,0.016054063340015995,0,0.12843207327831008,0,0,0,0,0,0,0,0,0,0,0,0,0.002620304585933303,0,0,0,0,0,0,0,7,1.3067778832393282,0.6655881987816386,0.6715509880421424,770.6409720000003,163.4560861053318,293.96039129468255
807_b,10m,807,807_b,0,0,0,0,0,0,0,0,0,0,0,0,0,0,0,0,0,1.0065150195271257,0,0,0,0,0,0,0,0,0,0,0,0,0,0,0,0,0,0,0,0,0,0,0,0,0,0,0,0,0,0,0,0,1,-0,0,0,1,0,1.0065150195271257
807_c,10m,807,807_c,0,0,0,0,0,0,0,0,0,0,0,0,0,0,0,0,0,0.6622254484562791,0,0,0,0,0,0,0,0.7343127716146344,0,0,0,0,0,0,0,0,0,0,0,0,0,0,0,0,0,0,0,0,0,0,0,0,2,0.691814349284812,0.49866776097658383,0.9980771309290235,271.82437300000004,135.55005146277372,189.80656305669973
807_d,10m,807,807_d,0,0,0,0,0,0,0,0,0,0,0,0,0,0,0,0,0,0.6909443247297594,0,0,0,0,0,0,0.3116571555445627,0.620711323039383,0,0,0,0.1271572238896563,0,0,0,0,0,0.43839448036292217,0,0,0,0,0,0,0.004233947067716189,0,0,0,0,0,0,0,6,1.4974078731003726,0.7571162336528302,0.8357192462588195,569.9718090000001,175.4451669912683,295.3902103850985
906_a,10m,906,906_a,0,0,0,0,0,0,0,0,0,0,0,0,0,0,0,0,0,0.06952047866199403,0,0,0,0,0,0,0,0.798832499238658,0,0,0,0,0,0,0,0,0,0,0,0,0,0,0,0,0,0,0,0,0,0,0,0,2,0.27891627966982224,0.14730106217048755,0.40239113350285177,271.82437300000004,40.04001886672679,118.0197522449198
906_b,10m,906,906_b,0,0,0,0,0,0,0,0,0,0,0,0,0,0,0,0,0,1.6981237195024768,0,0,0,0,0,0,0,0,0,0,0,0,0,0,0,0,0,0,0,0,0,0,0,0,0,0,0,0,0,0,0,0,1,-0,0,0,1,0,1.6981237195024768
906_c,10m,906,906_c,0,0,0,0,0,0,0,0,0,0,0,0,0,0,0.22494498410050776,0,0,0.6491995020427307,0,0,0,0,0,0,0,0,0,0,0,0,0,0,0,0,0,0,0,0,0,0,0,0,0,0,0,0,0,0,0,0,2,0.5702472909058995,0.3822240784600115,0.8226929386703073,195.75912400000018,74.82385077103916,85.56087942841532
906_d,10m,906,906_d,0,0,0,0,0,0,0,0,0,0,0,0,0,0,0,0,0,0.0077358500929432085,0,0,0,0,0,0,0,0,0,0,0,0,0,0,0,0,0,0.40365111233563605,0,0,0,0,0,0,0,0,0,0,0,0,0,0,2,0.09334851771092142,0.03690142577674327,0.1346734435758819,80.46281500000006,2.969192595510325,16.550676723608994
1005_a,10m,1005,1005_a,0,0,0,0,0,0,0,0,0,0,0,0,0,0,1.0733564089670966,0,0,0.14051878781277802,0,0,0,0,7.355438329723996e-7,0,0,0,0,0,0,0,0,0,0,0,0,0,0,0,0,0,0,0,0.14136122015947378,0,0,0,0,0,0,0,4,0.6554627055848011,0.35109520391092564,0.47281639741742765,788.2110250000002,66.23668033689408,401.21894373539203
1005_b,10m,1005,1005_b,0,0,0,0,0,0,0,0,0,0,0,0,0,0,0.6039467250799799,0,0.3278030561913649,0.724294473074858,0,0,0,0,0.4742018130934226,0,0,0.6628579737053784,0,0,0,0,0,0,0,0,0,0,0,0,0,0,0,0,0.003683546499213981,0,0,0,0,0,0,0,6,1.5829680235675705,0.7876417570684507,0.8834712754438864,1047.857449,309.22545362142284,658.0104914628458
1005_c,10m,1005,1005_c,0,0,0.3306470031340614,0,0,0,0,0,0,0,0,0,0,0,0.01940225431942278,0,0.6721969437956098,2.3642622890197244e-4,0,0,0,0,0,0,0,0.33714202628341705,0,0,0,0,0,0,0,0,0,0,0,0,0,0,0,0,0.3411859086710878,0,0,0.5455994285578833,0,0,0,0,7,1.5996609029919882,0.7841405594297948,0.8220630864012813,756.5062430000002,196.04540069377967,345.987547659986
1005_d,10m,1005,1005_d,0,0,0.6094293914856289,0,0,0,0.25185940294815046,0,0,0,0.0020172734222875465,0,0,0,0.12389332884073956,0,0,0,0.06838394910802618,0,0,0,0,0,0,0,0,0,0,0,0,0,0,0,0,0,0,0,0,0,0,0,0.9302799630466292,0,0,0.45440057140630175,0,0,0,0,7,1.5188594122164225,0.7436109509128297,0.7805393342307134,665.4091920000001,168.75055633266427,365.5677278840185
1104_a,10m,1104,1104_a,0,0,0.260057655147405,0,0,0,0.8815278089499723,0,0,0,0,0,0,0,0,0,0,0,0,0,0,0,0.709806256860141,0,0,0,0,0,0,0,0,0,0,0,0,0,0,0,0.11091670660625498,0,0,0,0.44905358603528883,0,0,0.6116947801035949,0,0,0,0.03608045911449015,7,1.6832125975877004,0.79291475657981,0.8650001637562015,1093.7409870000001,327.4310571465315,746.0920630332013
1104_b,10m,1104,1104_b,0,0,0.5514473578975884,0.2051504081795805,0,0,0,0,0,0,0,0,0,0,0,0,0,0,0,0,0,0,0.2633666196412872,0,0,0,0,0,0,0,0,0,0,0,0,0,0,0,0.4151703469716187,0,0,0,0.5509464139381072,0,0,0.8468123687151123,0,0,0,0.036306585775318694,7,1.7368551754254136,0.8044460508233372,0.8925669955874426,1040.998556,239.13866805903288,610.1728664118182
1104_c,10m,1104,1104_c,0,0,0.1453096735832027,0.039661128084156894,0,0,0,0,0,0,0,0,0,0,0,0,0,0,0.4048226653132127,0,0,0.02496395120978635,1.9734656626779943,0,0,0,0,0,0,0,0,0,0,0,0,0,0,0,0.0010409152843348307,0,0,0,0,0,0,0,0,0,0,0,6,0.7706661231461283,0.39117169856508927,0.43011695285090634,1035.429591,242.48373074430592,1003.0718267977098
1104_d,10m,1104,1104_d,0,0,0.0521936306285969,0,0,0,0,0,0,0,0,0,0,0,0,0,0,0,0,0,0,0.19689274623669903,0.10645370510940523,0,0,0,0,0,0,0,0,0,0,0,0,0,0,0,0.24856393795495071,0,0,0,0,0,0,0.38830521985282446,0,0,0,0,5,1.4291717624952558,0.7305363637507095,0.8879943435244348,970.816282,247.0469745341044,365.62045055354776
1203_a,10m,1203,1203_a,0,0,0.32808353247747263,0,0,0,0.002093188142604886,0,0,0,0,0,0,0,0,0,0,0,0,0,0,0,0.2710277361310883,0,0,0,0,0,0,0,0,0,0,0,0,0,0,0,0,0,0,0,0.2274786716514565,0,0,0,0,0,0,0,4,1.1023480211324623,0.6609284507813296,0.7951760117107829,866.558222,338.4566986837191,376.642118806401
1203_b,10m,1203,1203_b,0,0,0,0,0,0,0.3098953125352686,0,0,0,0.12411111031290373,0,0,0,0,0,0,0,0,0,0,0,1.9567059744423398,0,0,0,0,0,0,0,0,0,0,0,0,0,0,0,0,0,0,0,0.003201781237129308,0,0,0,0,0,0,0,4,0.5917769371096995,0.31246423865316464,0.4268768262403117,838.628648,196.6201156703225,910.0839796636229
1203_c,10m,1203,1203_c,0,0,0.3268940605172103,0,0,0,0.6901046874237371,0,0,0,0,0,0,0,0,0,0,0,0,0,0,0,1.9004831626664682,0,0,0,0,0,0,0,0,0,0,0,0,0,0,0,0,0,0,0,0,0,0,0,0,0,0,0,3,0.8654612974825162,0.5071560189358529,0.7877768220959448,768.6786589999999,307.813171762009,944.8178203487447
1203_d,10m,1203,1203_d,0,0,0.8901974614635491,0,0,0,0,0,0,0,0,0,0,0,0,0,0,0,0,0,0,0,1.9019506387789638,0,0,0,0,0,0,0,0,0,0,0,0,0,0,0,0,0,0,0.21826494090044218,0,0,0,0,0,0,0,0,3,0.8406592694315042,0.508141825792902,0.7652010432640144,768.67866,312.6363100187512,956.1404566485285
16_a,10m,16,16_a,0,0,0,0,0,0,1.0205919228006568,0,0,0,0,0,0,0,0,0,0,0,0.8436922598327794,0,0,0,0,0,0,0,0,0,0,0,0,0,0,0,0,0,0,0,0,0,0,0.304179644070166,0,0,0,0,0,0,0,0,3,0.9975012358659257,0.60743144192108,0.9079647534939146,345.348036,143.49239160019906,259.9163530527642
16_b,10m,16,16_b,0,0,0.18431871001834482,0,0,0,0.7997519143206187,0,0,0,0,0,0,0,0,0,0,0,0,0,0,0,0,0,0,0,0,0,0,0,0,0,0,0,0,0,0,0,0,0,0,0.6919737645117949,0,0,0,0,0,0,0,0,3,0.9610527550717657,0.5897639703286668,0.87478791652411525,335.03677,123.55564415224555,188.5647530852992
16_c,10m,16,16_c,0,0,0.8156812900453809,0,0,0,0.7541043382576864,0,0,0,0,0,0,0,0,0,0,0,0.4478684631708844,0,0,0,0,0,0,0,0,0,0,0,0,0,0,0,0,0.3587718483490615,0,0,0,0,0,0.003846591417625443,0,0,0,0,0,0,0,0,5,1.3410744576075797,0.7240714731962362,0.8332564103571725,475.70333899999997,170.76878480504087,342.1783997972564
16_d,10m,16,16_d,0,0,0,0,0,0,0.07463337305097632,0,0.7033805747342579,0,0,0,0,0,0,0,0,0,1.1887765561715369,0,0,0,0,0,0,0,0,0,0,0,0,0,0,0,0,0.7068043586472582,0,0,0.11250338812473913,0,0,0.9999999999920933,0,0,0,0,0,0,0,0,6,1.5232652901671622,0.7610154566457804,0.8501505454989623,451.785427,149.37791221873115,359.63516251387927
1302_a,10m,1302,1302_a,0,0,0,0,0,0,0,0,0,0,0,0,0,0,0.07554727232269332,0,0,0,0,0,0,0.48325557681361775,0,0,0,0,0,0,0,0,0,0,0,0,0,0.9906462446601676,0,0,0,0,0,0,0,0,0,0,0,0,0,0,3,0.7966568463845624,0.49157483295574544,0.7251483117400592,222.30163400000012,91.89099430403297,183.1331050918072
1302_b,10m,1302,1302_b,0,0,0.037350252825565596,0,0,0,0,0,0,0,0,0,0,0,0,0,0,0,0,0,0,0.01653298052614595,0,0,0,0,0,0,0,0,0,0,0,0,0,0,0,0,0.9226640056825198,0,0,0,0.19356086498151118,0,0,0,0,0,0,0,4,0.6551138560434262,0.34963946843738913,0.4725647556657486,346.81347,26.078775545416214,125.99453106621354
1302_c,10m,1302,1302_c,0,0,0,0.9655929207600861,0,0,0.570393897811006,0,0,0,0,0,0,0,0.047630461989515316,0,0,0,0,0,0,0,0,0,0,0,0,0,0,0,0,0,0,0,0,0,0,0,0.9619515453690942,0,0,0,0.13603912499345694,0,0,0,0,0,0,0,5,1.2876283535825739,0.6935282339862716,0.8000484788103293,437.4624980000001,148.4656571511988,297.48511231994553
1302_d,10m,1302,1302_d,0,0,0,0,0,0,0,0,0,0,0,0,0,0,1.8768222656619484,0,0,0,0,0,0,0,0,0,0,0,0,0,0,0,0,0,0,0,0,0.09043770952298795,0,0,0.2266077367845219,0,0,0,0.032396625738774824,0,0,0,0,0,0,0,4,0.5682044211571832,0.2770664703286132,0.4098728503073261,211.54748600000013,51.971982614637895,279.22384679400545
115_a,10m,115,115_a,0,0,0,0,0,0,0.4271882066249157,0,0.3287361075383187,0,0,0,0,0,0,0,0,0,0,0,0,0,0,0,0,0,0,0,0,0,0,0,0,0,0,0,0,0.5469672238022671,0,0,0,0,0,0,0,0,0,0,0,0,3,1.0774527885705847,0.6525942982727497,0.9807397929954182,286.40815499999997,125.35863204652595,129.29125124621336
115_b,10m,115,115_b,0,0,0,0,0,0,0.6369589494273936,0,0.16543285858566753,0,0,0,0,0,0,0,0,0,0,0,0,0,0,0,0,0,0,0,0,0,0,0,0,0,0,1.661010085504873e-4,0,1.125068594031237,0,0,0,0.02982852104976537,0,0,0,0,0,0,0,0,5,0.9570028886878446,0.5563888560585555,0.5946193272162213,301.250706,105.08735413931338,178.58136699364664
115_c,10m,115,115_c,0,0,0,0,0,0,0.865788831211915,0,0.16974312435969494,0,0,0,0,0,0,0,0,0,0.625787425406579,0.3321940310105925,0,0,0,0,0,0,0,0,0,0,0,0,0,0,0,0,0,0,0,0,0,0,0,0,0,0,0.23748108733954304,0,0,0,5,1.441915500781348,0.7314300362840913,0.8959124733184688,457.31996,155.28505097594484,276.7465240199027
115_d,10m,115,115_d,0,0,0,0,0,0,0.6393176279338622,0,0.33608790950038275,0,0,0,0,0,0,0,0,0,0,0,0,0,0,0,0,0,0,0,0,0,0,0,0,0,0,0,0,2.2661382824526193,0,0,0,0,0.013515077461756338,0,0,0,0.12375267144692646,0,0,0,5,0.9556968657694254,0.5031202218955584,0.5938078495516721,422.60130699999996,98.89475782904273,235.62306154578
1401_a,10m,1401,1401_a,0,0,0.2368511313237447,0,0,0,0,0,0,0,0,0,0,0,0,0,0,0,0,0,0,0,0.9691124517841843,0,0,0,0,0,0,0,0,0,0,0,0,0,0,0,0,0,0,0,0,0,0,0,0.16006940923771487,0,0,0,3,0.7985891964609886,0.45290762184591593,0.7269072125791977,768.67866,277.65567924145785,568.547737186301
1401_b,10m,1401,1401_b,0,0,0.47567391003428117,0,0,0,0,0,0,0,0.9157388946314537,0.7103287564039206,0,0,0,0,0,0,0,0,0,0,0,0,0,0,0,0,0,0,0,0,0,0,0,0,0,0,0.4118717532692952,0,0,0,0,0,0,0,0.25713199385426744,0,0,0,5,1.5213535372108398,0.764861458116997,0.9452701004849311,452.7602420000001,134.18045411311363,247.99357293371816
1401_c,10m,1401,1401_c,0,0,0,0,0,0,0,0,0,0,0,0.04691494248564022,0,0,0,0,0,0,0,0,0,0,0,0,0,0,4.131860909995321e-4,0,0,0,0,0,0,0,0,0.5250716395824427,0,0,0.19674497525462697,0,0,0,0,0,0,0,0,0,0,0,4,0.7839992521185423,0.4648094113929301,0.5655359165460385,373.71559700000006,25.5056904984102,139.44438033131271
1401_d,10m,1401,1401_d,0,0,0.47246110288709575,0,0,0,0,0,0,0,0,0,0,0,0,0,0,0,0,0,0,0,0,0,0,0,0.08686594690595643,0,0,0,0,0,0,0,0,0,0,0,0.0027765459192595964,0,0,0,0,0,0,0,0,0,0.09160367942414054,0,4,0.8014497748339546,0.4403333771215957,0.5781238078372614,501.5509849999999,112.39955010657826,103.0842717991107
214_a,10m,214,214_a,0,0,0,0.0112657115292768,0,0,0.22542461537376118,0,1.2862751399771883,0,0,0,0,0,0,0,0,0,1.2163829986643626,0,0,0,0,0,0,0,0,0,0,0,0,0,0,0,0,0,0,0,0,0,0,0,0,0,0,0,0,0,0,0,4,0.9435738126351588,0.5755568005485309,0.6806446301007179,456.696107,137.27166901200147,321.96341783409156
214_b,10m,214,214_b,0,0,0,0,0,0,2.906149889923987,0,0.14956019461519374,0,0,0,0,0,0,0,0,0,1.000000000009233,0,0,0,0,0,0,0,0,0,0,0,0,0,0,0,0,0,0,0,0,0,0,0,0,0,0,0,0,0,0,0,3,0.7057485878666753,0.4243905648184453,0.642400048812745,338.117503,101.52629759794299,433.81659621968726
214_c,10m,214,214_c,0,0,0,0,0,0,1.5909293081541078,0,0.006079975495622128,0,0,0,0,0,0,0,0,0,0.0699277448362678,0,0,0,0,0,0,0,0,0,0,0,0,0,0,0,0,0,0,0,0,0,0,0,0,0,0,0,0,0,0,0,3,0.1980517598176272,0.0873422704893354,0.18027448068848112,338.117503,21.15376895814226,186.50500402535985
214_d,10m,214,214_d,0,0,0,0,0,0,1.07871319147934,0,0.4393631761365939,0,0,0,0,0,0,0,0,0,0.046241806924781984,0,0,0,0,0,0,0,0,0,0,0,0,0,0,0,0,0,0,0,0.49022195050583983,0,0,0,0,0,0,0,0,0,0,0,4,1.095431059114142,0.6211639836286231,0.7901864783098589,435.997066,120.62642550299448,224.40176109745306
1500_a,10m,1500,1500_a,0,0,0,0,0,0,0,0,0,0,0,0,0,0,0,0,0,1.1624158931987119,0,0,0,0,0,0,0,0,0,0,0,0,0,0,0,0,0,0.22054518709439602,0,0,0,0,0.7143077243135233,0,0,0,0,0,0.14849229979343948,0,0,0,4,1.1127161696827925,0.6169013112348825,0.8026550499591636,274.3041210000001,63.598523755011406,173.65103986054265
1500_b,10m,1500,1500_b,0,0,0,0,0,0,0,0,0,0,0,0,0,0,0,0,0,0.38670825348829835,0,0,0,0,0,0,0,0,0,0,0,0,0,0,0,0,0,0,0,0,0.1246261744281618,0.20151057170127296,0.30152385052025565,0,0,0,0,0,0.03479991282841661,0,0,0,5,1.4091672063041083,0.729450142556402,0.8755648139125142,286.08082000000013,55.02549616155283,126.18883674517906
1500_c,10m,1500,1500_c,0,0,0,0,0,0,0,0,0,0,0,0,0,0,0,0,0,0.054499916107665414,0,0,0,0,0.05299386929619773,0,0,0,0,0,0,0,0,0,0,0,0,0,0.4265246032487952,0,1.047408634058407,0,0.42669584821358075,0,0,0,0,0,0.9538084078019016,0,0,0,6,1.4361813031334287,0.7291033278773604,0.8015480469329846,825.0328670000001,125.0259690028973,461.0886363433869
1500_d,10m,1500,1500_d,0,0,0,0,0,0,0,0,0,0,0.8860873868396418,0,0,0,0,0,0,0.3963759372121037,0.10458811341536388,0,0,0,0,0,0,0,0,0,0,0,0,0,0,0,0,0.6210387506677227,0.5068126421468611,0,0.05318426562632383,0,0.17518566691894458,0,0,0,0,0,0,0,0,0,7,1.6695210296775516,0.7835013830146837,0.8579640897027331,413.1445020000002,113.9429184818393,246.07675624775314
313_a,10m,313,313_a,0,0,0.49582195431755344,0,0,0,5.02771639543016e-4,0,0,0,0,0,0,0,0,0,0,0,0,0,0,0,0,0,0,0,0,0,0,0,0,0,0,0,0,0.5347996363914088,0,0,0,0,0,0,0,0,0,0,0,0,0,0,3,0.6963001148275733,0.499772775613743,0.6337996780208283,335.03677,118.50377738445843,131.88808194594176
313_b,10m,313,313_b,0,0,0,1.1984280345656197,0,0,0.08109883787202216,0,0,0,0,0,0,0,0,0,0,0,0,0,0,0,0,0,0,0,0,0,0,0,0,0,0,0,0,0.1479667280659916,0,0,0,0,0,0,0,0,0,0,0,0,0,0,3,0.5447329654917661,0.2812123330369618,0.49583731322736885,335.03677,66.20395760737449,185.22780174451657
313_c,10m,313,313_c,0,0,0,0.6297983439322042,0,0,0.3547499712168427,0,0,0,0,0,0,0,0,0,0,0,0.17419585051471045,0,0,0,0,0,0,0,0,0,0,0,0,0,0,0,0,0.3143287603676206,0,0,0,0,0,0,0,0,0,0,0,0,0,0,4,1.2882096916824182,0.6996971781512764,0.9292468669076627,463.92663999999996,163.8338374905679,187.578406582328
313_d,10m,313,313_d,0,0,0,0,0,0,0.07225919985505432,0,0,0,0,0,0,0,0,0,0,0,0,0,0,0,0,0,0,0,0,0,0,0,0,0,0,0,0,0.9855168179858098,0,0,0.7757970058122218,0,0,0,0,0,0,0,0,0,0,0,3,0.8250665206310648,0.530538232059148,0.7510079116549159,199.77078699999998,18.47049209834059,108.00639556928844
412_a,10m,412,412_a,0,0,0.18436983193837522,0,0,0,0.24303528881634814,0,0,0,0,0,0,0,0,0,0.05104338957010153,0,0.08900597340999451,0.2593300776224462,0,0,0,0,0,0,0,0,0,0,0,0,0,0,0,0,0,0,0,0,0,0,0,0,0,0,0,0,0,0,5,1.4700688390211287,0.7500807684444405,0.9134051258913176,486.442255,167.45966221270402,180.05642987134962
412_b,10m,412,412_b,0,0,1.0093498017962426,0,0,0,1.5342384634849258,0,0,0,0,0,0,0,0,0,0.7975093640918726,0,0,0,0,0,0,0,0,0,0,0,0,0,0,0,0,0,0,0,0,0,0,0,0,0,0,0,0,0,0,0,0,0,3,1.0609417659730065,0.6408922512994218,0.9657108125553805,366.04707699999994,155.73975628177686,405.44998977984716
412_c,10m,412,412_c,0,0,0.9424327535860262,0,0,0,0.24984833517184477,0,0,0,0.02761340678800151,0,0,0,0,0,0.15142349895883286,0,0,0,0,0,0,0,0,0,0.21817636241081179,0,0,0,0,0,0,0,0,0.056375913651184786,0,0,0,0,0,0,0,0,0,0,0,0,0,0,6,1.276964758774756,0.621588610497029,0.7126876016036413,702.6658059999999,156.09544153633726,236.07430205325582
412_d,10m,412,412_d,0,0,0,0,0,0,0,0,0,0,0.379734211135286,0,0,0,0,0,2.3747381859148683e-5,0,0.9096438653980808,0,0,0,0,0,0,0,0.07543007595737912,0,0,0,0,0,0,0,0,0.023502285662931523,0,0,0,0,0,0,0,0,0,0,0,0,0,0,5,0.8590936725236787,0.49265556991543835,0.5337849107980766,605.7789019999999,123.94014561259002,201.33933337316205
511_a,10m,511,511_a,0,0,0.168667751618734,0.37156327818431273,0,0,0,0,0,0,0.6235278339633683,0,0,0,0,0,0,0,0.6978352702281387,0,0,0,0,0,0,0,0,0,0,0,0,0,0,0,0,0,0,0,0,0,0,0,0,0,0,0,0,0,0,0,4,1.273375803348831,0.6992470743961263,0.9185464783396792,411.184209,165.35169577818382,263.26475958237256
511_b,10m,511,511_b,0,0,0.6885620670249002,0.3538883386590517,0,0,0.32082240703675424,0,0,0,0.45298059585720485,0,0,0,0,0,0,0,0.1470944925548364,0,0,0,0,0,0,0,0,0,0,0,0,0,0,0,0,0,0,0,0,0,0,0,0,0,0,0,0,0,0,0,5,1.504830271672059,0.7589691878138507,0.9350036183726816,501.833238,158.6422584415429,241.92501662813672
511_c,10m,511,511_c,0,0,0.6309192660095797,0.7246248626336479,0,0,0.30751273255296513,0,0,0,0.17408903223863148,0,0,0,0,0,0,0,0.34383740451432754,0,0,0,0,0,0,0,0.10446022289381078,0,0,0,0,0,0,0,0,0,0,0,0,0,0,0,0,0,0,0,0,0,0,0,6,1.6115313677173149,0.7746332241085706,0.8994127813436991,649.923374,162.37034474006137,280.2886115711696
511_d,10m,511,511_d,0,0,0.27013774558275383,0.1414131211252648,0,0,0.33611892819561845,0,0,0,0.09462210826932618,0,0,0,0,0,0,0,0.011450596476814958,0,0,0,0,0,0,0,0.4046831326110921,0,0,0,0,0,0,0,0,0,0,0,0,0,0,0,0,0,0,0,0,0,0,0,6,1.5307151120396063,0.7608029082121199,0.8543083702518873,649.923374,186.35190089272123,232.74531219314127
610_a,10m,610,610_a,0,0,0,0,0,0,0,0,0,0,0,0,0,0,0,0,0,0,0,0,0,0,0,0,0,0.24371710654178658,0,0,0,0,0,0,0,0,0,0,0,0,0,0,0,0,0,0,0,0.011042396307758174,0,0,0,0,2,0.17843090937520212,0.08293131531153919,0.2574213880969122,271.824374,22.542752869555777,34.62492119131436
610_b,10m,610,610_b,0,0,0,0,0,0,0,0,0,0,0,0,0,0,0,0,0,0.5863178210389127,0,0,0,0,0,0,0,0,0,0,0,0,0,0,0,0,0,0.8695984657529203,0,0,0,0,0,0,0,0,0,0.21015854096777678,0,0,0,0,3,0.9680486563235055,0.5878181087896996,0.8811558602690567,277.3886150000001,81.84191887126337,161.84106396808525
610_c,10m,610,610_c,0,0,0,0,0,0,0,0,0,0,0.14529028614778233,0,0,0,0,0,0,0,0,0,0,0,0,0,0,0,0,0,0,0,0,0,0,0,0,0.3356477400715715,0,0,0,0,0,0,0,0,0,0.718615825791698,0,0,0,0,3,0.919009952851539,0.5481520094608439,0.836518908745951,335.036771,127.19217843630199,152.98550627111962
610_d,10m,610,610_d,0,0,0,0,0,0,0,0,0,0,0,0,0,0,0,0,0,0,0.2440881415561544,0,0,0,0,0,0,0.5296362506517658,0,0,0,0,0,0,0,0,0,0,0,0,0.12037236259283458,0,0,0,0,0,0,1.048749951726156,0,0,0,0,4,1.1200658976499056,0.6146773172207745,0.8079567580041821,514.137215,161.08276321485118,258.15255603395553
709_a,10m,709,709_a,0,0,0.1872974418830359,0,0,0,7.328615239120548e-5,0,0,0,0,0,0,0,0,0,0,0.09843886878786477,0,0,0,0,0,0,0.9018883387571284,0,0,0,0,0,0,0,0,0,0,0,0,0,0.1867830037523839,0,0,0,0,0,0,0,0,0,0,0,5,1.0086376077170596,0.5272803148447794,0.6267017819852426,501.49975700000005,125.45054673743613,226.2609289133036
709_b,10m,709,709_b,0,0,0,0,0,0,0.15138112429652792,0,0,0,0,0,0,0,0,0,0,0.8120042939673673,0,0,0,0,0,0,0,0,0,0,0,0,0,0,0,0,0,0,0,0,0.18989840337676295,0,0,0,0,0,0,0,0,0,0,0,3,0.8105947146812247,0.45992910695225486,0.7378351061992398,235.99053200000003,63.30201495927946,112.77322852235969
709_c,10m,709,709_c,0,0,0,0,0,0,0.7944717616323083,0,0,0,0,0,0,0,0,0,0,0.2687980956086508,0,0,0,0,0,0,0.08387058108909072,0.724410862229762,0,0,0,0,0,0,0,0,0,0,0,0,0,0,0,0,0,0,0,0,0,0,0,0,4,1.1489841913406769,0.6473458583754454,0.8288168974535052,492.109027,165.3137713470664,250.82746268105385
709_d,10m,709,709_d,0,0,0,0,0,0,0.05407382793589991,0,0,0,0,0,0,0,0,0,0,1.2951271201165162,0,0,0,0,0,0,1.5571398125857567,0.21582723248547572,0,0,0,0,0,0,0,0,0,0,0,0,0.15148848944465837,0,0,0,0,0,0,0,0,0,0,0,5,1.1095594100131012,0.6104730551320492,0.6894080234104918,532.3404350000001,146.04359287914846,379.1082763040073
808_a,10m,808,808_a,0,0,0,0,0,0,0,0,0,0,0,0,0,0,0.004532685716850186,0,0,0.004987052800257063,0,0,0,0,0,0,0.8878608009551213,0.3907991791779908,0,0,0,0,0,0,0,0,0,0.5823670528077076,0,0,0,0,0,0,0,0,0.11379512804255008,0,0,0,0,0,6,1.2324990341793078,0.6715860584062365,0.6878708081896207,660.0416210000002,174.58675870054017,301.08149384666694
808_b,10m,808,808_b,0,0,0,0,0,0,0,0,0,0,0,0,0,0,0,0,0,0.597004861687289,0,0,0,0,0,0,0.43104899327286106,0.07005655469800671,0,0,0,0,0,0,0,0,0,0,0,0,0.5450805559022479,0,0,0,0,0,0,0,0,0,0,0,4,1.219443408792869,0.687327837806027,0.8796424792551025,434.46087300000005,130.85552151806786,203.91261404965337
808_c,10m,808,808_c,0,0,0.2989384243929014,0,0,0,0,0,0,0,0,0,0,0,0,0,0,0.3629893696733622,0,0,0,0,0,0,0.5610296017142467,0,0,0,0,0,0,0,0,0,0,0,0,0,0,0,0,0,0,0,0,0,0,0,0,0,3,1.0623690781711916,0.641701795143877,0.9670100081068116,363.3887870000001,155.98464748145307,150.9898414187434
808_d,10m,808,808_d,0,0,0,0,0,0,0,0,0,0,0,0,0,0,0.20211109695971813,0,0,0.4211279721535203,0,0,0,0,0,0,0.0974120199642042,0,0,0,0,0,0,0,0,0,0,0,0,0,0,0,0,0,0,0,0,0,0,0,0,0,3,0.9409970731351602,0.5615826889182032,0.8565324481086657,342.6897450000002,121.40314184557528,97.45162337171581
907_a,10m,907,907_a,0,0,0,0,0,0,0,0,0,0,0,0,0,0,0,0,0,0.41238814524324363,0,0,0,0,0,0,0,0,0,0,0,0,0,0,0,0,0,0.11206265245777927,0,0,0,0,0,0,0.026480336380184592,0,0,0,0,0,0,0,3,0.6866284081544441,0.3960195717911835,0.6249961112185176,92.23951400000007,30.75208341719306,46.67724339136114
907_b,10m,907,907_b,0,0,0,0,0,0,0,0,0,0,0,0,0,0,1.0855334771526874,0,0,1.5626058910238207,0,0,0,0,0,0,0.024821150743562618,1.1191429777828528,0,0,0,0.3736948808506423,0,0,0,0,0,0,0,0,0,0,0,0,0.4390072478160541,0,0,0,0,0,0,0,6,1.507216824773744,0.7545022275036257,0.8411937264230558,656.0746720000002,174.2545567280875,483.8422894335958
907_c,10m,907,907_c,0,0,0,0,0,0,0,0,0,0,0,0,0,0,0,0,0,1.4760635685305907,0,0,0,0,0,0,0,0.5310410762833777,0,0,0,1.02395578070539,0,0,0,0,0,0.35012495027786705,0,0,0,0,0,0,0.4941622584410583,0.24024418093422914,0,0,0,0,0,0,6,1.6080726525351743,0.7677569656377653,0.8974824356463322,452.25804300000004,153.76630638514374,397.04697267067627
907_d,10m,907,907_d,0,0,0,0,0,0,0,0,0,0,0,0,0,0,0,0,0,0.6345379006446659,0,0,0,0,0,0,0,0.8357184068683527,0,0,0,0.3065328517661462,0,0,0,0,0,0,0,0,0,0,0,0,0.03349590570184681,0,0,0,0,0,0,0,4,1.0988316814541828,0.63500159229968145,0.7926395088028153,435.7900180000001,167.082893963671,274.0696439087335
1006_a,10m,1006,1006_a,0,0,0.04649639032742064,0,0,0,0.736262636228573,0,0,0,0,0,0,0,0,0,0,0.4565692117914697,0.9316160508944137,0,0,0,0,0,0.03250522140576539,0,0,0,0,0,0,0,0,0,0,0,0,0,0,0,0,0,0.25864559371009405,0,0,0,0,0,0,0,6,1.4100005402664535,0.7214472028875201,0.7869362849657076,626.5631390000001,162.77263019365338,309.1070744493141
1006_b,10m,1006,1006_b,0,0,0.013427215080094099,0,0,0,0.011877960859950224,0,0,0,0,0,0,0,0,0,0,1.570062857196811,0.3475129153407069,0,0,0,0,0,0,0.20116750072254075,0,0,0,0,0,0,0,0,0,0,0,0,0,0,0,0,0.32484376794933834,0,0,0,0,0,0,0,6,1.0890397295029888,0.5517664280045247,0.6078046457721139,652.248184,111.77411609224815,245.01068941817798
1006_c,10m,1006,1006_c,0,0,0,0,0,0,0,0,0,0,0,0,0,0,0,0,0,2.384502172171014,0.6524870846719948,0,0,0,0,0,0,0,0,0,0,0,0,0,0,0,0,0.38064873968119195,0,0,0,0,0,0,0,0,0,0,0,0,0,0,3,0.8117432155541552,0.46435360982563656,0.7388805167455963,287.69988100000006,88.95727236502987,275.4837327060398
1006_d,10m,1006,1006_d,0,0,0,0,0,0,0,0,0,0,0,0,0,0,0,0,0,1.001240519925032,0,0,0,0,0.3168219483785484,0,2.0809906245677774,0.9999999999899591,0,0,0,0,0,0,0,0,0,0,0,0,0,0,0,0,0,0,0,0,0,0,0,0,4,1.2172136269673763,0.6675542042475887,0.8780340316641513,908.4173340000001,226.20333249687297,818.8208919957642
1105_a,10m,1105,1105_a,0,0,0,0,0,0,0,0,0,0,0,0,0,0,0,0,0,0,0.06938204281257633,0,0,0.632316044958637,0.2359856470537295,0,0,0,0,0,0,0,0,0,0,0,0,0,0,0,0.23994116499085377,0,0,0.4450640678422474,0.18669809015964312,0,0,0,0,0,0,0,6,1.6053855998095894,0.7706585798936366,0.8959827629660798,888.181881,231.80858075038282,473.3311125852251
1105_b,10m,1105,1105_b,0,0,0,0,0,0,0,0,0,0,0,0,0,0,0.16969015479956115,0,0,0,0.5972857566834986,0,0,0.14582725768162805,0.6636999295066592,0,0,0,0,0,0,0,0,0,0,0,0,0,0,0,1.3653070415682214,0,0,0.1719225460145084,0,0,0,0,0,0,0,0,6,1.4695762969459945,0.7172939407011161,0.8201861478533907,910.0330630000001,295.5571497645133,700.7288747815425
1105_c,10m,1105,1105_c,0,0,0,0,0,0,0,0,0,0,0.997982726549874,0,0,0,0.009711127900016226,0,0,0,0.1771270111300242,0,0,0,0.9999999999969118,0,0,0,0,0,0,0,0,0,0,0,0,0,0,0,1.4010362057810097,0,0,0.09839669051279402,0,0,0,0,0,0,0,0,6,1.33373998154792,0.7053114060605172,0.7443744567581586,890.0660180000001,317.3910857461091,775.8285561168559
1105_d,10m,1105,1105_d,0,0,0,0,0,0,0.41732084119005264,0,0,0,0,0,0,0,0,0,0,0,0.7513825241257998,0,0,0,0,0,0,0,0,0,0,0,0,0,0,0,0,0,0,0,0.15012153086859018,0,0,0.2846166956668132,0.009530114052328302,0,0,0,0,0,0,0,5,1.2630568905557258,0.6762218722079629,0.7847813704385087,361.816061,151.8763285909486,256.0097101257049
1204_a,10m,1204,1204_a,0,0,0,0,0,0,0,0,0,0,0,0,0,0,0,0,0,0,0,0,0,0,0.8085607953250188,0,0,0,0,0,0,0,0,0,0,0,0,0,0,0,0,0,0,0.06475633712246855,0.7469504310104439,0,0,0,0,0,0,0,3,0.8325288130840567,0.5368475283148211,0.7578003829661906,654.791382,325.39454779654955,586.9893922258175
1204_b,10m,1204,1204_b,0,0,0,0,0,0,0.016681550322269593,0,0,0,0,0,0,0,0,0,0,0,0,0,0,0,0,0,0,0,0,0,0,0,0,0,0,0,0,0,0,0,0.22111712091896144,0,0,0,0.3010301670548192,0,0,0,0,0,0,0,3,0.7983540499598928,0.5185234767709858,0.7266931730098962,207.535824,22.545488543506956,93.88481828315825
1204_c,10m,1204,1204_c,0,0,0,0,0,0,0,0,0,0,0,0,0,0,0,0,0,0,0,0,0,0,0,0,0,0,0,0,0,0,0,0,0,0,0,0,0,0,0.9557105867265534,0,0,0,0.006618420786094515,0,0,0,0,0,0,0,2,0.041100322982775044,0.013660406212301135,0.05929523214618425,23.553398,0.3217489843600011,11.333059060445194
1204_d,10m,1204,1204_d,0,0,0,0,0,0,0,0,0,0,0,0,0,0,0,0,0,0,0,0,0,0,0,0,0,0,0,0,0,0,0,0,0,0,0,0,0,0,0,0,0,0,0.43487510295867754,0,0,0,0,0,0,0,1,-0,0,0,1,0,0.43487510295867754
17_a,10m,17,17_a,0,0,0,0,0,0,0,0,0,0,0,0,0,0,0,0,0,0,0.24635049996845715,0,0,0,0,0,0,0,0,0,0,0,0,0,0,0,0,0.3528345298729112,0,0,0.326246373057655,0,0,0,0,0.1070391895945396,0,0,0,0,0,0,4,1.3078450784741011,0.7156884326240514,0.9434108044828114,263.256835,94.86088585499064,154.18937751843666
17_b,10m,17,17_b,0,0,0,0,0,0,0.36554893696907315,0,0,0,0,0,0,0,0,0,0,0,0,0,0,0,0,0,0,0,0,0,0,0,0,0,0,0,0,0.832534383042616,0,0,0,0,0,0,0,0,0,0,0,0,0,0,2,0.6151332139924517,0.42403690484311607,0.8874496373129996,195.75912499999998,83.00909345979663,117.26787143478434
17_c,10m,17,17_c,0,0,0,0,0,0,0,0,0,0,0,0,0,0,0,0,0.007467536406359157,0,0.27336309454380775,0,0,0,0,0,0,0,0,0,0,0,0,0,0,0,0,0.06000452176570271,0,0,0.9811360299813097,0,0,0,0,0,0,0,0,0,0,0,4,0.7168090956266481,0.40432195780806157,0.517068463762334,363.820865,83.8710702183977,166.84150479457423
17_d,10m,17,17_d,0,0,0,0,0,0,0,0,0,0,0,0,0,0,0,0,0,0,0.4394414474133323,0,0,0,0,0,0,0,0,0,0,0,0,0,0,0,0,0.4536463007723834,0,0,0.01886397001699395,0,0,0,0,0.5641649959715727,0,0,0,0,0,0,4,1.1466329583324222,0.6706893499715174,0.8271208413530134,263.256835,109.30516994111372,182.6360800436932
1303_a,10m,1303,1303_a,0,0,0,0,0,0,1.0356075803696823,0,0,0,0,0,0,0,0,0,0,0,0,0,0,0,0,0,0,0,0,0,0,0,0,0,0,0,0,0,0,0,0.5740141574522837,0,0,0,0.07602258035312615,0,0,0,0,0,0,0,3,0.8058916579742181,0.50455537841394,0.733554199499472,207.535824,93.48186454180203,195.12296737054052
1303_b,10m,1303,1303_b,0,0,1.1054408858971108,0.03440707927212162,0,0,0.006459690374186328,0,0,0,0,0,0,0,0,0,0,0,0,0,0,0,0,0,0,0,0,0,0,0,0,0,0,0,0,0,0,0,0.04980747193138188,0,0,0,4.3823023252263603e-4,0,0,0,0,0,0,0,5,0.338637407230619,0.14390451029026774,0.2104072512610733,391.9506,26.29865001466047,232.91684509883603
1303_c,10m,1303,1303_c,0,0,0.5664755815965334,0,0,0,0,0,0,0,0.1614307342469694,0,0,0,0,0,0,0,0,0,0,0,0,0,0,0,0,0,0,0,0,0,0,0,0,0,0,0,0,0,0,0.5204769190060852,0,0,0,0,0,0,0,0,3,0.9878116032407731,0.6035506770847379,0.8991448697868976,335.036771,138.67262090572513,154.61574777256953
1303_d,10m,1303,1303_d,0,0,0,0,0,0,0.9870378268486418,0,0,0,0,0,0,0,0,0,0,0,1.9269060143427773e-4,0,0,0,1.0000000000125226,0,0,0,0,0,0,0,0,0,0,0,0,0,0,0,0.02307578851841605,0,0,0,0,0,0,0,0,0,0,0.011508950857981223,5,0.7796116354173785,0.5168699235731032,0.4843999444739689,982.8618620000001,328.4819411612253,652.3930106445814
116_a,10m,116,116_a,0,0,0,0,0,0,0.4286113972309649,0,0,0,0,0,0,0,0,0,0,0,0,0.012191270500801913,0,0,0,0,0,0,0,0,0,0,0,0,0,0,0,0,0,0,0,0,0,0,0.5366072251922559,0,0,0,0.23011218721736657,0,0,0,4,1.0903833614576781,0.6401125820076645,0.7865453341214151,456.496044,134.42600094868337,147.41483931284614
116_b,10m,116,116_b,0,0,0,0,0,0,0.8406152071085646,0,0,0,0,0,0,0,0,0,0,0,0,0.7975126776984474,0,0,0,0,0,0,0,0,0,0,0,0,0,0,0,0,0,0,0,0,0,0,0,0,0,0,0.40865405382986875,0,0,0,3,1.0544048722719777,0.639640833120407,0.95976067548841415,358.61648099999996,154.16269483719518,250.11964064116816
116_c,10m,116,116_c,0,0,0,0,0,0,0.7738247367300699,0,0.2966194254181752,0,0,0,0,0,0,0,0,0,1.3011392932281673,0,0,0,0,0,0,0,0,0,0,0,0,0,0,0,0,0.3234969711952728,0,0,0.15031795745865845,0,0,0,0,0,0,0,0,0,0,0,5,1.35016929931112,0.6903524407227151,0.8389073532318717,440.008728,157.7336308282093,386.88409521669666
116_d,10m,116,116_d,0,0,0,0,0,0,0.10732112533855946,0,0,0,0,0,0,0,0,0,0,0,2.160556956012942,0.005043476174910657,0,0,0,0,0,0,0,0,0,0,0,0,0,0,0,0,0,0,0,0,0,0,0,0,0,0,0,0,0,0,3,0.2059070057573831,0.09419406624300919,0.18742463367764814,255.522922,22.33407420348633,146.40180368586192
1402_a,10m,1402,1402_a,0,0,0,0,0,0,0,0,0,0,0,0,0,0,0,0,0.7395348199032376,0,0,0,0,0,0,0,0,0,0.7896856472426806,0,0,0,0,0,0,0,0,0,0,0,0.28014361913016533,0,0,0,0,0,0,0,0,0,0.5348281530183611,0,4,1.3215157744578692,0.7206605100482588,0.9532721271334529,506.70661799999993,187.84973722345552,314.1803472957756
1402_b,10m,1402,1402_b,0,0,0,0,0,0,0,0,0,0,0,0,0,0,0,0,0,0,0,0,0,0,0,0,0,0,0.11892915060534147,0,0,0,0,0,0,0,0,0.9241970295140478,0,0,0,0,0,0,0,0,0,0,0,0,0,0,2,0.35482253171010425,0.20202689560693488,0.5119007068938344,271.8243729999999,54.91583422749159,141.77356033805296
1402_c,10m,1402,1402_c,0,0,0,0,0,0,0.23579247856083768,0,0,0,0,0,0,0,0,0,0,0,0,0,0,0,0,0,0,0,0,0,0,0,0,0,0,0,0,0.002113072603305192,0,0,0.09302003824985572,0,0,0,0.33372982730088224,0,0,0,0,0,0,0,4,1.0070581292785363,0.6024353255234796,0.7264388844985306,211.547486,93.0130990943337,121.25904313362507
1402_d,10m,1402,1402_d,0,0,0.5997886792529001,0,0,0,1.6076922935719917,0,0,0,0.2024817194387541,0,0,0,0,0,0.26046518011113023,0,0,0,0,0,0,0,0,0,0.004106069136355206,0,0,0,0,0,0,0,0,0,0,0,0.8274281363012206,0,0,0,0,0,0,0,0,0,0,0,6,1.3665050636807168,0.6952058183522158,0.7626609972762969,702.6658059999999,153.2947619683301,394.2506076371272
215_a,10m,215,215_a,0,0,0,0,0,0,0.8494588524236758,0,0,0,0,0,0,0,0,0,0.8140659171670754,0,0.31045541669877763,0,0,0,0,0,0,0,0,0,0,0,0,0,0,0,0,0,0,0,0,0,0,0,0,0,0,0,0,0,0,0,3,1.0190640059294243,0.6200105039367435,0.9275920326404459,359.80920199999997,150.4771463094689,242.83019654062255
215_b,10m,215,215_b,0,0,0,0,0,0,0.40774299636903144,0,0,0,0,0,0,0,0,0,0,0,0.9933197354359723,0,0,0,0,0,0,0,0,0,0,0,0,0,0,0,0,0,0,0.006142605362318588,0,0,0,0,0,0,0,0,0,0,0,0,3,0.628509697838503,0.4177555096183213,0.5720941812879862,345.348036,103.25051339314939,189.27327498292547
215_c,10m,215,215_c,0,0,0,0,0,0,0.30236328052423483,0,0,0,0,0,0,0,0,0,0,0,0.554525050300787,0,0,0,0,0,0,0,0,0,0,0,0,0,0,0,0,0,0,0.21193385231157819,0,0,0,0,0.008042400561602233,0,0,0,0,0,0,0,4,1.0548981158007065,0.617205991323667,0.7609481401543954,357.124735,146.14906047503453,212.7570515761851
215_d,10m,215,215_d,0,0,0,0,0,0,0.33347961881620936,0,0,0,0,0,0,0,0,0,0.1781080177891988,0,0.34946190567162355,0,0,0,0,0,0,0,0,0,0,0,0,0,0,0,0,0.010416438391257877,0,0,0,0,0,0,0,0,0,0,0,0,0,0,4,1.111437423491195,0.6508496728284561,0.8017326295645769,457.688765,156.85666717609837,130.17616726347325
1501_a,10m,1501,1501_a,0,0,0,0,0,0,0,0,0,0,0.11391261320707499,0,0,0,0,0,0,0,0.002396052924895193,0,0,0,0,0,0,0,0,0,0,0,0,0,0,0,0,0.0255453305391897,1.1414310907960075,0,0.22805341858012737,0,0,0,0,0,0,0,0,0,0,0,5,0.7714238768832866,0.4008663038127591,0.47931260406099896,361.1363970000001,34.03264836732625,145.6284072905748
1501_b,10m,1501,1501_b,0,0,0.08726974967040535,0,0,0,0,0,0,0,0,0,0,0,0,0,0,0,0,0,0,0,0.8973499637104712,0,0,0,0,0,0,0,0,0,0,0,0,0,0.24677319809778797,0,0.5984464946590861,0,0,0,0,0,0,0,0,0,0,0,4,1.1302744173079262,0.6320868270220629,0.815320648346904,780.455358,337.4568229016289,625.2591825809308
1501_c,10m,1501,1501_c,0,0,0.20341801608104249,0,0,0,0,0,0,0,0,0,0,0,0,0,0,0,0,0,0,0,0.1026500362789264,0,0,0,0,0,0,0,0,0,0,0,0,0,0.034208079341214725,0,0.9455044667402961,0,0,0,0,0,0,0,0,0,0.04340082912235434,0,5,0.933250383572338,0.4628765817365894,0.5798610660046513,891.603366,160.0939603791835,387.1224459720212
1501_d,10m,1501,1501_d,0,0,0,0,0,0,0,0,0,0,0,0,0,0,0,0,0,0,0,0,0,0,0,0,0.08017299683401617,0,0,0,0,0,0,0,0,0,0,0.41340836934424124,0.31498472356214435,0,0,0,0,0,0,0,0,0,0,0,0,0,3,0.9393905183594816,0.5769984750851317,0.8550700989321184,256.5868820000001,53.11687659059097,129.0200419472363
314_a,10m,314,314_a,0,0,0,0,0,0,1.1208060251318228,0,0.16288118560077375,0,0,0,0,0,0,0,0,0,0,0,0,0,0,0,0,0,0,0,0,0,0,0,0,0,0,0.16685445273801022,0,0,0.1479419317251113,0,0,0,0,0,0,0,0,0,0,0,4,0.9377764799185818,0.4785183835357252,0.6764627385204233,290.41981699999997,87.98058276750739,218.72629004879752
314_b,10m,314,314_b,0,0,0,0.04860070188400915,0,0,1.2669584722399787,0,0.08414521301859787,0,0,0,0,0,0,0,0,0,1.391502236286027,0,0,0,0,0,0,0,0,0,0,0,0,0,0,0,0,0,0,0,0,0,0,0,0,0,0,0,0,0,0,0,4,0.8816387187095415,0.5442202336658384,0.6359679036689776,456.696107,132.69260443902982,333.500915104628
314_c,10m,314,314_c,0,0,0,0,0,0,2.5622655058983277,0,0.0345763010017496,0,0,0,0,0,0,0,0,0,0.17167710793110702,0,0,0,0,0,0,0,0,0,0,0,0,0,0,0,0,0,0,0,0.5097780497606036,0,0,0,0,0,0,0,0,0,0,0,4,0.6844768634376593,0.36209180389492057,0.4937456882423717,435.997066,75.77655114175087,339.62558399445606
314_d,10m,314,314_d,0,0,0,0,0,0,0.45412878910952964,0,0.6640304957968877,0,0,0,0,0,0,0,0,0,0.09697215974711507,0,0,0,0,0,0,0,0,0,0,0,0,0,0,0,0,0.03610872986077023,0,0,0,0,0,0,0,0,0,0,0,0,0,0,4,1.0045953124214524,0.5797930078167777,0.7246623376653641,435.997066,115.32285553644023,149.9783440039402
1600_a,10m,1600,1600_a,0,0,0,0,0,0,0,0,0,0,0,0,0,0,0,0,0,0,0,0,0,0,0,0,0,0,0,0,0,0,0,0,0,0,0,0.447825112698587,0.8024230684706894,0,0,0,0,0,0,0,0,0,0,0,0,0,2,0.6523690722077813,0.4597792655556695,0.9411696253035001,23.553397000000068,10.829363574001139,14.723795702505022
1600_b,10m,1600,1600_b,0,0,0,0,0,0,0,0,0,0,0,0,0,0,0,0,0,0,0,0,0,0,0,0,0,0,0,0,0,0,0,0,0,0,0,0.026882490562992807,0.6325154269550038,0,0,0,0,0,0,0,0,0,0.8045273240518697,0,0,0,3,0.7649686172599038,0.5109542990918636,0.696304442568456,234.07271400000008,110.42937950197874,196.5584486132567
1600_c,10m,1600,1600_c,0,0,0,0,0,0,0,0,0,0,0.45724584901987847,0,0,0,0,0,0,0,0.7614745564976221,0,0,0,0,0,0,0,0,0,0,0,0,0,0,0,0,0.2233922586393379,1.049766832259036,0,0,0,0,0,0,0,0,0,0,0,0,0,4,1.2538049761618588,0.687439696920791,0.9044291106753094,357.1247350000001,143.51100763931177,265.9266454716334
1600_d,10m,1600,1600_d,0,0,0,0,0,0,0,0,0,0,0,0,0,0,0,0,0,0,0,0,0,0,0,0,0,0,0,0,0,0,0,0,0,0,0,0.28242419614860254,0.41419501540741915,0,0,0,0,0,0,0,0,0,0,0,0,0,2,0.6751486369700695,0.48210970088596317,0.9740335904196624,23.553397000000068,11.355321182518376,8.203874357917602
413_a,10m,413,413_a,0,0,0.389338190977676,0,0,0,0.1074475347127574,0,0,0,0.5404475341865109,0,0,0,0,0,0,0,1.4199743136702236,0,0,0,0,0,0,0,0.209202083391728,0,0,0,0,0,0,0,0,0.008551548652102668,0,0,0,0,0,0,0,0,0,0,0,0,0,0,6,1.2866051944929633,0.6484651739581122,0.7180680312225571,702.665806,162.09568196314285,355.1309681762214
413_b,10m,413,413_b,0,0,0.5041780459191187,0,0,0,0.9131000053461438,0,0,0,0.05220484789209544,0,0,0,0,0,0,0,0,0,0,0,0,0,0,0,0.4971914781739885,0,0,0,0,0,0,0,0,0.0019142556105468044,0,0,0,0,0,0,0,0,0,0,0,0,0,0,5,1.155746238331824,0.6547722052828837,0.7181055133614214,578.931569,166.95885191351744,260.3135807016044
413_c,10m,413,413_c,0,0,0,0,0,0,1.99708560180823,0,0,0,0,0,0,0,0,0,0,0,0,0,0,0,0,0,0,0,0,0,0,0,0,0,0,0,0,0.01735358846985149,0,0,0.07529123102678145,0,0,0,0,0,0,0,0,0,0,0,3,0.20286153629193654,0.08533425700823682,0.18465252790670442,199.77078699999998,16.592620560977426,289.7134246833674
413_d,10m,413,413_d,0,0,0.8511115296395553,0,0,0,0.7025038150002029,0,0,0,0.6227906727362096,0,0,0,0,0,0,0,0.22171492068507703,0,0,0,0,0,0,0,0,0,0,0,0,0,0,0,0,0,0,0,0,0,0,0,0,0,0,0,0,0,0,0,4,1.297587061161787,0.7122356514263457,0.9360112091298971,456.696107,162.14307114947334,281.5792096505955
512_a,10m,512,512_a,0,0,0,0,0,0,0.41085260928466727,0,0,0,0,0,0,0,0,0,0,0,0.23061484407994298,0,0,0,0,0,0,0,0.3911059246709196,0,0,0,0,0,0,0,0,0.3867738120647645,0,0,0,0,0,0,0,0,0,0,0,0,0,0,4,1.3635776123436931,0.7396233281652682,0.9836133295977297,493.43817199999995,184.59983962807962,197.79496210076533
512_b,10m,512,512_b,0,0,0.8943142263324484,0.771092703535855,0,0,0.11078265310408847,0,0,0,0,0,0,0,0,0,0,0,0.6986995872586155,0,0,0,0,0,0,0,0.09975071978026814,0,0,0,0,0,0,0,0,0.15521179306138275,0,0,0,0,0,0,0,0,0,0,0,0,0,0,6,1.4854726642930585,0.7411629952980104,0.8290580793933494,657.1539069999999,154.57209022986942,312.69160650416353
512_c,10m,512,512_c,0,0,0.5089041308622245,0,0,0,0,0,0,0,0,0,0,0,0,0,0,0,0,0,0,0,0,0,0,0,0,0,0,0,0,0,0,0,0.023347557022931478,0.6900371632851161,0,0,0,0,0,0,0,0,0,0,0,0,0,0,3,0.7631912664952546,0.5075738177866506,0.6946866281829971,348.30521600000003,120.05427336829965,147.06702800735255
512_d,10m,512,512_d,0,0,0,0,0,0,0.817410297675177,0,0,0,0,0,0,0,0,0,0,0,0,0,0,0,0,0,0,0,0,0,0,0,0,0,0,0,1.0220037169829125e-4,0.3514023821089393,0,0,0,0,0,0,0.010619805826530737,0,0,0,0,0,0,0,4,0.658121821539553,0.43092443143941106,0.4747345441179623,331.952277,83.43818892215371,183.6538566171045
611_a,10m,611,611_a,0,0,0.6195953990668234,0.021010903781339005,0,0,0,0,0,0,0,0,0,0,0,0,0,0,1.1774534033859847,0,0,0,0,0,0,0,0,0,0,0,0,0,0,0,0,0.24048361316958966,0,0,0.8416755813231462,0,0,0,0,0,0,0.01143328514562873,0,0,0,0,6,1.3174856993042592,0.70073111997156,0.7353027691110082,519.45393,159.70863531493882,373.3037461178751
611_b,10m,611,611_b,0,0,0,0,0,0,0,0,0,0,0.38083091204384173,0,0,0,0,0,0,0,0.33615197031820626,0,0,0,0,0,0,0,0,0,0,0,0,0,0,0,0,0.3537701871471705,0,0,0.037952055993116636,0,0,0,0,0,0,0,0,0,0,0,4,1.2088854739523718,0.6871009038386359,0.8720265391368955,349.359699,152.2541319020001,200.16310304847323
611_c,10m,611,611_c,0,0,0,0,0,0,0.18216049519474553,0,0,0,0,0,0,0,0,0,0,0,0.6617407594155281,0,0,0,0,0,0,0,0,0,0,0,0,0,0,0,0,0.2448043444536013,0,0,0,0,0,0,0,0,0,0,0,0,0,0,3,0.9373114762024134,0.5519940445603566,0.853177673206944,345.348036,132.7102110925305,149.52579369706572
611_d,10m,611,611_d,0,0,0.38040460094331013,0.11244251383022807,0,0,0.08051313658047413,0,0,0,0,0,0,0,0,0,0,0,1.5692071798385525,0,0,0,0,0,0,0,0,0,0,0,0,0,0,0,0,0.16094185524817514,0,0,0,0,0,0,0,0,0,0,0,0,0,0,5,1.0094650350178407,0.5001754034378398,0.6272158914730264,509.063771,120.52826218638906,339.34001387859394
710_a,10m,710,710_a,0,0,0,0,0,0,0,0,0,0,0,0,0,0,0,0,0,0.33589280669573274,0,0,0,0,0,0,0.20582087625249465,1.1746051277957796,0,0,0,0,0,0,0,0,0,0,0,0,0.02804414682091368,0,0,0,0,0,0,0,0,0,0,0,4,0.9020716883226878,0.4953106292670153,0.6507071756347382,434.46087300000005,132.12263994425368,295.15914980065855
710_b,10m,710,710_b,0,0,0,0,0,0,0,0,0,0,0,0,0,0,0,0,0,0.8248796378494151,0,0,0,0,0,0,0.6490226785894564,0.24489602205318878,0,0,0,0,0,0,0,0,0,0,0,0,0,0,0,0,0,0,0,0,0,0,0,0,3,0.9977103083140663,0.6067956520286629,0.9081550594374191,394.22946500000006,155.1509491996037,227.2045967626827
710_c,10m,710,710_c,0,0,0,0,0,0,0,0,0,0,0,0,0,0,0,0,0,0.12838074192104676,0,0,0,0,0,0,0.12529500854022457,0.5337390824479874,0,0,0,0,0,0,0,0,0,0,0,0,0,0,0,0,0,0,0,0,0.2541139884189986,0,0,0,4,1.199580988268788,0.6481950467391371,0.8653147714600311,505.37747300000007,170.82929347203856,155.15609924979873
710_d,10m,710,710_d,0,0,0,0,0,0,0,0,0,0,0,0,0,0,0,0,0,0,0.18523640140325096,0,0,0,0,0,0.019861436616742282,1.8900643621706408,0.26943059067516784,0,0,0,0,0,0,0,0,0,0,0,0,0,0,0,0,0,0,0,0.41269569426237585,0,0,0,5,0.9874597560796172,0.5008692471586096,0.6135432429239792,583.2351379999999,116.92997484122289,300.9684625303391
809_a,10m,809,809_a,0,0,0,0,0,0,0,0,0,0,0,0,0,0,0,0,0,1.522552350142211,0,0,0,0,0,0,1.7407511412656693,0,0,0,0,0,0,0,0,0,0,0.8773253727971816,0,0,0,0,0,0,0,0,0,0,0,0,0,0,3,1.060958303353246,0.6431525962971621,0.96572586552758,285.0415910000001,131.8412789164977,391.8009458948627
809_b,10m,809,809_b,0,0,0.3653690023565331,0,0,0,0,0,0,0,0,0,0,0,0,0,0,0.2727813375692282,0,0,0,0,0,0,0.457101267602593,0,0,0,0,0,0,0,0,0,0,0,0,0,0,0,0,0,0,0,0,0,0,0,0,0,3,1.0771308623746227,0.6525057972690127,0.980446763143775,363.3887870000001,158.46838080870617,135.44898689195293
809_c,10m,809,809_c,0,0,0,0,0,0,0,0,0,0,0,0,0,0,0,0,0,1.1993414668280642,0,0,0,0,0,0,0,1.000000000000932,0,0,0,0,0,0,0,0,0,0,0,0,0.6215079733424197,0,0,0,0,0,0,0,0,0,0,0,3,1.0645424715133849,0.6450139358562266,0.9689883159817655,312.055781,139.47842243999884,304.8483015348556
809_d,10m,809,809_d,0,0,0,0,0,0,0,0,0,0,0,0,0,0,0.9799444198797184,0,0,1.148433933939372,0,0,0,0,0,0,0.015923794469498452,0,0,0,0,0,0,0,0,0,0,0.07106579086316249,0,0,0,0,0,0,0,0,0,0,0,0,0,0,4,0.8472125490675796,0.5345226313163959,0.6111346715593473,382.9211530000002,101.50315779514055,229.10155796518373
908_a,10m,908,908_a,0,0,0,0,0,0,0,0,0,0,0,0,0,0,0.5896962106162456,0,0,0.5010948534272651,0,0,0,0,0,0,0.007974876986224714,0.8048875297594986,0,0,0,0.7793770230960428,0,0,0,0,0,0.03424749100884807,0,0,0,0,0,0,0,0.0016160395174085376,0,0,0,0,0,0,7,1.4383179309123453,0.7490188450940531,0.7391492004965439,667.8513710000002,190.2584072749987,409.24261110404944
908_b,10m,908,908_b,0,0,0,0,0,0,0,0,0,0,0,0,0,0,0.12191164151141895,0,0,2.040343862024144,0,0,0,0,0,0,0.9526905393654376,0.44514664997973885,0,0,0,0.31528521833990564,0,0,0,0,0,1.4307280859695741,0,0,0,0,0,0,0,0.7581397795617726,0.886204871908444,0,0,0,0,0,8,1.8490923991005905,0.8180420655614171,0.8892254781092994,795.5525570000002,167.61872379137958,577.7836062304144
908_c,10m,908,908_c,0,0,0,0,0,0,0,0,0,0,0,0,0,0,0.7383681750190362,0,0,1.5875935403895247,0,0,0,0,0,0,0.04730946063442037,0,0,0,0,0.8228813832378685,0,0,0,0,0,0.1641379395413997,0,0,0,0,0,0,0,0,0,0,0,0,0,0,5,1.2392582705475226,0.6659490252965545,0.7699944564331027,507.9845350000002,145.19128242316458,333.8581238314229
908_d,10m,908,908_d,0,0,0,0,0.007099621778952901,0,0,0,0,0,0,0,0,0,0.3370260821011549,0,0,0.5799049846147416,0.35401087424283123,0,0,0,0,0,0.16667418190299046,1.3162024162739483,0,0,0,0.12268356479438039,0,0,0,0,0,0,0,0,0,0,0,0,0,0,0,0,0,0,0,0,7,1.5028211182725486,0.7173270119995732,0.7722972815585178,840.8851890000002,186.7994962528283,392.81699735200385
1007_a,10m,1007,1007_a,0,0,0,0,0,0,0,0,0,0,0.15981861235820746,0,0,0,0,0,0,0.5523702691186001,0,0,0,0,0,0,1.527470257223987,0.5716819959590292,0,0,0,0,0,0,0,0,0,0.7356744131920953,0,0,0,0,0,0,0,0,0,0,0,0,0,0,5,1.4125267750477424,0.7192776565633402,0.8776522313379885,532.3404360000001,171.1692595259426,427.81229322287214
1007_b,10m,1007,1007_b,0,0,0,0,0,0,0,0,0,0,0,0,0,0,0,0,0,0.03576885698148618,0,0,0,0,0,0,0.02019670444851916,1.3999043544397813,0,0,0,0,0,0,0,0,0,0.6929940297155552,0,0,0,0,0,0,0,0,0,0,0,0,0,0,4,0.7561709185197784,0.4712292860429955,0.5454620171064684,434.46087300000005,125.86491309913174,317.73617786304925
1007_c,10m,1007,1007_c,0,0,0,0,0,0,0,0,0,0,0,0,0,0,0,0,0,0,0,0,0,0,0,0,0,0.013949545970737458,0,0,0,0,0,0,0,0,0,0.28127317396816137,0,0,0,0,0,0,0,0,0,0,0,0,0,0,2,0.1903397810470974,0.09003654632465663,0.2746022582005385,271.82437400000003,24.47412784182183,40.12436551898425
1007_d,10m,1007,1007_d,0,0,0,0,0,0,0,0,0,0,0.005685853825659358,0,0,0,0,0,0,1.4001116774714475,0,0,0,0,0,0,0,1.0144641036391058,0,0,0,0.1698308554601752,0,0,0,0,0,0.3324133585130621,0,0,0,0,0,0,0,0,0,0,0,0,0,0,5,1.1445815939473754,0.6336718413413607,0.7111685297734287,533.6695810000001,149.53314255088046,324.8311543585409
1106_a,10m,1106,1106_a,0,0,0.6248009016942958,0,0,0,1.5817477381716278,0,0,0,0.7232222088418709,0,0,0,0,0,0,0,0,0,0,0,0,0,0,0,0,0,0,0,0,0,0,0,0,0,0,0,0.4959095402839741,0,0,0,0,0,0,0,0,0,0,0,4,1.2753037282099164,0.6880111256180592,0.9199371821578265,425.6858,144.21187673623584,359.5002900855544
1106_b,10m,1106,1106_b,0,0,0.37519909826980147,0,0,0,9.314206838845956e-4,0,0,0,0.19134510836449528,0,0,0,0,0,0,0.04460186617858625,0,0,0,0,0,0,0,0,0,0,0,0,0,0,0,0,0,0,0,0,1.3626031602959858,0,0,0,0,0,0,0,0,0,0,0,5,0.8869493798710935,0.4778468886065438,0.5510926348998941,465.917207,102.69018406424313,204.11183465911037
1106_c,10m,1106,1106_c,0,0,0,0,0,0,0,0,0,0,0.005009926808849779,0,0,0,0,0,0,0.9056239477117368,0,0,0,0,0.6831780516433507,0,0,0,0,0,0,0,0,0,0,0,0,0,0,0,0,0,0,0,0,0,0,0,0,0,0,0,3,0.7024177217945393,0.4933888610046222,0.6393681638552464,747.9796180000001,319.1291313831476,538.3699546011045
1106_d,10m,1106,1106_d,0,0,0.8204834648473232,0.0024435617827313475,0,0,0,0,0,0,1.0607942645144142,0,0,0,0,0,0,0.04783898017321787,0,0,0,0,0,0,0,0,0,0,0,0,0,0,0,0,0,0,0,0,0.006548522107529616,0,0,1.0000000000010412,0,0,0,0,0,0,0,0,6,1.177418062529759,0.6755493270732524,0.6571295325912394,432.18200800000005,147.34331511982717,334.99647050359965
1205_a,10m,1205,1205_a,0,0,0.23210527076768842,0,0,0,0.9693185880827145,0,0,0,0,0.07107154511282325,0,0,0,0,0,0,1.047298046692001,0,0,0,0,0,0,0,0,0,0,0,0,0,0,0,0,0,0,0,0,0,0,0,0.368190719057364,0,0,0,0,0,0,0,5,1.3149126746912065,0.6912359567222816,0.817001180680865,554.5756690000002,163.38115771940608,320.54325274504635
1205_b,10m,1205,1205_b,0,0,0,0,0,0,0.0306814119037198,0,0,0,0,0.5362336224144016,0,0,0,0,0,0,0,0,0,0,0,0,0,0,0,0,0,0,0,0,0,0,0,0,0,0,0.4567606034276388,0,0,0,1.2837581052940075,0,0,0,0,0,0,0,4,1.0434283702446956,0.5970976614923248,0.7526744676374378,298.18485300000015,78.86723622623425,165.22125932292298
1205_c,10m,1205,1205_c,0,0,0,0,0,0,0.9937208563006995,0,0,0,0,0.3565195879190473,0,0,0,0,0,0,0,0,0,0,0,0,0,0,0,0,0,0,0,0,0,0,0,0,0,0,0,0,0,0.9999999999794922,0.20382341676400287,0,0,0,0,0,0,0,4,1.2110317090323683,0.669469372139166,0.873574720490142,291.0994800000001,117.83702598417646,228.46428327942633
1205_d,10m,1205,1205_d,0,0,0,0,0,0,0.35990290707260364,0,0,0,0,0.03617524457282321,0,0,0,0,0,0,0.3298150773368216,0,0,0,0,0,0,0,0,0,0,0,0,0,0,0,0,0.3702044783843633,0,0,0,0,0,0,0.02991234333070485,0,0,0,0,0,0,0,5,1.2967865009258972,0.7022137022852337,0.8057387556905804,447.77376400000014,155.5789587239905,200.61364317431534
18_a,10m,18,18_a,0,0,0,0,0,0,0,0,0,0,0,0,0,0,0,0,0,0,1.7930046476020065,0,0,0,0,0,0,0,0,0,0,0,0,0,0,0,0,1.609923501795382,0,0,0,0,0,0,0.27999372376505144,0,0,0,0,0,0,0,3,0.9080646065252995,0.566119628898473,0.826556025170792,259.245173,125.21405628328982,356.0705863088285
18_b,10m,18,18_b,0,0,0,0,0,0,0,0,0,0,0,0,0,0,0,0,0.5801130898383138,0,1.4941908102108987,0,0,0,0,0,0,0,0,0,0,0,0,0,0,0,0,0.01723392049587464,0,0,0,0,0,0,0.21700678872899418,0,0,0,0,0,0,0,4,0.8874629640587595,0.509037222709408,0.6401692086100963,371.58590200000003,118.24398755574717,359.1384406251595
18_c,10m,18,18_c,0,0,0,0,0,0,0,0,0,0,0,0,0,0,0,0,0,0,0.20929863451108557,0,0,0,0,0,0,0,0,0,0,0,0,0,0,0,0,0.4088326084727074,0,0,0,0,0,0.8746191945739556,0.21970298748291217,0,0,0,0,0,0,0,4,1.2054762203548133,0.6507487470035851,0.8695672825077302,263.936499,61.51496866579326,154.8888385227991
18_d,10m,18,18_d,0,0,0,0,0,0,0,0,0,0,0,0,0,0,0,0,0.05578888528458873,0,0.549039543783041,0,0,0,0,0,0,0,0,0,0,0,0,0,0,0,0,0.6521196058392134,0,0,0,0,0,0.12538080542091193,0.28329650005979057,0,0,0,0,0,0,0,5,1.3427186222185377,0.7023423062246984,0.8342779872681273,376.27722800000004,124.18829119068133,207.98034042016096
1304_a,10m,1304,1304_a,0,0,0,0,0,0,0.14206069046308994,0,0,0,0.011028617430579665,0,0,0,0,0,0,0,0,0,0,0,0,0,0,0,0,0,0,0,0,0,0,0,0,0,0,0,0,0,0,0.061814317839988094,0,0,0,0,0,0,0,0,3,0.7844427818427567,0.4776523138561378,0.7140305910775557,286.40815499999997,92.5236436148398,27.15828853919294
1304_b,10m,1304,1304_b,0,0,0,0,0,0,0,0,0,0,0.8275406483771384,0,0,0,0,0,0,0,0,0,0,0,1.8549403454792528,0,0,0,0,0,0,0,0,0,0,0,0,0,0,0,0,0,0,0.21829285326615358,0.03932056793559266,0,0,0,0,0,0,0,4,0.8981879017031593,0.5170349207051881,0.6479056157868058,752.670945,312.4417309316064,1005.5149788050844
1304_c,10m,1304,1304_c,0,0,0,0,0,0,0,0,0,0,0,0,0,0,0,0,0,0,0,0,0,0,0,0,0,0,0,0,0,0,0,0,0,0,0,0,0,0,0.008906741470610786,0,0,0.5753521638966873,0.3302765314138202,0,0,0,0,0,0,0,3,0.7044803407861614,0.47369063462051597,0.6412456405710063,28.244724,4.717806490425303,11.438864458026464
1304_d,10m,1304,1304_d,0,0,0,0,0,0,0,0,0,0,0.22649599571250412,0,0,0,0,0,0,0,0,0,0,0,0.48149056448134553,0,0,0,0,0,0,0,0,0,0,0,0,0,0,0,0.9738236668211531,0,0,0.5090314436093434,0,0,0,0,0,0,0,0,4,1.2671190172743323,0.6894489121502051,0.914033161218888,759.756318,255.2110694695122,509.4143178441386
117_a,10m,117,117_a,0,0,0,0,0,0,0.35146909067998205,0,0,0,0,0,0,0,0,0,0,0,0.430190347708354,0.8094034663329431,0,0,0,0,0,0,0,0,0,0,0,0,0,0,0,0,0,0,0,0,0,0,0,0,0,0,0,0,0,0,3,1.0310297217899236,0.6193026276776794,0.9384836965913432,255.522922,89.6122595553066,169.1527925688134
117_b,10m,117,117_b,0,0,0,0,0,0,0.638362327532341,0,0,0,0,0,0,0,0,0,0,0,1.3134446568459162,0,0,0,0,0,0,0,0,0,0,0,0,0,0,0,0,0,0,0,0.41093228134647286,0,0,0,0,0.03871388487975464,0,0,0,0,0,0,4,1.0508628180394617,0.6006560562181384,0.7580372881200663,357.124735,142.26064045104766,342.2535830288726
117_c,10m,117,117_c,0,0,0,0,0,0,0.00934666278873751,0,0,0,0,0,0,0,0,0,0,0,0.31021612917381325,0,0,0,0,0,0,0,0,0,0,0,0,0,0,0,0,0.15488260695461809,0,0,0,0,0,0,0,0.2900819294666604,0,0,0,0,0,0,4,1.1109833812199446,0.6502021513933649,0.8014051072980334,357.124735,125.74552300639786,156.4969547194465
117_d,10m,117,117_d,0,0,0,0,0,0,0.3886035456826127,0,0,0,0,0,0,0,0,0,0,0,1.1529323632154207,0,0,0,0,0,0,0,0,0,0,0,0,0,0,0,0,0.9999999999854181,0,0,0,0,0,0,0,0,0,0,0,0,0,0,3,1.0127336987072169,0.6160225538121433,0.9218299386901936,345.348036,146.22440020079011,304.4277881167008
1403_a,10m,1403,1403_a,0,0,0.9776536557438007,0,0,0,0.1575835799766778,0,0,0,0.41338859278572987,0,0,0,0,0,0.9999999999837531,0,0,0,0,0,0,0,0,0,0,0,0,0,0,0,0,0,0,0,0,0,0.10087418183040806,0,0,0,0,0,0,0,0,0,0,0,5,1.3177734523342024,0.6920582504449146,0.8187786817704654,554.57567,167.25635803178315,334.37984398745016
1403_b,10m,1403,1403_b,0,0,0.4225576651229778,0,0,0,0.36214801367110117,0,0,0,0.34104378235558636,0,0,0,0,0,0,0,0.36571512905196024,0,0,0,0,0,0,0,0,0,0,0,0,0,0,0,0,0,0,0,0.1432209436901394,0,0,0,0.5578509666403272,0,0,0,0,0,0,0,6,1.729406054154386,0.8145549390380706,0.96519989644562465,566.352369,177.5822757103416,286.545818209329
1403_c,10m,1403,1403_c,0,0,0,0,0,0,1.1766082331265886,0,0,0,0.2382990106518551,0,0,0,0,0,0,0,0.6340921803337429,0,0,0,0,0,0,0,0,0,0,0,0,0,0,0,0,0,0,0,0,0,0,0,0,0,0,0,0,0,0,0.728465166207952,4,1.2627920692882997,0.6922695765910363,0.9109119280180712,449.2655100000001,159.7782346597352,320.771538526081
1403_d,10m,1403,1403_d,0,0,0,0,0,0,0.03742394717378738,0,0,0,0.17039796716880187,0,0,0,0,0,0,0,0.0961022415119473,0,0,0,0,0,0,0,0,0,0,0,0,0,0,0,0,0.18861189948688895,0,0,0,0,0,0,0.40371677948786616,0,0,0,0,0,0,0.02708832710239737,6,1.4669687496219106,0.7197060242699809,0.8187308479825843,558.9217720000001,120.90468939299558,159.90455356969426
216_a,10m,216,216_a,0,0,0,0,0,0,0.21458807173543593,0,0,0,0,0,0,0,0,0,0,0,3.264757884811172e-4,0,0,0,0,0,0,0,0,0,0,0,0,0,0,0,0,0.4723017431213401,0,0,0,0,0,0,0,0,0,0,0,0,0,0,3,0.6248269388658467,0.4301581046776083,0.5687419896088625,345.348036,84.25648195496129,93.12754492533075
216_b,10m,216,216_b,0,0,0,0,0,0,0.27584569863364433,0,0,0,0,0,0,0,0,0,0,0,0.004553622746181262,0,0,0,0,0,0,0,0,0,0,0,0,0,0,0,0,0.3520021968177972,0,0,0,0,0,0,0.44183529678566413,0,0,0,0,0,0,0,4,1.10327186701742,0.6575036487812677,0.7958424256491698,357.124735,82.73119961460776,148.8694184150121
216_c,10m,216,216_c,0,0,0,0,0,0,0,0,0.3491802662580279,0,0,0,0,0,0,0,0,0,0,0,0,0,0,0,0,0,0,0,0,0,0,0,0,0,0,0.3966799683304778,0,0,0,0,0,0,0,0,0,0,0,0,0,0,2,0.6911179527357075,0.497972145136105,0.9970724430811383,195.75912599999998,97.48259190418905,73.00447382060042
216_d,10m,216,216_d,0,0,0.9564473842876076,0,0,0,0,0,0.9635938116373479,0,0,0,0,0,0,0,0,0,0,0,0,0,0,0,0,0,0,0,0,0,0,0,0,0,0,0.15186097849253347,0,0,0,0,0,0,0,0,0,0,0,0,0,0,3,0.904417230665574,0.5652311580487777,0.823236040589018,335.036771,131.22628649297064,243.29346403244554
1502_a,10m,1502,1502_a,0,0,0.3296958691508275,0,0,0,0.012201832265714916,0,0,0,0,0,0,0,0,0,0,0,0,0,0,0.8217694515949076,0,0,0.9198270031462215,0,0,0,0,0,0,0,0,0,0,0.04885318708566358,0,0,0.10614913025692393,0,0,0,0,0,0,0,0,0,0,0,6,1.2718920977303092,0.6719351269110561,0.7098564955698431,555.929042,160.22552700467153,353.5308526766828
1502_b,10m,1502,1502_b,0,0,0.5547724644175216,0,0,0,0,0,0,0,0,0,0,0,0,0,0,0,0,0,0,0.04332934893800167,0,0,0,0,0,0,0,0,0,0,0,0,0,0,0,0,0.719856380964816,0,0,0,0,0,0,0.36440984763431694,0,0,0.33016733849171653,0,5,1.4115503254096649,0.7359088235537543,0.877045529066013,550.4428379999999,169.18022176090037,242.24947743239684
1502_c,10m,1502,1502_c,0,0,0.20619135213560758,0,0,0,0.4174287167313382,0,0,0,1.3203929897979116,0,0,0,0,0,0,0,0,0,0,0,0,0,0,0,0,0,0,0,0,0,0,0,0,0,0,0,0,0,0,0,0,0,0,0.6355901523580945,0,0,0,0,4,1.184619045180934,0.6447176466647866,0.8545220109125762,432.06429599999996,142.51784395991137,287.54447635300556
1502_d,10m,1502,1502_d,0,0,0.9093403142381604,0,0,0,0.5440488253482088,0,0,0,0.0271283633980587,0,0,0,0,0,0.018948293383773896,0,0,0,0,0.13490119953088833,0,0,0,0,0,0,0,0,0,0,0,0,0,0,0,0,0.005543161815613456,0,0,0,0,0,0,0,0,0,0,0,6,1.0371293342408938,0.5752758279677728,0.5788329025478632,581.1181789999999,132.38288007816593,261.5253167824397
315_a,10m,315,315_a,0,0,0,0,0,0,0.9377516882458976,0,0.4731121794829875,0,0,0,0,0,0,0,0,0,0.27724133562946324,0,0,0,0,0,0,0,0,0,0,0,0,0,0,0,0,0,0,0,0,0,0,0,0,0,0,0,0,0,0,0,3,0.9797518907802506,0.5858944934825207,0.8918086033499969,338.117503,124.38664002533861,195.28289226289257
315_b,10m,315,315_b,0,0,0,0,0,0,1.4835752096069617,0,0,0,0,0,0,0,0,0,0.00782606513453224,0,0.7174300484466714,0,0,0,0,0,0,0,0,0,0,0,0,0,0,0,0,0,0,0,0,0,0,0,0,0,0,0,0,0,0,0,3,0.6525702771813086,0.44336990121661723,0.5939950644211751,359.80920199999997,109.66762606847175,276.4383536206765
315_c,10m,315,315_c,0,0,0,0,0,0,1.2176174452525914,0,0,0,0,0,0,0,0,0,0,0,0,0,0,0,0,0,0,0,0,0,0,0,0,0,0,0,0,0.029279006705262837,0,0,0,0,0,0,0,0,0,0,0,0,0,0,2,0.11129549184311383,0.04586025003816263,0.1605654541553584,195.75912499999998,8.977562419751955,122.0456786062678
315_d,10m,315,315_d,0,0,0,0,0,0,0.879974136922867,0,0,0,0,0,0,0,0,0,0,0,0,0,0.15947916367130968,0,0,0,0,0,0,0,0,0,0,0,0,0,0,0,0,0,0,0,0,0,0,0,0,0,0,0,0,0,2,0.4286060895112823,0.25977292714767253,0.6183478798327382,225.402391,58.55343889615423,117.14762928313706
1601_a,10m,1601,1601_a,0,0,0,0,0,0,0,0,0,0,0,0,0,0,0,0,0,0,0,0,0,0,0,0,0,0,0,0,0,0,0,0,0,0,0,0.4128279690124717,0.5407769260503823,0,0.025990706391059916,0,0,0,0,0,0,0,0,0,0,0,3,0.788440050227584,0.516946134653437,0.7176690615607808,27.56505900000007,11.828543732341908,15.893995748470406
1601_b,10m,1601,1601_b,0,0,0.018275501700117467,0,0,0,0,0,0,0,0.7790357574232981,0,0,0,0,0,0,0,0.1315412771680147,0,0,0,0,0,0,0,0,0,0,0,0,0,0,0,0,0.5062311195918013,0.8216691609823896,0,0.5689549958167114,0,0,0,0,0,0,0,0,0,0,0,6,1.5205377724042206,0.7645908429205543,0.8486282888513574,479.7150010000001,103.1219450353055,228.4073303882708
1601_c,10m,1601,1601_c,0,0,0.9817244982901246,0,0,0,0,0,0,0,0.7637183935904706,0,0,0,0,0,0,0,0,0,0,0,0,0,0.872624241686713,0,0,0,0,0,0,0,0,0,0,0.43145159794833343,0.15871256314837476,0,0.39387009068995626,0,0,0,0,0,0,0,0.02826826855773385,0,0,0,7,1.6930038805361827,0.7969742610559499,0.8700318878330997,588.2047190000001,176.81554016872707,424.69300704552455
1601_d,10m,1601,1601_d,0,0,0.0679123169819381,0,0,0,0,0,0,0,0,0,0,0,0,0,0,0,0,0,0,0,0,0,0.1103422272019474,0,0,0,0,0,0,0,0,0,0,0,0.42493564115582644,0,0.06769596444093803,0,0,0,0,0,0,0,0.0032874884606519344,0,0,0,5,1.0751113150077733,0.5556724863710626,0.6680042185546531,486.3134940000001,106.7325169382506,138.35476272005164
414_a,10m,414,414_a,0,0,0.028655233576089487,0,0,0,0.7843314722058435,0,0.410822123450449,0,0,0,0,0,0,0,0,0,0,0,0,0,0,0,0,0,0,0,0,0,0,0,0,0,0,0.0498537064171075,0,0,0,0,0,0,0,0,0,0,0,0,0,0,4,0.8757283523078555,0.5147026867875626,0.6317044755202031,425.6858,96.83380943493131,144.54664395570705
414_b,10m,414,414_b,0,0,0,0,0,0,0.642353178122967,0,0.37493935731904626,0,0,0,0,0,0,0,0,0,0,0,0,0,0,0,0,0,0,0,0,0,0,0,0,0,0,0.5957519588801405,0,0,9.698314596028764e-4,0,0,0,0,0,0,0,0,0,0,0,4,1.078109440277275,0.6513997167050233,0.7776915715118005,290.41981699999997,124.76022942117999,195.70886105258384
414_c,10m,414,414_c,0,0,0,0,0,0,0.9921337564835933,0,0.3250367817736826,0,0,0,0,0,0,0,0,0,0.1767067439559037,0,0,0,0,0,0,0,0,0,0,0,0,0,0,0,0,0.2613984838551179,0,0,0,0,0,0,0,0,0,0,0,0,0,0,4,1.1494951410174494,0.6139125485807411,0.829185469735917,435.997066,126.51499105995498,199.9356811502058
414_d,10m,414,414_d,0,0,0,0,0,0,0.18395399577307292,0,1.1263019291460492,0,0,0,0,0,0,0,0,0,0.23377012129519767,0,0,0,0,0,0,0,0,0,0,0,0,0,0,0,0,1.2699996959043438,0,0,0,0,0,0,0,0,0,0,0,0,0,0,4,1.1105569045838555,0.6249475956616104,0.801097469434063,435.997066,129.46008309338393,305.09101829882604
1700_a,10m,1700,1700_a,0,0,0,0,0,0,0,0,0,0,0,0,0,0,0.19893374230834865,0,0,0,0,0,0,0,0,0,0,0,0,0,0,0,0,0,0,0,0,2.140955129812713,0,0,0,0,0,0,0,0,0,0,0,0,0,0,2,0.29085825999295617,0.15558063854106563,0.41961976929343064,195.75912500000013,30.456329667740278,229.02730007283867
1700_b,10m,1700,1700_b,0,0,0,0,0,0,0,0,0,0,0.9999999999932714,0,0,0,0,0,0,0,0,0,0,0,0,0,0,0,0,0,0,0,0,0,0,0,0,1.5586714902617855,0.08131538169310308,0,0,0,0,0,0,0,0,0,0,0,0,0,3,0.7860242696635888,0.5069870323262031,0.7154701233285098,207.53582400000008,92.98406515061953,203.2960586729903
1700_c,10m,1700,1700_c,0,0,0,0,0,0,0,0,0,0,0,0,0,0,0,0,0,0,0,0,0,0,0,0,0.005399159685730508,0,0,0,0,0,0,0,0,0,0,1.9835593172881347,0.0034610777192399774,0,0,0,0,0,0,0,0,0,0,0,0,0,3,0.031494952775346106,0.008863810983395282,0.028667941456879804,256.5868820000001,1.4046691069240518,134.68981873345643
1700_d,10m,1700,1700_d,0,0,0,0,0,0,0,0,0,0,0,0,0,0,0.8010662576748018,0,0,0,0,0,0,0,0,0,0,0,0,0,0,0,0,0,0,0,0,1.4542196785806987,0,0,0,0,0,0,0,0,0,0,0,0,0,0,2,0.6506033591499948,0.45806301612870337,0.9386222398313987,195.75912500000013,89.67001523221595,220.7464010796681
513_a,10m,513,513_a,0,0,0.6883272525928986,0,0,0,0,0,0,0,0,0,0,0,0,0,0,0,0,0,0,0,0,0,0,0,0,0,0,0,0,0,0,0,0.23304956690338308,0.2521035664519469,0,0,0,0,0,0,0,0,0,0,0,0,0,0,3,0.9643325675784977,0.5703423661641085,0.8777733305237241,348.30521600000003,133.99268635074898,142.97528505502459
513_b,10m,513,513_b,0,0,0.6411506684931434,0,0,0,0,0,0,0,0,0,0,0,0,0,0,0,0.27018629081513024,0,0,0,0,0,0,0,0,0,0,0,0,0,0,0,0.7435006758702318,0.3771140056439187,0,0,0,0,0,0,0,0,0,0,0,0,0,0,4,1.3126973786011904,0.7144266627486617,0.9469109991479397,477.195086,169.79054885986835,246.59836435130626
513_c,10m,513,513_c,0,0,1.3560068927401634,0,0,0,0,0,0,0,0.37720932725240347,0,0,0,0,0,0,0,0.17848060938584986,0,0,0,0,0,0,0,0.2885714709359077,0,0,0,0,0,0,0,0,0,0,0,0.17099614572118974,0,0,0,0,0,0,0,0,0,0,0,5,1.2526705891037244,0.6220078721484503,0.778327998505513,612.0167769999999,155.22120044080307,313.78868193815777
513_d,10m,513,513_d,0,0,0.0789027205347989,0,0,0,0,0,0,0,0,0,0,0,0,0,0,0,0,0,0,0,0,0,0,0,0.12371286277630426,0,0,0,0,0,0,0,0,0.8539946955513376,0,0,0.01576510157014387,0,0,0,0,0,0,0,0,0,0,0,4,0.6845130487690595,0.3468754757180106,0.49377179044145364,394.41463899999997,83.9748151296185,161.5599673963041
612_a,10m,612,612_a,0,0,0,0.41192543912838825,0,0,0.6359360448056167,0,0,0,0.2987481860874647,0,0,0,0,0,0,0,0.5110021281667355,0,0,0,0,0,0,0,0,0,0,0,0,0,0,0,0,0,0,0,0,0,0,0,0.05752575202032849,0,0,0,0,0,0,0,5,1.444239138434763,0.7470439310671558,0.8973562305677937,554.57567,174.20056969777812,235.51802267783242
612_b,10m,612,612_b,0,0,0,0,0,0,1.055278563396649,0,0,0,0,0,0,0,0,0,0,0,0,0,0,0,0,0,0,0,0,0,0,0,0,0,0,0,0,0,0,0,0,0,0,0,0.11609949361109287,0,0,0,0,0,0,0,2,0.32313097212142716,0.1785801850582851,0.46617945103721287,195.75912499999998,34.958700769347985,114.65397127242828
612_c,10m,612,612_c,0,0,0,0,0,0,0.48172992497701705,0,0,0,0,0,0,0,0,0,0,0,0.003099234587110831,0,0,0,0,0,0,0,0,0,0,0,0,0,0,0,0,0,0,0,0,0,0,0,0.40338225053534266,0,0,0,0,0,0,0,3,0.7100453334129357,0.49958067787510063,0.6463111151557854,345.348036,98.1570759102207,112.87254789031931
612_d,10m,612,612_d,0,0,0.3788644057520897,0.10371534266587112,0,0,0,0,0,0,0.02643539913585623,0,0,0,0,0,0,0,0.13004522438283006,0,0,0,0,0,0,0,0,0,0,0,0,0,0,0,0,0,0,0,0,0,0,0,0.2672177812832426,0,0,0,0,0,0,0,5,1.3544659195441147,0.7037633420535268,0.841576993483167,509.06377200000003,154.67086155533127,165.91210390977338
711_a,10m,711,711_a,0,0,0,0,0,0,0,0,0,0,0,0,0,0,0,0,0,0,0.3818177726508954,0,0,0,0,0,0,0.472086526642557,0.21517673877754834,0,0,0,0,0,0,0,0,0,0,0,0,0,0,0,0,0,0,0,0.21246816294984322,0,0,0,4,1.326174125655456,0.7198592824632254,0.9566324172191917,460.8300459999999,175.79240929602068,201.2108778302312
711_b,10m,711,711_b,0,0,0,0.22811377335263713,0,0,0,0,0,0,0,0,0,0,0,0,0,0,0.2915011580763966,0,0,0,0,0,1.000000000009869,0,0,0,0,0,0,0,0,0,0,0,0,0,0,0,0,0,0,0,0,0,0.12072215424453751,0,0,0,4,1.0750916746801509,0.5720146451167268,0.7755147137810322,488.45217,140.65526049532494,204.9938756999254
711_c,10m,711,711_c,0,0,0.006423345594656273,0.6384328090904743,0,0,0,0,0,0,0,0,0,0,0,0,0,0,0.7505581830084047,0,0,0,0,0,0,0,0,0,0,0,0,0,0,0,0,0,0,0,0,0,0,0,0,0,0,0,0,0,0,0,3,0.716072081293472,0.5013431157731076,0.6517968974856397,292.605605,123.4044958647967,200.57380682883033
711_d,10m,711,711_d,0,0,0,0,0,0,0,0,0,0,0,0,0,0,0,0,0,0,0.683450045050437,0,0,0,0,0,0.051437917111890975,0.8084505484735144,0,0,0,0,0,0,0,0,0,0,0,0,0,0,0,0,0,0,0,0,0,0,0,0,3,0.8127783630562551,0.5283827799807205,0.7398227486073524,395.558611,142.90836301338152,212.98703340302538
810_a,10m,810,810_a,0,0,0.2671231305284678,0,0,0,0,0,0,0,0,0,0,0,0,0,0,0,0,0,0,0,0,0,0.07097145382340453,0.1329735307846053,0,0,0,0,0,0,0,0,0,0.24000717087804124,0,0,0,0,0,0,0,0,0,0.15800494051337244,0,0,0,0,5,1.519718688826791,0.7661292541060608,0.9442543120712134,617.066129,188.43405186924625,131.19686150261907
810_b,10m,810,810_b,0,0,0.5390167904430777,0,0,0,0,0,0,0,0,0,0,0,0,0,0,0.7833426020407503,0,0,0,0,0,0,0,0.8670264691887496,0,0,0,0,0,0,0,0,0,0,0,0,0.198959390436716,0,0,0,0,0,0,0.6818359049942709,0,0,0,0,5,1.5225209885773443,0.770806084920115,0.9459954788033398,534.8924440000001,189.43778009949534,394.6439114207785
810_c,10m,810,810_c,0,0,0.4609832095148379,0,0,0,0,0,0,0,0,0,0,0,0,0,0,0,0.22733214178325895,0,0,0,0,0,0.20277365652117552,0.11928719327285593,0.28617025232658905,0,0,0,0,0,0,0,0,0,0,0,0,0,0,0,0,0,0,1.0343576735681692,0,0,0,0,6,1.5301260893603938,0.7291937534788739,0.8539796304353392,687.4931969999999,178.8487976167514,337.6103036293559
810_d,10m,810,810_d,0,0,6.467383762427942e-4,0,0,0,0,0,0,0,0,0,0,0,0,0,0,0,0,0,0,0,0,0,0.143821618026104,0,0,0,0,0,0,0,0,0,0,0.007090432553909658,0,0,0,0,0,0,0,0,0,0.12580148086146692,0,0,0,0,4,0.8070068357152143,0.5247371430558276,0.5821323799249171,467.64684700000004,128.20584197693412,49.77555088180295
909_a,10m,909,909_a,0,0,0,0,0.48167574516508066,0,0,0,0,0,0,0,0,0,0,0,0,0.7538025464188339,0.061983510170530616,0,0,0,0,0,0.9999999999996694,1.3335547166226223,0,0,0,0,0,0,0,0,0,1.0000000000125575,0,0,0,0,0,0,0,0,0,0,0,0,0,0,6,1.6090896044521483,0.7863297188682179,0.8980500073178871,670.8963060000001,190.54718911526217,531.8450689652512
909_b,10m,909,909_b,0,0,0,0,0,0,0,0,0,0,0,0,0,0,0,0,0,0.40357353339336494,0,0,0,0,0,0,0.16183683862487547,0,0,0,0,0,0,0,0,0,0,0.05517727236017341,0,0,0,0,0,0,0,0,0,0,0,0,0,0,3,0.8455175122310589,0.5011871907123377,0.7696232064326465,285.0415910000001,103.69066094689494,120.43952755389289
909_c,10m,909,909_c,0,0,0,0,0,0,0,0,0,0,0,0,0,0,0.020055580088381778,0,0,1.3216357275308603,0,0,0,0,0,0,0.28097567559003916,0,0,0,0,0.11207157055072316,0,0,0,0,0,0.04621673563224697,0,0,0,0,0,0,0,0,0,0,0,0,0,0,5,0.8320151667574319,0.41964639479738075,0.5169600891898335,507.9845350000002,95.86881479413215,188.75643329423733
909_d,10m,909,909_d,0,0,0,0,0,0,0,0,0,0,0,0,0,0,0.05755827589823009,0,0.5085766022449674,0.45895760689437415,0.4049265392575358,0,0,0,0,0,0.7764945217690898,1.1537476702384877,0,0,0,0.8879284294277715,0,0,0,0,0,0,0,0,0.06975022260737664,0,0,0,0,0,0,0,0,0,0,0,8,1.8227655058288499,0.8195762166163131,0.8765649186542483,863.2986940000002,207.3077539932943,581.2861529676424
1008_a,10m,1008,1008_a,0,0,0,0,0,0,0,0,0,0,0,0,0,0,0,0,0,0.9686932786604286,0,0,0,0,0.012374973020964464,0,0,0,0,0,0,0.6640758735531088,0,0,0,0,0,0,0,0,0,0,0,0,0,0,0,0,0,0,0,0,3,0.7148355345404603,0.49029485115398264,0.6506713441254904,773.834292,127.34424137890889,407.36772060454945
1008_b,10m,1008,1008_b,0,0,0,0,0,0,0,0,0,0,0,0,0,0,0.006084438888531346,0,0,0,0,0,0,0,0,0,0.5119497232529125,0.9942958831295465,0,0,0,0,0,0,0,0,0,0,0,0,0,0,0,0,0,0,0,0,0,0,0,0,3,0.6645860904197408,0.45313681788987403,0.6049323289706182,394.2294650000001,123.10004899680068,212.054042271215
1008_c,10m,1008,1008_c,0,0,0,0,0.008073628236651515,0,0,0,0,0,0,0,0,0,2.6966914394930495e-4,0,0,0,0.4856423485090911,0,0,0,0,0,1.35301168892779,1.9935681289179539,0,0,0,0,0,0,0,0,0,0,0,0,0,0,0,0,0,0,0,0,0,0,0,0,5,0.9830221536985253,0.5904480289448231,0.6107860055389219,630.6648980000001,158.27341030383485,520.8076006357867
1008_d,10m,1008,1008_d,0,0,0,0,0,0,0,0,0,0,0,0,0,0,0,0,0,0,0,0,0,0,0,0,0.1266203018207655,0,0,0,0,0,0,0,0,0,0,0,0,0,0,0,0,0,0,0,0,0,0,0,0,0,1,-0,0,0,1,0,0.1266203018207655
1107_a,10m,1107,1107_a,0,0,0.6171705844629093,0.5812416014974471,0,0,0,0,0,0,1.3711324924694928,0,0,0,0,0,0.9999999999992786,0,0.41641225970832946,0,0,0,0,0,0,0,0,0,0,0,0,0,0,0,0,0,0,0,0,0,0,0,0,0,0,0,0,0,0,0,5,1.519572122648527,0.762576801296428,0.944163245384433,523.524938,178.28794010195884,465.7912645058519
1107_b,10m,1107,1107_b,0,0,0,0,0,0,0,0,0,0,0.7284672947340158,0,0,0,0,0,0,0.0014213187569476246,0.10961925970181821,0,0,0,0,0,0.3388371922616245,0,0,0,0,0,0,0,0,0,0,0.05092675584473161,0,0,0,0,0,0,0,0,0,0,0,0,0,0,5,1.0205423227734345,0.5631770527143576,0.6340985973357461,507.98453600000005,135.81188399050956,211.94997936576613
1107_c,10m,1107,1107_c,0,0,0,0,0,0,0,0,0,0,0.10602823908081663,0,0,0,0,0,0,0.015429062242526718,0.09612621211918136,0,0,0,0.7041375911189778,0,0.22262691207213114,0.025242426318990586,0,0,0,0.01758784185098454,0,0,0,0,0,0.43467024526839604,0,0,0,0,0,0,0,0,0,0,0,0,0,0,8,1.4916529389740825,0.7125989861616198,0.7173334325951188,1282.603271,371.58028483636133,597.0343390221458
1107_d,10m,1107,1107_d,0,0,0.2014639652953042,0,0,0,0,0,0,0,0.4186714186363878,0,0,0,0,0,0,0,0.3778422684728761,0,0,0,0,0,0.6164214527735427,0,0,0,0,0,0,0,0,0,0,0.2153583928637718,0,0,0,0,0,0,0,0.017571755945607222,0,0,0,0,0,0,6,1.5637459699972451,0.7698834206473347,0.8727432430821503,598.108432,185.45740944938703,301.77452694165424
1206_a,10m,1206,1206_a,0,0,0,0,0,0,0.002298918344321692,0,0,0,0,0,0,0,0,0,0,0,1.5204059363149982,0,0,0,0.7456551213429746,0,0,0,0,0,0,0,0,0,0,0,0,0.12488502971917391,0,0,0,0,0,0,0.07719230607719897,0,0,0,0,0,0,0,5,0.9259806578471941,0.5265988312747327,0.5753441314469526,883.490554,299.2937729444647,746.379636610096
1206_b,10m,1206,1206_b,0,0,0,0,0,0,0.644077318332325,0,0,0,0,0,0,0,0.11198442646677965,0,0,0,0,0,0,0,0.25434487863005406,0,0,0,0,0,0,0,0,0,0,0,0,0,0,0,0.5090820478627301,0,0,0,0.10429804605276154,0,0,0,0,0,0,0,5,1.381563735288114,0.71095882697661,0.8584138130551733,850.4053460000001,251.4883963130361,478.93852768907476
1206_c,10m,1206,1206_c,0,0,0,3.4436716758631824e-4,0,0,0,0,0,0,0.01962849145815052,0,0,0,0.8880155735490641,0,0,0,0,0,0,0,0,0,0,0,0,0,0,0,0,0,0,0,0,0,0,0,0.4763818307139609,0,0,0,0.530082912543373,0,0,0,0,0,0,0,5,1.1065215108265176,0.6461560004912122,0.6875204705181972,353.3889330000001,101.0395321398043,215.96785089970285
1206_d,10m,1206,1206_d,0,0,0,0,0,0,0,0,0,0,0,0,0,0,0,0,0.7658068252878014,0,0.23156814082033278,0,0,0,0,0,0,0,0,0,0,0,0,0,0,0,0,0.013211801482706,0,0,0,0,0,0,1.0209260125817126,0,0,0,0,0,0,0,4,0.993845454567737,0.592311518702052,0.7169079543574559,371.58590200000003,143.15651313335226,247.57560653969273
19_a,10m,19,19_a,0,0,7.400526136872776e-4,0,0,0,0,0,0,0,0,0,0,0,0,0,0.9172704676653591,0,0.18868957328277766,0,0,0,0,0,0,0,0,0,0,0,0,0,0,0,0,1.2054279690824399,0,0,0,0,0,0,0,0,0,0,0,0,0,0,4,0.9134222506363169,0.5641463113981275,0.6588948756153251,478.387807,138.1294862352849,283.819218447152
19_b,10m,19,19_b,0,0,0,0,0,0,0,0,0,0,0,0,0,0,0,0,0,0,0.09961190156339997,0,0,0,0,0,0,0,0,0,0,0,0,0,0,0,0,1.237082549314664,0,0,0,0,0,0,0,0,0,0,0,0,0,0,2,0.2651795898930403,0.13793536129730777,0.38257327928365836,247.46847400000001,34.134653370883406,165.39486798153123
19_c,10m,19,19_c,0,0,0,0,0,0,0,0,0,0,0,0,0,0,0,0,0,0,0.9292494855453132,0,0,0,0,0,0,0,0,0,0,0,0,0,0,0,0,1.515057790485553,0,0,0,0,0,0,0,0,0,0,0,0,0,0,2,0.6641467261536558,0.4712809908558182,0.9581611882445197,247.46847400000001,116.62718763229731,302.4444957932276
19_d,10m,19,19_d,0,0,0.08506076605969944,0,0,0,0,0,0,0,0,0,0,0,0,0,0,0,0.704864695351344,0,0,0,0,0,0,0,0,0,0,0,0,0,0,0,0,0.8244139178056455,0,0,0,0,0,0,0.17392653903806723,0,0,0,0,0,0,0,4,1.0954582723740909,0.6203820564284015,0.7902061085274461,377.823777,132.89753018959053,221.01697522183665
1305_a,10m,1305,1305_a,0,0,0,0,0,0,0,0,0,0,2.426307309359515,0,0,0,0,0,0,0,0,0,0,0,0.2958597551192093,0,0,0,0,0,0,0,0,0,0,0,0,0,0,0,0.05311668259862876,0,0,0,0,0,0,0,0,0,0,0,3,0.43184851614533,0.2239461930698824,0.3930854593560724,747.979619,130.38287381666723,566.0246235101507
1305_b,10m,1305,1305_b,0,0,0.7678947293195538,0,0,0,0,0,0,0,0,0,0,0,0,0,0,0,0.7712130441727721,0,0,0,0,0,0,0,0,0,0,0,0,0,0,0,0,0,0,0,0.9641529090895389,0,0,1.000475364226952,0.0590159902196557,0,0,0,0,0,0,0,5,1.4403150571274697,0.7543207356624402,0.8949180617655199,382.515103,145.8908895218722,321.8492115450483
1305_c,10m,1305,1305_c,0,0,0,0,0,0,0,0,0,0,0,0,0,0,0,0,0,0,0.2943643467358884,0,0,0,1.3563587395867471,0,0,0,0,0,0,0,0,0,0,0,0,0.3770777658629746,0,0,0,0,0,0,4.307829631194948e-5,0,0,0,0,0,0,0,4,0.8621942968037362,0.4969671494964617,0.6219417181407486,785.610992,301.33467397336494,795.0219617923754
1305_d,10m,1305,1305_d,0,0,0,0,0,0,0.43436223181830746,0,0,0,0.34719669487570204,0,0,0,0,0,0,0,0,0,0,0,0.5002296606176516,0,0,0,0,0,0,0,0,0,0,0,0,0,0,0,0,0,0,0,0.3621813851656739,0,0,0,0,0,0,0,4,1.3753718053710209,0.7444639833665383,0.9921210414936362,838.628648,336.48448662988807,503.2983770552398
118_a,10m,118,118_a,0,0,0,0,0,0,0.2552489346753422,0,0,0,0,0,0,0,0,0,1.000000000010221,0,0.9289463975706183,0,0,0,0,0,0,0,0,0,0,0,0,0,0,0,0,0,0,0,0,0,0,0,0,0,0,0,0,0,0,0,3,0.9721707970107789,0.5958476345094439,0.8849079944202874,359.80920199999997,138.57938747509002,259.67578442802267
118_b,10m,118,118_b,0,0,0,0,0,0,0,0,0,0,0,0,0,0,0,0,0,0,0.8736329803034382,0,0,0,0,0,0,0,0,0,0,0,0,0,0,0,0,1.3432139340915044,0,0,0,0,0,0,0,0,0,0,0,0,0,0,2,0.6705416609315898,0.4775653373132981,0.9673871289354535,247.46847400000001,118.18236526021721,274.2998614984625
118_c,10m,118,118_c,0,0,0,0,0,0,0,0,0,0,0,0,0,0,0,0,0,0,0.47210961806360124,0,0,0,0,0,0,0,0,0,0,0,0,0,0,0,0,0.483497754067115,0,0,0,0,0,0,0,0,0,0,0,0,0,0,2,0.6930761694024707,0.4999289905234028,0.9998975525552637,247.46847400000001,123.71666439318697,118.24134906216923
118_d,10m,118,118_d,0,0,0,0,0,0,0.015918264351843923,0,0,0,0,0,0,0,0,0,0,0,0.19356977650513107,0,0,0,0,0,0,0,0,0,0,0,0,0,0,0,0,0.3253579257910639,0,0,0,0,0,0,0,0,0,0,0,0,0,0,3,0.774798548115793,0.4980761904103378,0.7052520312285158,345.348036,121.38575438141281,83.20984693969739
1404_a,10m,1404,1404_a,0,0,0,0,0,0,1.0320226178352025,0,0,0,0,0,0,0,0,0,0,0,0.8828333121460665,0,0,0,0.5237530695269904,0,0,0,0,0,0,0,0,0,0,0,0,0,0,0,0,0,0,0,0.009628068813333716,0,0,0,0,0,0,2.9125186221988703e-4,5,1.0846996511653055,0.6465767172606763,0.673961786773629,982.8618620000001,295.23823940060146,608.6418062312173
1404_b,10m,1404,1404_b,0,0,0,0,0,0,2.2260227384733016,0,0,0,0,0,0,0,0,0,0,0,0.02106444630845872,0,0,0,0,0,0,0,0,0,0,0,0,0,0,0,0,0,0,0,0,0,0,0.30764195536258054,0,0,0,0,0,0,0,0.23264630394886576,4,0.667028685803777,0.3430190010125551,0.4811594885698958,456.4960430000001,71.95129940527666,302.31323100679947
1404_c,10m,1404,1404_c,0,0,0,0,0,0,0,0,0,0,0,0,0,0,0,0,0,0,0,0,0,0,0.3056597093807856,0,0,0,0,0,0,0,0,0,0,0,0,0,0,0,0,0,0,0.5238937048912689,0,0,0,0,0,0,0,0,2,0.6581325735649426,0.46539601604272907,0.9494846001296336,650.100056,302.5539760915552,269.6463605366269
1404_d,10m,1404,1404_d,0,0,0,0,0,0,0,0,0,0,0,0,0,0,0,0,0,0,0,0,0,0,2.2537388831694174,0,0,0,0,0,0,0,0,0,0,0,0,0.04046839208706166,0,0,0,0,0,0,0.11711720893328582,0,0,0,0,0,0,0,3,0.2786776537062209,0.12379300799250004,0.2536633319877321,661.876755,79.45641106255788,1047.7070542688584
217_a,10m,217,217_a,0,0,0.7979234680392796,0,0,0,0.6816703950186891,0,0.22923566853387453,0,0,0.013508183463479774,0,0,0,0,0,0,0.5164590728841021,0,0,0,0,0,0,0,0,0,0,0,0,0,0,0,0,0,0,0,0,0,0,0,0,0,0,0,0,0,0,0,5,1.3322986754407424,0.7165287318006225,0.8278037103188313,463.2715700000001,169.62482294640722,339.0680061169905
217_b,10m,217,217_b,0,0,0,0,0,0,0,0,1.3592182687067353,0,0,0,0,0,0,0,0,0,0.8192598238708606,0.18555305745404715,0,0,0,0,0,0,0,0,0,0,0,0,0,0,0,0,0,0,0,0,0,0,0,0,0,0,0,0,0,0,3,0.8852045196319525,0.5431644549528113,0.8057478773563694,255.522923,121.82969825216362,291.9548375020634
217_c,10m,217,217_c,0,0,0,0,0,0,0.4959734806677914,0,0.05789776852912008,0,0,0.08620803032152703,0,0,0,0,0,0,0.6065960820615396,0,0,0,0,0,0,0,0,0,0,0,0,0,0,0,0,0,0,0,0,0,0,0,0,0,0,0,0,0,0,0,4,1.0444926146273508,0.5980358418551808,0.7534421576840131,344.6929660000001,140.40408199004085,238.1225532196852
217_d,10m,217,217_d,0,0,0,0,0,0,1.180007072747544,0,0.004468027879765086,0,0,1.6610706345813933,0,0,0,0,0,0,0.07021953113667719,0,0,0,0,0,0,0,0,0,0,0,0,0,0,0,0,0.08112794768835516,0,0,0,0,0,0,0,0,0,0,0,0,0,0,5,0.8894315971385501,0.5364732409901112,0.5526349232033321,442.57252900000015,100.75525684190258,251.70628438676584
1503_a,10m,1503,1503_a,0,0,0,0,0,0,0.024817706108278402,0,0,0,0.49677489155943544,0,0,0,0,0,0,0,0.4838394580897369,0,0,0,0,0,0,0,0,0,0,0,0,0,0,0,0,0,0,0,0,0,0,0,0,0,0,0,0,0,0,0,3,0.7916986603623136,0.5236869402510682,0.7206351763296955,338.117503,127.98198510342937,140.23457618616789
1503_b,10m,1503,1503_b,0,0,0,0,0,0,0.013704751811107906,0,0,0,0.293289272543977,0,0,0,0,0,0,0,0.9453194246920589,0,0,0,0.14681577366278867,0,0,0,0,0,0,0,0,0,0,0,0,0,0,0,0,0,0,0,0,0,0,0,0,0,0,0,4,0.8743105947929787,0.4884505287354869,0.6306817796522551,864.4833219999999,196.23678224227248,426.9205575853621
1503_c,10m,1503,1503_c,0,0,0,0,0,0,0,0,0,0,0.006175668716117631,0,0,0,0,0,0,0,0.0031358814437398045,0,0,0,0.853184226358545,0,0,0,0,0,0,0,0,0,0,0,0,0.786404433668943,0,0,0.07159148651356959,0,0,0,0.5649893170554112,0,0,0,0,0,0,0,6,1.2139233864225136,0.6801443515342926,0.677503541781481,887.502217,309.8081356632628,609.4541090742617
1503_d,10m,1503,1503_d,0,0,0,0,0,0,0,0,0,0,0.49062774157684685,0,0,0,0,0,6.803621434954389e-6,0,0.567705235783324,0,0,0,0,0,0,0,0,0,0,0,0,0,0,0,0,0,0,0,0,0,0,0,0,0,0,0,0,0,0,0,3,0.6905716301502303,0.49735441986051543,0.6285853865583799,359.80920299999997,123.07938216429567,135.87814162385166
316_a,10m,316,316_a,0,0,0,0,0,0,0.5545432828062167,0,0.014520356620793226,0,0,0,0,0,0,0.5860144011796602,0,0,0,0,0.5265592537840653,0,0,0,0,0,0,0,0,0,0,0,0,0,0,0,0,0,0,0,0,0,0,0,0,0,0,0,0,0,4,1.1378088295126758,0.6716979703985734,0.8207555779088067,427.199429,150.41852728963119,198.11542338454868
316_b,10m,316,316_b,0,0,0,0,0,0,0.35706571208547766,0,0.38535388496508377,0,0,0,0,0,0,0.4130055295176077,0,0,0,0,0,0,0,0,0,0,0,0,0,0,0,0,0,0,0,0.5461923779019349,0,0,0,0,0,0,0,0,0,0,0,0,0,0,4,1.3723890432736399,0.7427412632902158,0.9899694334506146,410.824608,153.7791312277743,187.16440713039808
316_c,10m,316,316_c,0,0,1.1170358941626612,0,0,0,0.6351060377889138,0,0.6035260755417993,0,0,0,0,0,0,2.0784288160202307e-5,0,0,0.01496395958463111,0,0,0,0,0,0,0,0,0,0,0,0,0,0,0,0,0.04126729030826461,0,0,1.4158191673451588,0,0,0,0,0,0,0,0,0,0,0,7,1.387157848244399,0.7255011834427287,0.7128581188179868,669.7353400000001,157.18898357641737,379.389666539686
316_d,10m,316,316_d,0,0,0.004048342926055326,0.87218872906949,0,0,0.4068792866938766,0,0.0330058712478057,0,0,0,0,0,0,9.592849863682858e-4,0,0,0.0019032517954607002,0,0.004615627866516546,0,0,0,0,0,0,0,0,0,0,0,0,0,0,0,0,0,0.2969765637205779,0,0,0,0,0,0,0,0,0,0,0,8,1.1146653615741984,0.6132953731765511,0.5360407297979332,823.562005,140.34846028157318,215.88291306077886
1602_a,10m,1602,1602_a,0,0,0.5333882967611154,0,0,0,0.16529271640172716,0,0,0,0,0,0,0,0,0,0,0,0,0,0,0,0,0,0,0,0,0,0,0,0,0,0,0,0,0,0,0,1.16980020110071,0,0,0,0,0,0,0,0.3016708844408769,0,0,0,4,1.1484279226188496,0.6239006317425633,0.8284156343903143,446.184778,142.02134663582243,248.15590966131333
1602_b,10m,1602,1602_b,0,0,0,0,0,0,1.7220575861176224,0,0,0,0,0,0,0,0,0,0,0,0,0,0,0,0,0,0.01703353107284317,0,0,0,0,0,0,0,0,0,0,0.05270874292029338,0,0,1.4733314784986553,0,0,0,0,0,0,0,0.6667733585012572,0,0,0,5,1.111694126520012,0.6388170536070882,0.6907343973516165,457.84941599999996,131.02637039564144,369.26515135764896
1602_c,10m,1602,1602_c,0,0,0.04422403670126265,0,0,0,0.37386580238855033,0,0,0,0,0,0,0,0,0,0.9810517066565214,0,0,0,0,0,0,0,0,0,0,0,0,0,0,0,0,0,0,0,0,0,0.41497622954502805,0,0,0,0.2530552224679539,0,0,0.06351974203094067,0,0,0,0,6,1.4192915505296044,0.7038513674149208,0.7921216965249688,579.9613979999999,157.5746157442531,303.36195093809715
1602_d,10m,1602,1602_d,0,0,0.056294329430071184,0,0,0,0.7265820628429758,0,0,0,0,0,0,0,0,0,0,0,0,0,0,0,0,0,0,0,0,0,0,0,0,0,0,0,0,0,0,0,0.021238400723650328,0,0,0,0.0575222207775534,0,0,0.936480257973584,0,0,0,0,5,0.9769081954531241,0.5633321593760313,0.6069871896926153,451.071528,131.03742080534187,296.67227570783047
415_a,10m,415,415_a,0,0,0,0,0,0,1.3815788712297496,0,0,0,0,0,0,0,0,0,0,0,0.4436721351435236,0,0,0,0,0,0,0,0,0,0,0,0,0,0,0,0,0.7535033397509334,0,0,0,0,0,0,0,0,0,0,0,0,0,0,3,0.9966532184797104,0.5979875360519802,0.9071928548041199,345.348036,131.7933187243246,289.73301951842893
415_b,10m,415,415_b,0,0,0,0,0,0,1.243922924092676,0,0,0,0,0,0,0,0,0,0,0,0.44907976063450467,0,0,0,0,0,0,0,0,0,0,0,0,0,0,0,0,0.04020756240126956,0,0,0,0,0,0,0,0,0,0,0,0,0,0,3,0.675301661663639,0.41723596197001955,0.614686062252529,345.348036,101.53088663796433,207.11134514333492
415_c,10m,415,415_c,0,0,0,0,0,0,2.078381696654393,0,0,0,0,0,0,0,0,0,0,0,0,0,0.058032802077387695,0,0,0,0,0,0,0,0,0,0,0,0,0,0,0.23291797497524583,0,0,0,0,0,0,0,0,0,0,0,0,0,0,3,0.43382077478357334,0.2202538956383362,0.39488068653365516,323.281954,44.53326616500446,247.59099894412367
415_d,10m,415,415_d,0,0,0,0,0,0,0.3226924208681387,0,0,0,0,0,0,0,0,0,0,0,0,0,0,0,0,0,0,0,0,0,0,0,0,0,0,0,0,0.5789859668886765,0,0,0,0,0,0.4040006318195045,0,0,0,0,0,0,0,0,3,1.0690238497990914,0.6465435998146761,0.9730674422867692,207.535824,79.31104233256954,129.2641941093131
1701_a,10m,1701,1701_a,0,0,6.926134979212696e-4,0,0,0,0,0,0,0,0.3284282815675328,0,0,0,0,0,0,0,0,0,0,0,0,0,0,0,0,0,0,0,0,0,0,0,0,1.7144110321458923,0,0,0,0,0,0.08334466850551951,0,0,0,0,0.6674431842711095,0,0,0,5,1.0002032900742632,0.5518189572359862,0.6214612457846008,457.961478,111.38744144698096,234.38705896538266
1701_b,10m,1701,1701_b,0,0,0.14681412351270484,0,0,0,0,0,0,0,0,0,0,0,0,0,0,0,0,0,0,0,0,0,0.994600840276785,0,0,0,0,0,0,0,0,0,0,0.58266873668562,0.1113817216338351,0,0,0,0,0,0,0,0,0,0.1019209764642848,0,0,0,5,1.2182670168451621,0.6341829585185699,0.7569518571876224,486.3134940000001,146.27810031547102,269.283550905456
1701_c,10m,1701,1701_c,0,0,2.351935652641381,0,0,0,0,0,0,0,0,0,0,0,0,0,0,0,0,0,0,0,0,0,0,0,0,0,0,0,0,0,0,0,0,0,0.18729804856958193,0,2.6904566087972515,0,0,0,0,0,0,0,0.01433683183045788,0,0,0,4,0.837176460829191,0.5343444476226598,0.6038951641936237,360.08191400000004,118.85072839302326,421.1751118953896
1701_d,10m,1701,1701_d,0,0,0.3013482004494903,0,0,0,0,0,0,0,0.671571718434779,0,0,0,0,0,0,0,0,0,0,0,0,0,0,0,0,0,0,0,0,0,0,0,0,0.8917695215166607,0.3225119626287694,0,0.5600968845288914,0,0,0.12050702503379979,0,0,0,0,0.21629900742513045,0,0,0,7,1.7769459133855245,0.8090665197662521,0.9131695593695237,473.74983800000007,124.36525417764928,251.11643929513275
514_a,10m,514,514_a,0,0,0,0,0,0,0,0,0,0,0,0,0,0,0,0,0,0,0.029484169138774698,0,0,0,0,0,0,0,0.18447989155256586,0,0,0,0,0,0,0,0,0.9060686156309044,0,0,0.14123928515700537,0,0,0,0,0,0,0,0,0,0,0,4,0.8517590006228405,0.4494548741023683,0.6144142431155557,399.57027199999993,78.7842926312456,164.82323681380802
514_b,10m,514,514_b,0,0,1.1210680752969524,0,0,0,0,0,0.35751487385917435,0,0,0,0,0,0,0,0,0,0,0,0,0,0,0,0,0,0.4032357747937176,0,0,0,0,0,0,0,0,1.0056382788367177,0,0,0.6719994675761851,0,0,0,0,0,0,0,0,0,0,0,5,1.5132716832217288,0.7624178928626135,0.9402485622654865,492.2942019999999,159.41467872992533,361.3633831996837
514_c,10m,514,514_c,0,0,0,0,0,0,0,0,0.10536107336069993,0,0,0,0,0,0,0,0,0,0.102979212838052,0,0,0,0,0,0,0,0,0,0,0,0,0,0,0,0,1.4871977202855364,0,0,0,0,0,0,0,0,0,0,0,0,0,0,3,0.4577784398455177,0.22310262863571972,0.4166878930514242,345.348037,49.574063541332585,194.47568710127777
514_d,10m,514,514_d,0,0,0,0,0,0,0,0,0,0,0,0,0,0,0,0,0,0,0.5479372416274577,0,0,0,0,0,0,0,0,0,0,0,0,0,0,0,0,0.5325460373059732,0,0,0,0,0,0,0,0,0,0,0,0,0,0,2,0.6930457208073287,0.4998985436787903,0.9998536245180503,247.46847400000001,123.70912975901258,133.69277411008625
1800_a,10m,1800,1800_a,0,0,0,0,0,0,0,0,0.3789135625673488,0,0,0,0,0,0,0,0,0.999782158522726,0,0,0,0,0,0,0,0.613633628492206,0,0,0,0,0,0,0,0,0,0.0015830496250300128,0,0,0,0,0,0,0,0,0,0,0,0,0,0,4,1.030040436952534,0.6177544358842186,0.743017115153261,409.93534400000004,153.24934924568993,256.4552926302017
1800_b,10m,1800,1800_b,0,0,0,0,0,0,0,0,0,0,0,0,0,0,0,0,0,0,0,0,0,0,0,0,0,0.644773511494983,0,0,0,0,0,0,0,0,0,2.395300321351258,0,0,0,0,0,0,0,0,0,0,0,0,0,0,2,0.5167144674350801,0.33421727464622975,0.7454613997241718,271.82437400000003,90.84840146069747,413.18308326360506
1800_c,10m,1800,1800_c,0,0,0,0,0,0,0,0,0,0,0,0,0,0,0,0,0,0,0,0,0,0,0,0,0.3694860486943805,0.15581905807858867,0,0,0,0,0,0,0,0,0,2.3465208045078367,0,0,0,0,0,0,0,0,0,0,0,0,0,0,3,0.5869970237748032,0.31287795492862214,0.5343077169530321,394.229466,79.36811783858747,367.1378726985889
1800_d,10m,1800,1800_d,0,0,0,0,0,0,0,0,0,0,0,0,0,0,0,0,0,0,0,0,0,0,0,0,0,0.5857738019507953,0,0,0,0,0,0,0,0,0,0.5609856521268041,0,0,0,0,0.045887718667272065,0,0,0,0,0,0,0,0,0,3,0.8293219602216927,0.5360389801351974,0.7548813796968463,283.60107200000004,136.722174852324,210.89625148350697
613_a,10m,613,613_a,0,0,0.20333336115984876,0,0,0,0,0,0,0,0,0,0,0,0,0,0,0,0.6868334961591799,0,0,0,0,0,0,0,0.17320484195780161,0,0,0,0,0,0,0,0.04010270781484247,0,0,0,0,0,0,0,0.04680644255644823,0,0,0,0,0,0,0,5,1.146610701418132,0.5866792621101959,0.7124292851309857,625.285222,151.06815555106562,167.060411343272
613_b,10m,613,613_b,0,0,0.8454394359479168,0,0,0,0,0,0,0,0,0,0,0,0,0,0,0,0.2448051142431793,0,0,0,0,0,0,0,0,0,0,0,0,0,0,0,0,0.1986104752980669,0,0,0,0,0,0,0.09834847413976187,0,0,0,0,0,0,0,4,1.0738206666222736,0.5718954609799614,0.7745978752700176,377.823777,134.28982940539004,245.99653626871458
613_c,10m,613,613_c,0,0,0,0,0,0,0,0,0,0,0,0,0,0,0,0,0,0,0.25151202836274594,0,0,0,0,0,0,0,0,0,0,0,0,0,0,0,0,0.702698272308516,0,0,0,0,0,0,0,0,0,0,0,0,0,0,2,0.5767696515959795,0.3882124330895176,0.8321027160927749,247.46847400000001,96.07033840449007,118.06848349109919
613_d,10m,613,613_d,0,0,0,0,0,0,0,0.09201843366346886,0,0,0,0,0,0,0,0,0,0,1.058724570589119,0,0,0,0,0,0,0,0.10490792806466288,0,0,0,0,0,0,0,0.5980002648905761,0.013098387451738858,0,0,0,0,0,0,0,0,0,0,0,0,0,0,5,1.0312735001858186,0.5700853887096784,0.6407662527510175,604.5861809999999,142.71791322134018,260.046693507762
712_a,10m,712,712_a,0,0,1.2225981427372488,0,0,0,0,0,0,0,0,0,0,0,0,0,0,0,0.3127997674748427,0,0,0,0,0,0,0,0,0,0,0,0,0,0,0,0,0,0,0,0,0,0,0,0,0,0,0,0,0,0,0,2,0.5055239439071438,0.3244428880103051,0.7293168869254669,247.46847400000001,80.28938639606304,189.98128891148764
712_b,10m,712,712_b,0,0,1.1076646845594622,0.3885823750989115,0,0,0,0,0,0,0.5916261009353021,0,0,0,0,0,0,0,0.40505263980591455,0,0,0,0,0,0,0,0,0,0,0,0,0,0,0,0,0,0,0,0,0,0,0,0,0,0,0,0,0,0,0,4,1.2867689966292164,0.6955584695710981,0.9282076251033189,411.184209,147.41726811101506,266.4064820102567
712_c,10m,712,712_c,0,0,1.3671544237668978,0.2073380554198771,0,0,0,0,0,0,0.08319031389538326,0,0,0,0,0,0,0,0.5855433768808492,0,0,0,0,0,0,0,0,0,0,0,0,0,0,0,0,0,0,0,0,0,0,0,0,0,0,0,0,0,0,0,4,0.994668014810656,0.5505060906051078,0.7175013061491018,411.184209,117.98616933325417,231.9815335483599
712_d,10m,712,712_d,0,0,0.045673586755111406,0.028182789984804363,0,0,0,0,0,0,0,0,0,0,0,0,0,0,0.023026212401456962,0,0,0,0,0,0,0,0,0,0,0,0,0,0,0,0,0,0,0,0,0,0,0,0,0,0,0,0,0,0,0,3,1.055204906830723,0.6366432074207367,0.9604888983264412,292.605605,114.43454141924619,84.77990177458915
811_a,10m,811,811_a,0,0,1.5876545133583098,0,0,0,0,0,0,0.10461356611403964,0,0,0,0,0,0,0,0.19732114119879451,0,0,0,0,0,0,0.278189326748887,0,0,0,0,0,0,0,0,0,0,0,0,0,0,0,0,0,0,0,0,0,0,0,0,0,4,0.8560106165202441,0.43652540446653143,0.6174811357010302,461.26835000000005,104.87358355422379,276.3924119714353
811_b,10m,811,811_b,0,0,0.08570526167333035,0,0,0,0,0,0,0.0762595463738395,0,0,0,0,0,0,0,0,0.32149668849625157,0,0,0,0,0,0.46925384833232814,0.16254414493978325,0.22922241820410427,0,0,0,0,0,0,0,0,0,0,0,0,0,0,0,0,0,0,0,0,0,0,0,6,1.6048131023747354,0.7700395805130943,0.8956632460640145,701.8137419999999,195.50036715192925,229.97026868490818
811_c,10m,811,811_c,0,0,0,0,0,0,0,0,0,0.36373317177400344,0,0,0,0,0,0,0,0,0.1674972259896873,0,0,0,0,0,0.8545236332731962,0.870311432522786,0,0,0,0,0,0,0,0,0,0,0,0,0,0,0,0,0,0,0,0,0,0,0,0,4,1.222461817241164,0.6762152518098552,0.8818198007049689,517.963703,178.55957155758105,301.63900292415383
811_d,10m,811,811_d,0,0,0.3255307609949394,0,0,0,0,0,0,0.4553937157769693,0,0,0,0,0,0,0,0,6.274042532056582e-4,0,0,0,0,0,0,0.010424107731008877,0.8828085606839251,0,0,0,0,0,0,0,0,0,0,0,0,0,0,0,0,0,0,0,0,0,0,0,5,1.0445822316555737,0.610391656551539,0.6490354325478492,579.40865,161.31931524478225,238.95547773835028
910_a,10m,910,910_a,0,0,0,0,0,0,0,0,0,0,0,0,0,0,0,0,2.4819301739758792,0,0.595073460815366,0,0,0,0,0,0,0,0,0,1.4601180345330546e-5,0,0,0,0,0,0,0,0,0,0.17724717827898248,0,0,0,0,0,0,0.1946420330724483,0,0,0,0,5,0.85477873466282706,0.44653950348051097,0.5311038891646754,576.26737,104.78593727413329,423.35169953963236
910_b,10m,910,910_b,0,0,0.7099245602702979,0,0,0,0,0,0,0,0,0,0,0,0,0,0,0,0,0,0,0,0,0,0.6321290761153298,0,0,0,0,0,0,0,0,0,0,0.6405695699723838,0,0,0.2910241456475343,0,0,0,0,0,0,0,0,0,0,0,4,1.3393568296037919,0.729449274245247,0.9661417280250775,367.40045000000003,159.54044156902435,283.688350128329
910_c,10m,910,910_c,0,0,0.02230557071231724,0,0,0,0,0,0,0,0,0,0,0,0.6234947518408454,0,0,0.01645002494273608,0,0,0,0,0,0,0,0.12767001597911193,0,0,0,0,0,0,0,0,0,0.06254765482552094,0,0,0.7089758543583737,0,0,0,0,0,0,0,0,0,0,0,6,1.1673389901697047,0.6257865369643926,0.6515042952013141,532.5256090000001,126.96484091697592,216.68169193454767
910_d,10m,910,910_d,0,0,0,0,0,0,0,0,0,0,0,0,0,0,0.21222959888852252,0,0,0.2292782548685654,0,0,0,0,0,0,1.3162409784082936,0.8007338995020509,0,0,0,0,0,0,0,0,0,0,0,0,0,0,0,0,0,0,0,0.5490641143950707,0,0,0,0,5,1.395169439490521,0.7128725039774815,0.8668675123854132,610.6876310000001,183.97434403222348,416.2985690793668
1009_a,10m,1009,1009_a,0,0,0,0,0,0,0,0,0,0,0,0,0,0,0,0,0,0,0,0,0,0,0.027566408950727265,0,1.35787652039651,0.7051176984305926,0,0,0,0,0,0,0,0,0,0,0,0,0,0,0,0,0,0,0,0,0,0,0,0,3,0.7039256306140331,0.4641780880044012,0.6407407216129263,786.012243,136.01935987349373,478.4843590504414
1009_b,10m,1009,1009_b,0,0,0,0,0.5031510048966726,0,0,0,0,0,0,0,0,0,0,0,0,0.2922968469150363,0.09836326709197407,0,0,0,0,0,0.26090242071815967,0.580166185927057,0,0,0,0,0,0,0,0,0,0,0,0,0,0,0,0,0,0,0,0,0,0,0,0,5,1.4729890770408915,0.7498389685614473,0.9152195717902254,630.6648980000001,193.88078193600253,235.81725872879014
1009_c,10m,1009,1009_c,0,0,0,0,0,0,0,0,0,0,0.09534333204488159,0,0,0,1.784851704210533,0,0,0.23314953192836446,0.42665722636057474,0,0,0,0,0,0.22350547832063308,0.8441333276146207,0,0,0,0,0,0,0,0,0,0,0,0,0.24644954957546164,0,0,0,0,0,0,0,0,0,0,0,7,1.5349238925327726,0.7135834733691211,0.7887948440363173,662.6501360000002,171.79372395258378,413.52129875657454
1009_d,10m,1009,1009_d,0,0,0,0,0,0,0,0,0,0,0.549364385507041,0,0,0,0,0,0,0,0.573342773645953,0,0,0,0.2852005196274454,0,0.07828678261561094,0.43860803633415657,0,0,0,0,0,0,0,0,0,0,0,0,0,0,0,0,0,0,0,0,0,0,0,0,5,1.468780203329769,0.7542775741818363,0.9126044515183555,1032.151572,295.1617111398841,502.7313799589727
1108_a,10m,1108,1108_a,0,0,0,0,0,0,0,0,0,0,0,0,0,0,4.0002196720280644e-5,0,0,0,0,0,0,0,0,0,1.113287384206858,0.03591533241924835,0,0,0,0,0,0,0,0,0,0.11391980499017904,0,0,0,0,0,0,0,0.8674961466966109,0,0,0,0,0,0,5,0.9306396531222064,0.5580714179663293,0.578238927971266,503.88572700000014,127.88300296646237,276.85061971651976
1108_b,10m,1108,1108_b,0,0,0,0,0,0,0,0,0,0,0,0,0,0,0,0,0,0.6157659815583171,0,0,0,0,1.2834874359081265,0,0.2695853518524536,0.9388422412959883,0,0,0,0.14850542914312787,0,0,0,0,0,0.24640732114447003,0,0,0,0,0,0,0,0,0,0,0,0,0,0,6,1.5445061027680742,0.750298461547177,0.862005268728115,1072.382979,373.1671395242261,915.6766202948161
1108_c,10m,1108,1108_c,0,0,0,0,0,0,0,0,0,0,0,0,0,0,0,0,0,1.199820902054931,0,0,0,0,0,0,2.0720442409375357,0,0,0,0,0,0,0,0,0,0,0,0,0,0,0,0,0,0,0,0,0,0,0,0,0,2,0.6571806453981857,0.46446677540135295,0.9481112580841708,244.81018300000008,113.70619628342517,400.49295263976524
1108_d,10m,1108,1108_d,0,0,0,0,0,0,0,0,0,0,0,0,0,0,0.2897629608311114,0,1.0000000000071856,1.4398178014895957,0,0,0,0,0,0,0.7876141105889248,0,0,0,0,0,0,0,0,0,0,0,0,0,0,0,0,0,0,0,0,0,0,0,0,0,4,1.2639557467344738,0.6946505739260493,0.911751343858466,467.7531270000002,167.83082104451202,415.2874961276016
1207_a,10m,1207,1207_a,0,0,0.07354718141704665,0,0,0,0,0,0,0,0,0,0,0,0,0,5.930979609369223e-4,0,0,0,0,0,0,0,0,0,0,0,0,0,0,0,0,0,0,0.8572195058160504,0,0,0,0,0,0,0,0,0,0,0,0,0,0,3,0.2815109560424705,0.1466355495832412,0.2562423149150799,366.047078,34.78880177636739,115.59803394546807
1207_b,10m,1207,1207_b,0,0,0.2658261848180894,0.4159704694984795,0,0,0.9999999999963843,0,0,0,1.0337173109485618,0,0,0,0,0,0,0,0,0,0,0,0,0,0,0,0,0,0,0,0,0,0,0,0,0.04431660506141688,0,0,0,0,0,0,0,0,0,0,0,0,0,0,5,1.312611409058324,0.6961622310747632,0.8155713239494536,470.822931,144.6932218982444,320.8375823696715
1207_c,10m,1207,1207_c,0,0,0.35067513037636955,0,0,0,0,0,0,0,1.1397948721272941,0,0,0,0.039446633614092765,0,0,0,0,0,0,0,0,0,0,0,0,0,0,0,0,0,0,0,0,0.12439480227679839,0,0,0,0,0,0,0,0,0,0,0,0,0,0,4,0.8691740883403223,0.47414362711758373,0.6269765734588844,341.6122340000001,100.6484012507388,173.51547633273398
1207_d,10m,1207,1207_d,0,0,0.6708334887802953,0,0,0,0,0,0,0,0,0,0,0,0.21777177385225616,0,0,0,0,0,0,0,0,0,0,0,0,0,0,0,0,0,0,0,0,0.8788854990754854,0,0,0,0,0,0,0,0,0,0,0,0,0,0,3,0.9730909409371926,0.5935108049122986,0.8857455455162516,335.0367700000001,135.68277475613087,207.5858740331844
20_a,10m,20,20_a,0,0,0,0,0,0,0,0,0,0,0,0,0,0,0,0,0,0,1.473978194587528,0,0,0,0,0,0,0,0,0,0,0,0,0,0,0,0,0,0,0,0,0,0,0.09021072771261762,1.242446637996293,0,0,0,0,0,0,0,3,0.809458862016833,0.5271896303550181,0.7368012085484419,252.15980000000002,123.68753073857978,307.67640841076707
20_b,10m,20,20_b,0,0,0,0,0,0,0,0,0,0,0,0,0,0,0,0,0,0,0.03087519822104664,0,0,0,0,0,0,0,0,0,0,0,0,0,0,0,0,0.8328525830183509,0,0,0,0,0,0,1.7845857290176579,0,0,0,0,0,0,0,3,0.6816984878754374,0.4468799772863248,0.6205087043964226,259.245173,15.68567321319099,146.60264024602114
20_c,10m,20,20_c,0,0,0,0,0,0,0,0,0,0,0,0,0,0,0,0,0,0,0.9691248017798846,0,0,0,0,0,0,0,0,0,0,0,0,0,0,0,0,0.46576194637599394,0,0,0,0,0,0,0.5135093838122403,0,0,0,0,0,0,0,3,1.0409143676783383,0.6259914654625027,0.947481089020294,259.245173,126.69872790688935,243.40403960096674
20_d,10m,20,20_d,0,0,0,0,0,0,0,0,0,0,0,0,0,0,0,0,0,0,0.6326428218672526,0,0,0,0,0,0,0,0,0,0,0,0,0,0,0,0,1.276843691944543,0,0,0,0,0,0.11891049388721753,1.1632300830386368,0,0,0,0,0,0,0,4,1.177741716285127,0.6664392879131524,0.8495610667663046,263.936499,86.4850619990296,218.3744311115383
1306_a,10m,1306,1306_a,0,0,0,0,0,0,0.7149317132357701,0,0,0,0,0,0,0,0,0,1.622055711001841,0,0,0,0,0,0.089681895408895,0,0,0,0,0,0,0,0,0,0,0,0,0,0,0,0,0,0,0,0.6343805481642035,0,0,0,0,0,0,0,4,1.1057906713916041,0.6208469970883301,0.7976593589389723,871.713855,171.5354681401278,589.0954871674991
1306_b,10m,1306,1306_b,0,0,0,0,0,0,0.34821993533532547,0,0,0,0,0,0,0,1.0000000000113214,0,0,0,0.47889719029862754,0,0,0,0.05372970430209316,0,0,0,0,0,0,0,0,0,0,0,0,0.1278327260796885,0,0,0,0,0,0,0.004877394673719405,0,0,0,0,0,0,0,6,1.278955364437171,0.662133089707267,0.7137985797771083,974.1395830000001,168.7722314742171,521.0023974948546
1306_c,10m,1306,1306_c,0,0,0,0,0,0,1.7645835242694548,0,0,0,0,0,0,0,0,0,0.8112646403128604,0,0.326438217830108,0,0,0,0,0,0,0,0,0,0,0,0,0,0,0,0,0,0,0,0,0,0,0,0.2660183164389734,0,0,0,0,0,0,0,4,1.1169826896249755,0.6065777907020126,0.8057326935403842,457.688765,144.07039944724707,363.8129695001176
1306_d,10m,1306,1306_d,0,0,0,0,0,0,1.2057194852240645,0,0,0,0.40776353518748915,0,0,0,0,0,0.22963537604912787,0,0.015917032119929096,0,0,0,0,0,0,0,0,0,0,0,0,0,0,0,0,0,0,0,0,0,0,0,0,0,0,0,0,0,0,0,4,0.9126751417501209,0.5159114075140228,0.6583559504727656,450.45823199999995,108.79695304658865,218.32492105747545
119_a,10m,119,119_a,0,0,0,0,0,0,0,0,0,0,0,0,0,0,0,0,0.042148267504553034,0,0.13642139963069574,0,0,0.0038302191609863897,0,0,0,0,0,0,0,0,0,0,0,0,0,0.4264882382500749,0,0,0,0,0,0,0,0,0,0,0,0,0,0,4,0.8012812306332571,0.4543573074194971,0.5780022288960028,457.688766,111.27662177395341,99.42821114549
119_b,10m,119,119_b,0,0,0.32141401823972743,0,0,0,0,0,0,0,0,0,0,0,0,0,0.026940647054152975,0,0.5355213507134025,0,0,0,0,0,0,0,0,0,0,0,0,0,0,0,0,0.3115139194654815,0,0,0,0,0,0.12046589156700027,0,0,0,0,0,0,0,0,5,1.3497535624987254,0.7098610214995206,0.8386490414267485,490.164506,163.92884117515507,229.7385586615074
119_c,10m,119,119_c,0,0,1.592230876731528,0,0,0,0,0,0,0,0,0,0,0,0,0,1.000000000012461,0,0.024558605363862215,0,0,0,0,0,0,0,0,0,0,0,0,0,0,0,0,0.37598892526083305,0,0,0,0,0,0.8795341084153034,0.9276076149950447,0,0,0,0,0,0,0,6,1.5479372406302656,0.7694712303679846,0.8639202232301664,494.855832,157.19047589618273,447.24639359257026
119_d,10m,119,119_d,0,0,0.9442846207006674,0,0,0,0,0,0,0,0,0,0,0,0,0,0,0,0,0,0,0.2745448513094597,0,0,0,0,0,0,0,0,0,0,0,0,0,0.4860852171221905,0,0,0,0,0,0,0.027783633448589834,0,0,0,0,0,0,0,4,1.0455693058826985,0.5989335648293546,0.7542188262513424,346.81347,136.22895310565258,251.6978659500726
1405_a,10m,1405,1405_a,0,0,0,0,0,0,0.022613642153619898,0,0,0,0,0,0,0,0,0,0,0,0,0,0,0.05205835306668491,0.06237528958212991,0,0,0,0,0,0,0,0,0,0,0,0,0.8917556578005514,0,0,0,0,0,0,0.06461435143496433,0,0,0,0,0,0,0,5,0.7219736157028759,0.3254087096241194,0.44858742926651274,850.405347,95.95404061576845,358.81077726884496
1405_b,10m,1405,1405_b,0,0,0,0,0,0,0.4232224625591058,0,0,0,0,0,0,0,0,0,0,0,0,0,0,0.40687323780648377,0.07712272888259683,0,0,0,0,0,0,0,0,0,0,0,0,0.009073496382555814,0,0,0,0,0,0,0,0,0,0,0,0,0,0,4,0.9712776191575883,0.582304511591917,0.7006287022425459,838.628648,178.10439427846165,335.60522266562
1405_c,10m,1405,1405_c,0,0,0,0,0,0,2.0365955218416136,0,0.06325424704083069,0,0,0,0,0,0,0,0,0,0,0,0,0.47457145713884796,0,0,0,0,0,0,0,0,0,0,0,0,0,0,0,0,0.09003596718014246,0,0,0,0,0,0,0,0,0,0,0,4,0.7159746364720057,0.38232965021859755,0.5164665287202205,312.95066399999996,69.1756537333762,279.04038523618567
1405_d,10m,1405,1405_d,0,0,0,0,0,0,0.20695924231358187,0,0.11014367345438625,0,0,0,0,0,0,0,0,0,0,0,0,0.06649695198009634,1.23002499999067,0,0,0,0,0,0,0,0,0,0,0,0,0.424635399743207,0,0,0.9099640328304046,0,0,0,0,0,0,0,0,0,0,0,6,1.4014424455967556,0.7030960664515504,0.7821599213875176,869.182819,341.5258469312628,820.9981822652067
218_a,10m,218,218_a,0,0,0,0,0,0,0,0,0.08840057130391919,0,0,0.0052103152259101535,0,0,0,0,0,0,0.12409942791942107,0,0,0,0,0,0,0,0,0,0,0,0,0,0,0,0,1.2897247318536043,0,0,0,0,0,0.4400151021208732,0,0,0,0,0,0,0,0,5,0.9406642786022844,0.5042281153231505,0.5844675779879148,363.70019900000017,53.29734497395585,239.60314540794812
218_b,10m,218,218_b,0,0,0,0,0,0,0.7330587158165579,0,0.20640224782503094,0,0,0,0,0,0,0,0,0,0.0033215906011248107,0,0,0,0,0,0,0,0,0,0,0,0,0,0,0,0,0,0,0,0,0,0,0.35618765569207333,0,0,0,0,0,0,0,0,4,0.9852014098392067,0.5810776041211068,0.7106725941259193,435.997066,111.42152550854355,153.5209179077077
218_c,10m,218,218_c,0,0,0.4093314624654754,0,0,0,0.11201897783679823,0,0.47043821272928654,0,0,0,0,0,0,0,0,0,0,0,0,0,0,0,0,0,0,0,0,0,0,0,0,0,0,1.584119582513739,0,0,0,0,0,0.08738294861841812,0,0,0,0,0,0,0,0,5,1.1484705398665682,0.58854731499064,0.7135848677316362,437.462499,119.04677305677265,235.0543528086378
218_d,10m,218,218_d,0,0,0.08652075577482435,0,0,0,0,0,0.23475896809664404,0,0,0,0,0,0,0,0,0,0.12895549622320585,0,0,0,0,0,0,0,0,0,0,0,0,0,0,0,0,0.1763041501966111,0,0,0,0,0,0.1164142935193299,0.3733932560507174,0,0,0,0,0,0,0,6,1.6689684191789371,0.7887348202587815,0.9314690101222013,480.39466600000003,133.28001675722732,172.61086437817937
1504_a,10m,1504,1504_a,0,0,0,0,0,0,0.6276997040000636,0,0,0,0,0,0,0,0,0,0,0,0,0,0,0,0,0,0,0,0,0,0,0,0,0,0,0,0,0,0,0,1.402961464076036,0,0,0.4507979918089645,0,0,0,0,0,0,0,0,3,0.979958306719388,0.5833587543412648,0.8919964912348007,207.535824,78.82324007673513,169.3730032254173
1504_b,10m,1504,1504_b,0,0,0,0,0,0,0,0,0,0,0,0,0,0,0,0,0,0,0,0,0,0,0,0,0,0,0,0,0,0,0,0,0,0,0,0.02498366681894494,0,0,2.414963990788282,0,0,0.36177211188779007,0.021665834626401093,0,0,0,0,0,0,0,4,0.4761269659149312,0.251832272588711,0.3434530062794899,32.256386000000006,5.668550845273302,26.43748770788056
1504_c,10m,1504,1504_c,0,0,0,0,0,0,0,0,0,0,0,0,0,0,0,0,0,0,0,0,0,0,0,0,0,0,0,0,0,0,0,0,0,0,0,0,0,0,0.03026603793366912,0,0,0.48720650963452994,0.4384902159151418,0,0,0,0,0,0,0,3,0.8103272842063636,0.5288582259634901,0.7375916804906257,28.244724,5.830983207500991,11.784552135353444
1504_d,10m,1504,1504_d,0,0,0.9691082267102998,0,0,0,1.2393033790976558,0,0,0,0,0,0,0,0,0,0,0,0,0,0,0,0,0,0,0,0,0,0,0,0,0,0,0,0,0,0,0,0.08021702062289257,0,0,0.09523554980943476,0.6090070143270669,0,0,0,0,0,0,0,5,1.2609132066453048,0.6805460591844819,0.7834494247363109,351.504795,146.76601845194813,354.3537737374142
317_a,10m,317,317_a,0,0,0.5563978025428544,0.01896068140935395,0,0,0.18593094904293594,0,0,0,0,0,0,0,0,0,0,0,0.8696117312694194,0,0,0,0,0,0,0,0,0,0,0,0,0,0,0,0,0,0,0,0.11645158740029467,0,0,0,0,0,0,0,0,0,0,0,5,1.1796643818880967,0.6350456311242385,0.7329666915227455,509.063771,154.15899245806037,262.4639926569469
317_b,10m,317,317_b,0,0,1.1245449105105825,0,0,0,0.11953910758718246,0,0.9763252830716093,0,0,0,0,0,0,0,0,0,1.4661586630211525,0,0,0,0,0,0,0,0,0,0,0,0,0,0,0,0,0,0,0,0.18598404296219528,0,0,0,0,0,0,0,0,0,0,0,5,1.3273505054331218,0.7055135288742759,0.8247292394309564,554.57567,170.174653861747,465.38927686884654
317_c,10m,317,317_c,0,0,0,0.037380896759940885,0,0,0.018783424705620597,0,0.02367471693225011,0,0,0.23400283642768657,0,0,0,0,0,0,0.7377875180711367,0,0,0,0,0,0,0,0,0,0,0,0,0,0,0,0,0.2547512463866998,0,0,0,0,0,0,0,0,0,0,0,0,0,0,6,1.1848600053131475,0.6095835411105023,0.661282959940835,561.1511330000001,144.44832695877176,241.2129122933359
317_d,10m,317,317_d,0,0,0.4436021975135827,0.44740078195740535,0,0,0,0,0,0,0,0,0,0,0,0,0,0,0.2881183023725079,0,0,0,0,0,0,0,0,0,0,0,0,0,0,0,0,1.019466588049538,0,0,0,0,0,0,0,0,0,0,0,0,0,0,4,1.2696206878747955,0.6856969204560179,0.9158377351035011,411.184209,152.90475222152463,275.35144735112715
1603_a,10m,1603,1603_a,0,0,0.4821832738503956,0,0,0,0,0,0,0,0,0,0,0,0,0,0.6899761735624425,0,0.06810381828347216,0,0,0,0,0,0,0,0,0,0,0,0,0,0,0,0,1.7191737294522036,0,0,0.5564765857457319,0,0,0,0.21308946185891287,0,0,0,0,0,0,0,6,1.4542030232049854,0.7106290254044294,0.8116061604136524,494.176168,125.36054763510928,285.0945917567657
1603_b,10m,1603,1603_b,0,0,1.0374735623758056,0,0,0,0.9999999999825165,0,0,0,0,0,0,0,0,0,0,0,0,0,0,0,0,0,0,0,0,0,0,0,0,0,0,0,0,0.05795863280036189,0,0,1.432489457476588,0,0,0,0.7469447774669287,0,0,0,0,0,0,0,5,1.4129798513107907,0.7433764258444648,0.8779337434482403,350.825131,138.05260164297346,350.2443884923053
1603_c,10m,1603,1603_c,0,0,0.4172651270725396,0,0,0,1.9709539236909708,0,0,0,0,0,0,0,0,0,0.9999931963828407,0,0,0,0,0,0,0,0,0,0,0,0,0,0,0,0,0,0,0.1395258652929134,0,0,0.01097761871821455,0,0,0,0,0,0,0,0,0,0,0,5,1.080564719584319,0.5944627459981129,0.6713926093303483,467.93830199999996,143.14461623179741,486.45456230649495
1603_d,10m,1603,1603_d,0,0,0.5825402757202212,0,0,0,0.04332078747431063,0,0,0,0,0,0,0,0,0,0,0,0,0,0,0,0,0,0,0,0,0,0,0,0,0,0,0,0,0.5670502287892694,0,0,5.6338066042004264e-5,0,0,0,0.07396011113877105,0,0,0,0,0,0,0,5,0.9987701867270139,0.5836748677659672,0.6205708086101205,350.825131,125.81761645477911,191.0300202032513
416_a,10m,416,416_a,0,0,0,0,0,0,0.3242045441428037,0,0.19520377487411572,0,0,0,0,0,0,0,0,0,0.250770879673304,0,0,0,0,0,0,0,0,0,0,0,0,0,0,0,0,0,0,0,0.7971439729858725,0,0,0,0,0,0,0,0,0,0,0,4,1.2224598869626575,0.657424388906851,0.8818184083033545,435.997066,141.85114886168745,189.22211415074585
416_b,10m,416,416_b,0,0,0,0,0,0,0.1831439949929483,0,0.09561705355039996,0,0,0,0,0,0,0,0,0,0.09020678621192631,0,0.25131315265418713,0,0,0,0,0,0,0,0,0,0,0,0,0,0,0,0,0,0.30528409238383236,0,0,0,0,0,0,0,0,0,0,0,5,1.501838406694688,0.7581587863634329,0.9331446681427557,548.698262,167.08016117102954,127.72065976128687
416_c,10m,416,416_c,0,0,0,0.10885058953617525,0,0,1.5974752500606215,0,0.7027388393864458,0,0,0,0,0,0,0,0,0,0.19347520551833083,0,0,0,0,0,0,0,0,0,0,0,0,0,0,0,0,0,0,0,0.9855591059512151,0,0,0,0,0,0,0,0,0,0,0,5,1.2980107477618401,0.6841515148620063,0.8064994230182758,554.57567,138.9828945235913,374.91033388941577
416_d,10m,416,416_d,0,0,0.21224339768820794,0,0,0,0.07040919239599377,0,0.41354258525155496,0,0,0,0,0,0,0,0,0,0.4655471285988049,0,0,0,0,0,0,0,0,0,0,0,0,0,0,0,0,0,0,0,1.2917376760071912,0,0,0,0,0,0,0,0,0,0,0,5,1.2668702296452223,0.6500838711199944,0.7871507312321346,554.57567,148.20381188020318,286.1613299291348
1702_a,10m,1702,1702_a,0,0,0.1191915943371517,0,0,0,0,0,0,0,0,0,0,0,0,0,0,0,0,0,0,0,0,0,0,0,0,0,0,0,0,0,0,0,0,0.06042076575248633,0.5941336812282599,0,0.5341570114851779,0,0,0,0,0,0,0,0,0,0,0.12945878087955826,5,1.2895361620387717,0.6742824393313952,0.8012338668526132,364.0935750000002,77.49166477539642,152.4717783588887
1702_b,10m,1702,1702_b,0,0,1.7286498038722744,0,0,0,0,0,0,0,0,0,0,0,0,0,0,0,0,0,0,0,0,0,0,0,0,0,0,0,0,0,0,0,0,0,0,0,1.878419903068104,0,0,0,0,0,0,0,0,0,0,0.003957221584782878,3,0.700091225772196,0.5002339506402091,0.6372504959151182,348.30521500000015,118.61714349613008,421.6339442540269
1702_c,10m,1702,1702_c,0,0,0,0,0,0,0,0,0,0,0,0,0,0,0,0,0,0,0.0760585401627444,0,0,0,0,0,0,0,0,0,0,0,0,0,0,0,0,0,0,0,0.5703798321267168,0,0,0.4815980523638658,0.19175527445540386,0,0,0,0,0,0,0.12047767093750884,5,1.3644494993724916,0.7038435968635524,0.8477801404025023,375.08450600000015,66.42881109821504,151.7209210149976
1702_d,10m,1702,1702_d,0,0,0,0,0,0,0,0,0,0,0,0,0,0,0,0,0,0,2.5078183910764536e-5,0,0,0,0,0,0,0,0,0,0,0,0,0,0,0,0,0.07839072323022347,0,0,0.019108359935981985,0,0,0.16825303474279693,0,0,0,0,0,0,0,0.7014626995578842,5,0.8186837971353301,0.4368365776768105,0.5086768435180948,374.40484200000014,89.45245847334739,200.06445778362541
515_a,10m,515,515_a,0,0,0,0,0,0,0.9959432977407737,0,0,0,0,0,0,0,0,0,0,0,0.02845407098236897,0,0,0,0,0,0,0,0,0,0,0,0,0,0,0,0,0.03283479618270331,0,0,0.29889462868922556,0,0,0,0,0,0,0,0,0,0,0.35457875894024043,5,1.0899540162239751,0.5869300070424727,0.6772265073435098,460.5077050000001,123.86684568359894,261.4673202310316
515_b,10m,515,515_b,0,0,0,0,0,0,0.46310224211766626,0,0,0,0,0,0,0,0,0,0,0,0.21957853068678423,0,0,0,0,0,0,0,0,0,0,0,0,0,0,0,0,0.8838400348841817,0,0,0.11981316698506629,0,0,0,0,0,0,0,0,0,0,0.17230459805358878,5,1.3492731975739167,0.6850820859034585,0.8383505739176278,460.5077050000001,137.25854942864802,215.39783165751516
515_c,10m,515,515_c,0,0,0,0,0,0,0.01888439985274191,0,0.3202162707666322,0,0,0,0,0,0,0,0,0,0,0,0,0,0,0,0,0,0,0,0,0,0,0,0,0,0,0,0,0,1.2353739361772034,0,0,0.5959993682229627,0,0,0,0,0,0,0,0.15290052885460226,5,1.1761847031718808,0.6280822587212678,0.7308046455753171,422.60130600000014,79.20654975081683,175.90311005910257
515_d,10m,515,515_d,0,0,0,0,0,0,0.5986477467499774,0,0.07958706185243228,0,0,0,0,0,0,0,0,0,0,0,0,0,0,0,0,0,0,0,0,0,0,0,0,0,0,0,0,0,0.3658949961638696,0,0,0,0,0,0,0,0,0,0,0.3202161141627562,4,1.220345930859125,0.6770614137236151,0.8802935113097426,410.8246070000001,141.3336517230205,153.38533014027746
1801_a,10m,1801,1801_a,0,0,0.30316814848087537,0,0,0,0,0,0,0,0,0,0,0,0,0,0,0,0,0,0,0,0,0,0,0,0,0,0,0,0,0,0,0,0,1.3305056229074017,0.390915281085877,0,0,0,0.2058391757882178,0,0,0,0,0,0,0,0,0,4,1.1045651609799143,0.5864484013576785,0.796775340042221,260.71060400000016,63.987736702101024,165.4479220816752
1801_b,10m,1801,1801_b,0,0,0,0,0,0,0,0,0,0,0,0,0,0,0,0,0,0,0,0,0,0,0,0,0.6305139514299343,0,0,0,0,0,0,0,0,0,0,2.3562280838963585,0,0,0,0,0,0.3443572121322963,0,0,0,0,0,0,0,0,3,0.794573251718796,0.4531525767575758,0.7232517421428882,256.58688300000006,78.5786420404979,219.61049138722004
1801_c,10m,1801,1801_c,0,0,0.640113534631873,0,0,0,0.3038205889835782,0,0,0,0,0,0,0,0,0,0,0,0,0,0,0,0,0,0,0,0,0,0,0,0,0,0,0,0,0.7131164163431816,0.02062440020052658,0,0.07246829693278597,0,0,0.45179109427533914,0.03317464933584785,0,0,0,0.06467877377996936,0,0,0,8,1.6189489406278397,0.7682628230456454,0.7785498693654085,478.4411630000001,136.82032743231838,240.15234745670938
1801_d,10m,1801,1801_d,0,0,0.6968318515601315,0,0,0,0.013343682556450954,0,0,0,0,0,0,0,0,0,0,0,0,0,0,0,0,0,0,0,0,0,0,0,0,0,0,0,0,0.271310394611335,0.5134240069905649,0,0,0,0.047010147022108366,0,0.5466419769737979,0,0,0,0.13319669224293001,0,0,0,7,1.5850164813863958,0.7687021952755911,0.8145373424132036,481.51487300000014,126.28088671499546,221.77471665700585
614_a,10m,614,614_a,0,0,0,0,0,0,0,0.09650087139810903,0,0,0,0,0,0,0,0,0,0,1.0547581928078889,0,0,0,0,0,0,0,0,0,0,0,0,0,0,0,0,0.3284176639922233,0,0,0,0,0,0,0,0,0,0,0,0,0,0,3,0.7534504589893899,0.4383570150249734,0.6858201630921379,345.348037,106.98253704973844,197.95521476118878
614_b,10m,614,614_b,0,0,0,0,0,0,0,0,0,0,0,0,0,0,0,0,0,0,0.9026564131625892,0,0,0,0,0,0,0,0,0,0,0,0,0,0,0,0,0.7784556316644327,0,0,0,0,0,0,0,0,0,0,0,0,0,0,2,0.6904155553660969,0.497270862972262,0.9960590978792676,247.46847400000001,123.05886162440882,208.01111617818134
614_c,10m,614,614_c,0,0,0,0,0,0,0,0,0,0,0,0,0,0,0,0,0,0,1.2367195045846253,0,0,0,0,0,0,0,0,0,0,0,0,0,0,0,0,0.6502047381922874,0,0,0,0,0,0,0,0,0,0,0,0,0,0,2,0.6440295834840144,0.4516920089591918,0.9291382862781723,247.46847400000001,111.77953217512552,233.47713145680407
614_d,10m,614,614_d,0,0,0,0,0,0,0,0,0,0,0,0,0,0,0,0,0,0,0.7235209354602328,0,0,0,0,0,0,0,0,0,0,0,0,0,0,0,0.10820251728238625,0.30885286031765385,0,0,0,0,0,0,0,0,0,0,0,0,0,0,3,0.8659287988726188,0.515279057536109,0.7882023601997187,358.616482,126.22203206128002,148.46541434863042
1900_a,10m,1900,1900_a,0,0,0,0,0,0,0,0,0,0,0,0,0,0,0,0,0,0,0,0,0,0,0,0,0.543991412437943,0,0,0.09193943556948359,0,0,0,0,0,0,0,0.06512807061863425,0,0,0,0,0,0,0,0,0,0,0,0,0,0,3,0.6839926874917095,0.3720621042814879,0.6225969748808656,369.87356600000004,91.69038993639947,87.2645272729335
1900_b,10m,1900,1900_b,0,0,0,0,0,0,0,0,0.46076553817733923,0,0,0,0,0,0,0,0,2.1784146987410474e-4,0,0,0,0,0,0,0.011673962972371209,0,0,0.8906081847032044,0,0,0,0,0,0,0,0.46056511678545714,0,0,0,0,0,0,0,0,0,0,0,0,0,0,5,1.0785471116634464,0.6339106327254783,0.6701389990448658,507.98453600000005,150.24467758496937,258.7679824269009
1900_c,10m,1900,1900_c,0,0,0,0,0,0,0,0,0,0,0,0,0,0,0,0,0,0,0,0,0,0,0,0,0.006313921533578132,0,0,0,0,0,0,0,0,0,0,1.1342713443325985,0,0,0,0,0.18063191092552416,0,0,0,0,0,0,0,0,0,3,0.42855671384151905,0.24425525375102286,0.39008913177284316,256.5868820000001,7.857648662767048,126.88646881686161
1900_d,10m,1900,1900_d,0,0,0.9999999999974131,0,0,0,0,0,0,0,0,0,0,0,0,0,0,0,0.7007668452609402,0,0,0,0,0,0.43802070304236557,0,0,0,0,0,0,0,0,0,0,0.3227273825352939,0,0,0,0,0,0,0,0,0,0,0,0,0,0,4,1.2971782777699796,0.7050548231465072,0.935716334243818,488.45217,172.8720253884664,302.3276148603673
713_a,10m,713,713_a,0,0,0.5074336590520167,0.2534694956686871,0,0,0,0,0,0,0,0,0,0,0,0,0,0,0.6359784222670649,0,0,0,0,0,0,0,0.5767052665572664,0,0,0,0,0,0,0,0,0,0,0,0,0,0,0,0,0,0,0,0,0,0,0,4,1.337233222465343,0.7281691960553123,0.9646098692813592,440.69574099999994,179.89221641770942,282.1936196561315
713_b,10m,713,713_b,0,0,1.2877891271270734,0.606786502021995,0,0,0,0,0,0,0,0,0,0,0,0,0,0,0.4838702392815657,0,0,0,0,0,0,0,0.4713735298759153,0,0,0,0,0,0,0,0.012992825705137025,0,0,0,0,0,0,0,0,0,0,0,0,0,0,0,5,1.3101642077232747,0.6970259049260255,0.8140507922680866,559.2743449999999,149.1548088830672,301.76815722892326
713_c,10m,713,713_c,0,0,1.0714703769200309,0,0,0,0,0.3987839520217645,0,0,0,0,0,0,0,0,0,0,0.30318136529439565,0,0,0,0,0,0,0,0.41998086622374176,0,0,0,0,0,0,0,0.34890420161511576,0.048488214869499835,0,0,0,0,0,0,0,0,0,0,0,0,0,0,6,1.5436599432879612,0.7468129008559353,0.8615330181305069,723.1647849999999,187.33963624576361,342.2393292662242
713_d,10m,713,713_d,0,0,1.0405724675856456,0,0,0,0,0,0,0,0,0,0,0,0,0,0,0,1.3952148121254955,0,0,0,0,0,0,0,1.2538275673221648,0,0,0,0,0,0,0,0,0,0,0,0,0,0,0,0,0,0,0,0,0,0,0,3,1.0914955012197565,0.6619839941563188,0.9935220208969433,395.55860999999993,174.74838473654083,483.9786760911811
812_a,10m,812,812_a,0,0,0.09323242122651908,0,0,0,0,0,0,0,0,0,0,0,0,0,0,0,1.0940095036292743,0,0,0,0,0,0,0,2.1171914398917164,0,0,0,0,0,0,0,0,0,0,0,0.12224750259769145,0,0,0,0,0,0,0,0,0,0,0,4,0.8789932508395959,0.5143140632445294,0.6340596019805769,514.137214,138.7578531507055,466.0034395355888
812_b,10m,812,812_b,0,0,0.7711694847250317,0,0,0,0,0,0,0,0,0,0,0,0,0,0,0,0.1272838431413546,0,0,0,0,0,0,0,0,0,0,0,0,0,0,0,0,0,0,0,0.251280279972129,0,0,0,0,0,0,0,0,0,0,0,3,0.8438897541241764,0.49008868243285497,0.7681415571523023,366.047078,118.25837564910896,142.145667971441
812_c,10m,812,812_c,0,0,0,0,0,0,0,0,0,0,0,0,0,0,0,0.17087837582847995,0,0,0.04902627225762109,0,0,0,0,0,0,0,0,0,0,0,0,0,0,0,0,0,0,0,0.41046495911799796,0,0,0,0,0,0,0.8646267261188951,0,0,0,0,4,1.031565532737758,0.5759919905018387,0.7441172392163725,477.195086,136.32200812423548,185.79384119839773
812_d,10m,812,812_d,0,0,0.1025715664706461,0,0,0,0,0,0,0,0,0,0,0,0,0.5963097203689469,0,0,0.9060298856178903,0,0,0,0,0,0,0,0,0,0,0,0,0,0,0,0,0,0,0,1.0755125296857206,0,0,0,0,0,0,0.13537327387792158,0,0,0,0,5,1.327769433013922,0.7020891532568303,0.8249895337719582,581.4531450000001,168.50151363139838,349.6410706235877
911_a,10m,911,911_a,0,0,0,0,0,0,0,0,0,0,0,0,0,0,0.026725231077329027,0,0,0.6843027258046176,0.20670599435048045,0,0,0,0,0,0.3737130604619552,0.07146554507888285,0,0,0,0,0,0,0,0,0,0,0,0,0,0,0,0,0,0,0,0,0,0,0,0,5,1.2184553720099676,0.6465842398009045,0.7570688888316207,615.8432640000002,160.6507893370044,188.66175755790815
911_b,10m,911,911_b,0,0,0.00110946402364819,0,0,0,0,0,0,0,0,0,0,0,0.1375504182134596,0,0,0.8726478532363252,0.20143649003007202,0,0,0,0,0,0,1.3053945880140167e-4,0,0,0,0,0,0,0,0,0,0,0,0,0,0,0,0,0,0,0,0,0,0,0,0,5,0.789276382453041,0.44189264806441453,0.4904049894409074,612.0167760000002,100.90547410171534,161.9842793389391
911_c,10m,911,911_c,0,0,0,0,0,0,0,0,0,0,0,0,0,0,0,0,0,0,0.396643158062475,0,0,0,0,0,0,0,0,0,0,0,0,0,0,0,0.741126814215835,0,0,0,0,0,0,0,0,0,0,0,0,0,0,0,2,0.6465847651170257,0.4541648863587904,0.9328246341486882,247.46847400000001,112.39149137159326,140.78109940136787
911_d,10m,911,911_d,0,0,0,0,0,0,0,0,0,0,0,0,0,0,0,0,0,0,0.29946086700223856,0,0,0,0,0,0,0,0,0,0,0,0,0,0,0,0,0,0,0,0,0,0,0,0,0,0,0,0,0,0,0,1,-0,0,0,1,0,0.29946086700223856
1010_a,10m,1010,1010_a,0,0,0,0,0,0,0,0,0,0,0.3224239639537688,0,0,0,0,0,0,0,0,0,0,0,0.3609195785158448,0,0.9935348706167817,0,0,0,0.48521554676818346,0,0,0,0,0,0,0,0,0,0,0,0,0,0,0,0,0,0,0,0.6856840872409903,0,5,1.5201818304084385,0.7623962329281972,0.944542078115538,974.302186,270.8280291498621,622.7558029961326
1010_b,10m,1010,1010_b,0,0,0,0,0,0,0,0,0,0,0.040203128232883655,0,0,0,0.15759001997921387,0,0.009493223818803315,0,0,0,0,0,0,0,0.0064651293719875,0,0,0,1.3854655823523452,0,0,0,0,0,0,0,0,0,0.506553049535679,0,0,0,0,0,0,0.05305880489560834,0,0,0,0,7,1.0223907131530954,0.5267699010372442,0.525404892743603,683.5562260000002,103.63720517873953,301.88929740730964
1010_c,10m,1010,1010_c,0,0,0,0.008547332537092233,0,0,0,0,0,0,0,0,0,0,0,0,0,0.708793020014616,0,0,0,0,0,0,1.4007370005977913,0,0,0,0.15157049934943084,0,0,0,0,0,0,0,0,0,0,0,0,0,0,0,0,0.20323504760925304,0,0,0,0,5,1.076205421134494,0.5864691929149433,0.6686840249133004,565.5264090000001,141.37347085869882,316.59543989813676
1010_d,10m,1010,1010_d,0,0,0,0.14180124222256157,0,0,0,0,0,0,0.002886460218494884,0,0,0,0,0,0.17533190563294093,0.0761370270154218,0,0,0,0.3486813662365005,0,0,0.06653582249899855,0,0,0,0.97773377034678,0,0,0,0,0,0,0,0,0,0,0,0,0,0,0,0,0,0,0,0.04920213267952851,0,8,1.4319320984991097,0.6623513665381668,0.6886137791314642,814.671279,144.7806927427029,254.72829235865422
1109_a,10m,1109,1109_a,0,0,0,0,0,0,0,0,0,0,0,0,0,0,0.5685690322054439,0,0,0.3549105356320721,0,0,0,0,0,0,0,0,0,0,0,0,0,0,0,0,0,0,0,0,0,0,0,0,0.1748839450123258,0,0,0,0,0,0,0,3,0.998452693504623,0.6022748094837317,0.9088308075591306,235.9905320000002,106.03703785533041,134.61382039107517
1109_b,10m,1109,1109_b,0,0,0,0,0,0,0,0,0,0,0,0,0,0,0,0,0,0.005450760721508753,0,0,0,0,0.1384504625559265,0,0.13606552660451654,0,0,0,0,0,0,0,0,0,0,0,0,0,0,0,0,0,0,0,0,0,0,0,0,0,3,0.7755816090247843,0.5188644496379782,0.7059648039847178,772.5051470000001,329.6439367205029,264.9705768946066
1109_c,10m,1109,1109_c,0,0,0,0,0,0,0,0,0,0,0,0,0,0,0,0,0,0,0,0,0,0,0.9206668187845822,0,6.379769721899937e-4,0,0,0,0,0,0,0,0,0,0,0,0,0,0,0,0,0,0,0,0,0,0,0,0.803161274879773,0,3,0.6938598672574168,0.4980482043050236,0.6315784689597911,772.505148,323.64149838150126,600.29683259707
1109_d,10m,1109,1109_d,0,0,0,0,0,0,0,0,0,0,0,0,0,0,0,0,0,0,0.024745601622372475,0,0,0,0.3119367238573486,0,0,0,0,0,0,0,0,0,0,0,0,0,0,0,0,0,0,0,1.8251160549396412,0,0,0,0.3977113398429918,0,0.1968387251169025,0,5,1.0296873253113359,0.5227501267558619,0.6397807068891807,891.418351,198.1573849296427,629.7554647808545
1208_a,10m,1208,1208_a,0,0,0,0,0,0,0,0,0,0,0,0,0,0,0.5839536561107085,0,0,0,0,0,0,0,0,0,0,0,0,0.508835183085861,0,0,0,0,0,0,0,0.019161686844073218,0,0,0,0,0,0,0,0.5955760990120986,0,0,0,0,0,0,4,1.1454830903836868,0.6724592796788615,0.8262913869593547,357.12473500000016,151.92655462619183,239.31458109425375
1208_b,10m,1208,1208_b,0,0,0,0,0,0,0,0,0,0,0.036683905701855056,0,0,0,0.23139370064188516,0,0,0,0,0,0,0,0,0,0.9953216469826226,0,0,0.0671300615367677,0,0,0,0,0,0,0,0,0,0,0,0,0,0,0,0.3758667715255339,0,0,0,0,0,0,5,1.128453626691843,0.5908574484639177,0.7011476602941329,474.32859200000013,140.10339278872993,285.8499074739803
1208_c,10m,1208,1208_c,0,0,0,0,0,0,0,0,0,0,0,0,0,0,0.8530288833874575,0,0,0.1138193870546441,0,0,0,0,0,0,2.8733902678700765,0,0,0.04199884875037676,0,0,0,0,0,0,0,0,0,0,0,0,0,0,0,0.33496988525410065,0,0,0,0,0,0,5,0.9292634425715415,0.48771229128761817,0.5773838402788284,507.9845350000002,116.63300747012552,541.9666422813181
1208_d,10m,1208,1208_d,0,0,0,0,0,0,0,0,0,0,0,0,0,0,0,0,0,0.7471438103678881,0,0,0,0,0,0,0,0,0,0.3820359066161059,0,0,0,0,0,0,0,0,0,0,0,0,0,0.2997895607103351,0,0.9601255153079415,0,0,0,0,0,0,4,1.2834635484911203,0.6993766546766271,0.9258232482849454,292.13587200000006,93.92362289742788,202.2167860721699
21_a,10m,21,21_a,0,0,0,0,0,0,0,0,0,0,0,0,0,0,0,0,0,0,0,0,0,0,0,0,0,0,0,0,0,0,0,0,0,0,0,0.5859611003331407,0,0,0,0,0,0.6083239722286303,0,0,0,0,0,0,0,0,2,0.6929718593214839,0.49982468900762356,0.9997470649187092,23.553398,11.772569830422785,14.064735819753139
21_b,10m,21,21_b,0,0,0,0,0,0,0,0,0,0,0,0,0,0,0,0,0,0,0.5297521386871108,0,0,0,0,0,0,0,0,0,0,0,0,0,0,0,0,0.29587791511014355,0,0,0,0,0,0,0,0,0,0,0,0,0,0,2,0.6524723753907891,0.45987974034276347,0.9413186602933336,247.46847400000001,113.80573756613997,102.15870475087223
21_c,10m,21,21_c,0,0,0,0,0,0,0,0,1.669416064352533,0,0,0,0,0,0,0,0,0,0.40642817930223246,0,0,0,0,0,0,0,0,0,0,0,0,0,0,0,0,1.6764552244901616,0,0,0,0,0,0,0,0,0,0,0,0,0,0,3,0.9610440364269235,0.5907146469891178,0.8747799804715769,345.348037,125.6262103750038,403.63617426743065
21_d,10m,21,21_d,0,0,0,0,0,0,0,0,0.025797261052965398,0,0,0,0,0,0,0,0,0,0.022679541298201267,0,0,0,0,0,0,0,0,0,0,0,0,0,0,0,0,4.393795676863264,0,0,0,0,0,0.0364998933266079,0,0,0,0,0,0,0,0,4,0.11445782985745898,0.037461207160619625,0.0825638717631344,357.124736,5.10087347258256,169.4630557876636
1307_a,10m,1307,1307_a,0,0,0,0,0,0,0,0,0,0,0.5922364648606262,0,0,0,0,0,0,0,1.0448805930237146,0,0,0,0,0,0,0,0,0,0,0,0,0,0,0,0,0.28310238257430936,0,0,0,0,0,0,0,0,0,0,0,0,0,0,3,0.9761679779257215,0.5870446924452252,0.8885463852849924,345.348037,140.57247627761726,240.81996079775203
1307_b,10m,1307,1307_b,0,0,0,0,0,0,0,0,0,0,0,0,0,0,0,0,0.4223354364155661,0,0.939202374856176,0,0,0,0,0,0,0,0,0,0,0,0,0,0,0,0.3499484415890487,0.09884423697116186,0,0,0,0,0,0,0,0,0,0,0,0,0,0,4,1.1564600121591684,0.6360712486220158,0.8342095622642113,470.95721100000003,151.36028742954915,226.81829950628364
1307_c,10m,1307,1307_c,0,0,0.1907950288656656,0,0,0,0,0,0,0,0,0,0,0,0,0,0,0,0,0,0,0,0,0,0,0,0,0,0,0,0,0,0,0,0.6500515584389229,0.10744273149413174,0,0,0,0,0,0,0,0,0,0,0,0,0,0,3,0.828201932702993,0.47677249373639796,0.7538618867144243,348.30521600000003,110.7615500033917,114.24878557046381
1307_d,10m,1307,1307_d,0,0,0.3993474154725988,0,0,0,0,0,0,0,0,0.5300315159519441,0,0,0,0,0.6251776829273462,0,0,0,0,0,0,0,0,0,0,0,0,0,0,0,0,0,0,0.5506740474612931,0,0,0,0,0,0,0,0,0,0,0,0,0,0,4,1.3739243715669658,0.7440203528542481,0.9910769387080736,463.9266400000001,175.3026426701564,256.34360437271687
120_a,10m,120,120_a,0,0,0.5499426677135882,0,0,0,0,0,0,0,0,0,0,0,0,0,0,0,0,0,0,0,0,0,0,0,0,0,0,0,0,0,0,0,0,1.3942434692879266,0,0,0,0,0,0,0,0,0,0,0,0,0,0,2,0.5956391026486735,0.40570498729355364,0.8593255795507935,237.15720800000003,96.21586205821468,230.53887804179237
120_b,10m,120,120_b,0,0,5.542864124586425e-4,0,0,0,0,0,0,0,0,0,0,0,0,0,0,0,0.7965985046359617,0,0,0,0,0,0,0,0,0,0,0,0,0,0,0,0,0.5954118372062221,0,0,0,0,0,0.35501280399400575,0.1669103787105348,0,0,0,0,0,0,0,5,1.2556171301744776,0.6881594237884097,0.7801587874088867,382.515103,124.62687673698285,227.13564346031646
120_c,10m,120,120_c,0,0,0,0,0,0,0,0,0,0,0,0,0,0,0,0,0,0,0.36735717818068647,0,0,0,0,0,0,0,0,0,0,0,0,0,0,0,0,0.08119530267143654,0,0.4490737849741527,0.11209634431218105,0,0,0.43586597439732994,0,0,0,0,0,0,0,0,5,1.432809420736338,0.7388385448486259,0.8902545476696079,266.32268700000003,100.79442434866745,173.33152672119186
120_d,10m,120,120_d,0,0,1.3391590296784911e-4,0,0,0,0,0,0,0,0,0,0,0,0,0,0,0,0,0,0,0,0,0,0,0,0,0,0,0,0,0,0,0,0,0.760000750803232,0,0.5509262150334813,0,0,0,0,0,0,0,0,0,0,0,0,3,0.6813460623943102,0.4873868287869061,0.6201879128990377,240.22306000000003,3.035702297523861,119.54773962089176
1406_a,10m,1406,1406_a,0,0,0,0,0,0,0.08851574990005726,0,0.5272141420487123,0,0,0,0,0,0,0,0,0,0,0,0,0.27185000079246263,0.44668639077346667,0,0,0,0,0,0,0,0,0,0,0,0,1.2329858871030888,0,0,0,0,0,0,0,0,0,0.47485531994209135,0,0,0,0,6,1.5601314724990167,0.7509338003948649,0.8707259536187463,983.7497609999999,265.20520152886274,649.9277775662447
1406_b,10m,1406,1406_b,0,0,0,0,0,0,0.7542764913773657,0,0.3341567447120332,0,0,0,0,0,0,0,0.3337956130703729,0,0,0,0,8.905513525122478e-5,0.7249707814818646,0,0,0,0,0,0,0,0,0,0,0,0,0,0,0,0,0,0,0,0,0,0,0,0,0,0,0,5,1.313380057446208,0.7142400468051223,0.8160489120452389,891.0258309999999,349.596793447286,652.7073910086156
1406_c,10m,1406,1406_c,0,0,0,0,0,0,0,0,0,0,0,0,0,0,0,0,0.8145133000516369,0,0,0,0,0.014535013135866038,0.2445586908235049,0,0,0,0.20162472809904639,0,0,0,0,0,0,0,0,0,0,0,0,0,0,0,0,0,0,0.6441035386854875,0,0,0,0,5,1.266374596371656,0.6799612597458952,0.7868427769645377,1028.325083,261.6756886861977,492.2521125712197
1406_d,10m,1406,1406_d,0,0,0,0,0,0,0,0,0.04828470896960095,0,0,0,0,0,0.9996283459625215,0,0,0,0,0,0,0.7135259309589177,0.8959243313894667,0,0,0,0,0,0,0,0,0,0,0,0,0.8316497917221293,0,0,0,0,0,0.9925865656787466,0,0,0,0.6541366340792059,0,0,0,0,7,1.8162060274404555,0.832492124886016,0.9333452669036,911.4528940000001,281.6594240504897,820.6770303967834
219_a,10m,219,219_a,0,0,0.08841954927174922,0,0,0,0,0,0,0,0,0,0,0,0,0,0,0,1.0841359573059433,0,0,0,0,0,0,0,0,0,0,0,0,0,0,0,0,1.0486972402913912,0,0,0,0,0,0.02784921170079579,0.5590100106992725,0,0,0,0,0,0,0,5,1.2112345102939728,0.6707621808308288,0.7525823151898491,382.515103,129.72248375168806,278.77565286989636
219_b,10m,219,219_b,0,0,0.4157282323820163,0,0,0,0,0,0,0,0,0,0,0,0,0,0.8310832777022583,0,0,0,0,0.03800625533761817,0,0,0,0,0,0,0,0,0,0,0,0,0,0.10275905245511675,0,0,0,0,0,0.40514625087586875,0.3094982475886313,0,0,0,0,0,0,0,6,1.506850450924344,0.7430685694014776,0.8409892492844152,480.394666,160.54730972453595,279.4556680996002
219_c,10m,219,219_c,0,0,0,0,0,0,0,0,0,0,0,0,0,0,0,0,0.12676845476014154,0,0,0,0,0.6836186741641259,0,0,0,0,0,0,0,0,0,0,0,0,0,0.034501157901893585,0,0,0,0,0,0.5224552280242392,0.5627198333345459,0,0,0,0,0,0,0,5,1.3314876478114244,0.7116331646392711,0.8272997905198428,361.816062,112.77523732114835,207.1380258429053
219_d,10m,219,219_d,0,0,0,0,0,0,0,0,0,0,0,0,0,0,0,0,0,0,0,0,0,0,0,0,0,0,0,0,0,0,0,0,0,0,0,0.39995210242304924,0,0,0,0,0,0.04454930943820963,0.09210763758899337,0,0,0,0,0,0,0,3,0.7281781473716118,0.40812442083641987,0.6628163137100991,28.244724,9.208845290011757,12.436590813322763
1505_a,10m,1505,1505_a,0,0,0,0,0,0,0,0,0,0,0.751124600403238,0,0,0,0,0,0,0,0,0,0,0,0,0,0,0,0,0,0,0,0,0,0,0,0,0.9029622945457241,0,0,0,0,0,0,0.5619400794386403,0,0,0,0,0,0,0,3,1.0804637669236827,0.6547784141421833,0.9834805036029324,207.535825,92.59219836110134,176.87432596881786
1505_b,10m,1505,1505_b,0,0,0,0,0,0,0,0,0,0,1.248875399625959,0,0,0,0.9999999999905654,0,0,0,0,0,0,0,0,0,0,0,0,0,0,0,0,0,0,0,0,0.04604346605788591,0,0,0,0,0,0,0.29835405475861215,0,0,0,0,0,0,0,4,1.0396940276000355,0.6058290697080363,0.7499807088302222,214.11128800000014,50.07067657980312,196.25022716966635
1505_c,10m,1505,1505_c,0,0,0,0,0,0,0,0,0,0,0.8087376960401782,0,0,0,0,0,0,0,0.24124391100869053,0,0,0,0.45640587686659023,0,0,0,0,0,0,0,0,0,0,0,0,0.05880364907072376,0,0,0,0,0,0,0,0,0,0,0,0,0,0,4,1.1120360320837102,0.622821986519157,0.8021644343885045,871.713856,318.46314449250696,490.2899070582932
1505_d,10m,1505,1505_d,0,0,0,0,0,0,0,0,0,0,0.19126230397061358,0,0,0,0,0,0,0,0.743280206228676,0,0,0,0,0,0,0,0,0,0,0,0,0,0,0,0,0.09166142710185587,0,0,0,0,0,0.8969819813237765,0.5407944643026906,0,0,0,0,0,0,0,5,1.3830644980934976,0.7208979993643325,0.8593462894146457,361.816062,125.64980602662862,237.55733798436873
318_a,10m,318,318_a,0,0,0.05139637203884624,0.47379856087569033,0,0,0,0,0,0,0,0,0,0,0,0,0,0,0.2612959491079282,0,0,0,0,0,0,0,0,0,0,0,0,0,0,0,0,0.9110143744767683,0,0,0,0,0,0,0,0,0,0,0,0,0,0,4,1.0841258418222228,0.6094603447898288,0.7820314878482468,411.184209,144.74110015996044,242.6609661309484
318_b,10m,318,318_b,0,0,0,0.041419760358862766,0,0,0,0,0,0,0,0,0,0,0,0,0,0,0.7575611950931429,0,0,0,0,0,0,0,0,0,0,0,0,0,0,0,0,1.4871004164075379,0,0,0,0,0,0,0,0,0,0,0,0,0,0,3,0.7183979725187131,0.4667063537439986,0.6539140149157213,366.047078,115.25205308471826,280.14167820245126
318_c,10m,318,318_c,0,0,2.236255641024599e-4,0,0,0,0,0,0,0,0,0,0,0,0,0,0,0,0.35786271438654316,0,0,0,0,0,0,0,0,0,0,0,0,0,0,0,0,0.624216127483526,0,0,0,0,0,0.2023537530717731,0.037475605848546686,0,0,0,0,0,0,0,5,1.1089842672453667,0.6250263233961608,0.6890506671165391,382.515103,107.36764926737322,171.82562127396318
318_d,10m,318,318_d,0,0,1.6783295468160113,0,0,0,0,0,0,0,0,0,0,0,0,0,0,0,0.6548851162154933,0,0,0,0,0,0,0,0,0,0,0,0,0,0,0,0,0.16056813482289842,0,0,0,0,0,0.040235932913333064,0,0,0,0,0,0,0,0,4,0.863167444657514,0.49027601068163473,0.6226436959320971,377.823777,119.79492027458691,394.3680319546809
1604_a,10m,1604,1604_a,0,0,0.8188020572071477,0,0,0,0.08775933954271457,0,0,0,0,0,0,0,0,0,0,0,0,0,0,0,0,0,0,0,0,0,0,0,0,0,0,0,0,0,0,0,0,0,0,0,1.0193883253587486,0,0,0,0,0,0,0,3,0.8411178661573422,0.5370287525474973,0.7656184759930749,335.03677,125.3633532316024,226.15857542521803
1604_b,10m,1604,1604_b,0,0,0.01416903795329774,0,0,0,1.4104255493118858,0,0,0,0,0,0,0,0,0,0,0,0,0,0,0,0,0,0,0,0,0,0,0,0,0,0,0,0,0,0,0,0,0,0,0.5929482468972965,0.09582001012993267,0,0,0,0,0,0,0,4,0.8002868461389336,0.47377722769446207,0.5772849321066542,339.728096,88.55577090186003,256.85049417294834
1604_c,10m,1604,1604_c,0,0,0.030891773261479523,0,0,0,1.1277080392979257,0,0,0,0,0,0,0,0,0,0,0,0,0,0,0,0,0,0,0,0,0,0,0,0,0,0,0,0,0.45212687910463467,0,0,0,0,0,0.012039590019708802,0.46998429244366996,0,0,0,0,0,0,0,5,1.091532188040032,0.6122644305580802,0.6782070806255632,351.504795,103.44044569022455,235.51584363623658
1604_d,10m,1604,1604_d,0,0,0,0,0,0,0.007738321307292487,0,0,0,0,0,0,0,0,0,0,0,0,0,0,0,0,0,0,0,0,0,0,0,0,0,0,0,0,0,0,0,0,0,0,0.5073146808239034,0.6508116811974299,0,0,0,0,0,0,0,3,0.7208038058688808,0.49899673273202294,0.6561038988037711,200.450451,7.139604924356956,99.37880881360915
417_a,10m,417,417_a,0,0,1.1415375434879873,0.003765580045874835,0,0,0.8573905775334609,0,0,0,0,0,0,0,0,0,0,0,0,0,0,0,0,0,0,0,0,0,0,0,0,0,0,0,0,0,0,0,0.333664157110344,0,0,0,0,0,0,0,0,0,0,0,4,1.0061302402527406,0.6062021213917703,0.7257695540505251,380.173901,139.19456458481076,262.4161272002831
417_b,10m,417,417_b,0,0,0.6141067839366229,0.06543376860947515,0,0,1.3192447498575468,0,0,0,0,0,0,0,0,0,0,0,0,0,0,0,0,0,0,0,0,0,0,0,0,0,0,0,0,0,0,0,0.05296581842778027,0,0,0,0,0,0,0,0,0,0,0,4,0.8492940981925133,0.4953014327272999,0.6126361918593017,380.173901,113.28587522398193,259.1243943885903
417_c,10m,417,417_c,0,0,0,0.7251084782916649,0,0,0.09596595347955363,0,0,0,0,0,0,0,0,0,0,0,0,0,0,0,0,0,0,0,0,0,0,0,0,0,0,0,0,0,0,0,0,0,0,0,0,0,0,0,0,0,0,0,2,0.36065914869244187,0.20643584275170923,0.5203211652698212,237.15720699999997,48.957747891686545,97.36185980355839
417_d,10m,417,417_d,0,0,0,0.2473068040569569,0,0,0.2907947061043401,0,0,0,0,0,0,0,0,0,0,0,0,0,0,0,0,0,0,0,0,0,0,0,0,0,0,0,0,0.1922696541275731,0,0,0.3794569378056814,0,0,0,0,0,0,0,0,0,0,0,4,1.3561236866424609,0.7347791510769677,0.9782364587755684,339.048432,135.938044379194,174.64866989343517
1703_a,10m,1703,1703_a,0,0,0,0,0,0,0.6588407829067405,0,0,0,0,0,0,0,0,0,0,0,0.6129539003904257,0,0,0,0,0,0,0,0,0,0,0,0,0,0,0,0,0.6999977851925173,0,0,0.18035557708461375,0,0,0.07997455406542382,0,0,0,0.252592214391388,0,0,0,0.01966279008107529,7,1.6209552532561586,0.7763209762332789,0.8330062177038794,590.8630080000001,165.39868086767288,296.6640339139097
1703_b,10m,1703,1703_b,0,0,0,0,0,0,0.09243501682940285,0,0,0,0,0,0,0,0,0,0.310023826407083,0,1.2441029865427262,0,0,0,0,0,0,0,0,0,0,0,0,0,0,0,0,0.45208362657736995,0,0,0,0,0,0.27017435871969653,0.5376330428981551,0,0,0,0,0,0,0,6,1.5340225512356451,0.7373326222594307,0.8561542872138688,474.15679,151.41182205094367,323.18939774518515
1703_c,10m,1703,1703_c,0,0,0,0,0,0,0.8823437477728607,0,0,0,0,0,0,0,0,0,0,0,0.43436562890470615,0,0,0,0,0,0,0,0,0,0,0,0,0,0,0,0,0.11821405742084592,0,0,0,0,0,0,0.0014284468094039506,0,0,0,0,0,0,0,4,0.8734195745824893,0.5244159788847864,0.6300390444327527,357.124735,124.4480008033267,253.4758509969209
1703_d,10m,1703,1703_d,0,0,0,0,0,0,0.619577177908118,0,0,0,0,0,0,0,0,0,0,0,1.4698979523086368,0,0,0,0,0,0,0,0,0,0,0,0,0,0,0,0,0.7790295377284616,0,0,0,0,0,0,0,0,0,0.6095957230598884,0,0,0,0,4,1.3116546242601512,0.708777652536358,0.9461588108895984,463.92663999999996,169.8203579024963,416.9113989573802
516_a,10m,516,516_a,0,0,0,0,0,0,0.019287347179664262,0,0.1324753041350995,0,0.43013862042685347,0,0,0,0,0,0,0,0,0,0,0,0,0,0,0,0,0,0,0,0,0,0,0,0,0,0,0,0.6575710447368622,0,0,0,0,0,0,0,0,0,0,0,4,1.007340298862937,0.5864453011503145,0.7266424268285827,287.426629,100.22699616162555,163.5452424483243
516_b,10m,516,516_b,0,0,0,0,0,0,0.48304660949603617,0,0.7416439142315898,0,0,0,0,0,0,0,0,0,0,0,0,0,0,0,0,0,0,0,0,0,0,0,0,0,0,0,0,0,0.5624688065891671,0,0,0,0,0,0,0,0,0,0,0,3,1.082433609047282,0.6556787519514142,0.9852735311740942,286.40815499999997,125.1110438369004,173.30174153313385
516_c,10m,516,516_c,0,0,2.0877316007987415e-4,0.3286570201225671,0,0,0.13313795878343562,0,1.3189751959251304,0,0,0,0,0,0,0,0,0,0.004187278833725188,0,0,0,0,0,0,0,0,0,0,0,0,0,0,0,0,0,0,0,0.2287508632856048,0,0,0,0.081861591308612,0,0,0,0,0,0,0,7,1.1388271673295312,0.5618496666086168,0.5852413935362848,611.4895,118.49299697868219,343.2823503192557
516_d,10m,516,516_d,0,0,0,0.17613366933314412,0,0,0,0,0,0,0.12565873536628472,0,0,0,0,0,0,0,0.995812721174912,0,0,0,0,0,0,0,0,0,0,0,0,0,0,0,0,0,0,0,0.051778910037972,0,0,0,0.16907814766788495,0,0,0,0,0,0,0,5,1.0923941046629082,0.5360576288987196,0.6787426195340338,475.70334,129.16631441841906,270.9597390718055
1802_a,10m,1802,1802_a,0,0,0,0,0,0,0.910357863497759,0,0,0,0.1387463172685788,0,0,0,0,0,0,0,0,0,0,0,0,0,0,0,0,0,0,0,0,0,0,0,0,0.9039624356332059,0,0,0,0,0.1827842583192059,0,0.35320450134316894,0,0,0,0.5037296723197485,0,0,0,6,1.5888688624879204,0.7681017902827891,0.8867645963509008,434.37800500000003,136.27123785547667,274.6485387127901
1802_b,10m,1802,1802_b,0,0,0.1099538634708087,0,0,0,0.7714276688763618,0,0,0,0.9837592128952246,0,0,0,0,0,0,0,0,0,0,0,0,0,0,0,0,0,0,0,0,0,0,0,0,0,0.06272995597747903,0,0.4464711044639733,0,0,0,0.012061547052947628,0,0,0,0.2983948615975191,0,0,0,7,1.5116345965204865,0.7409277869039044,0.7768265134206449,560.387205,148.62023678505918,325.4813483943531
1802_c,10m,1802,1802_c,0,0,0,0,0,0,0,0,0,0,0.48428492442810367,0,0,0,0,0,0.9999999999895238,0,0,0,0,0,0.9999999999903629,0,0,0,0,0,0,0,0,0,0,0,0,0,0,0,0.14385746408131497,0,0,0,0,0,0,0,0,0,0,0.02498083689828469,5,1.2479625513743715,0.6795239723618252,0.7754027301910413,982.8618630000001,356.1409369641428,740.2136027190857
1802_d,10m,1802,1802_d,0,0,0.5516507155566633,0,0,0,0.44228550922819104,0,0.9999999999991598,0,0.9245028582525218,0,0,0,0,0,0.14091593094370009,0,0,0,0,0,0,0,0,0,0,0,0,0,0,0,0,0,0,0.2588652196425166,0,0,0,0,0.026359189441105914,0,0,0,0,0,0,0,0,0,7,1.6508508174591314,0.7816773066364915,0.8483694985919955,567.370842,133.59084758258987,337.08053400600625
615_a,10m,615,615_a,0,0,0.999999999994843,0,0,0,0,0,0,0,0,0,0,0,0,0,0,0,0,0,0,0,0,0,0,0,0.49014707006983393,0,0,0,0,0,0,0,0.013157861507959912,1.430741917779866,0,0,0,0,0,0,0,0,0,4.7635050500782235e-4,0,0,0,0,5,1.0416651578290017,0.6182467590037992,0.6472229526727106,605.809044,156.19998372931315,370.4959903526859
615_b,10m,615,615_b,0,0,0,0,0,0,0,0,0,0,0,0,0,0,0,0,0,0,0.018552090005843555,0,0,0,0,0,0,0,0.002022716877184051,0,0,0,0,0,0,0,0,0.9333432148443019,0,0,0.579283026671289,0,0,0,0,0,0,0,0,0,0,0,4,0.7320599955652317,0.48651727053156557,0.5280696626175782,399.57027199999993,10.315543132590852,140.5391107873565
615_c,10m,615,615_c,0,0,0,0,0,0,0.37647272775495716,0,0,0,0,0,0,0,0,0,0,0,0,0,0,0,0,0,0,0,0.002316743639220622,0,0,0,0,0,0,0,0,2.8468202311176437e-4,0,0,0.1185844364226664,0,0,0,0,0,0,0,0.3481791116638239,0,0,0,5,1.0199640833515076,0.6127871286791031,0.6337393169823634,484.8636049999999,133.1507141409437,208.24066180409454
615_d,10m,615,615_d,0,0,1.1402756584459426,0,0,0,0,0,0,0,0,0,0,0,0,0,0,0,0,0,0,0,0,0,0,0,1.4320300345246975,0,0,0,0,0,0,0,0,0.05854236644712818,0,0,0.21490355185634433,0,0,0,0,0,0,0.15438621050195345,0.08656439011911049,0,0,0,6,1.2349552101438357,0.6398011234947227,0.6892416260961034,609.820706,167.23948801130476,486.5487680527142
714_a,10m,714,714_a,0,0,0.9814830718640886,0.052972484097982137,0,0,0,0,0,0,0,0,0,0,0,0,0,0,0.8749607078894036,0,0,0,0,0,0,0,0,0,0,0,0,0,0,0,0,0,0,0,0.4876584311556486,0,0,0,0,0,0,0,0,0,0,0,4,1.1416824715660272,0.6572409729770128,0.8235498199990813,411.184209,157.99118711121267,291.37791353408
714_b,10m,714,714_b,0,0,1.1126426502487012,0,0,0,0,0.41269674289443864,0,0,0,0,0,0,0,0,0,0,1.7221273308008098,0,0,0,0,0,0,0,0,0,0,0,0,0,0,0,0,0.6158629674858126,0,0,0,0,0,0,0,0,0,0,0,0,0,0,4,1.2503059829271492,0.6815275529223894,0.9019051205813996,463.926641,165.3141952866141,471.55137248226157
714_c,10m,714,714_c,0,0,0,0,0,0,0,0,0,0,0,0,0,0,0,0,0,0,0.9669064455573205,0,0,0,0,0,0,0,0,0,0,0,0,0,0,0,1.0790409529416771,0,0,0,0,0,0,0,0,0,0,0.9559074528660164,0,0,0,0,3,1.0970851032069173,0.6656362011368715,0.9986098958868884,366.047078,162.36340765102332,366.0964054641189
714_d,10m,714,714_d,0,0,0.19370857816607578,0.4226609714550729,0,0,0,0,0,0,0,0,0,0,0,0,0,0,0.20871821909056207,0,0,0,0,0,0,0,0,0,0,0,0,0,0,0,0,0,0,0,0.03770087053313436,0,0,0,0,0,0,0.8069446823644659,0,0,0,0,5,1.294604365227783,0.6727738104400708,0.8043829185493924,515.442268,142.9629503470576,220.84485159392486
813_a,10m,813,813_a,0,0,0,0,0,0,0,0,0,0,0,0,0,0,0,0.19676104577428544,0,0,0.07722680444403772,0,0,0,0,0,0,0,0.11888503900389999,0,0,0,0,0,0,0,0,0,0,0,0.09439783807083808,0,0,0,0,0,0,0,0,0,0,0.08128307470876134,5,1.541825793143788,0.7700552411869407,0.9579902282853171,585.8772590000001,185.7131056896332,114.96013336031184
813_b,10m,813,813_b,0,0,0,0,0,0,0,0,0,0,0,0,0,0,0,0.036050857967363736,0,0,1.783479074603552,0,0,0,0,0,0,0,0.6575412437568195,0,0,0,0,0,0,0,0,0,0,0,0,0,0,0,0,0,0,0,0,0,0,0.24508222300833493,4,0.8942390854822697,0.5041209199258251,0.6450571469971762,474.7292510000001,133.4657174570789,389.0443215888866
813_c,10m,813,813_c,0,0,0.7020186337455385,0.015141603333864261,0,0,0,0,0,0,0,0,0,0,0,0,0,0,0.7477730806757805,0,0,0.6841218397627277,0,0,0.364705781513809,0,0.20595258186675403,0,0,0,0,0,0,0,0,0,0,0,0,0,0,0,0,0,0,0,0,0,0,0.4833082384293097,7,1.7365466900315174,0.8119509880154072,0.8924084654548741,792.8274440000001,199.8756244328188,425.4921766956064
813_d,10m,813,813_d,0,0,0,0.2594440093074456,0,0,0,0,0,0.1562195586850498,0,0,0,0,0,0,0,0,0.9148557612266369,0,0,0,0,0,0.574156742922775,0,0.01762113540576885,0,0,0,0,0,0,0,0,0,0,0,0,0,0,0,0,0,0,0,0,0,0,0.19032646389910696,6,1.4233801278219842,0.7098777562586025,0.794403574959322,747.6903130000001,174.90999283462327,279.92020289318026
912_a,10m,912,912_a,0.6130669141762682,0,0,0,0,0,0,0,0,0,0,0,0,0,0,0,0,0,0,0,0,0,0,0,0,0.031855767850274615,0,0,0,0,0,0,0,0,0,0,0,0,0,0,0,0,0,0,0,0,0,0,0,0,2,0.19672912786408273,0.09390974245087369,0.2838201371679229,271.824374,25.526956954209904,87.65285216013302
912_b,10m,912,912_b,0,0,0.38811248214033334,0,0,0,0,0,0,0,0,0,0,0,0,0,0,0,0.7975595563385174,0,0,0,0,0,0,2.0662210461600399e-7,0,0,0,0,0,0,0,0,0.2588731856956077,0,0,0,0,0,0,0,0,0,0,0.001429868768762586,0,0,0,0,5,0.9960109682770142,0.591672222320612,0.6188564097950542,618.395274,145.40492054397592,201.64932962496425
912_c,10m,912,912_c,0,0,0.41608353021337363,0,0,0,0,0,0,0,0,0,0,0,0,0,0,0,0.020300336273043836,0,0,0,0,0,0,0.18573151742314767,0.11702048518573759,0,0,0,0,0,0,0,0,0,0,0,0.046096890533496894,0,0,0,0,0,0,1.6719222083046235,0,0,0,0,6,1.0171108757598564,0.4999385313110365,0.5676603881424213,683.666709,118.83457333921524,347.72531387167646
912_d,10m,912,912_d,1.322305506286273,0,0,0,0,0,0,0,0,0,0,0,0,0,0,0.9081752104459418,0,0,0,0,0,0,0,0,0,0.7167980521755335,0.09448971720308856,0,0,0,0,0,0,0,0,0,0,0,0,0,0,0,0,0,0,0,0,0,0,0,4,1.171498212748578,0.665382311417388,0.8450573309713287,455.67441299999996,169.79961667727937,405.41554126111527
1011_a,10m,1011,1011_a,0,0,0.09181218054325052,1.402199116396074,0,0,0,0,0,0,0.17861725000966125,0,0,0,0,0,0.25720578500501057,0.006173669934800578,0,0,0,0,0,0,0.001175764442976657,0,0,0,0,0,0,0,0,0,0,0,0,0,0,0,0,0,0,0,0,0,0,0,0,0,6,0.8891489045875807,0.4476774594979568,0.49624345223672983,631.468863,98.45033339343102,216.78786622418232
1011_b,10m,1011,1011_b,0,0,0,0.15940179948839436,0,0,0,0,0,0,0,0,0,0,0,0,0,0.20889628314223121,0,0,0,0,0,0,0.8415973736503669,0,0,0,0,0,0,0,0,0,0,0,0,0,0.47581115084298486,0,0,0,0,0,0,0,0,0,0,0,4,1.1856252395712834,0.6467741442451046,0.8552478267411399,403.6201950000001,146.25175569884158,231.6378747354493
1011_c,10m,1011,1011_c,0,0,0,0.3945480904521389,0,0,0,0,0,0,0,0,0,0,0,0.007261225775004932,0,0,0,0,0,0,0,0,0.6281935203413556,0,0,0,0,0,0,0,0,0,0,0,0,0,0.5241888491664215,0,0,0,0,0,0,0,0,0,0,0,4,1.1058190384376827,0.6584069798242101,0.7976798214373234,474.53679600000004,159.785121063104,194.00574860905814
1011_d,10m,1011,1011_d,0,0,0.908187819459705,0.7764912744642711,0,0,0,0,0,0,0,0,0,0,0,0.31215020800958826,0,0,0,0,0,0,0,0,0,0,0.9076801505593017,0,0,0,0,0,0,0,0.48783911551528963,0,0,0,0,0,0,0,0,0,0,0,0,0,0,0,5,1.5414764352905872,0.7751959202694277,0.9577731600464607,534.501904,178.3911081919532,388.96661864357856
1110_a,10m,1110,1110_a,0,0,0,0,0,0,0.2836324401769511,0,0,0,0.15675920697636378,0,0,0,0,0,0,0,2.896041791362107,0,0,0,0.30079862349235154,0,0,0,0,0,0,0,0,0,0,0,0,0,0,0,0,0,0,0,0,0,0,0,0.17299105854416102,0,0,0,5,0.8740031158495483,0.40676380373395293,0.5430486687912759,975.6313299999999,158.54466982494097,749.6638072727665
1110_b,10m,1110,1110_b,0,0,0,0,0,0,0,0,0,0,0.5613225715622397,0,0,0,0,0,0,0,0.1256622863794,0,0,0,0.6544608641632227,0,0,0,0,0,0,0,0,0,0,0,0,0,0,0,0,0,0,0,0,0,0,0,0,0,0.25976676286377237,0,4,1.2279354400092228,0.6775701768913264,0.8857681849165565,884.982301,359.42157211416577,533.4457132574873
1110_c,10m,1110,1110_c,0,0,0,0,0,0,0,0,0,0,0.42845615842465234,0,0,0,0,0,0.2330336925980616,0,0.1314152468861914,0,0,0.6513186336894357,0,0,0,0,0,0,0,0,0,0,0,0,0,0,0,0,0.40026767073151676,0,0,0,0,0,0,0,0,0,0.005347017143478613,0,6,1.5032791222018056,0.7546370216345984,0.8389960527734587,595.379283,141.45786145780178,217.95996268106742
1110_d,10m,1110,1110_d,0,0,0,0,0,0,0.7025152891008646,0,0,0,0.03956263278621966,0,0,0,0,0,0,0,1.1442972697883027,0,0,0,0,0,0,0,0,0,0,0,0,0,0,0,0,0,0,0,0.04970077514163562,0,0,0,0,0,0,0,0,0,0,0,4,0.8521742403613444,0.5179318934097449,0.6147137752713155,435.997066,126.172965234531,246.80728983102802
1209_a,10m,1209,1209_a,0,0,0,0,0,0,0,0,0,0,0,0,0,0,0,0,0,1.1936144675636782,0,0,0,0,0,0,0.8232357011865843,0,0,0,0,0,0,0,0,0,0,0,0,0,0,0,0,0.4229895549974346,0,0,0,0.18441048865793344,0,0,0,0,4,1.2027995558383064,0.6637920124988798,0.8676364771956863,403.6201950000001,137.74274127985998,269.8473188619269
1209_b,10m,1209,1209_b,0,0,0,0,0,0,0,0,0,0,0,0,0,0,0.2160333572802104,0,0,0.8088805600188942,0,0,0,0,0,0,0.25663692655327147,0,0,0,0,0,0,0,0,0,0,0,0,0,0,0,0,0,0,0,0,0,0,0,0,0,3,0.912617064453169,0.5331018673414601,0.8306998509543071,342.6897450000002,120.07089494922188,156.2573209182911
1209_c,10m,1209,1209_c,0,0,0,0,0,0,0,0,0,0,0,0,0,0,0,0,0,0.0667493680493382,0,0,0,0,0,0,0,0,0,0,0,0,0,0,0,0,0,0,0,0,0,0,0,0,0.05345619001832804,0,0,0,0.3041437420166618,0,0,0,3,0.7906278806298102,0.44568685796660756,0.7196605106140939,262.52742300000006,93.45350982034464,109.55760985455646
1209_d,10m,1209,1209_d,0,0,0,0,0,0,0,0,0,0,0,0,0,0,0,0,0,0.776546331720777,0,0,0,0,0,0,0.4473890157822585,0,0,0,0,0,0,0,0,0,0,0,0,0,0,0,0,0,2.804373602672356e-4,0,0,0.40205058567892843,0,0,0,0,4,1.0549930799817788,0.6351909651315157,0.7610166423309429,403.6201950000001,153.66663644605262,215.86380873948153
22_a,10m,22,22_a,0,0,0.7919262309640038,0,0,0,0,0,0.029861009632258337,0,0,0,0,0,0,0,0,0,0.6626741243104595,0,0,0,0,0,0,0,0,0,0,0,0,0,0,0,0,0.46403893202203644,0,0.39755450595253655,0,0,0,0,0,0,0,0,0,0,0,0,5,1.4005750141529427,0.7382695173649612,0.870226184764546,466.992493,163.39173114288144,302.1336696284365
22_b,10m,22,22_b,0,0,0,0,0,0,0,0,1.1704547446152602,0,0,0,0,0,0,0,0,0,0.5686919810229293,0,0,0,0,0,0,0,0,0,0,0,0,0,0,0,0,0.003769078266402193,0,0.18913864203802344,0,0,0,0,0,0,0,0,0,0,0,0,4,0.9032774413941631,0.5367695607838525,0.6515769426231152,348.41388900000004,126.48582885507686,306.1900787942197
22_c,10m,22,22_c,0,0,0,0,0,0,0.7933655414096966,0,0,0,0,0,0,0,0,0,0,0,0,0,0,0,0,0,0,0,0,0,0,0,0,0,0,0,0,0,0,0.28889388254125126,0,0,0,0,0.528641510250602,0,0,0,0,0,0,0,3,1.0226616682571736,0.6175916346377711,0.930866766015321,207.535824,100.62986176447788,173.38500394183038
22_d,10m,22,22_d,0,0,0,0,0,0,0,0,0,0,0,0,0,0,0,0,0,0,0.8759546685532711,0,0,0,0,0,0,0,0,0,0,0,0,0,0,0,0,0.0020654608497882583,0,0.3368494074315353,0,0,0,0.03354746777711803,0,0,0,0,0,0,0,0,4,0.7098550072302845,0.43415570707149764,0.5120521493406653,262.31102500000003,103.95741628624818,230.48810881700027
1308_a,10m,1308,1308_a,0,0,0.282929925590603,0,0,0,0,0,0,0,0.6419997499660797,0.44073125873374464,0,0,0,0,0,0,0,0,0,0,0,0,0,0,0,0,0,0,0,0,0,0,0,0.9849028174242829,0,0,0,0,0,0,0.19583771350595622,0,0,0.9666475150367383,0,0,0,0,6,1.646432793482647,0.7869588256341544,0.9188916379451204,457.6469920000001,159.83882923712179,363.72975168851815
1308_b,10m,1308,1308_b,0,0,0.12692763021782735,0,0,0,0,0,0,0,0.12050204780999067,0,0,0,0,0,0,0,0,0,0,0,0,0,1.0000000000120466,0,0,0,0,0,0,0,0,0,0,0.03356099334367167,0,0,0,0,0,0,0,0.027696566096231456,0,0,0,0,0,0,5,0.8270192394044039,0.3971229379971263,0.5138559449948753,473.04505,96.35056825014817,260.6004858209781
1308_c,10m,1308,1308_c,0,0,0,0,0,0,0,0,0,0,0.8481029768179627,0,0,0,0.08420123342271146,0,0,0.015345065991902128,0,0,0,0,0,0,0.09865193206174223,0,0,0,0,0,0,0,0,0,0,0.9815361892055481,0,0,0,0,0,0.1095541001473678,0,0.8130889861694732,0,0,0,0,0,0,7,1.4444412108279607,0.7274240164814878,0.7422959438950446,405.7093070000002,102.14699271385709,243.74847778763666
1308_d,10m,1308,1308_d,0,0,0.9999999999929365,0,0,0,0,0,0,0,0.38939522538621196,0,0,0,0.821357581848504,0,0.3779173747854969,0,0,0,0,0,0,0,0,0,0,0,0,0,0,0,0,0,0,0,0,0,0,0,0,0.1827324594295765,0.1325019301576072,0,0,0,0,0,0,0,6,1.5740102413678876,0.7604521049877105,0.8784718420079117,475.1934300000001,160.63366503776444,385.1270599807667
121_a,10m,121,121_a,0,0,1.5003832585084487,0,0,0,0,0,0,0,0,0,0,0,0,0,0,0,0.16929201342916803,0,0,0,0,0,0,0,0,0,0,0,0,0,0,0,0,0,0,0,0.021911144833235374,0,0,0,0,0,0,0,0,0,0,0.22289917355899663,4,0.7070336946224696,0.3643078585204832,0.5100170024866193,477.1950850000001,88.02096146176882,238.65697837499803
121_b,10m,121,121_b,0,0,0,0,0,0,0,0,0,0,0,0,0,0,0,0,0,0,0.4850751745200717,0,0,0,0,0,0,0,0,0,0,0,0,0,0,0,0,0.04622693765488399,0,0,0.8659925108323675,0,0,0.34465889917794473,0,0,0,0,0,0,0,0.4455547236087118,5,1.3976041172126803,0.7273491715053768,0.8683802627085848,374.40484200000014,140.67376168750008,236.9839613558744
121_c,10m,121,121_c,0,0,0.06640198182764906,0,0,0,0,0,0.45478365532531945,0,0,0,0,0,0,0,0,0,0.26712295046052625,0,0,0,0,0,0,0,0,0,0,0,0,0,0,0,0,0.7957340906889482,0,0,0,0,0,0.4802793428515417,0,0,0,0,0,0,0,0.229569931004706,6,1.598773165946159,0.7721077502201107,0.8922922933595321,586.8513470000001,142.82914939953213,237.94113863622638
121_d,10m,121,121_d,0,0,0.5880840991004994,0,0,0,0.22044031444057582,0,0,0,0,0,0,0,0,0,0.3459106548810131,0,0.07850986165292392,0,0,0,0,0,0,0,0,0,0,0,0,0,0,0,0,0,0,0,0,0,0,0.2087983258233917,0,0,0,0,0,0,0,0.10197617180206241,6,1.5823257366741514,0.7590289924202045,0.8831128083033746,687.4153760000002,181.69075386252794,208.01022230451377
1407_a,10m,1407,1407_a,0,0,0,0,0,0,0,0,0,0,0.15584728639439344,0,0,0,0,0,0,0,0,0,0,0,0.04850639030725587,0,0,0,0,0,0,0,0,0,0,0,0,0.6589800326603946,0,0,0,0,0,0.007413434309116937,0,0,0,0.3722985908148019,0,0,0,0,5,1.1149828332356764,0.6119779939549386,0.6927777857235796,878.334922,169.18957051592636,396.28915926062433
1407_b,10m,1407,1407_b,0,0,1.000000000006226,0,0,0,0,0,0,0,0.6934815399361454,0,0,0,0,0,0.9999999999731032,0,0,0,0,0,0,0,0,0,0.7983752719023129,0,0,0,0,0,0,0,0,0.002302503184758355,0,0,0,0,0,0,0,0,0,0.3294612363751893,0,0,0,0,6,1.5539268744150125,0.7792849952686773,0.867263101494584,716.2748359999999,197.82414472467312,491.3064205531733
1407_c,10m,1407,1407_c,0,0,1.000000000021819,0,0,0,0,0,0,0,0.13905768365864316,0.01783680638027978,0,0,0,0,0.37482231711895675,0,0,0,0,0,0,0,0,0,0,0,0,0,0,0,0,0,0.4714714324132041,0.18780763725562905,0,0,0,0,0,0,0,0,0,0,0,0,0,0,6,1.4153714376738034,0.7046734865642218,0.789933839882866,581.6501120000001,168.29689475321058,353.93302447936367
1407_d,10m,1407,1407_d,0,0,0,0,0,0,0,0,0,0,0.011613490037833223,0,0,0,0,0,0,0,0,0,0,0,0.3237368546662132,0,0,0,0,0,0,0,0,0,0,0,0.5285285675817846,0.7569584629610384,0,0,0,0,0,0,0,0,0,0,0,0,0,0,4,1.0781023359449888,0.6356195202839716,0.7776864468193213,859.127627,277.87893272756605,466.3735230252794
220_a,10m,220,220_a,0,0,0.013343368091569639,0,0,0,0,0,0,0,0,0,0,0,0,0,0,0,0,0,0,0,0,0,0,0,0,0,0,0,0,0,0,0,0,0.6994546533668261,0,0,0,0,0,0,0.020275416793435627,0,0,0,0,0,0,0,3,0.21694590671272823,0.08852067527928387,0.19747267434605173,248.93390700000003,9.719436993621805,116.86018735848278
220_b,10m,220,220_b,0,0,1.4924293435093918,0,0,0,0,0,0,0,0,0,0,0,0,0,0,0,0,0,0,0,0,0,0,0,0,0,0,0,0,0,0,0,0,0.7580917351892105,0,0,0,0,0,0,0,0,0,0,0,0,0,0,2,0.6389250753775417,0.44676523076088936,0.9217740377467866,237.15720800000003,105.95359475872826,266.8636477846544
220_c,10m,220,220_c,0,0,1.6289042843429142,0,0,0,0,0,0,0,0,0,0,0,0,0,0,0,0,0,0,0,0,0,0,0,0,0,0,0,0,0,0,0,0,0.10999322222461537,0,0,0.9406797358617227,0,0,0,0,0,0,0,0,0,0,0,3,0.8011382437363592,0.5055376481870932,0.7292274553997663,241.16887,113.28808878165283,311.9350828673844
220_d,10m,220,220_d,0,0,0.4902434868508122,0,0,0,0,0,0,0,0,0,0,0,0,0,0,0,0,0,0,0,0,0,0,0,0,0,0,0,0,0,0,0,0,0.5681170991916837,0,0,0,0,0,0,0.9797245832261731,0,0,0,0,0,0,0,3,1.0509412183030813,0.6333575964371505,0.9566079217784629,248.93390700000003,92.96049853861577,183.16275888435038
1506_a,10m,1506,1506_a,0,0,0,0,0,0,0,0,0,0,0.22545823017188935,0,0,0,0,0,0,0,0.015475882728098894,0,0,0,0,0,0,0,0,0,0,0,0,0,0,0,0,0,0,0,0,0,0,0.10301801863613742,0.4572773818054763,0,0,0,0,0,0,0,4,1.0168715066476706,0.5781940480392349,0.7335177399309415,350.039363,87.79303293693894,145.6540889650129
1506_b,10m,1506,1506_b,0,0,0,0,0,0,0,0,0.43233543183809037,0,0.7745417698501826,0,0,0,0,0,0,0,0.12351908567203713,0,0,0,0.001428928650082492,0,0,0,0,0,0,0,0,0,0,0,0,0.29623405175932105,0,0,0,0,0,0,0,0,0,0.5251446798681473,0,0,0,0,6,1.47601127827578,0.7485877442286781,0.8237775793152029,991.310934,138.84667189992882,432.27492273811225
1506_c,10m,1506,1506_c,0,0,0,0,0,0,0,0,1.4846110518608937,0,0,0,0,0,3.7165403280344764e-4,0,0,0,0.8764809143927231,0,0,0,0,0,0,0,0,0,0,0,0,0,0,0,0,0.26355689061298226,0,0,0,0,0,0,0,0,0,5.00267493822726e-4,0,0,0,0,5,0.9222760321871342,0.5587417928305898,0.5730423181048915,470.50210400000014,132.35915050964775,261.23007481018243
1506_d,10m,1506,1506_d,0,0,0,0,0,0,1.9504270346985764,0,0,0,0,0,0,0,0,0,0,0,0,0,0,0.022065251288768822,0,0,0,0,0,0,0,0,0,0,0,0,0,0,0,0,0.24742003312709948,0,0,0,0.06426504208156344,0,0,0,0,0,0,0,4,0.5209185293825453,0.2582608108669011,0.375763289523685,298.184854,49.26873485340355,275.80852877033317
319_a,10m,319,319_a,0,0,0,0,0,0,0,0,0,0,0,0,0,0,0,0,0,0,0.4105212301921639,0,0,0,0,0,0,0,0,0,0,0,0,0,0,0,0,0.1778604737325039,0,0,0,0,0,1.511993236934709,0,0,0,0,0,0,0,0,3,0.7647396705582887,0.43641768804770886,0.6960960462998391,259.245173,80.70047915488365,182.65396769468964
319_b,10m,319,319_b,0,0,0,0,0,0,0,0,0,0,0,0,0,0,0,0,0,0,0.42983301942079705,0,0,0,0,0,0,0,0,0,0,0,0,0,0,0,0,0.7114711978545705,0,0,0,0,0,0.5835803738475631,0.06579540891930884,0,0,0,0,0,0,0,4,1.1960360940814672,0.6769588284744952,0.8627576708277692,263.936499,97.29860205813253,183.65318733320584
319_c,10m,319,319_c,0,0,0,0,0,0,0,0,0,0,0,0,0,0,0,0,0,0,0,0,0,0,0,0,0,0,0,0,0,0,0,0,0,0,0,1.140951142605034,0,0,0,0,0,0,0,0,0,0,0,0,0,0,1,-0,0,0,1,0,1.140951142605034
319_d,10m,319,319_d,0,0,0,0,0,0,0,0,0,0,0,0,0,0,0,0,0,0,0.03474583391926584,0,0,0,0,0,0,0,0,0,0,0,0,0,0,0,0,1.0164254010558398,0,0,0,0,0,0.420988390343534,0,0,0,0,0,0,0,0,3,0.7021812851973867,0.4409704101597772,0.6391529499899079,259.245173,20.70655058653481,133.1847768086883
1605_a,10m,1605,1605_a,0,0,0,0,0,0,0.20224433345212808,0,0,0,0,0,0,0,0,0,0,0,0.00171267705518994,0,0,0,0,0,0,0,0,0,0,0,0,0,0,0,0,0,0,0,0,0,0,0.00230768620763256,0.7996323764080984,0,0,0,0,0,0,0,4,0.5297539694396968,0.32763044039393474,0.38213671230094703,350.039362,63.632633037682275,142.8125768301184
1605_b,10m,1605,1605_b,0,0,0,0,0,0,0.511718567234708,0,0,0,0,0,0,0,0.744198729802287,0,0,0,0,0,0,0,0,0,0,0,0,0,0,0,0,0,0,0,0,0.5532493994291374,0,0,0,0,0,0,0.44789690952822603,0,0,0,0,0,0,0,4,1.3678612738255107,0.7404207045853026,0.9867033381860624,298.18485300000015,126.0292118281657,218.97127921626014
1605_c,10m,1605,1605_c,0,0,0,0,0,0,0,0,0,0,0.3728295095604709,0,0,0,0.4220950016183414,0,0,0,0,0,0,0,0,0,0,0,0,0,0,0,0,0,0,0,0,0,0,0,0,0,0,0,0.02611893809654535,0,0,0,0,0,0,0,3,0.8102214237890718,0.5284936782523539,0.7374953221862597,202.33458900000014,18.198805554707334,99.08760633079284
1605_d,10m,1605,1605_d,0,0,0,0,0,0,0,0,0,0,0.3109555946042867,0,0,0,0.5723909445417098,0,0,0,0.30144409562839614,0,0,0,0,0,0,0,0,0,0,0,0,0,0,0,0,0,0,0,0,0,0,0,0.0957451040330032,0,0,0,0,0,0,0,4,1.2380294091464452,0.6802235226489619,0.893049444525135,351.92350000000016,112.13199986931718,169.63762990816275
418_a,10m,418,418_a,0,0,0,0.95527781151681,0,0,0.5923900977811787,0,0,0,0,0,0,0,0,0,0.11350823539339654,0,0,0,0,0,0,0,0,0,0,0,0,0,0,0,0,0,0,0.20188278982282065,0,0,0,0,0,0,0,0,0,0,0,0,0,0,4,1.118115394938002,0.6205338997854949,0.8065497677093302,463.92663999999996,145.49122727346034,230.91812077049423
418_b,10m,418,418_b,0,0,0.00633566799026311,0.0010946155956230207,0,0,0.7495029494453144,0,0,0,0,0,0,0,0,0,0.30363977100647827,0,0.2993426644081709,0,0,0,0,0,0,0,0,0,0,0,0,0,0,0,0,0,0,0,0,0,0,0,0,0,0,0,0,0,0,0,5,1.0270375305450978,0.5979177233569077,0.6381342968315037,523.524937,145.66264691148066,246.9404947418654
418_c,10m,418,418_c,0,0,1.0937207360820642,0,0,0,1.3344991828982335,0,0.07958791756730918,0,0,0,0,0,0,0,0.41574188009019886,0,0.7261698539757041,0,0,0,0,0,0,0,0,0,0,0,0,0,0,0,0,0,0,0,0,0,0,0,0,0,0,0,0,0,0,0,5,1.3811269936000825,0.7234620070764994,0.8581424501870207,569.036836,174.55147077802525,430.6394123672961
418_d,10m,418,418_d,0,0,0,0,0,0,3.1196472223585796,0,0.40565128818194335,0,0,0,0,0,0,0,0.16711011351096483,0,0,0,0,0,0,0,0,0,0,0,0,0,0,0,0,0,0,0,0,0,0,0,0,0,0,0,0,0,0,0,0,0,3,0.5251346153468408,0.27205780773334143,0.47799812614829007,338.11750299999994,55.04193188271107,373.32733671155853
1704_a,10m,1704,1704_a,0,0,0,0,0,0,0.20769812997395717,0,0,0,0,0,0,0,0,0,0,0,0.09292084864279622,0,0,0,0,0,0,0,0,0,0,0,0,0,0,0,0,0.3213684215249344,0,0,0,0,0,0,0.10602034088267331,0,0,0,0,0,0,0,4,1.26213179544414,0.6862410262068491,0.9104356411177722,357.124735,123.71215468607183,148.8176591091358
1704_b,10m,1704,1704_b,0,0,0.5470482997653037,0,0,0,0.21625541066471773,0,0,0,0,0,0,0,0,0,0,0,0.001571246506090584,0,0,0,0,0,0,0,0,0,0,0,0,0,0,0,0,0,0,0,0,0,0,0,0.20058807953444485,0,0,0,0,0,0,0,4,0.9939227366671587,0.5856040449010269,0.7169637016082485,463.92663999999996,135.060621002119,131.71777313814667
1704_c,10m,1704,1704_c,0,0,0,0,0,0,1.2260352248579232,0,0,0,0,0,0,0,0,0,0,0,0,0,0,0,0,0,0,0,0,0,0,0,0,0,0,0,0,0,0,0,0,0,0,0.48842599735547804,0.9084225953138606,0,0,0,0,0,0,0,3,1.0357193571722234,0.6268701714404106,0.9427523866748897,200.450451,98.67471408498417,219.7450999265181
1704_d,10m,1704,1704_d,0,0,0,0,0,0,0.4660541989598853,0,0,0,0,0,0,0,0,0,0,0,0,0,0,0,0,0,0,0,0,0,0,0,0,0,0,0,0,0,0,0,0,0,0,0,0.27950058635586233,0,0,0,0,0,0,0,2,0.6615067148993152,0.4686946756841014,0.9543524570999915,195.75912499999998,91.75125960407848,72.97457611320999
517_a,10m,517,517_a,0,0,0,0.17249879312722996,0,0,0.1488616438358575,0,0,0,0,0,0,0,0,0,0,0,0.7747213918172556,0,0,0,0,0,0,0,0,0,0,0,0,0,0,0,0,0,0,0,0.6012114732958576,0,0,0,0.4105167721292037,0,0,0,0,0,0,0,5,1.4363356787651165,0.733935520585719,0.8924455349711593,475.70333899999997,152.31326039069643,254.7570958982207
517_b,10m,517,517_b,0,0,0.03190350172504569,0.3788325138882806,0,0,1.7050024154838332,0,0,0,0,0,0,0,0,0,0,0,0.22527860817538883,0,0,0,0,0,0,0,0,0,0,0,0,0,0,0,0,0,0,0,0,0,0,0,0.2531173796372266,0,0,0,0,0,0,0,5,1.0501685447211253,0.5294794122269391,0.6525064040108632,509.063771,121.36790301718821,337.3701771812569
517_c,10m,517,517_c,0,0,0,0.8658966918254322,0,0,0.5342675417203216,0,0,0,0,0,0,0,0,0,0,0,0,0,0,0,0,0,0,0,0,0,0,0,0,0,0,0,0,0.2961907228065016,0,0,0.6205430621374767,0,0,0,0.23379439360111062,0,0,0,0,0,0,0,5,1.507133756463144,0.7598103737652926,0.9364348539446096,350.825131,145.35216422221714,275.96858818978353
517_d,10m,517,517_d,0,0,0,0.09065680037406657,0,0,0.5003748892975408,0,0,0,0,0,0,0,0,0,0,0,0,0,0,0,0,0,0,0,0,0,0,0,0,0,0,0,0,0,0,0,0.6893424010234133,0,0,0,0.3286548589821722,0,0,0,0,0,0,0,4,1.2128785251458392,0.6748516612531572,0.8749069167143111,346.813469,106.37175499100022,178.5169841456158
1803_a,10m,1803,1803_a,0,0,0,0,0,0,0.5587646868127,0,0,0,0,0,0,0,0,0,0,0.910167246452501,0,0,0,0,0,0,0,0.8862709520355515,0,0,0,0,0,0,0,0,0,0,0,0,0,0,0,0,0,0,0,0,0,0,0,0,3,1.0765183512874124,0.6527663029096878,0.9798892315254522,369.70393500000006,163.48985995444548,302.26606160153506
1803_b,10m,1803,1803_b,0,0,0,0,0,0,0,0,0,0,0,0,0,0,0,0,0,0,0,0,0,0,0.006853866048487165,0,0,0.1137290479493653,0,0,0,0,0,0,0,0,0,0.21199651339939057,0,0,0.656678598902275,0,0,0,0,0,0,0.027333770111248615,0,0,0,0,5,0.9851853896176612,0.5259630353996821,0.6121300995871752,908.6025089999999,75.37146609130316,345.4494102234102
1803_c,10m,1803,1803_c,0,0,0,0,0,0,0.5081150644689238,0.012652635250776912,0,0,0.6605317787611833,0,0,0,0,0,0,0,0,0,0,0,0.9931461339474132,0,0,0,0,0,0,0,0,0,0,0,0,0.8552108785790286,0,0,0,0,0,0,0,0,0,0.11047829248323283,0,0,0,0,6,1.4809410292279157,0.7541111761820737,0.826528925707841,958.225726,344.67967782063926,790.407519448082
1803_d,10m,1803,1803_d,0,0,0.7993671515207842,0,0,0,0,0.8254094149004166,0,0,0.33946822124468573,0,0,0,0,0,0,0.07570344223516844,0.02192764811963582,0,0,0,0,0,0,0,0,0,0,0,0,0,0,0,0,0,0,0,0,0,0,0,0,0,0,0,0,0,0,0,5,1.2005044566618108,0.6608735791404798,0.7459153580184886,464.94511400000005,124.23748310543785,228.81302207354452
616_a,10m,616,616_a,0,0,0.5515050955629862,0,0,0,0,0,0,0,0,0,0,0,0,0,0,0,0,0,0,0,0,0,0,0,0.2999441598490271,0,0,0,0,0,0,0,0,0,0,0,0.7110065923820519,0,0,0,0.7815702610776365,0,0,0,0.12050708511907088,0,0,0,5,1.461745657743413,0.748921980500449,0.9082336425968003,513.327684,145.05828308360736,261.2700095721932
616_b,10m,616,616_b,0,0,0,0,0,0,0.005592178350032822,0,0,0,0.3489443808771365,0,0,0,0,0,0,0,0,0,0,0,0,0,0,0,0,0,0,0,0,0,0,0,0,0,0,0,0,0,0,0,0.21842973892728818,0,0,0,0.4447494131829845,0,0,0,4,1.0876409706185488,0.6453693241611851,0.7845671172895196,410.82460799999996,139.3402905289584,123.45019191475298
616_c,10m,616,616_c,0,0,0,0,0,0,0,0,0,0,0.7912705743805666,0,0,0,0,0,0,0,0.43899716848927434,0,0,0,0,0,0,0,0,0,0,0,0,0,0,0,0,0,0,0,0,0,0,0,0,0,0,0,0,0,0,0,2,0.6515728042141236,0.45900504191596014,0.9400208534178316,247.46847400000001,113.58927728124868,152.22624046971197
616_d,10m,616,616_d,0,0,0,0,0,0,0,0,0,0,0.03666383488187054,0,0,0,0,0,0,0,0.09909596274338922,0,0,0,0,0,0,0,0,0,0,0,0,0,0,0,0,0,0,0,0.5905644089468736,0,0,0,0,0,0,0,0,0,0,0,3,0.5907472717063641,0.31772777024007726,0.537721339729915,345.348037,74.3829438041095,99.50906374704861
1901_a,10m,1901,1901_a,0,0,0,0,0,0,0,0,0,0,0,0,0,0,0,0,0,0,0,0,0,0,0,0,0,0,0,0,0,0,0,0,0,0,0,0.38880147538009735,0.05787683745226411,0,0,0,0.16632679326770863,0,0.03999680492392027,0,0,0,0,0,0,0,4,1.0429123741219808,0.5690063144549173,0.7523022551137585,47.106794000000136,13.402031647650535,7.690206728350701
1901_b,10m,1901,1901_b,0,0,0.8862212624552637,0,0,0,0,0,0,0,1.0000000000157665,0,0,0,0,0,0,0,0,0,0,0,0,0,0,0,0,0,0,0,0,0,0,0,0,1.0000000000126312,0,0,0.9060132092246185,0,0.016127685715350767,0.14978026061770855,0,0,0,0,0,0,0,0,6,1.5140728826528393,0.7683687084379538,0.8450201651816293,362.60183000000006,136.08429662612446,327.13351383114605
1901_c,10m,1901,1901_c,0,0,0,0,0,0,0,0,0,0,0,0,0,0,0,0,0,0,0,0,0,0,0,0,0,0,0,0,0,0,0,0,0,0,0,2.91301064650846e-5,0,0,0,0,0,0,0,0,0,0,0,0,0,0,1,-0,0,0,1,0,2.91301064650846e-5
1901_d,10m,1901,1901_d,0,0,0,0,0,0,0,0,0,0,0,0,0,0,0,0,0,0,0,0,0,0,0,0,0,0,0,0,0,0,0,0,0,0,0,0.309806407134402,0.03778387456547322,0,0,0,0.5676411946917086,0,0,0,0,0,0,0,0,0,3,0.7945256114728751,0.4990451494243533,0.7232083781222849,35.330095000000135,11.754208474106889,10.77840500736426
715_a,10m,715,715_a,0,0,0,0,0,0,0,0,0,0,0,0,0,0,0,0,0,0,0,0,0,0,0,0,0,0,0,0,0,0,0,0,0,0,0.4898683748852272,0,0,0,0.17978673143509005,0,0,0,0,0,0,0.054863182625749594,0,0,0,0,3,0.8058852057413363,0.47553775495899475,0.7335483264240036,348.305216,107.79040598578102,88.36702672128992
715_b,10m,715,715_b,0,0,0,0,0,0,0,0,0,0,0,0,0,0,0,0,0,0,0,0,0,0,0,0,0,0,0,0,0,0,0,0,0,0,2.309730293423172,0,0,0,0.2749546550171349,0,0,0,0,0,0,1.1073018565683013,0,0,0,0,3,0.8480368850443218,0.5131182491498341,0.7719164383937757,348.305216,120.30489563845447,426.0154876852002
715_c,10m,715,715_c,0,0,0.11977989889111765,0,0,0,0,0,0,0,0,0,0,0,0,0,0,0,0,0,0,0,0,0,0.48527030066662824,0,0.5850597437826405,0,0,0,0,0,0,0,0,0,0,0,0.3396006883367865,0,0,0,0,0,0,0.7819281296645133,0,0,0,0,5,1.4772379588760383,0.7531904680803421,0.9178595505072178,617.0661279999999,192.4526843156201,304.85013689840673
715_d,10m,715,715_d,0,0,0.3055235885340155,0,0,0,0,0,0,0.08081537561888778,0,0,0,0,0,0,0,0,0.1771360681257579,0,0,0,0,0,0.0478513805140245,0,0,0,0,0,0,0,0,0,0,0,0,0,0.21771848751182138,0,0,0,0,0,0,0,0,0,0,0,5,1.4403377177511432,0.7367379563445424,0.8949321416026472,586.331733,176.71167084499905,119.07864755023644
814_a,10m,814,814_a,0,0,0.007067593378092535,0.6192732406918168,0,0,0,0,0,0.259044160252899,0,0,0,0,0,0,0,0,0.9665090848704364,0,0,0,0,0,0.043430401903758284,0,0,0,0,0,0,0,0,0,0,0,0,0,0,0,0,0,0,0,0,0,0,0,0,0,5,1.0882918025778372,0.6139808481286086,0.6761937159364625,533.589301,150.56949551391546,262.491795685842
814_b,10m,814,814_b,0,0,0,0.1400395543416788,0,0,0,0,0,0,0,0,0,0,0,0,0,0,0.18967836300743457,0,0,0.31587816030078214,0,0,0.01770707367127709,0,0,0,0,0,0,0,0,0,0,0,0,0,0.4431058527926086,0,0,0,0,0,0,0,0,0,0,0,5,1.3544797106949658,0.7124315411272326,0.8415855624069786,586.331733,162.61980164614246,142.38653588810317
814_c,10m,814,814_c,0,0,0,0.4630257140515513,0,0,0,0,0,0,0,0,0,0,0,0,0,0,0.9282649895977071,0,0,0,0,0,0,0,0,0,0,0,0,0,0,0,0,0,0,0,0.031534845615332506,0,0,0,0,0,0,0.13819191121106666,0,0,0,0,4,0.9630245032929391,0.5501595660985639,0.6946753375776402,470.305137,133.94102319138645,200.75547883857678
814_d,10m,814,814_d,0,0,0.021875835339793252,6.122159198637566e-4,0,0,0,0,0,0,0,0,0,0,0,0,0,0,0.2839340658076318,0,0,0,0,0,0,0,0,0,0,0,0,0,0,0,0,0,0,0,0,0,0,0,0,0,0,0,0,0,0,0,3,0.2714890508001358,0.13629159575012695,0.24711998363796975,292.605605,33.68303012284147,114.74451710665697
913_a,10m,913,913_a,0.3488135208940624,0,0,0,0,0,0,0,0,0,0,0,0,0,0,0.09182478953223057,0,0,0,0,0,0,0,0,0,0.12558356500338044,0.551484835059927,0,0,0,0,0,0,0,0,0,0,0,0,0,0,0,0,0,0,0,0,0,0,0,4,1.1629077557016845,0.6397816043272955,0.8388606260810672,455.67441299999996,156.46574513894842,184.41783591013817
913_b,10m,913,913_b,0,0,0,0,0,0,0,0,0,0,0,0,0,0,0,0,0,0,0,0,0,0,0,0,0,0.20066745625300728,1.1142693562062524,0,0,0,0,0,0,0,0,0,0,0,0,0,0,0,0,0,0,1.3144781151702798,0,0,0,0,3,0.9067860399491177,0.5646813056002165,0.8253922237192973,337.0958089999999,144.3558677596265,335.1221592806397
913_c,10m,913,913_c,0,0,0,0.0014035623129546372,0,0,0,0,0,0.22500615755436632,0,0,0,0,0,0,0,0,0,0,0,0,0,0,0,0.8514350918937432,0.8044260225618627,0,0,0,0,0,0,0,0,0,0,0,0,0,0,0,0,0,0,0.01216980777739771,0,0,0,0,5,1.013969141473575,0.6035502056248261,0.6300144501629495,559.932472,110.07495243306597,238.47136022656127
913_d,10m,913,913_d,0,0,0,0,0,0,0,0.26052765262487004,0,0,0,0,0,0,0,0,0,0,0,0,0,0,0,0,0,0.8879283427450773,0.3027288845365577,0,0,0,0,0,0,0,0,0,0,0,0,0,0,0,0,0,0,0.43481026956339813,0,0,0,0,4,1.2600301451586822,0.6803476877405117,0.9089196208955158,455.6744129999999,161.37362758154214,248.14244082706722
1012_a,10m,1012,1012_a,0.020223792450704263,0,0,0.22575855568794917,0,0,0,0,0,0,0,0,0,0,0,0.6239301065023046,0,0,0,0,0,0,0,0,0,0,0.08400792592891695,0,0,0,0,0,0,0,0.20461278889370013,0,0,0,0,0,0,0,0,0,0,1.0478546290512347,0,0,0,0,6,1.3320331958755196,0.6738825439388746,0.7434218815371465,638.759963,156.98929735545582,324.15388505642267
1012_b,10m,1012,1012_b,0.20469933239016821,0,0,0.2364864862811583,0,0,0,0,0,0,0,0,0,0,0,0.037568948992584755,0,0,0,0,0,0,0,0,0.37180647967241776,0,0,0,0,0,0,0,0,0,0,0,0,0,0,0,0,0,0,0,0,0,0,0,0,0,4,1.1982103048830304,0.6717427560244307,0.8643260323984004,408.52591900000004,143.41782155207454,147.14770296849625
1012_c,10m,1012,1012_c,0.7125632005012313,0,0,0,0,0,0,0,0,0,0,0,0,0,0,0,0,0,0,0,0,0,0,0,0,0,0,0,0,0,0,0,0,0,0,0,0,0,0,0,0,0,0,0,0,0,0,0,0,0,1,-0,0,0,1,0,0.7125632005012313
1012_d,10m,1012,1012_d,0.12714125416928593,0,0,0,0,0.2603786904230022,0,0,0,0,0,0,0,0,0,0,0,0,0,0,0,0,0,0,0,0,0.011313062526058128,0,0,0,0,0,0,0,0,0,0,0,0,0,0,0,0,0,0,0.4426794376668145,0,0,0,0,4,1.044349812814849,0.6045220331993528,0.7533391479506499,494.6610359999999,139.73358310078672,123.47545198884798
1111_a,10m,1111,1111_a,0,0,0.9838262466549713,0,0,0,0.2848672811802284,0,0,0,0.28665522107235664,0,0,0,0,0,0,0,1.1369749233648374,0,0,0,0,0,0,0,0,0,0,0,0,0,0,0,0,0,0,0,0.1232234901067558,0,0,0,0,0,0,0,0,0,0,0,5,1.3349110765748564,0.6923127823728997,0.8294268864065394,554.57567,167.2654775856579,354.29769606807423
1111_b,10m,1111,1111_b,0,0,0.11059984596284916,0.01284660432290106,0,0,0,0,0,0,0.8213827499921894,0,0,0,0,0,0.33442861677873215,0,0.8726287326839218,0,0,0,0,0,0,0,0,0,0,0,0,0,0,0,0,0,0,0,0.48293925118725506,0,0,0,0,0,0,0,0,0,0,0,6,1.4613740450517436,0.7416390966290225,0.8156083839095593,621.404501,175.16460328642285,379.5298436682047
1111_c,10m,1111,1111_c,0,0,0.5115379354971719,0.45885582531360875,0,0,0,0,0,0,0,0,0,0,0,0.0015858393246865419,0,0,0.34579381702672707,0,0,0,0,0,0,0,0.6580648006365152,0,0,0,0,0,0,0,0.22777830594280155,0,0,0,0,0,0,0,0,0,0,0,0,0,0,0,6,1.557077417110453,0.7782651767938922,0.8690214528523128,658.236141,186.6494870979612,309.116501750257
1111_d,10m,1111,1111_d,0,0,0.3214720810011995,0.9821798534271368,0,0,0,0,0,0,0.7133447789588652,0,0,0,0,0,0,0,2.437492097846244,0,0,0,0,0,0,0,0,0,0,0,0,0,0,0,0,0,0,0,0.7066919382518421,0,0,0,0,0,0,0,0,0,0,0,5,1.3887127258235425,0.6990116468281309,0.862855730621671,509.06377200000003,165.86645880768907,598.7330533877682
1210_a,10m,1210,1210_a,0,0,0,0,0,0,0,0,0,0,0,0,0,0,0.901765288239517,0,0,0,0.3815753840962276,0,0,0,0,0,0,0,0,0,0,0,0,0,0,0,0,0,0,0,0.41742118522755206,0,0,0,0.1643293401850489,0,0,0,0,0,0,0,4,1.2250577631487591,0.6665219916605247,0.8836923798486206,357.12473500000016,140.51575002308422,254.2869692796925
1210_b,10m,1210,1210_b,0,0,0,0,0,0,0.7163675598154566,0,0,0,0.5831989784655027,0,0,0,0.09685586012618622,0,0,0,0.10472903428388006,0,0,0,0,0,0,0,0,0,0,0,0,0,0,0,0,0,0,0,0.04515941298027462,0,0,0,0.729567748980474,0,0,0,0.1251538595683843,0,0,0,7,1.5613813810936557,0.7530554422217708,0.8023913035510216,565.4972360000002,146.24240908622474,308.6642346436366
1210_c,10m,1210,1210_c,0,0,0,0,0,0,0.012517921581046957,0,0,0,0.22047918180185158,0,0,0,0,0,0,0,2.1547010725744475,0,0,0,0,0,0,0,0,0,0,0,0,0,0,0,0,0,0,0,0.1703566363596293,0,0,0,0.05213962161273356,0,0,0,0,0,0,0,5,0.6489683267506091,0.30674230280006054,0.4032266928328505,447.773765,74.48468564142382,409.53959703879934
1210_d,10m,1210,1210_d,0,0,0,0,0,0,0,0,0,0,0,0,0,0,0.0013788516637377156,0,0,0,2.251197263614405,0.3755158060412319,0,0,0,0,0,0,0,0,0,0,0,0,0,0,0,0,0,0,0.43454825519740403,0,0,0,2.2666184638412684e-4,0,0,0,0,0,0,0,5,0.7648458094524735,0.4246192100370265,0.47522542096434595,365.17918400000013,63.371729230449,254.04922718485906
23_a,10m,23,23_a,0,0,0.21192894200623927,0,0,0,0,0,0,0,0,0,0,0,0,0,0,0,0.426818921365851,0,0,0,0,0,0,0,0,0,0,0,0,0,0,0,0,0,0,0.24175009095590952,0,0,0,0.8133236199908854,0,0,0,0,0,0,0,0,4,1.2375127177591856,0.6699141585065951,0.8926767304741002,377.823777,133.48461003387985,202.32517517929682
23_b,10m,23,23_b,0,0,0,0,0,0,0,0,0,0,0,0,0,0,0,0,0,0,1.2010756148199337,0,0,0,0,0,0,0,0,0,0,0,0,0,0,0,0,0,0,0.5198972094815192,0,0,0,0.18506776034140324,0.16319555676386263,0,0,0,0,0,0,0,4,1.0790371980592013,0.585738660313581,0.778360807287366,263.936499,122.65574844102078,275.4135754804364
23_c,10m,23,23_c,0,0,0,0,0,0,0,0,0.2031064752919579,0,0,0,0,0,0,0,0,0,2.0268256002360574,0,0,0,0,0,0,0,0,0,0,0,0,0,0,0,0,0,0,0.012484808049687747,0,0,0,0.7895490013404401,0,0,0,0,0,0,0,0,4,0.8233085192992318,0.48081010598484064,0.5938915589573186,357.124736,116.67254270330696,392.0705409823336
23_d,10m,23,23_d,0,0,0,0,0,0,0.02230221338511036,0,0.4312242376004548,0,0,0,0,0,0,0,0,0,0.014903591090231736,0,0,0,0,0,0,0,0,0,0,0,0,0,0,0,0,0,0,2.7386428973975353e-4,0,0,0,0.37161979391082256,0,0,0,0,0,0,0,0,5,0.8736341317811773,0.5400722355604439,0.5428194060993011,447.773765,107.08218395889588,166.52356798362857
1309_a,10m,1309,1309_a,0,0,0,0,0,0,0,0,0,0,0,0,0,0,0.765882961147449,0,0.737213855963097,0.46725369319944293,0,0,0,0,0.7250865848394538,0,0.6692754904850543,0,0,0,0,0,0,0,0,0,0,0,0,0,0,0,0,0.005070764490326931,0,0.9780737196791511,0,0,0,0,0,0,7,1.7767052927819642,0.8265581233580623,0.913045904840214,1038.7863450000002,301.707751609314,827.5685560312895
1309_b,10m,1309,1309_b,0,0,0,0,0,0,0,0,0,0,0,0,0,0,0,0,0,0.8892408597602475,0,0,0,0,0,0,1.3371157490889378,0,0,0,0,0,0,0,0,0,0,0,0,0,0,0,0,0.1676667841392024,0,0.007608274002974335,0,0.12438536232783896,0,0,0,0,5,1.0500519597985705,0.5890350440108081,0.6524339657256369,408.0561860000001,135.76084948133303,332.94124943523735
1309_c,10m,1309,1309_c,0,0,0,0,0,0,0,0,0,0,0,0,0,0,0,0,0,2.360956702547677,0,0,0,0,0,0,1.4895194267729552,0,0,0,0,0,0,0,0,0,0,0,0,0,0,0,0,0,0,0,0,1.2891535632599502,0,0,0,0,3,1.0631749369343935,0.6420814832694619,0.9677435323641989,363.3887870000001,155.42452912158933,618.9762278745118
1309_d,10m,1309,1309_d,0,0,0,0,0,0,0,0,0,0,0,0,0,0,0.5682050837817355,0,0,0.6063433298329699,0,0,0,0,0,0,0.951096346389052,0,0,0,0,0,0,0,0,0,0,0,0,0,0,0,0,0,0,0,0,0,0,0,0,0,3,1.0703264010630358,0.6469755579675462,0.9742530755419038,342.6897450000002,150.90587521126264,255.90884905301812
122_a,10m,122,122_a,0,0,0.33941430186307314,0,0,0,0.5304705561255191,0,0,0,0,0,0,0,0,0,0,0,0.09667445358498351,0,0,0,0,0,0,0,0,0,0,0,0,0,0,0,0,0.10666558135815343,0,0,1.394086313120302,0,0,0.08881871369899327,0,0,0,0,0,0,0,0,6,1.2982297821267845,0.6374713141868207,0.7245558371102689,479.715001,122.10112745315023,230.92051513505734
122_b,10m,122,122_b,0,0,0.23530484706438834,0,0,0,0,0,0.4895580739376634,0,0,0,0,0,0,0,0,0,0,0,0,0,0,0,0,0,0,0,0,0,0,0,0,0,0,0.9658500418471437,0,0.01022990367412182,0.2352778285062819,0,0,0.23262085277180777,0,0,0,0,0,0,0,0,6,1.442867222444679,0.7156652904328673,0.8052795295488576,353.890984,108.34648482809803,198.00848016088318
122_c,10m,122,122_c,0,0,0.38266717086543606,0,0,0,0,0,0.9999999999853755,0,0,0,0,0,0,0,0,0,0.049196862396331136,0,0,0,0,0,0,0,0,0,0,0,0,0,0,0,0,0.1430890956307825,0,0.0029276855411450547,0.07943815625988754,0,0,0.12484422409431208,0,0,0,0,0,0,0,0,7,1.291572648418335,0.6249387814169695,0.6637370430722912,482.78085400000003,134.11006328235197,272.2480208702801
122_d,10m,122,122_d,0,0,0,0,0,0,0,0,0,0,0,0,0,0,0,0,0,0,0.17977964953487552,0,0,0,0,0,0,0,0,0,0,0,0,0,0,0,0,0.1722201263536511,0,0,0.19730512608005119,0,0,2.2349100540032,0,0,0,0,0,0,0,0,4,0.7130518355109647,0.34264326110622045,0.5143581734942209,263.256835,34.98392849318957,169.76974617462338
1408_a,10m,1408,1408_a,0,0,0.0070662087076259405,0,0,0,0,0,0,0,0,0,0,0,0,0,0,0,0,0,0,0,0,0,0,0,0,0,0,0,0,0,0,0,0,1.149221984538564,0,0,0,0,0,0.520259945069723,0,0,0,0,0,0,0,0,3,0.6450404474750209,0.4338182092636703,0.5871411180526921,248.93390700000003,12.010871592721575,127.30079233505893
1408_b,10m,1408,1408_b,0,0,0.35113867149314776,0,0,0,0,0,0,0,0,0.011400418964932638,0,0,0,0,0,0,0,0,0,0,0,0,0,0,0,0,0,0,0,0,0,0,0,0.3305152995681686,0,0,0,0,0,0,0.3913986766161583,0,0,0.03335248499736162,0,0,0,0,5,1.2430275303374525,0.690294245159639,0.7723364292180169,451.0715280000001,118.3959488758227,170.82638329468585
1408_c,10m,1408,1408_c,0,0,0.6142672386522378,0,0,0,0.7662153984269924,0,0,0,0.04348283464576781,0,0,0,0,0,0.13912410914301102,0,0,0,0,0,0,0,0,0,0,0,0,0,0,0,0,0,0,0,0,0,0,0,0,0.7260586875032187,0.28026167976142036,0,0,0,0,0,0,0,6,1.528658123529258,0.7589523898794504,0.8531603431055681,559.266996,156.22334290217185,294.4461466932548
1408_d,10m,1408,1408_d,0,0,0.027527881132335914,0,0,0,0.1639388564686685,0,0,0,0.9560480775786936,0,0,0,0,0,0,0,0,0,0,0,0,0,0,0,0,0,0,0,0,0,0,0,0,0.48745461491700837,0,0,0,0,0,0.1265914974420506,0,0,0,0,0,0,0,0,5,1.1623839840209138,0.614804465880836,0.7222297766447754,437.462499,113.31749787151836,226.05382097325165
221_a,10m,221,221_a,0,0,0.673248494596269,0,0,0,1.0032924271773886,0,0.3865819530408716,0,0,0,0,0,0,0,0,0,0.597230207614541,0,0,0,0,0,0,0,0,0,0,0,0,0,0,0,0,0.4615705501106032,0,0,0,0,0,0,0.05362302169593345,0,0,0,0,0,0,0,6,1.6127431357809427,0.7836284542814274,0.9000890819769252,566.352369,177.7675305774652,404.97680469410847
221_b,10m,221,221_b,0,0,1.6683602067863064,0,0,0,0.03184480823034079,0,0,0,0,0,0,0,0,0,0,0,0,0,0,0,0,0,0,0,0,0,0,0,0,0,0,0,0,0,0,0,0.05932026419136127,0,0,0,0,0,0,0,0,0,0,0,3,0.2373407998013479,0.09947593188374393,0.21603690605817394,335.03677,23.540914516206026,227.45406270752625
221_c,10m,221,221_c,0,0,0.01759489243002268,0,0,0,0.060340798180919274,0,0,0,0,0,0,0,0,0,0.6540893451844264,0,0,0,0,0,0,0,0,0,0,0,0,0,0,0,0,0,0,0.39850320472672657,0,0,0,0,0,0,0.0901420030435988,0,0,0,0,0,0,0,5,1.101961347459177,0.5981882911476624,0.6846870817107694,475.70333899999997,135.05626021290763,206.63792026448925
221_d,10m,221,221_d,0,0,0.23837610332651732,0,0,0,0.6049480888621226,0,0,0,0,0,0,0,0,0,0,0,0.35964939838601506,0,0,0,0,0,0,0,0,0,0,0,0,0,0,0,0,0.344269218025542,0,0,0.38698607789219014,0,0,0,0.9234748302174469,0,0,0,0,0,0,0,6,1.6874764376693692,0.7951112024510931,0.9417985319181184,479.715001,137.88366372200153,265.5109126192613
1507_a,10m,1507,1507_a,0,0,0,0.24187660278330508,0,0,0.014711533258454392,0,0,0,0,0,0,0,0,0,0,0,0,0,0,0.6994703016179794,0,0,0,0,0,0,0,0,0,0,0,0,0,0,0,0,0.7525799669789542,0,0,0,0,0,0,0,0,0,0,0,4,1.044467000039548,0.6182986991618297,0.7534236806646143,425.6858,130.99718409206048,195.01305274921867
1507_b,10m,1507,1507_b,0,0,0,0.24080249248629917,0,0,0.003398417614693619,0,0,0,0,0,0,0,0,0,0,0,0,0,0,0.4926208455336759,0.10083381396743551,0,0,0,0,0,0,0,0,0,0,0,0,0.3462318046558054,0,0,0,0,0,0,0,0,0,0.9994997325344586,0,0,0,0,6,1.3808725008709994,0.7000917637859535,0.7706796166485013,1061.465311,196.49765972682766,489.66176240623474
1507_c,10m,1507,1507_c,0,0,0,0.9859505612430336,0,0,0.7359397242568234,0,0,0,0,0,0,0,0,0,0,0,0,0,0,0,0.5269229412385658,0,0,0,0,0,0,0,0,0,0,0,0,1.5998050572973885,0,0,0,0,0,0,0,0,0,0,0,0,0,0,4,1.3023668515526583,0.7062672073361633,0.9394590990765965,866.558222,258.5077502308562,743.9811007307705
1507_d,10m,1507,1507_d,0,0,1.1146094134229012,0.5338975100060096,0,0,1.260661858110864,0,0,0,0,0,0,0,0,0,0,0,0,0,0,0,0,0,0,0,0,0,0,0,0,0,0,0,0,0,0,0,0,0,0,0,0,0,0,0.32800978596710084,0,0,0,0,4,1.263584823264115,0.6923218421137627,0.911483779132848,386.552397,144.5513703223614,331.53553156532354
320_a,10m,320,320_a,0,0,0,0,0,0,0,0,0.8025587373819992,0,0,0,0,0,0,0,0,0,0,0,0,0,0,0,0,0,0,0,0,0,0,0,0,0,0,0.28178020888745464,0,0,0,0,0,0,0,0,0,0,0,0,0,0,2,0.572914185817282,0.38466900699931916,0.8265404547335309,195.75912599999998,75.30246860947454,106.13462220473463
320_b,10m,320,320_b,0,0,0,0,0,0,0,0,0,0,0,0,0,0,0,0,0,0,0,0,0,0,0,0,0,0,0,0,0,0,0,0,0,0,0,1.465520357584581,0,0,0,0,0,0.03378243743059442,0,0,0,0,0,0,0,0,2,0.10773638768468648,0.04404880501961683,0.15543075223598798,23.553398,1.0374990360514347,17.65683772675242
320_c,10m,320,320_c,0,0,0.9999999999998513,0,0,0,0,0,0,0,0,0,0,0,0,0,0,0,0,0,0,0,0,0,0,0,0,0,0,0,0,0,0,0,0,0.08421176110766387,0,0,0,0,0,0.943967523759317,0.18111629039563262,0,0,0,0,0,0,0,4,1.0517001731808606,0.604389554520532,0.7586413121750458,253.625233,119.08610766547771,238.73575351233154
320_d,10m,320,320_d,0,0,0.044966599832880795,0,0,0,0,0,0.7237869158854099,0,0,0,0,0,0,0,0,0,0,0,0,0,0,0,0,0,0,0,0,0,0,0,0,0,0,0.9819127434078833,0,0,0,0,0,0.022250038812325235,0.49236110607990874,0,0,0,0,0,0,0,5,1.1818474477184415,0.6622892277706598,0.7343231065875822,351.504796,96.54967603129352,204.0412011340929
1606_a,10m,1606,1606_a,0,0,0,0,0,0,0,0,0,0,0.14120633787946835,0,0,0,1.1762452179671221,0,0.9219656073358642,0,1.1541437068240892,0,0,0,0,0,0,0,0,0,0,0,0,0,0,0,0,0,0,0,0,0,0,0,0.02798552500700513,0,0,0,0,0,0,0,5,1.2578602277204056,0.6936576648211163,0.7815525022757966,464.2642290000001,160.54156550769662,373.1859798953986
1606_b,10m,1606,1606_b,0,0,0,0,0,0,0,0,0,0,0.17500855748904567,0,0,0,0.21419649220944426,0,0,0,4.3225588283328883e-4,0,0,0,0,0,0,0,0,0,0,0,0,0,0,0,0,0,0,0,0,0,0,0,0.3685732852833587,0,0,0,0,0,0,0,4,1.0504102078617519,0.6306127071316258,0.7577107988906474,351.92350000000016,99.6925765044611,155.8472535275748
1606_c,10m,1606,1606_c,0,0,0,0,0,0,0.24374366785846938,0,0,0,0.9572493728948042,0,0,0,0,0,0,0,0.9674945641115845,0,0,0.14227905933800716,0,0,0,0,0,0,0,0,0,0,0,0,0,0,0,0,0,0,0,0,0.4665429731667332,0,0,0,0,0,0,0,5,1.3999088648928288,0.7213064097127806,0.8698122829576063,462.539575,158.6355066833818,313.8483221508391
1606_d,10m,1606,1606_d,0,0,0,0,0,0,0.22301949796040324,0,0,0,0,0,0,0,0.7122622447983762,0,0.046306108137745036,0,0.8142438982694987,0,0,0,0,0,0,0,0,0,0,0,0,0,0,0,0,0,0,0,0.41299150612825175,0,0,0,0.04844239027263615,0,0,0,0,0,0,0,6,1.4333938922371399,0.7261956278934243,0.7999923632912012,560.1144930000002,164.7294335056758,317.47294398956615
419_a,10m,419,419_a,0,0,0.7577066971595268,0,0,0,1.4074722858428503,0,0.4285940814489047,0,0,0,0,0,0,0,0,0,0.005516590482341981,0,0,0,0,0,0,0,0,0,0,0,0,0,0,0,0,0,0,0,0,0,0,0,0,0,0,0,0,0,0,0,4,1.0017799040358704,0.5946274923240751,0.7226314498073859,456.696107,131.08914478653645,290.0532343079505
419_b,10m,419,419_b,0,0,1.4792301073635676,0,0,0,0.004913310039616176,0,0.0861667127820995,0,0,0,0,0,0,0,0,0,0.6613295731495397,0,0,0,0,0,0,0,0,0,0,0,0,0,0,0,0,0,0,0,0,0,0,0.10352413771610569,0,0,0,0,0,0,0,0,5,0.9193627191667672,0.5151935864224337,0.5712321749500301,554.57567,126.21640332043344,308.7085713409933
419_c,10m,419,419_c,0,0,0.8986121933170211,0,0,0,0,0,0,0,0,0,0,0,0,0,0,0,0.1394933936383232,0,0,0,0,0,0,0,0,0,0,0,0,0,0,0,0,0.3432644250135401,0,0,0,0,0,0.1480536628413499,0,0,0,0,0,0,0,0,4,1.0922512356095417,0.586722485455397,0.7878927205093643,377.823777,131.57304331503704,241.55993128321168
419_d,10m,419,419_d,0,0,1.0344450534077514,0,0,0,0,0,0,0,0,0,0,0,0,0,0,0,0.9760029574305291,0,0,0,0,0,0,0,0,0,0,0,0,0,0,0,0,0.0046875507310392165,0,0,0,0,0,0,0,0,0,0,0,0,0,0,3,0.7075414934063343,0.5018975092554743,0.6440320217645793,366.047078,124.17918511763646,249.13950781707243
1705_a,10m,1705,1705_a,0,0,0,0,0,0,1.1869604090454207,0,0,0,0,0,0,0,0.018954373512251124,0,0,0,0.18613558893152737,0,0,0,0,0,0,0,0,0,0,0,0,0,0,0,0,0,0,0,0,0,0,0.5392987007311629,0.5901373260479824,0,0,0,0,0,0,0,5,1.2535917462110755,0.6723779913479122,0.7789003455965281,440.68839100000014,119.93348110816862,263.91834576835294
1705_b,10m,1705,1705_b,0,0,0,0,0,0,0.7821677455274711,0,0,0,0,0,0,0,0.011480460249871241,0,0,0,0.02158863381731612,0,0,0,0,0,0,0,0,0,0,0,0,0,0,0,0,0,0,0,0,0,0,0.1861419205071318,1.0108578843681912,0,0,0,0,0,0,0,5,1.0114820072740798,0.5878421751344398,0.6284691067978652,440.68839100000014,98.78700161768448,206.50365266117282
1705_c,10m,1705,1705_c,0,0,0,0,0,0,0,0,0,0,0,0,0,0,1.2114075123887682,0,0,0,1.6752545934308698,0,0,0,0,0,0,0,0,0,0,0,0,0,0,0,0,0,0,0,0,0,0,0.056623546700538686,0.3952873494666794,0,0,0,0,0,0,0,4,1.035640811700036,0.6022414580171718,0.7470569315909313,350.03936200000015,143.0000743347881,447.02135795190884
1705_d,10m,1705,1705_d,0,0,0,0.06793150685401388,0,0,0.3792091915991198,0,0,0,0,0,0,0,0.8042449356699418,0,0,0,0.2876666007740582,0,0,0,0,0,0,0,0,0,0,0,0,0,0,0,0,0,0,0,0,0,0,0.21988746773469187,0.7054917728420265,0,0,0,0,0,0,0,6,1.5768369130616289,0.7655283440243884,0.8800494375179603,559.2669950000001,151.5015186190902,281.54309780168785
518_a,10m,518,518_a,0,0,0.011596726068203668,0,0,0,0.5523977479024711,0,0,0,0.3116571185540195,0,0,0,0,0,0,0,0,0,0,0,0,0,0,0,0,0,0,0,0,0,0,0,0,0,0,0,0.4542433477991888,0,0,0,0.3363509613014574,0,0,0,0,0,0,0,5,1.39148475171873,0.7399930490454676,0.864578087149855,437.462499,124.68609231463651,203.04388775619194
518_b,10m,518,518_b,0,0,0.2854731834454707,0.002012941862712857,0,0,0.09126517113738729,0,0,0,0,0,0,0,0,0,0,0,0,0,0,0,0,0,0,0,0,0,0,0,0,0,0,0,0,0.3096568333116721,0,0,0,0,0,0,0.42533617179685523,0,0,0,0,0,0,0,5,1.288853871610184,0.7044350681266414,0.8008099359738161,391.9506,117.08751762487395,210.808463263769
518_c,10m,518,518_c,0,0,0.644325835778724,0,0,0,0.4381961951157981,0,0,0,0,0,0,0,0,0,0,0,0.46265094417717634,0,0,0,0,0,0,0,0,0,0,0,0,0,0,0,0,0,0,0,0,0,0,0,0.5541951860322014,0,0,0,0,0,0,0,4,1.3744339585311016,0.7439843126894786,0.9914445280011038,463.92663999999996,175.42231582683172,256.6385279764033
518_d,10m,518,518_d,0,0,0.058604254771897915,0,0,0,1.1264802001980494,0,0.43845270348308435,0,0.09145593013485094,0,0,0,0,0,0,0,0.08810479076741877,0,0,0,0,0,0,0,0,0,0,0,0,0,0,0,0,0,0,0,0,0,0,0,0.19366105762381716,0,0,0,0,0,0,0,6,1.264606171152861,0.6192007757762996,0.705790142522697,555.594144,119.60077036969355,262.1760469726944
1804_a,10m,1804,1804_a,0,0,0,0,0,0,0,0.16193794982690243,0,0,0,0,0,0,0,0,0,0,1.8310084565596452,0,0,0,0,0,0,0,0,0,0,0,0,0,0,0,0,0,0,0,0,0,0,0,0,0,0,0,0,0,0,0,2,0.2818251940980161,0.14930616568799993,0.4065878099227774,247.46847400000001,36.948568981600474,246.5957029761314
1804_b,10m,1804,1804_b,0,0,0,0,0,0,0.14786232562362436,0,0,0,0,0,0,0,0,0,0,0,0.994018831062206,0,0,0,0,0,0,0,0,0,0,0,0,0,0,0,0,0,0,0,0,0,0,0,0.2791354581137234,0,0,0,0,0,0,0,3,0.805126033368715,0.4612689276862002,0.7328572979506723,345.348036,112.03567173537012,190.64319195143173
1804_c,10m,1804,1804_c,0,0,0.24739110399632594,0,0,0,0,0,0,0,0,0,0,0,0.20411106272446847,0,0,0,0.0604794162807503,0,0,0,0,0,0,0,0,0,0,0,0,0,0,0,0,0,0,0,0,0,0,0.9918180528611044,0.4726591370840944,0,0,0,0,0,0,0,5,1.289427375453674,0.6637224149054834,0.8011662739468806,468.61796600000014,97.0139221838749,182.71021851802954
1804_d,10m,1804,1804_d,0,0,0.9680908452553829,0,0,0,0,0,0.4937716061715628,0,0.13919854559239522,0,0,0,0.46811301528162563,0,0,0,0,0,0,0,0,0,0,0,0,0,0,0,0,0,0,0,0,0,0,0,0,0,0,0.008152790919617398,2.459801383774986e-4,0,0,0,0,0,0,0,6,1.2370274875154896,0.6711118340025921,0.6903981861183851,347.32203400000014,120.73865095520102,329.3053528027462
617_a,10m,617,617_a,0,0,0.8139509999309006,0,0,0,0.9818895936691318,0,0,0,0.002835735250922282,0,0,0,0,0,0,0,0.08113721898177731,0,0,0,0,0,0,0,0,0,0,0,0,0,0,0,0,0,0,0,0.059264307811897884,0,0,0,0,0,0,0.1036877883115404,0,0,0,0,6,1.1100330993845677,0.6051950741606791,0.619521268590144,658.833729,141.9219465468564,248.18160225955134
617_b,10m,617,617_b,0,0,0,0.19802920816308753,0,0,0.3222488897840976,0,0,0,0.2676394061623422,0,0,0,0,0,0,0,0.38076964979298894,0,0,0,0,0,0,0,0,0,0,0,0,0,0,0,0,0,0,0,0.13749515285092812,0,0,0,0.013433480017300256,0,0,0,0,0,0,0,6,1.5934424319495657,0.7824941134475484,0.8893171540687153,566.352369,179.58832213289807,245.03458273851646
617_c,10m,617,617_c,0,0,0,0.7892953030357714,0,0,0.35950806669412727,0,0,0,0.996848712749161,0,0,0,0,0,0,0,0.17015936359967251,0,0,0,0,0,0,0,0,0,0,0,0,0,0,0,0,0,0,0,1.9497535458673736,0,0,0,0,0,0,0,0,0,0,0,5,1.3467637894505298,0.693519105231603,0.8367913909854998,554.57567,151.02844085095396,461.52673225929874
617_d,10m,617,617_d,0,0,0.13567943218083803,0,0,0,0.005623114109707927,0,0,0,0,0,0,0,0,0,0,0,0.32124885868232345,0,0,0,0,0,0,0,0,0,0,0,0,0,0,0,0,0,0,0,0,0,0,0,0,0,0,0,0,0,0,0,3,0.6665454947973258,0.4314597092502209,0.6067158556959205,366.047077,106.69913763422683,61.660574091333324
716_a,10m,716,716_a,0,0,0.48808949262362855,0,0,0,0,0,0,0.21049085592549213,0,0,0,0,0,0,0,0.028656484410765133,0.8570592177654037,0,0,0,0,0,0.03850361566714037,0,0,0,0,0,0,0,0,0,0,0,0,0,0,0,0,0,0,0,0,0.11849526034651035,0,0,0,0,6,1.2955933299416897,0.6591700896611759,0.7230844051293733,690.5897910000001,160.3883494545808,237.58481209181787
716_b,10m,716,716_b,0,0,0.394826265982288,0,0,0,0,0,0,0,0,0,0,0,0,0,0,0.029165435147374845,0,0,0,0,0,0,0.4283747031978034,0,0.18847953133454834,0,0,0,0,0,0,0,0,0,0,0,0.23189199019181378,0,0,0,0,0,0,0,0,0,0,0,5,1.409204375397417,0.7348281744135223,0.8755879083686728,553.039476,184.36331328312608,231.05334427913118
716_c,10m,716,716_c,0,0,0,0,0,0,0,0,0,0,0,0,0,0,0,0.614198929526618,0,0.4732097611871389,0.0817256253306435,0,0,0,0,0,0.9849253590942922,0,0,0,0,0,0,0,0,0,0,0,0,0,1.0865564770822052,0,0,0,0,0,0,0.011463815548003405,0,0,0,0,6,1.435779023146568,0.7391589494845546,0.8013235301974688,639.8315850000001,160.9890402524543,346.55290830674613
716_d,10m,716,716_d,0,0,0,0,0,0,0,0.18700080354138585,0,0,0,0,0,0,0,0.3858010704450995,0,0.4689683192624693,0.07110725231508495,0,0,0,0,0,0.015074640914022434,0,0,0,0,0,0,0,0,0,0,0,0,0,0,0,0,0,0,0,0,0.03626990713915661,0,0,0,0,6,1.3611053425662138,0.697256785546801,0.7596473555418797,697.4797400000001,155.81900701000674,147.8861144508991
815_a,10m,815,815_a,0,0,0,0.008604771285921945,0,0,0,0,0,0,0,0,0,0,0,0,0,0,2.241277837110349,0,0,0,0,0,0,0,0,0,0,0,0,0,0,0,0,0,0,0,0,0,0,0,0,0,0,0,0,0,0,0,2,0.025105832423627662,0.007619830423028828,0.03622005993495697,247.46847400000001,1.8856678069257578,278.3875078894823
815_b,10m,815,815_b,0,0,0,0,0,0,0,0,0,0,0,0,0,0,0,0,0,0,0.9233333682526961,0,0,0,0,0,0,0,0,0,0,0,0,0,0,0,0,0,0,0,0,0,0,0,0,0,0,2.2382249760054324e-7,0,0,0,0,2,3.934906933592531e-6,4.848138210888919e-7,5.676870719453542e-6,247.468474,1.199761364187037e-4,114.24797751189334
815_c,10m,815,815_c,0,0,0.04110557419003664,0,0,0,0,0,0,0.2227646049784284,0,0,0,0,0,0,0,0,0.46384498155297815,0,0,0,0,0,0,0,0.9999999999937909,0,0,0,0,0,0,0,0,0,0,0,0,0,0,0,0,0,0,0,0,0,0,0,4,1.0225918840326411,0.5757232691504243,0.7376441199735967,514.137214,154.28557995112115,241.92863136091933
815_d,10m,815,815_d,0,0,0.9588944258137508,0,0,0,0,0,0,0,0,0,0,0,0,0,0,0,1.4544992121898173,0,0,0,0,0,0,0,0,0,0,0,0,0,0,0,0,0,0,0,0,0,0,0,0,0,0,0,0,0,0,0,2,0.6719108859338299,0.4789144632307224,0.9693625030560463,247.46847400000001,118.51623139223594,298.6194203790257
914_a,10m,914,914_a,0,0,0,0,0,0,0,0.6796124828563196,0,0,0,0,0,0,0,0,0,0,0,0,0,0,0,0,0.9999999999889659,0.24687724995325636,3.6079150109110704e-4,0,0,0,0,0,0,0,0,0,0,0,0,0,0,0,0,0,0,1.0877700183850418,0,0,0,0,5,1.2756954427426461,0.7022354752714369,0.7926341444344971,578.0795049999999,174.73471390036426,436.0907577290703
914_b,10m,914,914_b,0,0,0.3786739267073428,0.026038860471877912,0,0,0,0,0,0.3597301235353063,0,0,0,0,0,0,0,0,0,0,0,0,0,0,0,0,0.01521990770626127,0,0,0,0,0,0,0,0,0,0,0,0,0,0,0,0,0,0,0,0,0,0,0,4,0.8980158760676464,0.5497268797986844,0.6477815255211757,435.5401079999999,126.93362181104501,153.767496884924
914_c,10m,914,914_c,0,0,0.5923826445333288,0.3488812142000524,0,0,0,0.022875755684586243,0,0,0,0,0,0,0,0,0,0.41667568375048347,7.453204809878802e-4,0,0,0,0,0,0.7885424049696803,0,0.02835883598258109,0,0,0,0,0,0,0,0,0,0,0,0,0,0,0,0,0,0,0,0,0,0,0,7,1.4347949767772454,0.7373640538917727,0.7373387602062714,779.558999,166.48421906850422,297.4512881665226
914_d,10m,914,914_d,0,0,0,0,0,0,0,0.7613572091723271,0,0,0,0,0,0,0,0,0,0.2515311260144265,0,0,0,0,0,0,0.8279327187661389,0.048873528728943155,1.6433067950427533,0,0,0,0,0,0,0,0,0,0,0,0,0,0,0,0,0,0,0.41244854570915346,0,0,0,0,6,1.4758819767787468,0.7301034482613661,0.8237054147756797,675.959067,189.17392843348392,468.5162338069635
1013_a,10m,1013,1013_a,0.5397331436096342,0,0,0,0,0.7385362613989214,0,0,0,0,0,0,0,0,0,0,0,0,0.5288637887914767,0,0,0,0,0,0,0,0,0,0,0,0,0,0,0,0,0,0,0,0,0,0,0,0,0,0,0,0,0,0,0,3,1.0862162357348693,0.6581332648897574,0.9887166263648218,366.047078,160.35006461147145,222.16959196486764
1013_b,10m,1013,1013_b,1.1114533355884302,0,0,0,0,0,0,0,0,0,0,0,0,0,0,0,0,0,0.25356758973050425,0,0,0,0,0,0,0,0,0,0,0,0,0,0,0,0,0,0,0,0,0,0,0,0,0,0,0.05612234630495493,0,0,0,0,3,0.6273843017553633,0.3549496598039005,0.5710698016276202,351.726533,85.43274301506646,172.58034457303876
1013_c,10m,1013,1013_c,0.5067042308464095,0,0,0,0,0,0,0.054122588457682905,0,0,0,0,0,0,0,1.0327581553904328,0,0,0.05884802825508873,0,0,0,0,0,0,0,0,0,0,0,0,0,0,0,0,0,0,0,0,0,0,0,0,0,0,0.9641696363255103,0,0,0,0,5,1.2182842896491115,0.6700039545133658,0.7569625893841339,581.453145,155.01954362116297,308.34337391254235
1013_d,10m,1013,1013_d,0.7597037719849492,0,0,0,0,0,0,0,0,0,0,0,0,0,0,0.3660994767324543,0,0,0.15872059322648474,0,0,0,0,0,0,0,0,0,0,0,0,0,0,0,0,0,0,0,0,0,0,0,0,0,0,0,0,0,0,0,3,0.9267513328242454,0.5537150272208753,0.8435654164653318,366.04707800000006,133.5508425718283,158.29098211064095
1112_a,10m,1112,1112_a,0,0,0.1592044914154897,0.16757531745178117,0,0,0,0,0,0,0,0,0,0,0,0.1456214289065636,0,0,0.05739719687463439,0,0,0,0,0,0,0,0,0,0,0,0,0,0,0,0,0,0,0,0,0,0,0,0,0,0,0,0,0,0,0,4,1.3211363752726157,0.7223677347817005,0.9529984484719116,411.184209,145.38493909337134,117.7165931544442
1112_b,10m,1112,1112_b,0,0,0.25637987762433623,0.18381082419084663,0,0,0,0,0,0,0,0,0,0,0,0.7702847158039087,0,0,0.0074402737905464285,0,0,0,0,0,0,0,1.058152053593678,0,0,0,0,0,0,0,0.07976978962257027,0,0,0,0,0,0,0,0,0,0,0.927387903221736,0,0,0,0,7,1.5267910564155218,0.7514735325510324,0.7846153930368972,762.4942,189.49203953945414,455.8077679825382
1112_c,10m,1112,1112_c,0,0,0.7436201223956108,0.07076962375839092,0,0,0,0,0,0,0,0,0,0,0,0.12653372475494407,0,0,0,0,0,0,0,0,0,0.3668760296355877,1.2373203914210844,0,0,0,0,0,0,0,0,0,0,0,0,0,0,0,0,0,0,0.5820780302538038,0,0,0,0,6,1.4882641319324212,0.736346467417856,0.8306160271465517,605.0696029999999,177.6965220128756,378.57374450948544
1112_d,10m,1112,1112_d,0,0,0.38612258361765184,0.7787280539917986,0,0,0,0,0,0,0,0,0,0,0,0.003265374584766927,0,0,0.15295373291500508,0,0,0,0,0,0,0.14013929171999187,0,0,0,0,0,0,0,0,0,0,0,0,0,0,0,0,0,0,0,0.017764706263178116,0,0,0,0,6,1.2129059727520097,0.6347803162619414,0.6769357124003742,663.532405,117.27580446905749,183.56464023954914
1211_a,10m,1211,1211_a,0,0,0,0.6680417649303119,0,0,0,0,0,0,0,0,0,0,0,0,0,0,3.232279159246134,0.4925985170717133,0,0,0,0,0,0,0,0,0,0,0,0,0,0,0,0,0,0,0.07810995809565957,0,0,0,0,0,0,0,0,0,0,0,4,0.8323050804536221,0.4425910496017761,0.6003812060385652,374.10152700000003,72.61782367140286,239.31488796375496
1211_b,10m,1211,1211_b,0,0,0.07256389091450668,0.3319582350940811,0,0,9.950815953636754e-5,0,0,0,0,0,0,0,0,0,0,0,0.3473713886537662,0,0,0,0,0,0,0,0,0,0,0,0,0,0,0,0,0,0,0,0.8043202064246014,0,0,0,0,0,0,0.0389047480674655,0,0,0,0,6,1.235615190516929,0.6523888222686123,0.689609968155642,613.32183,155.09390435399706,243.32923257613095
1211_c,10m,1211,1211_c,0,0,0,0,0,0,0,0,0,0,0,0,0,0,0,0.06531168345828713,0,0,0.010857711498775648,0,0,0,0,0,0,0,1.3294697124077364,0,0,0,0,0,0,0,0,0.09235224528298835,0,0,0.23275486312977967,0,0,0,0,0,0,0.961095251938128,0,0,0,0,6,1.1559660829188285,0.6193379689760041,0.6451569548098184,629.296884,162.80666318467843,436.46394711610986
1211_d,10m,1211,1211_d,0,0,0,0,0,0,0,0.2728536606265985,0,0,0,0,0,0,0,0,0,0,0.2547005540597197,0,0,0,0,0,0,0,0.13782946706007726,0,0,0,0,0,0,0,0,0.07706987265501859,0,0,0,0,0,0,0,0,0,0,0,0,0,0,4,1.2826519985775198,0.7020190298364873,0.9252378387670528,493.43817299999995,177.14648268193676,122.53086940442739
24_a,10m,24,24_a,0,0,0,0,0,0,0.7948988426200404,0,0.256395080377875,0,0,0,0,0,0,0,0,0,0.7068967115849699,0,0,0,0,0,0,0,0,0,0,0,0,0,0,0,0,0.25986256788056544,0,0.06580828597683881,0,0,0,0.26347437654565187,0,0,0,0,0,0,0,0,6,1.559317313281374,0.7570622354152693,0.8702715627076751,450.839617,162.3568157266904,314.76633388096343
24_b,10m,24,24_b,0,0,0,0,0,0,1.1827989439304207,0,1.1092742067317374,0,0,0,0,0,0,0,0,0,0.5207015103229898,0,0,0,0,0,0,0,0,0,0,0,0,0,0,0,0,0,0,0,0,0,0,0.1352039149054139,0,0,0,0,0,0,0,0,4,1.1817740236373386,0.6641290285747188,0.8524697616764926,435.997066,140.68321025500973,318.5217178051634
24_c,10m,24,24_c,0,0,0,0,0,0,0,0,0,0,0,0,0,0,0,0,0,0,0,0,0,0,0,0,0,0,0,0,0,0,0,0,0,0,0,0,0,0,0,0,0,0.7471791417430749,0,0,0,0,0,0,0,0,1,-0,0,0,1,0,0.7471791417430749
24_d,10m,24,24_d,0,0,0,0,0,0,0,0,0,0,0,0,0,0,0,0,0,0,0.31460473992294213,0,0,0,0,0,0,0,0,0,0,0,0,0,0,0,0,0.39208885255357373,0,0.3028312626265058,0,0,0,1.4028684977200485,0,0,0,0,0,0,0,0,4,1.13670486856191,0.602646222933231,0.8199592384143044,262.31102500000003,64.26947219208535,178.24744471014498
1310_a,10m,1310,1310_a,0,0,0,0,0,0,0.1536558008436075,0,0,0,0,0,0,0,0,0,0,0.5693046068556818,0.28209122027440114,0,0,0,0,0,0.3929680210450072,0.8065764613381309,0,0,0,0,0,0,0,0,0,0,0,0,0.004687289900160479,0,0,0,0,0,0,0,0,0,0,0,6,1.4856838420266663,0.7475268180702953,0.8291759399305669,656.0746720000001,193.91779393960385,326.4422426204154
1310_b,10m,1310,1310_b,0,0,0,0,0,0,0.041169755563826606,0,0,0,0.0791417004494257,0,0,0,0,0,0,0.37148873668696963,0,0,0,0,0,0,4.6625007275755067e-5,0,0,0,0,0,0,0,0,0,0,0,0,0,0.026082936436120953,0,0,0,0,0,0,0,0,0,0,0,5,0.8780365038267758,0.4533387204551672,0.5455547536461601,473.57018300000004,80.07347804056742,116.31090870179331
1310_c,10m,1310,1310_c,0,0,0,0,0,0,0.22771255447449057,0,0.5053049507185136,0,0.9208582995661783,0,0,0,0,0,0,0.04427358675502341,0.1910161491972881,0.052307510419164,0,0,0.1600427838224381,0,0,0,0,0,0,0,0,0,0,0,0,0,0,0,0.028423420831337445,0,0,0,0,0,0,0,0,0,0,0,8,1.5827821836173377,0.7304677569670086,0.761157335704046,1011.667215,173.05535751203038,576.3603814422605
1310_d,10m,1310,1310_d,0,0,0,0.4890642601857101,0,0,0.5774618891729131,0,0.32063628540339645,0,0,0,0,0,0,0,0,0.07366055122582732,1.1027553340200191,0,0,0,0,0,0.73829738903883,1.1934235386577632,0,0,0,0,0,0,0,0,0,0,0,0,0.04529520329490997,0,0,0,0,0,0,0,0,0,0,0,8,1.7925408801864127,0.8123711631675077,0.8620299461452251,865.302306,207.91152846338588,636.1221072897372
123_a,10m,123,123_a,0,0,0.5841797419383417,0,0,0,0,0,0,0,0,0,0,0,0,0,0,0,0,0,0,0,0,0,0,0,0,0,0,0,0,0,0,0,0,0.45023905840111955,0,0,0,0,0,0.4063711239154589,0,0,0,0,0,0,0,0,3,1.0864878932798785,0.6584002100316975,0.9889638997184984,248.93390700000003,118.49100109658507,186.1611635616063
123_b,10m,123,123_b,0,0,2.2532551177488322,0,0,0,0,0,0,0,0,0,0,0,0,0,0,0,0.06691363212495044,0,0,0,0,0,0,0,0,0,0,0,0,0,0,0,0,0,0,0,0,0,0,0.3707928170507062,0,0,0,0,0,0,0,0,3,0.5136137704963989,0.27925344883679226,0.46751140124153606,366.047078,66.7270181733546,324.5910811534917
123_c,10m,123,123_c,0,0,0.2056870156697171,0,0,0,0,0,0,0,0,0,0,0,0,0,0,0,1.8126188322440675,0,0,0,0,0,0,0,0,0,0,0,0,0,0,0,0,0.3385480122436929,0,0,0,0,0,1.2050758153673171,0,0,0,0,0,0,0,0,4,1.0987822507411853,0.6142047510156561,0.7926038520805608,377.823777,137.07973872877938,378.80941854559467
123_d,10m,123,123_d,0,0,0.36228201172929025,0,0,0,0,0,0,0,0,0,0,0,0,0,0,0,0.15997205491222238,0,0,0,0,0,0,0,0,0,0,0,0,0,0,0,0,0.15863075490290449,0,0,0,0,0,1.2759359534816312,0,0,0,0,0,0,0,0,4,0.9994929531579934,0.52730586465492435,0.7209817634622511,377.823777,104.02095502317488,191.60491368112227
1409_a,10m,1409,1409_a,0,0,1.1923422351628004,0.16422182097096094,0,0,0.8058019975692609,0,0,0,4.690877785750354e-4,0,0,0,0,0,0,0,0,0,0,0,0,0,0.3839079067510064,0,0.010578081751040016,0,0,0,0,0,0,0,0,0,0,0,0,0,0,0,0,0,0,0,0,0,0,0,6,1.2049233509856316,0.6566513197236725,0.6724805263648193,648.5942289999999,149.15650328819316,301.4537033694824
1409_b,10m,1409,1409_b,0,0,0,0.20039390584338884,0,0,0.07667669817005059,0,0,0,0,0,0,0,0.6871545239450499,0,0.745744660090601,0,0,0,0,0,0.27491341509292094,0,0.6088401164303427,0,0,0,0,0,0,0,0,0,0,0.25969992901359734,0,0,0,0,0,0.08613808860287002,0,0.0219262802945604,0,0,0,0,0,0,9,1.8615968527787219,0.8180288118375566,0.8472492397821291,1219.5592700000002,263.58125720267645,680.5452289234092
1409_c,10m,1409,1409_c,0,0,0,0.7097993871435998,0,0,0,0,0,0,0,0,0,0,0.07319861583995584,0,0,0.41430674080341745,0,0,0,0,0,0,1.8346000481875333,0,0,0,0,0,0,0,0,0,0,0.7403000709825182,0,0,0,0,0,0,0,0,0,0,0,0,0,0,5,1.3035553198288756,0.6771063438426965,0.8099444593407084,501.4997570000002,157.15756201997064,444.5211978967967
1409_d,10m,1409,1409_d,0,0,0,0.0831703664294817,0,0,0.18736704935940623,0,0,0,0,0,0,0,0,0,0,0.16469692615833936,0,0,0,0,0,0,0.7172353747562841,0,1.0169740301172512,0,0,0,0,0,0,0,0,0,0,0,0,0,0,0,0,0,0,0,0,0,0,0,5,1.253361495610808,0.6562591494780996,0.7787572828548786,610.68763,173.3748820709689,308.3671432361949
222_a,10m,222,222_a,0,0,0.7616238966897122,0,0,0,0,0,0,0,0,0,0,0,0,0,0,0,0.9999999999831544,0,0,0,0,0,0,0,0,0,0,0,0,0,0,0,0,0.11675924369309863,0,0,0.051647869271297726,0,0,0,0.11204069719049072,0,0,0,0,0,0,0,5,1.1333637024756793,0.614172094813979,0.7041984619099656,381.835439,148.21307149037747,335.76417242259345
222_b,10m,222,222_b,0,0,0,0,0,0,0.18874833125750315,0,0,0,0,0,0,0,0,0,0,0,0.27315277145428585,0,0,0,0,0,0,0,0,0,0,0,0,0,0,0,0,0.6679549420729056,0,0,0.09389257600980866,0,0,4.1627692342611274e-4,0,0,0,0,0,0,0,0,5,1.1531770433726778,0.6228307616427384,0.7165091827796094,361.136397,124.06545386062366,175.05670585816134
222_c,10m,222,222_c,0,0,0,0,0,0,0.1071249753347736,0,0.0528673449933476,0,0,0,0,0,0,0,0,0,0.4503931253924495,0,0,0,0,0,0,0,0,0,0,0,0,0,0,0,0,0.3951376366365558,0,0,0,0,0,0.7969457152309393,0,0,0,0,0,0,0,0,5,1.3113579851915484,0.6896233052351779,0.8147925279132152,447.773765,120.95168696897989,203.45907607640316
222_d,10m,222,222_d,0,0,0,0,0,0,0.00799500270619481,0,0.9471326549956919,0,0,0,0,0,0,0,0,0,0,0,0,0,0,0,0,0,0,0,0,0,0,0,0,0,0,0.33661619026106687,0,0,0,0,0,0.21884870092165212,0,0,0,0,0,0,0,0,4,0.9348644415769112,0.5362048697266554,0.6743621468832199,298.184854,93.75211853712796,186.4563355173797
1508_a,10m,1508,1508_a,0,0,0.6679220785739735,0.5999050453198723,0,0,0,0,0,0,0,0.46026478141678656,0,0,0,0,0,0,0,0,0,0,0,0,0,0,0,0,0,0,0,0,0,0,0,0.6490616888909866,0,0,0,0,0,0,0,0,0,0.6861014859572926,0.6096207744518677,0,0,0,6,1.7839692047750262,0.8308746800108231,0.9956521706251202,595.5799680000001,181.30507559436694,399.2367265730078
1508_b,10m,1508,1508_b,0,0,0,0.3975677881654513,0,0,0,0,0,0,0.48271919402544994,0,0,0,0,0,0,0,0,0,0,0,0,0,0,0,0,0,0,0,0,0,0,0,0,0.8514162896412012,0,0,0,0,0,0.29609119289551605,0,0,0,0,0,0,0,0,4,1.3064223964637758,0.707278166140855,0.9423845563422824,346.81347,130.39119121181002,214.70713230103289
1508_c,10m,1508,1508_c,0,0,0.08169742071131485,0,0,0,0,0,0,0,0.5172808059702434,0,0,0,0,0,0,0,0,0,0,0,0,0,0,0,0,0,0,0,0,0,0,0,0,0.970730698189285,0,0,0,0,0,0.057057364688115696,0,0,0,0.06989004618715362,0,0,0,0,5,1.073144115155595,0.574552221641464,0.6667819285632341,451.071529,112.63419134718715,199.66183495651651
1508_d,10m,1508,1508_d,0,0,1.0514341705945507,0.19109137304923846,0,0,0,0,0,0,0,0.22477389460575717,0,0,0,0,0,0,0,0,0,0,0,0,0,0,0,0,0,0,0,0,0,0,0,1.0769010963091483,0,0,0,0,0,0,0,0,0,0.08459665035657285,0.39037922556464433,0,0,0,6,1.4677966476388007,0.7244427762970018,0.8191929066635114,595.5799680000001,160.8156244027563,329.8416871384728
321_a,10m,321,321_a,0,0,0.9437415165436736,0,0,0,0,0,0.5226986545862679,0,0,0,0,0,0,0,0,0,0.39976779633932147,0,0,0,0,0,0,0,0,0,0,0,0,0,0,0,0,1.296106322605621,0,0,0,0,0,0,0.2501454682107991,0,0,0,0,0,0,0,5,1.4532961155605795,0.7366962856192731,0.9029836468575707,475.70334,159.2049318115834,342.70131063605686
321_b,10m,321,321_b,0,0,0.01129188355843168,0,0,0,0.010473490329851788,0,0.6134180468901164,0,0,0,0,0,0,0,0,0,0.032601063955099485,0,0,0,0,0,0,0,0,0,0,0,0,0,0,0,0,2.2808905544894844,0,0,0,0,0,0,0.07637713527047071,0,0,0,0,0,0,0,6,0.7186603387291144,0.3895844015254506,0.4010919719256376,566.352369,71.09489248994981,208.8769092712157
321_c,10m,321,321_c,0,0,0,0,0,0,0.3494411852223731,0,0,0,0,0,0,0,0,0,0,0,1.1691656578318665,0,0,0,0,0,0,0,0,0,0,0,0,0,0,0,0,0.15337971652838406,0,0,0.4872696682974438,0,0,0,0.33708321122068324,0,0,0,0,0,0,0,5,1.3911675728615833,0.7009425249645829,0.8643810128454059,361.136397,146.52878347163698,305.1313420616844
321_d,10m,321,321_d,0,0,0,0,0,0,0,0,0.4073886889081563,0,0,0,0,0,0,0,0,0,1.157772626902721,0,0,0,0,0,0,0,0,0,0,0,0,0,0,0,0,0.24468500659664055,0,0,0,0,0,0,0,0,0,0,0,0,0,0,3,0.8919867027733259,0.5218278581424572,0.8119212864938148,345.348037,125.98868837623813,232.93547496909844
1607_a,10m,1607,1607_a,0,0,0.0671363393033096,0.2258028973847516,0,0,0.5381960837210893,0,0,0,0.07667027283166034,0,0,0,0,0,0.3853720357005828,0,0.01142293465697147,0,0,0,0,0,0,0,0,0,0,0,0,0,0,0,0,0,0,0,0,0,0,0,0,0,0,0,0,0,0,0,6,1.389800619660665,0.706419047902676,0.7756624946201254,614.173967,166.50732180824951,231.45589919787486
1607_b,10m,1607,1607_b,0,0,0.3434445661829794,0,0,0,1.0299021827687045,0,0,0,0.04275062718410436,0,0,0,0,0,0,0,0,0,0,0.6435645422024956,1.0235815523635403,0,0,0,0,0,0,0,0,0,0,0,0,0,0,0,0,0,0,0,0,0,0,0,0,0,0,0,5,1.3631521717121506,0.7220422554436494,0.8469740654055619,885.870198,345.0220210097926,783.5240678586595
1607_c,10m,1607,1607_c,0,0,0.5261863803189479,1.1748258555257145,0,0,0.31772153753843424,0,0,0,0.13271347583610899,0,0,0,0,0,0,0,0,0,0,0,0.9764184476551341,0,0,0,0,0,0,0,0,0,0,0,0,0,0,0,0,0,0,0,0,0,0,0,0,0,0,0,5,1.397457176301013,0.7210580567219572,0.8682889631868499,904.4648199999999,329.29425411391213,742.8376235946591
1607_d,10m,1607,1607_d,0,0,0.10840629752990684,0.7472891670597751,0,0,0.6822784624799155,0,0,0,2.076775804631547,0,0,0,0,0,0.368304638757081,0,0.999999999975548,0,0,0,0,0,0,0,0,0,0,0,0,0,0,0,0,0,0,0,0,0,0,0,0,0,0,0.10329463557160722,0,0,0,0,7,1.5880321567645685,0.7489456820291912,0.8160870929911719,718.432026,174.0836431208007,571.1350574491402
420_a,10m,420,420_a,0,0,0,0,0,0,0,0,0,0,0,0,0,0,0,0,0,0,0.5292334072992834,0,0,0,0,0,0,0,0,0,0,0,0,0,0,0,0,0.706034436211576,0,0,0,0,0,0.19423858226691465,0,0,0,0,0,0,0,0,3,0.9874920566279322,0.6005354554780897,0.898854005925154,259.245173,118.55957832550087,188.0440742035297
420_b,10m,420,420_b,0,0,0,0,0,0,0,0,0.1419071273268864,0,0,0,0,0,0,0,0,0,0.06093623103380295,0,0,0,0,0,0,0,0,0,0,0,0,0,0,0,0,0.4629094627606391,0,0,0,0,0,0.7950319297645505,0,0,0,0,0,0,0,0,4,1.0542842760048448,0.5921950309393099,0.7605053483397004,357.124736,60.661796153009,148.20164080137434
420_c,10m,420,420_c,0,0,0,0,0,0,0,0,0.3317472193138503,0,0,0,0,0,0,0,0,0,0.8682834200231643,0,0,0,0,0,0,0,0,0,0,0,0,0,0,0,0,0.09390049669012636,0,0,0,0,0,0,0,0,0,0,0,0,0,0,3,0.8070196218720825,0.47870057632571883,0.7345809164855271,345.348037,116.53909358960172,174.95327291073409
420_d,10m,420,420_d,0,0,0,0,0,0,0,0,0.20472809117931437,0,0,0,0,0,0,0,0,0,1.2951197572739102,0,0,0,0,0,0,0,0,0,0,0,0,0,0,0,0,0.3187490570314671,0,0,0,0,0,0,0.009147746379337388,0,0,0,0,0,0,0,4,0.8203863378168916,0.45491651615371886,0.5917836505907438,357.124736,110.10843689608656,296.10843104519915
1706_a,10m,1706,1706_a,0,0,0,0.24652617473952473,0,0,0,0.3781371400553483,0,0,0,0,0,0,0.0907776501316991,0,0,0,0,0,0,0,0,0,0,0,0,0,0,0,0,0,0,0,0,0,0,0,0.23047778689934778,0,0,0,0,0,0,0,0,0,0,0,4,1.2859555138496976,0.7036939889326808,0.9276208213173888,341.6122340000001,139.6980891267559,166.87826694415304
1706_b,10m,1706,1706_b,0,0,0,0,0,0,0,0,0,0,0,0,0,0,0.8830832415511645,0,0.031728284493044566,0,0.14705053560094453,0,0,0,0,0,0,0,0,0,0,0,0,0,0,0,0,0,0,0,0,0,0,0,0,0,0,0,0,0,0,0,3,0.5319983114196931,0.28831021519271227,0.4842457315534448,359.80920200000014,71.15910922725176,140.74528119685547
1706_c,10m,1706,1706_c,0,0,0,0,0,0,0,0,0,0,0,0,0,0,0.13710818342298126,0,0,0,0.6879117499009676,0,0,0,0,0,0,0,0,0,0,0,0,0,0,0,0,0,0,0,0.5870084938208223,0,0,0,0,0,0,0,0,0,0,0,3,0.9416759309930793,0.5804042461437472,0.8571503711602476,345.34803600000015,139.45710417872996,181.84913328985843
1706_d,10m,1706,1706_d,0,0,0,0,0,0,0,0.6218628599541652,0,0,0,0,0,0,0.88887611781434706,0,0,0,0,0,0,0,0,0,0,0,0,0,0,0,0,0,0,0,0,0,0,0,0.06944096203582013,0,0,0,0.10599331649814137,0,0,0,0,0,0,0,4,1.010680678901848,0.5804448910164366,0.7290520016869936,214.11128800000014,41.73196688062305,189.40680856541428
519_a,10m,519,519_a,0,0,0,0.5964472066046418,0,0,0.39901971491684124,0,0,0,0,0,0,0,0,0,0,0,0.06661869115307162,0,0,0,0,0,0,0,0,0,0,0,0,0,0,0,0,0,0,0,0,0,0,0,0,0,0,0,0,0,0,0,3,0.8655129672947914,0.5395459653772756,0.7878238539859101,366.047077,129.16961408930436,131.43972340293925
519_b,10m,519,519_b,0,0,0,0,0,0,0.24879052567423307,0,0,0,0,0,0,0,0,0,0,0,0.38262557387875484,0,0,0,0,0,0,0,0,0,0,0,0,0,0,0,0,0,0,0,0,0,0,0,0,0,0,0,0,0,0,0,2,0.6705123276332842,0.47753644840270126,0.967344809931455,247.468473,118.17521568805974,78.12778905891447
519_c,10m,519,519_c,0,0,0.9556919770020131,0,0,0,0.0016593967113534423,0,0,0,0,0,0,0,0,0,0,0,0.018480452097039662,0,0,0,0,0,0,0,0,0,0,0,0,0,0,0,0,0,0,0,0,0,0,0,0,0,0,0,0,0,0,0,3,0.10638760076790868,0.04048979539159858,0.09683816744566592,366.047077,9.98560313772684,120.96368707039616
519_d,10m,519,519_d,0,0,1.3844364164595993,0.14382482498535523,0,0,0.5112585728774437,0,0,0,0,0,0,0,0,0,0,0,0.11384285731871537,0,0,0,0,0,0,0,0,0,0,0,0,0,0,0,0,0,0,0,0,0,0,0,0,0,0,0,0,0,0,0,4,0.9615719142461927,0.5230301432790725,0.693627516070545,411.184208,112.45837858811616,222.2890202891356
1805_a,10m,1805,1805_a,0,0,0.13453484307788652,0,0,0,0,0,0,0,0.8608014544542089,0,0,0,0.2382684562841153,0,0,0,0,0,0,0,0,0,0,0,0,0,0,0,0,0,0,0,0,0.38270191823032035,0.04881655425219433,0,0,0,0,0,0.22121137273390534,0,0,0,0,0,0,0,6,1.4772112154716617,0.7151334028237555,0.8244472770154186,365.1656310000002,113.37859732064639,228.9728551414233
1805_b,10m,1805,1805_b,0,0,1.3061678842500757,0,0,0,0.14265188324796516,0,0,0,0,0,0,0,0.08950746584730623,0,0,0,0.20796735942300834,0,0,0,0,0,0,0,0,0,0,0,0,0,0,0,0,0.047676874287628596,0,0,0,0,0,2.9156245886717596e-5,0.690758757493654,0,0,0,0,0,0,0,7,1.2613090955884687,0.6344191465662317,0.6481846534388035,571.0436940000002,147.22814174168616,331.73689790983497
1805_c,10m,1805,1805_c,0,0,0.2857304432369873,0.17515256520797276,0,0,0.25492174617131313,0,0,0,0,0,0,0,0,0,0,0,0.31823045080986684,0,0,0,0,0,0,0,0,0,0,0,0,0,0,0,0,0.5723094660800614,0,0,0,0,0,0,0.612182704882491,0,0,0,0,0,0,0,6,1.6963899804422804,0.800709270156359,0.9467732748598993,520.84047,153.95089449057204,284.478986373785
1805_d,10m,1805,1805_d,0,0,0.058084880286993344,0,0,0,0,0,0,0,0,0,0,0,0,0,0,0,0,0,0,0,0,0,0,0,0,0,0,0,0,0,0,0,0,0.3925428796081597,0.5186236686230724,0,0,0,0,0,0.12562924410898757,0,0,0,0,0,0,0,4,1.1259139281657895,0.6311057909343185,0.8121752203162986,260.7106050000001,36.326267583345675,125.89956047017245
618_a,10m,618,618_a,0,0,0,0,0,0,0.09402239661367266,0,0,0,0,0,0,0,0,0,0,0,0.6924451562990943,0,0,0,0,0,0,0,0,0,0,0,0,0,0,0,0,0,0,0,0.008066825893520424,0,0,0,0.21724510430881935,0,0,0,0,0,0,0,4,0.8491837273108954,0.47681722560639683,0.6125565760975173,357.124735,115.09044292466898,209.49301286085273
618_b,10m,618,618_b,0,0,0,0,0,0,0.9846312957577004,0,0,0,0.4497537385900592,0,0,0,0,0,0,0,0.18163114976044534,0,0,0,0,0,0,0,0,0,0,0,0,0,0,0,0,0,0,0,0.1679540791391637,0,0,0,0,0,0,0,0,0,0,0,4,1.130471212365664,0.6125824574924801,0.8154626059738388,435.997066,125.35151539783752,202.02408162675997
618_c,10m,618,618_c,0,0,1.0000000000121332,0.9129846657200931,0,0,1.3192384688794643,0,0.5615472966168898,0,0.1471332130150285,0,0,0,0,0,0,0,0.020721221091665656,0,0,0,0,0,0,0,0,0,0,0,0,0,0,0,0,0,0,0,0,0,0,0,0,0,0,0,0,0,0,0,6,1.4786215039457418,0.7507820485069515,0.8252343739993054,502.85171199999996,151.94102256747485,405.37725883636926
618_d,10m,618,618_d,0,0,0,0.5358001687936056,0,0,0.056869193048202954,0,0,0,0,0,0,0,0,0,0,0,0.6137942506178709,0,0,0,0,0,0,0,0,0,0,0,0,0,0,0,0,0.08967617668371212,0,0,0.7385806664204053,0,0,0,0.015344015382347713,0,0,0,0,0,0,0,6,1.352548719190841,0.7095154838461656,0.7548718131086872,479.715001,163.13351301984994,268.27409437488075
1903_a,10m,1903,1903_a,0,0,0.20063284858923114,0,0,0,1,0,0,0,0.11479968446839936,0,0,0,0,0,0.5727278793436985,0,0,0,0,0,0,0,0,0,0,0,0,0,0,0,0,0,0,0.04396675287163893,0,0,0.5070080255895044,0,0,0,0,0,0,0,0,0,0,0,6,1.4540195688529143,0.7242670980043224,0.8115037725902744,558.587332,163.04963691750953,324.8757518845524
1903_b,10m,1903,1903_b,0,0,0,0,0,0,0.6156366394789962,0,0,0,0.3651387685909615,0,0,0,0,0,0.3349010324493933,0,0,0,0,0,0,0,0,0,0,0,0,0,0,0,0,0,0,0.6846972390353082,0,0,0.14099102172513026,0,0,0,0,0,0,0,0,0,0,0,5,1.4938860121324182,0.7572355989275239,0.9282035675878156,440.00872799999996,152.55790093738034,260.6105527139358
1903_c,10m,1903,1903_c,0,0,0,0,0,0,0,0,0,0,0.39360681189417895,0,0,0,0,0,0.02597785997580703,0,0,0,0,0,0,0,0,0,0,0,0,0,0,0,0,0,0,0,0,0,1.050496145562057,0,0,0,0,0,0,0,0,0,0,0,3,0.6642696657927848,0.4173701305645363,0.6046443068628922,345.348037,83.499233991598,170.41719108582328
1903_d,10m,1903,1903_d,0,0,0,0,0,0,0,0,0,0,0.12645473508388175,0,0,0,0,0,0.06639322816127445,0.01412931133515607,0,0,0,0,0,0,0,0,0,0,0,0,0,0,0,0,0,0,0,0,0.28711440776477676,0,0,0,0,0,0,0,0,0,0,0,4,1.035589609402833,0.5779518277042679,0.7470199969408029,385.579444,121.33695477843187,116.2147375942108
717_a,10m,717,717_a,0,0,0.43206159319428716,0,0,0,0,0.4942800396205123,0,0,0,0,0,0,0,0,0,0,0,0,0,0,0,0,0,0,0.43358942666621914,0,0,0,0,0,0,0,0,0,0,0,0,0,0,0,0.11343673555509129,0,0,0,0,0,0,0,4,1.2835285594199402,0.7089303588586999,0.9258701437572514,488.2825399999999,180.38885251220162,207.6790237496443
717_b,10m,717,717_b,0,0,0.05036956771898285,0,0,0,0.012487292169008662,0,0,0,0,0,0,0,0,0,0,0,0.9182743746856498,0,0,0,0,0,0,0,0.49516043686854666,0,0,0,0,0,0,0,0,0,0,0,0.09375210936968437,0,0,0,0.11465211477107108,0,0,0.8733365251729874,0,0,0,0,7,1.416207136339701,0.7133418810012508,0.7277864998171839,728.051534,182.19005634486595,419.35671834139345
717_c,10m,717,717_c,0,0,0,0,0,0,0,0,0,0,0,0,0,0,0,0,0,0,0,0,0,0,0,0,0,0,0.039972737663542174,0,0,0,0,0,0,0,0,0,0,0,0,0,0,0,0.33416431531492086,0,0,0.011511870884995182,0,0,0,0,3,0.46393447383967656,0.23754538881874032,0.4222913566733559,390.4029769999999,62.77725573170136,63.75616475188666
717_d,10m,717,717_d,0,0,0.15816637979302894,0,0,0,0,0,0,0,0,0,0,0,0,0,0,0,0,0,0,0,0,0,0,0,0.4893261090500426,0,0,0,0,0,0,0,0,0,0,0,0,0,0,0,0.32842234767881273,0,0,0,0,0,0,0,3,1.0075681428535788,0.6090780506425482,0.9171280471248803,390.40297699999996,161.78069606934127,141.53797617361306
816_a,10m,816,816_a,0,0,0,0.026462113339752326,0,0,0,0,0,0,0,0,0,0,0,0,0,0.13547120045639308,0.7920647317147294,0,0,0,0,0,0,0,0.04470040573096709,0,0,0,0,0,0,0,0,0,0,0,0,0,0,0,0,0,0,0,0,0,0,0,4,0.6900739863095243,0.34989145025733437,0.4977831589476146,514.137213,88.59567011858627,140.61626424688407
816_b,10m,816,816_b,0,0,0,0,0,0,0,0,0,0.485929163452985,0,0,0,0,0,0,0,0,0.7094367971484141,0,0,0,0,0,0,0,0,0,0,0,0,0,0,0,0,0,0,0,0,0,0,0,0,0,0,0.5800849577286938,0,0,0,0,3,1.0866750081478018,0.6586772992424679,0.9891342190111673,366.047078,161.1577459545353,219.3437201288931
816_c,10m,816,816_c,0,0,0,0,0,0,0,0.07593563920885045,0,0,0,0,0,0,0,0,0,0,0.8500439982846297,0,0,0,0,0,0,0,0.049911882153907156,0,0,0,0,0,0,0,0,0,0,0,0,0,0,0,0,0,0,0.26514987473999224,0,0,0,0,4,0.889129796736073,0.4798434432030778,0.6413715742288723,514.137214,120.35682173326346,169.74220564376617
816_d,10m,816,816_d,0,0,0,0.4970146049620689,0,0,0,0,0,0,0,0,0,0,0,0,0,0.02570184795461917,0.30375133504889085,0,0,0,0,0,0,0,0.9053877121074944,0,0,0,0,0,0,0,0,0,0,0,0,0,0,0,0,0,0,0,0,0,0,0,4,1.0651152373575659,0.6133541794671411,0.7683182354555157,514.137213,163.85065183992336,239.9542330590648
915_a,10m,915,915_a,0,0,0.1184897198628284,0,0,0,0,0.6321100600018035,0,0,0,0,0,0,0,0,0,0.11837334814153569,0,0,0,0,0,0,0.20315614148641356,1.2219922686506453,0.7685133663703873,0,0,0,0,0,0,0,0,0,0,0,0,0,0,0,0,0,0,0,0,0,0,0,6,1.4707435059374174,0.7278423993333103,0.8208375795949101,675.959067,166.6667457169172,350.9712150635433
915_b,10m,915,915_b,0,0,0,0.641901798603064,0,0,0,0,0,0,0,0,0,0,0,0,0,0.21341984214287127,1.217904176648071,0,0,0,0,0,0,0.15453487813744352,8.387467066957697e-5,0,0,0,0,0,0,0,0,0,0,0,0,0,0,0,0,0,0,0,0,0,0,0,5,1.0988389874617768,0.6041422118211157,0.6827470503661132,579.408649,152.082431065922,350.1858119821157
915_c,10m,915,915_c,0,0,0,0,0,0,0,0,0,0,0.267254532007195,0,0,0,0,0,0,0,0.9647796544909247,0,0,0,0,0,0,0.1585725696848372,0.024193299632085292,0,0,0,0,0,0,0,0,0,0,0,0,0,0,0,0,0,0,0,0,0,0,0,4,0.8907451419136445,0.48644837080037173,0.6425367994673754,460.8300459999999,125.41219968022764,247.19290174217113
915_d,10m,915,915_d,0,0,0,0,0,0,0,0.1779266944929676,0,0,0.3451807212947129,0,0,0,0,0,0,0,0,0,0,0,0,0,0,0.46423736966575735,0.9220168670743288,0,0,0,0,0,0,0,0.9173888027059592,0,0,0,0,0,0,0,0,0,0,0,0,0,0,0,5,1.4581714822626326,0.7424395692757004,0.906012882508345,449.26229099999995,176.58046714633124,398.5159770555518
1014_a,10m,1014,1014_a,0.002824846605728356,0,0,0,0,0,0,0,0,0,0,0,0,0,0,0.3146780365184917,0,0,0,0,0,0,0,0,0,0,0,0,0,0,0,0,0,0,0,0,0,0,0,0,0,0,0,0,0,0,0,0.516333120483394,0,0,3,0.6838114860345718,0.47412721049171913,0.6224320382066569,316.32785,75.60612297283939,105.5346151760235
1014_b,10m,1014,1014_b,0.48718616182813446,0,0,0,0,0,0,0.14807608537129385,0,0,0,0,0,0,0,0.2864643312694713,0,0,0,0,0,0,0,0,0,0.5552402388396593,0,0,0,0,0,0,0,0,0,0,0,0,0,0,0,0,0,0,0,0.07290000713144493,0,0.24651423774372386,0,0,6,1.6178891693674151,0.7782096547338999,0.9029611380061251,684.979687,194.55768187968135,263.57411942204544
1014_c,10m,1014,1014_c,0,0,0,0,0,0,0,0.07342822587227943,0,0,0,0,0,0,0,0,0,0,0,0,0,0,0,0,0.15098258139406276,0.14967189630769398,0,0,0,0,0,0,0,0,0,0,0,0,0,0,0,0,0,0,0,0.971779176731403,0.02515600657745963,0.1870417489367701,0,0,6,1.210738202301521,0.5754726360667666,0.6757258566760326,627.582729,142.61312299185872,295.27199393754404
1014_d,10m,1014,1014_d,0,0,0,0,0,0,0,0,0,0,0,0,0,0,0,0,0,0,0,0,0,0,0,0,0,0,0,0,0,0,0,0,0,0,0,0,0,0,0,0,0,0,0,0,0,0,0,0.9214977675302417,0,0,1,-0,0,0,1,0,0.9214977675302417
1113_a,10m,1113,1113_a,0,0,0,0,0,0,0,0,0,0,0,0,0,0,0,0,0,0,0.43188070838590376,0,0,0.36406766536454016,0,0,0,0.1356556311017401,0,0,0,0,0,0,0,0,0,0,0,0,0,0,0,0,0,0,0,0.9999999999956426,0,0,0,0,4,1.1768109163327485,0.6415344533873181,0.8488896365286266,514.137215,159.92802545677603,250.95850594900162
1113_b,10m,1113,1113_b,0,0,0,0,0,0.0010850482030488702,0,0,0,0,0,0,0,0,0,0,0,0,0.21785922914255892,0,0,0.6333015535289498,0,0,0,0.3573290475194241,0.04346161534787711,0,0,0,0,0,0,0,0,0,0,0,0,0,0,0,0,0,0,0,0,0,0,0,5,1.129548468469494,0.6318021326263246,0.7018279237384029,551.479076,164.5772861481207,226.5272656406437
1113_c,10m,1113,1113_c,0.2435809886613742,0,0,0,0,0,0,0,0,0,0,0,0,0,0,0,0,0,0.141163602473681,0,0,0.0026230099783381812,0,0,0,0.09528983958850794,0,0,0,0,0,0,0,0,0,0,0,0,0,0,0,0,0,0,0,0,0,0,0,0,4,1.053325075901361,0.6207650450168344,0.7598134317234423,514.137215,161.28159689917388,76.94593059952052
1113_d,10m,1113,1113_d,0,0,0,0,0,0,0,0,0,0,0,0,0,0,0,0,0,0,0.2599658256330297,0,0,7.771117135989753e-6,0,0,0,0.611547829495061,0,0,0,0,0,0,0,0,0,0,0,0,0,0,0,0,0,0,0,0,0,0,0,0,3,0.6095175959321312,0.41863838726549174,0.5548068251367122,395.558611,113.79598798877811,127.46238759580427
1212_a,10m,1212,1212_a,0,0,0,0.003013273120285724,0,0,0,0.09430041861168273,0,0,0,0,0,0,0,0.7111171088125071,0,0,0,0,0,0,0,0,0,0.0062049025897456915,0,0,0,0,0,0,0,0,0,0.3797822056142449,0,0,0,0,0,0,0,0,0,0,0,0,0,0,5,0.9159411771482141,0.5381701608604821,0.5691062513638394,599.430549,118.88706396532287,164.67550578552493
1212_b,10m,1212,1212_b,0,0,0.12924670603528815,0,0,0,0,0,0,0,0,0,0,0,0,0.9593633501540241,0,0,0,0,0,0,0,0,0,0,0.5327008204991813,0,0,0,0,0,0,0,0,0.42839069511749744,0,0,0,0,0,0,0,0,0,0.17951919734641145,0,0,0,0,5,1.3898439897830466,0.710912515233395,0.863558624439919,605.809044,178.48158227420544,297.9226884958663
1212_c,10m,1212,1212_c,0,0,0.325426219114685,0,0,0,0,0,0,0,0,0,0,0,0,0.004834017589701273,0,0,0.5486646201277283,0,0,0,0,0,0.8668487763678623,0,0,0,0,0,0,0,0,0,0,0.013108277259761977,0,0,0.3081046257131257,0,0,0,0,0,0,0.8027160965003568,0,0,0,0,7,1.5560967441603661,0.7695453365696926,0.7996755373909782,707.869899,185.9877576974167,427.48223948608285
1212_d,10m,1212,1212_d,0,0,0,0,0,0,0,0,0,0,0,0,0,0,0,0.32048315793917637,0,0,0,0,0,0,0,0,0.0633531931211845,0.9832726879312534,0,0,0,0,0,0,0,0,0,0.009296704025531646,0,0,0.6784354578989912,0,0,0,0,0,0,0,0,0,0,0,5,1.1400688102344618,0.6367185959609902,0.7083645796004838,509.389136,166.2994807835774,311.6740334492568
1311_a,10m,1311,1311_a,0,0,0,0.06991213031274653,0,0,0,0,0.0596607160889102,0.1809777049730883,0,0,0,0,0,0,0,0,0.6543934252964834,0,0,0.6926484612779419,0,0,0,0,0,0,0,0,0,0,0,0,0,0,0,0,0.5289174605512768,0,0,0,0,0,0,0,0,0,0,0,6,1.4830977539326933,0.7429426458990105,0.827732616684123,491.151592,158.07016876184903,282.6318086765095
1311_b,10m,1311,1311_b,0,0,0,0,0,0,0,0,0.11439804777004083,0.4317920644021931,0,0,0,0,0,0,0,0,1.6529338648405485,0.0795781665020491,0,0.3073515386825998,0.8399572161342805,0,0,0,0,0,0,0,0,0,0,0,0,0,0,0,0,0,0,0,0,0,0,0,0,0,0,0,6,1.3745571737967925,0.6815308795720151,0.7671549654982396,809.113693,304.8639159045517,735.5605444757631
1311_c,10m,1311,1311_c,0,0,0,0,0,0,0,0.45464260178670163,0,0.2804707924470765,0,0,0,0,0,0,0,0,1.5804698826895298,0,0,0,0,0,0,0,0,0,0,0,0,0,0,0,0,0,0,0,2.108218821292944e-4,0,0,0,0,0,0,0,0,0,0,0,4,0.8368577513332822,0.48101816974631095,0.6036652638890078,346.29929500000003,107.35617803758197,319.0611316869342
1311_d,10m,1311,1311_d,0,0,0.9999999999928573,0,0,0,0,0,0,0.10675943816406071,0,0,0,0,0,0,0,0,0.31333041922122595,0,0,0,0,0,0,0.06367743268077504,0.19696492186391712,0,0,0,0,0,0,0,0,0,0,0,0.491805913374735,0,0,0,0,0,0,0,0,0,0,0,6,1.441871491340308,0.7045932942649487,0.8047238014383206,677.2882129999999,175.12039738901797,341.6214949525285
124_a,10m,124,124_a,0,0,0,0,0,0,1.7997166560242701,0,0,0,0,0,0,0,0,0,0,0,0.3125755967431832,0,0,0,0,0,0,0,0,0,0,0,0,0,0,0,0,0.14999872034805997,0,0,0,0,0,0.36309759111688344,0,0,0,0,0,0,0,0,4,0.949363029667438,0.4935162284694852,0.6848206674522673,357.124735,104.7357946181734,332.8318998017306
124_b,10m,124,124_b,0,0,0,0,0,0,0.13929177956357508,0,0,0,0,0,0,0,0,0,0,0,0,0,0,0,0,0,0,0,0,0,0,0,0,0,0,0,0,0.5160205505418766,0,0.13141781803867736,0,0,0,0.46896800094235713,0,0,0,0,0,0,0,0,4,1.2134235218268066,0.6683863614518524,0.8753000487187774,210.601676,48.211038896499105,115.95537457880258
124_c,10m,124,124_c,0,0,0,0,0,0,0,0,0,0,0,0,0,0,0,0,0,0,0,0,0,0,0,0,0,0,0,0,0,0,0,0,0,0,0,0.2143653460019496,0,0.4999426333338425,0,0,0,2.1124413432738427,0,0,0,0,0,0,0,0,3,0.7196623329524956,0.40450577809833965,0.6550648853791451,26.61925,9.060158947567286,35.77839540195432
124_d,10m,124,124_d,0,0,0,0,0,0,0,0,0,0,0,0,0,0,0,0,0.5024164861974053,0,0.018608885917931,0,0,0,0,0,0,0,0,0,0,0,0,0,0,0,0,0.15593646061752442,0,0,0,0,0,1.9740492362041457,0,0,0,0,0,0,0,0,4,0.7362468851330297,0.4060844455538942,0.5310898650256841,371.58590200000003,80.81712652718588,206.9676165567072
1410_a,10m,1410,1410_a,0,0,0,0,0,0,0,0,0,0,0.20519302839894493,0,0,0,0,0,0,0.7249397030329916,0,0,0,0,0,0,0.5042853594991471,0,0,0,0,0,0,0,0,0,0,0,0,0,0,0,0,0,0,0,0,0,0,0,0,0,3,0.9905720755380945,0.6005232559800546,0.9016575599559362,342.68974600000007,139.92183878740914,177.29360938336083
1410_b,10m,1410,1410_b,0,0,0,0,0,0,0,0,0,0,0.1562528067807957,0,0,0,0,0,0,0.48107220134832196,0.13936298722131096,0,0,0,0,0,0.008543885832517325,0,0,0,0,0,0,0,0,0,0.6481847668982984,0,0,0,0.26322753655581727,0,0,0,0,0,0,0,0,0,0,0,6,1.4656644670010566,0.7343249235358815,0.8180029139918595,619.132544,152.61725663935624,219.0752450719967
1410_c,10m,1410,1410_c,0,0,0,0.39188469588429964,0,0,0,0,0,0,0.2810235919444194,0,0,0,0,0,0,0.8132841364332143,0.851920495396541,0,0,0,0,0,0.26156511029674323,0,0,0,0,0,0,0,0,0,0.3518152331033006,0,0,0,0.6867899701465922,0,0,0,0,0,0,0,0,0,0,0,7,1.8425363750014774,0.8274835593397493,0.9468763888692286,737.7111480000001,183.43788218144772,394.360724353802
1410_d,10m,1410,1410_d,0,0,0,0,0,0,0,0,0,0,0.3575305729062566,0,0,0,0,0,0,1.1066176140421295,0.23614768982126294,0,0,0,0,0,0,0,0,0,0,0,0,0,0,0,0,0,0,0,0,0,0,0,0,0,0,0.17049331588936134,0,0,0,0,4,1.106407676719621,0.5893356996452581,0.7981044342024383,463.92664,132.67987299330733,218.6012712079709
223_a,10m,223,223_a,0,0,0.5134348122658867,0,0,0,1.0916538177661987,0,0.059187512863286676,0,0,0,0,0,0,0,0,0,0.9770735241580865,0,0,0,0,0,0,0,0,0,0,0,0,0,0,0,0,0.05860430329668376,0,0,0,0,0,0,0,0,0,0,0,0,0,0,5,1.216492451703699,0.6684477267611331,0.7558492578715796,554.57567,161.53320765075594,324.92385009851
223_b,10m,223,223_b,0,0,0,0,0,0,0.7932262042712541,0,0.6438443555442785,0,0,0,0,0,0,0,0,0,0,0,0,0,0,0,0,0,0,0,0,0,0,0,0,0,0,0.31216590888281026,0,0,0,0,0,0,0,0,0,0,0,0,0,0,3,1.0340504882291381,0.6270408543717743,0.9412333166987943,286.40815499999997,117.92159227596076,168.0542472405561
223_c,10m,223,223_c,0,0,0,0,0,0,0,0,1.1798547817086478,0,0,0,0,0,0,0,0.1454657314714464,0,0,0,0,0,0,0,0,0,0,0,0,0,0,0,0,0,0,0.04948768774977329,0,0,0,0,0,0.918036552663303,0,0,0,0,0,0,0,0,4,0.9661145400759196,0.5704015891749682,0.6969043279491255,357.124736,114.82991819689819,256.83454148491757
223_d,10m,223,223_d,0,0,0,0,0,0,0,0,1.1171133499721722,0,0,0,0,0,0,0,0.8545342685251572,0,0.08918973351330955,0,0,0,0,0,0,0,0,0,0,0,0,0,0,0,0,0.043640580812720736,0,0,0,0,0,5.586948736833166e-5,0,0,0,0,0,0,0,0,5,0.9167704543613899,0.551139692994423,0.5696215102668198,469.465465,134.4654052162656,339.22685482309373
1509_a,10m,1509,1509_a,0,0,0.33745797525351934,0.6191165516083993,0,0,0,0,0,0,0,0,0,0,0,0,0.391912034551077,0,0,0,0,0,0,0,0,0,0,0,0,0,0,0,0,0,0,0.25294075406502015,0,0,0.35499540486795733,0,0,0,0,0,0,0.39842144226889714,0,0,0,0,6,1.7535733806557676,0.8197536188589672,0.9786879381813793,519.45393,174.84595997515524,328.81149491867774
1509_b,10m,1509,1509_b,0,0,0.8457462992960639,1.251095230880972,0,0,0,0,0,0,0,0,0,0,0,0,0,0,0,0,0,0,0,0,0,0,0.4398680992990071,0,0,0,0,0,0,0,0,0.13482070600095522,0,0,0,0,0,0,0,0,0,0.4795153945887645,0,0,0,0,5,1.415984117548292,0.7258437699774376,0.8798003990143177,539.7981669999999,143.36037157216663,311.1840971695658
1509_c,10m,1509,1509_c,0,0,0,0.37058636234731507,0,0,0.8109259883005667,0,0.6428785684857657,0,0,0,0,0,0,0,0,0.006044974213969201,0,0,0,0,0,0,1.2015538772653416,0,0.5325797887467033,0,0,0,0,0,0,0,0,0,0,0,0,0,0,0,0,0,0,0,0,0,0,0,6,1.5425037607545553,0.7689594300443005,0.86088774037238,701.3366599999999,189.18407308370985,441.0448182058858
1509_d,10m,1509,1509_d,0,0,0.3929594146275196,0.28681991026709186,0,0,0.4086523519112951,0,0.35712143148968006,0,0,0,0,0,0,0,0.5367135571439487,0,0,0,0,0,0,0,0.1859343272258813,0,0,0,0,0,0,0,0,0,0,0,0,0,0.16028925472705122,0,0,0,0,0,0,0,0,0,0,0,7,1.8754700140518707,0.8377789582654287,0.9638009313854294,722.117893,192.19777007572358,311.48481181201976
322_a,10m,322,322_a,0,0,0,0,0,0,0,0,0.046340219538163085,0,0,0,0,0,0,0,0,0,0.510177556800698,0,0,0,0,0,0,0,0,0,0,0,0,0,0,0,0,0.9915096425667377,0,0,0,0,0,0,0,0,0,0,0,0,0,0,3,0.7561923980518102,0.4802513348001378,0.6883159835837732,345.348037,116.86418333044719,190.56539568769648
322_b,10m,322,322_b,0,0,0,0,0,0,0,0,0.7245346875352906,0,0,0,0,0,0,0,0,0,0.07332691866555903,0,0,0,0,0,0,0,0,0,0,0,0,0,0,0,0,0.008490357436034235,0,0,0.07409638450418485,0,0,0,0.48363623660651545,0,0,0,0,0,0,0,5,1.0506832411782798,0.5862940550675793,0.6528262029003874,361.136398,112.5128782448442,205.7397124052929
322_c,10m,322,322_c,0,0,0,0,0,0,0.2561966728856648,0,1.5232737110620351,0,0,0,0,0,0,0,0,0,0.4840287398069472,0,0,0,0,0,0,0,0,0,0,0,0,0,0,0,0,0.5003633066698249,0,0,0,0,0,0,0,0,0,0,0,0,0,0,4,1.163337603872405,0.6242085326238265,0.8391706959931841,435.997066,135.6565974462707,303.25873956655147
322_d,10m,322,322_d,0,0,0,0,0,0,0.5865196279236367,0,0.5901112659633034,0,0,0,0,0,0,0,0,0,0.3902933426035854,0,0,0,0,0,0,0,0,0,0,0,0,0,0,0,0,0.014179808712161476,0,0,0,0,0,0,0,0,0,0,0,0,0,0,4,1.1233207332513329,0.6620785155271651,0.810304625594726,435.997066,144.83064028369344,189.42621804576862
1608_a,10m,1608,1608_a,0,0,0,0.28990253618416967,0,0,0.29429758630953845,0,0,0,0.21051563264799963,0,0,0,0,0,0,0,0,0,0,0,0,0,0,0,0,0,0,0,0,0,0,0,0,0,0,0,0,0,0,0,0,0,0,0.8762595736773088,0.22766408787849896,0,0,0,5,1.4309784709747273,0.7129871063014135,0.8891169146192957,543.2123039999999,162.1857595938404,234.89715524971544
1608_b,10m,1608,1608_b,0,0,0.3521174432106512,0.42642821675710063,0,0,0,0,0,0,0.023642608431210372,0.22098900699528498,0,0,0,0,0,0,0,0,0,0,0,0,0,0,0,0,0,0,0,0,0,0,0,0,0,0,0,0,0,0,0,0,0,1.405616053537332,0,0,0,0,5,1.1651280614991384,0.6048542654892402,0.7239347678451346,393.1278610000001,124.94481733755924,368.741298043998
1608_c,10m,1608,1608_c,0,0,0.3114993805312935,0.6233031183126464,0,0,0,0,0,0,0,0.09397231709369208,0,0,0,0,0,0,0,0,0,0,0,0,0,0,0,0,0,0,0,0,0,0,0,0.6756836829361981,0,0,0,0,0,0,0,0,0,0.568294931899218,0.0035634779376275973,0,0,0,6,1.4755074865888813,0.7541521700962981,0.8234964078211766,595.5799680000001,160.94187822512004,271.3138097123965
1608_d,10m,1608,1608_d,0,0,0,0,0,0,0.21353908515273232,0,0,0,0,0,0,0,0,0,0,0,0,0,0,0,0,0,0,0,0,0,0,0,0,0,0,0,0,0.18798366845743414,0,0,0,0,0,0,0,0,0,0,0.03479995682434296,0,0,0,3,0.9141748487147758,0.5685002997071438,0.8321178072958436,320.175578,115.18453196856296,56.4372623238924
421_a,10m,421,421_a,0,0,0,0,0,0,0.21975670825522728,0,0.7946815518991203,0,0,0,0,0,0,0,0,0,0.21703187838322544,0,0,0,0,0,0,0,0,0,0,0,0,0,0,0,0,0.12464502006140064,0,0,0,0,0,0,0.8841866952416082,0,0,0,0,0,0,0,5,1.3491946873282787,0.696303732593273,0.8383017927592921,447.773765,136.7868620223065,249.88089638732498
421_b,10m,421,421_b,0,0,0,0,0,0,0.7081939999521397,0,0.04294285407811008,0,0,0,0,0,0,0,0,0,1.0266395671649429,0,0,0,0,0,0,0,0,0,0,0,0,0,0,0,0,0.09480414881552268,0,0,0,0,0,0,0.04352777797327721,0,0,0,0,0,0,0,5,1.0220527599307005,0.5728540306342043,0.6350370847080125,447.773765,137.23689822730185,315.93745448794596
421_c,10m,421,421_c,0,0,0,0,0,0,0.06958550238092123,0,0.24155555116613214,0,0,0,0,0,0,0,0,0,1.304116675658889,0,0,0,0,0,0,0,0,0,0,0,0,0,0,0,0,0,0,0,0,0,0,0,0,0,0,0,0.2712877834380446,0,0,0,4,0.9190050362359944,0.48370870280573197,0.6629220041648256,449.265511,117.883621066759,252.8068201731361
421_d,10m,421,421_d,0,0,0,0,0,0,0.013695846034700029,0,0.2543282594119407,0,0,0,0,0,0,0,0,0,0.38072223612281375,0,0,0,0,0,0,0,0,0,0,0,0,0,0,0,0,5.5027428409219924e-5,0,0,0,0,0,0,0.04992904083797993,0,0,0,0.4892790106545186,0,0,0,6,1.245134811718259,0.6799507706774444,0.6949229699088468,558.921773,161.40699681371757,245.5636062744793
1707_a,10m,1707,1707_a,0,0,0.028534591098149285,0,0,0,0.31040785575235363,0,0,0,0,0,0,0,0.2019597486423656,0,0,0,0,0,0,0,0.16995461454263683,0,0,0,0,0,0,0,0,0,0,0,0,0,0,0,0,0,0,0,0.004231800575057536,0,0,0,0,0,0,0,5,1.2197323107830567,0.6736933266214555,0.7578622955006347,957.207251,295.360014862648,339.8881748143699
1707_b,10m,1707,1707_b,0,0,0.971465408923584,0.021225984478958498,0,0,0,0,0,0,0,0,0,0,0,0,0.12673953875809915,0,0.21730035480009846,0,0,0,0,0,0,0,0,0,0,0,0,0,0,0,0,0,0,0,0,0,0,0,0,0,0,0,0,0,0,0,4,0.8164337697164477,0.43617111833229993,0.5889324753921005,404.946334,103.60812109783306,173.44754791399342
1707_c,10m,1707,1707_c,0,0,0.9791992984588322,0.11452534258410058,0,0,0,0,0,0,0.47890240745499296,0,0,0,0,0,0.11958378689036889,0,0.8483307127242732,0,0,0,0,0,0,0,0,0,0,0,0,0,0,0,0,0,0,0,0,0,0,0,0,0,0,0.8493428931063737,0,0,0,0,6,1.5610858283607847,0.7688129588430166,0.8712585897667104,627.782997,178.81882971041662,393.4328472860292
1707_d,10m,1707,1707_d,0,0,0.020800701563346697,0,0,0,0.04057699061548988,0,0,0,0,0,0,0,0.6687873128180875,0,0,0,0.11154366072319809,0,0,0,0,0,0,0,0,0,0,0,0,0,0,0,0,0,0,0,0,0,0,0,0,0,0,0.5123902180599097,0,0,0,0,5,1.0910445429163782,0.6049586825186477,0.6779040896745695,560.9541650000001,143.0427370194303,181.10015742163273
520_a,10m,520,520_a,0,0,0.06632530208086475,0,0,0,0.6617795114293272,0,0,0,0,0,0,0,0,0,0,0,0.8353161563331319,0,0,0,0,0,0,0,0,0,0,0,0,0,0,0,0,0,0,0,0,0,0,0,0,0,0,0,0,0,0,0,3,0.8328641351816934,0.5335633167450422,0.7581056062930144,366.047077,131.6697745933208,194.8504919475922
520_b,10m,520,520_b,0,0,0,0,0,0,0.6685996937131587,0,0,0,0,0,0,0,0,0,0,0,0.00518637742776882,0,0,0,0,0,0,0,0,0,0,0,0,0,0,0,0,0,0,0,0,0,0,0,0,0,0,0,0,0,0,0,2,0.045129795093291875,0.015276231454731448,0.06510853157742727,247.468473,3.7803856712969295,83.3704047452507
520_c,10m,520,520_c,0,0,0,0,0,0,0,0,0,0,0,0,0,0,0,0,0,0,0.5868942028858801,0,0,0,0,0,0,0,0,0,0,0,0,0,0,0,0,0.35559567005683956,0,0,0,0,0,0,0,0,0,0,0,0,0,0,2,0.6627237993890107,0.4698864209335438,0.956108338857618,247.46847400000001,116.28207554174577,116.61826530879438
520_d,10m,520,520_d,0,0,0,0,0,0,0,0,0,0,0,0,0,0,0,0,0,0,0.442594085282877,0,0,0,0,0,0,0,0,0,0,0,0,0,0,0,0,0.3519069055456108,0,0,0,0,0,0,0,0,0,0,0,0,0,0,2,0.6866185832910858,0.4934856226742379,0.9905812250962552,247.46847400000001,122.12213398413344,98.30697389590694
1806_a,10m,1806,1806_a,0,0,0,0,0,0,0.6859348358054318,0,0,0,0,0,0,0,0.5124337102622738,0,0,0.1751377747348111,0,0,0,0,0,0,0,0,0,0,0,0,0,0,0,0,0,0,0,0,0,0,0,0,0,0,0,0,0,0,0,0,3,0.9772149366896039,0.5951443382059985,0.8894993682205389,286.4081530000002,111.11616575474972,133.00388676587733
1806_b,10m,1806,1806_b,0,0,0,0.5103897531875206,0,0,0,0,0,0,0,0,0,0,0.4739153912531652,0,0,0,0,0,0,0,0,0,0,0,0,0,0,0,0,0,0,0,0,0,0,0,0.5092413841790981,0,0,0,0.6580878631312547,0,0,0,0,0,0,0,4,1.3779354821640366,0.7456545740430975,0.9939703433914991,346.8134690000001,136.01846549790324,227.45712552926983
1806_c,10m,1806,1806_c,0,0,0,0.670532371872901,0,0,0,0,0,0,0,0,0,0,0.19867166698575617,0,0,0,0,0,0,0,0.029723549081601804,0,0,0,0,0,0,0,0,0,0,0,0,0,0,0,0.19083986680108075,0,0,0,0.7246348243767283,0,0,0,0,0,0,0,5,1.2808657415122815,0.6805998488935612,0.7958466316821822,878.3349210000001,152.19718517153424,432.6729276812262
1806_d,10m,1806,1806_d,0,0,0,0.2150663600792169,0,0,0,0,0,0,0,0,0,0,0.8767798970760896,0,0,0,1.1870704993976195,0,0,0,0,0,0,0,0,0,0,0,0,0,0,0,0,0,0,0,0,0,0,0,0.016610647603289744,0.03892759755763824,0,0,0,0,0,0,5,1.0348325977999948,0.5915495761514015,0.6429776444342129,468.61796600000014,144.65052386467465,377.50582256345893
619_a,10m,619,619_a,0,0,0,0.2669125763603269,0,0,0.16651566728054307,0,0,0,0,0,0,0,0,0,0,0,0.002246149251863015,0,0,0.05083903726759621,0,0,0,0,0,0,0,0,0,0,0,0,0,0.026494254753306443,0,0,0.33923689814790325,0,0,0,0,0,0,0,0,0,0,0,6,1.3410217725669962,0.700761628221397,0.7484385017062305,558.587332,150.21018811343902,180.05133699373806
619_b,10m,619,619_b,0,0,0,0.5357491935365934,0,0,1.344299113265244,0,0,0,0,0,0,0,0,0,0,0,0,0,0,0,0,0,0,0,0,0,0,0,0,0,0,0,0,0,0,0,0,0,0,0,0,0,0,0,0,0,0,0,2,0.5975822495993931,0.4075204592742163,0.8621289480203151,237.15720699999997,96.64641391683034,222.93350232882645
619_c,10m,619,619_c,0,0,0.5935463043833025,0.39001762927743056,0,0,1.9560250439753135,0,0.4091141220680439,0,0,0,0,0,0,0,0,0,0,0,0,0,0,0,0,0,0,0,0,0,0,0,0,0,0,0,0,0,0,0,0,0,0,0,0,0,0,0,0,0,4,1.1279953168463597,0.5989036445726075,0.8136766248801091,372.94336799999996,127.99751349969611,360.16387038133405
619_d,10m,619,619_d,0,0,0,0.6182637347102234,0,0,0.4347988056572132,0,0.8954012062447966,0,0,0,0,0,0,0,0,0,0.018577606288618178,0,0,0,0,0,0,0,0,0,0,0,0,0,0,0,0,0,0,0,0.1060588884585427,0,0,0,0,0,0,0,0,0,0,0,5,1.2453550268075748,0.6778224143368753,0.7737825840849681,554.57567,148.0955034779022,239.65908150986792
1905_a,10m,1905,1905_a,0,0,0,0,0,0,1.0204591694952319,0,0,0,0.2587575088746295,0.023436611880996664,0,0,0,0,0,0,0.717185412010871,0,0,0,0,0,0,0,0,0,0,0,0,0,0,0,0,0.3681866898985412,0,0,0,0,0,0,0.28450870721644206,0,0,0,0,0,0,0,6,1.4997718499792354,0.7424264563275181,0.8370386068758343,454.34922800000015,159.11462553221895,394.04781408069726
1905_b,10m,1905,1905_b,0,0,0,0,0,0,1.3595643299473674,0,0,0,0.19440773654857907,0.19247827244441224,0,0,0,0,0,0,0.14577903130474185,0,0,0,0,0,0,0,0,0,0,0,0,0,0,0,0,0.5579875195009365,0.03086815189643785,0,0,0,0,0,0,0,0,0,0,0,0,0,6,1.284166078557905,0.633383459543122,0.7167067346998106,454.3492270000002,124.05500214599562,354.0214113792363
1905_c,10m,1905,1905_c,0,0,0,0,0,0,0.5707868839193676,0,0,0,0.5217325207189017,0,0,0,0.014991912502264787,0,0,0,0.09253396665323191,0,0,0,0,0,0,0,0,0,0,0,0,0,0,0,0,0.06364120043364098,0.4016916252059689,0,0,0,0,0,0,0,0,0,0,0,0,0,6,1.401375038780805,0.7215790400331712,0.7821223009272336,454.3492270000002,139.2834494115092,275.46182994790735
1905_d,10m,1905,1905_d,0,0,0,0,0,0,0.049189616748906116,0,0,0,0.6650425145895937,0,0,0,0.060353687673861706,0,0,0,0.31476581188696495,0,0,0,0,0,0,0,0,0,0,0,0,0,0,0,0,1.0416449628938613,0.9599673712653152,0,0,0,0,0,0,0,0,0,0,0,0,0,6,1.435651770645252,0.732680838989097,0.8012525092242292,454.3492270000002,115.19897923158084,275.01013713016874
718_a,10m,718,718_a,0,0,0,0,0,0,0,0,0,0,0,0,0,0,0,0.31305934369113575,0,0,0,0,0,0,0,0,0,0,0.36590020266810536,0,0,0,0,0,0,0,0,0,0,0,0,0,0,0,0.19894204170000251,0,0,0,0,0,0,0,3,1.0688766221377142,0.6477707245807858,0.9729334298941392,382.9723809999999,168.07516315230907,131.40240948193053
718_b,10m,718,718_b,0,0,0,0,0,0,0,0,0,0,0,0,0,0,0,0.6869406563211516,0.4945807895065464,0,0,0,0,0,0,0,0,0,0,0,0,0,0,0,0,0,0,0,0,0,0.3598754220997357,0,0,0,0.8404141929610184,0,0,0,0,0,0,0,4,1.338118764702751,0.7263709836174772,0.9652486529785623,370.393181,148.56164664168494,263.6416496981551
718_c,10m,718,718_c,0,0,0,0,0,0.03163421386586392,0,0,0,0,0,0,0,0,0,0,0.5054192105096157,0,0,0,0,0,0,0,0,0,0,0,0,0,0,0,0,0,0,0.5977153252551539,0,0,0.7514702350282596,0,0,0,0.4499951441459916,0,0,0,0,0,0,0,5,1.4203072939469479,0.7469918266777384,0.8824865395390662,361.136398,94.55320737787686,196.06851221379563
718_d,10m,718,718_d,0,0,0.300683375173124,0,0,0,0,0,0,0,0,0,0,0,0,0,0,0.05737831315045116,1.0620251913919718,0,0,0,0,0,0,0,0,0,0,0,0,0,0,0,0,0,0,0,0.6978965248452372,0,0,0,0.3873839880704277,0,0,0,0,0,0,0,5,1.3494326164569799,0.7038767035683916,0.8384496264389034,418.05518400000005,150.4561008571406,294.11046180620457
817_a,10m,817,817_a,0,0,0,0.06192929318191867,0,0,0,0,0,0,0,0,0,0,0,0.6471188080514333,0,0,0.27015135244533756,0,0,0,0,0,0,0,0.0808465663887337,0,0,0,0,0,0,0,0,0,0,0,0,0,0,0,0,0,0,0,0,0,0,0,4,1.0118815910132835,0.5531574282939833,0.7299182766608492,514.137214,139.58530595617566,145.8265220509304
817_b,10m,817,817_b,0,0,0.30697260334112353,0,0,0,0,0.2427835176599674,0,0,0,0,0,0,0,0,0,0,0.5795227594415906,0,0,0,0,0,0,0,0,0,0,0,0,0,0,0,0,0,0,0,0,0,0,0,0,0,0,0,0,0,0,0,3,1.0269120839002626,0.6165342700027322,0.9347356610631289,366.047078,151.3675969981108,142.05175283240422
817_c,10m,817,817_c,0,0,0.10279942354702323,0,0,0,0,0,0,0,0,0,0,0,0,0.008314613564474107,0,0,0,0,0,0,0,0,0.7738810355575456,0.43929819425620675,0.24875595820233803,0,0,0,0,0,0,0,0,0,0,0,0,0,0,0,0,0,0,0,0,0,0,0,5,1.202841081628892,0.6506782064600062,0.7473671847395003,578.0795049999999,162.49020973813938,240.78734308793838
817_d,10m,817,817_d,0,0,1.000000000002738,3.940162517649744e-5,0,0,0,0,0.18707082547748485,0,0.6239253796343972,0,0,0,0,1.1242262683048772,0,0,0.138689261641711,0,0,0,0,0,0.22611896445209062,0,0.8745405215722053,0,0,0,0,0,0,0,0,0,0,0,0,0,0,0,0,0,0,0,0,0,0,0,8,1.7174434424132223,0.7978267564392476,0.825915712458942,793.845919,197.0891422603426,542.9550209372984
916_a,10m,916,916_a,0,0,0,0,0,0,0,0,0,0,0.2209747302951341,0,0,0,0,0.021684488106869428,0,0,0.046858180014218834,0,0,0,0,0,0,0,0.14864170544414365,0,0,0,0,0,0,0,0,0,0,0,0,0,0,0,0,0,0,0,0,0,0,0,4,1.099795597428246,0.6166851197983825,0.7933348272006228,506.70661799999993,162.27263856337487,77.7354480171693
916_b,10m,916,916_b,0,0,0,0.012618885988643105,0,0,0,0,0,0,0.1665900164350817,0,0,0,0,0.9783155119081545,0,0.6269810037849509,0.20367355890524577,0,0,0,0,0,0,0,0,0,0,0,0,0,0,0,0,0,0,0,0,0,0,0,0,0,0,0,0,0,0,0,5,1.1861593454281245,0.6408670247502899,0.7370022392688558,575.074648,145.85701492538772,238.96460067849526
916_c,10m,916,916_c,0,0,0.7083457440897173,0.36617433758004586,0,0,0,0,0,0,0.6964516320386995,0,0,0,0,0,0,0.21184594789216635,0.5651642008939977,0,0,0,0,0,0,0,0.09503618953957035,0,0,0,0,0,0,0,0,0,0,0,0,0,0,0,0,0,0,0,0,0,0,0,6,1.629885411695661,0.7861006557522453,0.909656368328203,657.153907,179.48468223802752,331.72535812097044
916_d,10m,916,916_d,0,0,0,0,0,0,0,0.29645354825715553,0,0,0.16610574949798573,0,0,0,0,0,0,0,0.38650786752545485,0,0,0,0,0,0,0,0.007822918631370523,0,0,0,0,0,0,0,0,0,0,0,0,0,0,0,0,0,0,0,0,0,0,0,4,1.0872435132574636,0.6391943810326721,0.7842804124076184,396.57708399999996,125.70174577542852,184.2523036730708
1015_a,10m,1015,1015_a,0,0,0,0,0,0,0,0,0,0.002149378428291971,0,0,0,0,0,0,0,0,0,0,0,0,0,0,0,0,0,0,0,0,0,0,0,0,0,0,0,0,0,0,0,0,0,0,0,0.5778810822776997,6.250704685206826e-4,0.34160652143626224,0,0,4,0.6798502475009044,0.4701811665833979,0.4904082903083446,351.931867,111.3657172019938,184.95633869025468
1015_b,10m,1015,1015_b,0,0,0.8737459257978804,0,0,0,0,0.16439989774779182,0,0,0,0,0,0,0,0,0,0,0,0,0,0,0,0,0.029386153364797385,0,0.07826041003120848,0,0,0,0,0,0,0,0,0,0,0,0,0,0,0,0,0,0,0.06958454870993591,0.974218922972965,0,0,0,6,1.207851141991395,0.6346951466612694,0.6741145576374571,728.2141359999999,151.38807627102267,278.2233002728971
1015_c,10m,1015,1015_c,0,0,0.007764354370111341,0,0,0,0,0.025563347736855327,0,0,0,0,0,0,0,0,0,0,3.0830573740710845e-4,0,0,0,0,0,0,0,0.44764468865317686,0,0,0,0,0,0,0,0.08261119724911474,0,0,0,0,0,0,0,0,0,0,0.02585224654569243,0,0,0,0,6,0.818687028879736,0.4002481605055519,0.4569179306374485,729.543281,107.39160250664574,115.4914269144797
1015_d,10m,1015,1015_d,0,0,0,0,0,0,0,0,0,0.15115430987118536,0,0,0,0,0,0,0,0,0,0,0,0,0,0,0,0.9187028436990619,0,0,0,0,0,0,0,0.022824809295000463,0,0,0,0,0,0,0,0,0,0,0,0.32668212246173794,0,0.061294978898160546,0,0,5,1.0586733727329312,0.553966642228553,0.6577907507670193,631.875517,147.8426426299561,214.95254953779352
1114_a,10m,1114,1114_a,0,0,0,0,0,0,0,0,0,0,0,0,0,0,0,0,0,0,0,0,0,0,0,0,0,1.1074112973848962,0,0,0,0,0,0,0,0,0,0,0,0,0,0,0,0,0,0,0,0,0,0,0,0,1,-0,0,0,1,0,1.1074112973848962
1114_b,10m,1114,1114_b,0,0,0,0,0,0,0,0,0,0,0,0,0,0,0,0,0,0,0,0,0,0,0,0,0,0.10306410611077733,0,0,0,0,0,0,0,0,0,0,0,0,0,0,0,0,0,0,0,0,0,0.01404591042883988,0,0,2,0.3668009193420946,0.2111053533310192,0.5291818673283525,271.824374,57.38358051725313,15.916678467505546
1114_c,10m,1114,1114_c,0.8296764786036747,0,0,0,0,0,0,0,0,0.21200872247629474,0,0,0,0,0,0,0,0,0,0,0,0,0,0,0,0,0,0,0,0,0,0,0,0,0,0,0,0,0,0,0,0,0,0,0,0,0,0.11694892237099104,0,0,3,0.7813884017256632,0.4435567434815155,0.71125037448194806,348.305216,104.64371854049023,142.3754615456069
1114_d,10m,1114,1114_d,0.17032352141308357,0,0,0,0,5.25606441997815e-4,0,5.154598689691766e-4,0,0.254281300973128,0,0,0,0,0,0,0,0,0,0,0,0,0,0,0,0,0,0,0,0,0,0,0,0.005755239846543746,0,0,0,0,0,0,0,0,0,0,0,0,0,0,0,0,5,0.7522961926586936,0.4965112537695312,0.46742790563503456,470.827954,117.95789726338596,150.61007050257487
1213_a,10m,1213,1213_a,0,0,0,0,0,0,0,0,0,0,0,0,0,0,0,0.8007504503891164,0,0,0,0,0,0,0,0,0.09957428227137896,0.3253438933682264,0,0,0,0,0,0,0,0.04057453029995762,0,0,0,0,0.012990806989540584,0,0,0,0,0,0,0,0,0,0,0,5,0.9962460266974218,0.5363226023587354,0.6190024598033159,635.702005,141.9745517904461,176.90435467397285
1213_b,10m,1213,1213_b,0,0,0,0,0,0,0,0,0,0,0,0,0,0,0,0.15569417550832604,0,0,0.247512281261265,0,0,0,0,0,0.9702237481158216,0,0,0,0,0,0,0,0,0,0,0,0,0,4.6910932169515467e-4,0,0,0,0,0,0,0,0,0,0,0,4,0.8039286057982139,0.4560088397896621,0.5799119064069308,481.02157400000004,112.41911384969238,179.3295374502875
1213_c,10m,1213,1213_c,0,0,0,0,0,0,0,0,0,0,0,0,0,0,0,0.47571553630567837,0,0,0,0,0,0,0,0,0,0.007614950319222336,0,0,0,0,0,0,0,0,0,0,0,0,0,0,0,0,0,0,0,0,0,0,0,0,2,0.0810235682506647,0.031013874553875498,0.11689230011036243,271.82437400000003,8.430327035921794,65.69050348096452
1213_d,10m,1213,1213_d,0.6891637799539128,0,0,0,0,0,0,0,0,0,0,0,0,0,0,0.47852894710915883,0,0,0,0,0,0,0,0,0.005972566795332578,0,0,0,0,0,0,0,0,0.2644444638110686,0,0,0,0,0,0,0,0,0,0,0,0,0,0,0,0,4,1.0528322996799226,0.6258010326126097,0.7594579688179737,501.632758,155.51569740018408,185.40397378587488
1312_a,10m,1312,1312_a,0,0,0,1.0016293554569589,0,0,0,0.5711136732569732,0,0,0,0,0,0,0,0,0,0,0.7673551768497933,0,0,0,0,0,0,0.04944940453684388,0.8030350781230039,0,0,0,0,0,0,0,0,0,0,0,0.7062091623979356,0,0,0,0,0,0,0,0,0,0,0,6,1.64074700820715,0.7984084458126757,0.915718340762577,677.2882129999999,200.81231061261235,503.0599795227287
1312_b,10m,1312,1312_b,0,0,0,1.4406980521039014,0,0,0,0.6008275059936383,0,0,0,0,0,0,0,0,0,0,0.7359260979469415,0,0,0,0,0,0,1.423489629165374e-4,0,0,0,0,0,0,0,0,0,0,0,0,0.7135489885669383,0,0,0,0,0,0,0,0,0,0,0,5,1.321206376613773,0.7138725589669969,0.8209116775530605,612.016778,169.82109960015464,428.5977858857803
1312_c,10m,1312,1312_c,0,0,0,0.5506506080991835,0,0,0,0.0013946229245343019,0,0,0,0,0,0,0,0.9999999999937104,0,0,0.3385241537318507,0,0,0.7048165907866919,0,0,0,0.5142979362091031,0,0,0,0,0,0,0,0,0,0,0,0,0.08206121680583929,0,0,0,0,0,0,0,0,0,0,0,7,1.6299385600937628,0.7854354930256291,0.837622724196723,749.707295,194.44003258344935,424.3761850833351
1312_d,10m,1312,1312_d,0.5794131251065532,0,0,0.00400871118850204,0,0,0,0.004867516770195619,0,0,0,0,0,0,0,0,0,0,0.12703529659998922,0,0,0.04805210603369203,0,0,0,0,0,0,0,0,0,0,0,0,0,0,0,0,0.0061638969006193025,0,0,0,0,0,0,0,0,0,0,0,6,0.7822900018329897,0.40180919531761927,0.43660436306778627,535.606281,96.79109456606331,214.6937434495373
1411_a,10m,1411,1411_a,0,0,0,0.9543796734760543,0,0,0,0,0,0,0,0,0,0,0,0,0,7.3614899053343636e-6,0.015723664353641427,0,0,0,0,0,0.13293996812351488,0,0.2928725998284099,0,0,0,0,0,0,0,0,0,0,0,0,0,0,0,0,0,0.10813828313953142,1.2983625497721318,0,0,0,0,7,1.2586373915035878,0.6546830745372578,0.6468116691382807,868.5015500000001,155.55585412457737,344.1601825325807
1411_b,10m,1411,1411_b,0,0,0,0.04913891356231162,0,0,0,0,0,0,0,0,0,0,0,0,0,0.07572254703414069,0.09371333692199338,0,0,0,0,0,0,0,0,0,0,0,0,0,0,0,0,0,0,0,0.471082539399556,0,0,0,0,0,3.304289639681781,0,0,0,0,0,5,0.6262771701371987,0.3005610221563749,0.38912788452337527,554.3686210000001,80.55661919754415,584.1951175724325
1411_c,10m,1411,1411_c,0,0,0,0.0029559615600392945,0,0,0,0,0,0,0,0,0,0,0,0,0,0,0,0,0,0,0,0,0,2.233909077222559,0,0,0,0,0,0,0,0,0,0,0,0,0,0,0,0,0,0,0.4611182619272964,0.11265632916387079,0,0,0,0,4,0.6152266763946196,0.33976186196964353,0.4437922375285584,503.783619,88.0674597819332,396.0768307731884
1411_d,10m,1411,1411_d,0,0,0,0.15245621964923922,0,0,0,0,0,0,0,0,0,0,0,0,0,0,0,0,0,0,0,0,0.28357512394280626,0.6832044506492839,0,0,0,0,0,0,0,0,0.003290069229102104,0,0,0,0,0,0,0,0,0,0.12645381523891594,0.9227369807407504,0,0,0,0,6,1.3552010898776785,0.6951307667398029,0.7563521293745643,744.767315,181.01973475582676,290.45817656587013
224_a,10m,224,224_a,0,0,0,0,0,0,0,0,0,0,0,0,0,0,0,0,0,0,0,0,0,0,0,0,0,0,0,0,0,0,0,0,0,0,0,1.2282473919522763,0,0,0,0,0,0.6784773351459451,0,0,0,0,0,0,0,0,2,0.6509834524755331,0.45843228310014594,0.9391705985872278,23.553398,10.797638019906415,22.4549231868929
224_b,10m,224,224_b,0,0,0,0,0,0,0.060991564396016,0,0,0,0,0,0,0,0,0,0,0,0.6057605454221857,0,0,0,0,0,0,0,0,0,0,0,0,0,0,0,0,0.6906202113207807,0,0,0.2465947287570499,0,0,0.6336545637722032,0,0,0,0,0,0,0,0,5,1.415091528223921,0.7383738553602641,0.879245802084871,361.136397,111.33983233023055,211.8678701297589
224_c,10m,224,224_c,0,0,0,0,0,0,0,0,0,0,0,0,0,0,0,0,0.4975835138760312,0,0.23397933971276186,0,0,0,0,0,0,0,0,0,0,0,0,0,0,0,0,0.844093769546568,0,0,0.7534052712677025,0,0,0.41820914729085024,0,0,0,0,0,0,0,0,5,1.5231706287756608,0.7671614713869819,0.946399122953448,375.59756400000003,109.15346771131728,224.63413672524734
224_d,10m,224,224_d,0,0,0.45341111063314427,0,0,0,0,0,0.09269885730599736,0,0,0,0,0,0,0,0,0,0.8290756322474717,0,0,0,0,0,0,0,0,0,0,0,0,0,0,0,0,0.7556157363410518,0,0,0,0,0,0,0,0,0,0,0,0,0,0,4,1.2005792671968218,0.6756840717413505,0.8660348774894804,463.926641,163.86798731891105,265.2372330210971
1510_a,10m,1510,1510_a,0,0,0.5963376184466823,0.14618147893550168,0,0,0.15586981356332308,0,0,0,0.026350984372081433,0,0,0,0,0,0,0,0,0,0,0,0,0,0.7732042755420393,0,0,0,0,0,0,0,0,0,0,0,0,0,1.0000000000047582,0,0,0,0,0,0,0,0,0,0,0,6,1.4275567933788844,0.7252577381818928,0.7967346163901786,597.054511,169.47553395976905,347.7545586743244
1510_b,10m,1510,1510_b,0,0,0,0.19641224847763075,0,0,0,0,0,0,0,0,0,0,0,0,0,0.10433802747762917,0,0,0,0,0,0,1.3658057275820386,0,0,0,1.0000000000085254,0,0,0,0,0,0,0,0,0,0,0,0,0,0,0,0,0,0,0,0,0,4,1.0294282579136924,0.5900596435030329,0.7425755213215245,461.26835000000005,142.54617753228823,323.08951840207374
1510_c,10m,1510,1510_c,0,0,0,0.6133960525119543,0,0,0,0,0,0,0,0,0,0,0,0,0,0.0043487101802200615,0.034866268830711436,0,0,0,0,0,0.18466824710688956,0,0,0,0,0,0,0,0,0,0,0,0,0,0,0,0,0,0,0,0,0.0029818408444670266,0,0,0,0.1254201382453906,6,1.031812174569319,0.5417562618456866,0.5758653392320875,703.8582350000001,131.3309335621739,132.51117059244373
1510_d,10m,1510,1510_d,0,0,0,0.06556295635243468,0,0,0.17877597330497888,0,0,0,0,0,0,0,0,0,0,0,0.018685736836640994,0,0,0,0,0,0.06297631571947605,0,0,0,0,0,0,0,0,0,0,0,0,0,0,0,0,0,0,0,0,0,0,0,0,0.2928337648884359,5,1.2888414409437428,0.6701292307658459,0.8008022123664963,599.6001760000001,156.81878542294328,82.79976243010259
323_a,10m,323,323_a,0,0,0,0,0,0,0.30902466799686834,0,0.32412877002230545,0,0,0,0,0,0,0,0,0,0.1537059577747676,0,0,0,0,0,0,0,0,0,0,0,0,0,0,0,0,0.0032149412215337425,0,0,0,0,0,0,0,0,0,0,0,0,0,0,4,1.073574183714346,0.6408438126613349,0.774420075435552,435.997066,137.01559324570832,109.81331813802805
323_b,10m,323,323_b,0,0,0.6503827534666156,0,0,0,0.1870828005940462,0,0.1627188676672472,0,0,0,0,0,0,0,0,0,0.8462940422322455,0,0,0,0,0,0,0,0,0,0,0,0,0,0,0,0,0.10441619983098525,0,0,0,0,0,0,0,0,0,0,0,0,0,0,5,1.3172134866859806,0.6816619375458042,0.8184307555510719,554.57567,165.03815202047159,256.85162730776284
323_c,10m,323,323_c,0,0,0.8361824343158548,0,0,0,0.8281094780229793,0,0.6896590372776761,0,0,0,0,0,0,0,0,0,0.8565915493023609,0,0,0,0,0,0,0,0,0,0,0,0,0,0,0,0,0,0,0,0.6661897067954895,0,0,0,0,0,0,0,0,0,0,0,5,1.6039720834239233,0.7978479516685113,0.9966038894896476,554.57567,182.94954497915174,441.018854748747
323_d,10m,323,323_d,0,0,0,0,0,0,1.319019896869852,0,0.7834088028135908,0,0,0,0,0,0,0,0,0,0,0,0,0,0,0,0,0,0,0,0,0,0,0,0,0,0,0,0,0,0.20969038861674333,0,0,0,0,0,0,0,0,0,0,0,3,0.9045843700276321,0.5515226086677467,0.8233881773926768,286.40815499999997,102.3750956099765,218.33805755455248
1609_a,10m,1609,1609_a,0,0,0,0,0,0,0,0,0,0,0,0,0,0,0,0,0,0,0,0,0,0,0,0,0,0,0,0,0,0,0,0,0,0,0,0.5586762951300366,0,0,0,0,0,0,0,0,0,0.5388660113407736,0.662340159239846,0,0,0,3,1.094427714269605,0.6638270452847224,0.9961910362357426,348.305216,153.88031164382437,207.04212200627242
1609_b,10m,1609,1609_b,0,0,0,0.15780824572088037,0,0,0,0,0,0,0,0,0,0,0,0,0.025534591527552556,0,0,0,0,0,0,0,0,0,0,0,0,0,0,0,0,0,0,0.40776351108665915,0,0,0.335083783724507,0,0,0,0,0,0,0,0.305814664128567,0,0,0,5,1.4095410608567434,0.7380281286053645,0.8757971028065105,481.20674799999995,129.74565224324286,178.5655026765154
1609_c,10m,1609,1609_c,0,0,0.001966989412810231,0,0,0,1.5661555257196513,0,0,0,0.14286011340374077,0,0,0,0,0,0.04583981684795716,0,0,0,0,0,0,0,0,0,0,0,0,0,0,0,0,0,0,0,0,0,0.14963155671725423,0,0,0,0,0,0,0,0,0,0,0,5,0.6521556544400177,0.31278003731569426,0.40520709087416923,554.57567,61.95927002834638,208.5568843782601
1609_d,10m,1609,1609_d,0,0,0,0.13410244315279216,0,0,0.050827636353362016,0,0,0,0.47181469063350373,0,0,0,0,0,0,0,0,0,0,0,0,0,0,0,0,0,0,0,0,0,0,0,0,0,0,0,0,0,0,0,0,0,0,0.8477896407277791,0,0,0,0,4,1.0168215464384345,0.5750516080151611,0.7334817012578881,432.06429599999996,132.3170691569843,191.99730174032808
422_a,10m,422,422_a,0,0,0,0,0,0,0,0,0.7456717405651371,0,0,0,0,0,0,0,0,0,1.3031806624039455,0,0,0,0,0,0,0,0,0,0,0,0,0,0,0,0,0.0706465178563736,0,0,0,0,0,0,0,0,0,0,0.16354273359784374,0,0,0,4,0.9819145336092476,0.5614119555285907,0.7083016141074305,456.496045,136.59704263571479,285.18106240120034
422_b,10m,422,422_b,0,0,0,0,0,0,0,0,1.030755883700555,0,0,0,0,0,0,0,0,0,1.39335591913171,0,0,0,0,0,0,0,0,0,0,0,0,0,0,0,0,0,0,0,0,0,0,0,0,0,0,0,0.07589047242259472,0,0,0,3,0.7971955497142559,0.5184556328345746,0.7256386606422607,358.61648199999996,127.67131208960309,307.99359856674255
422_c,10m,422,422_c,0,0,0,0,0,0,0,0,0.560231088470013,0,0,0,0,0,0,0,0,0,0.5565474574909128,0,0,0,0,0,0,0,0,0,0,0,0,0,0,0,0,0.6078719453370119,0,0,0,0,0,0,0,0,0,0,0,0,0,0,3,1.0977931119333504,0.6661155872896435,0.9992543532024819,345.348037,153.0019408285754,209.05206349493386
422_d,10m,422,422_d,0,0,0,0,0,0,0,0,0,0,0,0,0,0,0,0,0,0,0.5632483327150168,0,0,0,0,0,0,0,0,0,0,0,0,0,0,0,0,3.8939950867647525e-4,0,0,0,0,0,0,0,0,0,0,0,0,0,0,2,0.005718466892985818,0.0013807822386853186,0.00825000382799836,247.46847400000001,0.3417000735338228,69.74128474110901
1708_a,10m,1708,1708_a,0,0,0,0.3740585731083487,0,0,0,0,0.20376879246924806,0,0,0,0,0,0.5298167978578018,0,0,0,0,0,0,0.5330226788845213,0,0,0,0,0,0,0,0,0,0,0,0,0,0,0,0,0,0,0,0,0,0,0,0.4876097818622747,0,0,0,0,5,1.5607169358515716,0.7827551572330035,0.9697279552034141,374.5332390000001,140.8708883506863,235.13097955275424
1708_b,10m,1708,1708_b,0,0,0,0.4691675869966033,0,0,0.5386013800824061,0,0.6365885311026596,0,7.797982277877094e-4,0,0,0,0,0,0,0,0.04012562636703084,0,0,0,0,0,0,0,0,0,0,0,0,0,0,0,0,0,0,0,0,0,0,0,0,0,0,0.15065710674405056,0.6979982232117132,0,0,0,7,1.5795788530290433,0.7777570799834913,0.8117429542139375,673.120648,174.33238039153477,333.6768885442395
1708_c,10m,1708,1708_c,0,0,0,0.09129768492930662,0,0,0.9535619485633315,0,0.1362343173652901,0,0,0,0,0,0,0,0,0,0,0,0,0,0,0,0,0,0,0,0,0,0,0,0,0,0.06390309330070996,0.1371338287283769,0,0,0,0,0,0,0,0,0,0,0.06781943085689969,0,0,0,6,1.1758005949112984,0.5416265050990554,0.656226806725274,635.795604,113.21513519690205,176.18880827057947
1708_d,10m,1708,1708_d,0,0,0,0.24083277633592542,0,0,0,0,0.023408359024781573,0,0,0,0,0,0,0,0.3575480310504514,0,0,0,0,0.11421589602572614,0,0,0,0,0,0,0,0,0,0,0,0,0.09265736968553163,0,0,0,0,0,0,0,0,0,0,0,0,0,0,0,5,1.3406819056335624,0.6970653013185759,0.8330125041020852,503.737595,168.38752863688666,183.941850323601
521_a,10m,521,521_a,0,0,0,0,0,0,0.31062572477233097,0,0,0,0,0,0,0,0,0,0.5010075282422225,0,0.08631851300855876,0,0,0,0,0,0,0,0,0,0,0,0,0,0,0,0,0.9813588223378898,0,0,0,0,0,0,0,0,0,0,0,0,0,0,4,1.130747014231106,0.6268164065503465,0.8156615549656094,457.688765,145.63304343222282,229.68770019807243
521_b,10m,521,521_b,0,0,0,0,0,0,0.6905037359228149,0,5.903570559197663e-4,0,0,0,0,0,0,0,0,0,0.07378607875376153,0,0,0,0,0,0,0,0,0,0,0,0,0,0,0,0,0.41947960507261145,0,0,0,0,0,0,0.013208739564954079,0,0,0,0,0,0,0,5,0.9101114404548271,0.5409347623924949,0.5654840322969541,447.773765,110.53345427550065,196.06058402817183
521_c,10m,521,521_c,0,0,0,0,0,0,1.0541676281452774,0,0.10807426593368663,0,0,0,0,0,0,0,0.3560805334490515,0,0.9992208845631847,0,0,0,0,0,0,0,0,0,0,0,0,0,0,0,0,0.12358227489311556,0,0,0,0,0,0,0,0,0,0,0,0,0,0,5,1.2785393968398882,0.6755152548003367,0.7944011924673975,548.337795,160.5531812317101,314.18654264476555
521_d,10m,521,521_d,0,0,0,0,0,0,0.8361571092322304,0,0.6513340603265882,0,0,0,0,0,0,0,1.0403172660725417,0,0,0,0,0,0,0,0,0,0,0,0,0,0,0,0,0,0,0.3427552298636599,0,0,0,0,0,0,0,0,0,0,0,0,0,0,4,1.3174362338963217,0.7180706726841217,0.9503293606648279,435.99706599999996,162.55414531942677,330.1964330883468
1807_a,10m,1807,1807_a,0,0,0.19791911363879355,0.013696262042320441,0,0,0,0,0,0,0,0,0,0,0.663479431957927,0,0,0,0.8129295005894689,0,0,0,0,0,0,0,0,0,0,0,0,0,0,0,0,0,0,0,0,0,0,0,0,0,0,0.1115446319788086,0,0,0,0,5,1.179129011885498,0.6440081898166308,0.7326340474372157,515.4422670000001,157.17535904991382,279.0399194067462
1807_b,10m,1807,1807_b,0,0,0,0.10070500592782781,0,0,0.55072107955929706,0,0,0,0,0,0,0,1.3631551643288866,0,0,0,0,0,0,0,0.8003218364284418,0,0,0,0,0,0,0,0,0,0,0,0,0,0,0,0,0,0,0,0.14812277668998505,0,0,0,0,0,0,0,5,1.2882081984708493,0.6771939837716565,0.8004087566960406,957.207251,311.1963204909232,694.4763081462035
1807_c,10m,1807,1807_c,0,0,0,0,0,0,0.09829407420310912,0,0,0,0,0,0,0,1.071565487560429,0,0,0,0,0,0,0,0,0,0,0,0,0,0,0,0,0,0,0,0,0.429005448584497,0,0,0,0,0,0,0,0,0,0.9981613265349832,0,0,0,0,4,1.1541542652111936,0.6533071167255458,0.8325463174205172,425.6857990000001,147.0307634721615,294.3276498396064
1807_d,10m,1807,1807_d,0,0,0,0,0,0,0,0,0.10350089765611403,0,0.04461211132396887,0,0,0,0.1505467609313024,0,0,0,0,0,0,0,0,0,0,0,0,0,0,0,0,0,0,0,0,1.7561590711648596,0,0,0,0,0,0,0,0,0,0,0,0,0,0,4,0.5593968379900258,0.26119031902717615,0.4035195220285886,203.35306300000013,48.77797386997301,269.89393534908396
620_a,10m,620,620_a,0,0,0,0,0,0,0.6617499965087009,0,0.43082984973029265,0,0.04772946186829406,0,0,0,0,0,0,0,0,0,0,0,0,0,0,0,0,0,0,0,0,0,0,0,0,0,0,0,0,0,0,0,0,0,0,0,0,0,0,0,3,0.8163722279436834,0.5187241718617721,0.7430940254030864,182.316533,88.37394655649031,150.10495084058817
620_b,10m,620,620_b,0,0,0,0,0,0,0.054194422739337826,0,0.18194619727897926,0,0,0,0,0,0,0,0,0,0.05084098638181303,0,0,0,0,0,0,0,0,0,0,0,0,0,0,0,0,0,0,0,0,0,0,0,0,0,0,0,0,0,0,0,3,0.9102983544893669,0.5309981718282307,0.828589270190084,338.117503,115.56063323843745,60.781895752345626
620_c,10m,620,620_c,0,0,0,0,0,0,0,0,0.62514743956674,0,0,0,0,0,0,0,0,0,0,0,0,0,0,0,0,0,0,0,0,0,0,0,0,0,0,1.692874025815116,0,0,0,0,0,0,0,0,0,0,0,0,0,0,2,0.5829503623757301,0.39391469943346236,0.8410195968838899,195.75912599999998,77.11239727964731,226.8869280561957
620_d,10m,620,620_d,0,0,0,0,0,0,0.7594518035893358,0,0.8325962495403622,0,0,0,0,0,0,0,0,0,0,0,0,0,0,0,0,0,0,0,0,0,0,0,0,0,0,1.1905729618616865,0,0,0,0,0,0,0,0,0,0,0,0,0,0,3,1.0786754741536249,0.652918174420251,0.9818527293749325,286.40815499999997,125.45281609621775,268.0809051967813
1906_a,10m,1906,1906_a,0,0,0,0,0,0,0,0,0,0,0.20189159594967948,0,0,0,0.6457077380733941,0,0,0,0,0,0,0,0,0,0.13922819617441826,0,0,0,0,0,0,0,0,0,0,1.018857607374762,0.0062875205632185825,0,0,0,0,0,0,0,0,0,0,0,0,0,5,1.1428670894044868,0.625696435422608,0.7101032482054709,361.0419080000002,116.49819105749084,236.62091602006333
1906_b,10m,1906,1906_b,0,0,0,0,0,0,0.3140651643728133,0,0,0,0.15816812332224545,0,0,0,0.5263965361763633,0,0,0.8248622253737653,0.5703291632345764,0,0,0,0,0,0.07488506873632331,0,0,0,0,0,0,0,0,0,0,0,0,0,0,0,0,0,0,0,0,0,0,0,0,0,6,1.578691958298571,0.7683114718077722,0.881084757977431,564.9776200000002,164.964899388692,310.602515850634
1906_c,10m,1906,1906_c,0,0,0,0,0,0,0,0,0,0,0,0,0,0,2.2817421634636172,0,0,0,0.4296708367710733,0,0,0,0,0,0.30382966527682376,0,0,0,0,0,0,0,0,0,0,0,0,0,0,0,0,0,0,0.9610724025249133,0,0,0,0,0,0,4,1.0988809052233848,0.5947818655749066,0.7926750162466761,467.7531280000001,132.51479323752557,433.6152356068093
1906_d,10m,1906,1906_d,0,0,0,0,0,0,0,0,0,0,0,0,0,0,0.27173491877126155,0,0,0,0,0,0,0,0,0,0.48205706988658853,0,0,0,0,0,0,0,0,0,0,0.7981581696770255,0,0,0,0,0,0,0,0,0,0,0,0,0,0,3,1.0102446935036213,0.6083636939062715,0.9195643485186026,342.6897460000001,140.09963051754823,188.2524366710221
719_a,10m,719,719_a,0,0,0,0,0,0.15232286672752515,0,0,0,0,0,0,0,0,0,0,0,0.008129082033623218,0.7259121615978142,0,0,0,0,0,0,0,0,0,0,0,0,0,0,0,0,0,0,0,0.686182777336244,0,0,0,0,0,0,0,0,0,0,0,4,0.9720492539357792,0.5870993269205214,0.7011853190764827,385.5794440000001,140.11221272344673,216.16545575994232
719_b,10m,719,719_b,0,0,0,0,0,0.8160429194040186,0,0,0,0,0,0,0,0,0,0,0,0,0.32854802913235465,0,0,0.9491609626846944,0,0,0,0,0,0,0,0,0,0,0,0,0,0.2861142433242127,0,0,0.6833691355790109,0,0,0,0,0,0,0,0,0,0,0,5,1.5109921415145984,0.7630252735800943,0.9388322033680607,440.008729,149.06059369791362,331.50900699689953
719_c,10m,719,719_c,0,0,0.03454532330787691,0,0,0,0.006561772020167021,0,0.5124609884981872,0,0,0,0,0,0,0,0,0,0.6506282152816963,0,0,0,0,0,0,0,0,0,0,0,0,0,0,0,0,0,0,0,0.4777406808708298,0,0,0,0,0,0,0,0,0,0,0,5,1.1884564202750463,0.6764106016264926,0.7384294921185465,554.57567,157.91717150549903,211.4964878544378
719_d,10m,719,719_d,0,0,0.735438243287674,0,0,0,1.0000000000104132,0,0,0,0,0,0,0,0,0,0,0,0,0,0,0,0,0,0,0,0,0,0,0,0,0,0,0,0,0.0398739381987536,0,0,0.8271311049904186,0,0,0,0,0,0,0,0,0,0,0,4,1.152977550871026,0.6712387128317844,0.8316974974489659,339.048432,146.35837116602548,303.13187540385434
818_a,10m,818,818_a,0,0,0.1473603804847887,0.6440294905209839,0,0,0,0,0.0943518237915915,0,0.4406673560872947,0,0,0,0,0.2203403100972742,0,0,0,0,0,0,0,0,0,0,0,0,0,0,0,0,0,0,0,0,0,0,0,0,0,0,0.19455814606004673,0,0,0,0,0,0,0,6,1.5890232603248415,0.7605720900703891,0.886850767424403,492.34038400000003,160.31424721715595,270.8012272677305
818_b,10m,818,818_b,0,0,0,0.23934467814231833,0,0,0,0,0,0,0,0,0,0,0,0,0,0,0,0,0,0,0,0,0,0.5607018057758906,0.9272951288539181,0,0,0,0,0,0,0,0,0,0,0,0,0,0,0,0,0,0,0,0,0,0,0,3,0.9730340012457857,0.587242379714787,0.885693716775581,337.0958089999999,110.38784426866557,200.29430541272413
818_c,10m,818,818_c,0,0,0.6993166248126913,0.033264686569599175,0,0,0,0,0,0,0,0,0,0,0,0,0,0.5633562622334214,0.2055362931636543,0,0,0,0,0,0,0,0,0,0,0,0,0,0,0,0,0,0,0,0.20986905255753516,0,0,0,0.005190655184643536,0,0,0,0,0,0,0,6,1.3365359602700235,0.6966429738935063,0.7459349221945758,463.19231500000006,152.02423684765168,269.0948145474465
818_d,10m,818,818_d,0,0,0.001865817603386946,0.8730638258931632,0,0,0,0,0,0,0,0,0,0,0,0,0,0.10716082064943264,0,0,0,0,0,0,0,0,0,0,0,0,0,0,0,0,0.8301089087350867,0,0,0,0,0,0,0,0.7737832213280871,0,0,0,0,0,0,0,5,1.229530503548786,0.6917221003897496,0.7639502549615316,433.6737540000001,156.8392157217013,318.9870536340517
917_a,10m,917,917_a,0,0,0.1106621553324358,0.5150508291328703,0,0,0,0.8324574935036412,0,0.3887755584124947,0.010843321472699957,0,0,0,0,0,0,0,0,0,0,0,0,0,0,0,0.02699640107379433,0,0,0,0,0,0,0,0,0,0,0,0,0,0,0,0,0,0,0,0,0,0,0,6,1.2979987254806504,0.6840174864071018,0.7244268819407262,437.50983999999994,113.86708868770067,241.48718218377684
917_b,10m,917,917_b,0,0,0.8066927444536511,0.5207499358832212,0,0,0,0,0,0,0.12659929703780473,0,0,0,0,0,0,0,0.3839960488997131,0,0,0,0,0,0,0,0.8241172440313835,0,0,0,0,0,0,0,0,0,0,0,0,0,0,0,0,0,0,0,0,0,0,0,5,1.4680881421418166,0.7510137350053151,0.9121744497254277,559.2743449999999,177.1393169264075,325.22501234570217
917_c,10m,917,917_c,0,0,0.48496151145035515,0.5336766212358383,0,0,0,0,0.4564020642675465,0,0.5427564844563795,0,0,0,0,0,0,0,0.26683706677234886,0,0,0,0,0,0,0,0.12545947838910868,0,0,0,0,0,0,0,0,0,0,0,0,0,0,0,0,0,0,0,0,0,0,0,6,1.7048231755105512,0.8089319929435906,0.9514799306432807,560.2928189999999,164.03346645279223,305.3995586630833
917_d,10m,917,917_d,0,0,0.10001349467431324,0.4663233788025335,0,0,0,0,0,0.6112244417010573,0,0,0,0,0,0,0,0.5560852355753582,0,0,0,0,0,0,0,0,0,0,0,0,0,0,0,0,0,0,0,0,0,0,0,0,0,0,0,0.22281885624616174,0,0,0,0,5,1.4622560607226174,0.7492174736583406,0.9085507737984833,484.43196000000006,164.86250884051432,257.18975765048106
1016_a,10m,1016,1016_a,0,0,0,0,0,0,0,0,0,0.0060981439470856845,0,0,0,0,0,0,0,0,0.002782919389673973,0,0,0,0,0,0.15534452508286678,0.15058562344173632,0.0670719760918365,0,0,0,0,0,0,0.7760910885894309,1.000000000006792,0,0,0,0,0,0,0,0,0,0,0,0,0,0,0,7,1.2324705741328699,0.6448956153516683,0.6333645850663768,824.7076769999999,168.37212267425937,341.94056898924345
1016_b,10m,1016,1016_b,0,0,0,0,0,0,0,0,0,0,0,0,0,0,0,0,0,0,0.995906462210577,0,0,0,0,0,0.0380802526438636,0,0.8719081810631096,0,0,0,0,0,0,0,0,0,0,0,0,0,0,0,0,0,0,0,0,0,0,0,3,0.7750989943360626,0.5172650047988667,0.7055255091636969,395.55860999999993,140.0966610377931,258.6204541102218
1016_c,10m,1016,1016_c,0,0,0,0,0,0,0,0.23148008721178617,0,0,0,0,0,0,0,0,0,0,0.7987985053610163,0,0,0,0,0,0.21897370987784437,0,0.36087583807437307,0,0,0,0,0,0,0,0,0,0,0,0,0,0,0,0,0,0,0,0,0,0,0,4,1.2331191321559314,0.6644788035491083,0.8895074283933323,517.9637019999999,172.80434518054165,216.53108107936137
1016_d,10m,1016,1016_d,0,0,0,0,0,0,0,0,0,0,0,0,0,0,0,0,0,0,0,0,0,0,0,0,0.5876015123872713,0.02778620526247532,0,0,0,0,0,0,0,0,0,0,0,0,0,0,0,0,0,0,0,0.18301696572182252,0,0,0,0,3,0.6801536776189393,0.40459205047706115,0.6191025575032625,394.229466,100.86311985244278,111.61120463549756
1115_a,10m,1115,1115_a,0,0,0,0,0,0.01641963454764662,0,0,0,0.28104302363925965,0,0,0,0,0,0.5623880872628818,0,0,0,0,0,0,0,0,0,0.15868972577174895,0,0,0,0,0,0,0,0.14327799925484097,0,0,0,0,0,0,0,0,0,0,0,0,0,0,0,0,5,1.2847396153239767,0.6731079293373141,0.798253604813464,603.9459429999999,168.0317079600672,174.97667978763826
1115_b,10m,1115,1115_b,0,0,0,0,0,0,0,0,0,0.3202835047198452,0,0,0,0,0,0,0,0,0,0,0,0,0,0,0,0,0,0,0,0,0,0,0,0,0,0,0,0,0,0,0,0,0,0,0,0,0,0.4905590754892136,0,0,2,0.6709325451929415,0.47795035509296124,0.9679510557208671,222.29601599999998,106.24645978295058,90.1235375918171
1115_c,10m,1115,1115_c,0,0,0,0,0,0,0,0,0,0.593572032766888,0,0,0,0,0,0,0,0.8738480975626263,0,0,0,0,0,0,0,0.08129715624813522,0,0,0,0,0,0,0,0,0,0,0,0,0,0,0,0,0,0,0,0,0,0.10415771665569401,0,0,4,1.0270921521172218,0.5851398003333927,0.7408903771977444,480.851944,124.63025084138502,204.28926124688144
1115_d,10m,1115,1115_d,0,0,0,0,0,0,0,0,0,0.05522292578538363,0,0,0,0,0,0.022217477294974572,0,0.12615190246180277,0,0,0,0,0,0,0,0.8427698704468085,0,0,0,0,0,0,0,0.4903623129365806,3.577061333794346e-4,0,0,0,0,0,0,0,0,0,0,0,0,0,0,0,6,1.081858491189478,0.5893655419802398,0.6037967203575466,710.138271,158.63707713321978,248.65474018264962
1214_a,10m,1214,1214_a,0.9132338905709904,0,0,0,0,0,0,0.0037850343517603674,0,0,0,0,0,0,0,0,0,0,0,0,0,0.799637427681252,0,0,0,0.3843051248955856,0,0,0,0,0,0,0,0.0030573862239573904,0,0,0,0,0,0,0,0,0,0,0,0,0,0,0,0,5,1.0613433000964168,0.6337997357069097,0.6594496699106895,547.2700179999999,160.46515862256425,291.6147282243005
1214_b,10m,1214,1214_b,0,0,0,0,0,0,0,0.25212968263241703,0,0,0,0,0,0,0,0,0,0,0,0,0,0,0,0,0,0.07507197698611014,0,0,0,0,0,0,0,0.08070291633936595,0,0,0,0,0,0,0,0,0,0,0,0,0,0,0,0,3,0.9294388347912239,0.5449252089530272,0.8460116861773125,402.14890499999996,145.39066385363915,59.16710493710459
1214_c,10m,1214,1214_c,0,0,0,0,0,0.29052769524959116,0,0.6981809102401784,0,0.004208118855167491,0,0,0,0,0,0,0,0,0,0,0,0,0,0,0,0.06646651232944172,0,0,0,0,0,0,0,0.6771879539164005,0,0,0,0,0,0,0,0,0,0,0,0,0,0,0,0,5,1.1721792462582952,0.6568329109279227,0.728315915266033,493.74919299999993,160.78246570392585,259.25294749151163
1214_d,10m,1214,1214_d,0.19686099732563075,0,0,0,0,0,0,0.045388912941937476,0,0,0,0,0,0,0,0,0,0,0,0,0,0.02775438774317887,0,0,0,1.0095976610627477,0,0,0,0,0,0,0,0.16985545691679776,0,0,0,0,0,0,0,0,0,0,0,0,0,0,0,0,5,0.9584943244747723,0.4813131876875132,0.5955460083732921,547.2700179999999,129.60724571029598,294.00754582724056
1313_a,10m,1313,1313_a,0.2344582424670113,0,0,0,0,0,0,0,0,0,0,0,0,0,0,0,0,0,0,0,0,0.7087023362387147,0,0,0,1.1533874536582234,0,0,0,0,0,0,0,0,0,0,0,0,0,0,0,0,0,0,0,0,0,0,0,0,3,0.9403851673867303,0.5705775396137469,0.8559754674934463,390.40297799999996,152.4758761808499,285.9316590558074
1313_b,10m,1313,1313_b,0,0,0,0,0,0,0,0,0,0,0,0,0,0,0,0,0,0,0,0,0,0.27929157565093454,0,0,0,0.27440384447924165,0,0,0,0,0,0,0,0.12574116523298895,0,0,0,0,0,0,0,0,0,0,0,0,0,0,0,0,3,1.0438270877124136,0.633666350848894,0.9501323610514912,402.14890499999996,170.54565304621946,95.66818461972345
1313_c,10m,1313,1313_c,0.18941907788508308,0,0,0,0,0,0,0,0,0,0,0,0,0,0,0,0,0,0,0,0,0,0,0,0.6873911686312548,0.2768721738409383,0,0,0,0,0,0,0,0.5692398406540263,0,0,0,0,0,0,0,0,0,0,0,0,0,0,0,0,4,1.26902448401677,0.6937543169224656,0.9154076649288349,524.553997,182.45147623990385,232.64935181729183
1313_d,10m,1313,1313_d,0,0,0,0,0,0,0,0,0,0,0,0,0,0,0,0,0,0,0,0,0,0,0,0,0.12686937959567662,3.2148427983187644,0,0,0,0,0,0,0,0,0,0,0,0,0,0,0,0,0,0,0,0,0,0,0,0,2,0.16142322161106726,0.07304802366478769,0.2328844813026069,271.82437400000003,19.856233304618108,454.17941042488474
1412_a,10m,1412,1412_a,0,0,0,0.2701286707514156,0,0,0,0,0,0,0,0,0,0,0,0,0,0,0,0,0,0,0,0,0,0.2793957865903769,0,0,0,0,0,0,0,0,0.24624468196012506,0,0,0,0,0,0,0,0,0,0,0.9618768762493646,0,0,0,0,4,1.185435132574801,0.6319982226178358,0.8551106935306081,494.66103699999996,154.33459102797133,227.2732780308736
1412_b,10m,1412,1412_b,0,0,0,0.7269153677329333,0,0,0,0,0,0,0,0,0,0,0,0,0,0,0,0,0,0,0,0,0.691188352124833,0.6218985381910306,0,0,0,0,0,0,0,0,0,0,0,0,0,0,0,0,0,0,0,0.09319589591540449,0,0,0,0,4,1.2281265365227592,0.6919942923970259,0.8859060319127615,498.487525,179.48571551317798,286.28590076082753
1412_c,10m,1412,1412_c,0.14620651541381138,0,0,0,0,1.0000000000071756,0,0,0,0,0,0,0,0,0,0,0,0,0,0,0,0.0016777732994544055,0,0,0.30881164790177146,0,0,0,0,0,0,0,0,0,0,0,0,0,0,0,0,0,0,0,0,0.004552166887411749,0,0,0,0,5,0.8441297644139075,0.4769855530817265,0.5244873119319358,558.295877,115.56599849438548,190.39565128901702
1412_d,10m,1412,1412_d,0,0,0,0,0,0,0,0,0,0,0,0,0,0,0,0,0,0,0,0,0,0,0,0,0,0.9008767369945669,0,0,0,0,0,0,0,0,0,0,0,0,0,0,0,0,0,0,0,0.3466069098209494,0,0,0,0,2,0.5909063257090659,0.4012941808609335,0.8524976257303879,271.824374,109.08153950236597,169.54823068543237
1511_a,10m,1511,1511_a,0,0,0,0.049396219223567905,0,0,0,0,0,0,0.12105938046907072,0,0,0,0,0,0,0,0.9777630854374734,0,0,0,0,0,1.1260119027585322,0,0,0,0,0,0,0,0,0,0,0,0,0,0,0,0,0,0,0,0,0,0,0,0,0.3997696315606865,5,1.2300518267791447,0.6642319568185944,0.7642741712967509,599.6001770000001,163.48409565443617,335.14503040797945
1511_b,10m,1511,1511_b,0,0,0,0.3031335126413273,0,0,0,0,0,0,0.008677301215758406,0,0,0,0,0,0,0,0.5453377643861025,0,0,0,0,0,1.6566412476171202,0,1.7071274000776682,0,0,0,0,0,0,0,0,0,0,0,0,0,0,0,0,0,0,0.08046700491963772,0,0,0,0.18197646521900876,7,1.3882371575778123,0.6971375811578511,0.7134127740953321,851.9483720000001,183.57988631267267,602.5466488014677
1511_c,10m,1511,1511_c,0,0,0,0.893164106692831,0,0,0,0,0,0,0.1610129265331124,0,0,0,0,0,0,0,0.6661116368340566,0,0,0,0,0,0.923751622540735,0.1473465376078653,0,0,0,0,0,0,0,0,0.04514843927316512,0,0,0,0,0,0,0,0,0,0,0.0032017157859657625,0,0,0,0,7,1.4589919180687054,0.7340748431538581,0.7497735282263709,851.948374,182.83970827286305,370.9714175973987
1511_d,10m,1511,1511_d,0,0,0.5708890108865876,1.2870026837740607,0,0,0,0,0,0,0.7092503918011402,0,0,0,0,0,0,0,0.5098560610974809,0,0,0,0,0,0.6294355718504281,0,0,0,0,0,0,0,0,0,0,0,0,0,0,0,0,0,0,0,0,0.1517601269440404,0,0,0,0,6,1.65083781796034,0.7874128645149949,0.9213501289163393,637.84736,175.2805573572882,402.51391420086765
324_a,10m,324,324_a,0,0,0.7070528660630336,0,0,0,1.0611660294079357,0,0,0,0,0,0,0,0,0,0,0,0.6837549857952825,0,0,0,0,0,0,0,0,0,0,0,0,0,0,0,0,0.17662170669395627,0,0,0.015181084490829472,0,0,0,0.040002783547109996,0,0,0,0,0,0,0,6,1.3376965526524902,0.704756256630817,0.7465826611363249,479.715001,167.60017980587958,393.2748331518929
324_b,10m,324,324_b,0,0,0.09664769805704357,0,0,0,0.5271495031978065,0,0,0,0,0,0,0,0,0,0,0,0.07714519301980509,0,0,0,0,0,0,0,0,0,0,0,0,0,0,0,0,0.044002228674216624,0,0,0.10893882000074853,0,0,0.3214667953584995,0.08669615055798206,0,0,0,0,0,0,0,7,1.5930509816311136,0.7376632653958971,0.8186662587707335,484.406327,134.65610556585042,201.93933442708405
324_c,10m,324,324_c,0,0,0.5564208006510368,0,0,0,0,0,0.9073011426620157,0,0,0,0,0,0,0,0.3214671556963144,0,0.6659994804337693,0,0,0,0,0,0,0,0,0,0,0,0,0,0,0,0,0.8756471365577866,0,0,0,0,0,0,0.5414610538152664,0,0,0,0,0,0,0,6,1.7401778590555397,0.8169149175481201,0.9712117552280953,588.044069,176.65041736165588,405.7584655054105
324_d,10m,324,324_d,0,0,1.186467524531632,0,0,0,0.6213942463184835,0,0,0,0,0,0,0,0,0,0.40074748645180985,0,0.31624501423940293,0,0,0,0,0,0,0,0,0,0,0,0,0,0,0,0,0.33380116046387054,0,0,0,0,0,0,0.33184001207464425,0,0,0,0,0,0,0,6,1.6477556153919126,0.7764094641604095,0.9196299189097163,588.044068,179.40027613032035,413.249021355447
1610_a,10m,1610,1610_a,0,0,0,0.7334621328174464,0,0,0,0,0,0,0.30514998875019145,0,0,0,0,0,0,0.2731822380428708,0.21908865596661503,0,0,0,0,0,0,0,0,0,0,0,0,0,0,0,0,0,0,0,0,0,0,0,0,0,0,0,0,0,0,0,4,1.2597946326966896,0.6783961907314302,0.9087497345650236,463.9266400000001,160.4704703248561,196.5432628318796
1610_b,10m,1610,1610_b,0,0,0.00873597750039767,0,0,0,0.4335035324438665,0,0,0,1.0040221935800766,0,0,0,0,0,0,0,0,0,0,0,0,0,0,0,0,0,0,0,0,0,0,0,0,0,0,0,0,0,0,0,0,0,0,0,0,0,0,0,3,0.6453685638079145,0.42817914477840047,0.5874397824097888,327.80623699999995,78.29879319861837,159.2757862471852
1610_c,10m,1610,1610_c,0,0,0.9999999999992588,0,0,0,0.39528917849164635,0,0,0,0.049802029365803496,0,0,0,0,0,0,0,0,0,0,0,0,0,0,0,0,0,0,0,0,0,0,0,0,0,0,0,0,0,0,0,0,0,0,0,0,0,0,0,3,0.7254328701460289,0.4451275665148946,0.6603174546914082,327.80623699999995,104.51204709855999,186.8552638584291
1610_d,10m,1610,1610_d,0,0,0,0,0,0,0,0,0,0,0,0,0,0,0,0,0,0.037783583862961406,0.6682205995635847,0,0,0.7828553329513364,0,0,0,0.08128782248706079,0,0,0,0,0,0,0,0,0,0,0,0,0,0,0,0,0,0,0,0,0,0,0,0,4,0.953555753173189,0.5670346735849232,0.6878450781570501,493.43817300000006,141.4736939231213,212.08617428616014
423_a,10m,423,423_a,0,0,0.12693356328816094,0,0,0,0,0,0,0,0,0,0,0,0,0,0,0,0.6282743152692251,0,0,0,0,0,0,0,0,0,0,0,0,0,0,0,0,0.29984386181005523,0,0,0,0,0,0,0,0,0,0,0,0,0,0,3,0.9210077105150738,0.5501466961540159,0.8383373461365948,366.047078,135.4388383872248,133.50134731339605
423_b,10m,423,423_b,0,0,0.3042200954756322,0,0,0,0,0,0.08500515763161243,0,0,0,0,0,0,0,0,0,0,0,0,0,0,0,0,0,0,0,0,0,0,0,0,0,0,0.3743439051899141,0,0,0,0,0,0,0,0,0,0,0,0,0,0,3,0.96050693072357,0.5885188264229166,0.8742910857915396,335.036771,135.05261531310882,101.73392076367776
423_c,10m,423,423_c,0,0,0.6334485135839104,0,0,0,1.6308644778080226,0,0.26524675942185827,0,0,0,0,0,0,0,0.04160902566467265,0,0.813404353615903,0,0,0,0,0,0,0,0,0,0,0,0,0,0,0,0,0,0,0,0,0,0,0,0,0,0,0,0,0,0,0,5,1.2617253366145882,0.6687404016731058,0.7839540294576294,569.036836,158.19773624726852,387.5256245759126
423_d,10m,423,423_d,0,0,0.9353978276852428,0,0,0,0.009821803452207312,0,0,0,0,0,0,0,0,0,0.10696706343145511,0,0.9920155459900997,0,0,0,0,0,0,0,0,0,0,0,0,0,0,0,0,1.093203973548156,0,0,0,0,0,0,0,0,0,0,0,0,0,0,5,1.2254728567281763,0.6885504090258616,0.761429097239782,576.267369,167.6287752479961,379.5905391129976
1709_a,10m,1709,1709_a,0,0,0.3072954536318069,0.3311764700798905,0,0,0,0,0,0,0,0,0,0,0,0,0,0,0,0,0,0,1,0,0,0,0,0,0,0,0,0,0,0,0.4747311948543115,0,0,0,0.49280345051203595,0,0,0,0,0,0,0.5990918302233439,0,0,0,0,6,1.7069797933578754,0.8022668753832802,0.9526835619812825,1029.2218579999999,361.82551259728297,811.2120117456961
1709_b,10m,1709,1709_b,0,0,0,0,0,0,0,0,0,0,0,0,0,0,0,0,0,0,0,0,0,0,0,0,0,0,0,0,0,0,0,0,0,0,0.3687083422235659,0.5051504023505851,0,0,0,0,0,0,0,0,0,0.7178543318331814,0,0,0,0,3,1.0621583146691314,0.6422263514964968,0.966818162899695,348.305216,150.12357673721925,189.6804192769291
1709_c,10m,1709,1709_c,0,0,1.0475083036064265,0.005447118038595501,0,0,0,0,0,0,0,0,0,0,0,0,0,0,0,0,0,0,0,0,0,0,0,0,0,0,0,0,0,0,0,0,0,0,0,0,0,0,0,0,0,0.249157314336312,1.6321853173735392,0,0,0,4,0.9150604556622777,0.5559390314655966,0.6600765907487816,386.552398,129.90487142491884,340.4877741857596
1709_d,10m,1709,1709_d,0,0,3.4228125733045722,0.6658985771426306,0,0,0.016014645403684264,0,0,0,0.07275533426892954,0,0,0,0,0,0,0,0,0,0,0,0,0,0,0,0,0,0,0,0,0,0,0,0,0,0,0,0.22143675735547952,0,0,0,0,0,0,0.17730418872001738,0.13168866327700338,0,0,0,7,0.9594988543899748,0.4467517039473464,0.4930848707766829,686.2289979999999,73.73375487443212,348.76710656335536
522_a,10m,522,522_a,0,0,0,0,0,0,2.576060386597589,0,0.2226719082395961,0,0,0,0,0,0,0,0.041275345111882,0,0.019830548389093917,0,0,0,0,0,0,0,0,0,0,0,0,0,0,0,0,3.719024395956855e-6,0,0,0,0,0,0,0,0,0,0,0,0,0,0,5,0.38856088029488206,0.18229421713459193,0.24142644913044572,548.337795,35.825599048228895,305.0461248191831
522_b,10m,522,522_b,0,0,0,0,0,0,0.11143898659871562,0,0.01791976541967733,0,0,0,0,0,0,0,0.014823429647300596,0,2.0998008095448966,0,0,0,0,0,0,0,0,0,0,0,0,0,0,0,0,1.7509837517109865,0,0,0,0,0,0,0,0,0,0,0,0,0,0,5,0.8444662164977647,0.5308157906189297,0.5246963613654416,548.337795,129.78698652749387,465.1489133105326
522_c,10m,522,522_c,0,0,0,0,0,0,0,0,0,0,0,0,0,0,0,0,0,0,1.385592695167269,0,0,0,0,0,0,0,0,0,0,0,0,0,0,0,0,1.737994826165445,0,0,0,0,0,0,0,0,0,0,0,0,0,0,2,0.6867694709872424,0.493635860393944,0.9907989100272314,247.46847400000001,122.15931308336634,386.4947186548246
522_d,10m,522,522_d,0,0,0,0,0,0,0.3919279037950151,0,0.6664275281838798,0,0,0,0,0,0,0,0,0,1.514593494023843,0,0,0,0,0,0,0,0,0,0,0,0,0,0,0,0,0.11008379046210869,0,0,0,0,0,0,0,0,0,0,0,0,0,0,4,1.0807537412773223,0.5966133715617867,0.7795990314814933,435.997066,141.16743990784076,327.20612356420895
1808_a,10m,1808,1808_a,0,0,0.6359285065855275,0,0,0,0,0.3009630635231179,0.13194270008765874,0,0.18154688558104368,0,0,0,0,0,0,0,0,0,0,0,0,0,0,0,0,0,0,0,0,0,0,0,0,1.1412765919594487,0,0,0,0,0,0,0,0,0,0,0,0,0,0,5,1.3216468378695498,0.6769483240999055,0.8211853515185947,337.006503,140.66511847083282,305.3392204914629
1808_b,10m,1808,1808_b,0,0,1.0139107028653607,0,0,0,0,0,0.8635158808116993,0,0.162085039840113,0,0,0,0.7535581943063491,0,0,0,0,0,0,0.3028535638060567,0,0,0,0,0,0,0,0,0,0,0,0,0,0.45080908147012844,0,0,0,0,0,0,0,0,0,0.0018386734541365104,0,0,0,0,7,1.647929031018059,0.7885424810938332,0.84686799738317,473.43127600000014,132.35264094368262,295.9437646363315
1808_c,10m,1808,1808_c,0,0,0.3238039108852822,0.1704238346280176,0,0,1.1430964228294351e-4,0,0.004541419136330272,0,0.3120173309072838,0,0,0,1.5553424197448122,0,0.6424519689232266,0,0,0,0,0.04990786124183138,0.4594351402297212,0,0,0,0,0,0,0,0,0,0,0,0,0,0,0,0,0,0,0,0,0,0,0,0.20156229500089226,0,0,0,10,1.71222537352803,0.7602313328476277,0.7436100314979576,1173.4835110000001,251.72912617539956,682.9015517540589
1808_d,10m,1808,1808_d,0,0,0.7472039339817389,0,0,0,0.9998856903485734,0.2732035315865208,0,0,0.3443507436607738,0,0,0,0.10510506168775172,0,0,0.3188912249290149,0,0,0,0,0,0,0,0,0,0,0,0,0,0,0,0,0,0,0,0,0,0,0,0,0,0,0,0,0.17198880124333016,0,0,0,7,1.7080612295882256,0.7839644544955202,0.8777698345514273,544.4277440000002,161.9693595312962,348.45041983132387
621_a,10m,621,621_a,0,0,0,0,0,0,0.4355729702036397,0,0,0,0,0,0,0,0,0,0,0,0,0,0,0,0,0,0,0,0,0,0,0,0,0,0,0,0,1.3280332319155486,0,0,0,0,0,0,0,0,0,0,0,0,0,0,2,0.558991374997079,0.37196033049267285,0.8064540846079887,195.75912499999998,72.81462883195647,172.62100393194282
621_b,10m,621,621_b,0,0,0,0,0,0,0,0,0,0,0,0,0,0,0,0,0.02572180687052532,0,0,0,0,0,0,0,0,0,0,0,0,0,0,0,0,0,0,2.077678160180495,0,0,0,0,0,0,0,0,0,0,0,0,0,0,2,0.06600836205869867,0.024158280404810384,0.09522993659928779,247.468474,5.978412786242515,260.26259002888315
621_c,10m,621,621_c,0,0,0,0,0,0,0,0,0,0,0,0,0,0,0,0,0.020774090576119952,0,0,0,0,0,0,0,0,0,0,0,0,0,0,0,0,0,0,0.6624937377738277,0,0,0,0,0,0,0.12442123837860965,0,0,0,0,0,0,0,3,0.5448348854906557,0.3028250894748762,0.49593008480833595,259.245173,18.35467587217072,123.79526505954453
621_d,10m,621,621_d,0,0,0,0,0,0,0.04146176404950238,0,0,0,0,0,0,0,0,0,0,0,0.1762319625526421,0,0,0,0,0,0,0,0,0,0,0,0,0,0,0,0,0.2934792070369593,0,0,0,0,0,0,0.3263414337830577,0,0,0,0,0,0,0,4,1.2114758870044957,0.6786486785010426,0.8738951271689721,357.124735,103.00766985817216,145.12116584730086
1907_a,10m,1907,1907_a,0,0,0,0,0,0,0,0,0,0,0,0,0,0,0.6147233405537521,0,0,0,0,0,0,0,0,0,0,0,0,0,0,0,0,0,0,0,0,0.8003755304674102,0,0,0,0,0,0,0,0.13624092674887178,0,0,0,0,0,0,3,0.9218694747544774,0.5690918337448378,0.8391217577514043,207.53582400000013,95.79987137103245,157.30196541966072
1907_b,10m,1907,1907_b,0,0,0.8020808863764697,0,0,0,0,0,0,0,0,0,0,0,0.6445550287525997,0,0,0,0,0,0,0,0,0,0,0,0,0,0,0,0,0,0,0,0,0,0,0,0,0,0,0,0,0.14793249231368782,0,0.8884553680555727,0,0,0,0,4,1.2508988022783867,0.6966912524100923,0.9023327493504862,439.2948290000001,157.3240574276694,288.83994615658145
1907_c,10m,1907,1907_c,0,0,0.9999999999941016,0,0,0,0,0,0.8964991023705398,0,0.9500427811238248,0,0,0,2.259800831572208,0,0,0.12553294542376045,0,0,0,0,0,0,0,0,0,0,0,0,0,0,0,0,0,0.06551704529057492,0,0,0,0,0,0,0,0.3699378845427489,0,0,0,0,0,0,7,1.577892339813175,0.7518606717309252,0.8108762578679181,394.6388140000002,100.8401512557642,349.16007830888844
1907_d,10m,1907,1907_d,0,0,0,0,0,0,0,0,0,0,0,0,0,0,1.1470891939007632,0,0,0.18072072912560525,0,0,0,0,0,0,0,0,0,0,0,0,0,0,0,0,0,0.5452209607181634,0,0,0,0,0,0,0,0.34588869637853176,0,0,0,0,0,0,4,1.1799478916604411,0.6414458900353867,0.8511524859029531,247.76723100000018,104.83484859834465,216.1444312883499
720_a,10m,720,720_a,0,0,0.20856254544528133,0,0,0,0,0,0,0,0,0,0,0,0,0,0,0,0,0,0,0,0.264606143414343,0,0,0,0,0,0,0,0,0,0,0,0,0.17939859441530215,0,0,0.09725128144034478,0,0,0,0,0,0,0,0,0,0,0,4,1.3305944816671418,0.7240328709463837,0.9598210300677031,772.690322,346.08790955846996,432.8894816056671
720_b,10m,720,720_b,0,0,1.1344047204726546,0,0,0,0.04337278453503831,0,0.12372377177315909,0,0.9522705381728088,0,0,0,0,0,0,0,0,0,0,0,0.0746375383606056,0,0,0,0,0,0,0,0,0,0,0,0,6.706962136723755e-4,0,0,0.009131498457281256,0,0,0,0,0,0,0,0.999999999989952,0,0,0,8,1.3670894839843173,0.7113571599668342,0.6574310729985422,1073.385396,178.22313652607218,692.8914211813401
720_c,10m,720,720_c,0,0,0.5673682148066607,0,0,0,0.6079890985319907,0,0.9887801753117149,0,0,0,0,0,0,0,0,0,0,0,0,0,0.16754218049084266,0,0,0,0,0,0,0,0,0,0,0,0,0.5857511385767481,0,0,0,0,0,0,0.03196592968624051,0,0,0,0,0,0,0,6,1.5420063290335206,0.7653231304192136,0.8606101184428869,968.9839509999999,207.7235383079157,594.2614365053182
720_d,10m,720,720_d,0,0,0.21814995222999906,0,0,0,0,0,0,0,0,0,0,0,0,0,0,0,0,0,0,0,0.4932141377250105,0,0,0,0,0,0,0,0,0,0,0,0,2.1164201306507335,0,0,0,0,0,0,0.03380251751007744,0,0,0,0,0,0,0,4,0.7747884694160541,0.41733867389746804,0.5588917412822457,780.455359,213.0551568913129,524.7830399859832
819_a,10m,819,819_a,0,0,1.6191892064902489,0.18936274602607264,0,0,0,0,0,0,0,0,0,0,0,0,0,0.024263930900407543,0,0,0,0,0,0,0,0,0,0,0,0,0,0,0,0,0.16989109123237753,0,0,0,0,0,0,0,0,0,0,0,0,0,0,0,4,0.6576339398503503,0.33004386727367907,0.4743826118711857,393.44234600000004,55.784374644163215,184.08485933002603
819_b,10m,819,819_b,0,0,0.15042842684900243,0,0,0,0,0,0,0,0,0,0,0,0,0,0,0.23971159099812586,0.006526353929729817,0,0,0,0,0,0,0,0,0,0,0,0,0,0,0,0,0,0,0,0.008139007755819144,0,0,0,0,0,0,0,0,0,0,0,4,0.8232313912551652,0.5105847929061973,0.5938359228339745,406.2784850000001,117.68475911959571,112.11933360336059
819_c,10m,819,819_c,0,0,3.0829767173037,0,0,0,0,0,0,0,0,0,0,0,0,0,0,0,0,0,0,0,0,0,0,0,0.5542404035744977,0,0,0,0,0,0,0,0,0.41425300963441075,0,0,0,0,0,0,0,0,0,0,0,0,0,0,3,0.7131685492122821,0.3917823858715753,0.6491539886895713,390.40297699999996,101.10140499942327,507.3582267069545
819_d,10m,819,819_d,0,0,0.9391409495587859,0,0,0,0,0,0,0,0,0,0,0,0,0,0,0,0,0,0,0,0,0,0,0,0.3998819433007766,0,0,0,0,0,0,0,0,0,0,0,0,0,0,0,0,0,0,0,0,0,0,0,2,0.6097051123172179,0.4189059828985976,0.8796185419446988,271.8243729999999,113.86885614735998,181.98952941172786
918_a,10m,918,918_a,0,0,0,0,0,0,0,0,0,0,0,0,0,0,0,0,0,0.35791174064846426,0.192784698727089,0,0,0,0,0,0,0,0,0,0,0,0,0,0,0,0,0,0,0,0,0,0,0,0,0,0,0.7708746462659172,0,0,0,0,3,0.9490130064349664,0.5651344559471947,0.8638288650361736,366.04707700000006,136.59518939518267,162.85961421887072
918_b,10m,918,918_b,0,0,0.7643058430989333,0,0,0,0,0,0.2621752864543211,0,0.39265077978132723,0,0,0,0,0,0,0,0,0,0,0,0,0,0,0,0,0,0,0,0,0,0,0,0,0,0,0,0,0,0,0,0,0,0,0,0,0,0,0,3,1.0007842162159828,0.5992552953453125,0.9109530509887818,238.175682,118.0811294657544,208.85737322669783
918_c,10m,918,918_c,0,0,0.08646795870903384,0.5210988428381202,0,0,0,0,0,0,0,0,0,0,0,0,0,0,0.17962217588667595,0,0,0,0,0,0,0,0,0,0,0,0,0,0,0,0,0,0,0,0,0,0,0,0.026467977424543113,0,0,0,0,0,0,0,4,0.9685445525692598,0.5287497676106603,0.6986572114358455,411.184209,108.95066145705142,131.38487700800837
918_d,10m,918,918_d,0,0,0,0,0,0,0,0,0,0,0,0,0,0,0,0,0,0,0.7785269872234312,0,0,0,0,0,0,0,0,0,0,0,0,0,0,0,0,0,0,0,0,0,0,0,0,0,0,0,0,0,0,0,1,-0,0,0,1,0,0.7785269872234312
1017_a,10m,1017,1017_a,0,0,0.5161155380076522,0,0,0,0,8.987419235873207e-4,0,0,0,0,0,0,0,0,0,0,0,0,0,0,0,0,0,0,0,0,0,0,0,0,0,0,0,0,0,0,0,0,0,0,0,0,0,0,0,0,0,0,2,0.012783616577232286,0.0034706183078974107,0.018442860240598963,237.157208,0.8230821479346475,61.3068315623116
1017_b,10m,1017,1017_b,0,0,0.6576611933538803,0,0,0,0,0.6396088710831924,0,0,0,0,0,0,0,0,0,0,0,0,0,0,0,0,0,0,0.6043048422553251,0,0,0,0,0,0,0,0,0,0,0,0,0,0,0,0,0,0,0,0,0,0,0,3,1.0979983932587654,0.6662592941807497,0.9994412083173686,390.4029769999999,173.03988773879496,253.2944483732445
1017_c,10m,1017,1017_c,0,0,1.3321080614892884,0,0,0,0,0,0,0,0,0,0,0,0,0,0,0.4439147644165956,0,0,0,0,0,0,0,0,0,0,0,0,0,0,0,0,0,0,0,0,0,0,0,0,0,0,0,0,0,0,0,0,2,0.5622788826825373,0.37494878929932196,0.8111969556426839,237.15720700000008,88.92180763825873,210.59830692414002
1017_d,10m,1017,1017_d,0,0,0.27273982663228363,0.11697633868079449,0,0,0,0,0,0.3215943414119514,0,0,0,0,0,0,0,0,0,0,0,0,0,0,0,0,0,0,0,0,0,0,0,0,0,0,0,0,0,0,0,0,0,0,0,0,0,0,0,0,3,1.0233106852782785,0.621526604385799,0.9314575267666791,282.294339,128.8757387802471,129.16635066548264
1116_a,10m,1116,1116_a,0,0,0,0,0,0,0,0,0,0,0,0,0,0,0,0,0,0,0,0,0,0,0,0,0.6353946206847686,1.6527464916063423,0,0,0,0,0,0,0,0,0.9996422938848123,0,0,0,0,0,0,0,0,0,0,0,0,0,0,0,3,1.0253947934575889,0.6175054849736714,0.9333545637840213,394.229466,164.67833450041832,438.2723291820808
1116_b,10m,1116,1116_b,0,0,0,0,0,0,0,0,0,0.11379233169572343,0,0,0,0,0,0,0,0,0,0,0,0,0,0,0.10799076811848099,1.2067076365720901,0,0,0,0,0,0,0,0.20108410213920785,0,0,0,0,0,0,0,0,0,0,0,0.018534796957017385,0,0,0,0,5,0.898509567291565,0.43984398865090746,0.5582753831942897,643.1326009999999,118.8246083253123,236.45583435262603
1116_c,10m,1116,1116_c,0,0,0,0,0,0,0,0,0,0,0,0,0,0,0,0,0,0,0,0,0,0,0,0,0.021161178871058103,0.22332669953339152,0,0,0,0,0,0,0,0,0,0,0,0,0,0,0,0,0,0,0,0.7984482373916492,0,0,0,0.23207481329292812,4,0.9763536821190223,0.5437519712954115,0.7042903076733964,512.8080690000002,139.17722278476248,172.47462370353907
1116_d,10m,1116,1116_d,0,0,0,0,0,0,0,0.0026919978651110503,0,0,0,0,0,0,0,0,0,0,0,0,0,0,0,0,0.23545343232535237,0.49885196970021545,0,0,0,0,0,0,0,0,0,0,0,0,0,0,0,0,0,0,0,0,0,0,0,0.0026828178084622755,4,0.6708581600836296,0.44381076337401915,0.48392187034627343,505.3774730000001,120.51230629061357,121.98234028951657
1215_a,10m,1215,1215_a,0,0,0,0,0,0,0,0,0,0,0,0,0,0,0,0,0,0,0,0,0,0,0,0,0.7892474704619988,1.1483917354228717,0,0,0,0,0,0,0,0.0011448788470436485,0,0,0,0,0,0,0,0,0,0,0,0,0.09762911030411871,0,0,0,4,0.8402388043290381,0.5294772309505322,0.6061041780839876,524.553997,142.91546240683164,278.2949425541627
1215_b,10m,1215,1215_b,0,0,0,0,0,0.6925270637895437,0,0,0,0.00618620681659305,0,0,0,0,0,0.4052249622966314,0,0,0,0,0,0,0,0,0.09044169739400022,1.3865551534168354,0,0,0,0,0,0,0,0.13445054659246863,0,0,0,0,0,0,0,0,0,0,0,0,7.429733552371744e-4,0,0,0,7,1.2537091508672873,0.6485689230894164,0.6442790544444866,805.521677,171.1552589979084,389.7614173400554
1215_c,10m,1215,1215_c,0,0,0,0,0,0,0,0,0,0,0,0,0,0,0,0.01016947310112282,0,0,0.1322956996908766,0,0,0,0,0,2.2547393191447305,1.8985257834992355,0,0,0,0,0,0,0,0.29420530912204423,0,0,0,0,0,0,0,0,0,0,0,0,0.11470772219884387,0,0,0,6,1.0962973437915573,0.6021640205516534,0.6118551974299742,727.458876,161.54449078671172,655.3641942189277
1215_d,10m,1215,1215_d,0,0,0,0,0,0,0,0,0,0,0,0,0,0,0,0,0,0,0.07443267955226342,0,0,0,0,0,0.8041522523236068,0.5538820022079719,0,0,0,0,0,0,0,0,0,0,0,0,0,0,0,0,0,0,0,0,0.786920194142774,0,0,0,4,1.1957411140905911,0.6795914510567946,0.86254488774277,517.963703,176.61730218817553,292.7516492606715
1314_a,10m,1314,1314_a,0,0,0,0,0,0,0,0,0,0,0,0,0,0,0,0,0,0,0,0,0,0,0,0,1.207427709905788,1.9329309024138672,0,0,0,0,0,0,0,0,0,0,0,0,0,0,0,0,0,0,0,0,0,0,0,0,2,0.6662181634732924,0.4733135890236835,0.9611496405930717,271.82437400000003,128.658170042056,426.8130069646495
1314_b,10m,1314,1314_b,0.011322254229917126,0,0,0,0,0,0,0,0,0,0,0,0,0,0,0,0,0,0,0,0,0.17260818466355177,0,0,0.6968585780946269,3.9231405751080533,0,0,0,0,0,0,0,0,0,0,0,0,0,0,0,0,0,0,0,0,0,0,0,0,4,0.5792315470739676,0.3107398750652235,0.41782724024502765,512.80807,84.1607275015263,657.64545151113
1314_c,10m,1314,1314_c,0,0,0,0,0,0,0,0,0,0,0,0,0,0,0,0,0,0,0,0,0,0,0,0,0.981387716131696,1.2363908159529489,0,0,0,0,0,0,0,0,1.0000000000096576,0,0,0,0,0,0,0,0,0,0,0,0,0,0,0,3,1.0928874317981991,0.6627631041059024,0.9947890107101832,394.229466,175.03421908923934,424.07962046483203
1314_d,10m,1314,1314_d,0,0,0,0,0,0,0,0,0,0,0,0,0,0,0,0,0,0,0,0,0,0,0,0,0.9858557824593004,2.4939024235256944,0,0,0,0,0,0,0,0,0,0,0,0,0,0,0,0,0,0,0,0,0,0,0,0,2,0.5960538404153858,0.4060922540635459,0.8599239196700987,271.82437400000003,110.38577274707231,472.9415480066171
1413_a,10m,1413,1413_a,0,0,0,0,0,0,0,0,0,0,0,0,0,0,0,0,0,0,0,0,0,0,0,0,0,0.6414280707184261,0,0,0,0,0,0,0,0.16784846159192204,0,0,0,0,0,0,0,0,0,0,0,0,0,0,0,0,2,0.5104988979569585,0.32877700068637794,0.736494228461785,271.824374,89.36960239717224,109.99054339407557
1413_b,10m,1413,1413_b,0.039922117019801556,0,0,0,0,0,0,0,0,0,0,0,0,0,0,0,0,0,0,0,0,0.25745961811172374,0,0,0,2.364916000917378,0,0,0,0,0,0,0,4.6267012315534215e-5,0,0,0,0,0,0,0,0,0,0,0,0,0,0,0,0,4,0.3943107793366989,0.20137605030629968,0.28443510295905894,520.7275089999999,54.638334548008245,374.02362948964964
1413_c,10m,1413,1413_c,0,0,0,0,0,0,0,0,0,0,0,0,0,0,0,0,0,0,0,0,0,0,0,0,0.5653378411043003,1.4733997616690788,0,0,0,0,0,0,0,0.03867891336954217,0,0,0,0,0,0,0,0,0,0,0,0,0,0,0,0,3,0.6720047861013552,0.4225656915214633,0.6116851167904308,402.14890499999996,114.75040806528132,284.5588401766689
1413_d,10m,1413,1413_d,0,0,0,0,0,0,0,0,0,0,0,0,0,0,0,0,0,0,0,0,0,0.09658880624916055,0,0,0,2.0196648243772826,0,0,0,0,0,0,0,0.6280646134831143,0,0,0,0,0,0,0,0,0,0,0,0,0,0,0,0,3,0.680923071938399,0.40477063705234595,0.6198028903935786,402.14890499999996,109.84649214966831,374.5248363522422
1512_a,10m,1512,1512_a,0,0,0.429110989216432,0,0,0,0,0,0,0,0,0,0,0,0,0,0,0,0.41185361189952474,0,0,0,0,0,0.7217702314053852,0.48923215822666927,0,0,0,0,0,0,0,0,0,0,0,0,0,0,0,0,0,0,0,0.7496999248645074,0,0,0,0,5,1.5761264537674236,0.7864647830037031,0.9793024270092552,622.221762,197.87681418835118,360.3560224075305
1512_b,10m,1512,1512_b,0,0,0,0,0,0,0,0,0,0,0,0,0,0,0,0,0,0,0,0,0,0,0,0,0,0.05880824117203291,0,0,0,0,0,0,0,0,0.7053168095619574,0,0,0,0.3929209194620783,0,0,0,0,0,0,0.10119832339100746,0,0,0,0,4,1.033791394892638,0.5796064211179099,0.7457228593626465,501.55098599999997,135.34408144030496,166.823827477626
1512_c,10m,1512,1512_c,0,0,0,0,0,0,0,0,0,0,0,0,0,0,0,0,0,0,0,0,0,0,0,0,0,0.04050547231537381,0,0,0,0,0,0,0,0,0,0,0,0,0.6070790805627431,0,0,0,0,0,0,2.100390494071698e-4,0,0,0,0,3,0.23677637458415515,0.11784467924939201,0.21552314408498774,390.40297799999996,32.011988374704856,94.8502663558482
1512_d,10m,1512,1512_d,0,0,1.090728419020781,0,0,0,0,0,0,0,0,0,0,0,0,0,0,0,0.8118075494018271,0,0,0,0,0,0.27822976860439563,0.44045706566119935,0,0,0,0,0,0,0,0,0,0,0,0,0,0,0,0,0,0,0,0,0,0,0,0,4,1.2656454670352597,0.691428735988131,0.9129702194076826,517.963703,177.6818602011355,341.3864186901041
1611_a,10m,1611,1611_a,0,0,0,0,0,0,0,0,0,0,0,0,0,0,0,0,0,0,0.2867561993825671,0,0,0.21714466707937935,0,0,0,0.0017611808736705515,0,0,0,0,0,0,0,0,0,0,0,0,0,0,0,0,0,0,0,0,0,0,0,0,3,0.7043834756522281,0.4939890166068206,0.6411574701264079,395.558611,122.41577654490163,74.76710517955097
1611_b,10m,1611,1611_b,0,0,0,0.3475987132049139,0,0,0,0,0,0,0,0,0,0,0,0,0,0,0.204758498813038,0,0,0,0,0,0,0,0,0,0,0,0,0,0,0,0,0,0,0,0.9999038515089519,0,0,0,0,0,0,1.0000000000100053,0,0,0,0,4,1.2081656393121694,0.6680155832039567,0.8715072882040554,470.305137,156.88978571094682,303.8770436167366
1611_c,10m,1611,1611_c,0,0,0,1.3436889076396485,0,0,0,0,0.2342092834192965,0,0.05882543131590191,0,0,0,0,0,0,0,0.6619063527570417,0,0,0,0,0,0.4100308214172916,0,0.3713316803631172,0,0,0,0,0,0,0,0,0,0,0,9.614849963482142e-5,0,0,0,0,0,0,0,0,0,0,0,7,1.4876440758138763,0.7251015408828754,0.7644978245969307,735.440343,182.65892466608608,477.0931654408461
1611_d,10m,1611,1611_d,0,0,0,0.8862663243810381,0,0,0,0,0.2523076144581499,0,0.0453535658855772,0,0,0,0,0,0.43477443681221944,0,1.5307847082427568,0,0,0,0,0,0.23849436943114247,0,0,0,0,0,0,0,0,0,0,0,0,0,0,0,0,0,0,0,0,0,0,0,0,0,6,1.411194072532875,0.7002727155034014,0.7876024080067292,601.811373,169.55882894526337,489.5099271700978
424_a,10m,424,424_a,0,0,0,0,0,0,1.9136284220737036,0,0.02741100506665772,0,0,0,0,0,0,0,0.5541642013179787,0,0.4851276214181643,0,0,0,0,0,0,0,0,0,0,0,0,0,0,0,0,0,0,0,0,0,0,0,0,0,0,0,0,0,0,0,4,0.9359037936700273,0.5265711957078278,0.675111880938458,450.45823199999995,128.14886016236952,337.18685535831804
424_b,10m,424,424_b,0,0,0,0,0,0,1.6575490087020053,0,0,0,0,0,0,0,0,0,0.2972597094672814,0,0,0,0,0,0,0,0,0,0,0,0,0,0,0,0,0,0,0.1687447686915714,0,0,0,0,0,0,0,0,0,0,0,0,0,0,3,0.6698593984098746,0.36482538522286634,0.6097323007573228,345.348036,83.86818448380986,241.39271252512927
424_c,10m,424,424_c,0,0,0,0,0,0,1.083684996281468,0,0,0,0,0,0,0,0,0,0,0,0,0,0,0,0,0,0,0,0,0,0,0,0,0,0,0,0,0.3208323639517547,0,0,0,0,0,0,0,0,0,0,0,0,0,0,2,0.5373709909855787,0.3524982817265967,0.7752624638124823,195.75912499999998,69.00475519480202,137.4735443618564
424_d,10m,424,424_d,0,0,0,0,0,0,0.008788367955095256,0,0.004154133566923065,0,0,0,0,0,0,0,0,0,0,0,0,0,0,0,0,0,0,0,0,0,0,0,0,0,0,0,0,0,0.21795994705949887,0,0,0,0,0,0,0,0,0,0,0,3,0.2511407905097808,0.10718951818517775,0.22859819892807542,286.40815499999997,20.96352191277123,29.737582569643
1710_a,10m,1710,1710_a,0,0,0.12491376283372012,0.5959026985288064,0,0,0.05943329154358373,0,0,0,1.655068418347494,0,0,0,0,0,0,0,0,0,0,0,1.0000000000037026,0,0,0,0,0,0,0,0,0,0,0,0,0,0,0,0,0,0,0,0,0,0,0,0.004429324057706513,0,0,0,6,1.2139453883293434,0.6523364970245615,0.6775158212794871,1015.6128279999999,322.2091445875005,821.3383134660152
1710_b,10m,1710,1710_b,0,0,0.08435179372864465,0.12698830603212832,0,0,0,0,0,0,1.1214593273974978,0,0,0,0,0,0,0.5732216784394336,0.01390079302293741,0,0,0,0,0,0,0,0,0,0,0,0,0,0,0,0,0,0,0,0,0,0,0,0,0,0,0,0.23169669533995474,0,0,0,6,1.258561305141871,0.6406986913171997,0.7024164385658851,620.2117790000001,137.3810045792884,302.1826986365597
1710_c,10m,1710,1710_c,0,0,0,0,0,0,0,0,0,0,0,0,0,0,0,0,0,0.11581249966748995,0.09878995143660087,0,0,0,0,0,0,0.781433421483223,0,0,0,0,0,0,0,0,0,0,0,0,0,0,0,0,0,0,0,0,0,0,0,0,3,0.6697615922632105,0.36113477119570514,0.6096432737660239,395.55861000000004,97.60347081770057,144.93794573855962
1710_d,10m,1710,1710_d,0,0,0,0,0,0,0,0,0,0,0,0,0,0,0,0,0,0,0,0,0,0,0.9999999999959946,0,0.5705950283325489,0.9824132788172321,0,0,0,0,0,0,0,0,0,0.2553241556095976,0,0,0,0,0,0,0,0,0,0,0,0,0,0,4,1.2769180991646416,0.7012824584662283,0.921101704643095,908.417335,363.0957466035716,762.3136149555921
523_a,10m,523,523_a,0,0,0,0,0,0,0.28520254926190125,0,0,0,0,0,0,0,0,0,0,0,0.48881115362859784,0,0,0,0,0,0,0,0,0,0,0,0,0,0,0,0,0.01228881457409835,0,0,0,0,0,0.35737922841068565,0,0,0,0,0,0,0,0,4,1.1218269624151629,0.6573814626058778,0.8092270977059426,357.124735,152.84162394700766,204.70918300651354
523_b,10m,523,523_b,0,0,0,0,0,0,0.014570674847988102,0,0,0,0,0,0,0,0,0,0,0,7.263641069745391e-5,0,0,0,0,0,0,0,0,0,0,0,0,0,0,0,0,0.6445899041673961,0,0,0,0,0,0.07620882590745333,0,0,0,0,0,0,0,0,4,0.42908505814382625,0.22067715732055138,0.30951944275182536,357.124735,11.929585481497316,121.88132656669532
523_c,10m,523,523_c,0,0,0,0,0,0,0.38277622556846785,0,0,0,0,0,0,0,0,0,0,0,1.7012531750138795,0,0,0,0,0,0,0,0,0,0,0,0,0,0,0,0,0.15672725742372776,0,0,0,0,0,0.10798321399283706,0,0,0,0,0,0,0,0,4,0.8514932190434198,0.44222609343384833,0.6142225222322608,357.124735,106.16362433071966,363.04418640084566
523_d,10m,523,523_d,0,0,0.26249329928820136,0,0,0,1.4863644397185132,0,0,0,0,0,0,0,0,0,0,0,0.6301431536980578,0,0,0,0,0,0,0,0,0,0,0,0,0,0,0,0,0,0,0,0,0,0,0.4780058591866618,0,0,0,0,0,0,0,0,4,1.1918231315437633,0.6442564908289167,0.859718660747471,463.92663999999996,149.12850233711228,327.22275025320545
1809_a,10m,1809,1809_a,0,0,0,0,0,0,0.3959980468962669,0.40240447883688957,0,0,0,0,0,0,0.04084188961777434,0,0,0.1096996034776247,0,0,0,0,0,0,0,0,0,0,0,0,0,0,0,0,0,0,0,0,0,0,0,0,0,0,0,0,0.29102378829433223,0,0,0,5,1.3969029972281464,0.7286925165880822,0.867944632368876,417.40007000000014,144.97550936233404,186.46799642459789
1809_b,10m,1809,1809_b,0,0,0,0.3230430739589262,0,0,0.005729779919745538,0,0,0,0,0,0,0,0.2987106290673251,0,0,0,0,0,0,0,0.5405648597101378,0,0,0,0,0,0,0,0,0,0,0,0,0,0,0,0.2082828106383928,0,0,0,0,0,0,0.8699366831291991,0.3354251155442203,0,0,0,7,1.6853410851912605,0.7901754575917364,0.8660939900074256,1172.6133180000002,320.11625781229066,634.0756110595441
1809_c,10m,1809,1809_c,0,0,0.013118113001722175,0.5798729420660504,0,0,0.3252519924151881,0.23918069500270656,0,0,0.9986511795227007,0,0,0,0,0,0,0,0.9838922949705012,0,0,0,0,0,0.01733972362713381,0.639655344839794,0,0,0,0,0,0,0,0,0,0,0,0,0.07747698170451787,0,0,0,0,0,0,0,0,0,0,0,9,1.7807676812815192,0.8081288482606745,0.8104622985058781,871.226504,192.9969866814578,484.2295806371504
1809_d,10m,1809,1809_d,0,0,0,0,0,0,0.5818907989018488,0.785169990942804,0,0,0,0,0,0,0,0,0,0,0.016107705029048826,0,0,0.2639888478186961,0,0,0,0.05477445468287655,0,0,0,0,0,0,0,0,0,0,0,0,0,0,0,0,0.057308767949351115,0,0,0.9880983640111305,0,0,0,0,7,1.4684779952808125,0.7340095971503134,0.7546484075812642,729.208316,155.37693928726915,322.17909412609066
622_a,10m,622,622_a,0,0,0,0,0,0,0.38100540251538656,0,0,0,0,0,0,0,0,0,0,0,0.8648628064819027,0,0,0,0,0,0,0,0,0,0,0,0,0,0,0,0,0.9672879211452257,0,0,0,0,0,0,0.39291969572724816,0,0,0,0,0,0,0,4,1.300287506511394,0.7079958350076341,0.9379591686869319,357.124735,142.25409383019286,272.2820750689711
622_b,10m,622,622_b,0,0,0,0,0,0,0.017886468192232198,0,0,0,0,0,0,0,0,0,0,0,0.3389102980285914,0,0,0,0,0,0,0,0,0,0,0,0,0,0,0,0,0.029024215059790633,0,0,0.9884291085143841,0,0,0.0031830863960437767,0.15631763208431643,0,0,0,0,0,0,0,6,0.9892957716140789,0.5249685531871682,0.5521364829400331,365.827723,92.15221273257785,175.3234235129748
622_c,10m,622,622_c,0,0,0,0,0,0,0,0,0.3335724717806857,0,0,0,0,0,0,0,0,0,1.1564040172069618,0,0,0,0,0,0,0,0,0,0,0,0,0,0,0,0,0.012813957550976042,0,0,0.011570891469218702,0,0,0.9968169136120675,0,0,0,0,0,0,0,0,5,1.0437196014339334,0.6126741820257391,0.6484994502555371,361.136398,144.29349843634776,307.29630802147005
622_d,10m,622,622_d,0,0,0,0,0,0,0,0,0.897727610864768,0,0,0,0,0,0,0,0,0,0.590356899324763,0,0,0,0,0,0.3147923707057992,0,0,0,0,0,0,0,0,0,0,0.008062427052131912,0,0,0,0,0,0,0,0,0,0,0,0,0,0,4,1.0415164850031609,0.6177481563235321,0.7512953339590823,467.753129,152.18269902417714,226.09255667383644
1908_a,10m,1908,1908_a,0,0,0,0,0,0,0,0,0,0,0,0,0,0,0.47733245800557383,0,0,0.39926793814773337,0,0,0,0,0,0,0,0,0,0,0,0,0,0,0,0,0,0,0,0,0,0,0,0,0,0,0,0,0,0,0,0,2,0.6891766408339088,0.4960347181245217,0.9942717220275946,195.75912400000018,97.10332189364337,85.80126282451228
1908_b,10m,1908,1908_b,0,0,0.24247398174318233,0,0,0,0,0.2238962121790059,0,0,0.005345107541849732,0,0,0,0.009232338030972821,0,0,0.2944783873306737,0,0,0,0,0,0,0,0,0,0,0,0,0,0,0,0,0,0.15723276151490848,0,0,0,0,0,0,0,0,0,0,0,0,0,0,6,1.432168385306848,0.7465356078016181,0.7993083948504931,382.8621150000002,148.3744596900755,222.42766971529255
1908_c,10m,1908,1908_c,0,0,1.2096637102868741,0,0,0,0,1.2019371929195142,0,0,0,0,0,0,0,0,0,0.4175550093614787,0,0,0,0,0,0,0,0,0,0,0,0,0,0,0,0,0,0,0,0,0,0,0,0,0,0,0,0,0,0,0,0,3,1.0093469924020124,0.614912036565072,0.9187472257621321,335.03677000000005,140.63933266163153,322.6544636988942
1908_d,10m,1908,1908_d,0,0,0.8837226810273794,0,0,0,0,0,0,0,0,0,0,0,0.06600345070396933,0,0,0,0,0,0,0,0,0,0,0,0,0,0,0,0,0,0,0,0,0.29581517530995727,0,0,0,0,0,0,0,0,0,0,0,0,0,0,3,0.7405872209082425,0.4373830359309231,0.6741115392092374,335.0367700000001,102.68650757338054,160.90429177286407
721_a,10m,721,721_a,0,0,0.012494226092175983,0,0,0,0,0,0,0,0,0,0,0,0,0,0,0,0,0,0,0,0,0,0,0,0,0,0,0,0,0,0,0,0,1.8496011442350935,0,0,0,0,0,0,0.3644532485635017,0,0,0,0,0,0,0,3,0.4794042205778806,0.2831077709605778,0.4363725269804518,248.93390700000003,9.051963487029635,134.35770504168744
721_b,10m,721,721_b,0,0,1.107995220451872,0,0,0,0.19698612766905457,0,0,0,0,0,0,0,0,0,0,0,0,0,0,0,0,0,0,0,0,0,0,0,0,0,0,0,0,0.5386440366955023,0,0,0,0,0,0,0.35483531380997063,0,0,0,0,0,0,0,4,1.200457651795237,0.6518885641714516,0.8659471505210993,346.813469,134.6911188018915,267.98958474979685
721_c,10m,721,721_c,0,0,0.7934745432586238,0,0,0,0.06699746126612965,0,0,0,0,0,0,0,0,0,0,0,0.13035151298229788,0,0,0,0,0,0,0,0,0,0,0,0,0,0,0,0,0.9026068582129596,0,0.3730137090188484,0,0,0,0,0.10538035734845264,0,0,0,0,0,0,0,6,1.423443392213586,0.7127347415398548,0.7944388834885573,478.769191,130.87780051085247,242.59601242994012
721_d,10m,721,721_d,0,0,1.0860360101356026,0,0,0,0,0,0.8582664890801098,0,0,0,0,0,0,0,0,0,0,0,0,0,0,0,0,0,0,0,0,0,0,0,0,0,0,0.4672408312559939,0,0.22665843304455538,0,0,0,0,0.10956263305823628,0,0,0,0,0,0,0,5,1.3659032680307988,0.7089103706022201,0.8486834176566763,349.879322,149.7784578299334,331.71781346274366
820_a,10m,820,820_a,0,0,1.1143953955457582,0,0,0,0,0,1.8037757714294129e-7,0,0,0,0,0,0,0,0,0,0.399250023046935,0,0,0,0,0,0,0,0.015252570989845976,0,0,0,0,0,0,0,0,0,0,0,0.015949014014578305,0,0,0.44906371796185485,0,0,0,0,0,0,0,0,6,1.0588202071383204,0.5966922294887353,0.5909388092110894,623.7934759999999,144.53749442328208,313.22917817807144
820_b,10m,820,820_b,0,0,1.0420914790288847,0,0,0,0,0,0.9998830770689866,0,0,0,0,0,0,0,0,0,0,0,0,0,0,0,0,0,0.03062508204571108,0,0,0,0,0,0,0,0,0.4923280426937204,0,0,0.18320129569660168,0,0,0.3223332737199543,0,0,0,0,0,0,0,0,6,1.4763796049425846,0.7383776514282006,0.8239831463419888,504.07090099999994,152.78269225479852,364.0067356244002
820_c,10m,820,820_c,0,0,1.087573599795905,0,0,0,0,0,1.1674256805059293e-4,0,0,0,0,0,0,0,0,0,0.16325262131440904,0,0,0,0,0,0,0,0,0,0,0,0,0,0,0,0,0.3976053515908833,0,0,0.6694844991101567,0,0,0.08981120844648811,0,0,0,0,0,0,0,0,6,1.3178931013300212,0.6854219273749236,0.7355301445108645,479.715002,135.75199663035707,274.23538283252935
820_d,10m,820,820_d,0,0,0.5793906432504536,0,0,0,0,0,0,0,0,0,0,0,0,0,0,0,1.056234649900864,0,0,0,0,0,0,0,0,0,0,0,0,0,0,0,0,0,0,0,0.13320858443813047,0,0,0.1387917998362229,0,0,0,0,0,0,0,0,4,1.0657752207834594,0.5910090045252024,0.7687943128633186,377.823777,143.0877854254988,314.55652679922974
919_a,10m,919,919_a,0,0,0.3647979083101653,0,0,0,0,0,0,0,0,0,0,0,0,0,0,0,0.15955576428366644,0,0,0,0,0,0,0,0,0,0,0,0,0,0,0,0,0,0,0,0,0,0,0,0,0,0,0,0,0,0,0,2,0.6144558009818512,0.4233954683710561,0.8864723369219726,247.46847400000001,104.7770304563006,64.88050159654557
919_b,10m,919,919_b,0,0,0.25990729169702503,0.4997963282655996,0,0,0,0,0,0,0,0,0,0,0,0,0,0,0.024356819286512805,0,0,0,0,0,0,0,0,0,0,0,0,0,0,0,0,0,0,0,0,0,0,0,0,0,0,0,0,0,0,0,3,0.7608973034356643,0.482812484428666,0.692598573021725,292.605605,53.04861465221078,115.90172026559074
919_c,10m,919,919_c,0,0,2.163027759336142,0,0,0,0.4636142819010667,0,0,0,0,0,0,0,0,0,0,0,0.012080301602837632,0,0,0,0,0,0,0,0,0,0,0,0,0,0,0,0,0.021390918222767574,0,0,0,0,0,0,0,0,0,0,0,0,0,0,4,0.5359733993412789,0.30835349151634706,0.3866230826390315,463.92663999999996,73.10544317131331,331.3103295941188
919_d,10m,919,919_d,0,0,0.3812750655057729,0,0,0,0.5363857180901725,0,0,0,0,0,0,0,0,0,0,0,0.009476589508391054,0,0,0,0,0,0,0,0,0,0,0,0,0,0,0,0,0.5092336379527787,0,0,0,0,0,0,0,0,0,0,0,0,0,0,4,1.1206705614378523,0.664355428777054,0.80839293072832,463.92663999999996,146.7303078699084,174.5830826773058
1018_a,10m,1018,1018_a,0,0,0.20318837511182128,1.9602830224966303,0,0,0,0,0,7.52660886818812e-4,0,0,0,0.015973377695372937,0,0,0,0,0,0,0,0,0,0,0,0,0,0,0,0,0,0,0,0,0,0,0,0,0,0,0,0,0,0,0,0,0,0,0,0,4,0.35553318087792163,0.18282398691422785,0.2564629784620282,282.294339,15.518387807311345,171.18361436585013
1018_b,10m,1018,1018_b,0,0,0.029112769707369167,0,0,0,0,0,0,0,0,0,0,0,0,0,0,0.6420882593628564,0.37604566400336054,0,0,0,0,0,0,0,0,0,0,0,0,0,0,0,0,0,0,0,0,0,0,0,0,0,0,0.006306497512792026,0,0,0,0,4,0.7993190669797734,0.500371326786282,0.5765868270098562,470.30513600000006,123.39070641915411,145.83657416213975
1018_c,10m,1018,1018_c,0,0,0.3613028412106106,0,0,0,0,0,0,0.12349115417331659,0,0,0,0.1105208064512129,0,0,0,0,0.2891078905464516,0,0,0,0,0,0,0,0,0,0,0,0,0,0,0,0,0,0,0,0,0,0,0,0,0,0,0,0,0,0,0,4,1.2660071360249565,0.6911442743077175,0.913231108436622,366.047078,151.15784260441689,98.41437244765324
1018_d,10m,1018,1018_d,0,0,1.8397986066888996,0.10679169154070983,0,0,0,0,0,0.025064369420655767,0,0,0,0.8735058158343991,0,0,0,0,0,0,0,0,0,0,0,0,0,0,0,0,0,0,0,0,0,0,0,0,0,0,0,0,0.09786173306929288,0,0,0,0,0,0,0,5,0.928304541728073,0.51861238712913,0.5767880416860027,380.173902,35.00685644290761,194.03596848752835
1117_a,10m,1117,1117_a,0,0,0,0,0,0,0,0.0812494645249014,0,0,0,0,0,0,0,0,0,0,0,0,0,0,0,0,0.3715053068805924,0.1524648226113414,0,0,0,0,0,0,0,0,0,0,0,0,0,0,0,0,0,0,0,0.1502427838052402,0,0,0,0.04722339757260895,5,1.3842329326853127,0.7009703521038927,0.8600722786452883,623.9560770000002,179.19106696008862,123.05522997055438
1117_b,10m,1117,1117_b,0,0,0,0,0,0,0,0.6625150794651756,0,0,0,0,0,0,0,0,0,0,0,0,0,0,0,0,0,0.03727260972727475,0,0,0,0,0,0,0,0,0,0,0,0,0,0,0,0,0,0,0,0.5457136441588144,0,0,0,0.7180189713884512,4,1.165562163879281,0.6748284990460196,0.840775376838224,501.5509850000001,157.6643165826452,247.98355202186877
1117_c,10m,1117,1117_c,0,0,0,0.43101383045439057,0,0,0,0.24270444637833602,0,0.6647597517185719,0,0,0,0,0,0,0,0,0,0,0,0,0,0,0.004669090938574511,0.22066592950150826,0.22284863744685807,0,0,0,0,0,0,0,0,0,0,0,0,0,0,0,0,0,0,0.25242076045621475,0,0,0,0,7,1.7023547085980388,0.7958859912111781,0.8748372628738722,683.288822,178.29975135823625,321.559374434634
1117_d,10m,1117,1117_d,0,0,0,0,0,0,0,0.21799025530128965,0,0,0,0,0,0,0,0,0,0,0,0,0,0,0,0,1.2375993778214882,0.7307102612440511,0,0,0,0,0,0,0,0,0,0,0,0,0,0,0,0,0,0,0,0.05162281157753982,0,0,0,0,4,1.006847801728932,0.5775462330731728,0.7262871652421422,512.8080699999999,153.2357661864033,300.1048194610526
1216_a,10m,1216,1216_a,0,0,0,0,0,0,0,0,0,0,0,0,0,0,0,0,0,0.02324275222351624,0.31378262768129167,0,0,0,0,0,0.8170886935054202,1.984175433385598,0,0,0,0,0,0,0,0,0,0,0,0,0,0,0,0,0,0,0,0,0.0626025873123922,0,0,0,5,0.9853816419029198,0.540538933916875,0.6122520379879935,629.11171,145.2006761906544,442.82081072605706
1216_b,10m,1216,1216_b,0,0,0,0,0,0,0,0,0,0,0,0,0,0,0,0,0,8.030234141890937e-5,0.4794889929404118,0,0,0,0,0,0.07673399892145902,0.6186431860890489,0,0,0,0,0,0,0,0,0.9999999999847494,0,0,0,0,0,0,0,0,0,0,0,0,0,0,0,5,1.1665744202398782,0.6578471438864542,0.7248334410586619,629.11171,172.62383998789824,288.724097726411
1216_c,10m,1216,1216_c,0,0,0,0,0,0,0,0.5141230067788115,0,0,0,0,0,0,0,0.9999999999962824,0,0.231206942656416,0,0,0,0,0,0,0,0.20949377835462937,0,0,0,0,0,0,0,0,0,0,0,0,0,0,0,0,0,0,0,0,0,0.35860874147906247,0,0,5,1.4334524097247539,0.7215479444811095,0.8906540591906479,560.022586,158.80570217590585,278.9972433788113
1216_d,10m,1216,1216_d,0,0,0,0,0,0,0,0.16218101180914773,0,0,0,0,0,0,0,0,0,0.7454700027651707,0,0,0,0.1749602573676107,0,0,0.32861501977625407,0.26733046076825606,0,0,0,0,0,0,0,0,0,0,0,0,0,0,0,0,0,0,0,0,0.009351228378260764,0.27983675048426804,0,0,7,1.6614884143498974,0.7751848112161555,0.8538361420009578,633.4261960000001,182.9763652571379,376.41229070194464
1315_a,10m,1315,1315_a,0,0,0,0,0,0,0,0,0,0,0,0,0,0,0,0,0,0,0,0,0,0.8751406332922631,0,0,2.1063063887594486,1.4578186775589246,0,0,0,0,0,0,0,0,0,0,0,0,0,0,0,0,0,0,0,0,0,0,0,0,3,1.0395456791646367,0.6281725630609774,0.9462352550460893,394.229466,165.6990346956585,576.5867167438471
1315_b,10m,1315,1315_b,0,0,0,0,0,0,0,0,0,0,0,0,0,0,0,0,0,0,0,0,0,0,0,0,0.7844023102887573,1.244625936904224,0,0,0,0,0,0,0,0,0,0,0,0,0,0,0,0,0,0,0,0,0,0,0,0,2,0.667198350964807,0.4742764064471142,0.9625637522262211,271.82437400000003,128.91988728545635,275.7696665607747
1315_c,10m,1315,1315_c,0,0,0,0,0,0,0,0,0,0,0,0,0,0,0,0,0,0,0,0,0,0,0,0,1.215492457970307,2.2983235771528086,0,0,0,0,0,0,0,5.820924537777695e-4,0,0,0,0,0,0,0,0,0,0,0,0,0,0,0,0,3,0.6463838218200588,0.4526988345606515,0.5883639100775897,402.14890499999996,123.05329695534834,476.44218524955613
1315_d,10m,1315,1315_d,0,0,0,0,0,0,0,0,0,0,0,0,0,0,0,0,0,0,0,0,0,0.8785675158641868,0,0,1.3051171677693372,0.9625936543171763,0,0,0,0,0,0,0,0.21429447159936282,0,0,0,0,0,0,0,0,0,0,0,0,0,0,0,0,4,1.2516868852106269,0.6947150352627587,0.9029012310195623,524.553997,182.42881928516553,439.5572548568016
1414_a,10m,1414,1414_a,0,0,0,0,0,0,0,0,0,0,0,0,0,0,0,0,0,0,0,0,0,0.38041587704860963,0,0,0,0.024951336240440648,0,0,0,0,0,0,0,0.018458522559605648,0,0,0,0,0,0,0,0,0,0,0,0,0,0,0,0,3,0.4002210969757783,0.18899436918336976,0.3642969417909769,402.14890499999996,50.49955951873864,60.96196573385788
1414_b,10m,1414,1414_b,0,0,0,0,0,0,0,0,0,0,0,0,0,0,0,0,0,0,0,0,0,0,0,0,0.7997345858924052,1.9348397827980337,0,0,0,0,0,0,0,0,0,0,0,0,0,0,0,0,0,0,0,0,0,0,0,0,2,0.6043335068383994,0.41384851838355874,0.8718689533587952,271.82437400000003,112.49411444043837,371.6619829628619
1414_c,10m,1414,1414_c,0,0,0,0,0,0,0,0,0,0,0,0,0,0,0,0,0,0,0,0,0,0,0,0,1.5033360464302792,1.7467073275966807,0,0,0,0,0,0,0,0,0,0,0,0,0,0,0,0,0,0,0,0,0,0,0,0,2,0.6903408621467642,0.4971963077117395,0.9959513383421482,271.82437400000003,135.15007509885498,441.7205028088631
1414_d,10m,1414,1414_d,0,0,0,0,0,0,0,0,0,0,0,0,0,0,0,0,0,0,0,0,0,0,0,0,0.10841790059891517,1.8341397956801477,0,0,0,0,0,0,0,0,0,0,0,0,0,0,0,0,0,0,0,0,0,0,0,0,2,0.21528490259707733,0.10539392282347437,0.310590461355067,271.82437400000003,28.6486370948952,264.0172648749692
1513_a,10m,1513,1513_a,0,0,0.002345101758313745,0,0,0,0,0,0,0,0,0,0,0,0,0,0,0.28262883919249054,0.18039417433650884,0,0,0,0,0,0.8648349587297736,0,0,0,0,0,0,0,0,0,0,0,0,0,0,0,0,0,0,0,0,0,0,0,0,0,4,0.8911561726837611,0.5137636663796621,0.6428332954942255,488.4521690000001,126.39206875664384,167.12858302060303
1513_b,10m,1513,1513_b,0,0,0,0,0,0,0,0,0,0,0,0,0,0,0,0,0,0.7061219445587524,0,0,0,0,0,0,0,0.9912390983960208,0,0,0,0,0,0,0,0.013017704426671814,0,0,0,0,0,0,0,0,0,0,0,0,0,0,0,0,3,0.7185140004580699,0.493629961516009,0.6540196280975086,402.148904,134.1104253553003,234.0306664743195
1513_c,10m,1513,1513_c,0,0,0,0,0,0,0,0,0,0,0,0,0,0,0,0,0,0.011220327815410455,0,0,0,0.10848292989925999,0,0,0,0.012037292600583964,0,0,0,0,0,0,0,0.13388551752724706,0,0,0,0,0,0,0,0,0,0,0,0,0,0,0,0,4,0.9849229330555297,0.5753138348734891,0.7104717155885126,500.02846700000003,148.68307744550188,68.83370858590303
1513_d,10m,1513,1513_d,0,0,0,0,0,0,0,0,0,0,0,0,0,0,0,0,0,2.8888449882912233e-5,0.27610305005774827,0,0,0,0,0,0,0,0,0,0,0,0,0,0,0,0,0,0,0,0,0,0,0,0,0,0,0,0,0,0,0,2,0.0010634595047276697,2.092146803367445e-4,0.0015342477536568423,247.46847300000007,0.05177403747212609,34.16697472254378
1612_a,10m,1612,1612_a,0,0,0,0.3623200745491497,0,0,0,0,0.2661773982279959,0,0.5868032391260241,0,0,0,0,0,0.41175864064740725,0,0.19013901038903347,0,0,0,0,0,0.12287679087300349,0,0.6635544583223016,0,0,0,0,0,0,0,0,0,0,0,0,0,0,0,0,0,0,0,0,0,0,0,7,1.8186715628380943,0.8218637508618742,0.9346123014575005,749.9015089999999,199.74225461372717,362.96287099578853
1612_b,10m,1612,1612_b,0,0,0,0,0,0,0,0,0.24730570369144642,0,0.48309590194465624,0,0,0,0,0,0,0,0.479039838823919,0,0,0,0,0,0.2285980180580738,0,0.9651138611303789,0,0,0,0,0,0,0,0.18381591555235416,0,0,0,0,0,0,0,0,0,0,0,0,0,0,0,6,1.6202026803423148,0.7696627860289615,0.9042523330658595,630.130184,191.92152086741555,374.49430588326595
1612_c,10m,1612,1612_c,0,0,0.758898902059626,0,0,0,0,0,0,0,0,0,0,0,0,0,0,0,0.464467918324391,0,0,0,0,0,0,0,0,0,0,0,0,0,0,0,0.8161840844392252,0,0,0,0,0,0,0,0,0,0,0.07989419904887937,0,0,0,0,4,1.1914722043723278,0.6740467420077485,0.8594655203024995,470.305137,162.61082345697372,261.1796714488318
1612_d,10m,1612,1612_d,0,0,0,0,0,0,0,0,0,0,0.019700293272962684,0,0,0,0,0,0,0,0,0,0,0,0,0,0.2435520349562818,0.46894914408744637,0,0,0,0,0,0,0,0,0,0,0,0,0,0,0,0,0,0,0,0.8637174492352057,0,0,0,0,4,1.0332830253270444,0.5973128934157356,0.7453561482370361,512.8080699999999,157.3368688363104,215.6359386657639
1711_a,10m,1711,1711_a,0,0,0,0,0,0,0,0,0,0,0,0,0,0,0,0,0,0,0,0,0,0,0,0,0.4294049716605464,0,0,0,0,0,0,0,0,0,0,0.09250131613611266,0,0,0.629223781556601,0,0,0,0,0,0,0,0,0,0,0,3,0.9006073308573974,0.5556052400264029,0.8197681203340976,248.82184600000002,115.21645590117679,173.85010221022674
1711_b,10m,1711,1711_b,0,0,0,0,0,0,0,0,0,0,0,0,0,0,0,0,0,0,0.016319744667666253,0,0,0,0,0,0,0.15310429633999595,0,0,0,0,0,0,0,0,0,0,0,0,0.2623417763316751,0,0,0,0,0,0,0,0,0,0,0,3,0.7941721298961076,0.5036497532314292,0.7228866253252212,395.558611,135.78556641644755,67.46666043677793
1711_c,10m,1711,1711_c,0,0,0,0.003039604324359119,0,0,0,0,0,0,0,0,0,0,0,0,0.07980745165591122,0,0.7011761213225255,0,0,0,0,0,0,0,0,0,0,0,0,0,0,0,0,0,0,0,0.01969352367560565,0,0,0,0,0,0,0,0,0,0,0,4,0.4603904775045994,0.2284137665021575,0.3321015293841937,478.387807,52.57525076590137,106.98106750821142
1711_d,10m,1711,1711_d,0,0,0,0,0,0,0,0,0,0,0,0,0,0,0,0.3876366729361076,0,0,1.1540242533001825,0,0,0,0,0,0,0,0.2341781145882707,0,0,0,0,0,0,0,0,0,0,0,0.08874091844334699,0,0,0,0,0,0,0,0,0,0.35594403821767895,0,5,1.3042027344346068,0.6610145470287305,0.8103467206523932,585.87726,162.513817846851,300.0946535225735
524_a,10m,524,524_a,0,0,0.7375067006876922,0,0,0,0.02639140716999753,0,0,0,0,0,0,0,0,0,0,0,0.25867761486011503,0,0,0,0,0,0,0,0,0,0,0,0,0,0,0,0,0.8424413587514507,0,0,0,0,0,0.18299599700837338,0,0,0,0,0,0,0,0,5,1.2664155485829633,0.6770132961406838,0.7868682220040705,475.70333899999997,146.59813717971699,246.07677676839097
524_b,10m,524,524_b,0,0,0,0,0,0,0.804694703287299,0,0.6506095735487349,0,0,0,0,0,0,0,0,0,0.30015211667717573,0,0,0,0,0,0,0,0,0,0,0,0,0,0,0,0,0.32654327808398265,0,0,0,0,0,0,0,0,0,0,0,0,0,0,4,1.3006695956678287,0.7075826308269537,0.9382347877525148,435.997066,147.78255135296965,234.10813374577626
524_c,10m,524,524_c,0,0,0,0,0,0,0,0,0.3178252878213683,0,0,0,0,0,0,0,0,0,0,0,0,0,0,0,0,0,0,0,0,0,0,0,0,0,0,0.25742370375106305,0,0,0.7820400529038624,0,0,0,0,0,0,0,0,0,0,0,3,0.9729260663565074,0.5772161889736728,0.8855954702054383,199.77078799999998,71.9645407387168,129.14647853525457
524_d,10m,524,524_d,0,0,0,0,0,0,0,0,0,0,0,0,0,0,0,0,0.6566086033738935,0,0.0038546589157671864,0,0,0,0,0,0,0,0,0,0,0,0,0,0,0,0,1.9823025005917951,0,0,0,0,0,0,0,0,0,0,0,0,0,0,3,0.5711969618856142,0.37563842261026736,0.5199258808383606,359.809203,92.94215168464729,330.8691197772565
1810_a,10m,1810,1810_a,0,0,0,0,0,0,0,0.0703952017167932,0,0,0,0,0,0,0,0,0.413677677352965,0,0,0,0,0.07695675545944308,0.021805363992971404,0,0.06945991524179955,0.01141420703742537,0,0,0,0,0,0,0,0,0,0.6268024947063209,0.7499102299800403,0,0.04746670250287997,0,0,0,0.2855132952188243,0,0,0,0,0,0,0,10,1.7407832839536899,0.7822745908492482,0.756012574410509,1184.138703,120.97381739053506,479.5128243140871
1810_b,10m,1810,1810_b,0,0,0,0.15832578235308303,0,0,0.6156814449284507,0.008683625636637672,0,0,1.1520657405273393,0,0,0,0,0,0,0,0,0,0,0,0,0,0.913200361159377,0.2941559934514875,0,0,0,0,0,0,0,0,0,0.456189854617158,0.11766813050633113,0,0,0,0,0,0,0,0,0,0,0,0,0,8,1.7220244572802692,0.7918751722655876,0.8281187149359177,714.131834,181.49639061169756,455.28165670784574
1810_c,10m,1810,1810_c,0,0,0,0,0,0,0,0,0,0,0,0,0,0,0,0,0,0,0,0,0,0,1.000000000003804,0,0.852612867902158,0,0,0,0,0,0,0,0,0,0,1.1990691786341294,0.0035504653993260406,0,0,0,0,0,0,0,0,0,0,0,0,0,4,1.0966576214883779,0.6609623855016045,0.7910712560371843,784.2818460000001,340.0797142373252,756.8504030929026
1810_d,10m,1810,1810_d,0,0,0,0,0,0,0,0,0,0,0,0,0,0,0,0,0.29464359811129665,0,0,0,0,0,0.49987900620048487,0,0.1473871321234467,0,0,0,0,0,0,0,0,0,0,1.2806892903860871,0.12887117410886634,0,0,0,0,0,0,0,0,0,0,0,0,0,5,1.2531201982176012,0.6355508258549374,0.7786073563548611,908.0160830000001,278.50551658771093,546.8574194122884
623_a,10m,623,623_a,0,0,0,0,0,0,0,0,1.3194455858159118,0,0,0,0,0,0,0,0,0,0,0,0,0,0,0,0.6852076293241229,0,0,0,0,0,0,0,0,0,0,0.09838837764297167,0,0,0,0,0,0,0,0,0,0,0,0,0,0,3,0.8011162288540562,0.49802512361055407,0.7292074165903245,342.689747,119.04211649864504,247.17540065643465
623_b,10m,623,623_b,0,0,0,0,0,0,0,0,0.15226690131348997,0,0,0,0,0,0,0,0,0,0.07706386947373403,0,0,0,0,0,0,0,0,0,0,0,0,0,0,0,0,0.8897488674497048,0,0,0,0,0,0,0,0,0,0,0,0,0,0,3,0.6379790874161153,0.34460482249689606,0.5807135911337402,345.348037,74.09089226282451,137.38216117525064
623_c,10m,623,623_c,0,0,0,0,0,0,0,0,0,0,0,0,0,0,0,0,0,0,0.7363023496536747,0,0,0,0,0,0,0,0,0,0,0,0,0,0,0,0,0.11123052306129584,0,0,0,0,0,0.8608760525274938,0,0,0,0,0,0,0,0,3,0.8859675035098378,0.5560906414311795,0.8064423752113045,259.245173,122.9224506604423,214.51155397233458
623_d,10m,623,623_d,0,0,0,0,0,0,0,0,0.7730298639850051,0,0,0,0,0,0,0,0,0,0.8951018610273134,0,0,0,0,0,0,0,0,0,0,0,0,0,0,0,0,0.3124287908379271,0,0,0,0,0,0.8572257841528552,0.10192408972746142,0,0,0,0,0,0,0,5,1.42748782843296,0.7406103334563361,0.8869480564640356,361.816062,151.17123668183652,313.64054665416006
1909_a,10m,1909,1909_a,0,0,2.8222858736655257e-4,0,0,0,0,0,0,0,0,0,0,0,0.762786217951223,0,0.4011997082367015,0,0,0,0,0,0,0,0,0,0,0,0,0,0,0,0,0,0,0.5081328663934387,0,0,0,0,0,0,0,0,0,0,0,0,0,0,4,1.063936029168144,0.6421058673724535,0.7674676165519884,463.9266400000001,144.5665933157039,199.92728387641918
1909_b,10m,1909,1909_b,0,0,0.9430103442671812,0,0,0,0,0.39374578959564926,0,0,0,0,0,0,0.23471491786141804,0,0,1.1313791605958259,0,0,0,0,0,0,0.29710704045363534,0,0,0,0,0,0,0,0,0,0,0.18178570123358961,0,0,0,0,0,0,0,0,0,0,0,0,0,0,6,1.5639299915760492,0.7529771623274777,0.8728459474807957,508.07522100000017,162.66342262890439,378.6289385200641
1909_c,10m,1909,1909_c,0,0,0,0,0,0,0.05269891054938463,1.1004202183240963,0,0,0,0,0,0,0,0,0,0.022475001643222976,0,0,0,0.4887532753633086,0,0,0.7028929595320903,0,0,0,0,0,0,0,0,0,0,0.8182142988343379,0,0,0,0,0,0,0.13379748265303223,0,0,0.011901636020128042,0,0,0,0,8,1.5692049220784077,0.7625699110250723,0.7546280530736904,630.4679950000001,147.9535046869059,328.48791772514437
1909_d,10m,1909,1909_d,0,0,0,0,0,0,0.21624836485170446,0,0,0,0,0,0,0,0.002498864167011315,0,0.5988002917205516,0,0,0,0,0,0,0,0,0,0,0,0,0,0,0,0,0,0,0,0,0,0,0,0,0,0,0,0,0,0,0,0,0,3,0.59753011143103,0.39356504626389766,0.5438953465152286,338.11750200000006,97.28794606427607,127.00652811840706
722_a,10m,722,722_a,0,0,9.276045811450979e-4,0,0,0,0,0,0.14173351087117475,0,0,0,0,0,0,0,0,0,0.01265743068382673,0,0,0,0,0,0,0,0,0,0,0,0,0,0,0,0,0.6043759737096962,0,0.948352768763624,0,0,0,0,0,0,0,0,0,0,0,0,5,0.9412721044364497,0.5595799333856315,0.5848452414128096,466.992493,35.839234190241584,140.97778721143553
722_b,10m,722,722_b,0,0,0,0,0,0,0.5105353721977616,0,0,0,0,0,0,0,0,0,0,0,0.44348028179683513,0,0,0,0,0,0,0,0,0,0,0,0,0,0,0,0,0.02858915544353779,0,0.38072552340005383,0,0,0,0,0,0,0,0,0,0,0,0,4,1.1704039790823484,0.6755257676021974,0.8442680082294071,348.413888,152.71739813176478,226.76795613566225
722_c,10m,722,722_c,0,0,0.23091140252855133,0,0,0,0,0,0.379544930650827,0,0,0,0,0,0,0,0,0,0.9530124447938526,0,0,0,0,0,0,0,0,0,0,0,0,0,0,0,0,0.5989675752456606,0,8.428915998414305e-5,0,0,0,0,0,0,0,0,0,0,0,0,5,1.2613527562779416,0.6868660935435161,0.7837225322785409,466.992493,163.94788246335446,304.9561007751497
722_d,10m,722,722_d,0,0,1.7681609928779292,0,0,0,0,0,0.9999999999920443,0,0,0,0,0,0,0,0,0,0.3337323461862673,0,0,0,0,0,0,0,0,0,0,0,0,0,0,0,0,0.8572281130377638,0,0.07116527648374157,0.3428332940792994,0,0,0,0,0,0,0,0,0,0,0,6,1.4859116909502181,0.7335723615245887,0.8293031048360495,471.004155,160.82114828448937,473.72977542776175
821_a,10m,821,821_a,0,0,0,0,0,0,0.1857691652964969,0,0,0,0,0,0,0,0,0,0,0,0.9947354107908293,0,0,0,0,0,0,0,0,0,0,0,0,0,0,0,0.32984734768491114,0,0,0,0.5858093465769733,0,0,0.13176779511343495,0,0,0,0,0,0,0,0,5,1.3684659266236199,0.6991451968091531,0.8502756869657454,468.272743,160.25253561303165,298.3359352496411
821_b,10m,821,821_b,0,0,0,0,0,0,2.6993601267844914e-4,0,0,0,0,0,0,0,0,0,0,0,0.017513276494120704,0,0,0,0,0,0,0,0,0,0,0,0,0,0,0,0.670152652306305,0.15576023118507884,0,0,0,0,0,0,0,0,0,0,0,0,0,0,4,0.5778307705769625,0.33456414503511434,0.41681679359221613,456.496044,75.39249848552711,117.77996284399596
821_c,10m,821,821_c,0,0,0,0,0,0,0.043192114181780046,0,0,0,0,0,0,0,0,0,0,0,0,0,0,0,0,0,0,0,0,0,0,0,0,0,0,0,0,1.3605255897503203,0,0,0.4229402322748456,0,0,0,0,0,0,0,0,0,0,0,3,0.6467205754760419,0.3910790496482117,0.5886704364649755,199.77078699999998,11.806013202257873,105.25018828448374
821_d,10m,821,821_d,0,0,0,0,0,0,0.7707687845115997,0,0,0,0,0,0,0,0,0,0,0,0.002174127224612651,0,0,0,0,0,0,0,0,0,0,0,0,0,0,0,0,0,0,0.2933495695575756,0.55434560468082,0,0,0.05836888862445118,0,0,0,0,0,0,0,0,5,1.1534849052875178,0.6485184285749399,0.7167004681423199,361.136397,99.3831904824763,199.52215935491637
920_a,10m,920,920_a,0,0,0.44358084625882527,0.11551569363918782,0,0,0.4799623238774974,0,0,0,0,0,0,0,0,0,0,0,0.46682549620348046,0,0,0,0,0,0,0,0,0,0,0,0,0,0,0,0,0.5465309029222016,0,0,0,0,0,0,0,0,0,0,0,0,0,0,5,1.5219913991518594,0.7727917966944375,0.9456664263923127,509.063771,178.16759261074333,282.7671653295595
920_b,10m,920,920_b,0,0,1.3173365576978036,0,0,0,0,0,0,0,0,0,0,0,0,0,0,0,2.40297076984448,0,0,0,0,0,0,0,0,0,0,0,0,0,0,0,0,0.004648330438338199,0,0,0,0,0,0,0,0,0,0,0,0,0,0,3,0.6587237135966763,0.4587743236265377,0.5995961636249969,366.047078,113.52308068614252,459.2445102842892
920_c,10m,920,920_c,0,0,0,0,0,0,0,0,0,0,0,0,0,0,0,0,0,0,0.8823867726300413,0,0,0,0,0,0,0,0,0,0,0,0,0,0,0,0,0,0,0,1.5659478685627653e-4,0,0,0,0,0,0,0,0,0,0,0,2,0.0017099156053936885,3.548086295033226e-4,0.002466886764240124,247.46847400000001,0.08780395010525012,109.20083018674049
920_d,10m,920,920_d,0,0,0,0.005521443534416712,0,0,0,0,0,0,0,0,0,0,0,0,0,0,0,0,0,0,0,0,0,0,0,0,0,0,0,0,0,0,0,1.2650271331256633,0,0,0,0,0,0,0,0,0,0,0,0,0,0,2,0.02797071860013202,0.008653661904442389,0.04035321701451115,237.15720800000003,2.0522782962335095,150.65987653453928
1019_a,10m,1019,1019_a,0,0,1.4472720723345542,0,0,0,0,0,0,0.22597664054291572,0,0,0,0.004004952041489725,0,0,0,0,0,0,0,0,0,0,0,0,0,0,0,0,0,0,0,0,0,0,0,0,0,0,0,0,0.20577672948867853,0,0,0.3875609880790165,0,0,0,0,5,1.0472357745659717,0.5464674886842169,0.6506841714584325,439.29483,122.21548099323806,268.57555065021836
1019_b,10m,1019,1019_b,0,0,0.15538047866559493,0,0,0,0,0,0,0.6254678358351098,0,0,0,0,0,0,0,0,0,0,0,0,0,0,0,0,0,0,0,0,0,0,0,0,0,0,0,0,0,0,0,0,0,0,0,0,0,0,0,0,2,0.498998133716444,0.3187851465103684,0.7199021329255617,237.157208,75.60219529826995,92.59190306924653
1019_c,10m,1019,1019_c,0,0,0,0,0,0,0.6862815440546323,0,0,0,0,0,0,0,0,0,0,0,0,0,0,0,0,0,0,0,0,0,0,0,0,0,0,0,0,0.217561568293556,0,0,0,0,0,0,0,0,0,0,0,0,0,0,2,0.5518937628256018,0.36553451468098697,0.7962143947260454,195.75912499999998,71.55671675124965,88.46776817091902
1019_d,10m,1019,1019_d,0,0,0,0.6062692916636715,0,0,0.24340020377870128,0,0,0,0,0,0,0.15311287288862546,0,0,0,0,0,0,0,0,0,0,0,0,0,0,0,0,0,0,0,0,0,0.07618340509291446,0,0,0,0,0,0,0.0025904326957017867,0,0,0,0,0,0,0,5,1.1381996238308694,0.6101261843748138,0.707203188788728,346.813469,116.19533535022391,203.4440723668284
1118_a,10m,1118,1118_a,0,0,0.02168506933859068,0,0,0,0,1.5624775717508146,0,0,0,0,0,0,0,0.5906296376758836,0,0,0,0,0,0,0,0,0,0.052549702427469314,0.5945437655256522,0,0,0,0,0,0,0,0,0,0,0,0,0,0,0,0,0,0,0,0,0,0,0,5,1.09436851362581,0.6048125009181085,0.6799693887977922,566.822421,151.40781180530146,379.526611873006
1118_b,10m,1118,1118_b,0,0,9.939476109301056e-4,0.384935116889611,0,0,0,0,0,0.012893245970940178,0,0,0,0,0,0.02128677518676448,0,0,0,0,0,0,0,0,0,0,0.7771513625943305,0,0,0,0,0,0,0,0,0,0,0,0,0,0,0,0,0,0,0,0,0,0,0,5,0.7716731398964977,0.47485522156922866,0.47946747987900057,546.6881159999999,128.32329531976526,225.04876454921913
1118_c,10m,1118,1118_c,0,0,1.032513739190402,0,0,0,0,0,0,0.15377081425448305,0,0,0,0,0,0.008941522871507592,0,0,0,0,0,0,0,0,0,0,0,0,0,0,0,0,0,0,0,0,0,0,0,0,0,0,0.23236363522357803,0,0,0,0,0,0,0,4,0.8016115559443405,0.4387654837423577,0.578240508240093,446.184779,102.55444888236543,181.92158243383068
1118_d,10m,1118,1118_d,0,0,0.8501416879375255,0,0,0,0,0.0039197464193900374,0,0.19086476298588248,0,0,0,0,0,0.7743971805072003,0,0,0,0,0,0,0,0,0,0,0.34519083772830966,0,0,0,0,0,0,0,0,0,0,0,0,0,0,0,0.008967317026674701,0,0,0,0,0,0,0,6,1.2747388094966097,0.6871069311879225,0.7114452756573438,600.381806,171.11726087162552,369.8208963095542
1217_a,10m,1217,1217_a,0,0,0,0,0,0,0,0.06399703449687616,0,0,0,0,0,0,0,0,0,0,0,0,0,0.004186674627092697,0,0,0,0,0,0,0,0,0,0,0,0,0,0,0,0,0,0,0,0,0,0,0,0,0,0.1555713211491399,0,0,3,0.6851482285165487,0.4344383955510944,0.6236487936496509,248.83852499999998,94.76282620726171,103.7067081607315
1217_b,10m,1217,1217_b,0,0,0,0,0,0,0,0.2570069490480627,0,0,0,0,0,0,0,0,0,0,0,0,0,0,0,0,1.4576943134793494,0.7296174446541364,0,0,0,0,0,0,0,0,0,0,0,0,0,0,0,0,0,0,0,0,0,0.2059831869062471,0,0,4,1.108729423796708,0.6062561863967406,0.7997792206995943,505.377474,158.85741930524355,353.81771946058245
1217_c,10m,1217,1217_c,0,0,0,0,0,0,0,0.046799885267867755,0,0,0,0,0,0,0,0.8109237211537557,0,0,0,0,0,0,0,0,0.907583991602343,0.8102011626478998,0,0,0,0,0,0,0,0,0,0,0,0,0,0,0,0,0,0,0,0,0,0,0,0,4,1.168054765824358,0.6773943951770065,0.8425734090707605,505.377474,177.22497313999156,341.30756318357027
1217_d,10m,1217,1217_d,0,0,0,0,0,0,0,0,0,0,0,0,0,0,0,0.17817329867042436,0,0,0,0,0,0.26164314143510636,0,0,0.020947919343265224,0,0,0,0,0,0,0,0,0,0,0,0,0,0,0,0,0,0,0,0,0,0,0,0,0,3,0.829273908979462,0.52595443160490285,0.7548376415712797,355.958192,118.87164643366073,62.70593719780201
1316_a,10m,1316,1316_a,0,0,0,0,0,0,0,0,0,0,0,0,0,0,0,0,0,0,0,0,0,0,0,0,0.5576539356082111,0.5718468969227815,0,0,0,0,0,0,0,0.8305323226759931,0,0,0,0,0,0,0,0,0,0,0,0,0,0.6218661039037923,0,0,4,1.372593283914256,0.7428089162713494,0.9901167619302972,524.553997,195.8184022941368,343.84605177533865
1316_b,10m,1316,1316_b,0,0,0,0,0,0,0,0,0,0,0,0,0,0,0,0,0,0,0,0,0,0,0,0,0.7906087842385914,0.2878742649364037,0,0,0,0,0,0,0,0.011598149585922025,0,0,0,0,0,0,0,0,0,0,0,0,0.6672559447047743,0,0,0,4,1.056520494755066,0.6265506706213311,0.7621184391903438,524.553997,160.96013265757594,232.59430560364493
1316_c,10m,1316,1316_c,0,0,0,0,0,0,0,0,0,0,0,0,0,0,0,0,0,0,0,0,0,0.7349509196242305,0,0,0.18630962967087278,0,0,0,0,0,0,0,0,0,0,0,0,0,0,0,0,0,0,0,0,0,0.2607902396175042,0,0,0,3,0.920100106305336,0.5398973619813592,0.8375112091826399,355.958192,125.99557600729688,144.7369776936787
1316_d,10m,1316,1316_d,0.09603514876885141,0,0,0,0,0,0,0,0,0,0,0,0,0,0,0,0,0,0,0,0,0,0,0,0,0,0,0,0,0,0,0,0,0.14234292442291263,0,0,0,0,0,0,0,0,0,0,0,0,0,0.28433596418860846,0,0,3,0.996719450626165,0.5961965646261761,0.9072531419018866,379.227666,150.70258478823715,75.40057744300644
1415_a,10m,1415,1415_a,0,0,0,0,0,0,0,0,0,0,0,0,0,0,0,0,0,0,0,0,0,0,0,0,0.19392692511515108,3.114979593110262,0,0,0,0,0,0,0,0,0,0,0,0,0,0,0,0,0,0,0,0,0,0,0,0,2,0.2231188497581965,0.11034542131940173,0.32189245807499983,271.82437400000003,29.994575073912646,449.7207214705712
1415_b,10m,1415,1415_b,0,0,0,0,0,0,0,0,0,0,0,0,0,0,0,0,0,0,0,0,0,0.028793204937184312,0,0,1.0305746734561447,1.5849853676849608,0,0,0,0,0,0,0,0,0,0,0,0,0,0,0,0,0,0,0,0,0,0,0,0,3,0.7232559215479049,0.4887324127094509,0.6583359106830454,394.229466,132.6201093674058,358.59794530164237
1415_c,10m,1415,1415_c,0,0,0,0,0,0,0,0,0,0,0,0,0,0,0,0,0,0,0,0,0,0.21749864591278872,0,0,0.0014141062474643245,0.9074598394810366,0,0,0,0,0,0,0,0.10893937565638717,0,0,0,0,0,0,0,0,0,0,0,0,0,0,0,0,4,0.7542799430308964,0.4215849797987492,0.544097966626342,524.553997,114.23688879605045,177.83545500653705
1415_d,10m,1415,1415_d,0,0,0,0,0,0,0,0,0,0,0,0,0,0,0,0,0,0,0,0,0,0.7901867064463712,0,0,0.6799638799059534,1.8661260311760774,0,0,0,0,0,0,0,0,0,0,0,0,0,0,0,0,0,0,0,0,0,0.46109634253097614,0,0,4,1.239796133374533,0.6683933160495259,0.8943238666663754,505.377474,175.99487930696318,500.70210872933467
1514_a,10m,1514,1514_a,0,0,0,0,0,0,0,0,0,0,0,0,0,0,0,0,0,0,0,0,0,0,0,0,0,0.5485233388085003,0,0,0,0,0,0,0,0,0,0,0,0,0,0,0,0,0,0,0,0,0,0,0,0,1,-0,0,0,1,0,0.5485233388085003
1514_b,10m,1514,1514_b,0,0,0,0,0,0,0,0,0,0,0,0,0,0,0,0,0,0,0,0,0,0.41451238679759345,0,0,0,0,0,0,0,0,0,0,0,0,0,0,0,0,0,0,0,0,0,0,0,0,0,0,0,0,1,-0,0,0,1,0,0.41451238679759345
1514_c,10m,1514,1514_c,0,0,0,0,0,0,0,0,0,0,0,0,0,0,0,0,0,0,0,0,0,0,0,0,0.5503354950819763,2.838792085436592,0,0,0,0,0,0,0,0,0,0,0,0,0,0,0,0,0,0,0,0,0,0,0,0,2,0.443599809915901,0.27202904094026814,0.6399792459049571,271.82437400000003,73.94412376340877,460.6237414902972
1514_d,10m,1514,1514_d,0,0,0,0,0,0,0,0,0,0,0,0,0,0,0,0,0,0,0,0,0,0,0,0,0.3150859356827584,3.6405260336106386,0,0,0,0,0,0,0,0,0,0,0,0,0,0,0,0,0,0,0,0,0,0,0,0,2,0.2779269819424589,0.14662086936688423,0.40096387857762195,271.82437400000003,39.855126030989084,537.6158736700424
1613_a,10m,1613,1613_a,0,0,1.2104674429366087,0,0,0,0,0,0,0,0,0,0,0,0,0,0,0,0.06917415030098878,0,0,0,0,0,1.1054454172199901,0.6049080652546577,0,0,0,0,0,0,0,0,0,0,0,0,0,0,0,0,0,0,0,0.056388351657368774,0,0,0,0,5,1.215375520890937,0.670154052627987,0.7551552697381244,622.221762,172.21861580170778,389.81979096337744
1613_b,10m,1613,1613_b,0,0,0.1480275771525953,0,0,0,0,0,0,0,0,0,0,0,0,0,0,0,0.24831454367173725,0,0,0,0,0,0.13516504128693263,0,0,0,0,0,0,0,0,0,0,0,0,0,0,0,0,0,0,0,0,0,0,0,0,0,3,1.0597589228963407,0.6394976501377109,0.9646341423880552,369.87356600000004,157.87895893150164,66.7183741110369
1613_c,10m,1613,1613_c,0,0,0,0,0,0,0,0,0,0,0,0,0,0,0,0,0,0.7260701742089503,0.5854598810767897,0,0,0.03283206185626711,0,0,0.9999999999964297,0,0,0,0,0,0,0,0,0,0,0,0,0,0,0,0,0,0,0,0,0,0,0,0,0,4,1.132694186700308,0.6595692085810657,0.8170661429981461,467.75312800000006,162.03989610441425,294.9822161784265
1613_d,10m,1613,1613_d,0,0,0.23809755498705318,0,0,0,0,0,0,0,0,0,0,0,0,0,0,0,0.8540998771483157,0,0,0.0022226807612084434,0,0,1.2541113471495011,1.4586128342075586,0,0,0,0,0,0,0,0,0,0,0,0,0,0,0,0,0,0,0,0,0,0,0,0,5,1.2463635560004303,0.6904635684746361,0.7744092185050124,636.542307,182.26922258023268,503.2646927982167
1712_a,10m,1712,1712_a,0,0,0,0,0,0,0,0,0,0,0,0,0,0,0,0.19754006936018345,0,0,0.611176486285333,0,0,0,0,0,0,0,1.5298848913899932,0,0,0,0,0,0,0,0,0,0,0,1.144527102414721,0,0,0,0,0,0,0,0,0,0.06767541406660439,0,5,1.2667665071490937,0.6773824993115769,0.7870862848217902,585.87726,178.17480306369117,488.5041887466905
1712_b,10m,1712,1712_b,0,0,0,0.7385949514196651,0,0,0,0,0,0,0.6548748900688102,0,0,0,0,0,0.07365947085269,0,0.38747015354070735,0,0,0,0,0,0.021453146844955744,0,0.8949879301676482,0,0,0,0,0,0,0,0,0,0,0,0.6584722388685298,0,0,0,0,0,0,1.0000000000065816,0,0,0,0,8,1.8308450080096506,0.82849685452864,0.8804503378972792,951.0206569999999,205.19091587765405,549.6284336843884
1712_c,10m,1712,1712_c,0,0,0,0,0,0,0,0,0,0,0.15134667816950848,0,0,0,0,0,0,0,1.6664599591212683,0,0,0,0,0,1.7349948182082948,0.018748545315970824,0,0,0,0,0,0,0,0,0,0,0,0,0.059505164719518125,0,0,0,0,0,0,0,0,0,0,0.8190534205720236,6,1.2422977439496263,0.6725349810135857,0.693339572238927,726.9912730000001,165.66977623948029,570.825373235029
1712_d,10m,1712,1712_d,0,0,0,0,0,0,0,0,0,0,0,0,0,0,0,0,0,0,1.3763080023998413,0,0,0,0,0,0,0,0,0,0,0,0,0,0,0,0,0,0,0,0.13749549400733985,0,0,0,0,0,0,0,0.0021040098463314645,0,0,0,3,0.3145460201031313,0.16747019322411016,0.2863121260772239,358.616482,41.437255242117125,198.3988563250624
1811_a,10m,1811,1811_a,0,0,0,0,0,0,0,0,0,0,0,0,0,0,0,0,0,0,0,0,0,0,0,0,0,0,0,0,0,0,0,0,0,0,0.8893736286544037,0.7933398834518118,0,0,0,0,0,0,0,0,0,0,0,0,0,0,2,0.6915177593290526,0.49837146396608256,0.9976492420706718,222.296016,110.78599092774775,187.03025490528975
1811_b,10m,1811,1811_b,0,0,0,0,0,0,0,0,0,0,0,0,0,0,0,0,0,0,0,0,0,0,0,0,0,0,0,0,0,0,0,0,0,0,0,0.5037344442875934,0,0,0,0,0,0,0,0,0,0,0,0,0,0,1,-0,0,0,1,0,0.5037344442875934
1811_c,10m,1811,1811_c,0,0,0,0,0,0,0,0,0,0,0,0,0,0,0,0.2797284326433487,0,0,0.32352678755939324,0,0,0,0,0,0.6393811447927206,0,0.11388021072908625,0,0,0,0,0,0,0,0,0,0,0,0,0,0,0,0,0,0,0,0,0,0.4742329534435144,0,5,1.4834012650808237,0.7524822257067021,0.921689027964639,597.1343439999999,181.2373120476094,250.20570842117849
1811_d,10m,1811,1811_d,0,0,0,0,0,0,0,0,0,0,0,0,0,0,0,0,0,0,0.13822491608939086,0,0,0,0,0,0.001498669170865054,0,0,0,0,0,0,0,0,0,0,0,0,0,0,0,0,0,0,0,0,0,0,0,0,0,2,0.05931139244178494,0.021221821741580493,0.08556825174398228,247.46847400000001,5.251731841888914,17.28859121308221
624_a,10m,624,624_a,0,0,0,0,0,0,0,0,0,0,0,0,0,0,0,0,0,0,0.0018387745452544822,0,0,0,0,0,0,0,0,0,0,0,0,0,0,0,0,1.2652164014875853,0,0,0,0,0,0.29462502438460025,0.004979451085569437,0,0,0,0,0,0,0,4,0.5130302127381455,0.31242292286397844,0.37007307187176625,263.936499,7.866678384799236,135.57604536104412
624_b,10m,624,624_b,0,0,0,0,0,0,0,0,0,0,0,0,0,0,0,0,0,0,0.1055149161199099,0,0,0,0,0,0,0,0,0,0,0,0,0,0,0,0,0.5106670392385503,0,0,0,0,0,0.7847000141422897,0,0,0,0,0,0,0,0,3,0.8872794783859548,0.5476780779366128,0.8076365862078951,259.245173,44.08979249134478,140.26849352039915
624_c,10m,624,624_c,0,0,0.7713433664404249,0,0,0,0,0,0.13779358001173914,0,0,0,0,0,0,0,0.13957959410312773,0,0.9961453410773151,0,0,0,0,0,0,0,0,0,0,0,0,0,0,0,0,0.09230016666502917,0,0,0,0,0,0,0,0,0,0,0,0,0,0,5,1.2142804443854993,0.6421940412920477,0.7544748604492806,576.26737,156.4461049866296,278.8226441325695
624_d,10m,624,624_d,0,0,0.2286566335757723,0,0,0,0,0,0.840368622037459,0,0,0,0,0,0,0,0,0,0,0,0,0,0,0,0,0,0,0,0,0,0,0,0,0,0,0.6093051951320534,0,0,0,0,0,0,0,0,0,0,0,0,0,0,3,0.9857733529479644,0.5989211642712929,0.8972895744166994,335.036771,126.98765754086791,189.7062651218484
1910_a,10m,1910,1910_a,0,0,0,0,0,0,0.6605199766801186,0,0,0,1.3111916137438038,0,0,0,0,0,0,0,0,0,0,0,0,0,0,0,0,0,0,0,0,0,0,0,0,0,0,0,0,0,0,0,0,0,0,0,0,0,0,0,2,0.6376619843131921,0.44554885985068515,0.9199517825320582,181.29805899999997,80.77714348059222,178.73374245116588
1910_b,10m,1910,1910_b,0,0,0,0,0,0,1.1814574563262694,0,0,0,1.416348787393596,0,0,0,0,0,0.17550587154005157,0,0,0,0,0.17030112137683495,0.018176559482985057,0,0,0,0,0,0,0,0,0,0,0,0,0.7923493821548606,0,0,0.95253329751568,0,0,0,0.5233804541745251,0,0,0,0,0,0,0,8,1.7613603206467103,0.8072972732309303,0.8470352666052012,1004.693755,138.16773810568193,582.37501058888
1910_c,10m,1910,1910_c,0,0,0,0,0,0,1.5521149643951566,0,0,0,0.22920127223051961,0,0,0,0,0,0.11617285301627732,0,0,0,0,0,0.4601390703555561,0,0,0,0,0,0,0,0,0,0,0,0,0,0,0,0,0,0,0,0,0,0,0,0,0,0,0,4,0.96902444944354,0.5166211344036529,0.6990033838561767,864.4833219999999,245.86725974319495,559.8183624523027
1910_d,10m,1910,1910_d,0,0,0,0,0,0,1.2463428855325978,0,0,0,0.043258326639120895,0,0,0,0,0,0,0,0,0,0,0,0,0,0,0,0,0,0,0,0,0,0,0,0,0,0,0,0,0,0,0,0,0,0,0,0,0,0,0,2,0.14685328869197292,0.06483751849542663,0.21186451133414463,181.29805899999997,11.754916253597454,116.90109772384758
723_a,10m,723,723_a,0,0,1.5838281666186034,0,0,0,0,0,0,0,0,0,0,0,0,0,0,0,0,0,0,0,0,0,0,0,0,0,0,0,0,0,0,0,0,1.9707014963429157,0,0.02279299392708145,0,0,0,0,0,0,0,0,0,0,0,0,3,0.7213988915296976,0.5004628441223873,0.6566455691154497,240.22306000000003,117.06657597017846,309.4326440434967
723_b,10m,723,723_b,0,0,0,0,0,0,0,0,1.0145689542124283,0,0,0,0,0,0,0,0,0,0,0,0,0,0,0,0,0,0,0,0,0,0,0,0,0,0,1.6204185156238577,0,0,0,0,0,0,0,0,0,0,0,0,0,0,2,0.6664764558316785,0.4735672413054648,0.9615222776976148,195.75912599999998,92.70510926018888,257.91142205805136
723_c,10m,723,723_c,0,0,0,0,0,0,0,0,0.4634161531686569,0,0,0,0,0,0,0,0,0,0,0,0,0,0,0,0,0,0,0,0,0,0,0,0,0,0,0.6184876729510281,0,0,0,0,0,0,0.7222699739149409,0,0,0,0,0,0,0,3,1.082622927137763,0.656239437327978,0.9854458559263602,207.535825,81.19857534094496,147.251533798378
723_d,10m,723,723_d,0,0,0.37901973129162037,0,0,0,0,0,0,0,0,0,0,0,0,0,0,0,0,0,0,0,0,0,0,0,0,0,0,0,0,0,0,0,0,1.9869725125375535,0,0.6713696734195296,0,0,0,0,0.011273971646482535,0,0,0,0,0,0,0,4,0.8921347378218762,0.5112447057849421,0.6435391810301982,251.999759,53.549643296605126,168.73923650313154
822_a,10m,822,822_a,0,0,0,0,0,0,0,0,0.0037451831822231567,0,0,0,0,0,0,0,0,0,0,0,0,0,0,0,0,0,0,0,0,0,0,0,0,0,0,0.3045404077944488,0,0.8875155734919179,0.015260335628550312,0,0,0,0,0,0,0,0,0,0,0,4,0.6479084529332259,0.3995406715756896,0.4673671559984027,202.83664,3.665999785281971,98.89617441611803
822_b,10m,822,822_b,0,0,0,0,0,0,0,0,0,0,0,0,0,0,0,0,0,0,0,0,0,0,0,0,0,0,0,0,0,0,0,0,0,0,0,0.4518870329603498,0,0,0.007453827335426404,0,0,0,0,0,0,0,0,0,0,0,2,0.08296829142411241,0.031927803679200784,0.1196979425885973,8.023324,0.2561671135266207,1.8427202742958744
822_c,10m,822,822_c,0,0,0,0,0,0,0,0,0,0,0,0,0,0,0,0,0,0,0,0,0,0,0,0,0,0,0,0,0,0,0,0,0,0,0,0.06549801822069706,0,0.2411965494964649,0.6571667058490124,0,0,0.9998313126657304,0,0,0,0,0,0,0,0,4,1.0810028121316213,0.612561674719319,0.7797786981246569,30.630912000000002,12.661712917807852,24.062170275383654
822_d,10m,822,822_d,0,0,0,0,0,0,0,0,0,0,0,0,0,0,0,0,0,0,0,0,0,0,0,0,0,0,0,0,0,0,0,0,0,0,0,1.402684011097125,0,0.4445772975124672,0,0,0,1.6868733861642127e-4,0,0,0,0,0,0,0,0,3,0.552739283374676,0.3656100305211929,0.5031249778252374,26.61925,2.2449937176595895,14.376263357535333
921_a,10m,921,921_a,0,0,0,0,0,0,0,0,0.21218005419737707,0,0,0,0,0,0,0,0,0,0.6283631885943163,0.14074729464446945,0,0,0,0,0,0,0,0,0,0,0,0,0,0,0,0.41426430326346564,0,0.4105064482426505,0.05879875394372058,0,0,0,0,0,0,0,0,0,0,0,6,1.5852252805717215,0.7690262140485764,0.8847310745647602,360.48,142.68687857026688,266.07553092965765
921_b,10m,921,921_b,0,0,0,0,0,0,0,0,0,0,0,0,0,0,0,0,0,0,0.8063079902786802,0.8592527053429935,0,0,0,0,0,0,0,0,0,0,0,0,0,0,0,0,0,0.0077071070106749465,0.41219066540855015,0,0,0.5194803852413252,0,0,0,0,0,0,0,0,5,1.3593244396963171,0.7305706899254407,0.8445957617839922,271.311284,118.92963500233655,256.6197887501793
921_c,10m,921,921_c,0,0,0,0,0,0,0,0,0,0,0,0,0,0,0,0,0,0,0.025737198333154576,0,0,0,0,0,0,0,0,0,0,0,0,0,0,0,0,0,0,0.14976039897330531,0,0,0,0.29038293101989254,0,0,0,0,0,0,0,0,3,0.8194569339913117,0.5051118797224423,0.7459018458502509,259.245173,35.27037816063452,120.32554611245813
921_d,10m,921,921_d,0,0,0,0,0,0,0,0,0.006968989331532883,0,0,0,0,0,0,0,0,0,0.13366411911013576,0,0,0,0,0,0,0,0,0,0,0,0,0,0,0,0,0.024188202399359204,0,0.5642679224175898,0.0854544505621126,0,0,0,0,0,0,0,0,0,0,0,5,0.9325798943946744,0.4812206078302128,0.5794444676553248,352.425551,72.12991654700792,140.03626818192507
1020_a,10m,1020,1020_a,0,0,1.1581119475601613,0.2950361513267145,0,0,0.08240918703446391,0,0,0,0,0,0,0,0,0,0,0,0,0,0,0,0,0,0,0,0,0,0,0,0,0,0,0,0,0.5058441013323666,0,0,0,0,0,0,0,0,0,0,0,0,0,0,4,1.076417714454964,0.594238192592294,0.7764712492846044,380.173901,116.01333701675881,217.30942481810703
1020_b,10m,1020,1020_b,0,0,1.2377388561346414,0.7317957594397554,0,0,0.5831406423835882,0,0,0,0,0,0,0,0,0,0,0,0,0,0,0,0,0,0,0,0,0,0,0,0,0,0,0,0,1.271897453097279,0,0,0,0,0,0,0,0,0,0,0,0,0,0,4,1.3344166742154138,0.7248102436733328,0.9625781591850605,380.173901,149.50479850598495,364.6099735030951
1020_c,10m,1020,1020_c,0,0,0.5213418218578303,0.14716710349252293,0,0,0,0.23321824878975841,0,0,0,0,0,0,0,0,0,0,0,0,0,0,0,0,0,0,0,0,0,0,0,0,0,0,0,1.3681172841293803,0,0,0,0,0,0,0,0,0,0,0,0,0,0,4,1.0542090047425814,0.5691949556746825,0.760451051601306,380.173902,125.48656599200785,281.05311111670557
1020_d,10m,1020,1020_d,0,0,0.5644446752215577,0,0,0,0.4338726433052372,0.31082614916377865,0,0,0,0,0,0,0,0,0,0,0,0,0,0,0,0,0,0,0,0,0,0,0,0,0,0,0,0.28394221398573666,0,0,0.911287878929676,0,0,0,0,0,0,0,0,0,0.06973010096205118,0,6,1.596656132877728,0.7706934790324641,0.8911107547072803,540.84547,150.8768657175216,268.77998033319676
1119_a,10m,1119,1119_a,0,0,0.6771315114665398,0,0,0,0,0,0,0.8493467310085967,0,0,0,0,0,0,0,0,0.0020637861755303686,0,0,0,0,0,0,0,0,0,0,0,0,0,0,0,0,0,0,0,0,0,0,0,0.03712272371276188,0,0,0.02910970311133434,0,0,0,0,5,0.8684642905200521,0.5352006849865152,0.5396072031176363,568.1847,125.48295842431837,200.82916106642693
1119_b,10m,1119,1119_b,0,0,2.1499110774864674,0,0,0,0,0,0,0.29696783443534325,0,0,0,0.10036748600747866,0,0,0,0,0,0,0,0,0,0,0,0,0,0,0,0,0,0,0,0,0,0,0,0,0,0,0,0,0.39028260722488106,0,0,0.6124390120834274,0,0,0,0,5,1.1579767186104566,0.5835843853761131,0.7194913886793821,439.29483,125.62710846742665,390.28461751829315
1119_c,10m,1119,1119_c,0,0,1.3162072023644833,0.07681574802199595,0,0,0,0,0,0,0,0,0,0.7425146891851161,0,0,0,0,0,0,0,0,0,0,0,0,0,0,0,0,0,0,0,0,0,0,0,0,0,0,0,0,0.025034821626011332,0,0,0,0,0,0,0,4,0.8392780088321851,0.5093785619924587,0.6054111106346786,282.29433900000004,17.30365897755396,139.28712659740245
1119_d,10m,1119,1119_d,0,0,0.5662238346190575,0.5715261042235272,0,0,3.024248727879554e-6,0,0,0.303418710594307,0,0,0,0,0,0,0,0,0.27454389818059133,0,0,0,0,0,0,0,0.9999999999816445,0,0,0,0,0,0,0,0,0,0,0,0,0,0,0,0,0,0,0.008580730746991951,0,0.04108563288183999,0,0,8,1.5706503908339287,0.7624728211075672,0.7553231766088071,865.3294409999999,185.38260240364406,372.90814632582016
1218_a,10m,1218,1218_a,0,0,0,0,0,0,0,0,0,0,0,0,0,0,0,0.13174687136081675,0,0,0,0,0,0.29674206906366274,0,0,0,0,0,0,0,0,0,0,0,0,0,0,0,0,0,0,0,0,0,0,0,0,0,0,0,0,2,0.6170601968295661,0.42586327821019665,0.8902296858959827,222.296016,94.66771010682635,47.625692178211565
1218_b,10m,1218,1218_b,0,0,0,0,0,0,0,0.1853645554487989,0,0,0,0,0,0,0,0.05574622988673018,0,0,0,0,0,0,0,0,0,0.2665180672437783,0.04512055591797561,0,0,0,0,0,0,0,0,0,0,0,0,0,0,0,0,0,0,0,0,0,0,0,4,1.1540136570031598,0.6382197662900433,0.8324448900382979,448.2438169999999,159.01208818032828,142.54501389906963
1218_c,10m,1218,1218_c,0,0,0,0,0,0,0,0.6076561564861094,0,0,0,0,0,0,0,0.8854534355217876,0,0,0.05592825219496165,0,0,0,0,0,0,0,0.015144840847117688,0,0,0,0,0,0,0,0,0,0,0,0.5817111847543672,0,0,0,0,0,0,0,0,0,0,0,5,1.20641114871206,0.6753389100693914,0.7495853921369939,604.5861809999999,148.01392019483202,261.8423731803339
1218_d,10m,1218,1218_d,0.23841428154833338,0,0,0,0,0,0,0.06066458137144768,0,0,0,0,0,0,0,1.273970973570234,0,0,0.14246703469179411,0,0,0,0,0,0,0,0,0,0,0,0,0,0,0,0,0,0,0,0.2325760474960364,0,0,0,0,0,0,0,0,0,0,0,5,1.0878741408897823,0.536790119790121,0.6759342081388469,575.074649,125.4678712771425,242.05515708445273
1317_a,10m,1317,1317_a,0.9565900683797263,0,0,0,0,0,0,0,0,0,0,0,0,0,0,0,0,0,0,0,0,0,0,0,0,0,0,0,0,0,0,0,0,0,0,0,0,0,0,0,0,0,0,0,0,0,0,0,0,0,1,-0,0,0,1,0,0.9565900683797263
1317_b,10m,1317,1317_b,0.14301185281038156,0,0,0,0,0,0,0,0,0,0,0,0,0,0,0,0,0,0,0,0,0.08590214836304595,0,0,0,0,0,0,0,0,0,0,0,0,0,0,0,0,0,0,0,0,0,0,0,0,0,0,0,0,2,0.6616956420483953,0.4688796038536789,0.9546250213610585,237.157208,111.19817773808451,27.144302695199396
1317_c,10m,1317,1317_c,1.1182814809708523,0,0,0,0,0,0,0,0,0,0,0,0,0,0,0.1560906371874145,0,0,0,0,0,0.20621296134515454,0,0,0,0,0,0,0,0,0,0,0,0,0,0,0,0,0,0,0,0,0,0,0,0,0,0,0,0,3,0.7237065952345234,0.39901363769948306,0.6587461315510141,348.30521600000003,94.19253517455974,180.304176160703
1317_d,10m,1317,1317_d,1.0068175590651718,0,0,0,0,0,0,0,0,0,0,0,0,0,0,0,0,0,0,0,0,0,0,0,0,0,0,0,0,0,0,0,0,0,0,0,0,0,0,0,0,0,0,0,0,0,0,0,0,0,1,-0,0,0,1,0,1.0068175590651718
1416_a,10m,1416,1416_a,0,0,0,0,0,0,0,0,0,0,0,0,0,0,0,0,0,0,0,0,0,0.006617953910280339,0,0,2.0448095317496255,1.89440706741321,0,0,0,0,0,0,0,0,0,0,0,0,0,0,0,0,0,0,0,0,0,0.010012798990327134,0,0,4,0.7195317409600059,0.503463279814946,0.5190324372226014,505.377474,136.7357607164019,534.3807605131184
1416_b,10m,1416,1416_b,0,0,0,0,0,0,0,0,0,0,0,0,0,0,0,0,0,0,0,0,0,0.024878078072495778,0,0,0.14014749236583826,0.07571938614123334,0,0,0,0,0,0,0,0.5936719125626859,0,0,0,0,0,0,0,0,0,0,0,0,0,0.0752268412279952,0,0,5,1.078164115813569,0.5358048202706657,0.6699010303435458,635.702005,140.652050048528,140.7066090092176
1416_c,10m,1416,1416_c,0.6615895990125868,0,0,0,0,0,0,0,0,0,0,0,0,0,0,0,0,0,0,0,0,0.47844328912452044,0,0,0,0.3905100257754045,0,0,0,0,0,0,0,0.09803875113018927,0,0,0,0,0,0,0,0,0,0,0,0,0,0.01857109070603226,0,0,5,1.285213776502608,0.6944234961758237,0.7985482177183595,631.875517,179.09801652963964,224.30863424678284
1416_d,10m,1416,1416_d,0,0,0,0,0,0,0,0,0,0,0,0,0,0,0,0,0,0,0,0,0,0.2942905092089662,0,0,0,2.076611000034035,0,0,0,0,0,0,0,0,0,0,0,0,0,0,0,0,0,0,0,0,0,0,0,0,2,0.3750659272804999,0.21743746493799754,0.5411057532939978,271.824374,59.104802790918164,322.234409282817
1515_a,10m,1515,1515_a,0,0,0,0,0,0,0,0,0,0,0,0,0,0,0,0,0,0,0,0,0,0,0,0,0.8489565102626819,1.8948406326787086,0,0,0,0,0,0,0,0,0,0,0,0,0,0,0,0,0,0,0,0,0,0,0,0,2,0.6186272639578092,0.42735041374805005,0.8924904858706392,271.82437400000003,116.16425869570475,372.915470381516
1515_b,10m,1515,1515_b,0,0,0,0,0,0,0,0,0,0,0,0,0,0,0,0,0,0,0,0,0,0,0,0,1.0340802278731824,1.5161604888185403,0,0,0,0,0,0,0,0,0,0,0,0,0,0,0,0,0,0,0,0,0,0,0,0,2,0.67517243997174,0.4821332174219083,0.9740679308921307,271.82437400000003,131.05556001031616,346.60879318201944
1515_c,10m,1515,1515_c,0,0,0,0,0,0,0,0,0,0,0,0,0,0,0,0,0,0,0,0,0,0.21310811600333074,0,0,0,0.32806470164575585,0,0,0,0,0,0,0,0,0,0,0,0,0,0,0,0,0,0,0,0,0,0.5155290566966633,0,0,3,1.0361938846285874,0.6249286626285347,0.9431843201797837,382.972382,160.12471456886306,150.3387403785335
1515_d,10m,1515,1515_d,0,0,0,0,0,0,0,0,0,0,0,0,0,0,0,0,0,0,0,0,0,0.07203230119330944,0,0,0,0,0,0,0,0,0,0,0,0,0,0,0,0,0,0,0,0,0,0,0,0,0,0,0,0,1,-0,0,0,1,0,0.07203230119330944
1614_a,10m,1614,1614_a,0,0,0,0,0,0,0,0,0,0,0,0,0,0,0,0.0985813685827336,0,0,0,0,0,0.2879895511195537,0,0,0.44776231100415054,0,0,0,0,0,0,0,0,0,0,0,0,0,0,0,0,0,0,0,0,0,0,0,0,0,3,0.9535233123696771,0.578879001845619,0.8679343224220352,355.958192,139.87902799754067,109.03205854823284
1614_b,10m,1614,1614_b,0,0,0,0,0,0,0,0,0,0,0,0,0,0,0,0,0,0.27392982582014397,0,0,0,0.6925597290412274,0,0,0,0.09662305914657725,0,0,0,0,0,0,0,0,0,0,0,0,0,0,0,0,0,0,0,0,0,0,0,0,3,0.8465633051542966,0.5009659029963087,0.7705751281743062,369.70393600000006,110.63865879530282,145.76445028320742
1614_c,10m,1614,1614_c,0,0,0,0,0,0,0,0,0,0,0,0,0,0,0,0,0,0,0,0,0,0.005589029365016377,0,0,1.257572953292542,1.1099555623655775,0,0,0,0,0,0,0,0,0,0,0,0,0,0,0,0,0,0,0,0,0,0,0,0,3,0.7061779216961616,0.500412153723794,0.6427908453056613,394.229466,135.9567904488413,318.98104165202136
1614_d,10m,1614,1614_d,0,0,0,0,0,0,0,0,0,0,0,0,0,0,0,0,0,0,0,0,0,0.5210705898135489,0,0,0.7545695766683614,0.7966742852462381,0,0,0,0,0,0,0,0,0,0,0,0,0,0,0,0,0,0,0,0,0,0,0,0,3,1.0824996117309849,0.6564014146098719,0.9853336094058633,394.229466,173.4793071072648,277.9296913715916
1713_a,10m,1713,1713_a,0,0,0.7055929301806432,0,0,0,0,0,0,0,0,0,0,0,0,0,0,0,0.9167393058146248,0,0,0,0,0,0,0,0,0,0,0,0,0,0,0,0,0,0,0,0,0,0,0,0,0,0,0,0.6866576552902027,0,0,0,3,1.089680105560003,0.660547056279955,0.9918695765555875,366.047078,161.5904735366404,283.67880237619784
1713_b,10m,1713,1713_b,0,0,0.25946892607306926,0,0,0,0,0,0,0,0,0,0,0,0,0,0,0,7.878694225046455e-4,0,0,0,0,0,0.08986477543222686,0.09879373035015228,0,0,0,0,0,0,0,0,0,0,0,0,0,0,0,0,0,0,0,0,0.34934453598274096,0,0,0.18094657942748688,6,1.4879963003907795,0.7497574257441901,0.8304665475170359,642.9783560000002,155.67530777751983,188.18124446748098
1713_c,10m,1713,1713_c,0,0,1.0550999784813375,0,0,0,0,0,0,0,0,0,0,0,0,0,0,0,0,0,0,0,0,0,0.1028161493374541,0.3499876808104977,0,0,0,0,0,0,0,0,0,0,0,0,0,0,0,0,0,0,0,0,0,0,0,0,3,0.7719728215065311,0.45188107576380343,0.7026799440250424,394.229466,120.25460688334695,202.80951627595562
1713_d,10m,1713,1713_d,0,0,0.16884201900846485,0,0,0,0,0,0,0,0,0,0,0,0,0,0,0,0.06706790992479193,0,0,0,0,0,0,0.38787143571776284,0,0,0,0,0,0,0,0,0,0,0,0,0,0,0,0,0,0,0,0,0.0012442315581800893,0,0,0,4,0.9015401614264081,0.5304025459674669,0.6503237600260573,514.137215,142.7166523503783,98.51722491674688
1812_a,10m,1812,1812_a,0,0,0,0,0,0,0,0.012715478405477262,0,0,0,0,0,0,0,0,0,0.8835267882461367,1.7101534465745822,0,0,0,0,0,1.0000000000023115,0,0,0,0,0,0,0,0,0,0,1.962542633320179,0,0,0,0,0,0,0,0,0,0,0,0,0,0,5,1.3444308080772076,0.7240847655899487,0.8353418281565779,507.98453600000005,159.9026236304756,533.258417546605
1812_b,10m,1812,1812_b,0,0,0,0,0,0,0,0,0,0,0,0,0,0,0,0.13509482513383714,0,0.11028735834505592,0.9551506694422262,0,0,0,0,0,0.3591201860141835,0,0.22706885315808925,0,0,0,0,0,0,0,0,0,0,0,0,0,0,0,0,0,0,0,0,0,0.10214759426734386,0,6,1.427373715792369,0.6822468914441947,0.796632438843661,708.2823510000001,172.7418539857038,280.78680264779774
1812_c,10m,1812,1812_c,0,0,0,0,0,0,0,0.007289694086255885,0,0,0,0,0,0,0,0,0,0,0.1069596550137997,0,0,0,0,0,0,0,0.4949238762309916,0,0,0,0,0,0,0,0,0,0,0,0.8398204502766692,0,0,0,0,0,0,0,0,0,0,0,4,0.902046533263928,0.5419368085595768,0.6506890300954752,493.43817299999995,144.76590875895624,201.44815196817322
1812_d,10m,1812,1812_d,0,0,0,0,0,0,0,0.6925753681163731,0,0,0,0,0,0,0,0,0,0.006185853378559051,0.06367933694335827,0,0,0,0,0,0,0,0.5050761238153677,0,0,0,0,0,0,0,0,0,0,0,0.001300345004106157,0,0,0,0,0,0,0,0,0,0,0,5,0.880309156108009,0.5410528088135811,0.5469668319025969,533.66958,145.23061142197975,240.29624792461644
1911_a,10m,1911,1911_a,0,0,0,0,0,0,0.5883896052133554,0,0,0,0.3930933104779051,0,0,0,0,0,0,0,0,0,0,0,0,0,0,0,0,0,0,0,0,0,0,0,0,0.984372205608967,0,0,0,0,0,0,0,0,0,0,0,0,0,0,3,1.0292602455332254,0.6196971211626369,0.9368730498919118,286.40815499999997,119.58040281606074,192.55092799494676
1911_b,10m,1911,1911_b,0,0,0,0,0,0,0.004017529527480369,0,0,0,0.17989126401384714,0,0,0,0,0,0,0.2786834035854225,0,0,0,0,0,0,0,0,0,0,0,0,0,0,0,0,0.11062637120747454,0,0,0,0,0,0,0,0,0,0,0,0,0,0,0,4,1.0665813371665045,0.6278537438470604,0.7693758029174178,410.82460700000007,131.11050543927936,76.74344201056383
1911_c,10m,1911,1911_c,0,0,0,0,0,0,0,0,0,0,0.12919752661328152,0,0,0,0,0,0,0.7134766428404113,0,0,0,0,0,0,0,0,0,0,0,0,0,0,0,0,0,0,0,0,0,0,0,0,0,0,0,0,0,0,0,0,2,0.42842240822537503,0.25962385366295515,0.6180828837524556,195.75912500000004,50.82373842218814,82.48057874403881
1911_d,10m,1911,1911_d,0,0,0,0,0,0,0,0,0,0,0.29781789887119503,0,0,0,0,0,0,0.00783995356504278,0,0,0,0,0,0,0.47095315065621474,0,0,0,0,0,0,0,0,0,0,0.2619769748939295,0,0,0,0,0,0,0,0,0,0,0,0,0,0,4,1.1011277473724865,0.6484675265632398,0.7942957702597608,382.92115400000006,150.81736358170647,179.82614845515437
724_a,10m,724,724_a,0,0,0,0,0,0,0,0,0,0,0,0,0,0,0,0,0,0,0.49246730743648476,0,0,0,0,0,0,0,0,0,0,0,0,0,0,0,0,0.2758988813039665,0,0.01842871867449888,0,0,0,0,0,0,0,0,0,0,0,0,3,0.7486658335008586,0.4847172219117135,0.6814650092877581,250.53432600000002,115.98784927039718,182.50581639414708
724_b,10m,724,724_b,0,0,0,0,0,0,0,0,0,0,0,0,0,0,0,0,0,0,0,0,0,0,0,0,0,0,0,0,0,0,0,0,0,0,0,0.48886844255563533,0,0,0,0,0,0,0.15955251365101572,0,0,0,0,0,0,0,2,0.5579686151318666,0.37103216909289394,0.8049785540224266,23.553398,8.73906834944823,7.636258426537911
724_c,10m,724,724_c,0,0,0,0,0,0,0,0,0,0,0,0,0,0,0,0,0,0,0.2384521139901455,0,0,0,0,0,0,0,0,0,0,0,0,0,0,0,0,1.6928203629194563,0,0,0,0,0,0,0,0,0,0,0,0,0,0,2,0.37378004988300606,0.21644868148137264,0.5392506243494423,247.46847400000001,53.56422490550737,238.9645263695097
724_d,10m,724,724_d,0,0,0,0,0,0,0,0,0,0,0,0,0,0,0,0,0,0,1.22543912202374,0,0,0,0,0,0,0,0,0,0,0,0,0,0,0,0,0.32529690775259884,0,0,0,0,0,0,0,0,0,0,0,0,0,0,2,0.5136509322406015,0.33153235364901423,0.7410416526915088,247.46847400000001,82.04380563914987,191.87913943278457
823_a,10m,823,823_a,0,0,0,0.9213109531967971,0,0,1.0617589392512221,0,0,0,0,0,0,0,0,0,0,0,0,0,0,0,0,0,0,0,0,0,0,0,0,0,0,0,0,0.13404010060753968,0,1.3715771218720385,0,0,0,0,0,0,0,0,0,0,0,0,4,1.2059229747273235,0.681590972235874,0.8698895476665882,338.102622,143.78983196921448,333.30101817625325
823_b,10m,823,823_b,0,0,0.0371521020418124,0.10568379620467216,0,0,0,0,0,0,0,0,0,0,0,0,0,0,0,0,0,0,0,0,0,0,0,0,0,0,0,0,0,0,0,1.0911552806420737,0,0.2448204980652068,0,0,0,0,0,0,0,0,0,0,0,0,4,0.8031677108799617,0.4224173389466127,0.5793630367443308,285.36019100000004,43.21038766469951,199.49733166375555
823_c,10m,823,823_c,0,0,0,0,0,0,0,0,0,0,0,0,0,0,0,0,0,0,0,0,0,0,0,0,0,0,0,0,0,0,0,0,0,0,0,0.6077783912899357,0,1.3826716386556708,0,0,0,0,0,0,0,0,0,0,0,0,2,0.6153271438922994,0.4242205936439244,0.8877294190177899,6.131704,2.601195110928825,6.102425205208798
823_d,10m,823,823_d,0,0,0,0.04746717538771303,0,0,1.4269372343632865,0,0,0,0,0,0,0,0,0,0,0,0,0,0,0,0,0,0,0,0,0,0,0,0,0,0,0,0,0,0,1.5449618550756952,0,0,0,0,0,0,0,0,0,0,0,0,3,0.7623557821061986,0.5145862034593593,0.6939261375188439,335.03677,102.01611289704506,317.21581512074636
922_a,10m,922,922_a,0,0,0,0,0,0,0,0.19824736131552662,0,0,0,0,0,0,0,0.2176532002820814,0,0,0.49192129739244184,0.16349779290055388,0,0.534804968558367,0,0,0,0,0,0,0,0,0,0,0,0,0,0,0,0,0.5461247793992514,0,0,0.43564225485737534,0,0,0,0,0,0,0,0,7,1.849192317371734,0.8313550951574306,0.9502968666202121,502.869702,164.19444414947017,359.4641621962815
922_b,10m,922,922_b,0,0,0,0,0,0,0,0,0.807792504001094,0,0,0,0,0,0,0,0,0,0.50710616759436,0,0,0,0,0,0,0,0,0,0,0,0,0,0,0,0,0.33842683955543273,0,0.6864672557850219,0.029551336859764972,0,0,0.5491088877730359,0,0,0,0,0,0,0,0,6,1.6106948236604481,0.7889196175886335,0.8989458972159834,364.20225,134.1931373898067,272.20857068823017
922_c,10m,922,922_c,0,0,0,0,0,0,0,0,0.18846231279682965,0,0,0,0,0,0,0,0,0,0,0,0,0,0,0,0,0,0,0,0,0,0,0,0,0,0,1.2544871576577408,0,4.257244882567471e-4,0.16490324092015377,0,0,0.010168727135985281,0,0,0,0,0,0,0,0,5,0.714576215010226,0.3752116068700815,0.4439911657912339,214.613339,41.81187783904615,117.88898709204594
922_d,10m,922,922_d,0,0,0,0,0,0,0,0,0,0,0,0,0,0,0,0.005136954870457335,0,0,0,0.273228496089111,0,0.26756707562174314,0,0,0,0,0,0,0,0,0,0,0,0,0,0.3863785920439692,0,0,1.2186097516622425,0,0,0.005080130268472992,0,0,0,0,0,0,0,0,6,1.1799708030650031,0.6169393439672468,0.6585542442107873,472.28440600000005,93.69007644718869,186.7891031402668
1021_a,10m,1021,1021_a,0,0,0.9401656370886781,0,0,0,0,0.26174257970206666,0,0,0,0,0,0,0,0,0,0,0,0,0,0,0,0,0,0,0.22573784834477797,0,0,0,0,0,0,0,0,0.7799737242271233,0,0,0,0,0,0,0.0026866444668374938,0,0,0,0,0,0,0,5,1.2249955381248874,0.6700932538535176,0.7611325225166434,500.05923899999993,161.62031959185646,301.13594610729007
1021_b,10m,1021,1021_b,0,0,0,0,0,0,0,0.19421302230485793,0.7029968776705354,0,0,0,0,0,0,0,0,0,0,0,0,0,0,0,0,0,0,0,0,0,0,0,0,0,0,0.45136487348237203,0,0,0.3749876239128085,0,0,0,0.010243100033651456,0,0,0,0,0,0,0,5,1.323070954660532,0.7084662556812389,0.8220702050317248,212.498745,98.96889252283788,195.08536091335935
1021_c,10m,1021,1021_c,0,0,0,0,0,0,0,0,0.07785407882089382,0,0,0,0,0,0,0,0,0,0,0,0,0,0,0,0,0,1.0000000000340166,0,0,0,0,0,0,0,0,0.37862742442274977,0,0,0.4807591716157637,0,0,0,0.4233423271026479,0,0,0,0,0,0,0,5,1.4021963854947304,0.7200880237656395,0.8712335994210926,385.49229699999995,143.3573395939204,283.86617792826434
1021_d,10m,1021,1021_d,0,0,0,0,0,0,0,0,0,0,0,0,0,0,0,0,0,0.1806919076944554,0,0,0,0,0,0,0,0,0.24820626023556883,0,0,0,0,0,0,0,0,1.0213662931385918,0,0,0,0,0,0,0.29127951060502405,0,0,0,0,0,0,0,4,1.1247969179408475,0.5970001045641774,0.8113694677602254,323.832479,83.64394279843935,180.59786761186473
1120_a,10m,1120,1120_a,0,0,0.4336552960867576,0.3964616222238756,0,0,0.11942018396950312,0,0,0,0,0,0,0,0,0,0,0,0.006758909620945592,0,0,0,0,0,0,0.5379977964511101,0,0,0,0,0,0,0,0,0,0,0,0,0,0,0,0,0,0,0,0.9524954686000064,0,0,0,0,6,1.4655391314520112,0.7400546830889845,0.8179329628900527,663.5324039999999,171.44497999432303,315.666925076493
1120_b,10m,1120,1120_b,0,0,0.7336537660234119,0.02187880901620896,0,0,0.0714854731870972,0,0,0,0,0,0,0,0,0,0,0,0,0,0,0,0,0,0,0.4620022035772821,0,0,0,0,0,0,0,0,0,0,0,0,0,0,0,0,0,0,0,0.03892380063246266,0,0,0,0,5,1.0235374012454497,0.5697047937380949,0.6359595442221566,539.7981669999999,147.21009286088835,200.2041261495018
1120_c,10m,1120,1120_c,0,0,0.297987068537554,0,0,0,0.4194479824346702,0,0,0,0,0,0,0,0,0,0,0,0,0,0,0,0,0,0,0,0.8601792493067281,0,0,0,0,0,0,0,0.1521350827344351,0,0,0,0.08871212105708791,0,0,0,0,0,0,0,0,0,0.9302698990208759,0,6,1.528961730641121,0.748388308917253,0.8533297894609954,698.3923429999999,188.3517368228342,359.3177981605647
1120_d,10m,1120,1120_d,0,0,1.8423269789286203,0,0,0,0,0.13086268224252903,0,0,0,0,0,0,0,0,0,0,0,0,0,0,0,0,0,0,0.13982075068136227,0,0,0,0,0,0,0,0.5468165555878124,0,0,0,0.8303700011532459,0,0,0,0,0,0,0,0,0,0,0,5,1.2212845817571178,0.6372059779968373,0.7588267756847218,599.4305479999999,151.76324882281696,430.35913503326054
1219_a,10m,1219,1219_a,1.2028592686860435,0,0,0,0,0,0,0.01699632135311671,0,0,0,0,0,0,0,0.760621022636093,0,0,0.5310086792890585,0,0,0,0,0,0,0.0847142412178103,0,0,0,0,0,0,0,0,0,0,0,0,0.03922734008340415,0,0,0,0,0,0,0,0,0,0,0,6,1.2450806144709476,0.6664894474614264,0.6948927218491925,723.164786,163.2133045354422,347.9283073760107
1219_b,10m,1219,1219_b,0,0,0,0,0,0,0,0.31076319443544,0,0.13533745927936974,0,0,0,0,0,0.2931293071116909,0,0,0.29862903515495,0,0,0,0,0,0,0.0013046294709860445,0,0,0,0,0,0,0,0,0,0,0,0,0.14648542776985998,0,0,0,0,0,0,1.9708902968915898,0,0.08428398040478634,0,0,8,1.334981273157188,0.5998294026797051,0.6419902874878366,803.286686,140.6032278041725,482.414004641764
1219_c,10m,1219,1219_c,0,0,0.8045136953719326,0.44847770005875515,0,0,0.0683125939621922,0,0,0.07267334846003812,0,0,0,0,0,0,0,0,0.6405594403378871,0,0,0,0,0,0,0.14097097689858856,0,0,0,0,0,0,0,0,0,0,0,0,0,0,0,0,0,0,0,0,0,0.8746303867341199,0,0,7,1.6355416992996705,0.779273949633216,0.840502168146706,761.071383,179.24151592114376,383.6735382122624
1219_d,10m,1219,1219_d,0.104234264220316,0,0,1.4288938285612012,0,0,0,0,0,7.725725392695156e-5,0,0,0,0,0,0,0,0,0,0,0,0.8581556777298888,0,0,0,0.7730101524036287,0,0,0,0,0,0,0,0,0,0,0,0,0,0,0,0,0,0,0,0,0,0,0,0,5,1.1698844531044204,0.6617901354072484,0.7268900801119423,462.08261799999997,165.37612977497335,379.8533103509443
1318_a,10m,1318,1318_a,0.003724401793345158,0,0,0,0,0,0,0,0,0,0,0,0,0,0,0.15848861936913106,0,0,0,0,0,0,0,0,0,0,0,0,0,0,0,0,0,0,0,0,0,0,0,0,0,0,0,0,0,0,0,0,0,0,2,0.1093452455584669,0.04486556890061588,0.15775184351198615,237.15720800000003,10.640193055801706,19.23499360006889
1318_b,10m,1318,1318_b,0.10710580939009655,0,0,0,0,0,0,0,0,0,0,0,0,0,0,1.787876341201471,0,0,0,0,0,0.2354018281743468,0,0,0,0,0,0,0,0,0,0,0,0,0,0,0,0,0,0,0,0,0,0,0,0,0,0,0,0,3,0.5408294586731763,0.2809603007193129,0.4922841881996831,348.30521600000003,63.87553225891645,245.01439151377653
1318_c,10m,1318,1318_c,1.2101727398276767,0,0,0,0,0,0,0,0,0,0,0,0,0,0,0.3083276563730817,0,0,0,0,0,0,0,0,0,0,0,0,0,0,0,0,0,0,0,0,0,0,0,0,0,0,0,0,0,0,0,0,0,0,2,0.5045981950152022,0.3236383841668238,0.7279813135899543,237.15720800000003,76.75317559063532,180.06165715493285
1318_d,10m,1318,1318_d,0.40426990826234566,0,0,0,0,0,0,0,0,0,0,0,0,0,0,1.0684299713202328,0,0,0,0,0,0,0,0,0,0,0,0,0,0,0,0,0,0,0,0,0,0,0,0,0,0,0,0,0,0,0,0,0,0,2,0.5876925512539574,0.398307946737682,0.8478611292614673,237.15720800000003,94.4616005725214,174.6306958318703
1417_a,10m,1417,1417_a,0.15218375328527237,0,0,0,0,0,0,0,0,0,0,0,0,0,0,0,0,0,0,0,0,0.06444522181483016,0,0,0,0.041218933568928785,0,0,0,0,0,0,0,0,0,0,0,0,0,0,0,0,0,0,0,0,0,0,0,0,3,0.9508481398685759,0.563633233396778,0.8654992754735393,390.40297799999996,142.9815003897733,48.623299860481744
1417_b,10m,1417,1417_b,1.910568481549533,0,0,0,0,0,0,0,0,0,0,0,0,0,0,0,0,0,0,0,0,0.13132494791492344,0,0,0,0,0,0,0,0,0,0,0,0,0,0,0,0,0,0,0,0,0,0,0,0,0,0,0,0,2,0.23867965947838204,0.12035764974642493,0.3443419610905283,237.157208,28.543684175304,242.1248723826677
1417_c,10m,1417,1417_c,0,0,0,0,0,0,0,0,0,0,0,0,0,0,0,0.006415104440289664,0,0,0,0,0,0,0,0,0,0,0,0,0,0,0,0,0,0,0,0,0,0,0,0,0,0,0,0,0,0,0,0,0,0,1,-0,0,0,1,0,0.006415104440289664
1417_d,10m,1417,1417_d,1.1537256806394192,0,0,0,0,0,0,0,0,0,0,0,0,0,0,0.8833840896903804,0,0,0,0,0,0,0,0,0,0,0,0,0,0,0,0,0,0,0,0,0,0,0,0,0,0,0,0,0,0,0,0,0,0,2,0.6843153890575269,0.49119423945709917,0.9872584181972957,237.15720800000003,116.49025441532908,241.55763276046827
1516_a,10m,1516,1516_a,0,0,0,0,0,0,0,0,0,0,0,0,0,0,0,0.33722875973743666,0,0,0,0,0,1.3650361755784386,0,0,0,0.10155661637713621,0,0,0,0,0,0,0,0,0,0,0,0,0,0,0,0,0,0,0,0,0,0,0,0,3,0.6864061871700136,0.389213310859749,0.6247938369615093,382.972382,91.78355370189259,227.77031748474496
1516_b,10m,1516,1516_b,0,0,0,0,0,0,0,0,0,0,0,0,0,0,0,0,0,0,0,0,0,0.5596367006191613,0,0,0.13366498990731676,0.6134150679816338,0,0,0,0,0,0,0,0,0,0,0,0,0,0,0,0,0,0,0,0,0,0.013361801646431458,0,0,4,0.998319526495034,0.5939899328126521,0.7201353150485018,505.377474,158.66125956040705,188.1836799287258
1516_c,10m,1516,1516_c,0,0,0,0,0,0,0,0,0,0,0,0,0,0,0,0.33405000314555094,0,0,0,0,0,0,0,0,0,0.9060975180305129,0,0,0,0,0,0,0,0.5237722943606226,0,0,0,0,0,0,0,0,0,0,0,0,0,0,0,0,3,1.0178681518266413,0.6120928053383958,0.9265035193267702,402.148905,165.12488632697082,240.53263991463345
1516_d,10m,1516,1516_d,0,0,0,0,0,0,0,0,0,0,0,0,0,0,0,0.20465150565408385,0,0,0,0,0,0,0,0,0.0390903978656289,1.0036054498286697,0,0,0,0,0,0,0,0.34148343299278744,0,0,0,0,0,0,0,0,0,0,0,0,0,0,0,0,4,0.9757603886495494,0.5376117617020717,0.7038623369002963,524.553997,145.22781817820132,224.24822494497377
1615_a,10m,1615,1615_a,0,0,0,0,0,0,0,0,0,0,0,0,0,0,0,0,0,0,0,0,0,0.5393323033708828,0,0,1.2454304234333664,1.483966562604185,0,0,0,0,0,0,0,0,0,0,0,0,0,0,0,0,0,0,0,0,0,0,0,0,3,1.0234514892020992,0.6214985703594029,0.9315856920214037,394.229466,165.54189474977,433.6602817310522
1615_b,10m,1615,1615_b,0,0,0,0,0,0,0,0,0,0,0,0,0,0,0,0,0,0,0,0,0,0,0,0,1.9939688780961093,2.9199074169485755,0,0,0,0,0,0,0,0,0,0,0,0,0,0,0,0,0,0,0,0,0,0,0,0,2,0.6752870183877172,0.48224642222695413,0.9742332326046539,271.82437400000003,131.08633183558155,667.8556739069804
1615_c,10m,1615,1615_c,0,0,0,0,0,0,0,0,0,0,0,0,0,0,0,0,0,0,0,0,0,0,0,0,0,0,0,0,0,0,0,0,0,0,0,0,0,0,0,0,0,0,0,0,0,0,0,0,0,0,0,0,0,0,0,0,0
1615_d,10m,1615,1615_d,0,0,0,0,0,0,0,0,0,0,0,0,0,0,0,0,0,0,0,0,0,0,0,0,0,0.017655015060382223,0,0,0,0,0,0,0,0,0,0,0,0,0,0,0,0,0,0,0,0,0,0,0,0,1,-0,0,0,1,0,0.017655015060382223
1714_a,10m,1714,1714_a,0,0,0.8743158007729643,0,0,0,0,0,0,0,0,0,0,0,0,0,0,0,0,0,0,0.12034154345699502,0,0,0,1.4568658825051322,0,0,0,0,0,0,0,0,0,0,0,0,0,0,0,0,0,0,0,0,0,0,0,0,3,0.8249361859229913,0.5172404731038671,0.7508892758910365,390.40297799999996,139.38473124472947,333.28449059409354
1714_b,10m,1714,1714_b,0,0,0.5104707636604915,0,0,0,0,0,0,0,0,0,0,0,0,0.8361811613800355,0,0,0,0,0,0.07056301095078638,0,0,0,0.5046122062333744,0,0,0,0,0,0,0,0,0,0,0,0,0,0,0,0,0,0,0,0,0,0,0,0,4,1.1866594761750842,0.6698474324218812,0.8559938707508445,501.550986,171.8092880757577,254.66084659392754
1714_c,10m,1714,1714_c,0,0,0.0914099305158182,0,0,0,0,0,0,0,0,0,0,0,0,0.06523746999636283,0,0,0,0,0,0.7577659667860033,0,0,0,0.11854015365286644,0,0,0,0,0,0,0,0,0,0,0,0,0,0,0,0,0,0,0,0,0,0,0,0,4,0.864740648962124,0.43685408938914405,0.6237785229563801,501.550986,109.26963393792683,143.18968505809374
1714_d,10m,1714,1714_d,0,0,0.6778115218972105,0,0,0,0,0,0,0,0,0,0,0,0,0,0,0,0,0,0,0.523288298620707,0,0,0,0.12585301080739097,0,0,0,0,0,0,0,0,0,0,0,0,0,0,0,0,0,0,0,0,0,0,0,0,3,0.933498301414262,0.5745703888342475,0.8497067719367841,390.40297799999996,142.21574431653826,176.86328092103236
1813_a,10m,1813,1813_a,0,0,0.0031188562257155996,0,0,0,0,0.6763717656846685,0.5867936427663819,0,0,0,0,0,0,0,0,0,0,0,0,0,0,0,0,0,0,0,0,0,0,0,0,0,0,0,0,0,0.7608201200949458,0,0,0,0,0,0,0.9075321757542699,0,0,0,0.9995173744959645,6,1.5963745973899455,0.7930351636800488,0.8909536267597976,551.3940950000001,166.972360703158,413.65530123429255
1813_b,10m,1813,1813_b,0,0,0.18751698126475663,0,0,0,0,0.05609668494188655,0,0,0,0,0,0,0,0,0,0,1.3559321667154447,0,0,0,0,0,0,0,0,0,0,0,0,0,0,0,0,0,0,0,0.16017954964660053,0,0,0,0,0,0,0.052035896506514294,0.7307108383160069,0,0,4.826255079049333e-4,7,1.2253963631893272,0.6228067019116943,0.6297291597889163,685.7687570000002,151.88318589223275,363.5127481577572
1813_c,10m,1813,1813_c,0,0,1.0034322577957915,0,0,0,0,0,0,0,0,0,0,0,0,0,0,0,0.38181839291244024,0,0,0,0,0,0,0.40108634089959566,0,0,0,0,0,0,0,0,0,0,0,0,0,0,0,0,0,0,0,0,0.22993872893997183,0,0,0,4,1.2312396769368221,0.6638917493838371,0.8881516880312413,514.137215,170.88425010179267,265.3415221083079
1813_d,10m,1813,1813_d,0,0,1.0084383623839561,0,0,0,0,0,0.41209564635143603,0,0,0,0,0,0,0,0,0,0,0,0,0,0,0,0,0.3324620407682408,0,0,0,0,0,0,0,0,0,0,0,0,0.016557488371868014,0,0,0,0.07295422404496166,0,0,0.040431927728926786,0,0,0,0,6,1.2231698647733018,0.6320555636828195,0.6826640996072318,604.3172989999999,158.31133629244627,334.3847509184195
1912_a,10m,1912,1912_a,0,0,0,0.6281941769490296,0,0,0,0,0,0,0,0,0,0,0,0,0,0.7807455354919823,0,0,0,0,0,0,0,0.1988358331965643,0,0,0,0,0,0,0,0,0,0,0,0,0.6356476985402062,0,0,0,0,0,0,0,0,0,0,0,4,1.2958662755710963,0.71234051240136,0.9347699247108359,430.63438500000007,143.63514957888933,254.17887379330014
1912_b,10m,1912,1912_b,0,0,0,0,0,0,0,0.020805632724041304,0,0,0,0,0,0,0,0,0,0,0.0593449047092268,0,0,0,0,0,9.953437834618552e-4,0,0,0,0,0,0,0,0,0,0.9999999999810743,0.03745736668629842,0,0,0,0,0,0,0,0,0,0,0,0,0,0,5,0.45008667902502725,0.19653140814797654,0.27965457725816834,578.9011370000001,46.22223148316355,150.1702705706699
1912_c,10m,1912,1912_c,0,0,0,0,0,0,0,0.5341453760167877,0,0,0.28541668010376103,0,0,0,0,0,0,0,0,0,0,0,0,0,0.9309246126783745,0,0,0,0,0,0,0,0,0,0,0,0,0,0,0,0,0,0,0,0,0,0,0,0,0,3,0.9937420044575098,0.5974828149503097,0.9045429536040068,245.82865800000002,122.11237660043342,236.1712335055061
1912_d,10m,1912,1912_d,0,0,0,0.3317255800993264,0,0,0,0,0,0,0.36065898289116494,0,0,0,0,0,0,0.21925446449599265,0,0,0,0,0,0,0.06808004349192621,1.4996101794913663,0,0,0,0,0,0,0,0,0,0,0,0,0.15465181714927131,0,0,0,0,0,0,0,0,0,0,0,6,1.3217750539130504,0.6302068027789764,0.7376967034992212,650.9190400000001,163.47754838563853,397.50889791718646
824_a,10m,824,824_a,0,0,0,0,0,0,0.15808042491716062,0,0,0,0,0,0,0,0,0,0,0,0,0,0,0,0,0,0,0,0,0,0,0,0,0,0,0,0,0,0,0,0.49548170247951456,0,0,0,0,0,0,0,0.21297801957955492,0,0,0,3,0.974909625458831,0.5793652774124791,0.8874009835087059,320.175578,123.2544361770619,100.91090288890899
824_b,10m,824,824_b,0,0,0.4548463676164507,0,0,0,0,0,0,0,0,0,0,0,0,0,0,0,0.5688159786198177,0,0,0,0,0,0,0,0,0,0,0,0,0,0,0,0,0.10204039422421353,0,0.024967060622948865,0.3299805189003999,0,0,0,0,0,0,0,0.45355479442099905,0,0,0,6,1.5534665630158042,0.7711741956613777,0.8670061968111631,484.2726,180.07565801527937,297.11031170097567
824_c,10m,824,824_c,0,0,0.5451536323954594,0,0,0,0.3866660834974191,0,0,0,0,0,0,0,0,0,0,0,0.23070565873592758,0,0,0,0,0,0,0,0,0,0,0,0,0,0,0,0,0,0,0,0.10520990851797017,0,0,0,0,0,0,0,0.2360402715068077,0,0,0,5,1.4814082905868358,0.7493910033942757,0.9204507232878381,575.074648,177.38644107601382,193.42443209800766
824_d,10m,824,824_d,0,0,0.39307550500756283,0,0,0,1.0624475209598792,0,0,0,0,0,0,0,0,0,0,0,0,0,0,0,0,0,0,0,0,0,0,0,0,0,0,0,0,0,0,0,0.2621842909766889,0,0,0,0,0,0,0,0.09742691451562659,0,0,0,4,1.0812691174470033,0.5867512612438046,0.7799707968035889,446.184778,130.9879140036561,207.7925749501919
923_a,10m,923,923_a,0,0,0,0,0,0,0,0,0,0,0,0,0,0,0,0,0,0,0,0,0,0,0,0,0,0,0,0,0,0,0,0,0,0,0,0.3820943882769994,0,0,0.1861442651717764,0,0,0,0,0,0,0,0,0,0,0,2,0.6324523864946816,0.44054347256232584,0.9124359215942672,8.023324,3.5346230164526515,2.279581412971623
923_b,10m,923,923_b,0,0,0,0.5453494936417151,0,0,0,0,0,0,0,0,0,0,0,0,0,0,0,0,0,0,0,0,0,0,0,0,0,0,0,0,0,0,0,1.8282773514362294,0,0,0,0,0,0,0,0,0,0,0,0,0,0,2,0.5389785343732015,0.3539338489716076,0.7775816586858196,237.15720800000003,83.93796343880018,281.46135770626694
923_c,10m,923,923_c,0,0,0,0.38018858151085766,0,0,0.2783659401630406,0,0,0,0,0,0,0,0,0,0,0,0,0,0,0,0,0,0,0,0,0,0,0,0,0,0,0,0,0.09791801690395575,0,0.03263659248652595,0,0,0,0,0,0,0,0,0,0,0,0,4,1.1100770700146776,0.6263263648749045,0.800751341957363,338.102622,141.33433530088743,188.24158066148337
923_d,10m,923,923_d,0,0,0,0,0,0,0.004226083333357157,0,0,0,0,0,0,0,0,0,0,0,0,0,0,0,0,0,0,0,0,0,0,0,0,0,0,0,0,0.6811646560569364,0,0,0,0,0,0,0,0,0,0,0,0,0,0,2,0.03752363904409392,0.012255857232686518,0.05413516796502178,195.75912499999998,2.399195887995631,67.08574605154274
1022_a,10m,1022,1022_a,0,0,0,0.21194358628205226,0,0,0,0,0,0.5278971982153087,0,0,0,0,0,0,0,0.5439551452403129,0,0,0,0,0,0,0,0,0,0,0,0,0,0,0,0,0,0.09436758650300134,0,0,0,0,0,0,0.1039254276626396,0,0,0,0,0,0,0,5,1.375397403101034,0.7090084362548104,0.854582455449241,387.04487700000004,136.08095780766223,207.82354463785677
1022_b,10m,1022,1022_b,0,0,0,0.37919214618173175,0,0,0,0.8017526386612578,0,0.3697963075968082,0,0,0,0,0,0.7106076470260219,0,0,0,0.21456782556688292,0,0.14301061335037957,0,0,0,0,0,0,0,0,0,0,0,0,0,0.049763556341606216,0,0,0.009610332668706416,0,0,0,0.16852299015285713,0,0,0,0,0,0,0,9,1.8393407351940154,0.8117361788977879,0.8371200441531195,618.3567770000001,161.48792004887173,374.2801042631831
1022_c,10m,1022,1022_c,0,0,0,0.26688047432268813,0,0,0,0,0,0.03635225651575196,0,0,0,0,0,0.06660219774286105,0,0,0.9626517150902183,0.3487058853942641,0,0.05461734243438865,0,0,0,0,0,0,0,0,0,0,0,0,0,0,0,0,0.034051064193051483,0,0,0,0,0,0,0,0,0,0,0,7,1.3231349368932233,0.6394405608224278,0.6799568508009322,609.671607,107.83519582006498,268.23025928320925
1022_d,10m,1022,1022_d,0,0,0,0.14198379324323368,0,0,0,0,0,0.06595423766190177,0,0,0,0,0,0,0,0,1.035095067997323,0,0,0,0,0,0,0.12222195272721054,0,0,0,0,0,0,0,0,0,0,0,0,0,0,0,0,0,0,0,0,0,0,0,0,4,0.8077107174402391,0.404014895288351,0.5826401232619499,514.137215,103.84777977829698,186.67873577891748
1121_a,10m,1121,1121_a,0,0,0.26947932521099616,0.0010996020466660355,0,0,0,0.008355567214341577,0,0,0,0,0,0,0,0,0,0,0,0,0,0,0,0,0,0,0,0,0,0,0,0,0,0,0.24959871630937364,0.0015345342612973253,0,0,0.5466119115243019,0,0,0,0,0,0,0,0,0,0,0,6,1.0837956023825164,0.625809210925566,0.6048778426991926,495.333572,144.1199700755541,230.9807891371626
1121_b,10m,1121,1121_b,0,0,0.8622984879199046,0.1079180508570356,0,0,0,0,0,0,1.0000000000079208,0,0,0,0,0,0,0,0,0,0,0,0,0,0,0,0.25083864898972547,0,0,0,0,0,0,0,0.05144964543980668,0.5284131799814827,0,0,0.11323730505566844,0,0,0,0,0,0,0,0,0,0,0,7,1.5675969232095472,0.7512081586128563,0.8055854603413077,648.5793409999999,170.60935721431522,389.39899159844276
1121_c,10m,1121,1121_c,0,0,0,0.7805426391390491,0,0,0,0,0,0,0,0,0,0,0,0,0,0.0546665191869417,0,0,0,0,0,0,0,0,0.3484978881514504,0,0,0,0,0,0,0,0,1.1745389034305997,0,0,0.05570154042319131,0,0,0,0,0,0,0,0,0,0,0,5,1.16773905408952,0.636815073560586,0.725557068755415,434.646046,150.82781612859156,278.9559111287859
1121_d,10m,1121,1121_d,0,0,0.566852246478881,1.110439707990164,0,0,0,0,0,0,0,0,0,0,0,0,0,0,0,0,0,0,0,0,0,0,0.6857142150699941,0,0,0,0,0,0,0,0,0.007319132465464888,0,0,0.3599320527883513,0,0,0,0,0,0,0,0,0,0,0,5,1.3222967774400298,0.7110117728033842,0.8215891816790866,439.55177,156.69357028154425,375.72035023989
1220_a,10m,1220,1220_a,0.0628638612156774,0,0,0.4597464674496097,0,0,0,0,0,0.3595979536012341,0,0,0,0,0,0,0,0,0.20375109602822672,0,0,0,0,0,0,0,0.692197980987026,0,0,0,0,0,0,0,0,0,0,0,0,0,0,0,0,0,0,0,0,0,0,0,5,1.4066417680815633,0.7263362668634066,0.8739956709197748,559.2743449999999,187.22664088319598,276.2939373519087
1220_b,10m,1220,1220_b,0,0,0.392753817841442,0.6948942777261927,0,0,0.8065583103075346,0,0,0.5503380483564241,0,0,0,0,0,0,0,0,0.04804096453513755,0,0,0,0,0,0,0,0,0,0,0,0,0,0,0,0,0,0,0,0,0,0,0,0,0,0,0,0,0,0,0,5,1.4219894161509774,0.7436255552636994,0.8835317008286282,501.833238,155.85989959453013,284.56564457989776
1220_c,10m,1220,1220_c,0,0,0.85778429697563,0,0,0,0.005705887542838382,0.7126349235061477,0,0.05963899151055474,0,0,0,0,0,0,0,0,0,0,0,0,0,0,0,0,0,0,0,0,0,0,0,0,0,0,0,0,0.13845631417527074,0,0,0,0,0,0,0,0,0,0,0,5,1.0492884404607536,0.5976940761026505,0.6519595644878395,426.63705799999997,132.40529141821852,234.1461188997503
1220_d,10m,1220,1220_d,0,0,0,0,0,0,0,0.007065666629087559,0,0.0279680884072419,0,0,0,0,0,0.16102477474980254,0,0.9720138801834356,0.40216281732941866,0,0,0.0034059888065680203,0,0,0,0,0.14653568074185352,0,0,0,0,0,0,0,0,0,0,0,0,0,0,0,0,0,0,0,0,0,0,0,7,1.1957218682690811,0.6097370740673036,0.6144794860387423,632.0799470000001,150.56409907481674,317.79982847931444
1319_a,10m,1319,1319_a,1.0092398545259471,0,0,0,0,0,0,0,0,0,0,0,0,0,0,0.28832782561394443,0,0,0,0,0,0,0,0,0,0,0,0,0,0,0,0,0,0,0,0,0,0,0,0,0,0,0,0,0,0,0,0,0,0,2,0.5296863600908039,0.3456614167435511,0.7641758849295286,237.15720800000003,81.97609650822508,153.86376410650686
1319_b,10m,1319,1319_b,0.8406321778221435,0,0,0,0,0,0,0,0,0,0,0,0,0,0,0.98011648083639,0,0,0,0,0,0,0,0,0,0,0,0,0,0,0,0,0,0,0,0,0,0,0,0,0,0,0,0,0,0,0,0,0,0,2,0.6902098943165054,0.49706559076833134,0.9957623917029178,237.15720800000003,117.88268769948805,215.90183417860146
1319_c,10m,1319,1319_c,0.48862363802064346,0,0,0,0,0,0,0,0,0,0,0,0,0,0,0.5795679845131101,0,0,0.1748138521382786,0,0,0.3441469590489098,0,0,0,0,0,0,0,0,0,0,0,0,0,0,0,0,0,0,0,0,0,0,0,0,0,0,0,0,4,1.3049925063589451,0.7127296788393703,0.9413531086606547,477.195086,168.69683338748024,194.82607242600088
1319_d,10m,1319,1319_d,0.11436035360235536,0,0,0,0,0,0,0,0,0,0,0,0,0,0,0.7670670163144679,0,0,0.8251861478467261,0,0,0.08848602370273925,0,0,0,0,0,0,0,0,0,0,0,0,0,0,0,0,0,0,0,0,0,0,0,0,0,0,0,0,4,1.0443764633124706,0.5996030553394702,0.7533583722210279,477.195086,146.6962491315635,223.3437146061544
1418_a,10m,1418,1418_a,8.67366295104689e-4,0,0,0,0,0,0,0,0,0,0,0,0,0,0,0.1102008058610038,0,0,0,0,0,0,0,0,0,0,0,0,0,0,0,0,0,0,0,0,0,0,0,0,0,0,0,0,0,0,0,0,0,0,2,0.04567295760149645,0.015496658352296189,0.06589214943441081,237.15720800000003,3.675144228160483,13.170308803103016
1418_b,10m,1418,1418_b,0.3473099014817413,0,0,0,0,0,0,0,0,0,0,0,0,0,0,0.21061733295877444,0,0,0,0,0,0,0,0,0,0,0,0,0,0,0,0,0,0,0,0,0,0,0,0,0,0,0,0,0,0,0,0,0,0,2,0.6628268031187704,0.46998732606876037,0.9562569418277354,237.15720800000003,111.46088204585284,66.15823259353708
1418_c,10m,1418,1418_c,0.6577773159895686,0,0,0,0,0,0,0,0,0,0,0,0,0,0,0.666156751755311,0,0,0,0,0,0,0,0,0,0,0,0,0,0,0,0,0,0,0,0,0,0,0,0,0,0,0,0,0,0,0,0,0,0,2,0.6931271510768802,0.4999799706506618,0.9999711035641103,237.15720800000003,118.57385389543295,156.99025354122927
1418_d,10m,1418,1418_d,0.23073781407712032,0,0,0,0,0,0,0,0,0,0,0,0,0,0,0.15961012036083533,0,0,0,0,0,0,0,0,0,0,0,0,0,0,0,0,0,0,0,0,0,0,0,0,0,0,0,0,0,0,0,0,0,0,2,0.6764527091270958,0.48339863923362536,0.9759149688535655,237.15720800000003,114.6414716316458,46.28691313993631
1517_a,10m,1517,1517_a,0,0,0,0,0,0,0,0,0,0,0,0,0,0,0,0.17254658657504945,0,0,0,0,0,0,0,0,0.9609096020672168,2.049938502193802,0,0,0,0,0,0,0,0.8839036727527012,0,0,0,0,0,0,0,0,0,0,0,0,0,0.6033338619036238,0,0,5,1.3879886826114667,0.7111748287067231,0.8624058572798775,603.724639,188.81218333883467,629.5946831153627
1517_b,10m,1517,1517_b,0.02337669315995584,0,0,0,0,0,0,0,0,0,0,0,0,0,0,0.29526434085382824,0,0,0,0,0,0,0,0,0,0,0,0,0,0,0,0,0,1.2508405996387346,0,0,0,0,0,0,0,0,0,0,0,0,0,0,0,0,3,0.5578085482646119,0.3292136211155918,0.5077392215782192,379.227666,85.67756910835524,212.5451504941479
1517_c,10m,1517,1517_c,0.6666951828421521,0,0,0,0,0,0,0,0,0,0,0,0,0,0,0,0,0,0,0,0,0,0,0,0,0,0,0,0,0,0,0,0,0,0,0,0,0,0,0,0,0,0,0,0,0,0,0,0,0,1,-0,0,0,1,0,0.6666951828421521
1517_d,10m,1517,1517_d,0,0,0,0,0,0,0,0,0,0,0,0,0,0,0,1.079971813386716,0,0,0,0,0,0,0,0,0,0.07295009891826017,0,0,0,0,0,0,0,0,0,0,0,0,0,0,0,0,0,0,0,0,0,0.2626049894834219,0,0,3,0.6717800691912368,0.38083941961748413,0.6114805706439547,350.995016,71.39664755821265,172.94901990338334
1616_a,10m,1616,1616_a,0.3407164367770446,0,0,0,0,0,0,0,0,0,0,0,0,0,0,3.3181356249774745,0,0,0,0,0,0,0,0,0,0,0,0,0,0,0,0,0,0,0,0,0,0,0,0,0,0,0,0,0,0,0,0,0,0,2,0.3097001146362266,0.16889916953157935,0.4468028195484276,237.15720800000003,40.05565547962802,433.86156972537276
1616_b,10m,1616,1616_b,0.7604441565183321,0,0,0,0,0,0,0,0,0,0,0,0,0,0,1.7806228959885613,0,0,0,0,0,0,0,0,0,0,0,0,0,0,0,0,0,0,0,0,0,0,0,0,0,0,0,0,0,0,0,0,0,0,2,0.6102374806313957,0.4194083047656495,0.8803865870714895,237.15720800000003,99.46570257023453,301.31618375666216
1616_c,10m,1616,1616_c,5.097266286036084e-4,0,0,0,0,0,0,0,0,0,0,0,0,0,0,0.11750803921061732,0,0,0,0,0,0,0,0,0.14945052715490661,0.10791526729475197,0,0,0,0,0,0,0,0,0,0,0,0,0,0,0,0,0,0,0,0,0,0,0.17306750533446688,0,5,1.3747043797556637,0.7415482223612475,0.8541518558342971,591.978712,178.37785619381026,112.76754559773953
1616_d,10m,1616,1616_d,0.895334055749282,0,0,0,0,0,0,0,0,0,0,0,0,0,0,0.43999224369765155,0,0,0,0,0,1.0000000000050002,0,0,0,0.7325268526177949,0,0,0,0,0,0,0,0,0,0,0,0,0,0,0,0,0,0,0,0,0,0,0.11352276056741326,0,5,1.4512808431084236,0.7485761425664363,0.9017314876803907,580.721628,187.4154529569165,417.43848026477286
1715_a,10m,1715,1715_a,0,0,0,0,0,0,0,0,0,0,0,0,0,0,0,0.34897626808953985,0,0,0,0,0,0,0,0,0.5819758900153077,0,0,0,0,0,0,0,0,0,0,0,0,0,0,0,0,0,0,0,0,0,0,0,0,0,2,0.6614914292064721,0.46867971459433544,0.9543304045067301,244.81018400000005,114.73756716690677,113.95328456042242
1715_b,10m,1715,1715_b,0,0,0,0,0,0,0,0,0,0,0,0,0,0,0,0,0,0,0,0,0,0.4464452348262521,0,0,1.9592619273250427,2.4786442149415895,0,0,0,0,0,0,0,0,0,0,0,0,0,0,0,0,0,0,0,0,0,0,0,0,3,0.9293269226222713,0.5732176957940481,0.8459098193311949,394.229466,153.83361265145857,644.8558575557977
1715_c,10m,1715,1715_c,0,0,0,0,0,0,0,0,0,0,0,0,0,0,0,0,0,0,0,0,0,0,0,0,0.36731265466674995,0.20232407144293407,0,0,0,0,0,0,0,0,0,0,0,0,0,0,0,0,0,0,0,0,0,0,0,0,2,0.6505949449575729,0.45805484271031083,0.9386101007177186,271.82437400000003,124.51047087739873,77.42057324108717
1715_d,10m,1715,1715_d,0,0,0,0,0,0,0,0,0,0,0,0,0,0,0,1.07615258621113,0,0,0,0,0,0,0,0,1.1005180877257394,0,0,0,0,0,0,0,0,0,0,0,0,0,0,0,0,0,0,0,0,0,0,0,0,0,2,0.6930845272049071,0.49993734795345357,0.9999096103153914,244.81018400000005,122.38975414095704,266.4355740969446
1814_a,10m,1814,1814_a,0,0,1.5407841940701228,0,0,0,0,0,0,0,0,0,0,0,0,0,0,0,0,0,0,0,0,0,0,0.35123805083968834,0,0,0,0,0,0,0,0,0,0,0,0,0,0,0,0,0.1716917883042029,0,0,0,0,0,0,0,3,0.7264259566631901,0.4066888377015009,0.6612214009947626,390.402978,106.24127819417998,268.13412602071537
1814_b,10m,1814,1814_b,0,0,0.4139685631602218,0,0,0,0,0,0,0,0,0,0,0,0,0,0,0,0,0,0,0,0,0,0,1.1078897360947277,0,0,0,0,0,0,0,0,0,0,0,0,0,0,0,0,0,0,0,0,0,0,0,0,2,0.5852529005327345,0.3960458460684164,0.8443414572644579,271.824374,107.65491418284762,206.83908975584066
1814_c,10m,1814,1814_c,0,0,0.6498053821524953,0,0,0,0,0,0,0,0,0,0,0,0,0,0.8879268623480886,0,0,0,0,0,0,0,0.2935608603032484,0,0,0,0,0,0,0,0,0,0,0,0,0,0,0,0,0,0,0,0,0,0,0,0,0,3,1.0120968189213861,0.613303372469644,0.9212502257264847,369.873566,151.47083833286135,226.66892952193436
1814_d,10m,1814,1814_d,0,0,0.08173133881067857,0,0,0,0,0,0,0,0,0,0,0,0,0,0,0.0883482246831902,0,0,0,0,0,0,0.11026867305586133,0,0,0,0,0,0,0,0,0,0,0,0,0,0,0,0,0,0.017227801730167545,0,0,0,0,0,0,0,4,1.248280083802436,0.6957544660787836,0.900443743271117,403.6201950000001,163.1866064799647,109.61019123464828
1913_a,10m,1913,1913_a,0,0,0,0.24530409485258345,0,0,0,0,0,0,0.43866508105211743,0,0,0,0,0,0,0.7478383129541535,0,0,0,0,0,0,0,0.17340546602789483,0,0,0,0,0,0,0,0,0.783044392548592,0,0,0,0,0,0,0,0,0,0,0,0,0,0,0,5,1.464643755157545,0.7448897018240089,0.9100343317639574,599.430548,171.7211780764816,293.8566146115667
1913_b,10m,1913,1913_b,0,0,0,0.44217846353677615,0,0,0,0,0.3523590413782289,0,0.9152592557701646,0,0,0,0,0,0,0.015297576577548528,0,0,0,0,0,0,0,0,0,0,0,0,0,0,0,0,0,0,0,0,0.22132204655209764,0,0,0,0,0,0,0,0,0,0,0,5,1.2861842327127575,0.681514067267796,0.7991511960641857,376.28665200000006,114.76151933643878,238.4517667862632
1913_c,10m,1913,1913_c,0,0,0.11255696392100789,0.20904210642752677,0,0,0,0,0.648751669474559,0,0,0,0,0,0,0,0,0.9847024234261459,0,0,0,0,0,0,0,0.15301598702962033,0,0,0,0,0,0,0,0,0,0,0,0,0,0,0,0,0.20059467657884428,0,0,0.13020628325076877,0,0.04174548557374689,0,0,8,1.66496376896473,0.751483669452065,0.8006783242484047,789.057146,159.94354166157598,333.8357308873089
1913_d,10m,1913,1913_d,0,0,0.7359526177327592,0.1034753351782428,0,0,0,0,0,0,0,0,0,0,0,0,0,0.25216168704919345,0,0,0,0,0,0,0,0,0,0,0,0,0,0,0,0,0.0012217532145626013,0,0,0,0,0,0,0,0.03642599787976674,0,0,7.393179213158954e-4,0,0.051266946539663835,0,0,7,1.0929177038833815,0.5557515505290522,0.5616485963722239,636.8936090000001,113.35305416880381,218.74599496843982
924_a,10m,924,924_a,0,0,0,0,0,0,1.829950283739365,0,0,0,0,0,0,0,0,0,0,0,0,0,0,0,0,0,0,0,0,0,0,0,0,0,0,0,0,0.029379536920556837,0,0,0.03298901100196316,0,0,0,0,0,0,0,0,0,0,0,3,0.1676714490607019,0.06428634706787473,0.15262113012041442,199.77078699999998,12.48301354687621,273.2328347878807
924_b,10m,924,924_b,0,0,0,0,0,0,1.2776599987477868,0,0,0,0,0,0,0,0,0,0,0,0,0,0,0,0,0,0,0,0,0,0,0,0,0,0,0,0,0,0,0,1.3357262415102373,0,0,0,0,0,0,0,0,0,0,0,2,0.6929003232490112,0.49975316300257866,0.9996438601817081,195.75912499999998,97.83124190536714,255.79710186900837
924_c,10m,924,924_c,0,0,0.526610764131976,0,0,0,0.014813364205682175,0,0,0,0,0,0,0,0,0,0,0,0,0,0,0,0,0,0,0,0,0,0,0,0,0,0,0,0,0.010008056057324508,0,0,1.4328784454452372,0,0,0,0,0,0,0,0,0,0,0,4,0.650400379988962,0.4080543906951456,0.4691647014011865,339.048432,94.65458425247417,184.25000981073242
924_d,10m,924,924_d,0,0,0,0,0,0,0.7466898722209073,0,0,0,0,0.15068351263462318,0,0,0,0,0,0,0,0,0,0,0,0,0,0,0,0,0,0,0,0,0,0,0,0.7255741994185138,0,0,0.9257168896436302,0,0,0,0,0,0,0,0,0,0,0,4,1.252403360775799,0.6976978914749947,0.9034180588919583,290.41981600000014,97.25473102649234,189.06888170052636
1023_a,10m,1023,1023_a,0,0,0,0,0,0,0,0,0,0,0,0,0,0,0,0,0,0,0.14764370734003734,0,0,0,0,0,0,0,0,0,0,0,0,0,0,0,0,0,0,0,0.18641513055624062,0,0,0,0,0,0,0,0,0,0,0,2,0.6863968232816124,0.493264845555598,0.9902612930303205,247.46847400000001,122.06749860748948,41.33451542020264
1023_b,10m,1023,1023_b,0,0,1.0000000000226397,0,0,0,0,0,0,0,0,0,0,0,0,0,0,0,0.10537121825380624,0,0,0,0,0,0,0,0,0,0,0,0,0,0,0,0,0.006979874387841999,0,0,1.2889380790902332,0,0,0,0,0,0,0,0,0,0,0,4,0.8529389001422953,0.5365200714144208,0.6152653607082882,370.05874,127.38982529143597,256.53799110416554
1023_c,10m,1023,1023_c,0,0,0,0,0,0,0.9734846889757449,0,0,0,0,0,0,0,0,0,0,0,0.3242170281623491,0,0,0,0,0,0,0,0,0,0,0,0,0,0,0,0,0.15362906716257219,0,0,0.25650079279536364,0,0,0,0,0,0,0,0,0,0,0,4,1.1372282846894426,0.6083971286767391,0.8203368033400605,349.359698,129.93243474364894,256.7688789469865
1023_d,10m,1023,1023_d,0,0,0,0,0,0,0,0,0,0,0,0,0,0,0,0,0,0,0.42276804624177394,0,0,0,0,0,0,0,0,0,0,0,0,0,0,0,0,0,0,0,0.07915122656273706,0,0,0,0,0,0,0,0,0,0,0,2,0.4358313817887551,0.2656574842410311,0.6287717731704214,247.46847400000001,65.74185223180704,62.104598256061024
1122_a,10m,1122,1122_a,0,0,0.9999999999770959,0,0,0,0,0,0,0,0,0,0,0,0,0,0,0,0,0,0,0,0,0,0,0,0.5655657110341962,0,0,0,0,0,0,0,0,0.3057104125811701,0,0,0.5245101105938815,0,0,0,0,0,0,0,0,0,0,0,4,1.3007513176285228,0.7058370094100623,0.9382937376862274,394.41463899999997,167.09575978164813,330.6769652350274
1122_b,10m,1122,1122_b,0,0,0,0,0,0,0,0,0,0,0,0,0,0,0,0,0,0.22068642788607198,0,0,0,0,0,0,0,0,0.712099105258565,0,0,0,0,0,0,0,0,0.0039013375238883346,0,0,0,0,0,0,0,0,0,0,0,0,0,0,3,0.5718219753009227,0.3665214586623726,0.5204947925661424,312.05578,99.25390044978161,201.4992068456656
1122_c,10m,1122,1122_c,0,0,0,0,0,0,0,0,0,0,0,0,0,0,0,0,0,0,0.002253216924153668,0,0,0,0,0,0,2.1912142165544175,0.5910244013526202,0,0,0,0,0,0,0,0,0,0,0,0,0,0,0,0,0,0,0,0,0,0,0,3,0.5233068843948884,0.3356800717454146,0.47633445374010297,337.0958089999999,44.04910588486907,252.54769993437037
1122_d,10m,1122,1122_d,0,0,0.8538070190033573,0,0,0,0,0,0,0,0,0,0,0,0,0,0,0,0,0,0,0,0,0,0,0,0.3723159214982584,0,0,0,0,0,0,0,0,0.18626529010553627,0,0,0.06082591281240741,0,0,0,0.015164896595829307,0,0,0,0,0,0,0,5,1.1029182104843738,0.5909170400116461,0.6852816141359126,406.191338,150.07919609329676,284.9158789841077
1221_a,10m,1221,1221_a,0,0,0.12811826857541536,0,0,0,0,0.21287427442733142,0,0,0,0,0,0,0,0.8299479639004216,0.18304217916751553,0.0279861198167147,0,0,0,0.8977511923260171,0,0,0,0,0,0,0,0,0,0,0,0,0,0,0,0,0,0,0,0,0,0,0,0,0,0,0,0,6,1.374562027235209,0.6939098510665201,0.7671576742537951,601.617157,146.65164983024098,259.49751634053695
1221_b,10m,1221,1221_b,0,0,0.28028315798398246,0,0,0,0,0.1481468270133617,0,0,0,0,0,0,0,0.03738837235274442,0,0,0,0,0,0,0,0,0,0,0,0,0,0,0,0,0,0,0,0,0,0,0,0,0,0,0,0,0,0,0,0,0,0,3,0.8724605437612947,0.5303675218554718,0.7941478106157108,348.30521600000003,125.02176450071717,61.28804942187765
1221_c,10m,1221,1221_c,0,0,0.8311223106774444,0,0,0,0,0,0,0,0,0,0,0,0,0,0,0,0,0,0,0,0,0,0,0,0,0,0,0,0,0,0,0,0,0,0,0,0.016268300391312166,0,0,0,0,0,0,0,0,0,0,0,2,0.09490168890110423,0.037659090199282375,0.13691419594961027,237.15720800000003,8.931124687481947,100.4823957032401
1221_d,10m,1221,1221_d,0,0,0.21287622148485427,0,0,0,0,0.28532134486853333,0,0,0,0,0,0,0,0.4453715733465782,0.06200666358274376,0,0,0,0,0,0,0,0,0,0,0,0,0,0,0,0,0,0,0,0,0,0,0,0,0,0,0,0,0,0,0,0,0,4,1.2186057967199735,0.6747123725136479,0.879038269863225,477.195086,157.4709598536148,126.71620369511187
1320_a,10m,1320,1320_a,0,0,0,0.05942864455625752,0,0,0,0,0,0,0,0,0,0,0,0.24420360811856945,0,0,0.12983659196211064,0,0,0.23924149848843634,0,0,0,0,0,0,0,0,0,0,0,0,0,0,0,0,0,0,0,0,0,0,0,0,0,0.2030711038486178,0.35771832481492744,0,6,1.677831033990897,0.7985822502776615,0.9364153296277866,562.801778,151.96557292266664,189.9446255739436
1320_b,10m,1320,1320_b,0.3442782364990991,0,0,0.13913097653375356,0,0,0,0,0,0,0,0,0,0,0,0,0,0,0.12654507252184502,0,0,0.469969841124098,0,0,0,0,0.14936636635399844,0,0,0,0,0,0,0,0,0,0,0,0,0,0,0,0,0,0,0,0,0.007305377555000779,0,0,6,1.4883734651781755,0.7402943497514709,0.8306770471928425,670.4223529999999,175.3001793348737,209.03221415986593
1320_c,10m,1320,1320_c,0,0,0,0.5202270338396201,0,0,0,0.07788985188652439,0,0,0,0,0,0,0,0,0,0,0.26754101400382146,0,0,0,0,0,0,0,0.011899971871634685,0,0,0,0,0,0,0,0,0,0,0,0,0,0,0,0,0,0,0.3034519912028742,0,0.06124471125775034,0,0,6,1.4060388771768724,0.7121190684593215,0.7847252386965965,729.5432809999999,167.03266409462276,175.14576435176073
1320_d,10m,1320,1320_d,0,0,0,0.6755704014785626,0,0,0,0,0,0,0,0,0,0,0,0.004271850683293057,0,0,0.004821993230081257,0,0,0,0,0,0,0,0,0,0,0,0,0,0,0,0,0,0,0,0,0,0,0,0,0,0,0.016201342944073535,0,0.4644731205463604,0.6422816751846541,0,6,1.15701785236542,0.6679531081187682,0.6457439585146431,555.911829,117.09025245312743,211.79949136188046
1419_a,10m,1419,1419_a,0.35727307076850445,0,0,0,0,0,0,0,0,0,0,0,0,0,0,0.3868037827431939,0,0,0,0,0,0.21958743296954703,0,0,0,0,0,0,0,0,0,0,0,0,0,0,0,0,0,0,0,0,0,0,0,0,0,0,0,0,3,1.0712797722108776,0.6495124592124015,0.9751208713582037,348.30521600000003,151.31805532105574,117.19471367369192
1419_b,10m,1419,1419_b,0.778830042990974,0,0,0,0,0,0,0,0,0,0,0,0,0,0,0.36387656127379925,0,0,0,0,0,0.5033232455758898,0,0,0,0,0,0,0,0,0,0,0,0,0,0,0,0,0,0,0,0,0,0,0,0,0,0,0,0,3,1.0500443598174767,0.6337523244445247,0.9557915660041325,348.30521600000003,148.28979600327014,196.17070632045738
1419_c,10m,1419,1419_c,0.03349119369249673,0,0,0,0,0,0,0,0,0,0,0,0,0,0,0.2853058019443885,0,0,0,0,0,0.20456930634085188,0,0,0,0,0,0,0,0,0,0,0,0,0,0,0,0,0,0,0,0,0,0,0,0,0,0,0,0,3,0.8738339577789669,0.5459507728907156,0.7953979459289953,348.30521600000003,123.14296098636893,65.85057744903864
1419_d,10m,1419,1419_d,0.0922868420907267,0,0,0,0,0,0,0,0,0,0,0,0,0,0,0,0,0,0,0,0,0.07252001512440105,0,0,0,0,0,0,0,0,0,0,0,0,0,0,0,0,0,0,0,0,0,0,0,0,0,0,0,0,2,0.6859371118915643,0.492807276425401,0.9895980696876578,237.157208,116.87279775913228,19.542567058197175
1518_a,10m,1518,1518_a,0.01350615145963886,0,0,0,0,0,0,0,0,0,0,0,0,0,0,0,0,0,0,0,0,0,0,0.029818616881562694,0,0,0,0,0,0,0,0,0,0,0,0,0,0,0,0,0,0,0,0,0,0,0,0,0,0,2,0.6204874140398117,0.4291178774201633,0.8951741151692533,244.81018300000002,105.05242609980172,5.303172224864847
1518_b,10m,1518,1518_b,0.003151323918327703,0,0,0,0,0,0,0,0,0,0,0,0,0,0,0,0,0,0,0,0,0,0,0,0,0,0,0,0,0,0,0,0,0,0,0,0,0,0,0,0,0,0,0,0,0,0,0,0,0,1,-0,0,0,1,0,0.003151323918327703
1518_c,10m,1518,1518_c,0.3481717283706746,0,0,0,0,0,0,0,0,0,0,0,0,0,0,0,0,0,0,0,0,0,0,0,0,0,0,0,0,0,0,0,0,0,0,0,0,0,0,0,0,0,0,0,0,0,0,0,0,0,1,-0,0,0,1,0,0.3481717283706746
1518_d,10m,1518,1518_d,0.9864938485275812,0,0,0,0,0,0,0,0,0,0,0,0,0,0,0,0,0,0,0,0,0,0,0.9701813831117707,0,0,0,0,0,0,0,0,0,0,0,0,0,0,0,0,0,0,0,0,0,0,0,0,0,0,2,0.6931124288044547,0.4999652486470727,0.9999498638146915,244.81018300000002,122.39658401493037,239.50701077275482
1617_a,10m,1617,1617_a,0,0,0,0,0,0,0,0,0,0,0,0,0,0,0,0,0,0,0,0,0,0,0,0,1.505396001364915,0.22733138464786856,0,0,0,0,0,0,0,0,0,0,0,0,0,0,0,0,0,0,0,0,0,0,0.2957990012465192,0,3,0.7473735218345829,0.4154457108589542,0.6802886965160865,394.229466,107.08160698409712,264.8796406658229
1617_b,10m,1617,1617_b,0,0,0,0,0,0,0,0,0,0,0,0,0,0,0,0.007443698285442822,0,0,0,0,0,0,0,0,2.3451534713666584,0.8683045716401836,0,0,0,0,0,0,0,0,0,0,0,0,0,0,0,0,0,0,0,0,0,0.1059022132356103,0.4176107327957996,0,5,0.989809105859875,0.5407223618442731,0.6150029760159533,479.836158,140.48651993496378,538.5067145988891
1617_c,10m,1617,1617_c,0,0,0,0,0,0,0,0,0,0,0,0,0,0,0,1.2410337756957701,0,0,0,0,0,0,0,0,0,0.40214018572579774,0,0,0,0,0,0,0,0,0,0,0,0,0,0,0,0,0,0,0,0,0,0.2207311785003177,0,0,3,0.8543484559181713,0.49610475685849276,0.7776614777847889,350.995016,116.95716517404477,227.12616699938422
1617_d,10m,1617,1617_d,0.05021964676054557,0,0,0,0,0,0,0.014434747673779441,0,0,0,0,0,0,0,0.41188845816530484,0,0,0,0,0,0,0,0,0,0.48769399584030193,0,0,0,0,0,0,0,0,0,0,0,0,0,0,0,0,0,0,0,0,0,0.48739319839375783,0,0,5,1.2525432121258169,0.6925916468902282,0.7782488547392804,580.721628,164.52065584897596,201.78117770619068
1716_a,10m,1716,1716_a,0,0,0,0,0,0,0,0,0,0,0,0,0,0,0,0,0,0,0,0,0,0,0,0,0.34783194898464354,0,0,0,0,0,0,0,0,0,0,0,0,0,0,0,0,0,0,0,0,0,0.030975168898449413,0.09078433299659523,0,0,3,0.7193568879594322,0.40961996519747823,0.6547868573648821,248.43683500000003,94.22040570718822,161.7964219353118
1716_b,10m,1716,1716_b,0,0,0,0,0,0,0,0,0,0,0,0,0,0,0,0,0,0,0,0,0,0,0,0,0,0,0,0,0,0,0,0,0,0,0,0,0,0,0,0,0,0,0,0,0,0,0,0,0,0,0,0,0,0,0,0,0
1716_c,10m,1716,1716_c,0.002995624340459388,0,0,0,0,0,0,0,0,0,0,0,0,0,0,0,0,0,0,0,0,0,0,0,0,0,0,0,0,0,0,0,0,0,0,0,0,0,0,0,0,0,0,0,0,0,0,0,0,0,1,-0,0,0,1,0,0.002995624340459388
1716_d,10m,1716,1716_d,0,0,0,0,0,0.7869051026071889,0,0,0,0,0,0,0,0,0,0,0,0,0,0,0,0,0,0,0.8076718769412468,0,0,0,0,0,0,0,0,0,0.5148623085656014,0,0,0,0,0,0,0,0,0,0,0,0.009302500705692935,0.5070344649947289,0,0,5,1.380785327062886,0.7398281375522129,0.8579301608314905,458.546639,171.87726939017378,357.9287987639832
1815_a,10m,1815,1815_a,0,0,0.5863654842474173,0,0,0,0,0,0,0,0,0,0,0,0,0,0,0.07120786078842922,0,0,0,0,0,0,0.7279901190416563,0.30379252383146543,0,0,0,0,0,0,0,0,0,0,0,0,0,0,0,0,0,0,0,0,0,0,0,0,4,1.1720533121845165,0.6597124978478976,0.8454577505730431,512.808069,169.24902652424888,225.70651601532214
1815_b,10m,1815,1815_b,0,0,0.29838140062484,0,0,0,0,0,0,0,0,0,0,0,0,0.46229953822347336,0.11207313773489354,0,0,0,0,0,0,0,1.2396518673144656,0.6962074761747654,0,0,0,0,0,0,0,0,0,0,0,0,0,0,0,0,0,0,0,0,0,0,0,0,5,1.3704417307618884,0.7037699446394099,0.8515033231006991,636.542307,182.24638232363873,367.7641325631271
1815_c,10m,1815,1815_c,0,0,0,0,0,0,0,0,0,0,0,0,0,0,0,0.11257160750289581,0,0,0.4023372195504004,0,0,0,0,0,1.1946869604571881,0,0,0,0,0,0,0,0,0,0,0,0,0,0,0,0,0,0,0,0,0,0.059879333585205474,0,0,0,4,0.8918282830232235,0.4872601618122987,0.6433181206210618,449.044208,119.84793608165985,254.23530290318195
1815_d,10m,1815,1815_d,0,0,1.1445964630724055,0,0,0,0,0,0,0,0,0,0,0,0,0,0,0.001119508423262649,0.13471492952213954,0,0,0,0,0,0.09033134923704861,0,0,0,0,0,0,0,0,0,0,0,0,0,0,0,0,0,0,0,0,0,0,0,0,0,4,0.5635912812802447,0.2887610959337885,0.406545173295633,488.4521690000001,71.15236874840214,168.73889961011636
1914_a,10m,1914,1914_a,0,0,0.14650663086197166,0,0,0,0,0,0.5340120944080518,0,0,0,0,0,0,0,0,0,0,0,0,0,0,0,0,0,0,0,0,0,0,0,0,0,0,0.40933552386043054,0,0,0.23583615702828015,0,0,0,0.10948387587590451,0,0,0.08451896529323376,0,0.4807455834986698,0,0,7,1.7560475260307689,0.8050720836278249,0.9024299127497137,566.231199,159.21631765197048,262.5541209997505
1914_b,10m,1914,1914_b,0,0,0.016003333040751824,0,0,0,0,0,0,0,0,0,0,0,0,0,0,0,0,0,0,0,0,0,0,0.1632839213896688,0,0,0,0,0,0,0,0,0,0.03809544740661797,0,0,0.14661017098662307,0,0,0,0.29890233725818394,0,0,0.7845354335974685,0,0.42624198446220357,0,0,7,1.5260719066863944,0.7332731917138131,0.7842458231831829,621.597406,170.01924794209418,303.5129696876824
1914_c,10m,1914,1914_c,0,0,0.3327944612872462,0,0,0,0,0,0,0,0,0,0,0,0,0,0,0.8630181347037378,0,0,0,0,0,0,0.041616871177657576,0,0,0,0,0,0,0,0,0,0,0.05354160854510173,0,0,0.24368120727750317,0,0,0,0.08874088143999212,0,0,0,0,0,0,0,6,1.3107620853594468,0.6480971736744833,0.7315502487195803,419.4085560000001,107.92911163650598,199.907715534756
1914_d,10m,1914,1914_d,0,0,0.9645722717412835,0,0,0,0,0,0.3382815835813882,0,0,0,0,0,0,0,0,0,0.45273325394165803,0,0,0,0,0,0.004285063913902493,0,0,0,0,0,0,0,0,0,0,0.49902742019886376,0,0,0.37387246470332663,0,0,0,0.0039784168947575,0,0,0,0,0,0,0,7,1.5461177904940577,0.7643069782540605,0.7945473696432778,602.120094,168.17060487099246,327.3028113120223
1024_a,10m,1024,1024_a,0,0,0.41920446062645683,0,0,0,0.03780053932654572,0,0,0,0,0,0,0,0,0,0,0,0,0,0,0,0,0,0,0,0,0,0,0,0,0,0,0,0,0,0,0,0,0,0,0,0,0,0,0,0,0,0.5499436129899598,0,3,0.818387053963172,0.5269970291865278,0.7449279990808535,348.305215,124.371768221451,122.46586743748584
1024_b,10m,1024,1024_b,0,0,0.5807955394085844,0,0,0,0.3876552171214396,0,0,0,0,0,0,0,0,0,0,0,0,0,0,0,0,0,0,0,0,0,0,0,0,0,0,0,0,0,0,0,0,0,0,0,0,0,0,0,0,0,0.45005638698305084,0,3,1.084358667465146,0.6570104194531998,0.9870257948595823,348.305215,153.2376451636353,169.41049595954044
1024_c,10m,1024,1024_c,0,0,0,0,0,0,0.4493354576968004,0,0,0,0,0.84919991711718,0,0,0,0,0,0,0,0,0,0,0,0,0,0,0,0,0,0,0,0,0,0,0,0.006678978910381745,0,0,0,0,0,0,0,0,0,0,0,0,0,0,3,0.6737534280862882,0.45814988539343626,0.6132767993184435,286.40815400000014,83.20892608826782,125.59523938607286
1024_d,10m,1024,1024_d,0,0,0,0,0,0,0.8728565115796678,0,0,0,0,0,0,0,0,0,0,0,0,0,0,0,0,0,0,0,0,0,0,0,0,0,0,0,0,0,0,0,0.9402542870476583,0,0,0,0,0,0,0,0,0,0,0,2,0.6924561257384598,0.4993091043787766,0.9990030186360606,195.75912499999998,97.74431337772303,177.46649176736716
1123_a,10m,1123,1123_a,0,0,0,0,0,0,0,0,0,0,0,0,0,0,0,0,0,0,0.026306968049172017,0,0,0,0,0,0,0,0.025612047967548245,0,0,0,0,0,0,0,0,0,0,0,0,0,0,0,0.2709590658107188,0,0,0.6396958336477202,0,0,0,0,4,0.8232647738771564,0.47765542098615443,0.5938600033055736,514.137214,115.60838825084603,132.05383175009607
1123_b,10m,1123,1123_b,0,0,0,0,0,0,0,0,0,0,0,0,0,0,0,0,0,0,0,0,0,0,0,0,0,0.6865638305969469,0,0,0,0,0,0,0,0,0,0,0,0,0,0,0,0,0,0,0,0.3603041663742802,0,0,0,0,2,0.6437649675747368,0.45143617034510775,0.9287565262181171,271.824374,122.71135440501625,142.28211896866884
1123_c,10m,1123,1123_c,0,0,0,0,0,0,0,0,0,0,0,0,0,0,0,0,0,0,0,0,0,0,0,0,0,0,0,0,0,0,0,0,0,0,0,0.08804167623048745,0,0,0,0,0,0,0.11303987768835229,0,0,0,0,0,0,0,2,0.6853995792452898,0.4922724278922648,0.9888225740045617,23.553398,11.594688418572808,2.368076934954446
1123_d,10m,1123,1123_d,0,0,0,0,0,0,0,0,0,0,0,0,0,0,0,0,0,0,0.028157972373806163,0,0,0,0,0,0,0,0,0,0,0,0,0,0,0,0.2819350260577719,0.40208489418275967,0,0,0,0,0,0,0.2456129784884241,0,0,0,0,0,0,0,4,1.1770260137291328,0.6704923662512683,0.8490447965021625,370.393181,107.6937223907346,154.4059026482783
1222_a,10m,1222,1222_a,0,0,0.10108938227651634,0,0,0,0,0.028362579668981966,0,0,0.2008888556622362,0,0,0,0,0,0,0,0,0,0,0,0,0,0,0,0,0,0,0,0,0,0,0,0,0,0,0,0.34646090756480546,0,0,0,0.15794218312551778,0,0,0,0,0,0,0,5,1.3933563398416162,0.7181953789220021,0.8657409702337109,347.831944,119.1904235308101,221.82372182964883
1222_b,10m,1222,1222_b,0,0,0,0,0,0,0,0,0,0,0.12279258219211249,0,0,0,0,0,0,0,0,0,0,0,0,0,0,0,0.8009477321796805,0,0,0,0,0,0,0,0,0.31527345958502834,0,0,0.32910969452192285,0,0,0,2.1002528850548648e-4,0,0,0,0,0,0,0,5,1.193968851378018,0.6486090021139626,0.7418545581371757,385.49229699999995,149.12836591850498,255.36548725426456
1222_c,10m,1222,1222_c,0,0,0.5883241845283291,0,0,0,0,0,0,0,0.26842041183953347,0,0,0,0,0,0,0,0.14713827963143394,0,0,0,0,0,0,0,0.378203737179474,0,0,0,0,0,0,0,0,0.1927508378588609,0,0,0.024976856675161196,0,0,0,0.08265124125173202,0,0,0,0,0,0,0,7,1.6676149974109387,0.7783330253087317,0.8569845828804175,627.8051379999999,192.0562866490564,299.3914062577689
1222_d,10m,1222,1222_d,0,0,0.23139513457031283,0.9999999999959945,0,0,0,0,0,0,0.40789815032797466,0,0,0,0,0,0,0,0.2639709765974928,0,0,0,0,0,0,0,0,0,0,0,0,0,0,0,0,0,0,0,0.9091796424605647,0,0,0,0.33659553676826903,0,0,0,0,0,0,0,6,1.6263282390417442,0.7751705904297376,0.9076710724695745,520.840471,161.13967447336273,328.23891389117716
1321_a,10m,1321,1321_a,0,0,0,0.47819658725432346,0,0,0,0,0,0.09276230394681508,0,0,0,0,0,0.0662548715346572,0,0,0.15497160022341647,0,0,0,0,0,0,0,0,0,0,0,0,0,0,0,0,0,0,0,0,0,0,0,0,0,0,0.2134941251722519,0,0.04338131557277831,0,0,6,1.4852832313735764,0.7154599938878782,0.8289523548679679,660.623787,166.2726894598942,169.16407643714223
1321_b,10m,1321,1321_b,0,0,0,4.832199008590539e-4,0,0,0,0.702170207027853,0,0.061500887571770024,0,0,0,0,0,0.37851872879122683,0.525812014878317,0,0,0,0,0.09884281884543682,0,0,0,0,0,0,0,0,0,0,0,0,0,0,0,0,0,0,0,0,0,0,0,1.5769501762253357,0,0,0,0,7,1.3985179300689647,0.6948263291495542,0.7186960460368159,608.946912,162.34280673977156,412.0462038910305
1321_c,10m,1321,1321_c,0,0,0.3472257156605281,0.2545779479886323,0,0,0,0.5929441982500179,0,0.30597679576038983,0,0,0,0,0,1.0770756569024864,0.2291391424023199,0,0,0,0,0,0,0,0,0,0,0,0,0,0,0,0,0,0,0,0,0,0,0,0,0,0,0,0,0,0,0,0,0,6,1.6183179018848683,0.7660619076378102,0.9032004181800638,523.283475,165.44045289617603,372.31041927132065
1321_d,10m,1321,1321_d,0,0,0.9586051572564687,0.7212112300754661,0,0,0,0,0,0.39273472690807104,0,0,0,0,0,1.0238111853887333,0,0,0.03894411640530758,0,0,0,0,0,0,0,0,0,0,0,0,0,0,0,0,0,0,0,0,0,0,0,0,0,0,0,0,0,0,0,5,1.3805340673884805,0.7311315668693841,0.8577740444181363,522.332217,151.76971567967908,324.1147712523307
1420_a,10m,1420,1420_a,0.30219106757398384,0,0,0,0,0,0,0,0,0,0,0,0,0,0,0,0,0,0,0,0,0,0,0,0,0,0,0,0,0,0,0,0,0,0,0,0,0,0,0,0,0,0,0,0,0,0,0,0,0,1,-0,0,0,1,0,0.30219106757398384
1420_b,10m,1420,1420_b,0.6516714071023174,0,0,0,0,0,0,0,0,0,0,0,0,0,0,1.5901568199642173,0,0,0.7385710214409019,0,0,0,0,0,0,0,0,0,0,0,0,0,0,0,0,0,0,0,0,0,0,0,0,0,0,0,0,0.04520725857379407,0,0,4,1.0758080875337408,0.617577837951413,0.7760314964165839,445.21772000000004,149.03042992845295,342.6972265308019
1420_c,10m,1420,1420_c,0.06290580220747674,0,0,0.06767514914183209,0,0,0,0,0,0,0,0,0,0,0,0.2096848610312276,0,0,0.1394925265033667,0,0,0,0,0,0,0,0,0,0,0,0,0,0,0,0,0,0,0,0.6662175633974996,0,0,0,0,0,0,0,0,0.17391784003300798,0,0,6,1.4392881872723664,0.6865563864358777,0.8032820319863894,601.5028590000001,156.3931857221969,245.57794602369015
1420_d,10m,1420,1420_d,0.007310251556105527,0,0,0.4451990540437272,0,0,0,0,0,0,0,0,0,0,0,0,0,0,0,0,0,0,0,0,0,0,0,0,0,0,0,0,0,0,0,0,0,0,0,0,0,0,0,0,0,0,0,0,0,0,2,0.08267133749055944,0.03178787679831929,0.11926952862128795,90.274262,2.8696271185151967,20.424971805578682
1519_a,10m,1519,1519_a,0,0,0,0,0,0,0,0,0,0,0,0,0,0,0,0,0,0,0,0,0,0,0,0,0,0,0,0,0,0,0,0,0,0,0,0,0,0,0,0,0,0,0,0,0,0,0,0,0,0,0,0,0,0,0,0,0
1519_b,10m,1519,1519_b,0.2562271404175752,0,0,0,0,0,0,0,0,0,0,0,0,0,0,0,0,0,0,0,0,0,0,0,0,0,0,0,0,0,0,0,0,0,0,0,0,0,0,0,0,0,0,0,0,0,0,0,0,0,1,-0,0,0,1,0,0.2562271404175752
1519_c,10m,1519,1519_c,0.4423508733848275,0,0,0,0,0,0,0,0,0,0,0,0,0,0,0,0,0,0,0,0,0,0,0,0,0,0,0,0,0,0,0,0,0,0,0,0,0,0,0,0,0,0,0,0,0,0,0,0,0,1,-0,0,0,1,0,0.4423508733848275
1519_d,10m,1519,1519_d,0.044071624935473196,0,0,0,0,0,0,0,0,0,0,0,0,0,0,0.136097617683866,0,0,0,0,0,0,0,0,0,0,0,0,0,0,0,0,0,0,0,0,0,0,0,0,0,0,0,0,0,0,0,0,0,0,2,0.5563384453885625,0.3695543140354083,0.8026267162179545,237.15720800000003,87.64246932099263,21.36421727353855
1618_a,10m,1618,1618_a,0.8386492382667077,0,0,0,0,0,0,0.659800531063191,0,0,0,0,0,0,0,0.828071394696077,0,0,0,0,0,0.022747797186891093,0,0,0,0,0,0,0,0,0,0,0,0,0,0,0,0,0,0,0,0,0,0,0,0,0,0.2405494388881818,0,0,5,1.340399471895428,0.7192920403122052,0.832837018153884,454.018367,161.84782637288038,326.1792595142833
1618_b,10m,1618,1618_b,0.008161327430851264,0,0,0,0,0,0,0,0,0,0,0,0,0,0,0.4315908598651198,0,0,0,0,0,0,0,0,0,0,0,0,0,0,0,0,0,0,0,0,0,0,0,0,0,0,0,0,0,0,0,0.07948511967773159,0,0,3,0.5062509645118344,0.2854232656631204,0.46080948641634256,316.32785,47.63298683415827,80.83793422472367
1618_c,10m,1618,1618_c,0,0,0,0,0,0,0,0,0,0,0,0,0,0,0,0,0,0,0,0,0,0,0,0,0,0,0,0,0,0,0,0,0,0,0,0,0,0,0,0,0,0,0,0,0,0,0,0,0,0,0,0,0,0,0,0,0
1618_d,10m,1618,1618_d,0.025735033332002787,0,0,0,0,0,0,0.054909148508600715,0,0,0,0,0,0,0,0,0,0,0,0,0,0.027355002114917697,0,0,0,0,0,0,0,0,0,0,0,0,0,0,0,0,0,0,0,0,0,0,0,0,0,0,0,0,3,1.0335124182417654,0.6205701687737468,0.940743544289617,263.699717,99.76391848997112,97.27121628470445
1717_a,10m,1717,1717_a,0,0,0,0,0,0.9083770286843337,0,0,0,0,0,0,0,0,0,0,0.9999999999937087,0.024216187705409332,0,0,0,0,0,0,1.8960219227253496,0,0,0,0,0,0,0,0,0,0.023479215570970016,0,0,0,0,0,0,0,0,0,0,0,0,0,0,0,5,1.1026426392648228,0.6346572884528089,0.6851103921102464,578.9011360000001,156.1805767786645,475.56313337732706
1717_b,10m,1717,1717_b,0,0,0,0,0,0,0,0,0,0,0,0,0,0,0,0,0,0,0,0,0,0,0,0,0.06041542114683831,0,0,0,0,0,0,0,0,0,0,0,0,0,0,0,0,0,0,0,0,0,0,0,0,0,1,-0,0,0,1,0,0.06041542114683831
1717_c,10m,1717,1717_c,0,0,0,0,0,0,0,7.561944086254818e-5,0,0,0,0,0,0,0,0,0,0,0,0,0,0,0,0,0.049234964606729575,0,0,0,0,0,0,0,0,0,0,0,0,0,0,0,0,0,0,0,0,0,0,0,0,0,2,0.011469932363494431,0.003062363886467079,0.016547614540145243,244.810184,0.7496978665209684,6.035866576919246
1717_d,10m,1717,1717_d,0,0,0,0,0,0.30471786868131007,0,0,0,0,0,0,0,0,0,0,0.9999999999991235,0.9757838123116074,0,0,0,0,0,0,1.3998261999666857,0,0,0,0,0,0,0,0,0,0,0,0,0,0,0,0,0,0,0,0,0,0,0,0,0,4,1.2799628584805212,0.7043502685551778,0.923298034225955,467.75312800000006,171.33063525862948,446.2697097713925
1816_a,10m,1816,1816_a,0,0,0.9010598952878847,0,0,0,0,0,0,0,0,0,0,0,0,0,0,0.09913001654842359,0.11279377476909025,0,0,0,0,0,0.2794418769678069,0,0,0,0,0,0,0,0,0,0,0,0,0,0,0,0,0,0,0,0,0,0,0,0,0,4,0.9956518829280807,0.5293362624954978,0.7182110169760504,488.4521690000001,129.2775521853362,171.91831669960283
1816_b,10m,1816,1816_b,0,0,0,0,0,0,0,0,0,0,0,0,0,0,0,0,0,0,0.35015407615188643,0,0,0,0,0,1.2656507197382427,0,0,0,0,0,0,0,0,0,0,0,0,0,0,0,0,0,0,0,0,0,1.4200600723129873,0.051852887555063405,0,0,4,1.0382764000087543,0.6073276081877896,0.7489581066823378,373.500217,145.54506458516127,323.6938408423378
1816_c,10m,1816,1816_c,0,0,0,0,0,0,0,0,0,0,0,0,0,0,0,0,0,0,0,0,0,0,0,0,1.23748293924047,0.3516136584438686,0,0,0,0,0,0,0,0,0.7864320531638518,0,0,0,0,0,0,0,0,0,0,0,0.4797829244196091,0.3503283143247204,0,0,5,1.4807889370279226,0.7444179971367986,0.9200658972848414,496.81791300000003,173.7887817638776,412.385582491503
1816_d,10m,1816,1816_d,0,0,0,0,0,0,0,0,0,0,0,0,0,0,0,0,0,0,0.4358752248360545,0,0,0,0,0,0.93837439945955,1.199312816424615,0,0,0,0,0,0,0,0,0.6581958317810076,0,0,0,0,0,0,0,0,0,0,0,0,0,0,0,4,1.3212291359304,0.7183039987249759,0.9530653611423991,517.963703,188.8118136659703,425.8693371891533
1915_a,10m,1915,1915_a,0,0,0.1315153715786433,0,0,0,0,0,0,0,0,0,0,0,0,0,0,0,0.0985178111954102,0,0,0,0,0,0.26914023188796526,0,0,0,0,0,0,0,0,0,0,0,0,0,0,0,0,0,0,0,0,0,0,0,0,0,3,1.0047393023000997,0.600927554907063,0.9145531254872308,369.87356600000004,147.95538566936906,62.56145720181988
1915_b,10m,1915,1915_b,0,0,0.32748171988662866,0,0,0,0,0,0,0,0,0,0,0,0,0,0,0.9774257799167245,0,0,0,0,0,0,1.3468015252883017,0,0,0,0,0,0,0,0,0,0,0,0,0,0,0,0,0,0,0,0,0,0,0,0,0,3,0.9702664875980673,0.5909187332144538,0.8831746172932027,363.3887870000001,143.96616934985363,323.4159613070411
1915_c,10m,1915,1915_c,0,0,0.040792574430751315,0,0,0,0,0,0,0,0.8047808960595678,0.0018052726648025406,0,0,0,0,0,0.12012655049029465,0,0,0,0,0,0,2.24600962231789,0,0,0,0,0,0,0,0,0,0,0,0,0,0,0,0,0,0,0,0,0,0,0,0,0,5,0.7795966131299005,0.4472250290129063,0.48439061060196176,467.8438130000002,108.4435616200861,412.65138144237187
1915_d,10m,1915,1915_d,0,0,0,0,0,0,0,0,0,0,0.1200376837981937,0.16465673305608677,0,0,0,0,0,0,0,0,0,0,0,0,8.825242064697063e-4,0,0,0,0,0,0,0,0,0,0,0,0,0,0,0,0,0,0,0,0,0,0,0,0,0,3,0.6996569141959766,0.4908702484175157,0.6368551684818653,251.38564700000015,7.882776661490066,117.80965118105475
1124_a,10m,1124,1124_a,0,0,0,0,0,0,0,0,0,0,0,0,0,0,0,0,0,0,0,0,0,0,0,0,0,0,0,0,0,0,0,0,0,0,0,3.1263442376607653,0,0,0,0,0,0,0.42624344257297,0,0,0,0,0,0,0,2,0.3668873690260336,0.21117129903438392,0.5293065878586577,23.553398,4.973801652333863,41.837755781220956
1124_b,10m,1124,1124_b,0,0,0,0,0,0,0.1924595861308551,0,0,0,0,0,0,0,0,0,0,0,0,0,0,0,0,0,0,0,0,0,0,0,0,0,0,0,0,1.8528458946051065,0,0,0,0,0,0,0.23636844524808273,0,0,0,0,0,0,0,3,0.6125149135702577,0.3227191075844422,0.5575351012255955,207.535824,34.201825922219996,129.5447724201241
1124_c,10m,1124,1124_c,0,0,0,0,0,0,2.4564263997523152,0,0,0,0,0,0,0,0,0,0,0,0,0,0,0,0,0,0,0,0,0,0,0,0,0,0,0,0,1.0692601598965632,0,0,0.05974571298268074,0,0,0,0,0,0,0.07560469848285638,0,0,0,0,4,0.7744952298817966,0.4638117751071632,0.5586802136713129,339.048432,90.68030233577181,368.495171652938
1124_d,10m,1124,1124_d,0,0,0,0,0,0,0.1329458102962521,0,0,0,0,0,0,0,0,0,0,0,0,0,0,0,0,0,0,0,0,0,0,0,0,0,0,0,0,0.9738392915878937,0,0,0,0,0,0,0,0,0,0.6109658514092015,0,0,0,0,3,0.8874612550454322,0.5460971303130542,0.8078020464538366,335.03677,125.87798459425898,201.4781607261594
1223_a,10m,1223,1223_a,0,0,0.8134885253557466,0.19987962453852381,0,0,0,0,0,0,0,0,0,0,0,0,0,0,0.3726676864560527,0,0,0,0,0,0,0,0,0,0,0,0,0,0,0,0,0,0,0,0.7443594498238144,0,0,0,0.0979095199668005,0,0,0,0,0,0,0,5,1.3868240892885049,0.717188901196912,0.8616822547637665,422.960908,157.068304148545,287.17044190546443
1223_b,10m,1223,1223_b,0,0,0.22261245997540907,0,0,0,0,0,0,0,0,0,0,0,0,0,0,0,0.6809345409002239,0,0,0,0,0,0,0,0.7952364825741746,0,0,0,0,0,0,0,0,0,0,0,0,0,0,0,0.5483903032489316,0,0,0,0,0,0,0,4,1.3026338987412327,0.7135799436552657,0.9396517329039163,514.137214,187.22793387953595,301.09525894212624
1223_c,10m,1223,1223_c,0,0,0,0.08461828261015747,0,0,0,0,0,0,1.0196794090039905,0,0,0,0,0,0,0,0.48004434463595114,0,0,0,0,0,0,0,0,0,0,0,0,0,0,0,0.7180649739313427,0.10461945225621036,0,0,0,0,0,0,0.07987381936488772,0,0,0,0,0,0,0,6,1.4005023522452698,0.7072939371396219,0.7816352452981031,586.851348,163.7010499173552,363.17936468234086
1223_d,10m,1223,1223_d,0,0,0,0.27203501046912604,0,0,0,0,0,0,0.5030212563741299,0,0,0,0,0,0,0,7.79231141060287e-4,0,0,0,0,0,0,0,0,0,0,0,0,0,0,0,0,0.019733668422048743,0,0,0.21484907143356988,0,0,0,0.13492517123091657,0,0,0,0,0,0,0,6,1.3436203082999854,0.7013379025067972,0.7498887721122849,479.715002,142.821293317643,203.84206489729553
1322_a,10m,1322,1322_a,0,0,0.8342954946959729,0,0,0,0,0,0,0.08862396150768322,0,0,0,0,0,0.03594868230508681,0,0,0.2806230237636617,0,0,0,0,0,0,0,0,0,0,0,0,0,0,0,0,0,0,0,0,0,0,0,0,0,0,0,0,0,0,0,4,0.8940663662238053,0.4897316905080483,0.6449325563883499,477.195086,119.69367809283533,160.08450102565033
1322_b,10m,1322,1322_b,0,0,1.4480335638097914,0,0,0,0,0.09337187722001065,0,0.05840132427582484,0.0058963835940564506,0,0,0,0,0,0,0,0,0,0,0,0,0,0,0,0,0,0,0,0,0,0,0,0,0,0,0,0,0,0,0,0.10535050730952798,0,0,1.5068634708903075,0,0,0,0,6,1.0135746319424472,0.5759821138758027,0.565686772889849,441.264562,124.10666152014645,450.48176278546595
1322_c,10m,1322,1322_c,0,0,1.1306400918907014,0,0,0,0.060184913422543375,0,0,0,0.7710774598365171,0,0,0,0,0,0,0,0.6948094326659167,0,0,0,0,0,0,0,0,0,0,0,0,0,0,0,0,0,0,0,0,0,0,0,0.266162178163732,0,0,0.49313652908617356,0,0,0,0,6,1.5752813422176257,0.7709069884743951,0.8791812568995688,658.833729,181.4164352971377,404.07423120098883
1322_d,10m,1322,1322_d,0,0,0.821504643438235,0,0,0,0.14680399825947005,0,0,0,1.0653272155262303,0,0,0,0,0,0,0,0.4336163406196583,0,0,0,0,0,0,0,0.0384431284087314,0,0,0,0,0,0,0,0,0,0,0,0,0,0,0,0,0,0,0,0,0,0,0,5,1.26312945435598,0.6781330802706791,0.784826456862591,604.7862429999999,161.98517108881705,311.43262609003096
1421_a,10m,1421,1421_a,0.3742666484872998,0,0,0,0,0,0,0,0,0,0,0,0,0,0,0.14625220952284837,0,0,0.14028194324412732,0,0,0,0,0,0,0.005246782570852478,0,0,0,0,0,0,0,0,0,0,0,0,0.39680716274033906,0,0,0,0,0,0,0,0,0,0,0,5,1.3017939557093874,0.7002393232904165,0.8088500622807905,625.285223,167.22965511769928,147.5749440602739
1421_b,10m,1421,1421_b,0,0,0,0.0834988091949932,0,0,0,0,0,0,0,0,0,0,0,0.6579097585342688,0,0,1.431780335122296,0,0,0,0,0,0,0,0,0,0,0,0,0,0,0,0,0,0,0,0.9209432019994339,0,0,0,0,0,0,0.889902364330335,0,0.0013992725520643508,0,0,6,1.4222228093229952,0.7399924804379217,0.7937576632067319,660.623787,178.82835108012333,492.08822594891615
1421_c,10m,1421,1421_c,0,0,0.10256648709844178,0,0,0,0,0,0,0,0,0,0,0,0,0.44627751159648843,0,0,0.2529929701508004,0,0,0,0,0,0,0,0,0,0,0,0,0,0,0,0,0,0,0,0.012313946813506754,0,0,0,0,0,0,0,0,0,0,0,4,1.0171227624139336,0.586868822073283,0.7336989826549327,477.195086,143.3507342030277,107.02383907337612
1421_d,10m,1421,1421_d,0.02939846313566436,0,0.054647047488265155,0,0,0,0,0,0,0,0,0,0,0,0,1.469913516080308,0,0,0.386442152388143,0,0,0,0,0,0,0.003749221943166445,0,0,0,0,0,0,0,0,0,0,0,0,0.003718125097749306,0,0,0,0,0,0,0,0,0,0,0,6,0.7208883316133822,0.3901568878412778,0.402335438430228,637.751675,95.71096521891491,344.0409915909493
1520_a,10m,1520,1520_a,0.38911401026259707,0,0,0,0,0,0,0,0,0,0,0,0,0,0,0.8532398469346028,0,0,0,0,0,0,0,0,0,0,0,0,0,0,0,0,0,0,0,0,0,0,0,0,0,0,0,0,0,0,0,0,0,0,2,0.6216427052715268,0.43021680185025346,0.8968408481000312,237.15720800000003,102.02901556149534,147.31658606045931
1520_b,10m,1520,1520_b,0.3390820405585046,0,0,0,0,0,0,0,0,0,0,0,0,0,0,0.010662535495011108,0,0,0,0,0,0,0,0,0,0,0,0,0,0,0,0,0,0,0,0,0,0,0,0,0,0,0,0,0,0,0,0,0,0,2,0.13642971424032568,0.059114401577692766,0.19682647216441626,237.15720800000003,14.01940643075639,41.47222358499772
1520_c,10m,1520,1520_c,0,0,0,0.554800945978235,0,0,0,0,0,0,0,0,0,0,0,0,0,0,0,0,0,0,0,0,0,0,0,0,0,0,0,0,0,0,0,0,0,0,0,0,0,0,0,0,0,0,0,0,0,0,1,-0,0,0,1,0,0.554800945978235
1520_d,10m,1520,1520_d,0.8659926495278087,0,0,0,0,0,0,0,0,0,0,0,0,0,0,0,0,0,0,0,0,0,0,0,0,0,0,0,0,0,0,0,0,0,0,0,0,0,0,0,0,0,0,0,0,0,0,0,0,0,1,-0,0,0,1,0,0.8659926495278087
1619_a,10m,1619,1619_a,0,0,0,0,0,0,0,0,0,0,0,0,0,0,0,0,0,0,0,0,0,0,0,0,0,0,0,0,0,0,0,0,0,0,0,0,0,0,0,0,0,0,0,0,0,0,0,0,0,0,0,0,0,0,0,0,0
1619_b,10m,1619,1619_b,0,0,0,0,0,0,0,0,0,0,0,0,0,0,0,0,0,0,0,0,0,0,0,0,0,0,0,0,0,0,0,0,0,0,0,0,0,0,0,0,0,0,0,0,0,0,0,0,0,0,0,0,0,0,0,0,0
1619_c,10m,1619,1619_c,0.030973410763823796,0,0,0,0,0,0,0,0,0,0,0,0,0,0,0,0,0,0,0,0,0,0,0,0,0,0,0,0,0,0,0,0,0,0,0,0,0,0,0,0,0,0,0,0,0,0,0,0,0,1,-0,0,0,1,0,0.030973410763823796
1619_d,10m,1619,1619_d,0,0,0,0,0,0,0,0,0,0,0,0,0,0,0,0,0,0,0,0,0,0,0,0,0,0,0,0,0,0,0,0,0,0,0,0,0,0,0,0,0,0,0,0,0,0,0,0,0,0,0,0,0,0,0,0,0
1718_a,10m,1718,1718_a,0,0,0,0,0,0,0,0,0,0,0,0,0,0,0,7.186744399575833e-5,0,0,0,0,0,0.00898395774522656,0,0,1.9336580162979988,0,0,0,0,0,0,0,0,0,0,0,0,0,0,0,0,0,0,0,0,0,0,0,0,0,3,0.02989088342634778,0.009279744906482201,0.02720785461319175,355.958192,2.271768354882987,248.95320831207235
1718_b,10m,1718,1718_b,0.07723475428754789,0,0,0,0,0,0,0.2634537384364365,0,0,0,0,0,0,0,0.7449075668208915,0,0,0,0,0,0.4446218097238624,0,0,0.1273388940610331,0,0,0,0,0,0,0,0,0,0,0,0,0,0,0,0,0,0,0,0,0,0,0,0,0,5,1.3447672844031584,0.6927512925863522,0.8355508926525433,501.07930500000003,143.9749734335944,222.1969951924131
1718_c,10m,1718,1718_c,0,0,0,0,0,0,0,0.007326214955422659,0,0,0,0,0,0,0,1.6218977195106656,0,0,0,0,0,0.48479994035207413,0,0,0.323149435165796,0,0,0,0,0,0,0,0,0,0,0,0,0,0.10759818086713911,0,0,0,0,0,0,0,0,0,0,0,5,1.0156176626791056,0.5395763804964404,0.631038733978308,480.380264,124.31794906602894,339.2823458738257
1718_d,10m,1718,1718_d,0,0,0,0,0,0,0,0,0,0,0,0,0,0,0,0.11544071915155926,0,0,0,0,0,0.011491492953212046,0,0,1.1418815707188168,0.9549596655621289,0,0,0,0,0,0,0,0,0,0,0,0,0.3643069644850703,0,0,0,0,0,0,0,0,0,0,0,5,1.1676522187749487,0.6473629199646758,0.7255031149409183,603.257037,170.70776656496182,357.20939412619526
1817_a,10m,1817,1817_a,0,0,0,0,0,0,0,0,0,0,0,0,0,0,0,0,0,0,0.44664859037793353,0,0,0,0,0,0.6129254749333566,0.9685407501727374,0,0,0,0,0,0,0,0,0,0,0,0,0,0,0,0,0,0,0,0,0,0,0,0,3,1.047809648870077,0.6321050520970392,0.9537574444396368,395.558611,168.57948743737,274.92003007087806
1817_b,10m,1817,1817_b,0,0,0,0,0,0,0,0,0,0,0,0,0,0,0,0,0,0,0,0,0,0,0,0,0.7937251510480466,0,0,0,0,0,0,0,0,0,0.01703059087208839,0,0,0,0,0,0,0,0,0,0,0.9466059578589597,0,0,0,0,3,0.7371806770829474,0.5057661042929498,0.6710107693922304,363.38878800000003,123.7367948553062,215.2491648486557
1817_c,10m,1817,1817_c,0,0,0.027178992959525295,0,0,0,0,0,0,0,0,0,0,0,0,0,0,0,0,0,0,0,0,0,0.017956581298610417,1.0629479276077356,0,0,0,0,0,0,0,0,0,0,0,0,0,0,0,0,0.6482534201816778,0,0,0.053394042116025726,0,0,0,0,5,0.8930735956089496,0.5255135904358567,0.554897824084604,617.066129,141.4696602456348,263.5890563422316
1817_d,10m,1817,1817_d,0,0,0.9728210070607487,0,0,0,0,0,0,0,0,0,0,0,0,0,0,0.5411422423561792,0,0,0,0,0,0,0,0.17893900283128086,0,0,0,0,0,0,0,0,0,0.6771915401211861,0,0,0,0,0,0,0,0,0,0,0,0,0,0,4,1.2557322785104448,0.6920567786208733,0.9058193654456087,430.63438500000007,148.52124971931056,284.37181011542424
1916_a,10m,1916,1916_a,0,0,0,0,0,0,0,0,0,0,8.712010856226177e-5,0.5112434917861612,0,0,0,0,0,0,0,0,0,0,0,0,0.11240960225217654,0.13147372647906735,0,0,0,0,0,0,0,0,0,0,0,0,0,0,0,0,0,0,0,0,0,0,0,0,4,0.8530290380858117,0.4892747483507649,0.6153303814903416,400.80492900000013,127.51153565094991,164.32734792353924
1916_b,10m,1916,1916_b,0,0,0.0989401046629649,0,0,0,0,0,0,0,0.07509430001913063,0.06013806402894307,0,0,0,0,0,0.779623924520114,0,0,0,0,0,0,0.20871937043225172,0.3420702745762325,0,0,0,0,0,0,0,0,0,0,0,0,0,0,0,0,0,0,0,0,0,0,0,0,6,1.3938113316039051,0.6783264361621919,0.7779009155756837,617.2630950000001,169.64514297190658,290.3071990938812
1916_c,10m,1916,1916_c,0,0,0,0,0,0,0,0,0,0,0,0,0,0,0,0,0,0,0.4180210001925337,0,0,0,0,0,1.4341934938917746,0.8830064471770228,0,0,0,0,0,0,0,0,0,0,0,0,0,0,0,0,0,0,0,0,0,0,0,0,3,0.9906010092600424,0.5974898552491221,0.9016838965646254,395.558611,158.5087967365718,361.37163455679206
1916_d,10m,1916,1916_d,0,0,0,0,0,0,0,0,0,0,0,0.06424776401604343,0,0,0,0,0,0,0.02037262778432744,0,0,0,0,0,0.2535489048001608,1.886942169849951,0,0,0,0.036428394516641247,0,0,0,0,0,0,0,0,0,0,0,0,0,0,0,0,0,0,0,0,5,0.6065159355607785,0.2901235215696414,0.3768495391310181,630.3044310000001,78.50496034786543,326.64003871956163
1224_a,10m,1224,1224_a,0,0,0,0.4772991257428704,0,0,0,0,0,0,0.4604806726323908,0,0,0,0,0.46548269008066695,0,0,0,0,0,0,0,0,0,0,0,0,0,0,0,0,0,0,0,0.11724084800868265,0,0,0.10990134670107163,0,0,0,0,0,0,0,0,0,0,0,5,1.445674705556037,0.7433038241361329,0.8982481985711465,450.196441,167.22183557407172,268.88474450027576
1224_b,10m,1224,1224_b,0,0,0,0.2386299136821451,0,0,0,0,0,0,0.016818661974572935,0,0,0,0,0,0,0,0,0,0,0,0,0,0,0,0.9999999999861858,0,0,0,0,0,0,0,0,0.37501376186316093,0,0,0.167358937813067,0,0,0.07328051088096912,0,0,0,0.06596310682581356,0,0,0,0,7,1.4089332733493543,0.6707036176433819,0.72404847368382,608.3289599999999,163.71824507667367,318.5745548538853
1224_c,10m,1224,1224_c,0,0,0,0,0,0,0,0,0,0,0,0,0,0,0,0,0,0,0,0,0,0.971331025574462,0,0,0,0,0,0,0,0,0,0,0,0,0,0.007950631939964566,0,0,0.8326410621398587,0,0,0.9267194891259853,0,0,0,0.9340368931875982,0,0,0,0,5,1.3971610186668781,0.7503017891781139,0.8681049501026253,350.825132,142.5052651991656,334.6830554277788
1224_d,10m,1224,1224_d,0,0,0,1.500673307097204e-4,0,0,0,0,0,0,0,0,0,0,0,0.36178965429561283,0,0,0,0,0,0,0,0,0,0,0,0,0,0,0,0,0,0,0,0.08967686159210496,0,0,0,0,0,0,0,0,0,0,0,0,0,0,3,0.5013317716555908,0.3188105858656406,0.4563318441152472,348.30521600000003,70.88019624308446,57.62799469420175
1323_a,10m,1323,1323_a,0,0,0.5469632837356084,0,0,0,0.5214218894510982,0,0,0,0,0,0,0,0,0,0,0,0.0024082105710128408,0,0,0,0,0,0,0,0.05505261268982446,0,0,0,0,0,0,0,0,0,0,0,0,0,0,0,0,0,0,0,0,0,0,0,4,0.867938238160293,0.5470824603483886,0.6260850959958795,514.137213,133.01099500771952,151.801503882581
1323_b,10m,1323,1323_b,0,0,0.3181658750751934,0.5026103191896955,0,0,0.27158919883741245,0,0,0,0,0,0,0,0,0,0,0,0.032919131615207715,0,0,0,0,0,0,0,0,0,0,0,0,0,0,0,0,0,0,0,0,0,0,0,0.2549892519105388,0,0,0,0,0,0,0,5,1.4271048752845812,0.7408555436376609,0.8867101142946483,509.063771,148.51181708365993,191.95812160816334
1323_c,10m,1323,1323_c,0,0,0.008591404305053665,0.22477765649232068,0,0,0,0,0,0,0,0,0,0,0,0,0,0,0,0,0,0,0,0,0,0,0,0,0,0,0,0,0,0,0,1.1365724399431933,0,0,0.4312134892958832,0,0,0,0.6176049451519745,0,0,0,0,0,0,0,5,1.2517186867691403,0.6735647506722007,0.7777365483307471,298.08270000000005,50.54817367178095,212.10479964498748
1323_d,10m,1323,1323_d,0,0,0.9914085957070303,0.19248076415621254,0,0,0,0,0,0,0,0,0,0,0,0,0,0,0,0,0,0,0,0,0,0,0,0,0,0,0,0,0,0,0,0.13917696512680122,0,0,0,0,0,0,0.34711645920252515,0,0,0.6512061927026639,0,0,0,0,5,1.3792484233601643,0.7060837909192295,0.8569752288699355,398.329097,145.025205432055,307.3011720696188
1422_a,10m,1422,1422_a,0,0,0.5120976536031475,0.18708004396500036,0,0,0,0,0,0,0,0,0,0,0,0.5311043663252937,0,0,1.0598157373426687,0,0,0,0,0,0,0,0,0,0,0,0,0,0,0,0,0,0,0,0,0,0,0,0,0,0,0,0,0,0,0,4,1.2350463019870246,0.6753725555656028,0.8908975875724667,411.184209,159.93025367807462,304.26908728525734
1422_b,10m,1422,1422_b,0,0,2.478044637522611,0.015373716842747109,0,0,0,0,0,0,0,0,0,0,0,0,0,0,0.4022370989241432,0,0,0,0,0,0,0,0,0,0,0,0,0,0,0,0,0,0,0,0,0,0,0,0,0,0,0,0,0,0,0,3,0.4352910915929243,0.2483158992677178,0.3962190265690952,292.605605,60.021920685654514,240.91335742726596
1422_c,10m,1422,1422_c,0,0,0.9434042476610864,0.29254547570727285,0,0,0,0,0,0,0.15769894104937573,0,0,0,0,0,0,0,0.2080805223237896,0,0,0,0,0,0,0,0.40579792421091043,0,0,0,0,0,0,0,0,0,0,0,0,0,0,0,0,0,0,0,0,0,0,0,5,1.3935128653161062,0.7001530174106836,0.8658382249791601,559.2743449999999,158.59505610789685,246.16156847306738
1422_d,10m,1422,1422_d,0,0,0.21937468289006534,0.6274054990292626,0,0,0,0,0,0,0,0,0,0.0042654576183949276,0,0,0,0,0.27871999231300093,0,0,0,0,0,0,0,0,0,0,0,0,0,0,0,0,0,0,0,0,0,0,0,0,0,0,0.7522916500502965,0,0,0,0,5,1.2799226395309302,0.6935725901661505,0.7952606494743162,396.86366399999997,144.9477150420758,229.73800682114273
1521_a,10m,1521,1521_a,0.5164400047510901,0,0,0,0,0,0,0,0,0,0,0,0,0,0,0,0,0,0,0,0,0,0,0,0,0,0,0,0,0,0,0,0,0,0,0,0,0,0,0,0,0,0,0,0,0,0,0,0,0,1,-0,0,0,1,0,0.5164400047510901
1521_b,10m,1521,1521_b,1.4831433985910993,0,0,0,0,0,0,0,0,0,0,0,0,0,0,0.011328576693122322,0,0,0,0,0,0,0,0,0,0.5193332096467025,0,0,0,0,0,0,0,0,0,0,0,0,0,0,0,0,0,0,0,0,0,0,0,0,3,0.6039033471151425,0.3910482899333042,0.5496965156354457,390.402978,106.00919875637827,265.12969585113837
1521_c,10m,1521,1521_c,0.13999706484615926,0,0,0.0638813118668551,0,0,0,0,0,0,0,0,0,0,0,1.2267176856126838,0,0,0,0,0,0,0,0,0,0.49261630996227473,0,0,0,0,0,0,0,0,0,0,0,0,0,0,0,0,0,0,0,0,0,0,0,0,4,0.9395023411129066,0.521138463919919,0.6777076842135809,435.54010900000003,136.09195893166742,312.3925716986683
1521_d,10m,1521,1521_d,0.8175724836355855,0,0,0,0,0,0,0,0,0,0,0,0,0,0,0.07772036172192237,0,0,0,0,0,0,0,0,0,0.3874787902799516,0,0,0,0,0,0,0,0,0,0,0,0,0,0,0,0,0,0,0,0,0,0,0,0,3,0.8185599272892059,0.49887359739537573,0.745085355163447,390.402978,132.92861897895665,176.15924857674372
1620_a,10m,1620,1620_a,6.671280212262198e-4,0,0,0,0,0,0,0,0,0,0,0,0,0,0,0,0,0,0,0,0,0,0,0,0,0,0,0,0,0,0,0,0,0,0,0,0,0,0,0,0,0,0,0,0,0,0,0,0,0,1,-0,0,0,1,0,6.671280212262198e-4
1620_b,10m,1620,1620_b,1.7167915337717865,0,0,0,0,0,0,0,0,0,0,0,0,0,0,0,0,0,0,0,0,0,0,0,0,0,0,0,0,0,0,0,0,0,0,0,0,0,0,0,0,0,0,0,0,0,0,0,0,0,1,-0,0,0,1,0,1.7167915337717865
1620_c,10m,1620,1620_c,0.4582733656268829,0,0,0,0,0,0,0,0,0,0,0,0,0,0,0,0,0,0,0,0,0,0,0,0,0,0,0,0,0,0,0,0,0,0,0,0,0,0,0,0,0,0,0,0,0,0,0,0,0,1,-0,0,0,1,0,0.4582733656268829
1620_d,10m,1620,1620_d,0.6729059467322813,0,0,0,0,0,0,0,0,0,0,0,0,0,0,0,0,0,0,0,0,0,0,0,0,0,0,0,0,0,0.20469073968234036,0,0,0,0,0,0,0,0,0,0,0,0,0,0,0,0,0,0,0,2,0.5431618492133985,0.35767831245639825,0.7836169062602489,247.46847400000001,88.5141061664801,108.58875638724147
1719_a,10m,1719,1719_a,0,0,0.5650535285984648,0,0,0,0,0,0,0,0,0,0,0,0,1.5322709555521645,0,0,0.003368703061369136,0,0,0,0,0,0,0.3766875456715577,0,0,0,0,0,0,0,0,0,0,0,0,0.35651111380049033,0,0,0,0,0,0,0,0,0.2220372353001184,0,0,6,1.364948006859101,0.680314763484819,0.7617919873180089,704.455865,161.12114286684655,353.8732615217615
1719_b,10m,1719,1719_b,0,0,0,0,0,0,0,0,0,0,0,0,0,0,0,0.3919715665279644,0,0,0,0,0,0,0,0,0,0,0,0,0,0,0,0,0,0,0,0,0,0,0.10424752733011994,0,0,0,0,0,0,0,0,0.008870889634971308,0,0,3,0.59343571400989,0.3548502694818495,0.5401684653731074,301.466658,77.13844186299602,75.29922559694488
1719_c,10m,1719,1719_c,0,0,0,0,0,0,0,0,0,0,0,0,0,0,0,0,0,0,0,0,0,0,0,0,0,0,0,0,0,0,0,0,0,0,0,0,0,0,0,0,0,0,0,0,0,0,0,0.05905841378967537,0,0,1,-0,0,0,1,0,0.05905841378967537
1719_d,10m,1719,1719_d,0,0,0,0,0,0,0,0,0,0,0,0,0,0,0,0.7516277333669213,0,0,0,0,0,0,0,0,0,0,0,0,0,0,0,0,0,0,0,0,0,0,0,0,0,0,0,0,0,0,0,1.3896204263759302,0,0,2,0.6480777263433262,0.45561181285975405,0.9349785219061114,158.34128400000003,72.14215945378122,169.52399148816014
1818_a,10m,1818,1818_a,0,0,0,0,0,0,0,0,0,0,0,0,0,0,0,0,0,1.7816012616664592,0,0,0,0,0,0,0.11061036996374048,1.9565924743833643,0,0,0,0,0,0,0,0,0,0,0,0,0.09588530816298842,0,0,0,0,0,0,0,0,0,0,0,4,0.8973461977866299,0.5486165514579876,0.647298454753669,434.46087300000005,144.2046270188374,450.67874019647803
1818_b,10m,1818,1818_b,0,0,0,0,0,0,0,0,0,0,0,0,0,0,0,0,0,0.012532145092511533,0,0,0,0,0,0,1.3297545986315689,0.7065653135135609,0,0,0,0,0,0,0,0,0,0,0,0,0,0,0,0,0.3517465798410521,0,0,1,0,0,0,0,5,1.3088923906363805,0.7067326446377151,0.8132605678816294,553.039477,181.30127359662788,487.7143999968788
1818_c,10m,1818,1818_c,0,0,0,0,0,0,0,0,0,0,0,0,0,0,0,0,0,0,0.09417407366391085,0,0,0,0,0,1.2575843476782267,0.4910118891451397,0,0,0,0,0,0,0,0,0,0,0,0,0.03442216799612537,0,0,0,0,0,0,0,0,0,0,0,4,0.8425887184728829,0.4799256847410257,0.6077992828249075,517.963703,128.10983856407,250.04232826242182
1818_d,10m,1818,1818_d,0,0,0,0,0,0,0,0,0,0,0,0,0,0,0,0,0,0.6309432325015714,0.004835089253240359,0,0,0,0,0,0.3525676777342838,0,0,0,0,0,0,0,0,0,0,0,0,0,1.892061183549317,0,0,0,0,0,0,0,0,0,0,0,4,0.8765010217483897,0.5055516394256541,0.6322618387052557,410.1049730000001,76.47862053343653,228.76119352586983
1324_a,10m,1324,1324_a,0,0,0.02322755837275087,0.031885685289672554,0,0,0,0,0,0,0.6769388693625799,0,0,0,0,0,0,0,0,0,0,0,0,0,0,0,0,0,0,0,0,0,0,0,0,0.7701256685092109,0,0,0,0,0,0,0.6867441005235078,0,0,0.39020358349199596,0,0,0,0,6,1.4467779901824027,0.7479253636545727,0.807462170581255,496.20866,130.91611300900007,306.8284973917669
1324_b,10m,1324,1324_b,0,0,0,0,0,0,0,0,0,0,0,0,0,0,0,0.10172264957091288,0,0,0.06624843663039308,0,0,0,0,0,0,0,0,0,0,0,0,0,0,0,0,1.2278576281766482,0,0,0.24403609249933939,0,0,0,0,0,0,0,0,0,0,0,4,0.8022387338828048,0.41173960221328454,0.5786929214908816,362.628144,45.7287407636338,145.13078473446805
1324_c,10m,1324,1324_c,0,0,0.10401701969132651,0,0,0,0,0,0,0,0,0,0,0,0,0.07100500636449622,0,0,0.8775524296522607,0,0,0,0,0,0,0,0,0,0,0,0,0,0,0,0,0.36697303086159483,0,0,0,0,0,0,0,0,0,0,0,0,0,0,4,0.9883745425201782,0.5431383851325488,0.7129615255173796,477.195086,133.292401924012,182.18408868318653
1324_d,10m,1324,1324_d,0,0,0.8727554219445808,0,0,0,0,0,0,0,0,0,0.01754515068468724,0,0,0,0,0,0.056199133749677097,0,0,0,0,0,0,0,0,0,0,0,0,0,0,0,0,0.1326428894914455,0,0,0,0,0,0,0.00675871724984107,0,0,0.3459908346117301,0,0,0,0,6,1.0716514279816434,0.5598151398782513,0.5981000499153738,579.9613980000001,124.81988267468108,263.6549614836039
1423_a,10m,1423,1423_a,0,0,1.3235850110336083,0.5521566775296817,0,0,0,0,0,0,0,0,0,0.1534103753833734,0,0,0,0,0,0,0,0,0,0,0,0,0,0,0,0,0,0,0,0,0,0,0,0,0,0,0,0,0,0,0,0.06797950421229663,0,0,0,0,4,0.9442939881155393,0.5259370598472045,0.6811641268977752,253.653249,49.00044170264458,150.8739374797988
1423_b,10m,1423,1423_b,0,0,1.6699285759660052,0.11239872547888287,0,0,0,0,0,0,0,0,0,0,0,0,0,0,0,0,0,0,0,0,0,0,0.5007063347327908,0,0,0,0,0,0,0,0,0,0,0,0,0,0,0,0,0,0,0,0,0,0,0,3,0.7097464649212107,0.41445515882645045,0.6460390733310146,316.96150399999993,99.58342720234859,239.27628938777568
1423_c,10m,1423,1423_c,0,0,0.4609489198897667,1.64400287091885,0,0,0,0,0,0,0,0,0,0,0,0,0,0,0,0,0,0,0,0,0,0,0,0,0,0,0,0,0,0,0,0,0,0,0,0,0,0,0.020298795708821555,0,0,0.3487938074466104,0,0,0,0,4,0.9002699697263795,0.5037836495456074,0.6494075103927525,386.552398,76.23512293154457,207.22452594404973
1423_d,10m,1423,1423_d,0,0,0.9999999999869055,0.9873624862446444,0,0,0,0,0,0,0,0,0,0,0,0,0,0.002210197337474451,0,0,0,0,0,0,0,0,0,0,0,0,0,0,0,0,0,0,0,0,0,0,0,0,0,0,0,0,0,0,0,0.3483213054267566,4,1.0175310462561227,0.616481188028218,0.7339934971921334,393.4423450000002,93.1313029527853,209.5367878084785
1522_a,10m,1522,1522_a,0.009360176996010402,0,0,0.012105140861100792,0,0,0,0,0,0,0,0,0,0,0,0,0,0,0.00408641452344989,0,0,0,0,0,0,0.9457735751627514,0,0,0,0,0,0,0,0,0,0,0,0,0,0,0,0,0,0,0,0,0,0,0,0,4,0.14835670171604745,0.05165421697812078,0.10701673892419242,440.695742,13.992739901667477,220.79172325437628
1522_b,10m,1522,1522_b,0,0,0,0.7477843675821948,0,0,0,0,0,0,0,0,0,0,0,0.3774342044771368,0,0,0.5625440794041896,0,0,0,0,0,0,0.060930862314376194,0,0,0,0,0,0,0,0,0,0,0,0,0,0,0,0,0,0,0,0,0,0,0,0,4,1.1760165660684547,0.6658501722404754,0.8483166339351138,514.137215,164.51167339838693,228.64763966655653
1522_c,10m,1522,1522_c,0,0,0,0.1356801311222407,0,0,0,0,0,0,0.23061176983615023,0,0,0.10197090853544727,0,0.8686592743603496,0,0,0.6125772593922031,0,0,0,0,0,0,0,0,0,0,0,0,0,0,0,0,0,0,0,0.11714406625055146,0,0,0,0,0,0,0.1777416256522258,0,0,0,0,7,1.6206315915987672,0.7504352447002285,0.8328398885146573,679.332708,174.2063840660937,279.2366800468657
1522_d,10m,1522,1522_d,0,0,0,0,0,0,0,0,0,0,0.573041199759304,0,0,0,0,0.08115752140236278,0,0,0.009427505595958093,0,0,0,0,0,0,0.020386021406698675,0,0,0,0,0,0,0,0,0,0,0,0,0.7926439304591102,0,0,0,0,0,0,0,0,0,0,0,5,0.9521395798541092,0.5580162005672593,0.5915975835402693,604.586182,114.65268571175763,184.6629985448088
1621_a,10m,1621,1621_a,1.5035601496243953,0,0,0,0,0,0,0,0,0,0,0,0,0,0,0,0,0,0,0,0,0.8854302386659398,0,0,0,0,0,0,0,0,0.35362678970451444,0,0,0,0,0,0,0,0,0,0,0,0,0,0,0,0,0,0,0,3,0.9586448636540783,0.5786023351412545,0.8725961593022782,366.047078,139.5358882442651,332.1945192197334
1621_b,10m,1621,1621_b,0.07672347476133393,0,0,0,0,0,0,0,0,0,0,0,0,0,0,0,0,0,0,0,0,0.005344818108760239,0,0,0,0,0,0,0,0,0,0,0,0,0,0,0,0,0,0,0,0,0,0,0,0,0,0,0,0,2,0.2408461558038854,0.12177002358947231,0.3474675545954361,237.157208,28.87863881257341,9.731543601198918
1621_c,10m,1621,1621_c,1.3977467091747504,0,0,0,0,0,0,0,0,0,0,0,0,0,0,0,0,0,0,0,0,0,0,0,0,0.08486965281932835,0,0,0,0,0,0,0,0,0,0,0,0,0,0,0,0,0,0,0,0,0,0,0,0,2,0.21931362711811736,0.10793276985638223,0.3164026822426792,271.824374,29.338757600297132,201.5056322405989
1621_d,10m,1621,1621_d,0,0,0,0,0,0,0,0,0,0,0,0,0,0,0,0,0,0,0,0,0,0.10922494321163576,0,0,0,0,0,0,0,0,0,0,0,0,0,0,0,0,0,0,0,0,0,0,0,0,0,0,0,0,1,-0,0,0,1,0,0.10922494321163576
1720_a,10m,1720,1720_a,0.5398807181900777,0,0,0,0,0,0,0,0,0,0,0,0,0,0,0.03779139725751403,0,0,0,0,0,0,0,0,0,0,0,0,0,0,0,0,0,0,0,0,0,0,0,0,0,0,0,0,0,0,0,0.1158130565871181,0,0,3,0.6523753149719904,0.3630729202820536,0.5938176021705439,316.32785,84.6707955688294,115.5872271144357
1720_b,10m,1720,1720_b,0,0,0,0,0,0,0,0,0,0,0,0,0,0,0,0,0,0,0,0,0,0,0,0,0,0,0,0,0,0,0,0,0,0,0,0,0,0,0,0,0,0,0,0,0,0,0,0,0,0,0,0,0,0,0,0,0
1720_c,10m,1720,1720_c,0.003752873031547216,0,0,0,0,0,0,0,0,0,0,0,0,0,0,0,0,0,0,0,0,0,0,0,0,0,0,0,0,0,0.1589795747912117,0,0,0,0,0,0,0,0,0,0,0,0,0,0,0,0,0,0,0,2,0.10972636209096016,0.0450595534971876,0.15830167844341497,247.46847400000001,11.150818943070382,20.135575266491387
1720_d,10m,1720,1720_d,0.4772792578750266,0,0,0,0,0,0,0,0,0,0,0,0,0,0,0.125420907298036,0,0,0,0,0,0,0,0,0,0,0,0,0,0,0,0,0,0,0,0,0,0,0,0,0,0,0,0,0,0,0,0,0,0,2,0.5114261971673186,0.32958684838038665,0.7378320384339918,237.15720800000003,78.1638967554119,71.46734421679119
1819_a,10m,1819,1819_a,0,0,0,0,0,0,0,0,0,0,0,0,0,0,0,0,0,0.36905676753568284,0.17105465874863934,0,0,0,0,0,0,0,0,0,0,0,0,0,0,0,0,0,0,0,0.47825695693788833,0,0,0,0,0,0,0,0,0,0,0,3,1.0224422938664741,0.6198995939664738,0.930667082839589,287.69988100000006,96.55883060777889,138.75677046979735
1819_b,10m,1819,1819_b,0,0,0.4349464713749492,0,0,0,0,0,0,0,0,0,0,0,0,0.38549349333408955,0,0,0.68410008066324,0,0,0,0,0,0,0.17734089956774393,0,0,0,0,0,0,0,0,0,0,0,0,0.032914045500640136,0,0,0,0,0,0,0.04191191578557922,0,0.04355042664123342,0,0,7,1.5199241244031558,0.740209173723801,0.7810864880585765,808.713924,184.52159815239887,267.15382406379155
1819_c,10m,1819,1819_c,0,0,0,0.00516781475573804,0,0,0,0,0,0,0,0,0,0,0,0.46219433708104113,0,0,0.044705646072981456,0,0,0.337501122029573,0,0,0,0,0,0,0,0,0,0,0,0,0,0,0,0,0.2134871824683306,0,0,0,0,0,0,0.9580880842292135,0,0.16104955162950355,0,0,7,1.4925513426191481,0.7230132568334369,0.7670196608737261,758.50335,165.9619322492095,281.38450760905965
1819_d,10m,1819,1819_d,0,0,0,0.7056875827205606,0,0,0,0,0,0,0,0,0,0,0,0,0,0,0.15110000698798562,0,0,0.4727059736238293,0,0,0,0,0,0,0,0,0,0,0,0,0,0,0,0,0.976275082542886,0,0,0,0,0,0,0.23197254147135754,0,0,0,0,5,1.4230959868069106,0.7280798182646953,0.8842192518347181,568.1847,166.4350523936068,298.45572019817797
1917_a,10m,1917,1917_a,0,0,0,0,0,0,0,0,0,0,0,0,0,0,0,0,0,0.7494110795064955,0,0,0,0,0,0,0,0.9943192931108182,0,0,0,0,0,0,0,0,0,0.32280845988375256,0,0,0,0,0,0,0,0,0,0,0,0,0,0,3,1.009849311853281,0.6125837566382056,0.9192044566309744,312.055781,144.8350313595234,273.95778970835545
1917_b,10m,1917,1917_b,0,0,0,0,0,0,0,0,0,0,0,0,0,0,0,0,0,1.2779940065135103,0,0,0,0,0,0,0,0,0,0,0,0,0,0,0,0,0,0,0,0,0,0,0,0,0,0,0,0,0,0,0,0,1,-0,0,0,1,0,1.2779940065135103
1917_c,10m,1917,1917_c,0,0,0,0,0,0,0,0,0,0,0,0,0,0,0,0,0,0.8259891305826367,0.0481441816253035,0,0,0,0,0,0,0.2197895524661625,0,0,0,0.9635716054589137,0,0,0,0,0,0,0,0,0,0,0,0,0,0,0,0,0,0,0,0,4,1.048445795319215,0.6075496492514048,0.7562937747739583,507.89933900000005,154.4976785199638,269.30355983422396
1917_d,10m,1917,1917_d,0,0,0,0,0,0,0,0,0,0,0,0,0,0,0,0,0,0.3255318885474217,0.6309383751356651,0,0,0,0,0,0.13373001339864046,0.958093600154537,0,0,0,0,0,0,0,0,0,0,0,0,0,0,0,0,0,0,0,0,0,0,0,0,4,1.188614873709965,0.6568040454510158,0.8574043919141141,517.9637020000001,174.61042176849588,278.00836502340877
1424_a,10m,1424,1424_a,0,0,0,0.26954133012329534,0,0,0,0,0,0,0,0,0,0,0,0,0,0.06722314294053998,0,0,0,0,0,0,0,0,0,0,0,0,0,0,0,0,0,0,0,0,0,0,0,0,0,0,0,0.0012286067766165633,0,0,0,0.3358025614807782,4,0.9550393473044808,0.5816385188099747,0.6889152651050034,452.5632730000002,136.42013432580188,94.77659287293794
1424_b,10m,1424,1424_b,0,0,0,0.816158641369944,0,0,0,0,0,0,0.32306113062172087,0,0,0,0,0,0,0,0,0,0,0,0,0,0,0,0,0,0,0,0,0,0,0,0,0,0,0,0,0,0,0,0.7744836908471207,0,0,0.16053327364386627,0,0,0,0,4,1.2225037956285976,0.6755158728592116,0.8818500817106563,439.29483,153.6441361448394,244.27479679861605
1424_c,10m,1424,1424_c,0,0,0,0,0,0,0,0,0,0,0,0,0.6717488834995274,0,0,0,0,0,0,0,0,0,0,0,0,0,0,0,0,0,0,0,0,0,0,0,0,0,0,0,0,0,0.17460484719422042,0,0,0.7987862082287788,0,0,0,1.0000000000066136,4,1.2568116444150448,0.6970324526004563,0.9065979633645442,446.1847770000002,160.32298625146382,309.406734098932
1424_d,10m,1424,1424_d,0,0,0,0.9536210535226033,0,0,0,0,0,0,0,0,0.049934159627123845,0,0,0,0,0,0,0,0,0,0,0,0,0,0,0,0,0,0,0,0,0,0,0,0,0,0,0,0,0,0,0,0,0.30325749315264394,0,0,0,0,3,0.6936508392846544,0.4121820602119469,0.6313882034995205,341.41526600000014,88.05175716533591,151.28138556566552
1523_a,10m,1523,1523_a,0,0,0,0,0,0,0,0,0,0,0.1537342608182942,0,0,0,0,0,0,0,0,0,0,0,0,0,0,0.15199146254815127,0,0,0,0,0,0,0,0,0.06583439196053288,0,0,0,0.08974276276582255,0,0,0,0,0,0,0,0,0,0,0,4,1.3283368376681273,0.7221641808100385,0.9581924841669677,480.851945,178.97727652474947,89.8389022735063
1523_b,10m,1523,1523_b,0,0,0,1.1779198623432072,0,0,0,0,0,0,0.042612769587298774,0,0,0.7403532584180784,0,0.6736899128871039,0,0,0,0,0,0,0,0,0,0,0,0,0,0,0,0,0,0,0,0,0,0,4.692405670786033e-4,0,0,0,0,0,0,0.7668479465782263,0,0,0,0,6,1.4117047685570299,0.742557674455511,0.7878874328847475,550.442838,148.3362931872015,316.8734431179987
1523_c,10m,1523,1523_c,0,0,0.8027639619760276,0.13423726963931254,0,0,0,0,0,0,0,0,0,0,0,0.37649329131292175,0,0.18243523500609496,0,0,0,0,0,0,0,0.6225620359063421,0,0,0,0,0,0,0,0,0,0,0,0,0,0,0,0,0,0,0,0.23513927351668873,0,0,0,0.16135726127998412,7,1.738915119540049,0.7934616248333657,0.893625597453328,730.1168160000002,192.11443330512327,344.4647835982885
1523_d,10m,1523,1523_d,0,0,0.19723603802962986,0,0,0,0,0,0,0,0,0,0,0,0,0,0,0,0,0,0,0,0,0,0,1.1840968751825431,0.006323281082562931,0,0,0,0,0,0,0,0.8212081951173704,0,0,0,0,0,0,0,0,0,0,0,0,0,0,0,4,0.9345756748675335,0.5664327028186418,0.6741538457334234,455.67441299999996,151.23489164504753,286.4404624548664
1622_a,10m,1622,1622_a,0,0,0,0,0,0,0,0,0,0,0,0,0,0,0,0,0,0,0,0,0,0.27353738781700243,0,0,0.0016276730648387679,0,0,0,0,0,0,0,0,0,0,0,0,0,0,0,0,0,0,0,0,0,0,0,0,0,2,0.03624431786063032,0.011760540739981673,0.052289497637934654,244.810184,2.879100142494451,33.68160459242737
1622_b,10m,1622,1622_b,0.21960051819793724,0,0,0,0,0,0,0,0,0,0,0,0,0,0,0,0,0,0,0,0,0.2093667157230837,0,0,0.2166754405764292,0.4461079815848353,0,0,0,0,0,0,0,0,0,0,0,0,0,0,0,0,0,0,0,0,0,0,0,0,4,1.3259331571476896,0.7164075355506717,0.9564585951836092,512.80807,187.84936251399205,155.35360741334515
1622_c,10m,1622,1622_c,0,0,0,0,0,0,0,0,0,0,0,0,0,0,0,0,0,0,0,0,0,0.22469662538575233,0,0,0.7355043495865716,0.03350759224452354,0,0,0,0,0,0,0,0,0.647000072406618,0,0,0,0,0,0,0,0,0,0,0,0,0,0,0,4,1.0783639462687113,0.6243628131527019,0.7778751587776612,505.377474,151.49946507083803,216.23509826040188
1622_d,10m,1622,1622_d,0.9221272276529535,0,0,0,0,0,0,0,0,0,0,0,0,0,0,1.3857353678478908,0,0,0,0,0,0.29239927107715324,0,0,0.046192536731247,1.0741408074575611,0,0,0,0,0,0,0,0,0.06331444596604956,0,0,0,0,0,0,0,0,0,0,0,0,0,0,0,6,1.3894732363443272,0.7195133968872585,0.7754797785123217,722.917874,183.50377919435198,473.8381469506529
1721_a,10m,1721,1721_a,0,0,0,0,0,0,0,0,0,0,0,0,0,0,0,0,0,0,0,0,0,0,0,0,0,0,0,0,0,0,0,0,0,0,0,0,0,0,0,0,0,0,0,0,0,0,0,0,0,0,0,0,0,0,0,0,0
1721_b,10m,1721,1721_b,1.2937549881897383,0,0,0,0,0,0,0,0,0,0,0,0,0,0,0,0,0,0,0,0,1.0000000000039473,0,0,0,0,0,0,0,0,0.28270289574682234,0,0,0,0,0,0,0,0,0,0,0,0,0,0,0,0,0,0,0,3,0.9557112871383409,0.5851661946809246,0.8699259028833426,366.047078,140.79090832437987,312.1259245209673
1721_c,10m,1721,1721_c,0.024603898639704858,0,0,0,0,0,0,0,0,0,0,0,0,0,0,0,0,0,0,0,0,0,0,0,0,0,0,0,0,0,0,0,0,0,0,0,0,0,0,0,0,0,0,0,0,0,0,0,0,0,1,-0,0,0,1,0,0.024603898639704858
1721_d,10m,1721,1721_d,0,0,0,0,0,0,0,0,0,0,0,0,0,0,0,0,0,0,0,0,0,0,0,0,0,0,0,0,0,0,0,0,0,0,0,0,0,0,0,0,0,0,0,0,0,0,0,0,0,0,0,0,0,0,0,0,0
1820_a,10m,1820,1820_a,0,0,0,0.289144602481484,0,0,0,0,0,0,0,0,0,0,0,0,0,0,1.1895578471277362,0,0,0.11671101287871244,0,0,0,0,0,0,0,0,0,0,0,0,0,0,0,0,0.5448614856436456,0,0,0,0,0,0,0.9178191399280587,0,0,0,0.9999999999921104,6,1.6009441900129742,0.7782662347490273,0.89350396496172,679.3327070000001,186.4077054636128,489.1023826960178
1820_b,10m,1820,1820_b,1.4330696542616748,0,0,0,0,0,0,0,0,0,0,0,0,0,0,1.061674783859913,0,0,0.047242423661681764,0,0,0.07308189146105959,0,0,0,0,0,0,0,0,0,0,0,0,0,0,0,0,0.45563635796712426,0,0,0,0,0,0,0,0,0,0,0,5,1.1591541292459637,0.639841288841617,0.7202229550395447,575.074649,149.9935891940787,371.3853268569365
1820_c,10m,1820,1820_c,2.303070822364001,0,0,0.03825029782158204,0,0,0,0,0,0,0,0,0,0,0,0.8693511020363177,0,0,0.09165190960034464,0,0,0,0,0,0,0,0,0,0,0,0,0,0,0,0,0,0,0,0,0,0,0,0,0,0,0,0,0,0,0,4,0.753801930164637,0.4434133086089984,0.5437531532305253,411.184209,103.34209541441808,298.70454328420317
1820_d,10m,1820,1820_d,0,0,0,0.47356176031217256,0,0,0,0,0,0,0,0,0,0,0,1.0275753525000828,0,0,0.5547442385344108,0,0,0,0,0,0,0,0.4120784445917404,0,0,0,0,0,0,0,0,0,0,0,0.26339154647461843,0,0,0,0,0,0,0,0,0,0,0,5,1.5062418190366627,0.7550900597294785,0.9358806620620955,625.285222,189.5849081341055,349.0542079537199
1919_a,10m,1919,1919_a,0,0,0,0,0,0,0,0,0,0,0,0,0,0,0,0,0,0,0.5459550032924272,0,0,0,0,0,0.5040565076996444,0,0,0,0,0,0,0,0,0,0,0,0,0,0,0,0,0,0,0.25837445694971145,0,0,0,0,0,0,3,1.0525114168685883,0.638467991205325,0.9580371781063806,369.87356600000004,157.59622660774642,162.2079031402741
1919_b,10m,1919,1919_b,0,0,0,0,0,0,0,0,0,0,0,0,0,0,0,0,0,0,0.14070455621055128,0,0,0,0,0,0,0,0,0,0,0,0,0,0,0,0,0,0,0,0.027702054269050747,0,0,0,0,0.5435109475623523,0,0,0,0,0,0,3,0.6528256236906421,0.3765731313651234,0.5942274908303528,259.245173,79.88622450816901,136.09451249259106
1919_c,10m,1919,1919_c,0,0,0,0.014479192988155972,0,0,0,0,0,0,0,0,0,0,0,0,0,0,0.7580062274774547,0,0,0,0,0,0,0,0,0,0,0,0,0,0,0,0,0,0,0,0.630209823645653,0,0,0,0,0,0,0.6771289183560145,0,0,0,0,4,1.129583117390659,0.6693109824881096,0.8148219808656998,470.305137,163.37884894945634,260.1026205905581
1919_d,10m,1919,1919_d,0,0,0,0,0,0,0,0,0,0,0.12891013991777106,0,0,0,0,0,0,0,0,0,0,0,0,0,0,0,0,0,0,0,0,0,0,0,0,0,0,0,0,0,0,0,0,0,0,1.086674958571057,0.2818824752323204,0,0,0,3,0.7581745088952154,0.4305508303352614,0.6901201786249631,348.305216,101.62659127685032,181.94577646415703
1524_a,10m,1524,1524_a,0,0,0,0.24625812197515565,0,0,0,0,0,0,0,0,0,0,0,0,0,0,0,0,0,0,0,0,0,1.1247538797314633,0,0,0,0,0,0,0,0,0,0,0,0,0,0,0,0,0,0,0,0,0,0,0,0,2,0.4708134020898002,0.2947104567518206,0.6792401603790164,271.824374,80.10948541781775,186.33723955519432
1524_b,10m,1524,1524_b,0,0,0.42747272778188306,0,0,0,0,0,0,0,0,0,0,0,0,0,0,0.7481314247586441,0,0,0,0,0,0,0,0.34900242893041344,0,0,0,0,0,0,0,0,0,0,0,0,0,0,0,0,0,0,0,0,0,0,0,0.15451887186259997,4,1.254564390714646,0.6850064841656635,0.9049769124799518,501.5509840000002,172.65127447330383,223.21476318010247
1524_c,10m,1524,1524_c,0,0,0.5725272722302902,1.1312270920863445,0,0,0,0,0,0,0,0,0,0,0,0,0,0,0.21806328387742377,0,0,0,0,0,0,0,0,0,0,0,0,0,0,0,0,0,0,0,0,0,0,0,0,0,0,0,0,0,0,0,3,0.91964203031651,0.5518976032483551,0.8370942504488346,292.605605,81.44723529099953,182.4815839822691
1524_d,10m,1524,1524_d,0,0,0,0.6990016094486119,0,0,0,0,0,0,0,0,0,0,0,0,0,0,0.6286948272479077,0,0,0,0,0,0,0.21722597555882064,0,0,0,0,0,0,0,0,0,0,0,0,0,0,0,0,0,0,0,0,0,0,0,0,3,1.0005435143482633,0.6099156568777948,0.910733954706861,395.558611,156.8210475750481,205.9831129736705
1623_a,10m,1623,1623_a,0.6067488681648473,0,0.2533069710263686,0,0,0,0,0,0,0,0,0,0,0,0,0.25732117489246725,0,0,0,0,0,0,0,0,0.006077617676011628,0.8159044739431657,0,0,0,0,0,0,0,0,0.012152792342848886,0,0,0,0,0,0,0,0,0,0,0,0,0,0,0,6,1.3095917620302198,0.69425272106088,0.7308970788330379,624.236318,164.3493101700171,292.08730839692225
1623_b,10m,1623,1623_b,0,0,0.011242581286623537,0,0,0,0,0,0,0,0,0,0,0,0,0,0,0,0,0,0,0,0,0,0,0.24088051807949895,0,0,0,0,0,0,0,0,0.2775326889289321,0,0,0,0,0,0,0,0,0,0,0,0,0,0,0,3,0.778759676284196,0.5181560567340264,0.7088576054690927,390.402978,140.07629183727903,84.31474942976111
1623_c,10m,1623,1623_c,0,0,0.07176725311207394,0,0,0,0,0,0,0,0,0,0,0,0,0,0,0,0.003977272505436536,0,0,0,0,0,0,0.5575121981936775,0.7170869896592941,0,0,0,0,0,0,0,0.11295741294888292,0,0,0,0,0,0,0,0,0,0,0,0,0,0,0,5,1.0788314307680458,0.6063237534724444,0.6703156564371161,579.40865,111.77809235424299,193.56577040318587
1623_d,10m,1623,1623_d,0,0,0.6636831945912103,0,0,0,0,0,0,0,0,0,0,0,0,0,0,0,0,0,0,0,0,0,0,0.42457482056407353,0,0,0,0,0,0,0,0,0,0,0,0,0,0,0,0,0,0,0,0,0,0.5030990809997616,0,0,3,1.0812994500816389,0.65493530262409,0.9842411751943354,390.40297799999996,168.8856696937656,213.39388881951652
1722_a,10m,1722,1722_a,0.35344916763124823,0,0,0,0,0,0,0,0,0,0,0,0,0,0,0,0,0,0,0,0,0,0,0,0,0,0,0,0,0,0,0,0,0,0,0,0,0,0,0,0,0,0,0,0,0,0,0,0,0,1,-0,0,0,1,0,0.35344916763124823
1722_b,10m,1722,1722_b,0.29292203277822376,0,0,0,0,0,0,0,0,0,0,0,0,0,0,0,0,0,0,0,0,0,0,0,0,0,0,0,0,0,0,0,0,0,0,0,0,0,0,0,0,0,0,0,0,0,0,0,0,0,1,-0,0,0,1,0,0.29292203277822376
1722_c,10m,1722,1722_c,0.7157690367232795,0,0,0,0,0,0,0,0,0,0,0,0,0,0,0.21886182202603022,0,0,0,0,0,0,0,0,0,0.05430361517915619,0,0,0,0,0,0,0,0,0,0,0,0,0,0,0,0,0,0,0,0,0,0,0,0,3,0.7271086565866645,0.42415168752222543,0.6618428212451241,390.402978,104.18880398693227,135.54132858681984
1722_d,10m,1722,1722_d,0.8442074196888362,0,0,0,0,0,0,0,0,0,0,0,0,0,0,0,0,0,0,0,0,0,0,0,0,0,0,0,0,0,0,0,0,0,0,0,0,0,0,0,0,0,0,0,0,0,0,0,0,0,1,-0,0,0,1,0,0.8442074196888362
1821_a,10m,1821,1821_a,0,0,0,0.7831095389494516,0,0,0,0,0,0,0,0,0,0,0,2.052470377782768,0,0,0,0,0,0,0,0,0,0,0.09536931909814443,0,0,0,0,0,0,0,0,0,0,0,0,0,0,0,0,0,0,1.1801199813879555,0,0,0.045857400535512786,0,5,1.1567061683959685,0.6394813336672363,0.7187019514450085,573.8316779999999,149.28967126774901,454.8323991337314
1821_b,10m,1821,1821_b,0.24669954814949555,0,0,0.04799701856885767,0,0,0,0,0,0,0,0,0,0,0,1.649323270676926,0,0,0,0,0,0,0,0,0,0,0,0,0,0,0,0,0,0,0,0,0,0,0,0,0,0,0,0,0,0,0,0,0.7770671466793407,0,4,0.9502282151874463,0.5425282057207256,0.6854447668818497,361.464981,100.9097213569349,318.2500796219602
1821_c,10m,1821,1821_c,0,0,0,0,0,0,0,0,0,0,0,0,0,0,0,0.28587420044024675,0,0,0,0,0,0,0,0,0,0,0,0,0,0,0,0,0,0,0,0,0,0,0,0,0,0,0,0,0,0,0,0.6640316416483216,0.1768622012477694,0,3,0.9502586065540211,0.5636896641089102,0.8649626591252282,164.77733400000002,62.34273902530064,100.77947079766241
1821_d,10m,1821,1821_d,0,0,0,0,0,0,0,0,0,0,0,0,0,0,0,1.2189060329029737,0,0,0,0.6035710967520411,0,0,0,0,0,0,0,0,0,0,0,0,0,0,0,0,0,0,0,0,0,0,0,0,0,0.8198800185716207,0,0.17089554530408482,2.1325152055260433e-4,0,5,1.2227972677784684,0.6776692119610601,0.7597666603548069,451.65377,160.03370947870923,386.80366211598863
1920_a,10m,1920,1920_a,0,0,0.2806747019331235,1.3643678101818506,0,0,0,0,0,0,0.43424069337703436,0,0,0,0,0,0,0,0,0,0,0,0,0,0,0,0,0,0,0,0,0,0,0,0,0,0,0,0,0,0,0,0,0,0,0.5689746892033499,1.188030244090354,0,0,0,5,1.4516670514777263,0.7374490155980076,0.9019714524322577,497.700406,162.56252223492598,394.75694822216497
1920_b,10m,1920,1920_b,0,0,0.7193252980807606,1.002495177478698,0,0,0,0,0,0,0,0,0,0,0,0,0,0,0.11680358111635204,0,0,0,0,0,0,0,0,0,0,0,0,0,0,0,0,0,0,0,0.2317399766482254,0,0,0,0,0,0,1.5174297522638025,0,0,0,0,5,1.3308643660779875,0.6976161352222772,0.8269125238047856,515.442268,138.01027002308297,356.45142791392306
1920_c,10m,1920,1920_c,0,0,0,0.5907796252408786,0,0,0,0,0,0,0,0,0,0,0,0,0,0,0,0,0,0,0,0,0,0,0.4007953596054544,0,0,0,0,0,0,0,0,0,0,0,0.19456548223620712,0,0,0,0,0,0,0,0,0,0,0.03049092078600887,4,1.1021185555159485,0.6294785180008551,0.7950104872572833,501.5509840000001,164.48261324673516,174.3055465484135
1920_d,10m,1920,1920_d,0,0,0,0.8918778422997228,0,0,0,0,0,0,0.3617339140255126,0,0,0,0,0,0,0,0,0,0,0,0,0,0,0,0,0,0,0,0,0,0,0,0,0,0,0,0,0,0,0,0,0,0,0,0,0,0,4.706884528543639e-4,3,0.603961516157867,0.4110228805295495,0.5497494633799089,348.30521500000015,97.47382100540662,153.44654553186493
1624_a,10m,1624,1624_a,0,0,0,0,0,0,0,0,0,0,0,0,0,0,0,0,0,0,0.17513192468788233,0,0,0,0,0,0,2.4327318121990817,0,0,0,0,0,0,0,0,0,0,0,0,0,0,0,0,0,0,0,0,0,0.4969009189434544,0,0,3,0.6465557596653813,0.3572566080808186,0.5885204146489439,395.558611,96.67129769388778,425.9693221261142
1624_b,10m,1624,1624_b,0,0,0,0.507690210524346,0,0,0,0,0,0,0,0,0,0,0,0,0,0,0.8208908027820697,0,0,0,0,0,0,2.5118714516092475,0.27658972921711844,0,0,0,0,0,0,0,0,0,0,0,0,0,0,0,0,0,0,0,0,0,0,0,4,1.0624897785130565,0.5682834571689822,0.7664243672279999,460.8300459999999,141.69374081086463,429.216524200359
1624_c,10m,1624,1624_c,0,0,0,0.17682799141770014,0,0,0,0,0,0,0,0,0,0,0,0,0,0,0,0,0,0,0,0,0,2.0132798164848014,0,0,0,0,0,0,0,0,0,0,0,0,0,0,0,0,0,0,0,0,0,0,0,0,2,0.28057154067799733,0.14844109939640604,0.40477917035072286,271.824374,40.34990891929983,297.66234193780485
1624_d,10m,1624,1624_d,0,0,0,0.003699270963874549,0,0,0,0,0,0,0,0,0,0,0,0,0,0,0,0,0,0,0,0,0,0.8563855916318253,0,0,0,0,0,0,0,0,0,0,0,0,0,0,0,0,0,0,0,0,0,0,0,0,2,0.027727780539227975,0.008565108774554853,0.040002731478801706,271.824374,2.328205330885295,116.89601468097605
1723_a,10m,1723,1723_a,0.4273600828086842,0,0,0,0,0,0,0,0,0,0,0,0,0,0,0.2872404253223867,0,0,0,0,0,0,0,0,0.11367575509807458,0.35839403527174324,0,0,0,0,0,0,0,0,0,0,0,0,0,0,0,0,0,0,0,0,0,0,0,0,4,1.2974608852862022,0.7113221907981885,0.9359201924749041,512.80807,184.19397856061101,164.6945220743601
1723_b,10m,1723,1723_b,0.015824836767649442,0,0,0,0,0,0,0,0,0,0,0,0,0,0,0.5308721888062274,0,0,0,0,0,0,0,0,1.4435075665560062,1.1604136202524704,0,0,0,0,0,0,0,0,0,0,0,0,0,0,0,0,0,0,0,0,0,0,0,0,4,1.0521442920609672,0.6260123110024401,0.7589616762279933,512.80807,165.8113987906095,416.5671825435874
1723_c,10m,1723,1723_c,0,0,0,0,0,0,0,0,0,0,0,0,0,0,0,0.2967731446928149,0,0.05109149665540544,0,0,0,0,0,0,0.7756725794829797,0.12544765413710834,0,0,0,0,0,0,0,0,0,0,0,0,0,0,0,0,0,0,0,0,0,0,0,0.010937053678115871,5,1.0400755745038672,0.5538567047725653,0.646235289021411,584.5481140000002,139.63405939857904,198.77801545321782
1723_d,10m,1723,1723_d,0.01548890678614079,0,0,0,0,0,0,0,0,0,0,0,0,0,0,1.0231958763584652,0,0.0020529106482277434,0,0,0,0.10350530649459277,0,0,0.6610664811967887,0.5040840187892812,0,0,0,0,0,0,0,0,0,0,0,0,0,0,0,0,0,0,0,0,0,0,0,0.009665846132805625,7,1.2518102623853877,0.6747715694578098,0.6433032188012935,801.0062810000002,173.09721413984585,313.3800256387356
1822_a,10m,1822,1822_a,0,0,0,0,0,0,0,0,0,0,0,0,0,0,0,1.9475114486797147,0,0,0,0,0,0,0,0,0,0,0,0,0,0,0,0,0,0,0,0,0,0,1.0002337876978624,0,0,0,0,0,0,0,0,0.017579219262473664,0,0,3,0.6730978805844755,0.45485088079496483,0.6126800942673762,301.466658,100.61352892774534,298.7288488061042
1822_b,10m,1822,1822_b,0,0,0,0,0,0,0,0,0,0,0,0,0,0,0,0.04556227903172546,0,0,0,0,0,0,0,0,0,0,0,0,0,0,0,0,0,0,0,0,0,0,0,0,0,0,0,0,0,0,0,0.14749359379373725,0,0,2,0.5464318331113254,0.36061397880311785,0.7883344958135748,158.34128400000003,57.10008043203446,15.284357393462237
1822_c,10m,1822,1822_c,0.0015515695889814045,0,0,0,0,0,0,0,0,0,0,0,0,0,0,0,0,0,0,0,0,0,0,0,0,0,0,0,0,0,0,0,0,0,0,0,0,0,0,0,0,0,0,0,0,0,0,0,0,0,1,-0,0,0,1,0,0.0015515695889814045
1822_d,10m,1822,1822_d,0,0,0,0,0,0.3249864262453823,0,0,0,0,0,0,0,0,0,0.05635546199172312,0,0,0,0,0,0,0,0,0,0,0,0,0,0,0,0,0,0,0,0,0,0,0.08752451823214825,0,0,0,0,0,0,0,0,0,0,0,3,0.822018042961147,0.470274150819868,0.7482330676982608,320.175579,97.67291695486479,59.90863331847769
1921_a,10m,1921,1921_a,0,0,0,0.3296135725492783,0,0,0,0,0,0,0.13690073792511506,0,0,0,0,0,0,0,0,0,0,0,0,0,0,0,0,0,0,0,0,0,0,0,0,0,0,0,0,0,0,0,0,0,0,0.28715311914565894,0,0,0.3092671861773832,0.9047791774374133,5,1.413672785117446,0.7096732636827475,0.8783642874296526,458.9993240000001,133.21023672265983,213.79590363983613
1921_b,10m,1921,1921_b,0,0,0,0.5435308948386686,0,0,0,0,0,0,0,0,0,0,0,0.3468821408181395,0,0,0,0,0,0,0,0,0,0,0.09175687669826685,0,0,0,0,0,0,0,0,0,0,0,0,0,0,0,0,0,0,0.057628339608115,0,0,0,0.7999463405260365,5,1.2949538346242764,0.6846337597547305,0.8046000560939932,573.8316770000001,152.19803989803572,237.0038089578987
1921_c,10m,1921,1921_c,0,0,0,0.940905905466841,0,0,0,0,0,0,0,0,0,0,0,1.4975227909200703,0,0,0,0.6140640604250682,0,0,0,0,0,0,0,0,0,0,0,0,0,0,0.7544431765771527,0,0,0,0,0,0,0,0,0,0,0.1330629430695572,0,0,0,0.008091193501055345,6,1.4421219966420853,0.7374863778984706,0.80486361110925,648.4375740000002,171.30808058795463,440.6962730374151
1921_d,10m,1921,1921_d,0,0,0,0.5019627082343981,0,0,0,0,0,0,0.7109891518519618,0,0,0,0,0.40146173506484106,0,0,0,0,0,0,0,0,0,0,0,0,0,0,0,0,0,0,0.22764446742327163,0,0,0,0,0,0,0,0,0,0,0.5221555981904124,0,0,0.682842864433135,0.25622167925653333,7,1.873172628610487,0.8373264755684622,0.962620308815318,637.1317620000001,179.331912497296,372.61666850155314
1724_a,10m,1724,1724_a,0,0,0,0.0027037960042459955,0,0,0,0,0,0,0,0,0,0,0,0,0,0.21266966333342235,0,0,0,0.4616366989451734,0,0,0.5634647792907925,1.0472562532743708,0,0,0,0,0,0,0,0.05775326834565879,0,0,0,0,0,0,0,0,0,0,0,0,0,0,0,0.4784200655861082,7,1.567290365914039,0.7611362895176739,0.8054279210553047,852.1601700000002,196.29888543959487,376.36199850032847
1724_b,10m,1724,1724_b,0,0,0,0.2370961662224608,0,0,0,0,0,0,0,0,0,0,0,0,0,0.7341859294398845,0,0,0,0,0,0,0,0.5725899205523342,0,0,0,0,0,0,0,0,0,0,0,0,0,0,0,0,0,0,0,0,0,0,0,0.5009770346586041,4,1.3186198328130159,0.719213987671,0.9511831468085861,501.5509840000002,181.93058384941685,267.986561540595
1724_c,10m,1724,1724_c,0,0,0,1.540516300668474,0,0,0,0,0,0,0,0,0,0,0,0,0,0,0,0,0,0,0,0,0,0.49167252650364657,0,0,0,0,0,0,0,0,0,0,0,0,0,0,0,0,0,0,0,0,0,0,0,0,2,0.5533085043784709,0.36681249144884087,0.7982554353485093,271.824374,99.7085758634615,276.19922789792787
1724_d,10m,1724,1724_d,0,0,0,0.8279039102846787,0,0,0,0,0,0,0,0,0,0,0,0,0,0,0,0,0,0,0,0,0.021162349115822307,0.5775083811438427,0,0,0,0,0,0,0,0,0.9623812551290895,0,0,0,0,0,0,0,0,0,0,0,0,0,0,0,4,1.1186305159896133,0.659097818746389,0.8069213490026387,512.80807,169.12054569103208,310.70390505922126
1823_a,10m,1823,1823_a,0.045309762995724215,0,0,0,0,0,0,0,0,0,0,0,0,0,0,0,0,0,0,0,0,0,0,0,0,0,0,0,0,0,0,0,0,0,0,0,0,0,0,0,0,0,0,0,0,0,0,0,0,0,1,-0,0,0,1,0,0.045309762995724215
1823_b,10m,1823,1823_b,0.9962007861984601,0,0,0,0,0,0,0,0,0,0,0,0,0,0,0,0,0,0,0,0,0,0,0,0,0,0,0,0,0,0,0,0,0,0,0,0,0,0,0,0,0,0,0,0,0,0,0,0,0,1,-0,0,0,1,0,0.9962007861984601
1823_c,10m,1823,1823_c,0.6668037625169447,0,0,0,0,0,0,0,0,0,0,0,0,0,0,0,0,0,0,0,0,0.07324019991061115,0,0,0,0.025042333205999374,0,0,0,0,0,0,0,0.021376635156119865,0,0,0,0,0,0,0,0,0,0,0,0,0,0,0,0,4,0.5687514278481309,0.27072271046744156,0.4102674322275078,520.7275089999999,67.54294556020757,111.27642118797756
1823_d,10m,1823,1823_d,0.09623653954706547,0,0,0,0,0,0,0,0,0,0,0,0,0,0,0,0,0,0,0,0,0,0,0,0,0,0,0,0,0,0,0,0,0,0,0,0,0,0,0,0,0,0,0,0,0,0,0.2515194771992358,0,0,2,0.5898439166864393,0.4003061941198953,0.850964893502049,237.157208,94.93549934258037,41.23642299837702
1922_a,10m,1922,1922_a,0,0,0,0,0,0,0,0,0,0,0.5042671429464136,0,0,0,0,0,0,0,0.047050074133381935,0.009071329306578125,0,0,0,0,0,0,0,0,0,0,0,0,0,0,0,0,0,0,0.003882392217961357,0,0,0,0,0,0,0,0,0,0,0,4,0.4082800649498062,0.19411099488635675,0.29451181249845465,353.402486,46.78019969561626,191.72394342235773
1922_b,10m,1922,1922_b,0,0,0,0.059094094626132264,0,0,0,0,0,0,0,0,0,0,0,0.34971433199654445,0,0,0,0.7823648429233474,0,0,0,0,0,0,0,0,0,0,0,0,0,0,0.01791235612037617,0,0,0,0.15831556870919236,0,0,0,0,0,0,0,0,0,0,0,5,1.1103716938921604,0.5917866352112713,0.6899127237613308,576.156882,144.20667757727182,182.56251055115212
1922_c,10m,1922,1922_c,0,0,0,0,0,0.6750135738497207,0,0,0,0,0,0,0,0,0,0.020726428015004777,0,0,1.24457240033082,0,0,0.2924676791191287,0,0,0,0.065571713663269,0,0,0,0,0,0,0,0,0.5666632772256371,0,0,0,0.6540719925503046,0,0,0,0,0,0,0,0,0,0,0,7,1.6023507152153493,0.7703654855465404,0.8234453764441525,794.197008,180.17152201068723,430.20823846420365
1922_d,10m,1922,1922_d,0,0,0,0,0,0,0,0,0,0,0.26092828829750864,0,0,0,0,0,0,0,0.9397752261527519,0.6479401980061299,0,0.41889686629379635,0,0,0,0,0.032177253170770075,0,0,0,0,0,0,0,0,0,0,0,0.40127780998009915,0,0,0,0,0,0,0,0,0,0,0,6,1.5606671841358724,0.7657939704355171,0.8710249399760425,528.035131,141.76998325884793,299.5320816949311
1824_a,10m,1824,1824_a,0,0,0,0,0,0,0,0,0,0,0,0,0,0,0,0,0,0,0,0,0,0,0,0,0,0,0,0,0,0,0,0,0,0.003430380234508579,0,0,0,0,0,0,0,0,0,0,0,0,0,0.8682711263798083,0,0,2,0.02572015604586456,0.00783956604028857,0.037106341578259094,260.64906199999996,2.043375534888277,113.60409002150423
1824_b,10m,1824,1824_b,0,0,0,0,0,0,0,0,0,0,0,0,0,0,0,0,0,0,0,0,0,0.3616177946697827,0,0,0.4270595736968049,0.3823366428015636,0,0,0,0,0,0,0,1.2985886020813688,0,0,0,0,0,0,0,0,0,0,0,0,0,0,0,0,4,1.2115917904625406,0.6481909960553165,0.8739787338410437,524.553997,171.07280776621855,331.24738065482836
1824_c,10m,1824,1824_c,0,0,0,0,0,0,0,0,0,0,0,0,0,0,0,0,0,0,0,0,0,0,0,0,0.9883132980399877,0.9213144469032599,0,0,0,0,0,0,0,0.618851114201118,0.037618744890658765,0,0,0,0,0,0,0,0,0,0,0,0,0,0,0,4,1.1401586877809544,0.6643852120519576,0.8224506423440254,524.553997,178.13603788635595,344.95574371107926
1824_d,10m,1824,1824_d,0,0,0,0,0,0,0,0,0,0,0,0,0,0,0,0,0,0,0,0,0,0,0,0,0,0.20272240481974813,0,0,0,0,0,0,0,0,0,0,0,0,0,0,0,0,0,0,0,0,0,0.9360369744410136,0,0,2,0.46837841819804915,0.2926582795928201,0.6757272211937425,271.824374,79.5516536462353,154.77127770209256
1923_a,10m,1923,1923_a,0.3598762573743435,0,0,0,0,0,0,0,0,0,0,0,0,0,0,0,0,0,0,0,0,0.17546419985268438,0,0,0.6062956238881858,0.01180621996926037,0.9678227468662068,0,0,0,0,0,0,0,0,0,0,0,0.5082593814973035,0,0,0,0,0,0,0,0,0,0,0,6,1.5009577809577943,0.7508039508318316,0.8377004875573243,675.9590679999999,194.24628247109283,356.4250246334814
1923_b,10m,1923,1923_b,0.11211551186080504,0,0,0,0,0,0,0,0,0,0,0,0,0,0,0,0,0,0.7554275998118096,0,0,0.11317125479007863,0,0,0.5311964158532492,0.922622066404215,0,0,0,0,0,0,0,0,0.4333367228047219,0,0,0,0.12976793816241017,0,0,0,0,0,0,0,0,0,0,0,7,1.6787837378976571,0.7847644697745606,0.8627241801029001,845.569878,203.40200766055884,407.1594071014539
1923_c,10m,1923,1923_c,0.1283476803920144,0,0,0,0,0,0,0,0,0,0,0,0,0,0,0,0,0,0,0,0,0,0,0,0.01679721774705307,0,0,0,0,0,0,0,0,0,0,0,0,0,0,0,0,0,0,0,0,0,0,0,0,0,2,0.3583244611728264,0.2046688842756581,0.5169529231632466,244.810184,50.105027218598586,17.766474610043183
1923_d,10m,1923,1923_d,0.7237581232571886,0,0,0,0,0,0,0,0,0,0,0,0,0,0,0,0,0,0,0,0,0,0,0,1.5772387174765945,0.9893812592262634,0,0,0,0,0,0,0,0,0,0,0,0,0,0,0,0,0,0,0,0,0,0,0,0,3,1.0468981992198472,0.631427458586542,0.9529278072149023,394.229466,165.94070165853034,429.62979569998345
1924_a,10m,1924,1924_a,1.2350772985562428,0,0,0,0,0,0,0,0,0,0,0,0,0,0,0,0,0,0,0,0,0.39974213977548023,0,0,0.26847202493094857,0.8115177591261706,0,0,0,0,0,0,0,0,0,0,0,0,0,0,0,0,0,0,0,0,0,0,0,0,4,1.230155706065526,0.6722135652271675,0.8873697683309978,512.80807,174.86202762395294,354.3456861327159
1924_b,10m,1924,1924_b,0,0,0,0,0,0,0,0,0,0,0,0,0,0,0,0,0,0,0,0,0,0.008393345269644591,0,0,0,0.021750689423883175,0,0,0,0,0,0,0,0,0,0,0,0,0,0,0,0,0,0,0,0,0,0.3686548491516061,0,0,3,0.312564726208515,0.14204309059885845,0.28450867465486784,382.972382,36.68355505687456,69.62851849827646
1924_c,10m,1924,1924_c,0,0,0,0,0,0,0,0,0,0,0,0,0,0,0,0,0,0,0,0,0,0.6275583166240611,0,0,0,0,0,0,0,0,0,0,0,0,0,0,0,0,0,0,0,0,0,0,0,0,0,0.575517572807345,0,0,2,0.6922113300859795,0.4990644415011858,0.9986498531621959,222.29601599999998,110.94003707297867,133.71948858312902
1924_d,10m,1924,1924_d,0.4344667985489277,0,0,0,0,0,0,0,0,0,0,0,0,0,0,0,0,0,0,0,0,0.8517199343910569,0,0,0,0.1773502922210251,0,0,0,0,0,0,0,0,0,0,0,0,0,0,0,0,0,0,0,0,0,0,0,0,3,0.9313280930363683,0.5585118647883782,0.8477313631412711,390.40297799999996,139.8388620740191,193.9518763561928
1904_a,10m,1904,1904_a,0,0,0,0,0,0,0.3278193384649565,0,0,0,0,0,0,0,0.8676423941539468,0,0,0,0,0,0,0,0,0,0,0,0,0,0,0,0,0,0,0,0,0.23519759001122584,0,0,0,0,0,0.28777371601610385,0.0017808336912319596,0,0,0,0,0,0,0,5,1.2394120996462048,0.6626029655599841,0.7700900358260657,302.87617900000015,118.93964790658433,212.91446127910925
1904_b,10m,1904,1904_b,0,0,0,0,0,0,0,0,0,0,0,0,0,0,0,0,0,0,0.09257028059742047,0,0,0,0,0,0,0,0,0,0,0,0,0,0,0,0,0.0034748709392356416,0,0,0,0,0,0,0.15565370464945213,0,0,0,0,0,0,0,3,0.7242134431606091,0.48211193607455827,0.6592074844152719,259.245173,115.48411170466402,125.28566037560446
1904_c,10m,1904,1904_c,0,0,0,0,0,0,0,0,0.5062295011580369,0,0,0.6212493329054982,0,0,0,0,0,0,0,0,0,0,0,0,0,0,0,0,0,0,0,0,0,0,0,0.32878816550668377,0,0,0,0,0,0,0.7628234191297596,0,0,0,0,0,0,0,4,1.3435353267059438,0.7294633923022291,0.9691558765488992,214.11128800000014,101.9330024146332,197.67623992007393
1904_d,10m,1904,1904_d,0,0,0,0,0,0,0,0,0,0,0,0.16283578274436705,0,0,0,0,0,0,0.6521449920923547,0,0,0,0,0,0,0,0,0,0,0,0,0,0,0,0,1.4225982384034679,0,0,0,0,0,0.7122262839882175,0.6105114560449014,0,0,0,0,0,0,0,5,1.4428261846842267,0.7352774430782223,0.8964783130416685,361.81606100000016,95.49635418312594,238.6327743054709
1902_a,10m,1902,1902_a,0,0,1.0000000000019655,0,0,0,0,0,0,0,0,0,0,0,0,0,0,0,0,0,0,0,0,0,0,0,0,0,0,0,0,0,0,0,0,0,0,0,1.023073580331984,0,0.10205087944836795,0.4379894586391666,0,0,0,0,0,0,0,0,4,1.1640604660088578,0.657674013322634,0.8396921308029375,260.7106050000001,117.13727920439842,243.78883101811945
1902_b,10m,1902,1902_b,0,0,0,0,0,0,0,0,0,0,0.1201376235331792,0,0,0,0,0,0,0,0,0,0,0,0,0,0,0,0,0,0,0,0,0,0,0,0,0.33679194999603124,0,0,0,0,0.33668861230486324,0,0.014921238597787715,0,0,0,0,0,0,0,4,1.086575304191951,0.6306708964022956,0.7837984014550724,219.31252300000006,58.42531110379106,105.96898255483923
1902_c,10m,1902,1902_c,0,0,0.4483509697682254,0,0,0,0,0,0,0,0.34857128236567325,0,0,0,0,0,0.8590853456202998,0,0,0,0,0,0,0,0,0,0,0,0,0,0,0,0,0,0,1.449177216522378,0,0,0,0,0.11724585471496536,0,0,0,0,0,0,0,0,0,5,1.3473874702733246,0.6942997694768478,0.8371789056687171,475.703339,157.34658844212902,323.98593754704507
1902_d,10m,1902,1902_d,0,0,0.9999999999801175,0,0,0,0,0,0,0,0,0,0,0,0,0,0,0,0,0,0,0,0,0,0,0,0,0,0,0,0,0,0,0,0,0,0,0,0.036031461291786235,0,0.00540765120672713,0,0,0,0,0,0,0,0,0,3,0.18268886327970002,0.07677325039945371,0.16629056962505018,248.9339060000001,18.130582639558163,225.86852494695685
1918_a,10m,1918,1918_a,0,0,0,0,0,0,0.2801461710249174,0,0,0,0.7291871609944651,0,0,0,0,0,0,0.5205279808003808,0,0,0,0,0,0,0.12067049495593347,0,0,0,0,0,0,0,0,0,0,0,0,0,0,0,0,0,0,0,0,0,0,0,0,0,4,1.2171124224812666,0.6712104930152529,0.8779610280590382,433.33877500000006,135.87473376884847,188.97088302033106
1918_b,10m,1918,1918_b,0,0,0,0,0,0,0,0,0,0,0.025487445421942048,0,0,0,0,0,0,1.680871839622409,0,0,0,0,0,0,0,0.11793630128314975,0,0,0,0,0,0,0,0,0,0,0,0,0.01529090439312118,0,0,0,0,0,0,0,0,0,0,0,4,0.35766653182260155,0.16073974931485224,0.25800186587621093,409.93534400000004,38.84276886140384,182.44347336198646
1918_c,10m,1918,1918_c,0,0,0,0,0,0,0,0,0,0,4.2002738314447444e-4,0,0,0,0,0,0,1.1777838308285518,0.018368803926862763,0,0,0,0,0,0.025946084772077892,0,0,0,0,0,0,0,0,0,0,0,0,0,0.9806360249618711,0,0,0,0,0.14441129248815995,0,0,0,0,0,0,6,0.9715158714380828,0.5698315004347863,0.5422133317127894,519.761235,49.12330441834475,178.08067720321833
1918_d,10m,1918,1918_d,0,0,0,0,0,0,0.7198538289182905,0,0,0,0.2449053662158379,0,0,0,0,0,0,0.10661156423128601,0.3358187025884727,0,0,0,0,0,1.228145409036211,0,0,0,0,0,0,0,0,0,0,0,0,0,0,0,0,0,0,0.053703302926052326,0,0,0,0,0,0,6,1.3948766850723597,0.6938796637590792,0.7784955006674615,598.6335650000001,164.99428493988768,376.5210619426664
