scale,quad_id,sample_rule,sample_size,sample_fraction,n_boot,metric_mean,metric_median,metric_sd,metric_min,metric_max,metric_method,metric_n_points_min,metric_n_points_max,metric_cv,metric_se,ci_low,ci_high,fixed_4000_mean,delta_from_fixed_4000,rule_type,rule_value,rule_label,rule_axis_label,sample_label,plot_sample_label,source_n_pixels,source_method,selection_note
10m,1104_b,pct_1,94,0.009975591637482755,50,151.7970743289692,152.69246737665844,38.27709308621927,97.9448410750962,313.015596659031,squared_euclidean_pc1_pc3,94,94,0.2521596233354704,5.413198417074871,140.91884483634834,162.67530382159003,147.837081918909,3.959992410060181,percent,0.01,1% of pixels,1%,1% of pixels = 94 pixels (1.0%),"1%
94 px",9423,bootstrap_mean,Additional random bootstrap-mean quadrat selected with seed 20260703
10m,1104_b,pct_2,188,0.01995118327496551,50,143.39032228372042,140.74198065086966,22.937218905238186,106.17673257551952,200.77312007390407,squared_euclidean_pc1_pc3,188,188,0.15996350757796102,3.24381260589084,136.8716367970345,149.90900777040633,147.837081918909,-4.4467596351885845,percent,0.02,2% of pixels,2%,2% of pixels = 188 pixels (2.0%),"2%
188 px",9423,bootstrap_mean,Additional random bootstrap-mean quadrat selected with seed 20260703
10m,1104_b,pct_3,283,0.030032898227740634,50,146.12077676788212,146.0625720378368,20.487516245554612,105.32679208214677,216.3920729639819,squared_euclidean_pc1_pc3,283,283,0.14020946711842175,2.8973723333802446,140.29828907397783,151.9432644617864,147.837081918909,-1.7163051510268872,percent,0.03,3% of pixels,3%,3% of pixels = 283 pixels (3.0%),"3%
283 px",9423,bootstrap_mean,Additional random bootstrap-mean quadrat selected with seed 20260703
10m,1104_b,fixed_1250,1250,0.13265414411546217,50,146.1750339766065,145.56505821498575,9.035812127796973,128.78757001563653,165.29874037636546,squared_euclidean_pc1_pc3,1250,1250,0.061815016436001256,1.2778568058185773,143.60708458303642,148.74298337017657,147.837081918909,-1.6620479423025074,fixed,1250,"Fixed 1,250","1,250","Fixed 1,250 (13.3%)","1,250
13.3%",9423,bootstrap_mean,Additional random bootstrap-mean quadrat selected with seed 20260703
10m,1104_b,fixed_2000,2000,0.21224663058473947,50,147.62904195437804,147.43300711917465,6.257852066981278,137.5218591870098,167.92943070110374,squared_euclidean_pc1_pc3,2000,2000,0.04238903121050632,0.8849939264449429,145.85058007478452,149.40750383397156,147.837081918909,-0.2080399645309683,fixed,2000,"Fixed 2,000","2,000","Fixed 2,000 (21.2%)","2,000
21.2%",9423,bootstrap_mean,Additional random bootstrap-mean quadrat selected with seed 20260703
10m,1104_b,fixed_3000,3000,0.3183699458771092,50,147.22886813035683,146.63764631926904,5.195275394100033,136.23842244523178,159.88579151559603,squared_euclidean_pc1_pc3,3000,3000,0.03528707012472664,0.7347228922599492,145.75238719991927,148.7053490607944,147.837081918909,-0.6082137885521774,fixed,3000,"Fixed 3,000","3,000","Fixed 3,000 (31.8%)","3,000
31.8%",9423,bootstrap_mean,Additional random bootstrap-mean quadrat selected with seed 20260703
10m,1104_b,fixed_4000,4000,0.42449326116947894,50,147.837081918909,147.99553914324088,4.138598993246699,137.396512365243,156.9618783120871,squared_euclidean_pc1_pc3,4000,4000,0.027994322801344163,0.5852862825473119,146.6609050988705,149.0132587389475,147.837081918909,0,fixed,4000,"Fixed 4,000","4,000","Fixed 4,000 (42.4%)","4,000
42.4%",9423,bootstrap_mean,Additional random bootstrap-mean quadrat selected with seed 20260703
10m,1110_a,pct_1,76,0.009934640522875817,50,68.1216609089342,64.70127339481782,14.785963757415908,43.600526577978066,134.249235233219,squared_euclidean_pc1_pc3,76,76,0.21705230847471482,2.0910510478494624,63.91953650360277,72.32378531426563,68.78386958422641,-0.6622086752922058,percent,0.01,1% of pixels,1%,1% of pixels = 76 pixels (1.0%),"1%
76 px",7650,bootstrap_mean,Additional random bootstrap-mean quadrat selected with seed 20260703
10m,1110_a,pct_2,153,0.02,50,67.88381160588601,65.86407641820627,9.979359286506883,54.65007062962998,104.63776631124642,squared_euclidean_pc1_pc3,153,153,0.14700646664397968,1.4112945246771926,65.04770907679864,70.71991413497338,68.78386958422641,-0.9000579783403992,percent,0.02,2% of pixels,2%,2% of pixels = 153 pixels (2.0%),"2%
153 px",7650,bootstrap_mean,Additional random bootstrap-mean quadrat selected with seed 20260703
10m,1110_a,pct_3,230,0.030065359477124184,50,69.03955116891376,67.43692901918625,9.506826477754505,53.78519852749863,107.19481473519014,squared_euclidean_pc1_pc3,230,230,0.1377011628377317,1.344468293996806,66.33774097819239,71.74136135963514,68.78386958422641,0.2556815846873519,percent,0.03,3% of pixels,3%,3% of pixels = 230 pixels (3.0%),"3%
230 px",7650,bootstrap_mean,Additional random bootstrap-mean quadrat selected with seed 20260703
10m,1110_a,fixed_1250,1250,0.16339869281045752,50,68.17621192526879,67.86104284620484,3.498722608239384,62.97380774136458,79.20064782053309,squared_euclidean_pc1_pc3,1250,1250,0.051318817948913055,0.4947940963553506,67.18188596175534,69.17053788878223,68.78386958422641,-0.6076576589576206,fixed,1250,"Fixed 1,250","1,250","Fixed 1,250 (16.3%)","1,250
16.3%",7650,bootstrap_mean,Additional random bootstrap-mean quadrat selected with seed 20260703
10m,1110_a,fixed_2000,2000,0.26143790849673204,50,69.80666629507157,70.07125789633778,3.0509559848213628,63.079004075180656,76.621239913285,squared_euclidean_pc1_pc3,2000,2000,0.04370579697825742,0.43147033319377337,68.93959419792945,70.67373839221368,68.78386958422641,1.0227967108451566,fixed,2000,"Fixed 2,000","2,000","Fixed 2,000 (26.1%)","2,000
26.1%",7650,bootstrap_mean,Additional random bootstrap-mean quadrat selected with seed 20260703
10m,1110_a,fixed_3000,3000,0.39215686274509803,50,69.10573311254856,69.39504683126088,1.5406457209107045,65.03716977227107,72.60467292814313,squared_euclidean_pc1_pc3,3000,3000,0.022294036276289012,0.21788020733239924,68.66788644323279,69.54357978186434,68.78386958422641,0.3218635283221545,fixed,3000,"Fixed 3,000","3,000","Fixed 3,000 (39.2%)","3,000
39.2%",7650,bootstrap_mean,Additional random bootstrap-mean quadrat selected with seed 20260703
10m,1110_a,fixed_4000,4000,0.5228758169934641,50,68.78386958422641,68.64712111360518,1.4184766282355479,65.91782196618226,71.38175527054068,squared_euclidean_pc1_pc3,4000,4000,0.02062222781023699,0.20060288855599703,68.38074298688768,69.18699618156514,68.78386958422641,0,fixed,4000,"Fixed 4,000","4,000","Fixed 4,000 (52.3%)","4,000
52.3%",7650,bootstrap_mean,Additional random bootstrap-mean quadrat selected with seed 20260703
10m,1124_a,pct_1,83,0.009998795325864354,50,72.39474473965373,73.25507849788171,9.316094203818736,54.2854371893973,89.2954509982393,squared_euclidean_pc1_pc3,83,83,0.12868467507304998,1.3174946771385836,69.74714006142645,75.04234941788101,73.47210417281192,-1.0773594331581933,percent,0.01,1% of pixels,1%,1% of pixels = 83 pixels (1.0%),"1%
83 px",8301,bootstrap_mean,Additional random bootstrap-mean quadrat selected with seed 20260703
10m,1124_a,pct_2,166,0.01999759065172871,50,72.87965714103589,73.09217434574217,6.828111953002558,60.36954744656758,88.50995922158116,squared_euclidean_pc1_pc3,166,166,0.09369023155239153,0.9656408529338057,70.93912919501976,74.82018508705202,73.47210417281192,-0.5924470317760324,percent,0.02,2% of pixels,2%,2% of pixels = 166 pixels (2.0%),"2%
166 px",8301,bootstrap_mean,Additional random bootstrap-mean quadrat selected with seed 20260703
10m,1124_a,pct_3,249,0.029996385977593062,50,73.38593848702669,72.14302221320229,5.958501489132644,64.47520657031639,90.63794621274477,squared_euclidean_pc1_pc3,249,249,0.08119404905050032,0.8426593617351668,71.69255110034857,75.07932587370482,73.47210417281192,-0.08616568578523243,percent,0.03,3% of pixels,3%,3% of pixels = 249 pixels (3.0%),"3%
249 px",8301,bootstrap_mean,Additional random bootstrap-mean quadrat selected with seed 20260703
10m,1124_a,fixed_1250,1250,0.15058426695578847,50,73.62765735584203,73.76744980887943,2.374715012092722,67.68467193539522,78.02399828368334,squared_euclidean_pc1_pc3,1250,1250,0.03225302960021855,0.33583541768725156,72.95277081670677,74.30254389497729,73.47210417281192,0.1555531830301078,fixed,1250,"Fixed 1,250","1,250","Fixed 1,250 (15.1%)","1,250
15.1%",8301,bootstrap_mean,Additional random bootstrap-mean quadrat selected with seed 20260703
10m,1124_a,fixed_2000,2000,0.24093482712926154,50,73.06864779253887,73.19976746058416,1.7363189799789227,68.96994023794188,77.69019527443896,squared_euclidean_pc1_pc3,2000,2000,0.02376284538491515,0.2455525850092011,72.57519139829131,73.56210418678643,73.47210417281192,-0.40345638027305597,fixed,2000,"Fixed 2,000","2,000","Fixed 2,000 (24.1%)","2,000
24.1%",8301,bootstrap_mean,Additional random bootstrap-mean quadrat selected with seed 20260703
10m,1124_a,fixed_3000,3000,0.3614022406938923,50,73.71915848961797,73.78973206174805,1.308512836937986,71.0758885062517,76.2004481027774,squared_euclidean_pc1_pc3,3000,3000,0.0177499698008933,0.18505166005369938,73.3472832559844,74.09103372325154,73.47210417281192,0.24705431680604306,fixed,3000,"Fixed 3,000","3,000","Fixed 3,000 (36.1%)","3,000
36.1%",8301,bootstrap_mean,Additional random bootstrap-mean quadrat selected with seed 20260703
10m,1124_a,fixed_4000,4000,0.4818696542585231,50,73.47210417281192,73.55777777663337,1.0294609158711026,70.96436735952618,75.48787169175989,squared_euclidean_pc1_pc3,4000,4000,0.014011588853501908,0.1455877589157941,73.17953461766561,73.76467372795824,73.47210417281192,0,fixed,4000,"Fixed 4,000","4,000","Fixed 4,000 (48.2%)","4,000
48.2%",8301,bootstrap_mean,Additional random bootstrap-mean quadrat selected with seed 20260703
10m,112_b,pct_1,73,0.00994550408719346,50,501.2867655088827,466.85519240694384,181.61061243553485,222.768106891134,977.9632735026055,squared_euclidean_pc1_pc3,73,73,0.36228886324411996,25.683619117721726,449.67360053004995,552.8999304877154,526.8195978349801,-25.532832326097378,percent,0.01,1% of pixels,1%,1% of pixels = 73 pixels (1.0%),"1%
73 px",7340,bootstrap_mean,Original random bootstrap-mean quadrat selected with seed 20260703
10m,112_b,pct_2,147,0.02002724795640327,50,523.506769181614,493.945057126992,143.42125815240848,256.13464717135065,935.5295640175715,squared_euclidean_pc1_pc3,147,147,0.2739625666667417,20.28282884117489,482.7468986034582,564.2666397597698,526.8195978349801,-3.3128286533660685,percent,0.02,2% of pixels,2%,2% of pixels = 147 pixels (2.0%),"2%
147 px",7340,bootstrap_mean,Original random bootstrap-mean quadrat selected with seed 20260703
10m,112_b,pct_3,220,0.02997275204359673,50,547.3520992618479,539.5979119138087,131.14609201221484,285.7511594707383,853.6593993941775,squared_euclidean_pc1_pc3,220,220,0.2396009665242479,18.546858197590403,510.0807923014228,584.623406222273,526.8195978349801,20.53250142686784,percent,0.03,3% of pixels,3%,3% of pixels = 220 pixels (3.0%),"3%
220 px",7340,bootstrap_mean,Original random bootstrap-mean quadrat selected with seed 20260703
10m,112_b,fixed_1250,1250,0.17029972752043596,50,519.3313304311982,518.8351667575948,43.521773228903925,430.60726903973244,642.3555878891211,squared_euclidean_pc1_pc3,1250,1250,0.08380348089680631,6.1549081958842216,506.9625793339455,531.7000815284509,526.8195978349801,-7.488267403781833,fixed,1250,"Fixed 1,250","1,250","Fixed 1,250 (17.0%)","1,250
17.0%",7340,bootstrap_mean,Original random bootstrap-mean quadrat selected with seed 20260703
10m,112_b,fixed_2000,2000,0.2724795640326976,50,524.1845431777226,522.944420068717,33.00779071784196,442.66998767193394,584.2262404025255,squared_euclidean_pc1_pc3,2000,2000,0.06296979021499076,4.668006529714485,514.8038328488508,533.5652535065944,526.8195978349801,-2.635054657257456,fixed,2000,"Fixed 2,000","2,000","Fixed 2,000 (27.2%)","2,000
27.2%",7340,bootstrap_mean,Original random bootstrap-mean quadrat selected with seed 20260703
10m,112_b,fixed_3000,3000,0.4087193460490463,50,517.0891113584515,519.919605058702,22.846111919231287,468.3017447507438,571.017926038382,squared_euclidean_pc1_pc3,3000,3000,0.04418215626163925,3.2309281323670507,510.5963181907025,523.5819045262006,526.8195978349801,-9.73048647652854,fixed,3000,"Fixed 3,000","3,000","Fixed 3,000 (40.9%)","3,000
40.9%",7340,bootstrap_mean,Original random bootstrap-mean quadrat selected with seed 20260703
10m,112_b,fixed_4000,4000,0.5449591280653951,50,526.8195978349801,523.7381679806997,20.330270539947982,473.25441848323453,567.4949064221299,squared_euclidean_pc1_pc3,4000,4000,0.03859057374383441,2.8751344324308623,521.0417988761494,532.5973967938107,526.8195978349801,0,fixed,4000,"Fixed 4,000","4,000","Fixed 4,000 (54.5%)","4,000
54.5%",7340,bootstrap_mean,Original random bootstrap-mean quadrat selected with seed 20260703
10m,114_b,pct_1,72,0.009946125155408206,50,316.87809483220354,290.596454104427,163.53434428922168,114.09032659179508,886.9716603083345,squared_euclidean_pc1_pc3,72,72,0.5160796752953782,23.12724876076084,270.40214841965064,363.35404124475644,339.54060144372914,-22.6625066115256,percent,0.01,1% of pixels,1%,1% of pixels = 72 pixels (1.0%),"1%
72 px",7239,bootstrap_mean,Additional random bootstrap-mean quadrat selected with seed 20260703
10m,114_b,pct_2,145,0.02003039093797486,50,360.2585499781703,338.436440611602,115.36044566171914,154.97637016898076,623.5842095952943,squared_euclidean_pc1_pc3,145,145,0.3202157052725309,16.314430681620767,327.47347407252374,393.0436258838169,339.54060144372914,20.717948534441177,percent,0.02,2% of pixels,2%,2% of pixels = 145 pixels (2.0%),"2%
145 px",7239,bootstrap_mean,Additional random bootstrap-mean quadrat selected with seed 20260703
10m,114_b,pct_3,217,0.029976516093383063,50,329.2771991766551,316.0344903072196,78.27870943886131,176.75599308804624,537.0001412664374,squared_euclidean_pc1_pc3,217,217,0.2377289093644935,11.070281253350048,307.0306361018668,351.5237622514434,339.54060144372914,-10.26340226707407,percent,0.03,3% of pixels,3%,3% of pixels = 217 pixels (3.0%),"3%
217 px",7239,bootstrap_mean,Additional random bootstrap-mean quadrat selected with seed 20260703
10m,114_b,fixed_1250,1250,0.17267578394805913,50,338.70377377822155,337.5441243069579,37.18211745880278,244.16438897026737,420.9500127884322,squared_euclidean_pc1_pc3,1250,1250,0.10977768875746009,5.258345478798833,328.1367329157569,349.2708146406862,339.54060144372914,-0.8368276655075988,fixed,1250,"Fixed 1,250","1,250","Fixed 1,250 (17.3%)","1,250
17.3%",7239,bootstrap_mean,Additional random bootstrap-mean quadrat selected with seed 20260703
10m,114_b,fixed_2000,2000,0.2762812543168946,50,333.35397208345853,337.9890055731733,26.028538458200877,279.02505957272024,394.1126408865152,squared_euclidean_pc1_pc3,2000,2000,0.07808078090542257,3.6809912096337367,325.95674330048814,340.7512008664289,339.54060144372914,-6.186629360270615,fixed,2000,"Fixed 2,000","2,000","Fixed 2,000 (27.6%)","2,000
27.6%",7239,bootstrap_mean,Additional random bootstrap-mean quadrat selected with seed 20260703
10m,114_b,fixed_3000,3000,0.4144218814753419,50,339.3484062516846,336.92365925931597,19.853849592278,285.1954520942277,384.2270891171991,squared_euclidean_pc1_pc3,3000,3000,0.05850579883835668,2.807758335871509,333.706004628074,344.99080787529516,339.54060144372914,-0.19219519204455082,fixed,3000,"Fixed 3,000","3,000","Fixed 3,000 (41.4%)","3,000
41.4%",7239,bootstrap_mean,Additional random bootstrap-mean quadrat selected with seed 20260703
10m,114_b,fixed_4000,4000,0.5525625086337892,50,339.54060144372914,338.24719035299205,15.907616566425254,295.6872456112238,373.33971040193364,squared_euclidean_pc1_pc3,4000,4000,0.04685041052170477,2.249676709326952,335.0197068371193,344.061496050339,339.54060144372914,0,fixed,4000,"Fixed 4,000","4,000","Fixed 4,000 (55.3%)","4,000
55.3%",7239,bootstrap_mean,Additional random bootstrap-mean quadrat selected with seed 20260703
10m,11_c,pct_1,62,0.010001613163413454,50,83.68322026098228,76.22778362391034,22.941456530636465,54.268552036573894,142.45247123539232,squared_euclidean_pc1_pc3,62,62,0.27414643531987776,3.24441189662189,77.16333045448341,90.20311006748115,82.86239346014662,0.8208268008356612,percent,0.01,1% of pixels,1%,1% of pixels = 62 pixels (1.0%),"1%
62 px",6199,bootstrap_mean,Additional random bootstrap-mean quadrat selected with seed 20260703
10m,11_c,pct_2,124,0.020003226326826908,50,83.52862661414935,77.74467682817654,17.393389195843945,59.00573259291934,145.5293579706752,squared_euclidean_pc1_pc3,124,124,0.2082326730474171,2.459796689639617,78.58548009827709,88.4717731300216,82.86239346014662,0.6662331540027253,percent,0.02,2% of pixels,2%,2% of pixels = 124 pixels (2.0%),"2%
124 px",6199,bootstrap_mean,Additional random bootstrap-mean quadrat selected with seed 20260703
10m,11_c,pct_3,186,0.03000483949024036,50,83.13366254023626,81.4582480002195,12.136118829980536,59.76141816273554,119.4093715625827,squared_euclidean_pc1_pc3,186,186,0.14598320895710226,1.716306384392997,79.68461573083327,86.58270934963925,82.86239346014662,0.27126908008963824,percent,0.03,3% of pixels,3%,3% of pixels = 186 pixels (3.0%),"3%
186 px",6199,bootstrap_mean,Additional random bootstrap-mean quadrat selected with seed 20260703
10m,11_c,fixed_1250,1250,0.20164542668172286,50,82.81864775489149,82.90013532411285,4.355115758186223,73.5852299592903,92.4317682136336,squared_euclidean_pc1_pc3,1250,1250,0.05258617323812798,0.6159063770931741,81.58093755109506,84.05635795868791,82.86239346014662,-0.04374570525513377,fixed,1250,"Fixed 1,250","1,250","Fixed 1,250 (20.2%)","1,250
20.2%",6199,bootstrap_mean,Additional random bootstrap-mean quadrat selected with seed 20260703
10m,11_c,fixed_2000,2000,0.32263268269075657,50,82.29471216913916,81.67344090197896,3.4850302849982047,75.62619681295568,92.22515245503521,squared_euclidean_pc1_pc3,2000,2000,0.04234816786083984,0.49285770943254337,81.30427752083529,83.28514681744304,82.86239346014662,-0.5676812910074602,fixed,2000,"Fixed 2,000","2,000","Fixed 2,000 (32.3%)","2,000
32.3%",6199,bootstrap_mean,Additional random bootstrap-mean quadrat selected with seed 20260703
10m,11_c,fixed_3000,3000,0.4839490240361349,50,82.63098283937046,82.24541305111829,2.067591909139162,79.73359744908726,89.31705883438394,squared_euclidean_pc1_pc3,3000,3000,0.025021993422956534,0.2924016519357483,82.0433797203447,83.21858595839622,82.86239346014662,-0.2314106207761597,fixed,3000,"Fixed 3,000","3,000","Fixed 3,000 (48.4%)","3,000
48.4%",6199,bootstrap_mean,Additional random bootstrap-mean quadrat selected with seed 20260703
10m,11_c,fixed_4000,4000,0.6452653653815131,50,82.86239346014662,82.86083272372942,1.7258191730493904,78.5916709751112,86.36816695320996,squared_euclidean_pc1_pc3,4000,4000,0.02082753226141649,0.24406768807299672,82.37192107801174,83.3528658422815,82.86239346014662,0,fixed,4000,"Fixed 4,000","4,000","Fixed 4,000 (64.5%)","4,000
64.5%",6199,bootstrap_mean,Additional random bootstrap-mean quadrat selected with seed 20260703
10m,120_d,pct_1,71,0.010045274476513865,50,105.544000078022,102.95120241220678,16.668217373374627,62.663549312547424,161.74766856668748,squared_euclidean_pc1_pc3,71,71,0.1579267164505123,2.3572419070009243,100.80694511378962,110.28105504225437,111.09205940392765,-5.548059325905655,percent,0.01,1% of pixels,1%,1% of pixels = 71 pixels (1.0%),"1%
71 px",7068,bootstrap_mean,Additional random bootstrap-mean quadrat selected with seed 20260703
10m,120_d,pct_2,141,0.019949066213921902,50,110.84883854788504,109.38479436099406,12.077635599345866,86.88237960613034,145.10978755175296,squared_euclidean_pc1_pc3,141,141,0.10895590569610261,1.7080356065995028,107.41641248872766,114.28126460704242,111.09205940392765,-0.2432208560426119,percent,0.02,2% of pixels,2%,2% of pixels = 141 pixels (2.0%),"2%
141 px",7068,bootstrap_mean,Additional random bootstrap-mean quadrat selected with seed 20260703
10m,120_d,pct_3,212,0.029994340690435765,50,111.2543695058116,110.44245335011672,9.738425662432112,94.74959629578434,140.5549100177268,squared_euclidean_pc1_pc3,212,212,0.08753297246382225,1.3772213647973686,108.48673955506946,114.02199945655373,111.09205940392765,0.16231010188394634,percent,0.03,3% of pixels,3%,3% of pixels = 212 pixels (3.0%),"3%
212 px",7068,bootstrap_mean,Additional random bootstrap-mean quadrat selected with seed 20260703
10m,120_d,fixed_1250,1250,0.17685342388228636,50,111.40719198242564,110.76226812587866,4.635156498354152,97.45212352077321,121.28588647104954,squared_euclidean_pc1_pc3,1250,1250,0.041605541041599386,0.6555101183694226,110.08989508086279,112.7244888839885,111.09205940392765,0.3151325784979946,fixed,1250,"Fixed 1,250","1,250","Fixed 1,250 (17.7%)","1,250
17.7%",7068,bootstrap_mean,Additional random bootstrap-mean quadrat selected with seed 20260703
10m,120_d,fixed_2000,2000,0.2829654782116582,50,110.98165674407815,109.84248570982183,3.549504101815139,104.40414022296204,122.34555425621438,squared_euclidean_pc1_pc3,2000,2000,0.031982799734196043,0.50197568404859,109.9728988397731,111.99041464838321,111.09205940392765,-0.11040265984949826,fixed,2000,"Fixed 2,000","2,000","Fixed 2,000 (28.3%)","2,000
28.3%",7068,bootstrap_mean,Additional random bootstrap-mean quadrat selected with seed 20260703
10m,120_d,fixed_3000,3000,0.4244482173174873,50,111.15684970088614,110.98564681756429,2.114011601150949,106.65806750781493,117.44649714408675,squared_euclidean_pc1_pc3,3000,3000,0.019018275588410242,0.2989663877361734,110.55605425135755,111.75764515041473,111.09205940392765,0.06479029695849192,fixed,3000,"Fixed 3,000","3,000","Fixed 3,000 (42.4%)","3,000
42.4%",7068,bootstrap_mean,Additional random bootstrap-mean quadrat selected with seed 20260703
10m,120_d,fixed_4000,4000,0.5659309564233164,50,111.09205940392765,111.33679492537226,2.0508007011078626,106.28688432580681,115.36009158280072,squared_euclidean_pc1_pc3,4000,4000,0.018460371624322923,0.29002701652309915,110.50922829342436,111.67489051443094,111.09205940392765,0,fixed,4000,"Fixed 4,000","4,000","Fixed 4,000 (56.6%)","4,000
56.6%",7068,bootstrap_mean,Additional random bootstrap-mean quadrat selected with seed 20260703
10m,1305_c,pct_1,80,0.009966363523109506,50,135.83672419962718,132.4137341122261,23.65938380874002,90.28644491190985,211.0805453533571,squared_euclidean_pc1_pc3,80,80,0.17417516469235464,3.3459421459710548,129.11280171821667,142.5606466810377,140.22614159268906,-4.389417393061876,percent,0.01,1% of pixels,1%,1% of pixels = 80 pixels (1.0%),"1%
80 px",8027,bootstrap_mean,Additional random bootstrap-mean quadrat selected with seed 20260703
10m,1305_c,pct_2,161,0.02005730659025788,50,141.0072144932908,136.30304846385263,18.25094546549687,111.87045754168774,195.72654450526684,squared_euclidean_pc1_pc3,161,161,0.12943270690851963,2.5810734603437413,135.82035318217254,146.19407580440907,140.22614159268906,0.7810729006017425,percent,0.02,2% of pixels,2%,2% of pixels = 161 pixels (2.0%),"2%
161 px",8027,bootstrap_mean,Additional random bootstrap-mean quadrat selected with seed 20260703
10m,1305_c,pct_3,241,0.030023670113367384,50,138.02306181671977,134.1442255837486,13.067657769094602,113.37573325227548,165.13923438298508,squared_euclidean_pc1_pc3,241,241,0.09467735027097926,1.8480458845503729,134.30927457004876,141.7368490633908,140.22614159268906,-2.203079775969286,percent,0.03,3% of pixels,3%,3% of pixels = 241 pixels (3.0%),"3%
241 px",8027,bootstrap_mean,Additional random bootstrap-mean quadrat selected with seed 20260703
10m,1305_c,fixed_1250,1250,0.15572443004858602,50,140.44599991800968,140.143948868152,5.73885555963017,127.8371527617918,154.9454103760099,squared_euclidean_pc1_pc3,1250,1250,0.04086165190165921,0.8115967364929224,138.8150352138186,142.07696462220076,140.22614159268906,0.21985832532061522,fixed,1250,"Fixed 1,250","1,250","Fixed 1,250 (15.6%)","1,250
15.6%",8027,bootstrap_mean,Additional random bootstrap-mean quadrat selected with seed 20260703
10m,1305_c,fixed_2000,2000,0.24915908807773762,50,139.3002372466882,138.67421909198498,4.5558098776739255,130.4089198250534,149.8760153219279,squared_euclidean_pc1_pc3,2000,2000,0.03270496854650718,0.6442888116599776,138.00549040521688,140.59498408815952,140.22614159268906,-0.9259043460008627,fixed,2000,"Fixed 2,000","2,000","Fixed 2,000 (24.9%)","2,000
24.9%",8027,bootstrap_mean,Additional random bootstrap-mean quadrat selected with seed 20260703
10m,1305_c,fixed_3000,3000,0.37373863211660646,50,140.0455301469922,139.61733287990845,2.794120923781753,134.33188532410563,149.2035965924594,squared_euclidean_pc1_pc3,3000,3000,0.0199515180587987,0.39514837053225954,139.25144976657862,140.8396105274058,140.22614159268906,-0.1806114456968544,fixed,3000,"Fixed 3,000","3,000","Fixed 3,000 (37.4%)","3,000
37.4%",8027,bootstrap_mean,Additional random bootstrap-mean quadrat selected with seed 20260703
10m,1305_c,fixed_4000,4000,0.49831817615547525,50,140.22614159268906,139.75481346421208,2.537676438129881,135.05297568715778,145.42575733117124,squared_euclidean_pc1_pc3,4000,4000,0.018097028195363164,0.3588816435717926,139.50494192870696,140.94734125667117,140.22614159268906,0,fixed,4000,"Fixed 4,000","4,000","Fixed 4,000 (49.8%)","4,000
49.8%",8027,bootstrap_mean,Additional random bootstrap-mean quadrat selected with seed 20260703
10m,1315_b,pct_1,91,0.010025338768315522,50,181.35073149323006,179.66397045900047,29.694468690230114,122.08519831156273,243.4956144405897,squared_euclidean_pc1_pc3,91,91,0.16374055095189197,4.199432034918666,172.91165686585026,189.78980612060985,183.52694235935243,-2.176210866122375,percent,0.01,1% of pixels,1%,1% of pixels = 91 pixels (1.0%),"1%
91 px",9077,bootstrap_mean,Additional random bootstrap-mean quadrat selected with seed 20260703
10m,1315_b,pct_2,182,0.020050677536631045,50,190.04528409659983,187.88075080971936,23.19060631930318,144.90210299221397,252.6645060719394,squared_euclidean_pc1_pc3,182,182,0.12202673920345962,3.279646997641376,183.45458670361447,196.6359814895852,183.52694235935243,6.518341737247397,percent,0.02,2% of pixels,2%,2% of pixels = 182 pixels (2.0%),"2%
182 px",9077,bootstrap_mean,Additional random bootstrap-mean quadrat selected with seed 20260703
10m,1315_b,pct_3,272,0.029965847747052993,50,182.71982380241295,182.6680066558659,13.789378117817193,154.49953581743674,213.64012067860926,squared_euclidean_pc1_pc3,272,272,0.0754673348017704,1.9501125550907856,178.80092590208767,186.63872170273822,183.52694235935243,-0.8071185569394856,percent,0.03,3% of pixels,3%,3% of pixels = 272 pixels (3.0%),"3%
272 px",9077,bootstrap_mean,Additional random bootstrap-mean quadrat selected with seed 20260703
10m,1315_b,fixed_1250,1250,0.13771069736697147,50,181.85684503344595,181.23943952700893,6.665631383940062,171.17594006592512,201.5766847790843,squared_euclidean_pc1_pc3,1250,1250,0.03665317839817447,0.9426626304947778,179.96249355423654,183.75119651265535,183.52694235935243,-1.6700973259064824,fixed,1250,"Fixed 1,250","1,250","Fixed 1,250 (13.8%)","1,250
13.8%",9077,bootstrap_mean,Additional random bootstrap-mean quadrat selected with seed 20260703
10m,1315_b,fixed_2000,2000,0.22033711578715434,50,182.5952610618307,181.71940331908638,4.73848965583248,173.84994808592683,195.36961461269576,squared_euclidean_pc1_pc3,2000,2000,0.02595078113351433,0.6701236336442913,181.24859720184406,183.94192492181736,183.52694235935243,-0.9316812975217204,fixed,2000,"Fixed 2,000","2,000","Fixed 2,000 (22.0%)","2,000
22.0%",9077,bootstrap_mean,Additional random bootstrap-mean quadrat selected with seed 20260703
10m,1315_b,fixed_3000,3000,0.3305056736807315,50,182.85439417487112,182.97703826488714,3.84448033787106,174.0950924115101,192.19128541977884,squared_euclidean_pc1_pc3,3000,3000,0.021024817889770953,0.5436916234093951,181.761804951833,183.94698339790924,183.52694235935243,-0.6725481844813146,fixed,3000,"Fixed 3,000","3,000","Fixed 3,000 (33.1%)","3,000
33.1%",9077,bootstrap_mean,Additional random bootstrap-mean quadrat selected with seed 20260703
10m,1315_b,fixed_4000,4000,0.4406742315743087,50,183.52694235935243,183.91702996423103,3.9966906853814,175.58770516938367,192.96555338913427,squared_euclidean_pc1_pc3,4000,4000,0.02177713328627104,0.5652174171876596,182.39109543417797,184.6627892845269,183.52694235935243,0,fixed,4000,"Fixed 4,000","4,000","Fixed 4,000 (44.1%)","4,000
44.1%",9077,bootstrap_mean,Additional random bootstrap-mean quadrat selected with seed 20260703
10m,1400_b,pct_1,68,0.00999118424919189,50,131.65434783861707,124.42798815615338,27.176030098921522,93.46034795768354,206.38944652990992,squared_euclidean_pc1_pc3,68,68,0.20641954136018442,3.843271033735426,123.93100553964626,139.37769013758788,135.22868768402566,-3.5743398454085877,percent,0.01,1% of pixels,1%,1% of pixels = 68 pixels (1.0%),"1%
68 px",6806,bootstrap_mean,Additional random bootstrap-mean quadrat selected with seed 20260703
10m,1400_b,pct_2,136,0.01998236849838378,50,130.43504149411984,128.6935808014398,15.08231697816569,101.37937058055996,181.40081211135202,squared_euclidean_pc1_pc3,136,136,0.11563086732981656,2.1329617222531914,126.1486944353353,134.7213885529044,135.22868768402566,-4.7936461899058145,percent,0.02,2% of pixels,2%,2% of pixels = 136 pixels (2.0%),"2%
136 px",6806,bootstrap_mean,Additional random bootstrap-mean quadrat selected with seed 20260703
10m,1400_b,pct_3,204,0.02997355274757567,50,134.43617043872476,134.0710169715329,13.796501612191076,109.00044838564902,179.72365304824277,squared_euclidean_pc1_pc3,204,204,0.10262492279545736,1.951119969326289,130.5152480636983,138.35709281375122,135.22868768402566,-0.7925172453008997,percent,0.03,3% of pixels,3%,3% of pixels = 204 pixels (3.0%),"3%
204 px",6806,bootstrap_mean,Additional random bootstrap-mean quadrat selected with seed 20260703
10m,1400_b,fixed_1250,1250,0.18366147516896855,50,136.59450273635252,135.63852251121318,5.338571095395584,124.06035901108315,151.46900797825367,squared_euclidean_pc1_pc3,1250,1250,0.039083352466239514,0.7549879646801425,135.0772976182007,138.11170785450435,135.22868768402566,1.365815052326866,fixed,1250,"Fixed 1,250","1,250","Fixed 1,250 (18.4%)","1,250
18.4%",6806,bootstrap_mean,Additional random bootstrap-mean quadrat selected with seed 20260703
10m,1400_b,fixed_2000,2000,0.29385836027034967,50,135.138155813725,135.5955148727984,3.3102231216385904,126.91079955331323,143.6631881900402,squared_euclidean_pc1_pc3,2000,2000,0.024495103560547443,0.4681362433102298,134.19740081156607,136.07891081588394,135.22868768402566,-0.09053187030065146,fixed,2000,"Fixed 2,000","2,000","Fixed 2,000 (29.4%)","2,000
29.4%",6806,bootstrap_mean,Additional random bootstrap-mean quadrat selected with seed 20260703
10m,1400_b,fixed_3000,3000,0.44078754040552454,50,134.28398600876142,134.78925649275087,3.014075564734176,128.10476869970927,140.9978677198325,squared_euclidean_pc1_pc3,3000,3000,0.022445532444483152,0.4262546541664417,133.42739521103744,135.1405768064854,135.22868768402566,-0.9447016752642412,fixed,3000,"Fixed 3,000","3,000","Fixed 3,000 (44.1%)","3,000
44.1%",6806,bootstrap_mean,Additional random bootstrap-mean quadrat selected with seed 20260703
10m,1400_b,fixed_4000,4000,0.5877167205406993,50,135.22868768402566,135.16317257838793,2.0617069712438627,128.9697875486942,141.39101311169713,squared_euclidean_pc1_pc3,4000,4000,0.01524607689798212,0.2915693960372227,134.64275704584452,135.8146183222068,135.22868768402566,0,fixed,4000,"Fixed 4,000","4,000","Fixed 4,000 (58.8%)","4,000
58.8%",6806,bootstrap_mean,Additional random bootstrap-mean quadrat selected with seed 20260703
10m,1414_a,pct_1,62,0.00995664043680745,50,243.60361013540629,234.65257532756536,56.77099717370961,157.1146245362985,375.5339814979035,squared_euclidean_pc1_pc3,62,62,0.23304661676464333,8.028631415250478,227.46947125528104,259.7377490155315,238.82917255510878,4.774437580297501,percent,0.01,1% of pixels,1%,1% of pixels = 62 pixels (1.0%),"1%
62 px",6227,bootstrap_mean,Additional random bootstrap-mean quadrat selected with seed 20260703
10m,1414_a,pct_2,125,0.02007387184840212,50,232.39669188535856,230.0531744645852,37.81587648515522,163.3242523086384,323.77832726969706,squared_euclidean_pc1_pc3,125,125,0.16272123401743524,5.347972539833232,221.64953870046253,243.1438450702546,238.82917255510878,-6.43248066975022,percent,0.02,2% of pixels,2%,2% of pixels = 125 pixels (2.0%),"2%
125 px",6227,bootstrap_mean,Additional random bootstrap-mean quadrat selected with seed 20260703
10m,1414_a,pct_3,187,0.03003051228520957,50,237.40852694944047,230.60917644119792,36.73089282873638,177.9328933967494,324.60275838073744,squared_euclidean_pc1_pc3,187,187,0.15471597966891368,5.194532679647164,226.96972270796294,247.847331190918,238.82917255510878,-1.4206456056683123,percent,0.03,3% of pixels,3%,3% of pixels = 187 pixels (3.0%),"3%
187 px",6227,bootstrap_mean,Additional random bootstrap-mean quadrat selected with seed 20260703
10m,1414_a,fixed_1250,1250,0.2007387184840212,50,238.07765976059758,237.07206974960525,14.901515261796833,206.15171146481916,275.54076995631533,squared_euclidean_pc1_pc3,1250,1250,0.06259098512973148,2.107392498314274,233.8426959810733,242.31262354012188,238.82917255510878,-0.7515127945111999,fixed,1250,"Fixed 1,250","1,250","Fixed 1,250 (20.1%)","1,250
20.1%",6227,bootstrap_mean,Additional random bootstrap-mean quadrat selected with seed 20260703
10m,1414_a,fixed_2000,2000,0.3211819495744339,50,238.18109631680687,238.8982829102,7.071620339816878,220.69951252363902,252.320657048574,squared_euclidean_pc1_pc3,2000,2000,0.02969009904300235,1.0000781392522464,236.17136405297128,240.19082858064246,238.82917255510878,-0.6480762383019112,fixed,2000,"Fixed 2,000","2,000","Fixed 2,000 (32.1%)","2,000
32.1%",6227,bootstrap_mean,Additional random bootstrap-mean quadrat selected with seed 20260703
10m,1414_a,fixed_3000,3000,0.48177292436165087,50,240.1890045233881,239.80494338767824,6.206726850756054,229.86860309711506,255.75340178978857,squared_euclidean_pc1_pc3,3000,3000,0.025841011594482384,0.877763729028446,238.4250722694823,241.95293677729387,238.82917255510878,1.359831968279309,fixed,3000,"Fixed 3,000","3,000","Fixed 3,000 (48.2%)","3,000
48.2%",6227,bootstrap_mean,Additional random bootstrap-mean quadrat selected with seed 20260703
10m,1414_a,fixed_4000,4000,0.6423638991488678,50,238.82917255510878,239.09480883243796,4.460625090750587,229.56255287113237,247.92080785543482,squared_euclidean_pc1_pc3,4000,4000,0.018677052903666187,0.6308276500001198,237.5614769307721,240.09686817944547,238.82917255510878,0,fixed,4000,"Fixed 4,000","4,000","Fixed 4,000 (64.2%)","4,000
64.2%",6227,bootstrap_mean,Additional random bootstrap-mean quadrat selected with seed 20260703
10m,1417_c,pct_1,75,0.009982696659124185,50,234.25548323601754,235.94874491519892,30.846800551261293,156.91828923099843,313.42226209468924,squared_euclidean_pc1_pc3,75,75,0.13168016443048405,4.362396369541158,225.48891951724514,243.02204695478994,241.70294432617092,-7.447461090153382,percent,0.01,1% of pixels,1%,1% of pixels = 75 pixels (1.0%),"1%
75 px",7513,bootstrap_mean,Additional random bootstrap-mean quadrat selected with seed 20260703
10m,1417_c,pct_2,150,0.01996539331824837,50,239.95890664013382,231.61933946302335,29.995369053560832,199.7114944936968,346.16082853301157,squared_euclidean_pc1_pc3,150,150,0.12500210754229207,4.241985772393195,231.4343170756779,248.48349620458973,241.70294432617092,-1.7440376860371032,percent,0.02,2% of pixels,2%,2% of pixels = 150 pixels (2.0%),"2%
150 px",7513,bootstrap_mean,Additional random bootstrap-mean quadrat selected with seed 20260703
10m,1417_c,pct_3,225,0.029948089977372555,50,236.7888035630127,237.03477406561512,17.96894876216992,209.40889145981487,292.6679341508346,squared_euclidean_pc1_pc3,225,225,0.07588597303498829,2.541193104104794,231.6820848282401,241.89552229778528,241.70294432617092,-4.91414076315823,percent,0.03,3% of pixels,3%,3% of pixels = 225 pixels (3.0%),"3%
225 px",7513,bootstrap_mean,Additional random bootstrap-mean quadrat selected with seed 20260703
10m,1417_c,fixed_1250,1250,0.16637827765206975,50,240.1069536611475,239.4487189285468,9.10936608191755,221.173298517654,265.35963638832544,squared_euclidean_pc1_pc3,1250,1250,0.03793878495819493,1.288258905766926,237.51810046510707,242.6958068571879,241.70294432617092,-1.595990665023436,fixed,1250,"Fixed 1,250","1,250","Fixed 1,250 (16.6%)","1,250
16.6%",7513,bootstrap_mean,Additional random bootstrap-mean quadrat selected with seed 20260703
10m,1417_c,fixed_2000,2000,0.2662052442433116,50,239.57858217104453,239.05375103418356,5.993763549209767,225.3545719515141,252.08699560723994,squared_euclidean_pc1_pc3,2000,2000,0.02501794398687352,0.847646170094995,237.8751734177742,241.28199092431487,241.70294432617092,-2.1243621551263914,fixed,2000,"Fixed 2,000","2,000","Fixed 2,000 (26.6%)","2,000
26.6%",7513,bootstrap_mean,Additional random bootstrap-mean quadrat selected with seed 20260703
10m,1417_c,fixed_3000,3000,0.3993078663649674,50,239.79273251266378,240.5588841914618,4.457094105563955,229.65689387828746,247.92967458759006,squared_euclidean_pc1_pc3,3000,3000,0.01858727768294049,0.6303282932861723,238.52604038321394,241.0594246421136,241.70294432617092,-1.9102118135071464,fixed,3000,"Fixed 3,000","3,000","Fixed 3,000 (39.9%)","3,000
39.9%",7513,bootstrap_mean,Additional random bootstrap-mean quadrat selected with seed 20260703
10m,1417_c,fixed_4000,4000,0.5324104884866232,50,241.70294432617092,242.05177255735703,3.181385228337838,233.46006629980636,247.92098767601655,squared_euclidean_pc1_pc3,4000,4000,0.013162376805988153,0.44991581370487965,240.79880464815673,242.6070840041851,241.70294432617092,0,fixed,4000,"Fixed 4,000","4,000","Fixed 4,000 (53.2%)","4,000
53.2%",7513,bootstrap_mean,Additional random bootstrap-mean quadrat selected with seed 20260703
10m,1514_a,pct_1,70,0.00996157677529529,50,128.22872580897462,123.74922372163599,21.9128866701815,90.70946472191154,182.13604709858993,squared_euclidean_pc1_pc3,70,70,0.17088906196280582,3.0989501519715286,122.00115232247474,134.45629929547448,132.44596297004554,-4.217237161070926,percent,0.01,1% of pixels,1%,1% of pixels = 70 pixels (1.0%),"1%
70 px",7027,bootstrap_mean,Additional random bootstrap-mean quadrat selected with seed 20260703
10m,1514_a,pct_2,141,0.020065461790237656,50,130.34984994023503,128.232524351736,14.944623635672531,105.73203562595629,168.14527593650126,squared_euclidean_pc1_pc3,141,141,0.11465010234016067,2.1134889430129604,126.10263489640974,134.59706498406032,132.44596297004554,-2.0961130298105104,percent,0.02,2% of pixels,2%,2% of pixels = 141 pixels (2.0%),"2%
141 px",7027,bootstrap_mean,Additional random bootstrap-mean quadrat selected with seed 20260703
10m,1514_a,pct_3,211,0.030027038565532946,50,132.33690987915423,130.23227705171496,13.210922911012679,108.47102129670307,169.04939758479026,squared_euclidean_pc1_pc3,211,211,0.09982795369089745,1.868306635221958,128.58240712964795,136.09141262866052,132.44596297004554,-0.1090530908913081,percent,0.03,3% of pixels,3%,3% of pixels = 211 pixels (3.0%),"3%
211 px",7027,bootstrap_mean,Additional random bootstrap-mean quadrat selected with seed 20260703
10m,1514_a,fixed_1250,1250,0.17788529955884447,50,132.64402216713583,131.9347757108009,4.295632681757518,126.27453243559717,143.0400159558757,squared_euclidean_pc1_pc3,1250,1250,0.03238466846508077,0.6074941997514591,131.42321686661566,133.864827467656,132.44596297004554,0.19805919709028785,fixed,1250,"Fixed 1,250","1,250","Fixed 1,250 (17.8%)","1,250
17.8%",7027,bootstrap_mean,Additional random bootstrap-mean quadrat selected with seed 20260703
10m,1514_a,fixed_2000,2000,0.2846164792941511,50,132.02786396784515,132.4694884833978,3.446574025534704,124.46119921522232,137.46924873290544,squared_euclidean_pc1_pc3,2000,2000,0.026104898783896886,0.48741917306340127,131.04835846755492,133.00736946813538,132.44596297004554,-0.41809900220039253,fixed,2000,"Fixed 2,000","2,000","Fixed 2,000 (28.5%)","2,000
28.5%",7027,bootstrap_mean,Additional random bootstrap-mean quadrat selected with seed 20260703
10m,1514_a,fixed_3000,3000,0.4269247189412267,50,131.83106536209527,131.8507049593656,2.2740210848435396,127.13176288207823,138.0165965700455,squared_euclidean_pc1_pc3,3000,3000,0.017249508517568103,0.32159514593081123,131.18479572045175,132.4773350037388,132.44596297004554,-0.6148976079502688,fixed,3000,"Fixed 3,000","3,000","Fixed 3,000 (42.7%)","3,000
42.7%",7027,bootstrap_mean,Additional random bootstrap-mean quadrat selected with seed 20260703
10m,1514_a,fixed_4000,4000,0.5692329585883023,50,132.44596297004554,132.39482064348624,1.9788091699329757,127.70030391817107,136.57081210405678,squared_euclidean_pc1_pc3,4000,4000,0.014940501964416313,0.2798458765467461,131.8835916263245,133.0083343137666,132.44596297004554,0,fixed,4000,"Fixed 4,000","4,000","Fixed 4,000 (56.9%)","4,000
56.9%",7027,bootstrap_mean,Additional random bootstrap-mean quadrat selected with seed 20260703
10m,1516_c,pct_1,84,0.010050251256281407,50,147.25931187845458,146.96670786769113,20.856113958776447,108.5668179801535,208.51869950250995,squared_euclidean_pc1_pc3,84,84,0.14162848985733914,2.9494999218900473,141.3320698735097,153.18655388339945,151.02280379477742,-3.7634919163228346,percent,0.01,1% of pixels,1%,1% of pixels = 84 pixels (1.0%),"1%
84 px",8358,bootstrap_mean,Additional random bootstrap-mean quadrat selected with seed 20260703
10m,1516_c,pct_2,167,0.01998085666427375,50,148.74031156676173,145.39169470158646,14.30390992897998,127.22786745980957,181.52182359586604,squared_euclidean_pc1_pc3,167,167,0.09616700259875215,2.022878341652666,144.67518534365146,152.805437789872,151.02280379477742,-2.282492228015684,percent,0.02,2% of pixels,2%,2% of pixels = 167 pixels (2.0%),"2%
167 px",8358,bootstrap_mean,Additional random bootstrap-mean quadrat selected with seed 20260703
10m,1516_c,pct_3,251,0.030031107920555158,50,150.06060307668997,148.85044792436247,12.161698740228404,125.95214620436253,181.65467848114966,squared_euclidean_pc1_pc3,251,251,0.08104524765912774,1.7199239299926794,146.60428653723068,153.51691961614927,151.02280379477742,-0.9622007180874448,percent,0.03,3% of pixels,3%,3% of pixels = 251 pixels (3.0%),"3%
251 px",8358,bootstrap_mean,Additional random bootstrap-mean quadrat selected with seed 20260703
10m,1516_c,fixed_1250,1250,0.14955731036133046,50,151.27971243283432,151.08134513769505,4.597196195617207,142.5593407208004,159.6865895778018,squared_euclidean_pc1_pc3,1250,1250,0.030388715854138645,0.650141720873185,149.97320372994298,152.58622113572565,151.02280379477742,0.256908638056899,fixed,1250,"Fixed 1,250","1,250","Fixed 1,250 (15.0%)","1,250
15.0%",8358,bootstrap_mean,Additional random bootstrap-mean quadrat selected with seed 20260703
10m,1516_c,fixed_2000,2000,0.23929169657812874,50,151.04108941697163,151.02545941272035,3.7844264442627167,137.79776402714708,160.6101661673693,squared_euclidean_pc1_pc3,2000,2000,0.02505560876759329,0.5351987203279721,149.9655673216573,152.11661151228597,151.02280379477742,0.018285622194213147,fixed,2000,"Fixed 2,000","2,000","Fixed 2,000 (23.9%)","2,000
23.9%",8358,bootstrap_mean,Additional random bootstrap-mean quadrat selected with seed 20260703
10m,1516_c,fixed_3000,3000,0.3589375448671931,50,151.31519590433263,151.434374893265,2.967275048312809,144.2977886759515,156.91981639503268,squared_euclidean_pc1_pc3,3000,3000,0.019609894634699056,0.41963606166152556,150.47190566621117,152.15848614245408,151.02280379477742,0.2923921095552089,fixed,3000,"Fixed 3,000","3,000","Fixed 3,000 (35.9%)","3,000
35.9%",8358,bootstrap_mean,Additional random bootstrap-mean quadrat selected with seed 20260703
10m,1516_c,fixed_4000,4000,0.4785833931562575,50,151.02280379477742,150.94305792898,2.3440436907383497,146.3486232194502,156.77310063912782,squared_euclidean_pc1_pc3,4000,4000,0.015521124173562788,0.3314978378237259,150.35663394872498,151.68897364082986,151.02280379477742,0,fixed,4000,"Fixed 4,000","4,000","Fixed 4,000 (47.9%)","4,000
47.9%",8358,bootstrap_mean,Additional random bootstrap-mean quadrat selected with seed 20260703
10m,1604_c,pct_1,72,0.009959883801355651,50,125.74355079014958,121.19612920917908,25.548327064421283,84.48493663369965,214.27766377097052,squared_euclidean_pc1_pc3,72,72,0.20317803103125565,3.6130790630448177,118.4827965752646,133.00430500503455,127.54908763568297,-1.805536845533382,percent,0.01,1% of pixels,1%,1% of pixels = 72 pixels (1.0%),"1%
72 px",7229,bootstrap_mean,Additional random bootstrap-mean quadrat selected with seed 20260703
10m,1604_c,pct_2,145,0.020058099322174575,50,123.4910382311519,122.55000313250764,16.874169758607078,95.28349144122961,167.7982589756901,squared_euclidean_pc1_pc3,145,145,0.1366428689912042,2.3863679726408065,118.69545224665464,128.28662421564917,127.54908763568297,-4.0580494045310616,percent,0.02,2% of pixels,2%,2% of pixels = 145 pixels (2.0%),"2%
145 px",7229,bootstrap_mean,Additional random bootstrap-mean quadrat selected with seed 20260703
10m,1604_c,pct_3,217,0.030017983123530226,50,130.5214836512373,129.89025041122778,14.995999196994214,101.94543636651336,163.74664019585796,squared_euclidean_pc1_pc3,217,217,0.1148929569101788,2.120754544572526,126.25966783443506,134.78329946803956,127.54908763568297,2.972396015554338,percent,0.03,3% of pixels,3%,3% of pixels = 217 pixels (3.0%),"3%
217 px",7229,bootstrap_mean,Additional random bootstrap-mean quadrat selected with seed 20260703
10m,1604_c,fixed_1250,1250,0.17291464932909115,50,127.74748370667099,128.41654482703137,6.086487020810253,116.27631086299417,139.35744848564786,squared_euclidean_pc1_pc3,1250,1250,0.047644672475786826,0.8607592492037673,126.01772323434115,129.47724417900085,127.54908763568297,0.19839607098802503,fixed,1250,"Fixed 1,250","1,250","Fixed 1,250 (17.3%)","1,250
17.3%",7229,bootstrap_mean,Additional random bootstrap-mean quadrat selected with seed 20260703
10m,1604_c,fixed_2000,2000,0.2766634389265459,50,128.39751932059255,128.3638618209731,4.59769150669524,120.60454960396935,139.66126749985656,squared_euclidean_pc1_pc3,2000,2000,0.03580825806467007,0.6502117684375998,127.09086985185034,129.70416878933477,127.54908763568297,0.8484316849095848,fixed,2000,"Fixed 2,000","2,000","Fixed 2,000 (27.7%)","2,000
27.7%",7229,bootstrap_mean,Additional random bootstrap-mean quadrat selected with seed 20260703
10m,1604_c,fixed_3000,3000,0.41499515838981876,50,127.84220191331903,127.97491688925346,3.072681627500553,120.95004004228217,134.48062819338537,squared_euclidean_pc1_pc3,3000,3000,0.02403495544909283,0.43454280304659165,126.96895545684387,128.7154483697942,127.54908763568297,0.29311427763606446,fixed,3000,"Fixed 3,000","3,000","Fixed 3,000 (41.5%)","3,000
41.5%",7229,bootstrap_mean,Additional random bootstrap-mean quadrat selected with seed 20260703
10m,1604_c,fixed_4000,4000,0.5533268778530918,50,127.54908763568297,127.23521562487934,2.430789678417756,121.37617833241002,134.3477799334298,squared_euclidean_pc1_pc3,4000,4000,0.019057679858603092,0.34376557304949246,126.85826485270516,128.23991041866077,127.54908763568297,0,fixed,4000,"Fixed 4,000","4,000","Fixed 4,000 (55.3%)","4,000
55.3%",7229,bootstrap_mean,Additional random bootstrap-mean quadrat selected with seed 20260703
10m,1606_c,pct_1,76,0.010007900974453516,50,174.27867744338886,173.9239235345751,23.1045733927922,120.7642298047287,227.35064654356046,squared_euclidean_pc1_pc3,76,76,0.13257257704573347,3.2674801044931283,167.712430337587,180.84492454919072,176.17685638562668,-1.89817894223782,percent,0.01,1% of pixels,1%,1% of pixels = 76 pixels (1.0%),"1%
76 px",7594,bootstrap_mean,Additional random bootstrap-mean quadrat selected with seed 20260703
10m,1606_c,pct_2,152,0.020015801948907033,50,179.49081769244225,179.0212871956614,18.86801182661479,144.55659028544864,222.1000226277128,squared_euclidean_pc1_pc3,152,152,0.10511964940148166,2.668339822021459,174.12858806186208,184.85304732302242,176.17685638562668,3.313961306815571,percent,0.02,2% of pixels,2%,2% of pixels = 152 pixels (2.0%),"2%
152 px",7594,bootstrap_mean,Additional random bootstrap-mean quadrat selected with seed 20260703
10m,1606_c,pct_3,228,0.030023702923360547,50,178.41938064136997,178.76348038406277,15.740699784108394,145.49670523905803,215.15206371685045,squared_euclidean_pc1_pc3,228,228,0.0882230379206832,2.2260711115929337,173.94592325942403,182.8928380233159,176.17685638562668,2.242524255743291,percent,0.03,3% of pixels,3%,3% of pixels = 228 pixels (3.0%),"3%
228 px",7594,bootstrap_mean,Additional random bootstrap-mean quadrat selected with seed 20260703
10m,1606_c,fixed_1250,1250,0.1646036344482486,50,176.85999294241344,176.4321531089049,5.965768043024392,163.75536161162736,188.9064598537771,squared_euclidean_pc1_pc3,1250,1250,0.03373158589329401,0.8436870076417092,175.164540423969,178.5554454608579,176.17685638562668,0.6831365567867635,fixed,1250,"Fixed 1,250","1,250","Fixed 1,250 (16.5%)","1,250
16.5%",7594,bootstrap_mean,Additional random bootstrap-mean quadrat selected with seed 20260703
10m,1606_c,fixed_2000,2000,0.2633658151171978,50,176.53609915314144,176.01765978612124,4.373864282590701,163.12084474254968,186.0969420930314,squared_euclidean_pc1_pc3,2000,2000,0.02477603336412494,0.6185578188419038,175.29306067766407,177.7791376286188,176.17685638562668,0.3592427675147576,fixed,2000,"Fixed 2,000","2,000","Fixed 2,000 (26.3%)","2,000
26.3%",7594,bootstrap_mean,Additional random bootstrap-mean quadrat selected with seed 20260703
10m,1606_c,fixed_3000,3000,0.39504872267579666,50,176.11182871430162,176.38054565362216,2.738602694400663,170.65530778502992,181.86761089819066,squared_euclidean_pc1_pc3,3000,3000,0.015550362030726374,0.3872969072372918,175.33352644010083,176.89013098850242,176.17685638562668,-0.06502767132505483,fixed,3000,"Fixed 3,000","3,000","Fixed 3,000 (39.5%)","3,000
39.5%",7594,bootstrap_mean,Additional random bootstrap-mean quadrat selected with seed 20260703
10m,1606_c,fixed_4000,4000,0.5267316302343956,50,176.17685638562668,176.153711200751,2.1859868857762375,171.40375613449555,180.14138322022058,squared_euclidean_pc1_pc3,4000,4000,0.012407911746315961,0.3091452301034481,175.55560578653416,176.7981069847192,176.17685638562668,0,fixed,4000,"Fixed 4,000","4,000","Fixed 4,000 (52.7%)","4,000
52.7%",7594,bootstrap_mean,Additional random bootstrap-mean quadrat selected with seed 20260703
10m,1701_b,pct_1,93,0.01000107538444994,50,114.9734099604126,113.34656076805638,20.705171603498876,70.11137449160962,185.48535691107054,squared_euclidean_pc1_pc3,93,93,0.18008660968330015,2.9281534492930392,109.08906529819873,120.85775462262646,114.67091050993018,0.302499450482415,percent,0.01,1% of pixels,1%,1% of pixels = 93 pixels (1.0%),"1%
93 px",9299,bootstrap_mean,Additional random bootstrap-mean quadrat selected with seed 20260703
10m,1701_b,pct_2,186,0.02000215076889988,50,115.04504006201358,110.40245444385332,16.036872490510973,89.25590161905275,161.004118069673,squared_euclidean_pc1_pc3,186,186,0.1393964701291468,2.267956257412861,110.4874113282244,119.60266879580277,114.67091050993018,0.3741295520834029,percent,0.02,2% of pixels,2%,2% of pixels = 186 pixels (2.0%),"2%
186 px",9299,bootstrap_mean,Additional random bootstrap-mean quadrat selected with seed 20260703
10m,1701_b,pct_3,279,0.030003226153349823,50,115.43586349286771,113.54712383396617,11.582311027179623,91.69054890147574,143.15398954918373,squared_euclidean_pc1_pc3,279,279,0.10033546487825462,1.6379861338260875,112.14420711956974,118.72751986616568,114.67091050993018,0.7649529829375297,percent,0.03,3% of pixels,3%,3% of pixels = 279 pixels (3.0%),"3%
279 px",9299,bootstrap_mean,Additional random bootstrap-mean quadrat selected with seed 20260703
10m,1701_b,fixed_1250,1250,0.13442305624260673,50,114.87341884640463,114.23873039100963,5.095132823705427,105.04739858049665,127.33329778033946,squared_euclidean_pc1_pc3,1250,1250,0.04435432387119988,0.7205605941376538,113.42539811957447,116.3214395732348,114.67091050993018,0.20250833647445177,fixed,1250,"Fixed 1,250","1,250","Fixed 1,250 (13.4%)","1,250
13.4%",9299,bootstrap_mean,Additional random bootstrap-mean quadrat selected with seed 20260703
10m,1701_b,fixed_2000,2000,0.21507688998817076,50,115.42918876381648,114.76717589701545,4.196029113713371,107.38675102199987,124.08311378259158,squared_euclidean_pc1_pc3,2000,2000,0.03635154295590699,0.5934081280725807,114.2366904841306,116.62168704350236,114.67091050993018,0.7582782538863029,fixed,2000,"Fixed 2,000","2,000","Fixed 2,000 (21.5%)","2,000
21.5%",9299,bootstrap_mean,Additional random bootstrap-mean quadrat selected with seed 20260703
10m,1701_b,fixed_3000,3000,0.32261533498225614,50,115.61657069972816,115.51373023512963,3.025711999612548,109.79206522244903,122.22401862306812,squared_euclidean_pc1_pc3,3000,3000,0.026170227860076656,0.4279002945687082,114.75667286380258,116.47646853565374,114.67091050993018,0.9456601897979766,fixed,3000,"Fixed 3,000","3,000","Fixed 3,000 (32.3%)","3,000
32.3%",9299,bootstrap_mean,Additional random bootstrap-mean quadrat selected with seed 20260703
10m,1701_b,fixed_4000,4000,0.4301537799763415,50,114.67091050993018,113.90949077571662,2.5962256903546197,109.91438705631991,120.47846379527239,squared_euclidean_pc1_pc3,4000,4000,0.0226406651766299,0.36716175822809544,113.93307133257417,115.40874968728619,114.67091050993018,0,fixed,4000,"Fixed 4,000","4,000","Fixed 4,000 (43.0%)","4,000
43.0%",9299,bootstrap_mean,Additional random bootstrap-mean quadrat selected with seed 20260703
10m,1803_c,pct_1,53,0.010009442870632672,50,107.08250525961104,106.1894881878646,14.991812298716884,80.49888901659212,134.48303581292186,squared_euclidean_pc1_pc3,53,53,0.14000244262469116,2.1201624277397184,102.82187934613349,111.3431311730886,110.17857376002193,-3.096068500410894,percent,0.01,1% of pixels,1%,1% of pixels = 53 pixels (1.0%),"1%
53 px",5295,bootstrap_mean,Additional random bootstrap-mean quadrat selected with seed 20260703
10m,1803_c,pct_2,106,0.020018885741265344,50,110.67441854552723,112.28501894033391,9.75642300258831,87.96895579664886,127.85511977035485,squared_euclidean_pc1_pc3,106,106,0.08815427386749622,1.379766573050922,107.90167380730543,113.44716328374903,110.17857376002193,0.4958447855052981,percent,0.02,2% of pixels,2%,2% of pixels = 106 pixels (2.0%),"2%
106 px",5295,bootstrap_mean,Additional random bootstrap-mean quadrat selected with seed 20260703
10m,1803_c,pct_3,159,0.03002832861189802,50,110.14577451330203,108.6084436983781,10.34615981931416,83.09504907492567,136.25547820616578,squared_euclidean_pc1_pc3,159,159,0.09393151816336522,1.4631679534953654,107.20542842619668,113.08612060040738,110.17857376002193,-0.03279924671990386,percent,0.03,3% of pixels,3%,3% of pixels = 159 pixels (3.0%),"3%
159 px",5295,bootstrap_mean,Additional random bootstrap-mean quadrat selected with seed 20260703
10m,1803_c,fixed_1250,1250,0.2360717658168083,50,109.94203422306009,109.9561571269312,3.09790580606072,100.25191146481734,116.0259599978815,squared_euclidean_pc1_pc3,1250,1250,0.02817762858358083,0.43811004058854247,109.06161913435567,110.82244931176452,110.17857376002193,-0.2365395369618426,fixed,1250,"Fixed 1,250","1,250","Fixed 1,250 (23.6%)","1,250
23.6%",5295,bootstrap_mean,Additional random bootstrap-mean quadrat selected with seed 20260703
10m,1803_c,fixed_2000,2000,0.3777148253068933,50,110.22015689785951,110.51859948500616,2.44291150505844,104.4529713072595,115.1573452506479,squared_euclidean_pc1_pc3,2000,2000,0.02216392694234934,0.3454798582130916,109.52588912986756,110.91442466585146,110.17857376002193,0.041583137837577056,fixed,2000,"Fixed 2,000","2,000","Fixed 2,000 (37.8%)","2,000
37.8%",5295,bootstrap_mean,Additional random bootstrap-mean quadrat selected with seed 20260703
10m,1803_c,fixed_3000,3000,0.56657223796034,50,110.42538176195305,110.37246441806349,1.3240635746806138,107.66740040694081,113.46082505094822,squared_euclidean_pc1_pc3,3000,3000,0.011990572761024571,0.18725086647575254,110.04908705755238,110.80167646635371,110.17857376002193,0.24680800193111452,fixed,3000,"Fixed 3,000","3,000","Fixed 3,000 (56.7%)","3,000
56.7%",5295,bootstrap_mean,Additional random bootstrap-mean quadrat selected with seed 20260703
10m,1803_c,fixed_4000,4000,0.7554296506137866,50,110.17857376002193,110.20006904851596,0.9462779006366981,107.42245305988811,111.96714535218184,squared_euclidean_pc1_pc3,4000,4000,0.008588583681413138,0.13382390408543585,109.90964455623589,110.44750296380798,110.17857376002193,0,fixed,4000,"Fixed 4,000","4,000","Fixed 4,000 (75.5%)","4,000
75.5%",5295,bootstrap_mean,Additional random bootstrap-mean quadrat selected with seed 20260703
10m,1816_c,pct_1,52,0.010013479684190255,50,123.35480661186993,123.1447048471914,17.143805901917496,93.02002324631725,170.6860804630415,squared_euclidean_pc1_pc3,52,52,0.13897963421773804,2.4245002817183634,118.48259088331585,128.22702234042401,128.86048920385105,-5.505682591981113,percent,0.01,1% of pixels,1%,1% of pixels = 52 pixels (1.0%),"1%
52 px",5193,bootstrap_mean,Additional random bootstrap-mean quadrat selected with seed 20260703
10m,1816_c,pct_2,104,0.02002695936838051,50,128.15580133592596,126.85697570167744,13.417264295945182,103.29305737044288,161.93325613000022,squared_euclidean_pc1_pc3,104,104,0.10469494284363634,1.8974877137269972,124.34265701366321,131.96894565818872,128.86048920385105,-0.7046878679250881,percent,0.02,2% of pixels,2%,2% of pixels = 104 pixels (2.0%),"2%
104 px",5193,bootstrap_mean,Additional random bootstrap-mean quadrat selected with seed 20260703
10m,1816_c,pct_3,156,0.03004043905257077,50,127.268499520673,126.34930029428787,12.592497020586611,99.59117351916342,149.4459970972764,squared_euclidean_pc1_pc3,156,156,0.09894433475693752,1.7808480070656376,123.68975146458294,130.84724757676307,128.86048920385105,-1.591989683178042,percent,0.03,3% of pixels,3%,3% of pixels = 156 pixels (3.0%),"3%
156 px",5193,bootstrap_mean,Additional random bootstrap-mean quadrat selected with seed 20260703
10m,1816_c,fixed_1250,1250,0.24070864625457347,50,127.70917695204867,128.40693386512294,3.7959427674875266,117.90450909551546,136.0586800880766,squared_euclidean_pc1_pc3,1250,1250,0.029723335926851994,0.536827374377292,126.63038195388695,128.7879719502104,128.86048920385105,-1.1513122518023806,fixed,1250,"Fixed 1,250","1,250","Fixed 1,250 (24.1%)","1,250
24.1%",5193,bootstrap_mean,Additional random bootstrap-mean quadrat selected with seed 20260703
10m,1816_c,fixed_2000,2000,0.38513383400731754,50,128.40704414071746,128.14216069169134,2.8917503346906934,122.50079818238677,136.39946531654365,squared_euclidean_pc1_pc3,2000,2000,0.022520184574311285,0.4089552542316515,127.58521778871965,129.2288704927153,128.86048920385105,-0.4534450631335858,fixed,2000,"Fixed 2,000","2,000","Fixed 2,000 (38.5%)","2,000
38.5%",5193,bootstrap_mean,Additional random bootstrap-mean quadrat selected with seed 20260703
10m,1816_c,fixed_3000,3000,0.5777007510109763,50,128.45119363599906,128.61650718932253,1.7780726533368858,124.82616029426936,132.45067247184596,squared_euclidean_pc1_pc3,3000,3000,0.013842398836522546,0.25145744612337384,127.94587097907777,128.95651629292036,128.86048920385105,-0.4092955678519843,fixed,3000,"Fixed 3,000","3,000","Fixed 3,000 (57.8%)","3,000
57.8%",5193,bootstrap_mean,Additional random bootstrap-mean quadrat selected with seed 20260703
10m,1816_c,fixed_4000,4000,0.7702676680146351,50,128.86048920385105,128.89541361107058,1.1082620281151416,126.42108293482097,131.44285715431408,squared_euclidean_pc1_pc3,4000,4000,0.008600479751104504,0.15673191908235456,128.5455246203954,129.17545378730668,128.86048920385105,0,fixed,4000,"Fixed 4,000","4,000","Fixed 4,000 (77.0%)","4,000
77.0%",5193,bootstrap_mean,Additional random bootstrap-mean quadrat selected with seed 20260703
10m,1912_c,pct_1,55,0.01006036217303823,50,99.8409794081675,100.4605217624991,14.974536799443875,61.944601392152485,137.19161042363982,squared_euclidean_pc1_pc3,55,55,0.14998387323731405,2.1177193032028527,95.58526313726045,104.09669567907454,101.7823201868962,-1.9413407787287014,percent,0.01,1% of pixels,1%,1% of pixels = 55 pixels (1.0%),"1%
55 px",5467,bootstrap_mean,Additional random bootstrap-mean quadrat selected with seed 20260703
10m,1912_c,pct_2,109,0.019937808670203037,50,100.5933534628364,98.40136196446167,13.024571431906905,81.06137936065937,136.0827215430252,squared_euclidean_pc1_pc3,109,109,0.12947745535413285,1.8419525563099908,96.89181121770895,104.29489570796386,101.7823201868962,-1.1889667240597959,percent,0.02,2% of pixels,2%,2% of pixels = 109 pixels (2.0%),"2%
109 px",5467,bootstrap_mean,Additional random bootstrap-mean quadrat selected with seed 20260703
10m,1912_c,pct_3,164,0.029998170843241266,50,101.64916252162476,100.50118754761496,8.99333000149447,84.97061610847432,127.33749728190858,squared_euclidean_pc1_pc3,164,164,0.08847421639682705,1.2718489259010326,99.09328641476462,104.2050386284849,101.7823201868962,-0.13315766527144035,percent,0.03,3% of pixels,3%,3% of pixels = 164 pixels (3.0%),"3%
164 px",5467,bootstrap_mean,Additional random bootstrap-mean quadrat selected with seed 20260703
10m,1912_c,fixed_1250,1250,0.22864459484177793,50,100.63876096599283,100.9696057233568,3.571943361938672,93.70857562511634,107.65979059969372,squared_euclidean_pc1_pc3,1250,1250,0.03549271997839559,0.5051490746482219,99.62362589452101,101.65389603746465,101.7823201868962,-1.14355922090337,fixed,1250,"Fixed 1,250","1,250","Fixed 1,250 (22.9%)","1,250
22.9%",5467,bootstrap_mean,Additional random bootstrap-mean quadrat selected with seed 20260703
10m,1912_c,fixed_2000,2000,0.3658313517468447,50,100.9168807176544,101.30753335681902,2.1078823027555136,96.74832149731793,105.39485381236747,squared_euclidean_pc1_pc3,2000,2000,0.020887311297828896,0.29809957404430776,100.31782719545618,101.51593423985261,101.7823201868962,-0.8654394692418066,fixed,2000,"Fixed 2,000","2,000","Fixed 2,000 (36.6%)","2,000
36.6%",5467,bootstrap_mean,Additional random bootstrap-mean quadrat selected with seed 20260703
10m,1912_c,fixed_3000,3000,0.5487470276202671,50,101.70198055978699,101.79231924050146,1.6306950301943144,97.1904911790817,105.29788659933978,squared_euclidean_pc1_pc3,3000,3000,0.016034053822931073,0.2306151027795203,101.23854215993325,102.16541895964073,101.7823201868962,-0.08033962710921116,fixed,3000,"Fixed 3,000","3,000","Fixed 3,000 (54.9%)","3,000
54.9%",5467,bootstrap_mean,Additional random bootstrap-mean quadrat selected with seed 20260703
10m,1912_c,fixed_4000,4000,0.7316627034936894,50,101.7823201868962,101.76767492027884,1.051609286463416,99.93697201974796,104.90301746614895,squared_euclidean_pc1_pc3,4000,4000,0.010331944531549436,0.14872001152340558,101.48345613447319,102.08118423931921,101.7823201868962,0,fixed,4000,"Fixed 4,000","4,000","Fixed 4,000 (73.2%)","4,000
73.2%",5467,bootstrap_mean,Additional random bootstrap-mean quadrat selected with seed 20260703
10m,1917_c,pct_1,55,0.010088041085840058,50,175.83877729272854,175.98925373711293,28.903173470285132,111.80301574159222,254.5555745067568,squared_euclidean_pc1_pc3,55,55,0.16437314860401026,4.0875259917299465,167.62458627862588,184.0529683068312,173.69929196962403,2.139485323104509,percent,0.01,1% of pixels,1%,1% of pixels = 55 pixels (1.0%),"1%
55 px",5452,bootstrap_mean,Additional random bootstrap-mean quadrat selected with seed 20260703
10m,1917_c,pct_2,109,0.01999266324284666,50,170.93552966688728,171.4789585651282,19.95445317414537,138.5277075233318,229.92874655338815,squared_euclidean_pc1_pc3,109,109,0.11673672063983338,2.8219858308615238,165.26453682165837,176.6065225121162,173.69929196962403,-2.763762302736751,percent,0.02,2% of pixels,2%,2% of pixels = 109 pixels (2.0%),"2%
109 px",5452,bootstrap_mean,Additional random bootstrap-mean quadrat selected with seed 20260703
10m,1917_c,pct_3,164,0.03008070432868672,50,172.5161959331172,170.62592816572095,14.220131777998871,139.0422533943998,201.78711099982308,squared_euclidean_pc1_pc3,164,164,0.0824278074361892,2.011030321917864,168.474879197075,176.55751266915937,173.69929196962403,-1.1830960365068393,percent,0.03,3% of pixels,3%,3% of pixels = 164 pixels (3.0%),"3%
164 px",5452,bootstrap_mean,Additional random bootstrap-mean quadrat selected with seed 20260703
10m,1917_c,fixed_1250,1250,0.2292736610418195,50,173.0229040154542,172.26508770972777,4.944647467010606,165.21556649641704,187.02464817874272,squared_euclidean_pc1_pc3,1250,1250,0.02857799373526268,0.699278750900017,171.61765075379486,174.42815727711354,173.69929196962403,-0.6763879541698259,fixed,1250,"Fixed 1,250","1,250","Fixed 1,250 (22.9%)","1,250
22.9%",5452,bootstrap_mean,Additional random bootstrap-mean quadrat selected with seed 20260703
10m,1917_c,fixed_2000,2000,0.36683785766691124,50,174.01798220425556,174.41919514652952,3.4798622467225013,166.81448158962732,179.56894155972782,squared_euclidean_pc1_pc3,2000,2000,0.019997141689862684,0.4921268384505071,173.02901629617872,175.0069481123324,173.69929196962403,0.3186902346315321,fixed,2000,"Fixed 2,000","2,000","Fixed 2,000 (36.7%)","2,000
36.7%",5452,bootstrap_mean,Additional random bootstrap-mean quadrat selected with seed 20260703
10m,1917_c,fixed_3000,3000,0.5502567865003668,50,173.71946793035855,173.7394933052697,2.6935248241509573,168.06271726174018,180.1298829681752,squared_euclidean_pc1_pc3,3000,3000,0.015505025753537018,0.380921933690289,172.95397664513516,174.48495921558194,173.69929196962403,0.02017596073451955,fixed,3000,"Fixed 3,000","3,000","Fixed 3,000 (55.0%)","3,000
55.0%",5452,bootstrap_mean,Additional random bootstrap-mean quadrat selected with seed 20260703
10m,1917_c,fixed_4000,4000,0.7336757153338225,50,173.69929196962403,173.36873370563546,1.8311051590065304,170.2119188647089,178.74565968760646,squared_euclidean_pc1_pc3,4000,4000,0.010541811300685947,0.2589573749998378,173.17889764135236,174.2196862978957,173.69929196962403,0,fixed,4000,"Fixed 4,000","4,000","Fixed 4,000 (73.4%)","4,000
73.4%",5452,bootstrap_mean,Additional random bootstrap-mean quadrat selected with seed 20260703
10m,204_d,pct_1,71,0.00993423814187771,50,110.79075461306499,109.01230622615154,16.641621078250893,78.3332381149952,147.8052476810809,squared_euclidean_pc1_pc3,71,71,0.15020766973175242,2.3534806228736382,106.06125823227462,115.52025099385536,116.64243784709711,-5.851683234032123,percent,0.01,1% of pixels,1%,1% of pixels = 71 pixels (1.0%),"1%
71 px",7147,bootstrap_mean,Additional random bootstrap-mean quadrat selected with seed 20260703
10m,204_d,pct_2,143,0.02000839513082412,50,114.33596469548371,114.37749834072372,9.442875282320596,98.17525821013248,137.1219681251911,squared_euclidean_pc1_pc3,143,143,0.08258884514133628,1.3354242292055456,111.65232923340984,117.01960015755758,116.64243784709711,-2.306473151613403,percent,0.02,2% of pixels,2%,2% of pixels = 143 pixels (2.0%),"2%
143 px",7147,bootstrap_mean,Additional random bootstrap-mean quadrat selected with seed 20260703
10m,204_d,pct_3,214,0.029942633272701833,50,116.4324275519959,115.29376055548478,9.89215533256372,97.31534941769736,142.8044669079432,squared_euclidean_pc1_pc3,214,214,0.08496048343702292,1.3989620232412947,113.62110811240598,119.24374699158582,116.64243784709711,-0.21001029510121327,percent,0.03,3% of pixels,3%,3% of pixels = 214 pixels (3.0%),"3%
214 px",7147,bootstrap_mean,Additional random bootstrap-mean quadrat selected with seed 20260703
10m,204_d,fixed_1250,1250,0.17489855883587518,50,116.47248288387067,116.53327445742295,3.673525269350435,108.40863684381084,124.42220976537392,squared_euclidean_pc1_pc3,1250,1250,0.031539855409566026,0.5195149257635662,115.42847855373716,117.51648721400417,116.64243784709711,-0.169954963226445,fixed,1250,"Fixed 1,250","1,250","Fixed 1,250 (17.5%)","1,250
17.5%",7147,bootstrap_mean,Additional random bootstrap-mean quadrat selected with seed 20260703
10m,204_d,fixed_2000,2000,0.2798376941374003,50,116.22893763589197,116.09556189511629,2.3135619022704756,111.4067337834927,120.95399169696367,squared_euclidean_pc1_pc3,2000,2000,0.01990521422055946,0.32718706195806035,115.57143061827198,116.88644465351196,116.64243784709711,-0.4135002112051467,fixed,2000,"Fixed 2,000","2,000","Fixed 2,000 (28.0%)","2,000
28.0%",7147,bootstrap_mean,Additional random bootstrap-mean quadrat selected with seed 20260703
10m,204_d,fixed_3000,3000,0.41975654120610045,50,116.73272779822946,117.01358245758271,1.7812153109912205,111.6854684536132,121.23075691284134,squared_euclidean_pc1_pc3,3000,3000,0.015258919624237866,0.25190188503103944,116.2265120078849,117.23894358857402,116.64243784709711,0.09028995113234828,fixed,3000,"Fixed 3,000","3,000","Fixed 3,000 (42.0%)","3,000
42.0%",7147,bootstrap_mean,Additional random bootstrap-mean quadrat selected with seed 20260703
10m,204_d,fixed_4000,4000,0.5596753882748006,50,116.64243784709711,116.77824781002852,1.4560691346895231,114.03259430280737,120.41952965921291,squared_euclidean_pc1_pc3,4000,4000,0.01248318503594925,0.20591927180307804,116.22862757763396,117.05624811656027,116.64243784709711,0,fixed,4000,"Fixed 4,000","4,000","Fixed 4,000 (56.0%)","4,000
56.0%",7147,bootstrap_mean,Additional random bootstrap-mean quadrat selected with seed 20260703
10m,217_d,pct_1,78,0.009936305732484076,50,85.0140750698116,85.15496228644065,12.414782427609396,61.433874645717516,120.87260236039175,squared_euclidean_pc1_pc3,78,78,0.1460320825394461,1.7557153683036384,81.48583294222136,88.54231719740183,87.93759697587498,-2.9235219060633852,percent,0.01,1% of pixels,1%,1% of pixels = 78 pixels (1.0%),"1%
78 px",7850,bootstrap_mean,Additional random bootstrap-mean quadrat selected with seed 20260703
10m,217_d,pct_2,157,0.02,50,87.50477656817883,86.64843501168713,8.449900809626616,75.8091786094118,115.60933302456162,squared_euclidean_pc1_pc3,157,157,0.09656502354523386,1.1949964325681357,85.10334132883212,89.90621180752554,87.93759697587498,-0.4328204076961555,percent,0.02,2% of pixels,2%,2% of pixels = 157 pixels (2.0%),"2%
157 px",7850,bootstrap_mean,Additional random bootstrap-mean quadrat selected with seed 20260703
10m,217_d,pct_3,236,0.030063694267515925,50,87.52495322340889,86.0066201216398,6.998553671548826,69.06091010654286,104.96690157803683,squared_euclidean_pc1_pc3,236,236,0.07996066737316503,0.9897449519300369,85.53598627693661,89.51392016988116,87.93759697587498,-0.41264375246609575,percent,0.03,3% of pixels,3%,3% of pixels = 236 pixels (3.0%),"3%
236 px",7850,bootstrap_mean,Additional random bootstrap-mean quadrat selected with seed 20260703
10m,217_d,fixed_1250,1250,0.1592356687898089,50,87.70321495667115,87.7839759585735,3.2520805156075383,79.28359634887337,94.78802061286136,squared_euclidean_pc1_pc3,1250,1250,0.03708051657187476,0.4599136371101468,86.77898390031655,88.62744601302575,87.93759697587498,-0.23438201920383506,fixed,1250,"Fixed 1,250","1,250","Fixed 1,250 (15.9%)","1,250
15.9%",7850,bootstrap_mean,Additional random bootstrap-mean quadrat selected with seed 20260703
10m,217_d,fixed_2000,2000,0.25477707006369427,50,88.0535534606146,88.13718960910765,2.3442071786762626,83.67402003719918,94.38157222285355,squared_euclidean_pc1_pc3,2000,2000,0.026622516486229045,0.331520958509634,87.38733715180429,88.7197697694249,87.93759697587498,0.11595648473961262,fixed,2000,"Fixed 2,000","2,000","Fixed 2,000 (25.5%)","2,000
25.5%",7850,bootstrap_mean,Additional random bootstrap-mean quadrat selected with seed 20260703
10m,217_d,fixed_3000,3000,0.3821656050955414,50,87.9833693190515,87.87839345823926,1.9078073694536137,83.04694700457283,92.34093830611705,squared_euclidean_pc1_pc3,3000,3000,0.0216837270977358,0.26980470562766384,87.44117646376121,88.5255621743418,87.93759697587498,0.04577234317652312,fixed,3000,"Fixed 3,000","3,000","Fixed 3,000 (38.2%)","3,000
38.2%",7850,bootstrap_mean,Additional random bootstrap-mean quadrat selected with seed 20260703
10m,217_d,fixed_4000,4000,0.5095541401273885,50,87.93759697587498,87.84199243421205,1.148633431889364,85.19775832744851,90.45032046600352,squared_euclidean_pc1_pc3,4000,4000,0.013061915169281724,0.16244129775730914,87.61115896641476,88.2640349853352,87.93759697587498,0,fixed,4000,"Fixed 4,000","4,000","Fixed 4,000 (51.0%)","4,000
51.0%",7850,bootstrap_mean,Additional random bootstrap-mean quadrat selected with seed 20260703
10m,22_c,pct_1,71,0.009949551569506726,50,191.96970096908998,178.42625034236863,55.20487196650133,86.55257528593897,309.16017454570505,squared_euclidean_pc1_pc3,71,71,0.2875707556339328,7.807147864409645,176.28064994816594,207.65875199001403,193.59635134379252,-1.6266503747025354,percent,0.01,1% of pixels,1%,1% of pixels = 71 pixels (1.0%),"1%
71 px",7136,bootstrap_mean,Additional random bootstrap-mean quadrat selected with seed 20260703
10m,22_c,pct_2,143,0.020039237668161434,50,200.6750235275902,193.1750535289858,37.55371375241442,140.14460480392083,293.98506430081926,squared_euclidean_pc1_pc3,143,143,0.18713695950931963,5.310897130614149,190.00237616696728,211.34767088821314,193.59635134379252,7.078672183797693,percent,0.02,2% of pixels,2%,2% of pixels = 143 pixels (2.0%),"2%
143 px",7136,bootstrap_mean,Additional random bootstrap-mean quadrat selected with seed 20260703
10m,22_c,pct_3,214,0.02998878923766816,50,185.34771454703616,183.44047683617268,27.08907512359054,128.67813482810095,241.21733539645015,squared_euclidean_pc1_pc3,214,214,0.1461527334706686,3.8309737431925366,177.64908457862413,193.0463445154482,193.59635134379252,-8.248636796756358,percent,0.03,3% of pixels,3%,3% of pixels = 214 pixels (3.0%),"3%
214 px",7136,bootstrap_mean,Additional random bootstrap-mean quadrat selected with seed 20260703
10m,22_c,fixed_1250,1250,0.17516816143497757,50,193.17174730993239,191.65275211945755,11.404296314740566,170.21390436661102,227.21090993935303,squared_euclidean_pc1_pc3,1250,1250,0.05903708214868017,1.6128110517627616,189.93068215814156,196.4128124617232,193.59635134379252,-0.4246040338601347,fixed,1250,"Fixed 1,250","1,250","Fixed 1,250 (17.5%)","1,250
17.5%",7136,bootstrap_mean,Additional random bootstrap-mean quadrat selected with seed 20260703
10m,22_c,fixed_2000,2000,0.2802690582959641,50,192.1684019226352,191.4731350127105,9.5280045937444,168.79477383552023,212.07272939855775,squared_euclidean_pc1_pc3,2000,2000,0.04958153629013507,1.3474633318826483,189.4605729779442,194.87623086732623,193.59635134379252,-1.427949421157308,fixed,2000,"Fixed 2,000","2,000","Fixed 2,000 (28.0%)","2,000
28.0%",7136,bootstrap_mean,Additional random bootstrap-mean quadrat selected with seed 20260703
10m,22_c,fixed_3000,3000,0.4204035874439462,50,190.82292716474186,191.34976223379772,7.1883661992908285,173.39019459904986,210.23053134032284,squared_euclidean_pc1_pc3,3000,3000,0.03767034866352797,1.0165884970341428,188.7800160947516,192.8658382347321,193.59635134379252,-2.7734241790506644,fixed,3000,"Fixed 3,000","3,000","Fixed 3,000 (42.0%)","3,000
42.0%",7136,bootstrap_mean,Additional random bootstrap-mean quadrat selected with seed 20260703
10m,22_c,fixed_4000,4000,0.5605381165919282,50,193.59635134379252,192.47184831048924,5.397086429803594,184.25486401434875,208.1395068338631,squared_euclidean_pc1_pc3,4000,4000,0.027878037950308958,0.763263282632803,192.06251635160368,195.13018633598136,193.59635134379252,0,fixed,4000,"Fixed 4,000","4,000","Fixed 4,000 (56.1%)","4,000
56.1%",7136,bootstrap_mean,Additional random bootstrap-mean quadrat selected with seed 20260703
10m,319_c,pct_1,90,0.010018924635422465,50,86.40778705110348,83.75877065513501,14.783968147417163,61.338537817282216,120.75897723827646,squared_euclidean_pc1_pc3,90,90,0.17109532198381144,2.090768825976919,82.20622979185849,90.60934431034848,86.36338453422076,0.04440251688272667,percent,0.01,1% of pixels,1%,1% of pixels = 90 pixels (1.0%),"1%
90 px",8983,bootstrap_mean,Additional random bootstrap-mean quadrat selected with seed 20260703
10m,319_c,pct_2,180,0.02003784927084493,50,86.02735386742489,85.42510988164653,8.232467537429462,70.19914212063912,108.51968681308995,squared_euclidean_pc1_pc3,180,180,0.09569592887997416,1.164246724322898,83.68771248031676,88.36699525453302,86.36338453422076,-0.3360306667958639,percent,0.02,2% of pixels,2%,2% of pixels = 180 pixels (2.0%),"2%
180 px",8983,bootstrap_mean,Additional random bootstrap-mean quadrat selected with seed 20260703
10m,319_c,pct_3,269,0.029945452521429366,50,86.9535111235907,86.60898951581632,7.415700243888761,72.78749719133162,100.98742134201481,squared_euclidean_pc1_pc3,269,269,0.08528350549696047,1.0487383859400954,84.84599243297859,89.06102981420281,86.36338453422076,0.5901265893699446,percent,0.03,3% of pixels,3%,3% of pixels = 269 pixels (3.0%),"3%
269 px",8983,bootstrap_mean,Additional random bootstrap-mean quadrat selected with seed 20260703
10m,319_c,fixed_1250,1250,0.13915173104753423,50,86.63336581022065,86.62799969638,3.2087881986076727,79.40804669226216,94.15893144114999,squared_euclidean_pc1_pc3,1250,1250,0.03703871099313924,0.4537911789253703,85.72143829422454,87.54529332621676,86.36338453422076,0.2699812759998963,fixed,1250,"Fixed 1,250","1,250","Fixed 1,250 (13.9%)","1,250
13.9%",8983,bootstrap_mean,Additional random bootstrap-mean quadrat selected with seed 20260703
10m,319_c,fixed_2000,2000,0.22264276967605476,50,86.23013209501714,85.83475475669587,2.967976189655021,81.11971016463619,92.17752629820903,squared_euclidean_pc1_pc3,2000,2000,0.03441924670119492,0.41973521802105523,85.38664259473099,87.0736215953033,86.36338453422076,-0.1332524392036163,fixed,2000,"Fixed 2,000","2,000","Fixed 2,000 (22.3%)","2,000
22.3%",8983,bootstrap_mean,Additional random bootstrap-mean quadrat selected with seed 20260703
10m,319_c,fixed_3000,3000,0.3339641545140822,50,85.96814336942955,85.49875960656621,2.0259658635509656,81.61983098095571,90.83278627847737,squared_euclidean_pc1_pc3,3000,3000,0.023566472231984985,0.28651484011386946,85.39237024166668,86.54391649719243,86.36338453422076,-0.3952411647912015,fixed,3000,"Fixed 3,000","3,000","Fixed 3,000 (33.4%)","3,000
33.4%",8983,bootstrap_mean,Additional random bootstrap-mean quadrat selected with seed 20260703
10m,319_c,fixed_4000,4000,0.4452855393521095,50,86.36338453422076,86.2885543772895,1.1273621800442108,84.20885981399464,88.94559158688806,squared_euclidean_pc1_pc3,4000,4000,0.013053705411435135,0.1594330884725022,86.04299174764738,86.68377732079414,86.36338453422076,0,fixed,4000,"Fixed 4,000","4,000","Fixed 4,000 (44.5%)","4,000
44.5%",8983,bootstrap_mean,Additional random bootstrap-mean quadrat selected with seed 20260703
10m,409_d,pct_1,60,0.010018367006177992,50,148.18306672056966,150.72559285271925,23.23423064056371,89.81941719059526,202.68907899846118,squared_euclidean_pc1_pc3,60,60,0.1567941003972926,3.285816408318972,141.5799714326589,154.7861620084804,149.55794139659608,-1.3748746760264225,percent,0.01,1% of pixels,1%,1% of pixels = 60 pixels (1.0%),"1%
60 px",5989,bootstrap_mean,Additional random bootstrap-mean quadrat selected with seed 20260703
10m,409_d,pct_2,120,0.020036734012355985,50,153.9767594827631,152.55102227088878,17.992663667939848,111.310577425182,202.90310554236478,squared_euclidean_pc1_pc3,120,120,0.11685311295276371,2.544546898241817,148.86330104634234,159.09021791918386,149.55794139659608,4.418818086167022,percent,0.02,2% of pixels,2%,2% of pixels = 120 pixels (2.0%),"2%
120 px",5989,bootstrap_mean,Additional random bootstrap-mean quadrat selected with seed 20260703
10m,409_d,pct_3,180,0.03005510101853398,50,151.223642466902,151.05414635345994,15.232752613337183,125.06720349696906,197.50401675575532,squared_euclidean_pc1_pc3,180,180,0.10072996764822104,2.154236533805565,146.89454207364722,155.55274286015677,149.55794139659608,1.6657010703059143,percent,0.03,3% of pixels,3%,3% of pixels = 180 pixels (3.0%),"3%
180 px",5989,bootstrap_mean,Additional random bootstrap-mean quadrat selected with seed 20260703
10m,409_d,fixed_1250,1250,0.20871597929537486,50,149.9008873200134,149.77191603550997,6.174352785995457,137.9936887877136,165.83836298758806,squared_euclidean_pc1_pc3,1250,1250,0.0411895679630918,0.8731853448830879,148.1461556735122,151.6556189665146,149.55794139659608,0.342945923417318,fixed,1250,"Fixed 1,250","1,250","Fixed 1,250 (20.9%)","1,250
20.9%",5989,bootstrap_mean,Additional random bootstrap-mean quadrat selected with seed 20260703
10m,409_d,fixed_2000,2000,0.33394556687259974,50,150.5079032169067,150.6865533074627,4.119830103904108,141.41479078632173,159.2433239405976,squared_euclidean_pc1_pc3,2000,2000,0.02737284897236761,0.5826319607614147,149.3370604562005,151.6787459776129,149.55794139659608,0.9499618203106195,fixed,2000,"Fixed 2,000","2,000","Fixed 2,000 (33.4%)","2,000
33.4%",5989,bootstrap_mean,Additional random bootstrap-mean quadrat selected with seed 20260703
10m,409_d,fixed_3000,3000,0.5009183503088996,50,150.1937897682554,150.264126794258,2.5262030731815246,145.12251057925712,154.77647275859573,squared_euclidean_pc1_pc3,3000,3000,0.016819624014277695,0.3572590647401904,149.47585079851356,150.91172873799727,149.55794139659608,0.6358483716593355,fixed,3000,"Fixed 3,000","3,000","Fixed 3,000 (50.1%)","3,000
50.1%",5989,bootstrap_mean,Additional random bootstrap-mean quadrat selected with seed 20260703
10m,409_d,fixed_4000,4000,0.6678911337451995,50,149.55794139659608,149.4461512161066,1.8352678352007388,144.84569413014506,153.26963914365737,squared_euclidean_pc1_pc3,4000,4000,0.012271283076396432,0.25954606631279953,149.03636404883957,150.07951874435258,149.55794139659608,0,fixed,4000,"Fixed 4,000","4,000","Fixed 4,000 (66.8%)","4,000
66.8%",5989,bootstrap_mean,Additional random bootstrap-mean quadrat selected with seed 20260703
10m,503_c,pct_1,74,0.009995947588815345,50,84.84161192036575,83.33614069492633,11.27632286193243,43.968334298463155,110.7732779668119,squared_euclidean_pc1_pc3,74,74,0.1329102854919428,1.5947128725042636,81.63691642144994,88.04630741928156,83.24341458459018,1.5981973357755663,percent,0.01,1% of pixels,1%,1% of pixels = 74 pixels (1.0%),"1%
74 px",7403,bootstrap_mean,Additional random bootstrap-mean quadrat selected with seed 20260703
10m,503_c,pct_2,148,0.01999189517763069,50,80.85557989349171,82.15501709116157,7.038697839701646,65.07111135869297,94.79506477261175,squared_euclidean_pc1_pc3,148,148,0.08705271607690504,0.9954221946352273,78.85520410066391,82.8559556863195,83.24341458459018,-2.387834691098476,percent,0.02,2% of pixels,2%,2% of pixels = 148 pixels (2.0%),"2%
148 px",7403,bootstrap_mean,Additional random bootstrap-mean quadrat selected with seed 20260703
10m,503_c,pct_3,222,0.029987842766446036,50,84.00846334141151,83.99665229001346,6.517643360488643,70.30935329727254,96.48900395334502,squared_euclidean_pc1_pc3,222,222,0.0775831755665004,0.9217339635113994,82.15616959311802,85.860757089705,83.24341458459018,0.7650487568213293,percent,0.03,3% of pixels,3%,3% of pixels = 222 pixels (3.0%),"3%
222 px",7403,bootstrap_mean,Additional random bootstrap-mean quadrat selected with seed 20260703
10m,503_c,fixed_1250,1250,0.16885046602728623,50,83.15650377461522,83.2176176624626,2.628482835910465,76.46715368115426,89.61735797909174,squared_euclidean_pc1_pc3,1250,1250,0.03160886661414509,0.37172360750094735,82.40949721792497,83.90351033130547,83.24341458459018,-0.0869108099749667,fixed,1250,"Fixed 1,250","1,250","Fixed 1,250 (16.9%)","1,250
16.9%",7403,bootstrap_mean,Additional random bootstrap-mean quadrat selected with seed 20260703
10m,503_c,fixed_2000,2000,0.270160745643658,50,83.58209551753723,83.53584008062036,1.5759464672833665,80.431918187703,87.27075150548723,squared_euclidean_pc1_pc3,2000,2000,0.018855072459300817,0.2228724867606104,83.13421648710569,84.02997454796876,83.24341458459018,0.3386809329470424,fixed,2000,"Fixed 2,000","2,000","Fixed 2,000 (27.0%)","2,000
27.0%",7403,bootstrap_mean,Additional random bootstrap-mean quadrat selected with seed 20260703
10m,503_c,fixed_3000,3000,0.40524111846548694,50,83.23031328673174,83.01045876691471,1.3070113937911707,80.90447434345856,87.2226811648989,squared_euclidean_pc1_pc3,3000,3000,0.01570355009104032,0.18483932392756355,82.8588647585192,83.60176181494428,83.24341458459018,-0.01310129785844083,fixed,3000,"Fixed 3,000","3,000","Fixed 3,000 (40.5%)","3,000
40.5%",7403,bootstrap_mean,Additional random bootstrap-mean quadrat selected with seed 20260703
10m,503_c,fixed_4000,4000,0.540321491287316,50,83.24341458459018,83.33141329615471,0.9437463077487865,80.93579520281028,85.83350487483946,squared_euclidean_pc1_pc3,4000,4000,0.011337188802962566,0.13346588278578667,82.97520485154227,83.5116243176381,83.24341458459018,0,fixed,4000,"Fixed 4,000","4,000","Fixed 4,000 (54.0%)","4,000
54.0%",7403,bootstrap_mean,Additional random bootstrap-mean quadrat selected with seed 20260703
10m,614_a,pct_1,71,0.009997183891861447,50,83.10575640611667,82.60584865385592,12.449104856975067,56.387317516863014,113.11933539241026,squared_euclidean_pc1_pc3,71,71,0.1497983460512586,1.760569292813891,79.56775995202774,86.6437528602056,83.7644984318315,-0.6587420257148295,percent,0.01,1% of pixels,1%,1% of pixels = 71 pixels (1.0%),"1%
71 px",7102,bootstrap_mean,Additional random bootstrap-mean quadrat selected with seed 20260703
10m,614_a,pct_2,142,0.019994367783722895,50,83.33404679586599,79.63245370482309,9.295972568802457,64.35651731993308,102.04169712377339,squared_euclidean_pc1_pc3,142,142,0.11155071577855509,1.3146490482248694,80.69216062303776,85.97593296869421,83.7644984318315,-0.43045163596551106,percent,0.02,2% of pixels,2%,2% of pixels = 142 pixels (2.0%),"2%
142 px",7102,bootstrap_mean,Additional random bootstrap-mean quadrat selected with seed 20260703
10m,614_a,pct_3,213,0.029991551675584344,50,84.51336142664073,84.85256395107754,7.635105802684276,71.82608870645538,100.75875565896547,squared_euclidean_pc1_pc3,213,213,0.09034199650562591,1.079767017630962,82.34348836614066,86.6832344871408,83.7644984318315,0.7488629948092296,percent,0.03,3% of pixels,3%,3% of pixels = 213 pixels (3.0%),"3%
213 px",7102,bootstrap_mean,Additional random bootstrap-mean quadrat selected with seed 20260703
10m,614_a,fixed_1250,1250,0.17600675865953253,50,84.59918091975888,84.8294994998725,2.4025153992070507,80.21153568970601,89.63691653921558,squared_euclidean_pc1_pc3,1250,1250,0.028398802128897706,0.33976698613688217,83.91639359802417,85.28196824149359,83.7644984318315,0.8346824879273811,fixed,1250,"Fixed 1,250","1,250","Fixed 1,250 (17.6%)","1,250
17.6%",7102,bootstrap_mean,Additional random bootstrap-mean quadrat selected with seed 20260703
10m,614_a,fixed_2000,2000,0.28161081385525205,50,83.65377418070237,83.93374771488263,1.9693635832299272,79.88989947999174,88.73704764403377,squared_euclidean_pc1_pc3,2000,2000,0.023541837801314993,0.27851006886474383,83.09408724302062,84.21346111838412,83.7644984318315,-0.11072425112912754,fixed,2000,"Fixed 2,000","2,000","Fixed 2,000 (28.2%)","2,000
28.2%",7102,bootstrap_mean,Additional random bootstrap-mean quadrat selected with seed 20260703
10m,614_a,fixed_3000,3000,0.42241622078287805,50,83.5805677328091,83.49574478088292,1.4544320166465436,81.02225102286025,87.24428662356635,squared_euclidean_pc1_pc3,3000,3000,0.017401557037708588,0.20568774834911932,83.16722272714584,83.99391273847236,83.7644984318315,-0.18393069902239745,fixed,3000,"Fixed 3,000","3,000","Fixed 3,000 (42.2%)","3,000
42.2%",7102,bootstrap_mean,Additional random bootstrap-mean quadrat selected with seed 20260703
10m,614_a,fixed_4000,4000,0.5632216277105041,50,83.7644984318315,83.54423565279268,1.2866912762562672,80.99431233787053,86.77005806768045,squared_euclidean_pc1_pc3,4000,4000,0.01536081872803657,0.18196562534687596,83.39882481712569,84.13017204653731,83.7644984318315,0,fixed,4000,"Fixed 4,000","4,000","Fixed 4,000 (56.3%)","4,000
56.3%",7102,bootstrap_mean,Additional random bootstrap-mean quadrat selected with seed 20260703
10m,700_c,pct_1,76,0.009969828151646333,50,80.20508112093704,79.93460828332746,12.993415734382335,56.56658393938089,109.79094949362924,squared_euclidean_pc1_pc3,76,76,0.16200240125423282,1.8375464753115467,76.51239322707684,83.89776901479723,80.82774814731161,-0.6226670263745717,percent,0.01,1% of pixels,1%,1% of pixels = 76 pixels (1.0%),"1%
76 px",7623,bootstrap_mean,Additional random bootstrap-mean quadrat selected with seed 20260703
10m,700_c,pct_2,152,0.019939656303292665,50,79.90553708621113,78.86412221977315,7.991015936132001,64.37549498295068,97.75883393378625,squared_euclidean_pc1_pc3,152,152,0.10000578467435103,1.130100311401741,77.63451548494615,82.1765586874761,80.82774814731161,-0.9222110611004837,percent,0.02,2% of pixels,2%,2% of pixels = 152 pixels (2.0%),"2%
152 px",7623,bootstrap_mean,Additional random bootstrap-mean quadrat selected with seed 20260703
10m,700_c,pct_3,229,0.03004066640430277,50,82.80450505920054,82.36576643316295,7.444534088116337,70.3895865210511,101.9393761868097,squared_euclidean_pc1_pc3,229,229,0.0899049403506961,1.0528161072962945,80.68879188072711,84.92021823767396,80.82774814731161,1.976756911888927,percent,0.03,3% of pixels,3%,3% of pixels = 229 pixels (3.0%),"3%
229 px",7623,bootstrap_mean,Additional random bootstrap-mean quadrat selected with seed 20260703
10m,700_c,fixed_1250,1250,0.16397743670470943,50,79.85938566313982,79.38724331893513,2.5797610442685834,75.51991638682735,85.35565959005424,squared_euclidean_pc1_pc3,1250,1250,0.03230379275831704,0.3648333056486409,79.12622568642831,80.59254563985132,80.82774814731161,-0.9683624841717915,fixed,1250,"Fixed 1,250","1,250","Fixed 1,250 (16.4%)","1,250
16.4%",7623,bootstrap_mean,Additional random bootstrap-mean quadrat selected with seed 20260703
10m,700_c,fixed_2000,2000,0.26236389872753507,50,80.74093270285412,80.56821123852957,2.2656914561479278,76.15168393073245,85.23329420808692,squared_euclidean_pc1_pc3,2000,2000,0.028061249484028286,0.3204171585437246,80.09703031549334,81.3848350902149,80.82774814731161,-0.08681544445748557,fixed,2000,"Fixed 2,000","2,000","Fixed 2,000 (26.2%)","2,000
26.2%",7623,bootstrap_mean,Additional random bootstrap-mean quadrat selected with seed 20260703
10m,700_c,fixed_3000,3000,0.39354584809130266,50,80.91086491391792,80.95163930229012,1.4869792032585816,77.42476406079668,84.77053517733071,squared_euclidean_pc1_pc3,3000,3000,0.01837799169296481,0.2102906156215025,80.48827010016429,81.33345972767155,80.82774814731161,0.08311676660630951,fixed,3000,"Fixed 3,000","3,000","Fixed 3,000 (39.4%)","3,000
39.4%",7623,bootstrap_mean,Additional random bootstrap-mean quadrat selected with seed 20260703
10m,700_c,fixed_4000,4000,0.5247277974550701,50,80.82774814731161,80.95517752354115,1.0835427843681413,78.20872240980667,82.69932955828642,squared_euclidean_pc1_pc3,4000,4000,0.013405579262128445,0.15323609010649314,80.5198086951991,81.13568759942412,80.82774814731161,0,fixed,4000,"Fixed 4,000","4,000","Fixed 4,000 (52.5%)","4,000
52.5%",7623,bootstrap_mean,Additional random bootstrap-mean quadrat selected with seed 20260703
10m,722_a,pct_1,88,0.010021637626693999,50,120.3151790818359,122.12850586397948,13.405465119209545,94.80973486799641,146.68491279336817,squared_euclidean_pc1_pc3,88,88,0.11141956668735394,1.8958190581505596,116.50538804849884,124.12497011517294,123.04134873588639,-2.7261696540504943,percent,0.01,1% of pixels,1%,1% of pixels = 88 pixels (1.0%),"1%
88 px",8781,bootstrap_mean,Additional random bootstrap-mean quadrat selected with seed 20260703
10m,722_a,pct_2,176,0.020043275253387997,50,121.16515098235482,119.92311622286957,10.707709193315143,102.52077882970555,150.28140707122253,squared_euclidean_pc1_pc3,176,176,0.08837284571101223,1.5142987563133348,118.12205370005194,124.2082482646577,123.04134873588639,-1.8761977535315708,percent,0.02,2% of pixels,2%,2% of pixels = 176 pixels (2.0%),"2%
176 px",8781,bootstrap_mean,Additional random bootstrap-mean quadrat selected with seed 20260703
10m,722_a,pct_3,263,0.029951030634324107,50,123.28856742939244,123.82401176746839,8.381123590082632,102.16364213824777,141.71576184362323,squared_euclidean_pc1_pc3,263,263,0.06797973052028944,1.1852698649019942,120.90667845956987,125.67045639921501,123.04134873588639,0.2472186935060563,percent,0.03,3% of pixels,3%,3% of pixels = 263 pixels (3.0%),"3%
263 px",8781,bootstrap_mean,Additional random bootstrap-mean quadrat selected with seed 20260703
10m,722_a,fixed_1250,1250,0.14235280719735793,50,122.97733451694972,123.25070265427871,3.6314856512793052,114.20839087281703,130.5986258276817,squared_euclidean_pc1_pc3,1250,1250,0.029529715093790595,0.5135696259602486,121.94527771407829,124.00939131982116,123.04134873588639,-0.06401421893666281,fixed,1250,"Fixed 1,250","1,250","Fixed 1,250 (14.2%)","1,250
14.2%",8781,bootstrap_mean,Additional random bootstrap-mean quadrat selected with seed 20260703
10m,722_a,fixed_2000,2000,0.2277644915157727,50,123.21730159429723,123.30112851088735,2.312321090129405,115.85117394396542,127.62841067773904,squared_euclidean_pc1_pc3,2000,2000,0.01876620458499332,0.32701158462223445,122.56014721158598,123.87445597700847,123.04134873588639,0.17595285841083808,fixed,2000,"Fixed 2,000","2,000","Fixed 2,000 (22.8%)","2,000
22.8%",8781,bootstrap_mean,Additional random bootstrap-mean quadrat selected with seed 20260703
10m,722_a,fixed_3000,3000,0.341646737273659,50,123.56722898769449,123.43407660616508,1.8615338584250867,118.37283102801662,127.59457990583587,squared_euclidean_pc1_pc3,3000,3000,0.015064947831843575,0.26326064294014745,123.03818691873124,124.09627105665774,123.04134873588639,0.525880251808104,fixed,3000,"Fixed 3,000","3,000","Fixed 3,000 (34.2%)","3,000
34.2%",8781,bootstrap_mean,Additional random bootstrap-mean quadrat selected with seed 20260703
10m,722_a,fixed_4000,4000,0.4555289830315454,50,123.04134873588639,123.43923294428973,1.8974716125151057,118.49453663384875,127.26269662220406,squared_euclidean_pc1_pc3,4000,4000,0.01542141428072372,0.26834300886368084,122.50209327021719,123.58060420155559,123.04134873588639,0,fixed,4000,"Fixed 4,000","4,000","Fixed 4,000 (45.6%)","4,000
45.6%",8781,bootstrap_mean,Additional random bootstrap-mean quadrat selected with seed 20260703
10m,800_a,pct_1,40,0.01006036217303823,50,491.08289363136566,434.66980185539603,292.8096883290795,138.96189742269408,1592.2130568251284,squared_euclidean_pc1_pc3,40,40,0.5962530809490564,41.40954324292232,407.8673009495565,574.2984863131747,562.3322170305767,-71.249323399211,percent,0.01,1% of pixels,1%,1% of pixels = 40 pixels (1.0%),"1%
40 px",3976,bootstrap_mean,"Original 10 m replacement: closest bootstrap-mean quadrat at or below 4,000 retained pixels"
10m,800_a,pct_2,80,0.02012072434607646,50,531.3311876719632,481.94945558452605,277.3930463543637,220.06920235849984,1237.3769245541512,squared_euclidean_pc1_pc3,80,80,0.5220718316381279,39.22930082623298,452.4969561616718,610.1654191822546,562.3322170305767,-31.001029358613437,percent,0.02,2% of pixels,2%,2% of pixels = 80 pixels (2.0%),"2%
80 px",3976,bootstrap_mean,"Original 10 m replacement: closest bootstrap-mean quadrat at or below 4,000 retained pixels"
10m,800_a,pct_3,119,0.02992957746478873,50,620.7413168013823,587.4868710569024,237.31377767509628,262.47597324608097,1224.885370325392,squared_euclidean_pc1_pc3,119,119,0.3823070436135142,33.561236292611454,553.2974874203071,688.1851461824574,562.3322170305767,58.4090997708056,percent,0.03,3% of pixels,3%,3% of pixels = 119 pixels (3.0%),"3%
119 px",3976,bootstrap_mean,"Original 10 m replacement: closest bootstrap-mean quadrat at or below 4,000 retained pixels"
10m,800_a,fixed_1250,1250,0.31438631790744465,50,550.7208797887378,547.7438851740471,63.8850409411441,444.72125068374396,716.3458969469422,squared_euclidean_pc1_pc3,1250,1250,0.11600257641520885,9.034709133172642,532.5649520400486,568.8768075374269,562.3322170305767,-11.611337241838896,fixed,1250,"Fixed 1,250","1,250","Fixed 1,250 (31.4%)","1,250
31.4%",3976,bootstrap_mean,"Original 10 m replacement: closest bootstrap-mean quadrat at or below 4,000 retained pixels"
10m,800_a,fixed_2000,2000,0.5030181086519114,50,574.8116307539893,574.7336265200004,33.32987832189551,509.86171720087236,649.9496274447631,squared_euclidean_pc1_pc3,2000,2000,0.05798400125998875,4.713556595506963,565.3393841408513,584.2838773671274,562.3322170305767,12.479413723412677,fixed,2000,"Fixed 2,000","2,000","Fixed 2,000 (50.3%)","2,000
50.3%",3976,bootstrap_mean,"Original 10 m replacement: closest bootstrap-mean quadrat at or below 4,000 retained pixels"
10m,800_a,fixed_3000,3000,0.7545271629778671,50,560.1976693577818,558.4175916693854,27.547820273815272,496.1023642035649,621.7492614362363,squared_euclidean_pc1_pc3,3000,3000,0.049175178299824894,3.8958501045046066,552.368665460202,568.0266732553616,562.3322170305767,-2.134547672794838,fixed,3000,"Fixed 3,000","3,000","Fixed 3,000 (75.5%)","3,000
75.5%",3976,bootstrap_mean,"Original 10 m replacement: closest bootstrap-mean quadrat at or below 4,000 retained pixels"
10m,800_a,fixed_4000,3976,1,50,562.3322170305767,562.3322170305767,0,562.3322170305767,562.3322170305767,squared_euclidean_pc1_pc3,3976,3976,0,0,562.3322170305767,562.3322170305767,562.3322170305767,0,fixed,4000,"Fixed 4,000","4,000","Fixed 4,000 (100.0%)","3,976
100.0%",3976,bootstrap_mean,"Original 10 m replacement: closest bootstrap-mean quadrat at or below 4,000 retained pixels"
10m,914_a,pct_1,72,0.009972299168975069,50,183.78526434854803,173.85897495874,44.06121093796918,114.2280669032343,329.4448194379736,squared_euclidean_pc1_pc3,72,72,0.23974289284916372,6.231196208305777,171.26320675064312,196.30732194645293,178.52774875755148,5.257515590996547,percent,0.01,1% of pixels,1%,1% of pixels = 72 pixels (1.0%),"1%
72 px",7220,bootstrap_mean,Additional random bootstrap-mean quadrat selected with seed 20260703
10m,914_a,pct_2,144,0.019944598337950138,50,182.43103315245588,180.17040446864593,26.280994856795104,134.5326229762152,237.23718508116514,squared_euclidean_pc1_pc3,144,144,0.14405989158013663,3.716693935913719,174.96205705485525,189.9000092500565,178.52774875755148,3.9032843949044036,percent,0.02,2% of pixels,2%,2% of pixels = 144 pixels (2.0%),"2%
144 px",7220,bootstrap_mean,Additional random bootstrap-mean quadrat selected with seed 20260703
10m,914_a,pct_3,217,0.030055401662049862,50,178.2509299404142,171.70482671259606,25.715072986404785,140.68058800489894,260.6484759731192,squared_euclidean_pc1_pc3,217,217,0.1442633314451758,3.6366604974787653,170.94278705883477,185.55907282199365,178.52774875755148,-0.2768188171372685,percent,0.03,3% of pixels,3%,3% of pixels = 217 pixels (3.0%),"3%
217 px",7220,bootstrap_mean,Additional random bootstrap-mean quadrat selected with seed 20260703
10m,914_a,fixed_1250,1250,0.1731301939058172,50,179.6864845665457,180.19195676474706,8.356466290134648,161.93706841107564,201.28949211579504,squared_euclidean_pc1_pc3,1250,1250,0.04650581433708158,1.1817827961022003,177.31160312383335,182.06136600925802,178.52774875755148,1.1587358089942086,fixed,1250,"Fixed 1,250","1,250","Fixed 1,250 (17.3%)","1,250
17.3%",7220,bootstrap_mean,Additional random bootstrap-mean quadrat selected with seed 20260703
10m,914_a,fixed_2000,2000,0.2770083102493075,50,179.27167678832225,178.14725881453896,6.056228911889225,168.15486217444973,197.7911617841197,squared_euclidean_pc1_pc3,2000,2000,0.033782407909533914,0.8564801064029794,177.55051557540102,180.99283800124348,178.52774875755148,0.7439280307707747,fixed,2000,"Fixed 2,000","2,000","Fixed 2,000 (27.7%)","2,000
27.7%",7220,bootstrap_mean,Additional random bootstrap-mean quadrat selected with seed 20260703
10m,914_a,fixed_3000,3000,0.4155124653739612,50,179.1624840741856,179.29825740879573,4.438519161259291,167.28335991288432,188.6927852070146,squared_euclidean_pc1_pc3,3000,3000,0.02477370853722612,0.6277013994705744,177.90107088549817,180.42389726287306,178.52774875755148,0.634735316634135,fixed,3000,"Fixed 3,000","3,000","Fixed 3,000 (41.6%)","3,000
41.6%",7220,bootstrap_mean,Additional random bootstrap-mean quadrat selected with seed 20260703
10m,914_a,fixed_4000,4000,0.554016620498615,50,178.52774875755148,178.9592169019108,3.496698785137005,172.51260412509822,187.71257268601067,squared_euclidean_pc1_pc3,4000,4000,0.019586304143036474,0.4945078845474277,177.5339979581998,179.52149955690317,178.52774875755148,0,fixed,4000,"Fixed 4,000","4,000","Fixed 4,000 (55.4%)","4,000
55.4%",7220,bootstrap_mean,Additional random bootstrap-mean quadrat selected with seed 20260703
20m,100,pct_1,308,0.009997403271877434,50,117.53762434133904,118.21411188523187,10.8390222908995,93.55035236688143,147.9326007882591,squared_euclidean_pc1_pc3,308,308,0.0922174695263712,1.5328692326654367,114.45720828961728,120.6180403930608,122.1253650441983,-4.587740702859264,percent,0.01,1% of pixels,1%,1% of pixels = 308 pixels (1.0%),"1%
308 px",30808,bootstrap_mean,Additional random bootstrap-mean quadrat selected with seed 20260703
20m,100,pct_2,616,0.019994806543754868,50,120.46859601904416,118.98318320802923,8.7400830840999,107.64460346555927,145.45519617962503,squared_euclidean_pc1_pc3,616,616,0.07255071755562116,1.2360344033801747,117.98469188977154,122.95250014831677,122.1253650441983,-1.6567690251541478,percent,0.02,2% of pixels,2%,2% of pixels = 616 pixels (2.0%),"2%
616 px",30808,bootstrap_mean,Additional random bootstrap-mean quadrat selected with seed 20260703
20m,100,pct_3,924,0.029992209815632304,50,120.90951853497393,120.77990857465336,7.809418104669816,104.46660980412815,142.80161986065724,squared_euclidean_pc1_pc3,924,924,0.06458894385896415,1.1044184997866044,118.69010646637534,123.12893060357251,122.1253650441983,-1.2158465092243773,percent,0.03,3% of pixels,3%,3% of pixels = 924 pixels (3.0%),"3%
924 px",30808,bootstrap_mean,Additional random bootstrap-mean quadrat selected with seed 20260703
20m,100,fixed_1250,1250,0.04057387691508699,50,120.60016507023575,119.90870463400518,6.774553159359833,107.67569179071688,136.0077687914293,squared_euclidean_pc1_pc3,1250,1250,0.056173664069318924,0.9580664956984175,118.67485836495702,122.52547177551448,122.1253650441983,-1.5251999739625575,fixed,1250,"Fixed 1,250","1,250","Fixed 1,250 (4.1%)","1,250
4.1%",30808,bootstrap_mean,Additional random bootstrap-mean quadrat selected with seed 20260703
20m,100,fixed_2000,2000,0.06491820306413919,50,121.04826198863434,119.5494282385043,5.07187787785866,113.83990609120798,131.41592962299248,squared_euclidean_pc1_pc3,2000,2000,0.04189963403468674,0.7172718481567789,119.60685024428855,122.48967373298012,122.1253650441983,-1.077103055563967,fixed,2000,"Fixed 2,000","2,000","Fixed 2,000 (6.5%)","2,000
6.5%",30808,bootstrap_mean,Additional random bootstrap-mean quadrat selected with seed 20260703
20m,100,fixed_3000,3000,0.09737730459620877,50,121.18217902335205,120.39913080156833,4.423807183765703,111.08618861747767,133.8776544304578,squared_euclidean_pc1_pc3,3000,3000,0.036505426948241514,0.6256208116604984,119.92494693240641,122.43941111429768,122.1253650441983,-0.9431860208462552,fixed,3000,"Fixed 3,000","3,000","Fixed 3,000 (9.7%)","3,000
9.7%",30808,bootstrap_mean,Additional random bootstrap-mean quadrat selected with seed 20260703
20m,100,fixed_4000,4000,0.12983640612827838,50,122.1253650441983,121.79392649439436,2.9946049237088017,116.8997805819927,131.91769289985317,squared_euclidean_pc1_pc3,4000,4000,0.024520744913434048,0.4235010897058235,121.27430774142823,122.97642234696838,122.1253650441983,0,fixed,4000,"Fixed 4,000","4,000","Fixed 4,000 (13.0%)","4,000
13.0%",30808,bootstrap_mean,Additional random bootstrap-mean quadrat selected with seed 20260703
20m,1201,pct_1,248,0.009998790468894892,50,103.90081309337899,104.5797255693376,8.873478508045524,85.03413227793567,121.00995568899236,squared_euclidean_pc1_pc3,248,248,0.08540335964522862,1.2548993651504157,101.3789984040835,106.42262778267447,104.72991464409887,-0.8291015507198836,percent,0.01,1% of pixels,1%,1% of pixels = 248 pixels (1.0%),"1%
248 px",24803,bootstrap_mean,Additional random bootstrap-mean quadrat selected with seed 20260703
20m,1201,pct_2,496,0.019997580937789784,50,102.79517861588963,103.26071352077258,5.113427343881608,92.19664319955604,114.16855954993974,squared_euclidean_pc1_pc3,496,496,0.049743844144565716,0.7231478299926802,101.3419586439526,104.24839858782666,104.72991464409887,-1.9347360282092438,percent,0.02,2% of pixels,2%,2% of pixels = 496 pixels (2.0%),"2%
496 px",24803,bootstrap_mean,Additional random bootstrap-mean quadrat selected with seed 20260703
20m,1201,pct_3,744,0.029996371406684676,50,104.76087244879885,104.24677012018515,5.9786558942249615,93.98777206382947,117.9033129027945,squared_euclidean_pc1_pc3,744,744,0.05706955043875745,0.8455096250374785,103.0617572435691,106.4599876540286,104.72991464409887,0.03095780469998033,percent,0.03,3% of pixels,3%,3% of pixels = 744 pixels (3.0%),"3%
744 px",24803,bootstrap_mean,Additional random bootstrap-mean quadrat selected with seed 20260703
20m,1201,fixed_1250,1250,0.05039712937951054,50,104.9793024934892,104.0210553772689,4.359494075007651,98.21186622731666,118.78196188573627,squared_euclidean_pc1_pc3,1250,1250,0.041527176990702776,0.6165255645960971,103.74034798581977,106.21825700115863,104.72991464409887,0.24938784939033098,fixed,1250,"Fixed 1,250","1,250","Fixed 1,250 (5.0%)","1,250
5.0%",24803,bootstrap_mean,Additional random bootstrap-mean quadrat selected with seed 20260703
20m,1201,fixed_2000,2000,0.08063540700721687,50,104.33226846090504,104.40638925930327,2.96404062514139,97.36310636752864,111.4543413401715,squared_euclidean_pc1_pc3,2000,2000,0.028409625026528232,0.41917864514997805,103.48989743567826,105.17463948613182,104.72991464409887,-0.39764618319382805,fixed,2000,"Fixed 2,000","2,000","Fixed 2,000 (8.1%)","2,000
8.1%",24803,bootstrap_mean,Additional random bootstrap-mean quadrat selected with seed 20260703
20m,1201,fixed_3000,3000,0.1209531105108253,50,104.2698485205341,104.25940229878333,2.3895529333738126,99.11358838301018,109.33621950219712,squared_euclidean_pc1_pc3,3000,3000,0.0229170078146151,0.33793381663856586,103.59074509082866,104.94895195023953,104.72991464409887,-0.46006612356477206,fixed,3000,"Fixed 3,000","3,000","Fixed 3,000 (12.1%)","3,000
12.1%",24803,bootstrap_mean,Additional random bootstrap-mean quadrat selected with seed 20260703
20m,1201,fixed_4000,4000,0.16127081401443374,50,104.72991464409887,104.73168738171368,2.0087149379380986,100.60975584144376,109.06689349175055,squared_euclidean_pc1_pc3,4000,4000,0.019179953929727395,0.2840751908173489,104.15904417514956,105.30078511304818,104.72991464409887,0,fixed,4000,"Fixed 4,000","4,000","Fixed 4,000 (16.1%)","4,000
16.1%",24803,bootstrap_mean,Additional random bootstrap-mean quadrat selected with seed 20260703
20m,1402,pct_1,271,0.010014411884261483,50,131.87233138123202,131.44913853577236,12.956767828423812,101.79026283847999,161.7635142758863,squared_euclidean_pc1_pc3,271,271,0.09825236039064834,1.832363678747635,128.19005870700573,135.5546040554583,129.68505521476595,2.187276166466063,percent,0.01,1% of pixels,1%,1% of pixels = 271 pixels (1.0%),"1%
271 px",27061,bootstrap_mean,Additional random bootstrap-mean quadrat selected with seed 20260703
20m,1402,pct_2,541,0.01999187021913455,50,130.28383371445003,129.82169162837815,8.443955003507524,117.06942138495805,155.12228673647346,squared_euclidean_pc1_pc3,541,541,0.06481199365083612,1.1941555686028495,127.88408825450576,132.6835791743943,129.68505521476595,0.598778499684073,percent,0.02,2% of pixels,2%,2% of pixels = 541 pixels (2.0%),"2%
541 px",27061,bootstrap_mean,Additional random bootstrap-mean quadrat selected with seed 20260703
20m,1402,pct_3,812,0.03000628210339603,50,129.69479666505788,129.60005247242987,6.036257154932585,118.03306637120922,143.24471821832302,squared_euclidean_pc1_pc3,812,812,0.04654201486989078,0.8536556734477294,127.97931136266244,131.41028196745333,129.68505521476595,0.009741450291926412,percent,0.03,3% of pixels,3%,3% of pixels = 812 pixels (3.0%),"3%
812 px",27061,bootstrap_mean,Additional random bootstrap-mean quadrat selected with seed 20260703
20m,1402,fixed_1250,1250,0.046191936735523444,50,129.28786396583538,129.11757275193668,5.416971071622428,116.08947323999811,140.24355843678845,squared_euclidean_pc1_pc3,1250,1250,0.04189852709650981,0.7660753956471156,127.74837782096895,130.82735011070181,129.68505521476595,-0.397191248930568,fixed,1250,"Fixed 1,250","1,250","Fixed 1,250 (4.6%)","1,250
4.6%",27061,bootstrap_mean,Additional random bootstrap-mean quadrat selected with seed 20260703
20m,1402,fixed_2000,2000,0.07390709877683752,50,129.36571000887415,129.0856969896237,3.9730606764135237,119.7912905266637,140.13220992492077,squared_euclidean_pc1_pc3,2000,2000,0.030711853057050296,0.5618756292715228,128.23657865794368,130.4948413598046,129.68505521476595,-0.3193452058918069,fixed,2000,"Fixed 2,000","2,000","Fixed 2,000 (7.4%)","2,000
7.4%",27061,bootstrap_mean,Additional random bootstrap-mean quadrat selected with seed 20260703
20m,1402,fixed_3000,3000,0.11086064816525627,50,130.26183881717876,129.9450690013054,3.66662080346981,124.28691969259633,139.80384782121578,squared_euclidean_pc1_pc3,3000,3000,0.02814808110160242,0.518538486834634,129.2197967145374,131.3038809198201,129.68505521476595,0.576783602412803,fixed,3000,"Fixed 3,000","3,000","Fixed 3,000 (11.1%)","3,000
11.1%",27061,bootstrap_mean,Additional random bootstrap-mean quadrat selected with seed 20260703
20m,1402,fixed_4000,4000,0.14781419755367503,50,129.68505521476595,129.44978897192442,2.660002555579165,125.03189837506906,136.35544931024805,squared_euclidean_pc1_pc3,4000,4000,0.020511249744036016,0.3761811690047147,128.92909085285976,130.44101957667215,129.68505521476595,0,fixed,4000,"Fixed 4,000","4,000","Fixed 4,000 (14.8%)","4,000
14.8%",27061,bootstrap_mean,Additional random bootstrap-mean quadrat selected with seed 20260703
20m,1512,pct_1,310,0.010005163955589981,50,122.82815003781697,122.54541510962304,8.785459349427546,98.71014966147723,140.45818199056788,squared_euclidean_pc1_pc3,310,310,0.07152643222846418,1.2424515763637942,120.3313501166241,125.32494995900984,124.30060799168913,-1.4724579538721656,percent,0.01,1% of pixels,1%,1% of pixels = 310 pixels (1.0%),"1%
310 px",30984,bootstrap_mean,Additional random bootstrap-mean quadrat selected with seed 20260703
20m,1512,pct_2,620,0.020010327911179963,50,122.56448918066705,123.38525694434814,6.3529807791061375,107.51141127147916,136.71471540888263,squared_euclidean_pc1_pc3,620,620,0.051833780090589546,0.8984471579307491,120.75899202022028,124.36998634111383,124.30060799168913,-1.7361188110220809,percent,0.02,2% of pixels,2%,2% of pixels = 620 pixels (2.0%),"2%
620 px",30984,bootstrap_mean,Additional random bootstrap-mean quadrat selected with seed 20260703
20m,1512,pct_3,930,0.030015491866769946,50,123.7607059889638,122.96214303192292,5.691379376599438,110.99734428695358,136.33584201358752,squared_euclidean_pc1_pc3,930,930,0.04598696598504342,0.8048825902997456,122.143233866701,125.37817811122662,124.30060799168913,-0.5399020027253272,percent,0.03,3% of pixels,3%,3% of pixels = 930 pixels (3.0%),"3%
930 px",30984,bootstrap_mean,Additional random bootstrap-mean quadrat selected with seed 20260703
20m,1512,fixed_1250,1250,0.0403434030467338,50,124.2648555297743,123.56134015747529,4.0333616095965805,116.22708569186665,133.67562694401389,squared_euclidean_pc1_pc3,1250,1250,0.032457782149275284,0.570403469024646,123.11858684324974,125.41112421629884,124.30060799168913,-0.03575246191483927,fixed,1250,"Fixed 1,250","1,250","Fixed 1,250 (4.0%)","1,250
4.0%",30984,bootstrap_mean,Additional random bootstrap-mean quadrat selected with seed 20260703
20m,1512,fixed_2000,2000,0.06454944487477407,50,123.39929594750262,123.52206865442872,3.586826903657212,116.9542364422702,133.82843079873388,squared_euclidean_pc1_pc3,2000,2000,0.029066834426536313,0.5072539253036724,122.37993102027576,124.41866087472948,124.30060799168913,-0.9013120441865112,fixed,2000,"Fixed 2,000","2,000","Fixed 2,000 (6.5%)","2,000
6.5%",30984,bootstrap_mean,Additional random bootstrap-mean quadrat selected with seed 20260703
20m,1512,fixed_3000,3000,0.09682416731216112,50,123.23765389555807,123.35035870313644,2.348292223702604,117.32132106309835,128.16078333512158,squared_euclidean_pc1_pc3,3000,3000,0.01905498968434391,0.33209867111754965,122.57027662979671,123.90503116131943,124.30060799168913,-1.0629540961310653,fixed,3000,"Fixed 3,000","3,000","Fixed 3,000 (9.7%)","3,000
9.7%",30984,bootstrap_mean,Additional random bootstrap-mean quadrat selected with seed 20260703
20m,1512,fixed_4000,4000,0.12909888974954814,50,124.30060799168913,124.35386793088941,2.2148053532637215,119.07585152344028,128.5385765781251,squared_euclidean_pc1_pc3,4000,4000,0.017818137731167055,0.3132207768602089,123.67116727475647,124.9300487086218,124.30060799168913,0,fixed,4000,"Fixed 4,000","4,000","Fixed 4,000 (12.9%)","4,000
12.9%",30984,bootstrap_mean,Additional random bootstrap-mean quadrat selected with seed 20260703
20m,1518,pct_1,357,0.009996359868955283,50,294.11795650074413,284.8739593177831,55.07745191832096,201.52185870994361,485.60877512093566,squared_euclidean_pc1_pc3,357,357,0.18726313950226842,7.789127948384154,278.46511785684004,309.7707951446482,292.03200987394814,2.0859466267959874,percent,0.01,1% of pixels,1%,1% of pixels = 357 pixels (1.0%),"1%
357 px",35713,bootstrap_mean,Additional random bootstrap-mean quadrat selected with seed 20260703
20m,1518,pct_2,714,0.019992719737910565,50,291.0121968973505,293.2638975812851,25.266136678181997,226.3857220727367,345.77853420444234,squared_euclidean_pc1_pc3,714,714,0.08682157293597624,3.573171315905728,283.8316403028859,298.19275349181515,292.03200987394814,-1.0198129765976205,percent,0.02,2% of pixels,2%,2% of pixels = 714 pixels (2.0%),"2%
714 px",35713,bootstrap_mean,Additional random bootstrap-mean quadrat selected with seed 20260703
20m,1518,pct_3,1071,0.029989079606865848,50,296.67936562100385,290.4236779956533,27.914527383507966,234.2621113056222,361.2694208090731,squared_euclidean_pc1_pc3,1071,1071,0.09408988496748935,3.947710321299211,288.74614471596146,304.61258652604624,292.03200987394814,4.6473557470557125,percent,0.03,3% of pixels,3%,"3% of pixels = 1,071 pixels (3.0%)","3%
1,071 px",35713,bootstrap_mean,Additional random bootstrap-mean quadrat selected with seed 20260703
20m,1518,fixed_1250,1250,0.03500126004536163,50,289.33486297001303,286.0158965956474,21.030963230423616,238.5491180113345,330.6780763124244,squared_euclidean_pc1_pc3,1250,1250,0.07268727665425956,2.974227343023496,283.35792935188033,295.31179658814574,292.03200987394814,-2.6971469039351064,fixed,1250,"Fixed 1,250","1,250","Fixed 1,250 (3.5%)","1,250
3.5%",35713,bootstrap_mean,Additional random bootstrap-mean quadrat selected with seed 20260703
20m,1518,fixed_2000,2000,0.05600201607257861,50,291.1518422659327,288.1491679101108,16.909725377995795,262.26828499891707,335.5951025375905,squared_euclidean_pc1_pc3,2000,2000,0.05807871674928563,2.3913962965566165,286.34615148621,295.95753304565545,292.03200987394814,-0.8801676080154266,fixed,2000,"Fixed 2,000","2,000","Fixed 2,000 (5.6%)","2,000
5.6%",35713,bootstrap_mean,Additional random bootstrap-mean quadrat selected with seed 20260703
20m,1518,fixed_3000,3000,0.08400302410886792,50,293.04062045732974,293.95081812000063,11.049071981403928,261.37741728814234,314.0997699435022,squared_euclidean_pc1_pc3,3000,3000,0.03770491600843715,1.5625747447738,289.90050894406875,296.1807319705907,292.03200987394814,1.0086105833815964,fixed,3000,"Fixed 3,000","3,000","Fixed 3,000 (8.4%)","3,000
8.4%",35713,bootstrap_mean,Additional random bootstrap-mean quadrat selected with seed 20260703
20m,1518,fixed_4000,4000,0.11200403214515722,50,292.03200987394814,289.9707012697561,10.18804956812659,273.413393654833,309.18609642278557,squared_euclidean_pc1_pc3,4000,4000,0.034886756326897625,1.4408077873373977,289.1365982230519,294.92742152484436,292.03200987394814,0,fixed,4000,"Fixed 4,000","4,000","Fixed 4,000 (11.2%)","4,000
11.2%",35713,bootstrap_mean,Additional random bootstrap-mean quadrat selected with seed 20260703
20m,1800,pct_1,300,0.010003334444814937,50,141.50398650693523,141.9268810426027,11.872609637568171,120.1601008676983,181.31446752032238,squared_euclidean_pc1_pc3,300,300,0.08390300464776153,1.6790405570210425,138.12982818141006,144.8781448324604,140.94081904697344,0.5631674599617895,percent,0.01,1% of pixels,1%,1% of pixels = 300 pixels (1.0%),"1%
300 px",29990,bootstrap_mean,Additional random bootstrap-mean quadrat selected with seed 20260703
20m,1800,pct_2,600,0.020006668889629875,50,139.91413733214807,137.99641208184516,8.16348248461478,125.61951371179681,163.55236136208865,squared_euclidean_pc1_pc3,600,600,0.05834637328488933,1.1544907645937432,137.5941012801261,142.23417338417005,140.94081904697344,-1.0266817148253722,percent,0.02,2% of pixels,2%,2% of pixels = 600 pixels (2.0%),"2%
600 px",29990,bootstrap_mean,Additional random bootstrap-mean quadrat selected with seed 20260703
20m,1800,pct_3,900,0.030010003334444816,50,141.1741141742719,141.15302520884615,5.845211995178654,126.47498899411099,160.7158113686293,squared_euclidean_pc1_pc3,900,900,0.04140427605561635,0.8266378078527551,139.5129233055362,142.8353050430076,140.94081904697344,0.23329512729844737,percent,0.03,3% of pixels,3%,3% of pixels = 900 pixels (3.0%),"3%
900 px",29990,bootstrap_mean,Additional random bootstrap-mean quadrat selected with seed 20260703
20m,1800,fixed_1250,1250,0.04168056018672891,50,139.76985727979545,139.3357660685479,5.37871111851602,130.27408945437156,150.95204778889678,squared_euclidean_pc1_pc3,1250,1250,0.03848262581930492,0.7606646211892315,138.24124449329327,141.29847006629763,140.94081904697344,-1.1709617671779995,fixed,1250,"Fixed 1,250","1,250","Fixed 1,250 (4.2%)","1,250
4.2%",29990,bootstrap_mean,Additional random bootstrap-mean quadrat selected with seed 20260703
20m,1800,fixed_2000,2000,0.06668889629876626,50,140.83289142839786,140.6511637763229,4.485516194571342,130.8833207880403,149.51643087605646,squared_euclidean_pc1_pc3,2000,2000,0.031849919071297805,0.6343477836606946,139.5581218306255,142.1076610261702,140.94081904697344,-0.1079276185755873,fixed,2000,"Fixed 2,000","2,000","Fixed 2,000 (6.7%)","2,000
6.7%",29990,bootstrap_mean,Additional random bootstrap-mean quadrat selected with seed 20260703
20m,1800,fixed_3000,3000,0.10003334444814939,50,140.98030467015198,140.40893717354416,3.480288371726729,132.7422139528596,150.27568394210533,squared_euclidean_pc1_pc3,3000,3000,0.02468634452074331,0.49218710162653156,139.9912176586889,141.96939168161506,140.94081904697344,0.039485623178535434,fixed,3000,"Fixed 3,000","3,000","Fixed 3,000 (10.0%)","3,000
10.0%",29990,bootstrap_mean,Additional random bootstrap-mean quadrat selected with seed 20260703
20m,1800,fixed_4000,4000,0.13337779259753252,50,140.94081904697344,141.26205675094525,2.7748870812476945,135.41948502534754,146.18836731462926,squared_euclidean_pc1_pc3,4000,4000,0.01968831386117365,0.3924282944354382,140.15220486412713,141.72943322981976,140.94081904697344,0,fixed,4000,"Fixed 4,000","4,000","Fixed 4,000 (13.3%)","4,000
13.3%",29990,bootstrap_mean,Additional random bootstrap-mean quadrat selected with seed 20260703
20m,1805,pct_1,254,0.00999213217938631,50,178.358462180604,178.43765284742437,34.211764031499456,120.12854128762734,268.45301689025575,squared_euclidean_pc1_pc3,254,254,0.19181463897606926,4.838274068605457,168.63558642188994,188.08133793931805,175.05217147419683,3.306290706407168,percent,0.01,1% of pixels,1%,1% of pixels = 254 pixels (1.0%),"1%
254 px",25420,bootstrap_mean,Additional random bootstrap-mean quadrat selected with seed 20260703
20m,1805,pct_2,508,0.01998426435877262,50,177.79775570224788,173.54247709711683,23.667981023933446,136.81088305640174,265.15624321343824,squared_euclidean_pc1_pc3,508,508,0.13311743407813,3.347157975803573,171.0713899193134,184.52412148518238,175.05217147419683,2.745584228051058,percent,0.02,2% of pixels,2%,2% of pixels = 508 pixels (2.0%),"2%
508 px",25420,bootstrap_mean,Additional random bootstrap-mean quadrat selected with seed 20260703
20m,1805,pct_3,763,0.03001573564122738,50,173.61140609723012,171.1644853041961,22.054096655978586,139.36440226922656,234.27431826735918,squared_euclidean_pc1_pc3,763,763,0.12703138089687097,3.118920259677204,167.3437011768021,179.87911101765812,175.05217147419683,-1.4407653769667093,percent,0.03,3% of pixels,3%,3% of pixels = 763 pixels (3.0%),"3%
763 px",25420,bootstrap_mean,Additional random bootstrap-mean quadrat selected with seed 20260703
20m,1805,fixed_1250,1250,0.04917387883556255,50,174.0203909782739,173.6825947330604,11.323241401477258,153.76853170586412,201.43091217752797,squared_euclidean_pc1_pc3,1250,1250,0.06506847466450609,1.601348155999367,170.802361377955,177.23842057859278,175.05217147419683,-1.0317804959229306,fixed,1250,"Fixed 1,250","1,250","Fixed 1,250 (4.9%)","1,250
4.9%",25420,bootstrap_mean,Additional random bootstrap-mean quadrat selected with seed 20260703
20m,1805,fixed_2000,2000,0.07867820613690008,50,172.96192141698816,173.05252735824462,9.252373909530712,156.08983723933522,191.61878468337744,squared_euclidean_pc1_pc3,2000,2000,0.05349370447397188,1.3084832667005308,170.3324258460288,175.59141698794753,175.05217147419683,-2.0902500572086637,fixed,2000,"Fixed 2,000","2,000","Fixed 2,000 (7.9%)","2,000
7.9%",25420,bootstrap_mean,Additional random bootstrap-mean quadrat selected with seed 20260703
20m,1805,fixed_3000,3000,0.11801730920535011,50,176.28635480939374,173.93319292095057,10.568388333547716,157.58355173343344,203.28059522404112,squared_euclidean_pc1_pc3,3000,3000,0.05995012118195186,1.4945958113728772,173.28285207734172,179.28985754144577,175.05217147419683,1.2341833351969171,fixed,3000,"Fixed 3,000","3,000","Fixed 3,000 (11.8%)","3,000
11.8%",25420,bootstrap_mean,Additional random bootstrap-mean quadrat selected with seed 20260703
20m,1805,fixed_4000,4000,0.15735641227380015,50,175.05217147419683,175.0806347053379,7.729064890870109,159.75112416306501,193.23741374029902,squared_euclidean_pc1_pc3,4000,4000,0.04415292210190831,1.0930548393130235,172.8555955362891,177.24874741210456,175.05217147419683,0,fixed,4000,"Fixed 4,000","4,000","Fixed 4,000 (15.7%)","4,000
15.7%",25420,bootstrap_mean,Additional random bootstrap-mean quadrat selected with seed 20260703
20m,1910,pct_1,256,0.009994924452426503,50,89.3112811797053,85.65911761477949,14.76701901843634,70.31672387002165,138.7490595702678,squared_euclidean_pc1_pc3,256,256,0.16534326709213001,2.08837185716941,85.11454080962005,93.50802154979056,91.05581073683325,-1.7445295571279473,percent,0.01,1% of pixels,1%,1% of pixels = 256 pixels (1.0%),"1%
256 px",25613,bootstrap_mean,Additional random bootstrap-mean quadrat selected with seed 20260703
20m,1910,pct_2,512,0.019989848904853006,50,89.466363121831,89.14686231671726,9.701741834370663,71.67025960488445,116.22409139998733,squared_euclidean_pc1_pc3,512,512,0.10844010526234645,1.3720334880809422,86.70915859967148,92.2235676439905,91.05581073683325,-1.589447615002257,percent,0.02,2% of pixels,2%,2% of pixels = 512 pixels (2.0%),"2%
512 px",25613,bootstrap_mean,Additional random bootstrap-mean quadrat selected with seed 20260703
20m,1910,pct_3,768,0.029984773357279507,50,90.08637839240419,89.42540106523157,6.9587673803908485,73.46673335868805,105.50055781587604,squared_euclidean_pc1_pc3,768,768,0.07724550042492985,0.9841183206748232,88.10871858477086,92.06403820003752,91.05581073683325,-0.969432344429066,percent,0.03,3% of pixels,3%,3% of pixels = 768 pixels (3.0%),"3%
768 px",25613,bootstrap_mean,Additional random bootstrap-mean quadrat selected with seed 20260703
20m,1910,fixed_1250,1250,0.04880334205286378,50,90.52416021144427,88.66129096350687,6.914731588413785,79.33214511455168,110.35371714879707,squared_euclidean_pc1_pc3,1250,1250,0.07638548175716309,0.9778907192504429,88.55901523742008,92.48930518546845,91.05581073683325,-0.5316505253889829,fixed,1250,"Fixed 1,250","1,250","Fixed 1,250 (4.9%)","1,250
4.9%",25613,bootstrap_mean,Additional random bootstrap-mean quadrat selected with seed 20260703
20m,1910,fixed_2000,2000,0.07808534728458205,50,91.6034370304941,91.54606707902241,4.201499245729854,83.18960475835385,103.46914706792776,squared_euclidean_pc1_pc3,2000,2000,0.04586617469747567,0.5941817215611489,90.40938415649,92.7974899044982,91.05581073683325,0.5476262936608549,fixed,2000,"Fixed 2,000","2,000","Fixed 2,000 (7.8%)","2,000
7.8%",25613,bootstrap_mean,Additional random bootstrap-mean quadrat selected with seed 20260703
20m,1910,fixed_3000,3000,0.11712802092687308,50,90.12142054162966,90.39537182463101,3.644338040321733,82.07216547935305,99.36101137155116,squared_euclidean_pc1_pc3,3000,3000,0.04043808917368662,0.5153872282495182,89.08571113020676,91.15712995305256,91.05581073683325,-0.9343901952035907,fixed,3000,"Fixed 3,000","3,000","Fixed 3,000 (11.7%)","3,000
11.7%",25613,bootstrap_mean,Additional random bootstrap-mean quadrat selected with seed 20260703
20m,1910,fixed_4000,4000,0.1561706945691641,50,91.05581073683325,91.3240955434519,3.146736784418713,83.15620180210894,98.52791998342263,squared_euclidean_pc1_pc3,4000,4000,0.03455833031362838,0.4450157837743246,90.16151803762871,91.950103436037793,91.05581073683325,0,fixed,4000,"Fixed 4,000","4,000","Fixed 4,000 (15.6%)","4,000
15.6%",25613,bootstrap_mean,Additional random bootstrap-mean quadrat selected with seed 20260703
20m,206,pct_1,233,0.009979441493918108,50,186.13538216086747,184.53537772782272,16.79320683882347,154.15832926980246,247.94523386766218,squared_euclidean_pc1_pc3,233,233,0.09022039036248328,2.374918086720076,181.36280558358445,190.90795873815048,188.06307420178865,-1.9276920409211868,percent,0.01,1% of pixels,1%,1% of pixels = 233 pixels (1.0%),"1%
233 px",23348,bootstrap_mean,Additional random bootstrap-mean quadrat selected with seed 20260703
20m,206,pct_2,467,0.020001713208840158,50,184.71884572745384,184.28399452558364,14.165073690690596,161.59480235493547,231.91505291634888,squared_euclidean_pc1_pc3,467,467,0.0766845073923354,2.0032439325388953,180.69317632669427,188.7445151282134,188.06307420178865,-3.3442284743348125,percent,0.02,2% of pixels,2%,2% of pixels = 467 pixels (2.0%),"2%
467 px",23348,bootstrap_mean,Additional random bootstrap-mean quadrat selected with seed 20260703
20m,206,pct_3,700,0.029981154702758268,50,191.5738546324123,191.36516010337817,13.15460204014916,158.88148273077752,217.5863695668535,squared_euclidean_pc1_pc3,700,700,0.06866595687282026,1.8603416612799726,187.83535809730418,195.3123511675204,188.06307420178865,3.5107804306236403,percent,0.03,3% of pixels,3%,3% of pixels = 700 pixels (3.0%),"3%
700 px",23348,bootstrap_mean,Additional random bootstrap-mean quadrat selected with seed 20260703
20m,206,fixed_1250,1250,0.05353777625492548,50,187.3681292220593,186.0724588978316,6.870390878023218,171.77633999337775,204.1457781155403,squared_euclidean_pc1_pc3,1250,1250,0.036667873594877894,0.9716199958504831,185.41558573849858,189.32067270562004,188.06307420178865,-0.6949449797293425,fixed,1250,"Fixed 1,250","1,250","Fixed 1,250 (5.4%)","1,250
5.4%",23348,bootstrap_mean,Additional random bootstrap-mean quadrat selected with seed 20260703
20m,206,fixed_2000,2000,0.08566044200788075,50,188.97350359950352,187.59088531201775,6.537146601644908,176.82723995081602,208.31243673921642,squared_euclidean_pc1_pc3,2000,2000,0.03459292692958296,0.9244921383267417,187.11566709140143,190.8313401076056,188.06307420178865,0.9104293977148643,fixed,2000,"Fixed 2,000","2,000","Fixed 2,000 (8.6%)","2,000
8.6%",23348,bootstrap_mean,Additional random bootstrap-mean quadrat selected with seed 20260703
20m,206,fixed_3000,3000,0.12849066301182113,50,188.7007269229756,187.65153282175433,5.738923928942516,177.9281327228329,202.8749063371186,squared_euclidean_pc1_pc3,3000,3000,0.030412834240352692,0.8116064053737994,187.06974278844095,190.33171105751026,188.06307420178865,0.6376527211869529,fixed,3000,"Fixed 3,000","3,000","Fixed 3,000 (12.8%)","3,000
12.8%",23348,bootstrap_mean,Additional random bootstrap-mean quadrat selected with seed 20260703
20m,206,fixed_4000,4000,0.1713208840157615,50,188.06307420178865,187.57652857185366,5.2093504427766515,177.3423102107218,200.77415497543743,squared_euclidean_pc1_pc3,4000,4000,0.02770001748023699,0.7367134047329028,186.58259318677625,189.54355521680105,188.06307420178865,0,fixed,4000,"Fixed 4,000","4,000","Fixed 4,000 (17.1%)","4,000
17.1%",23348,bootstrap_mean,Additional random bootstrap-mean quadrat selected with seed 20260703
20m,219,pct_1,294,0.010006807351940095,50,164.9260820180796,161.30901940817023,29.95235854373513,121.27242440205454,236.70995644694003,squared_euclidean_pc1_pc3,294,294,0.18161080513906636,4.235903167761187,156.4137159052694,173.43844813088978,162.98754539638713,1.9385366216924638,percent,0.01,1% of pixels,1%,1% of pixels = 294 pixels (1.0%),"1%
294 px",29380,bootstrap_mean,Original random bootstrap-mean quadrat selected with seed 20260703
20m,219,pct_2,588,0.02001361470388019,50,158.88194799978484,157.8776676448954,20.387902963607235,121.98127237818015,248.40890757762688,squared_euclidean_pc1_pc3,588,588,0.1283210787649384,2.883284887947997,153.0877700873756,164.6761259121941,162.98754539638713,-4.105597396602292,percent,0.02,2% of pixels,2%,2% of pixels = 588 pixels (2.0%),"2%
588 px",29380,bootstrap_mean,Original random bootstrap-mean quadrat selected with seed 20260703
20m,219,pct_3,881,0.02998638529611981,50,164.13206679907876,161.74128659543533,17.89385785809224,130.80507057572078,203.61466649456864,squared_euclidean_pc1_pc3,881,881,0.10902109628581534,2.5305736466090427,159.0466886631214,169.21744493503613,162.98754539638713,1.1445214026916233,percent,0.03,3% of pixels,3%,3% of pixels = 881 pixels (3.0%),"3%
881 px",29380,bootstrap_mean,Original random bootstrap-mean quadrat selected with seed 20260703
20m,219,fixed_1250,1250,0.042545949625595644,50,165.14960974203098,165.39306563507108,12.470129156072709,142.2610798226255,191.41417923126502,squared_euclidean_pc1_pc3,1250,1250,0.07550807522676833,1.7635425777062181,161.60563824824948,168.69358123581247,162.98754539638713,2.1620643456438415,fixed,1250,"Fixed 1,250","1,250","Fixed 1,250 (4.3%)","1,250
4.3%",29380,bootstrap_mean,Original random bootstrap-mean quadrat selected with seed 20260703
20m,219,fixed_2000,2000,0.06807351940095303,50,162.49094487948602,163.04881031824937,11.275327437702973,141.07679106777343,186.85352453759918,squared_euclidean_pc1_pc3,2000,2000,0.06939049708933318,1.5945720982597023,159.2865322770061,165.69535748196594,162.98754539638713,-0.4966005169011112,fixed,2000,"Fixed 2,000","2,000","Fixed 2,000 (6.8%)","2,000
6.8%",29380,bootstrap_mean,Original random bootstrap-mean quadrat selected with seed 20260703
20m,219,fixed_3000,3000,0.10211027910142954,50,162.4740383394076,160.30187532862215,10.024219867006574,146.19737012139828,185.09441165315118,squared_euclidean_pc1_pc3,3000,3000,0.0616973638955537,1.4176387688130518,159.6251865744065,165.32289010440869,162.98754539638713,-0.5135070569795346,fixed,3000,"Fixed 3,000","3,000","Fixed 3,000 (10.2%)","3,000
10.2%",29380,bootstrap_mean,Original random bootstrap-mean quadrat selected with seed 20260703
20m,219,fixed_4000,4000,0.13614703880190607,50,162.98754539638713,163.25836813962403,6.718284704038436,150.74833990788775,180.33347982308885,squared_euclidean_pc1_pc3,4000,4000,0.04121962011084656,0.9501089344334871,161.07823000917435,164.89686078359992,162.98754539638713,0,fixed,4000,"Fixed 4,000","4,000","Fixed 4,000 (13.6%)","4,000
13.6%",29380,bootstrap_mean,Original random bootstrap-mean quadrat selected with seed 20260703
20m,302,pct_1,263,0.009990123831953203,50,89.26461618352876,89.7963534316584,6.86082276582482,76.31673313936787,106.73507462193837,squared_euclidean_pc1_pc3,263,263,0.07685937675146572,0.9702668604467549,87.31479192736782,91.2144404396897,91.43609842873626,-2.1714822452074998,percent,0.01,1% of pixels,1%,1% of pixels = 263 pixels (1.0%),"1%
263 px",26326,bootstrap_mean,Original random bootstrap-mean quadrat selected with seed 20260703
20m,302,pct_2,527,0.02001823292562486,50,90.98151383185854,90.50549090895746,5.1620859627805205,80.25690379770958,104.73217975372492,squared_euclidean_pc1_pc3,527,527,0.056737745343746294,0.7300291978699988,89.51446523343766,92.44856243027941,91.43609842873626,-0.4545845968777229,percent,0.02,2% of pixels,2%,2% of pixels = 527 pixels (2.0%),"2%
527 px",26326,bootstrap_mean,Original random bootstrap-mean quadrat selected with seed 20260703
20m,302,pct_3,790,0.03000835675757806,50,90.49034440627197,90.34183163819986,4.132291642358657,80.98185347910899,100.72346643588797,squared_euclidean_pc1_pc3,790,790,0.04566555326395955,0.5843942884304604,89.31596011552236,91.66472869702159,91.43609842873626,-0.9457540224642855,percent,0.03,3% of pixels,3%,3% of pixels = 790 pixels (3.0%),"3%
790 px",26326,bootstrap_mean,Original random bootstrap-mean quadrat selected with seed 20260703
20m,302,fixed_1250,1250,0.04748157714806655,50,91.07014869662241,91.18402434029554,3.7330735101956507,82.83843957278273,101.11001576941811,squared_euclidean_pc1_pc3,1250,1250,0.04099118716311157,0.5279363187454426,90.0092209436904,92.13107644955443,91.43609842873626,-0.3659497321138474,fixed,1250,"Fixed 1,250","1,250","Fixed 1,250 (4.7%)","1,250
4.7%",26326,bootstrap_mean,Original random bootstrap-mean quadrat selected with seed 20260703
20m,302,fixed_2000,2000,0.07597052343690648,50,91.23093202064855,90.87384473708944,2.6979452912169193,86.33124574213018,98.15187686527341,squared_euclidean_pc1_pc3,2000,2000,0.029572703374402508,0.3815470821379597,90.46418445258519,91.99767958871192,91.43609842873626,-0.20516640808770603,fixed,2000,"Fixed 2,000","2,000","Fixed 2,000 (7.6%)","2,000
7.6%",26326,bootstrap_mean,Original random bootstrap-mean quadrat selected with seed 20260703
20m,302,fixed_3000,3000,0.11395578515535972,50,91.52366886835875,91.45882565321779,2.1502621590834092,87.61807769890798,95.70732047700247,squared_euclidean_pc1_pc3,3000,3000,0.023494055534161288,0.30409299080334107,90.91257112425579,92.13476661246172,91.43609842873626,0.08757043962249611,fixed,3000,"Fixed 3,000","3,000","Fixed 3,000 (11.4%)","3,000
11.4%",26326,bootstrap_mean,Original random bootstrap-mean quadrat selected with seed 20260703
20m,302,fixed_4000,4000,0.15194104687381296,50,91.43609842873626,91.70592371556917,1.8539231117626742,88.13620237985955,95.06677849503191,squared_euclidean_pc1_pc3,4000,4000,0.020275614813197552,0.2621843208251705,90.90921931004245,91.96297754743007,91.43609842873626,0,fixed,4000,"Fixed 4,000","4,000","Fixed 4,000 (15.2%)","4,000
15.2%",26326,bootstrap_mean,Original random bootstrap-mean quadrat selected with seed 20260703
20m,317,pct_1,312,0.010015408320493066,50,129.47450188756306,128.00364781435314,13.934733076532613,105.70856826231265,166.90089666116583,squared_euclidean_pc1_pc3,312,312,0.10762530748049275,1.9706688504881384,125.51429456504016,133.43470921008597,127.92330736458372,1.551194522979344,percent,0.01,1% of pixels,1%,1% of pixels = 312 pixels (1.0%),"1%
312 px",31152,bootstrap_mean,Additional random bootstrap-mean quadrat selected with seed 20260703
20m,317,pct_2,623,0.019998715973292246,50,129.87626007081576,126.26541258293653,11.31660036115126,110.89982454598749,158.9243344714805,squared_euclidean_pc1_pc3,623,623,0.08713370984798006,1.6004089710696376,126.66011783327473,133.09240230835678,127.92330736458372,1.9529527062320398,percent,0.02,2% of pixels,2%,2% of pixels = 623 pixels (2.0%),"2%
623 px",31152,bootstrap_mean,Additional random bootstrap-mean quadrat selected with seed 20260703
20m,317,pct_3,935,0.03001412429378531,50,127.89322925492185,128.44270668081003,7.719292496935826,114.79456111616017,144.54112652715185,squared_euclidean_pc1_pc3,935,935,0.060357319475837355,1.0916728141091518,125.69943060064091,130.0870279092028,127.92330736458372,-0.030078109661872077,percent,0.03,3% of pixels,3%,3% of pixels = 935 pixels (3.0%),"3%
935 px",31152,bootstrap_mean,Additional random bootstrap-mean quadrat selected with seed 20260703
20m,317,fixed_1250,1250,0.040125834617360044,50,129.36667747216313,129.84862476312824,5.981695681987136,115.47108638726647,145.27061647956512,squared_euclidean_pc1_pc3,1250,1250,0.04623830339365611,0.8459395159454788,127.66669836881,131.06665657551628,127.92330736458372,1.4433701075794119,fixed,1250,"Fixed 1,250","1,250","Fixed 1,250 (4.0%)","1,250
4.0%",31152,bootstrap_mean,Additional random bootstrap-mean quadrat selected with seed 20260703
20m,317,fixed_2000,2000,0.06420133538777606,50,130.09610249910662,129.8971117372654,6.176512441645324,118.19994867039561,146.0328510493248,squared_euclidean_pc1_pc3,2000,2000,0.047476537136750416,0.8734907663140976,128.34075708526078,131.85144791295247,127.92330736458372,2.1727951345229,fixed,2000,"Fixed 2,000","2,000","Fixed 2,000 (6.4%)","2,000
6.4%",31152,bootstrap_mean,Additional random bootstrap-mean quadrat selected with seed 20260703
20m,317,fixed_3000,3000,0.0963020030816641,50,128.35484636399246,127.29933494854548,4.7452394986682895,118.31287282522854,141.8930707143877,squared_euclidean_pc1_pc3,3000,3000,0.03696969481940401,0.6710782055725201,127.0062642198968,129.70342850808814,127.92330736458372,0.43153899940874396,fixed,3000,"Fixed 3,000","3,000","Fixed 3,000 (9.6%)","3,000
9.6%",31152,bootstrap_mean,Additional random bootstrap-mean quadrat selected with seed 20260703
20m,317,fixed_4000,4000,0.12840267077555212,50,127.92330736458372,127.66640763846408,4.401089965327893,119.88263437209227,139.23495655685264,squared_euclidean_pc1_pc3,4000,4000,0.03440412897381325,0.6224081118190841,126.67253143568372,129.17408329348373,127.92330736458372,0,fixed,4000,"Fixed 4,000","4,000","Fixed 4,000 (12.8%)","4,000
12.8%",31152,bootstrap_mean,Additional random bootstrap-mean quadrat selected with seed 20260703
20m,405,pct_1,364,0.010009074160640142,50,155.67314766967075,154.98637838543843,14.711985802218233,123.04649574747818,201.83641990981613,squared_euclidean_pc1_pc3,364,364,0.09450561013538572,2.0805889850937445,151.4920475665825,159.854247772759,157.90059057620863,-2.227442906537874,percent,0.01,1% of pixels,1%,1% of pixels = 364 pixels (1.0%),"1%
364 px",36367,bootstrap_mean,Additional random bootstrap-mean quadrat selected with seed 20260703
20m,405,pct_2,727,0.019990650864795005,50,157.53372589106738,156.5049671984474,11.13703101825882,136.6184021794285,186.76447560431677,squared_euclidean_pc1_pc3,727,727,0.0706961696948623,1.5750140310591465,154.3686166961198,160.69883508601495,157.90059057620863,-0.3668646851412518,percent,0.02,2% of pixels,2%,2% of pixels = 727 pixels (2.0%),"2%
727 px",36367,bootstrap_mean,Additional random bootstrap-mean quadrat selected with seed 20260703
20m,405,pct_3,1091,0.02999972502543515,50,157.6608701422573,157.77643790038124,8.634889318882362,144.1578093186728,184.96933468737038,squared_euclidean_pc1_pc3,1091,1091,0.05476875340781202,1.2211577584354012,155.20686175027726,160.11487853423733,157.90059057620863,-0.2397204339513337,percent,0.03,3% of pixels,3%,"3% of pixels = 1,091 pixels (3.0%)","3%
1,091 px",36367,bootstrap_mean,Additional random bootstrap-mean quadrat selected with seed 20260703
20m,405,fixed_1250,1250,0.03437182060659389,50,155.55391966167997,154.1371541096496,7.13622458525848,142.13001566515726,170.3758215288375,squared_euclidean_pc1_pc3,1250,1250,0.04587621193203824,1.0092145592612858,153.52582707443818,157.58201224892176,157.90059057620863,-2.3466709145286586,fixed,1250,"Fixed 1,250","1,250","Fixed 1,250 (3.4%)","1,250
3.4%",36367,bootstrap_mean,Additional random bootstrap-mean quadrat selected with seed 20260703
20m,405,fixed_2000,2000,0.054994912970550223,50,157.37745000286534,156.6869753907291,5.92461084186543,145.69219108327346,169.09071095289136,squared_euclidean_pc1_pc3,2000,2000,0.03764586884434563,0.8378665004348771,155.69369423157127,159.06120577415942,157.90059057620863,-0.5231405733432837,fixed,2000,"Fixed 2,000","2,000","Fixed 2,000 (5.5%)","2,000
5.5%",36367,bootstrap_mean,Additional random bootstrap-mean quadrat selected with seed 20260703
20m,405,fixed_3000,3000,0.08249236945582533,50,156.6344312211201,155.62827652485532,5.422248715076171,144.2922249849636,171.92945214315822,squared_euclidean_pc1_pc3,3000,3000,0.03461722095713175,0.766821767142081,155.0934451865797,158.17541725566053,157.90059057620863,-1.2661593550885186,fixed,3000,"Fixed 3,000","3,000","Fixed 3,000 (8.2%)","3,000
8.2%",36367,bootstrap_mean,Additional random bootstrap-mean quadrat selected with seed 20260703
20m,405,fixed_4000,4000,0.10998982594110045,50,157.90059057620863,157.92206764218315,5.044200641596932,144.88526090960505,170.41934675744832,squared_euclidean_pc1_pc3,4000,4000,0.031945419730158735,0.7133576958677449,156.46704461537723,159.33413653704002,157.90059057620863,0,fixed,4000,"Fixed 4,000","4,000","Fixed 4,000 (11.0%)","4,000
11.0%",36367,bootstrap_mean,Additional random bootstrap-mean quadrat selected with seed 20260703
20m,821,pct_1,292,0.010002055216825375,50,111.59954794660375,107.61443772576553,16.56032764977569,89.7341519570804,181.8949192964105,squared_euclidean_pc1_pc3,292,292,0.1483906337837425,2.3419839959654944,106.8931549025585,116.30594099064899,109.55965466643235,2.0398932801713983,percent,0.01,1% of pixels,1%,1% of pixels = 292 pixels (1.0%),"1%
292 px",29194,bootstrap_mean,Additional random bootstrap-mean quadrat selected with seed 20260703
20m,821,pct_2,584,0.02000411043365075,50,107.43720870706848,105.39000626296816,7.122073649886392,94.42706613011215,127.76921213776282,squared_euclidean_pc1_pc3,584,584,0.06629056856181911,1.0072133147889386,105.41313777116177,109.46127964297519,109.55965466643235,-2.1224459593638727,percent,0.02,2% of pixels,2%,2% of pixels = 584 pixels (2.0%),"2%
584 px",29194,bootstrap_mean,Additional random bootstrap-mean quadrat selected with seed 20260703
20m,821,pct_3,876,0.030006165650476126,50,108.9727797026389,108.20951282592571,5.593646615847945,99.33278927127928,124.96616973335182,squared_euclidean_pc1_pc3,876,876,0.05133067754270095,0.7910610907254529,107.38308292366058,110.56247648161722,109.55965466643235,-0.5868749637934485,percent,0.03,3% of pixels,3%,3% of pixels = 876 pixels (3.0%),"3%
876 px",29194,bootstrap_mean,Additional random bootstrap-mean quadrat selected with seed 20260703
20m,821,fixed_1250,1250,0.042817017195314104,50,110.03897847609001,108.94352166446753,6.106554679581439,98.35912294072295,125.24958393679054,squared_euclidean_pc1_pc3,1250,1250,0.05549446899771349,0.863597244723696,108.30351483824023,111.77444211393978,109.55965466643235,0.4793238096576573,fixed,1250,"Fixed 1,250","1,250","Fixed 1,250 (4.3%)","1,250
4.3%",29194,bootstrap_mean,Additional random bootstrap-mean quadrat selected with seed 20260703
20m,821,fixed_2000,2000,0.06850722751250257,50,110.05700260433184,109.38321896858,3.8360362290319947,101.53716633753142,119.66721276915992,squared_euclidean_pc1_pc3,2000,2000,0.034854994577882575,0.5424974460851592,108.96681317047324,111.14719203819044,109.55965466643235,0.49734793789949094,fixed,2000,"Fixed 2,000","2,000","Fixed 2,000 (6.9%)","2,000
6.9%",29194,bootstrap_mean,Additional random bootstrap-mean quadrat selected with seed 20260703
20m,821,fixed_3000,3000,0.10276084126875386,50,110.21024863367897,109.73998450843769,3.4467990469778442,104.72061808241703,118.57560164135286,squared_euclidean_pc1_pc3,3000,3000,0.031274759740670274,0.4874509959010726,109.2306791830022,111.18981808435575,109.55965466643235,0.6505939672466212,fixed,3000,"Fixed 3,000","3,000","Fixed 3,000 (10.3%)","3,000
10.3%",29194,bootstrap_mean,Additional random bootstrap-mean quadrat selected with seed 20260703
20m,821,fixed_4000,4000,0.13701445502500514,50,109.55965466643235,109.42738588778998,3.3877238520038557,102.16027388910447,117.23076654358574,squared_euclidean_pc1_pc3,4000,4000,0.03092127172468909,0.47909650170786766,108.59687420040497,110.52243513245973,109.55965466643235,0,fixed,4000,"Fixed 4,000","4,000","Fixed 4,000 (13.7%)","4,000
13.7%",29194,bootstrap_mean,Additional random bootstrap-mean quadrat selected with seed 20260703
20m,905,pct_1,270,0.009992228266903519,50,520.1476276570363,495.9281695243756,104.94117480130839,324.6553775112153,821.4079749659421,squared_euclidean_pc1_pc3,270,270,0.20175267408986863,14.8409232655376,490.32367576647675,549.9715795475959,547.8123629499602,-27.664735292923865,percent,0.01,1% of pixels,1%,1% of pixels = 270 pixels (1.0%),"1%
270 px",27021,bootstrap_mean,Additional random bootstrap-mean quadrat selected with seed 20260703
20m,905,pct_2,540,0.019984456533807038,50,544.4169393554301,543.3381298199133,103.69899658228161,374.6531473224279,801.8754683031603,squared_euclidean_pc1_pc3,540,540,0.19047716756399508,14.665252737114388,514.9460106086833,573.887868102177,547.8123629499602,-3.3954235945300297,percent,0.02,2% of pixels,2%,2% of pixels = 540 pixels (2.0%),"2%
540 px",27021,bootstrap_mean,Additional random bootstrap-mean quadrat selected with seed 20260703
20m,905,pct_3,811,0.030013693053550942,50,551.3478860582836,563.8481305296349,84.4013809703019,384.38443249502905,755.3874402053202,squared_euclidean_pc1_pc3,811,811,0.1530818982071507,11.93615776512194,527.3612789870267,575.3344931295405,547.8123629499602,3.5355231083234457,percent,0.03,3% of pixels,3%,3% of pixels = 811 pixels (3.0%),"3%
811 px",27021,bootstrap_mean,Additional random bootstrap-mean quadrat selected with seed 20260703
20m,905,fixed_1250,1250,0.046260316050479255,50,541.5988104680241,530.2694302244704,69.76850202364368,398.7445797709198,663.47359422672,squared_euclidean_pc1_pc3,1250,1250,0.12881952595751278,9.866756178829162,521.7708215802571,561.4267993557911,547.8123629499602,-6.213552481936063,fixed,1250,"Fixed 1,250","1,250","Fixed 1,250 (4.6%)","1,250
4.6%",27021,bootstrap_mean,Additional random bootstrap-mean quadrat selected with seed 20260703
20m,905,fixed_2000,2000,0.07401650568076681,50,536.7974716769369,529.1067068432641,61.58278029257238,408.6706167405327,663.1745216180885,squared_euclidean_pc1_pc3,2000,2000,0.11472256026130281,8.709120309839841,519.2958391651034,554.2991041887703,547.8123629499602,-11.014891273023295,fixed,2000,"Fixed 2,000","2,000","Fixed 2,000 (7.4%)","2,000
7.4%",27021,bootstrap_mean,Additional random bootstrap-mean quadrat selected with seed 20260703
20m,905,fixed_3000,3000,0.11102475852115022,50,535.9833913397707,537.566533653707,41.38621502694104,459.9848903659236,638.5982775315786,squared_euclidean_pc1_pc3,3000,3000,0.07721548035936338,5.85289465863892,524.221559168244,547.7452235112975,547.8123629499602,-11.828971610189456,fixed,3000,"Fixed 3,000","3,000","Fixed 3,000 (11.1%)","3,000
11.1%",27021,bootstrap_mean,Additional random bootstrap-mean quadrat selected with seed 20260703
20m,905,fixed_4000,4000,0.14803301136153363,50,547.8123629499602,549.1569016545243,34.41013901542529,482.2277887012865,632.965441340441,squared_euclidean_pc1_pc3,4000,4000,0.06281373211463735,4.866328527875802,538.0331096446054,557.591616255315,547.8123629499602,0,fixed,4000,"Fixed 4,000","4,000","Fixed 4,000 (14.8%)","4,000
14.8%",27021,bootstrap_mean,Additional random bootstrap-mean quadrat selected with seed 20260703
20m,912,pct_1,296,0.009993922614626241,50,183.89303626396654,185.8467262292276,18.274177599681042,148.61346982674223,243.19597099623735,squared_euclidean_pc1_pc3,296,296,0.0993739511345587,2.584358980268354,178.69957245336667,189.0865000745664,184.83815039511447,-0.9451141311479319,percent,0.01,1% of pixels,1%,1% of pixels = 296 pixels (1.0%),"1%
296 px",29618,bootstrap_mean,Additional random bootstrap-mean quadrat selected with seed 20260703
20m,912,pct_2,592,0.019987845229252482,50,185.82430791816753,185.49593334454448,12.510856021181489,162.4207785264646,213.37070502810124,squared_euclidean_pc1_pc3,592,592,0.06732626189406266,1.7693022262051958,182.26876197738792,189.37985385894714,184.83815039511447,0.9861575230530661,percent,0.02,2% of pixels,2%,2% of pixels = 592 pixels (2.0%),"2%
592 px",29618,bootstrap_mean,Additional random bootstrap-mean quadrat selected with seed 20260703
20m,912,pct_3,889,0.030015531095955162,50,186.18797692758807,185.39819722796537,9.20661614616817,165.0995470434837,208.80292777113357,squared_euclidean_pc1_pc3,889,889,0.04944796274223868,1.3020121417474142,183.57148556909087,188.80446828608527,184.83815039511447,1.3498265324735996,percent,0.03,3% of pixels,3%,3% of pixels = 889 pixels (3.0%),"3%
889 px",29618,bootstrap_mean,Additional random bootstrap-mean quadrat selected with seed 20260703
20m,912,fixed_1250,1250,0.042204065095550004,50,184.33763019765863,182.93774928389092,8.857229234579439,168.7027608716571,205.42760853966408,squared_euclidean_pc1_pc3,1250,1250,0.04804894814521674,1.252601370858971,181.8204335007863,186.85482689453096,184.83815039511447,-0.5005201974558418,fixed,1250,"Fixed 1,250","1,250","Fixed 1,250 (4.2%)","1,250
4.2%",29618,bootstrap_mean,Additional random bootstrap-mean quadrat selected with seed 20260703
20m,912,fixed_2000,2000,0.06752650415288,50,183.16412527686848,183.2503115954762,7.056090095793897,165.02691876015194,199.59890697515343,squared_euclidean_pc1_pc3,2000,2000,0.0385233193734199,0.99788183107982,181.1588066595493,185.16944389418765,184.83815039511447,-1.6740251182459929,fixed,2000,"Fixed 2,000","2,000","Fixed 2,000 (6.8%)","2,000
6.8%",29618,bootstrap_mean,Additional random bootstrap-mean quadrat selected with seed 20260703
20m,912,fixed_3000,3000,0.10128975622932,50,186.21854282513053,186.0963604822076,5.505980683577456,172.50920647164665,201.1253216717796,squared_euclidean_pc1_pc3,3000,3000,0.029567306241612443,0.7786632556879522,184.65376042843758,187.78332522182347,184.83815039511447,1.3803924300160588,fixed,3000,"Fixed 3,000","3,000","Fixed 3,000 (10.1%)","3,000
10.1%",29618,bootstrap_mean,Additional random bootstrap-mean quadrat selected with seed 20260703
20m,912,fixed_4000,4000,0.13505300830576,50,184.83815039511447,184.80262555232434,3.9000680350769983,175.7470583314382,194.6741530504573,squared_euclidean_pc1_pc3,4000,4000,0.021099908361667325,0.5515529109383679,183.72976332332618,185.94653746690275,184.83815039511447,0,fixed,4000,"Fixed 4,000","4,000","Fixed 4,000 (13.5%)","4,000
13.5%",29618,bootstrap_mean,Additional random bootstrap-mean quadrat selected with seed 20260703
50m,sub50_15,fixed_1250,1250,0.0072345498952437175,50,126.57626196262581,127.3884577472241,6.530025593634257,112.81569787777674,142.6156409871851,squared_euclidean_pc1_pc3,1250,1250,0.05158965427152824,0.9234850757160986,124.72044922260831,128.4320747026433,125.1941471891768,1.382114773449004,fixed,1250,"Fixed 1,250","1,250","Fixed 1,250 (0.7%)","1,250
0.7%",172782,bootstrap_mean,Additional random bootstrap-mean quadrat selected with seed 20260703
50m,sub50_15,pct_1,1728,0.010001041775184915,50,125.7951060972912,125.68113153258422,5.177581284840995,113.98433699747423,137.2030952970061,squared_euclidean_pc1_pc3,1728,1728,0.04115884508922471,0.7322205673311251,124.32365377706584,127.26655841751655,125.1941471891768,0.6009589081143929,percent,0.01,1% of pixels,1%,"1% of pixels = 1,728 pixels (1.0%)","1%
1,728 px",172782,bootstrap_mean,Additional random bootstrap-mean quadrat selected with seed 20260703
50m,sub50_15,pct_2,3456,0.02000208355036983,50,125.67385358544456,125.20457243465815,3.4686081309466883,119.58320894349096,132.94655651482972,squared_euclidean_pc1_pc3,3456,3456,0.027600077756734114,0.49053526613423987,124.6880860616826,126.65962110920653,125.1941471891768,0.47970639626775835,percent,0.02,2% of pixels,2%,"2% of pixels = 3,456 pixels (2.0%)","2%
3,456 px",172782,bootstrap_mean,Additional random bootstrap-mean quadrat selected with seed 20260703
50m,sub50_15,fixed_4000,4000,0.023150559664779895,50,125.1941471891768,124.63153686698585,3.239829398281103,118.49626102419111,133.35296313951824,squared_euclidean_pc1_pc3,4000,4000,0.025878441373026025,0.45818106748241993,124.2733978618427,126.11489651651091,125.1941471891768,0,fixed,4000,"Fixed 4,000","4,000","Fixed 4,000 (2.3%)","4,000
2.3%",172782,bootstrap_mean,Additional random bootstrap-mean quadrat selected with seed 20260703
50m,sub50_15,pct_3,5000,0.02893819958097487,50,125.29650217937929,125.55525516806267,2.849498797344722,118.61323736875426,131.68334665637965,squared_euclidean_pc1_pc3,5000,5000,0.022742045849494425,0.4029799845170729,124.48668358143506,126.10632077732352,125.1941471891768,0.1023549902024854,percent,0.03,3% of pixels,3%,"3% of pixels = 5,000 pixels (2.9%)","3%
5,000 px",172782,bootstrap_mean,Additional random bootstrap-mean quadrat selected with seed 20260703
50m,sub50_15,fixed_6000,6000,0.03472583949716984,50,125.78420260204226,125.3421556509567,2.9423573455589933,120.47105898404425,132.7084675881009,squared_euclidean_pc1_pc3,6000,6000,0.023392105564067237,0.41611216634376275,124.94799389668962,126.62041130739489,125.1941471891768,0.5900554128654534,fixed,6000,"Fixed 6,000","6,000","Fixed 6,000 (3.5%)","6,000
3.5%",172782,bootstrap_mean,Additional random bootstrap-mean quadrat selected with seed 20260703
50m,sub50_15,fixed_8000,8000,0.04630111932955979,50,125.19096432228993,125.09400013004137,2.484662908591116,120.59266616444013,131.37635669071304,squared_euclidean_pc1_pc3,8000,8000,0.019846982743855483,0.3513843983254938,124.48483093670146,125.8970977078784,125.1941471891768,-0.0031828668868740806,fixed,8000,"Fixed 8,000","8,000","Fixed 8,000 (4.6%)","8,000
4.6%",172782,bootstrap_mean,Additional random bootstrap-mean quadrat selected with seed 20260703
50m,sub50_24,fixed_1250,1250,0.007493286015729906,50,137.54679186540307,135.44689163196102,10.263635619781484,121.36418764289328,167.4920147053094,squared_euclidean_pc1_pc3,1250,1250,0.07461922943157412,1.451497269275056,134.6298988963072,140.46368483449893,139.73101911052674,-2.1842272451236795,fixed,1250,"Fixed 1,250","1,250","Fixed 1,250 (0.7%)","1,250
0.7%",166816,bootstrap_mean,Additional random bootstrap-mean quadrat selected with seed 20260703
50m,sub50_24,pct_1,1668,0.009999040859389987,50,141.70592043863593,140.91016247462076,9.765028157740167,124.63006795165134,163.9498360150401,squared_euclidean_pc1_pc3,1668,1668,0.06891051642382716,1.3809835257631302,138.9307301423789,144.48111073489295,139.73101911052674,1.9749013281091834,percent,0.01,1% of pixels,1%,"1% of pixels = 1,668 pixels (1.0%)","1%
1,668 px",166816,bootstrap_mean,Additional random bootstrap-mean quadrat selected with seed 20260703
50m,sub50_24,pct_2,3336,0.019998081718779974,50,140.19085221643644,139.42581468466165,5.838983161261342,127.98750414661191,160.13018497929914,squared_euclidean_pc1_pc3,3336,3336,0.041650243713810306,0.8257569177123918,138.53143156271344,141.85027287015944,139.73101911052674,0.45983310590969495,percent,0.02,2% of pixels,2%,"2% of pixels = 3,336 pixels (2.0%)","2%
3,336 px",166816,bootstrap_mean,Additional random bootstrap-mean quadrat selected with seed 20260703
50m,sub50_24,fixed_4000,4000,0.0239785152503357,50,139.73101911052674,139.67126245526646,5.858379385876105,129.35210173903025,154.5123571823415,squared_euclidean_pc1_pc3,4000,4000,0.04192611936253143,0.828499958103295,138.06608611075976,141.39595211029373,139.73101911052674,0,fixed,4000,"Fixed 4,000","4,000","Fixed 4,000 (2.4%)","4,000
2.4%",166816,bootstrap_mean,Additional random bootstrap-mean quadrat selected with seed 20260703
50m,sub50_24,pct_3,5000,0.029973144062919625,50,140.06420382447203,139.54092087617425,4.973431683500845,129.55071356758168,153.50663056942543,squared_euclidean_pc1_pc3,5000,5000,0.03550822799616619,0.7033494538342949,138.65077017899824,141.47763746994582,139.73101911052674,0.33318471394528615,percent,0.03,3% of pixels,3%,"3% of pixels = 5,000 pixels (3.0%)","3%
5,000 px",166816,bootstrap_mean,Additional random bootstrap-mean quadrat selected with seed 20260703
50m,sub50_24,fixed_6000,6000,0.03596777287550355,50,139.97838783729787,140.0887380464294,4.269514032111272,130.66869000894545,148.4260726289458,squared_euclidean_pc1_pc3,6000,6000,0.030501237355825873,0.6038004648953998,138.76500537487695,141.1917702997188,139.73101911052674,0.24736872677112842,fixed,6000,"Fixed 6,000","6,000","Fixed 6,000 (3.6%)","6,000
3.6%",166816,bootstrap_mean,Additional random bootstrap-mean quadrat selected with seed 20260703
50m,sub50_24,fixed_8000,8000,0.0479570305006714,50,139.78594619631548,139.17545493814376,3.614351549773167,132.90530819569312,146.64347022822508,squared_euclidean_pc1_pc3,8000,8000,0.02585632996822992,0.5111464980873427,138.75875885121383,140.81313354141713,139.73101911052674,0.05492708578873362,fixed,8000,"Fixed 8,000","8,000","Fixed 8,000 (4.8%)","8,000
4.8%",166816,bootstrap_mean,Additional random bootstrap-mean quadrat selected with seed 20260703
50m,sub50_36,fixed_1250,1250,0.007175536586625948,50,204.77065795435644,204.07828985572309,16.21437720368398,179.23420141083812,253.19197991917036,squared_euclidean_pc1_pc3,1250,1250,0.07918310838898696,2.2930592146883026,200.1625829392478,209.37873296946506,207.97109572907829,-3.2004377747218484,fixed,1250,"Fixed 1,250","1,250","Fixed 1,250 (0.7%)","1,250
0.7%",174203,bootstrap_mean,Original random bootstrap-mean quadrat selected with seed 20260703
50m,sub50_36,pct_1,1742,0.00999982778712192,50,210.65452056156718,208.25078459093916,17.295442134244414,181.31397967100426,260.659833793302,squared_euclidean_pc1_pc3,1742,1742,0.082103351440728,2.445944883348752,205.73921029260657,215.5698308305278,207.97109572907829,2.683424832488896,percent,0.01,1% of pixels,1%,"1% of pixels = 1,742 pixels (1.0%)","1%
1,742 px",174203,bootstrap_mean,Original random bootstrap-mean quadrat selected with seed 20260703
50m,sub50_36,pct_2,3484,0.01999965557424384,50,211.88102824308416,211.2679558454531,9.395129122378792,185.82220830803004,233.2444298455734,squared_euclidean_pc1_pc3,3484,3484,0.0443415307178898,1.3286719025114522,209.21096208952775,214.55109439664056,207.97109572907829,3.909932514005874,percent,0.02,2% of pixels,2%,"2% of pixels = 3,484 pixels (2.0%)","2%
3,484 px",174203,bootstrap_mean,Original random bootstrap-mean quadrat selected with seed 20260703
50m,sub50_36,fixed_4000,4000,0.02296171707720303,50,207.97109572907829,207.67039661028122,12.598244713706059,184.75778229621073,229.65937140834,squared_euclidean_pc1_pc3,4000,4000,0.060576902138928274,1.7816608536218257,204.39071419667732,211.55147726147925,207.97109572907829,0,fixed,4000,"Fixed 4,000","4,000","Fixed 4,000 (2.3%)","4,000
2.3%",174203,bootstrap_mean,Original random bootstrap-mean quadrat selected with seed 20260703
50m,sub50_36,pct_3,5000,0.028702146346503792,50,210.68226512880656,209.81140476190103,10.431280375145873,187.06198159985323,241.05015711273242,squared_euclidean_pc1_pc3,5000,5000,0.04951190537451462,1.47520581794476,207.71772804739578,213.64680221021734,207.97109572907829,2.711169399728277,percent,0.03,3% of pixels,3%,"3% of pixels = 5,000 pixels (2.9%)","3%
5,000 px",174203,bootstrap_mean,Original random bootstrap-mean quadrat selected with seed 20260703
50m,sub50_36,fixed_6000,6000,0.03444257561580455,50,209.83896364372637,210.92765051344935,8.475543870879823,192.99540512294467,223.83861013541718,squared_euclidean_pc1_pc3,6000,6000,0.04039070591899208,1.1986229090686407,207.4302407270062,212.24768656044654,207.97109572907829,1.8678679146480874,fixed,6000,"Fixed 6,000","6,000","Fixed 6,000 (3.4%)","6,000
3.4%",174203,bootstrap_mean,Original random bootstrap-mean quadrat selected with seed 20260703
50m,sub50_36,fixed_8000,8000,0.04592343415440606,50,208.79429641088547,209.5415855842772,9.311887146780848,191.44484336243968,228.84697031728308,squared_euclidean_pc1_pc3,8000,8000,0.04459837891575363,1.3168997094265178,206.14788736503925,211.44070545673168,207.97109572907829,0.8232006818071795,fixed,8000,"Fixed 8,000","8,000","Fixed 8,000 (4.6%)","8,000
4.6%",174203,bootstrap_mean,Original random bootstrap-mean quadrat selected with seed 20260703
50m,sub50_49,fixed_1250,1250,0.006039872824437809,50,192.01933751294692,190.2315720834117,22.327009955780202,151.23493126024678,251.72796388123288,squared_euclidean_pc1_pc3,1250,1250,0.11627479942885857,3.1575160286703476,185.67407149089232,198.36460353500152,193.08278230733058,-1.0634447943836562,fixed,1250,"Fixed 1,250","1,250","Fixed 1,250 (0.6%)","1,250
0.6%",206958,bootstrap_mean,Additional random bootstrap-mean quadrat selected with seed 20260703
50m,sub50_49,pct_1,2070,0.010002029397269012,50,189.9475639813714,189.90233130569217,15.787449813889317,158.40885995333764,235.04627899919507,squared_euclidean_pc1_pc3,2070,2070,0.08311477906311886,2.2326825642086865,185.4608203879674,194.43430757477537,193.08278230733058,-3.135218325959187,percent,0.01,1% of pixels,1%,"1% of pixels = 2,070 pixels (1.0%)","1%
2,070 px",206958,bootstrap_mean,Additional random bootstrap-mean quadrat selected with seed 20260703
50m,sub50_49,fixed_4000,4000,0.019327593038200988,50,193.08278230733058,191.7310131569605,12.095082206466826,168.19469421938587,224.86080976936105,squared_euclidean_pc1_pc3,4000,4000,0.06264195109440177,1.7105029294402883,189.64539797729034,196.5201666373708,193.08278230733058,0,fixed,4000,"Fixed 4,000","4,000","Fixed 4,000 (1.9%)","4,000
1.9%",206958,bootstrap_mean,Additional random bootstrap-mean quadrat selected with seed 20260703
50m,sub50_49,pct_2,4139,0.019999226896278473,50,188.1704853139326,185.5006421111877,11.106334455323498,169.06115837381174,224.13669816302013,squared_euclidean_pc1_pc3,4139,4139,0.0590227231268195,1.5706728814970092,185.01409998564577,191.32687064221943,193.08278230733058,-4.912296993397973,percent,0.02,2% of pixels,2%,"2% of pixels = 4,139 pixels (2.0%)","2%
4,139 px",206958,bootstrap_mean,Additional random bootstrap-mean quadrat selected with seed 20260703
50m,sub50_49,pct_3,5000,0.024159491297751235,50,193.6851318264382,192.48131440471786,11.421291535977133,171.0180175152972,221.55420639651553,squared_euclidean_pc1_pc3,5000,5000,0.05896834428267723,1.61521453899959,190.43923668621352,196.9310269666629,193.08278230733058,0.6023495191076336,percent,0.03,3% of pixels,3%,"3% of pixels = 5,000 pixels (2.4%)","3%
5,000 px",206958,bootstrap_mean,Additional random bootstrap-mean quadrat selected with seed 20260703
50m,sub50_49,fixed_6000,6000,0.028991389557301482,50,191.03219951837983,189.93433719837714,8.48912417085439,171.3008817372863,209.87717518769057,squared_euclidean_pc1_pc3,6000,6000,0.044438184726222685,1.2005434535091535,188.6196171231102,193.44478191364945,193.08278230733058,-2.0505827889507486,fixed,6000,"Fixed 6,000","6,000","Fixed 6,000 (2.9%)","6,000
2.9%",206958,bootstrap_mean,Additional random bootstrap-mean quadrat selected with seed 20260703
50m,sub50_49,fixed_8000,8000,0.038655186076401976,50,190.6037103776656,190.6773964672585,8.258490202063735,171.77327431798588,210.22696957741547,squared_euclidean_pc1_pc3,8000,8000,0.043328066309413465,1.1679268848483855,188.2566734310968,192.9507473242344,193.08278230733058,-2.4790719296649684,fixed,8000,"Fixed 8,000","8,000","Fixed 8,000 (3.9%)","8,000
3.9%",206958,bootstrap_mean,Additional random bootstrap-mean quadrat selected with seed 20260703
50m,sub50_51,fixed_1250,1250,0.006230343266992638,50,136.89872943515522,134.89924591847165,11.916062976617898,108.12853643955904,166.3780739146019,squared_euclidean_pc1_pc3,1250,1250,0.08704290409256264,1.6851857871624945,133.51222180731133,140.2852370629991,137.59734462895634,-0.6986151938011176,fixed,1250,"Fixed 1,250","1,250","Fixed 1,250 (0.6%)","1,250
0.6%",200631,bootstrap_mean,Additional random bootstrap-mean quadrat selected with seed 20260703
50m,sub50_51,pct_1,2006,0.009998454874869786,50,136.97350382358437,136.18758804199786,8.000522405185968,119.48438682738438,153.1390719236753,squared_euclidean_pc1_pc3,2006,2006,0.05840927027383542,1.1314447291483811,134.69978051370737,139.24722713346137,137.59734462895634,-0.6238408053719695,percent,0.01,1% of pixels,1%,"1% of pixels = 2,006 pixels (1.0%)","1%
2,006 px",200631,bootstrap_mean,Additional random bootstrap-mean quadrat selected with seed 20260703
50m,sub50_51,fixed_4000,4000,0.019937098454376443,50,137.59734462895634,136.980109584888,6.888021699711858,122.00117751680722,161.12030724088504,squared_euclidean_pc1_pc3,4000,4000,0.05005926326765993,0.9741133705652688,135.63979052131188,139.5548987366008,137.59734462895634,0,fixed,4000,"Fixed 4,000","4,000","Fixed 4,000 (2.0%)","4,000
2.0%",200631,bootstrap_mean,Additional random bootstrap-mean quadrat selected with seed 20260703
50m,sub50_51,pct_2,4013,0.020001894024353165,50,137.44306270020573,137.4629811842873,7.113355188893215,125.46038859974932,156.76442737476896,squared_euclidean_pc1_pc3,4013,4013,0.0517549234508041,1.0059803382109813,135.42146952349805,139.4646558769134,137.59734462895634,-0.1542819287506063,percent,0.02,2% of pixels,2%,"2% of pixels = 4,013 pixels (2.0%)","2%
4,013 px",200631,bootstrap_mean,Additional random bootstrap-mean quadrat selected with seed 20260703
50m,sub50_51,pct_3,5000,0.024921373067970553,50,135.48219987445898,135.2998165743744,5.620256809102077,125.42212274856438,145.88000881344752,squared_euclidean_pc1_pc3,5000,5000,0.04148335954324583,0.7948243403451892,133.8849405622337,137.07945918668426,137.59734462895634,-2.1151447544973507,percent,0.03,3% of pixels,3%,"3% of pixels = 5,000 pixels (2.5%)","3%
5,000 px",200631,bootstrap_mean,Additional random bootstrap-mean quadrat selected with seed 20260703
50m,sub50_51,fixed_6000,6000,0.029905647681564663,50,137.61999233135666,136.11614336888354,5.840139727384311,127.00703528155368,155.72017561963864,squared_euclidean_pc1_pc3,6000,6000,0.0424367101643388,0.8259204808620801,135.96024298517835,139.27974167753496,137.59734462895634,0.022647702400320213,fixed,6000,"Fixed 6,000","6,000","Fixed 6,000 (3.0%)","6,000
3.0%",200631,bootstrap_mean,Additional random bootstrap-mean quadrat selected with seed 20260703
50m,sub50_51,fixed_8000,8000,0.039874196908752886,50,138.0066719022896,138.49946399341192,4.960643410177298,124.00885531058717,150.69623429914515,squared_euclidean_pc1_pc3,8000,8000,0.035944953543184444,0.7015409188769455,136.5968726438816,139.41647116069763,137.59734462895634,0.40932727333327534,fixed,8000,"Fixed 8,000","8,000","Fixed 8,000 (4.0%)","8,000
4.0%",200631,bootstrap_mean,Additional random bootstrap-mean quadrat selected with seed 20260703
50m,sub50_56,fixed_1250,1250,0.00859106529209622,50,128.79118950779682,128.80819885217636,6.613757926557424,117.62411836677988,148.9352039497799,squared_euclidean_pc1_pc3,1250,1250,0.05135256496840599,0.9353266157990069,126.91158030205924,130.6707987135344,130.39494319955332,-1.6037536917565092,fixed,1250,"Fixed 1,250","1,250","Fixed 1,250 (0.9%)","1,250
0.9%",145500,bootstrap_mean,Additional random bootstrap-mean quadrat selected with seed 20260703
50m,sub50_56,pct_1,1455,0.01,50,130.5677027289231,130.85230872975313,5.47975330851004,117.38655635860763,144.00235371990502,squared_euclidean_pc1_pc3,1455,1455,0.04196867367642041,0.7749541447353737,129.01037406975223,132.125031388094,130.39494319955332,0.17275952936978456,percent,0.01,1% of pixels,1%,"1% of pixels = 1,455 pixels (1.0%)","1%
1,455 px",145500,bootstrap_mean,Additional random bootstrap-mean quadrat selected with seed 20260703
50m,sub50_56,pct_2,2910,0.02,50,131.13258923251547,130.3402286698821,4.841099199502277,124.37849972555814,145.22424284680432,squared_euclidean_pc1_pc3,2910,2910,0.03691759026368621,0.6846348144729654,129.75676406287403,132.50841440215692,130.39494319955332,0.7376460329621466,percent,0.02,2% of pixels,2%,"2% of pixels = 2,910 pixels (2.0%)","2%
2,910 px",145500,bootstrap_mean,Additional random bootstrap-mean quadrat selected with seed 20260703
50m,sub50_56,fixed_4000,4000,0.027491408934707903,50,130.39494319955332,129.7113886014365,3.0441525689916236,124.01712599007324,137.02244783881545,squared_euclidean_pc1_pc3,4000,4000,0.0233456336135131,0.4305081849000853,129.52980461179666,131.26008178730999,130.39494319955332,0,fixed,4000,"Fixed 4,000","4,000","Fixed 4,000 (2.7%)","4,000
2.7%",145500,bootstrap_mean,Additional random bootstrap-mean quadrat selected with seed 20260703
50m,sub50_56,pct_3,4365,0.03,50,130.9135152847398,130.2196666853501,3.4864305892759595,125.08470444211953,138.9695325459693,squared_euclidean_pc1_pc3,4365,4365,0.026631555815248686,0.4930557423626484,129.92268267436344,131.90434789511613,130.39494319955332,0.518572085186463,percent,0.03,3% of pixels,3%,"3% of pixels = 4,365 pixels (3.0%)","3%
4,365 px",145500,bootstrap_mean,Additional random bootstrap-mean quadrat selected with seed 20260703
50m,sub50_56,fixed_6000,6000,0.041237113402061855,50,130.46605164869314,130.15736226341625,3.3002280895103846,121.4617777879725,137.8949781122093,squared_euclidean_pc1_pc3,6000,6000,0.025295684569323306,0.46672273231102346,129.52813720323562,131.40396609415066,130.39494319955332,0.07110844913981396,fixed,6000,"Fixed 6,000","6,000","Fixed 6,000 (4.1%)","6,000
4.1%",145500,bootstrap_mean,Additional random bootstrap-mean quadrat selected with seed 20260703
50m,sub50_56,fixed_8000,8000,0.054982817869415807,50,130.06030851033358,129.4056596813956,2.434788859699107,124.41463719878138,135.2899024518559,squared_euclidean_pc1_pc3,8000,8000,0.018720460435519094,0.34433114269014004,129.36834917261106,130.7522678480561,130.39494319955332,-0.33463468921974027,fixed,8000,"Fixed 8,000","8,000","Fixed 8,000 (5.5%)","8,000
5.5%",145500,bootstrap_mean,Additional random bootstrap-mean quadrat selected with seed 20260703
50m,sub50_60,fixed_1250,1250,0.007599153758237482,50,192.21196058536802,190.83099583744564,28.569979643280156,143.03337323754496,279.06127904838644,squared_euclidean_pc1_pc3,1250,1250,0.1486378868217789,4.040405268825004,184.09246220917078,200.33145896156526,182.67665357230777,9.535307013060248,fixed,1250,"Fixed 1,250","1,250","Fixed 1,250 (0.8%)","1,250
0.8%",164492,bootstrap_mean,Original random bootstrap-mean quadrat selected with seed 20260703
50m,sub50_60,pct_1,1645,0.010000486345840527,50,182.60904647502537,180.82896087464246,20.493799345921914,135.8350565596995,232.2746583528093,squared_euclidean_pc1_pc3,1645,1645,0.1122277331902325,2.8982608979555633,176.7847731437539,188.43331980629682,182.67665357230777,-0.067607097282405,percent,0.01,1% of pixels,1%,"1% of pixels = 1,645 pixels (1.0%)","1%
1,645 px",164492,bootstrap_mean,Original random bootstrap-mean quadrat selected with seed 20260703
50m,sub50_60,pct_2,3290,0.020000972691681055,50,187.0323943794425,185.41249985264187,15.234079729461898,157.7696300084764,223.4756098690732,squared_euclidean_pc1_pc3,3290,3290,0.08145155698833495,2.1544242163678065,182.7029168239582,191.36187193492682,182.67665357230777,4.355740807134737,percent,0.02,2% of pixels,2%,"2% of pixels = 3,290 pixels (2.0%)","2%
3,290 px",164492,bootstrap_mean,Original random bootstrap-mean quadrat selected with seed 20260703
50m,sub50_60,fixed_4000,4000,0.024317292026359946,50,182.67665357230777,180.88829690551185,12.1135767006023,163.8325214231702,211.61346017214086,squared_euclidean_pc1_pc3,4000,4000,0.066311575473477,1.71311844588385,179.23401316519025,186.1192939794253,182.67665357230777,0,fixed,4000,"Fixed 4,000","4,000","Fixed 4,000 (2.4%)","4,000
2.4%",164492,bootstrap_mean,Original random bootstrap-mean quadrat selected with seed 20260703
50m,sub50_60,pct_3,4935,0.03000145903752158,50,188.1581282901863,190.14655592924387,12.901571584169464,160.58420482996414,223.0840927048439,squared_euclidean_pc1_pc3,4935,4935,0.06856770792422028,1.8245577510259792,184.4915422150123,191.82471436536034,182.67665357230777,5.481474717878541,percent,0.03,3% of pixels,3%,"3% of pixels = 4,935 pixels (3.0%)","3%
4,935 px",164492,bootstrap_mean,Original random bootstrap-mean quadrat selected with seed 20260703
50m,sub50_60,fixed_6000,6000,0.03647593803953992,50,186.6142267570257,183.5612724123136,11.955739789280036,165.12522204929778,210.13538676588942,squared_euclidean_pc1_pc3,6000,6000,0.06406660412256014,1.6907969358203476,183.21644310378713,190.01201041026428,182.67665357230777,3.937573184717934,fixed,6000,"Fixed 6,000","6,000","Fixed 6,000 (3.6%)","6,000
3.6%",164492,bootstrap_mean,Original random bootstrap-mean quadrat selected with seed 20260703
50m,sub50_60,fixed_8000,8000,0.04863458405271989,50,187.5891262244054,187.15752512510693,9.141516314649627,171.36339266119484,208.1458643717826,squared_euclidean_pc1_pc3,8000,8000,0.048731589610977746,1.2928056352832415,184.99113603331907,190.18711641549172,182.67665357230777,4.91247265209762,fixed,8000,"Fixed 8,000","8,000","Fixed 8,000 (4.9%)","8,000
4.9%",164492,bootstrap_mean,Original random bootstrap-mean quadrat selected with seed 20260703
50m,sub50_8,fixed_1250,1250,0.0066527225601805285,50,146.4998159057075,141.6709703961758,16.203640216059362,122.80672471842514,185.2248398675066,squared_euclidean_pc1_pc3,1250,1250,0.11060519165763733,2.2915407753365256,141.89479230871927,151.1048395026957,142.16058687320643,4.339229032501066,fixed,1250,"Fixed 1,250","1,250","Fixed 1,250 (0.7%)","1,250
0.7%",187893,bootstrap_mean,Additional random bootstrap-mean quadrat selected with seed 20260703
50m,sub50_8,pct_1,1879,0.01000037255246337,50,145.48394908030718,140.44784421783083,15.27549538457189,126.29163838970942,191.8340086351007,squared_euclidean_pc1_pc3,1879,1879,0.10499780547020904,2.1602812744829185,141.1427013258723,149.82519683474206,142.16058687320643,3.3233622071007574,percent,0.01,1% of pixels,1%,"1% of pixels = 1,879 pixels (1.0%)","1%
1,879 px",187893,bootstrap_mean,Additional random bootstrap-mean quadrat selected with seed 20260703
50m,sub50_8,pct_2,3758,0.02000074510492674,50,143.6882483089894,143.60334324334303,7.39036128266427,131.32391975737218,159.8222095266373,squared_euclidean_pc1_pc3,3758,3758,0.05143330348611339,1.0451549156780833,141.58793087147882,145.78856574649996,142.16058687320643,1.52766143578296,percent,0.02,2% of pixels,2%,"2% of pixels = 3,758 pixels (2.0%)","2%
3,758 px",187893,bootstrap_mean,Additional random bootstrap-mean quadrat selected with seed 20260703
50m,sub50_8,fixed_4000,4000,0.02128871219257769,50,142.16058687320643,142.3848352172305,8.023790507500669,127.08757004873912,162.05269722931777,squared_euclidean_pc1_pc3,4000,4000,0.05644173736182673,1.1347353357347945,139.88025084181825,144.4409229045946,142.16058687320643,0,fixed,4000,"Fixed 4,000","4,000","Fixed 4,000 (2.1%)","4,000
2.1%",187893,bootstrap_mean,Additional random bootstrap-mean quadrat selected with seed 20260703
50m,sub50_8,pct_3,5000,0.026610890240722114,50,142.8512284969162,141.898415839902,7.854740869916658,124.56317805691133,160.72203683584712,squared_euclidean_pc1_pc3,5000,5000,0.054985462516244456,1.110828106716238,140.6189358409521,145.0835211528803,142.16058687320643,0.6906416237097801,percent,0.03,3% of pixels,3%,"3% of pixels = 5,000 pixels (2.7%)","3%
5,000 px",187893,bootstrap_mean,Additional random bootstrap-mean quadrat selected with seed 20260703
50m,sub50_8,fixed_6000,6000,0.03193306828886654,50,143.54849618833416,143.17915739049204,7.3806299602401255,131.68137415920572,162.4555253909959,squared_euclidean_pc1_pc3,6000,6000,0.05141558536814496,1.0437786988628783,141.45094436205633,145.64604801461198,142.16058687320643,1.3879093151277289,fixed,6000,"Fixed 6,000","6,000","Fixed 6,000 (3.2%)","6,000
3.2%",187893,bootstrap_mean,Additional random bootstrap-mean quadrat selected with seed 20260703
50m,sub50_8,fixed_8000,8000,0.04257742438515538,50,144.07832495860552,143.77987593831517,5.841234815219243,132.22765288215635,160.27377393006887,squared_euclidean_pc1_pc3,8000,8000,0.040542078878953246,0.8260753496688953,142.41826439190802,145.73838552530302,142.16058687320643,1.917738085399094,fixed,8000,"Fixed 8,000","8,000","Fixed 8,000 (4.3%)","8,000
4.3%",187893,bootstrap_mean,Additional random bootstrap-mean quadrat selected with seed 20260703
