scale,quad_id,sample_rule,sample_size,sample_fraction,n_boot,metric_mean,metric_median,metric_sd,metric_min,metric_max,metric_method,metric_n_points_min,metric_n_points_max,metric_cv,metric_se,ci_low,ci_high,fixed_4000_mean,delta_from_fixed_4000,rule_type,rule_value,rule_label,rule_axis_label,sample_label,plot_sample_label,source_n_pixels,source_method,selection_note
10m,1104_b,pct_1,94,0.009975591637482755,50,7.194129830245428,7.160929165728115,0.5987561426832606,6.1393190743986175,9.20794349722229,all_sampled_pixels,94,94,0.08322843162573756,0.08467690575368672,7.023965217286093,7.364294443204764,7.117915383965646,0.07621444627978224,percent,0.01,1% of pixels,1%,1% of pixels = 94 pixels (1.0%),"1%
94 px",9423,bootstrap_mean,Additional random bootstrap-mean quadrat selected with seed 20260703
10m,1104_b,pct_2,188,0.01995118327496551,50,7.058676116165304,7.0813804531792375,0.372611913086145,6.343719600130786,8.160072738067102,all_sampled_pixels,188,188,0.052787790083301075,0.052695282098821114,6.952780982145973,7.164571250184635,7.117915383965646,-0.05923926780034172,percent,0.02,2% of pixels,2%,2% of pixels = 188 pixels (2.0%),"2%
188 px",9423,bootstrap_mean,Additional random bootstrap-mean quadrat selected with seed 20260703
10m,1104_b,pct_3,283,0.030032898227740634,50,7.131365891243771,7.17009418950105,0.3156480316855214,6.320770556327138,7.787370820264891,all_sampled_pixels,283,283,0.044261931935520096,0.04463937273460368,7.04165971319533,7.221072069292212,7.117915383965646,0.013450507278125023,percent,0.03,3% of pixels,3%,3% of pixels = 283 pixels (3.0%),"3%
283 px",9423,bootstrap_mean,Additional random bootstrap-mean quadrat selected with seed 20260703
10m,1104_b,fixed_1250,1250,0.13265414411546217,50,7.085082789498969,7.085896983749302,0.1288592755326662,6.8048730021338315,7.3431589825395225,all_sampled_pixels,1250,1250,0.01818740575955622,0.018223453509586807,7.048461388591128,7.121704190406811,7.117915383965646,-0.032832594466676746,fixed,1250,"Fixed 1,250","1,250","Fixed 1,250 (13.3%)","1,250
13.3%",9423,bootstrap_mean,Additional random bootstrap-mean quadrat selected with seed 20260703
10m,1104_b,fixed_2000,2000,0.21224663058473947,50,7.09821101156549,7.081984036467912,0.09971614701461648,6.922946253005433,7.379679685656662,all_sampled_pixels,2000,2000,0.014048067442929451,0.014101992749566004,7.069871996141786,7.126550026989194,7.117915383965646,-0.01970437240015599,fixed,2000,"Fixed 2,000","2,000","Fixed 2,000 (21.2%)","2,000
21.2%",9423,bootstrap_mean,Additional random bootstrap-mean quadrat selected with seed 20260703
10m,1104_b,fixed_3000,3000,0.3183699458771092,50,7.093969841208792,7.0835680945287125,0.07202317339443023,6.943726290241271,7.249660739139811,all_sampled_pixels,3000,3000,0.01015273182810116,0.01018561486195523,7.073501081807271,7.114438600610312,7.117915383965646,-0.02394554275685401,fixed,3000,"Fixed 3,000","3,000","Fixed 3,000 (31.8%)","3,000
31.8%",9423,bootstrap_mean,Additional random bootstrap-mean quadrat selected with seed 20260703
10m,1104_b,fixed_4000,4000,0.42449326116947894,50,7.117915383965646,7.124593162483506,0.06607780659517239,6.971462578349328,7.231921702946539,all_sampled_pixels,4000,4000,0.009283308810332902,0.009344813025875913,7.099136279113243,7.136694488818049,7.117915383965646,0,fixed,4000,"Fixed 4,000","4,000","Fixed 4,000 (42.4%)","4,000
42.4%",9423,bootstrap_mean,Additional random bootstrap-mean quadrat selected with seed 20260703
10m,1110_a,pct_1,76,0.009934640522875817,50,5.04552568906777,5.016831510930875,0.3514910364548812,4.178294267656348,5.871544483693734,all_sampled_pixels,76,76,0.06966390780973786,0.0497083390807069,4.945633041772358,5.145418336363183,5.072628269304333,-0.02710258023656298,percent,0.01,1% of pixels,1%,1% of pixels = 76 pixels (1.0%),"1%
76 px",7650,bootstrap_mean,Additional random bootstrap-mean quadrat selected with seed 20260703
10m,1110_a,pct_2,153,0.02,50,5.075017255097042,5.080796066114702,0.25052971219442255,4.5876608698424475,5.793928210384223,all_sampled_pixels,153,153,0.049365292687981614,0.03543025167627805,5.003817498683137,5.146217011510947,5.072628269304333,0.002388985792708631,percent,0.02,2% of pixels,2%,2% of pixels = 153 pixels (2.0%),"2%
153 px",7650,bootstrap_mean,Additional random bootstrap-mean quadrat selected with seed 20260703
10m,1110_a,pct_3,230,0.030065359477124184,50,5.065826359872326,5.058346566343529,0.19364156366315183,4.652522122337762,5.478265139390382,all_sampled_pixels,230,230,0.03822506929906539,0.02738505255715624,5.010794036385982,5.12085868335867,5.072628269304333,-0.006801909432007314,percent,0.03,3% of pixels,3%,3% of pixels = 230 pixels (3.0%),"3%
230 px",7650,bootstrap_mean,Additional random bootstrap-mean quadrat selected with seed 20260703
10m,1110_a,fixed_1250,1250,0.16339869281045752,50,5.056580722308634,5.059648429699125,0.08059850432903183,4.848498310702486,5.283648704945244,all_sampled_pixels,1250,1250,0.015939329114918938,0.011398349792910342,5.033674880820664,5.079486563796603,5.072628269304333,-0.01604754699569977,fixed,1250,"Fixed 1,250","1,250","Fixed 1,250 (16.3%)","1,250
16.3%",7650,bootstrap_mean,Additional random bootstrap-mean quadrat selected with seed 20260703
10m,1110_a,fixed_2000,2000,0.26143790849673204,50,5.084996546078221,5.08877555145337,0.06343038272339667,4.9538480145742465,5.262391538299135,all_sampled_pixels,2000,2000,0.012474026707514097,0.008970410751394362,5.066969830765341,5.103023261391101,5.072628269304333,0.012368276773887743,fixed,2000,"Fixed 2,000","2,000","Fixed 2,000 (26.1%)","2,000
26.1%",7650,bootstrap_mean,Additional random bootstrap-mean quadrat selected with seed 20260703
10m,1110_a,fixed_3000,3000,0.39215686274509803,50,5.077133366562043,5.0800511704173825,0.034661229246445525,4.996395866552492,5.1713920417211785,all_sampled_pixels,3000,3000,0.006826929045182088,0.004901838048884623,5.067282754202586,5.0869839789214994,5.072628269304333,0.004505097257709423,fixed,3000,"Fixed 3,000","3,000","Fixed 3,000 (39.2%)","3,000
39.2%",7650,bootstrap_mean,Additional random bootstrap-mean quadrat selected with seed 20260703
10m,1110_a,fixed_4000,4000,0.5228758169934641,50,5.072628269304333,5.0749917302714085,0.030503780536076587,5.020449397700299,5.139024416689289,all_sampled_pixels,4000,4000,0.0060134074323289445,0.004313886013777195,5.063959190795249,5.081297347813418,5.072628269304333,0,fixed,4000,"Fixed 4,000","4,000","Fixed 4,000 (52.3%)","4,000
52.3%",7650,bootstrap_mean,Additional random bootstrap-mean quadrat selected with seed 20260703
10m,1124_a,pct_1,83,0.009998795325864354,50,5.241290278089828,5.279756991866049,0.343025903486558,4.4930089001012075,6.023229108156989,all_sampled_pixels,83,83,0.06544684329362745,0.04851118849559746,5.143803394965366,5.338777161214289,5.275068927299522,-0.03377864920969387,percent,0.01,1% of pixels,1%,1% of pixels = 83 pixels (1.0%),"1%
83 px",8301,bootstrap_mean,Additional random bootstrap-mean quadrat selected with seed 20260703
10m,1124_a,pct_2,166,0.01999759065172871,50,5.259001391705226,5.2459230022397545,0.2421124433351466,4.801547711792082,5.700178684072172,all_sampled_pixels,166,166,0.04603772186046938,0.034239870098385174,5.19019379663299,5.3278089867774625,5.275068927299522,-0.016067535594295634,percent,0.02,2% of pixels,2%,2% of pixels = 166 pixels (2.0%),"2%
166 px",8301,bootstrap_mean,Additional random bootstrap-mean quadrat selected with seed 20260703
10m,1124_a,pct_3,249,0.029996385977593062,50,5.2786686247203,5.236704560114459,0.2193510314999691,4.93108346837433,5.949564796535436,all_sampled_pixels,249,249,0.04155423404923279,0.031020920366778428,5.2163297513182645,5.341007498122336,5.275068927299522,0.0035996974207783694,percent,0.03,3% of pixels,3%,3% of pixels = 249 pixels (3.0%),"3%
249 px",8301,bootstrap_mean,Additional random bootstrap-mean quadrat selected with seed 20260703
10m,1124_a,fixed_1250,1250,0.15058426695578847,50,5.275600474077342,5.2836588263774615,0.08733454188341412,5.07997496347396,5.481265807063334,all_sampled_pixels,1250,1250,0.016554426801754393,0.012350969359516536,5.2507802718979155,5.300420676256768,5.275068927299522,5.31546777819969e-4,fixed,1250,"Fixed 1,250","1,250","Fixed 1,250 (15.1%)","1,250
15.1%",8301,bootstrap_mean,Additional random bootstrap-mean quadrat selected with seed 20260703
10m,1124_a,fixed_2000,2000,0.24093482712926154,50,5.261259843625726,5.26391409060898,0.06630611618611418,5.138216631619955,5.458729566230595,all_sampled_pixels,2000,2000,0.012602706985941264,0.009377100877868886,5.242415853905498,5.280103833345954,5.275068927299522,-0.013809083673796074,fixed,2000,"Fixed 2,000","2,000","Fixed 2,000 (24.1%)","2,000
24.1%",8301,bootstrap_mean,Additional random bootstrap-mean quadrat selected with seed 20260703
10m,1124_a,fixed_3000,3000,0.3614022406938923,50,5.282401225130391,5.282636991991856,0.0465665862622758,5.177717339180782,5.36542666799642,all_sampled_pixels,3000,3000,0.008815420161713739,0.006585509784552708,5.269167147743482,5.2956353025173,5.275068927299522,0.007332297830869194,fixed,3000,"Fixed 3,000","3,000","Fixed 3,000 (36.1%)","3,000
36.1%",8301,bootstrap_mean,Additional random bootstrap-mean quadrat selected with seed 20260703
10m,1124_a,fixed_4000,4000,0.4818696542585231,50,5.275068927299522,5.278416682435857,0.037960438478150005,5.180167943284694,5.356505839592926,all_sampled_pixels,4000,4000,0.007196197623446634,0.005368416692942923,5.264280690050793,5.285857164548251,5.275068927299522,0,fixed,4000,"Fixed 4,000","4,000","Fixed 4,000 (48.2%)","4,000
48.2%",8301,bootstrap_mean,Additional random bootstrap-mean quadrat selected with seed 20260703
10m,112_b,pct_1,73,0.00994550408719346,50,10.660696281291685,10.524953852530327,1.953333713281288,7.539373012004543,15.984925587614557,all_sampled_pixels,73,73,0.18322759243307282,0.2762431029162996,10.105564982243346,11.215827580340024,10.896937643055638,-0.2362413617639536,percent,0.01,1% of pixels,1%,1% of pixels = 73 pixels (1.0%),"1%
73 px",7340,bootstrap_mean,Original random bootstrap-mean quadrat selected with seed 20260703
10m,112_b,pct_2,147,0.02002724795640327,50,11.01627512535805,10.857366736333915,1.481862517209445,7.615886209562154,14.804764815296831,all_sampled_pixels,147,147,0.13451575059144882,0.20956700694099312,10.595134457690138,11.437415793025961,10.896937643055638,0.11933748230241115,percent,0.02,2% of pixels,2%,2% of pixels = 147 pixels (2.0%),"2%
147 px",7340,bootstrap_mean,Original random bootstrap-mean quadrat selected with seed 20260703
10m,112_b,pct_3,220,0.02997275204359673,50,11.12416520684768,11.052871137339345,1.4350745964049045,7.824837295353704,14.530388450256954,all_sampled_pixels,220,220,0.12900514957486595,0.20295019572529116,10.716321519147602,11.532008894547758,10.896937643055638,0.22722756379204156,percent,0.03,3% of pixels,3%,3% of pixels = 220 pixels (3.0%),"3%
220 px",7340,bootstrap_mean,Original random bootstrap-mean quadrat selected with seed 20260703
10m,112_b,fixed_1250,1250,0.17029972752043596,50,10.861381117373337,10.830597256097937,0.4795367309483785,9.91727027007235,12.05538548304016,all_sampled_pixels,1250,1250,0.04415062189295014,0.06781673485632547,10.725098286343107,10.997663948403568,10.896937643055638,-0.035556525682300943,fixed,1250,"Fixed 1,250","1,250","Fixed 1,250 (17.0%)","1,250
17.0%",7340,bootstrap_mean,Original random bootstrap-mean quadrat selected with seed 20260703
10m,112_b,fixed_2000,2000,0.2724795640326976,50,10.879662598915287,10.808788307139757,0.34419226125828595,10.061655246147971,11.483053282233895,all_sampled_pixels,2000,2000,0.03163629920771645,0.04867613639353316,10.781844240579717,10.977480957250856,10.896937643055638,-0.017275044140351525,fixed,2000,"Fixed 2,000","2,000","Fixed 2,000 (27.2%)","2,000
27.2%",7340,bootstrap_mean,Original random bootstrap-mean quadrat selected with seed 20260703
10m,112_b,fixed_3000,3000,0.4087193460490463,50,10.815351999405578,10.830742334315964,0.26583344492480476,10.137333819036744,11.561938084791763,all_sampled_pixels,3000,3000,0.024579268889206307,0.03759452631450201,10.739802970272352,10.890901028538805,10.896937643055638,-0.08158564365005994,fixed,3000,"Fixed 3,000","3,000","Fixed 3,000 (40.9%)","3,000
40.9%",7340,bootstrap_mean,Original random bootstrap-mean quadrat selected with seed 20260703
10m,112_b,fixed_4000,4000,0.5449591280653951,50,10.896937643055638,10.895157695360462,0.21818871783117388,10.371965469547895,11.277001161171855,all_sampled_pixels,4000,4000,0.020022939010779825,0.030856544391364246,10.834929095543373,10.958946190567904,10.896937643055638,0,fixed,4000,"Fixed 4,000","4,000","Fixed 4,000 (54.5%)","4,000
54.5%",7340,bootstrap_mean,Original random bootstrap-mean quadrat selected with seed 20260703
10m,114_b,pct_1,72,0.009946125155408206,50,8.84187007496756,8.77515502232766,1.6389615704528873,6.294282956465892,13.986458446025651,all_sampled_pixels,72,72,0.18536367946561358,0.231784168114278,8.376082350366506,9.307657799568613,8.975240540073942,-0.13337046510638295,percent,0.01,1% of pixels,1%,1% of pixels = 72 pixels (1.0%),"1%
72 px",7239,bootstrap_mean,Additional random bootstrap-mean quadrat selected with seed 20260703
10m,114_b,pct_2,145,0.02003039093797486,50,9.251731811616821,9.117471961131457,1.174013638202274,6.7754245548536,11.848198802272456,all_sampled_pixels,145,145,0.1268966353659472,0.16603060095566358,8.918080827330634,9.585382795903008,8.975240540073942,0.2764912715428789,percent,0.02,2% of pixels,2%,2% of pixels = 145 pixels (2.0%),"2%
145 px",7239,bootstrap_mean,Additional random bootstrap-mean quadrat selected with seed 20260703
10m,114_b,pct_3,217,0.029976516093383063,50,8.894243910008768,8.820561512555365,0.7590384953143162,6.985824322788144,10.421738145912876,all_sampled_pixels,217,217,0.08534041825187229,0.10734425344367729,8.67852755644023,9.109960263577307,8.975240540073942,-0.0809966300651741,percent,0.03,3% of pixels,3%,3% of pixels = 217 pixels (3.0%),"3%
217 px",7239,bootstrap_mean,Additional random bootstrap-mean quadrat selected with seed 20260703
10m,114_b,fixed_1250,1250,0.17267578394805913,50,8.968763940610392,8.966142511453487,0.39613089832522413,7.908416799906051,9.774722090596537,all_sampled_pixels,1250,1250,0.04416783638730316,0.05602136888865695,8.856184784941664,9.08134309627912,8.975240540073942,-0.006476599463550059,fixed,1250,"Fixed 1,250","1,250","Fixed 1,250 (17.3%)","1,250
17.3%",7239,bootstrap_mean,Additional random bootstrap-mean quadrat selected with seed 20260703
10m,114_b,fixed_2000,2000,0.2762812543168946,50,8.90862308036343,8.879875665507285,0.27056091152917233,8.321974003820781,9.471484115603827,all_sampled_pixels,2000,2000,0.03037067671271762,0.03826309105325826,8.831730520086781,8.98551564064008,8.975240540073942,-0.06661745971051225,fixed,2000,"Fixed 2,000","2,000","Fixed 2,000 (27.6%)","2,000
27.6%",7239,bootstrap_mean,Additional random bootstrap-mean quadrat selected with seed 20260703
10m,114_b,fixed_3000,3000,0.4144218814753419,50,8.971891966926721,8.967335074652471,0.17331004812879253,8.521279836684363,9.36805653244365,all_sampled_pixels,3000,3000,0.01931700122646027,0.024509742055927222,8.922637796222705,9.021146137630737,8.975240540073942,-0.0033485731472211455,fixed,3000,"Fixed 3,000","3,000","Fixed 3,000 (41.4%)","3,000
41.4%",7239,bootstrap_mean,Additional random bootstrap-mean quadrat selected with seed 20260703
10m,114_b,fixed_4000,4000,0.5525625086337892,50,8.975240540073942,8.975260772863464,0.16238449929494883,8.542883599677987,9.320672783511307,all_sampled_pixels,4000,4000,0.018092495523647664,0.02296463612220809,8.92909137599307,9.021389704154815,8.975240540073942,0,fixed,4000,"Fixed 4,000","4,000","Fixed 4,000 (55.3%)","4,000
55.3%",7239,bootstrap_mean,Additional random bootstrap-mean quadrat selected with seed 20260703
10m,11_c,pct_1,62,0.010001613163413454,50,5.410975613032658,5.3495002160351675,0.48962290541728615,4.557318513214822,6.445680602518688,all_sampled_pixels,62,62,0.09048699170589498,0.06924313532896452,5.271826322934382,5.550124903130934,5.409742057898886,0.0012335551337718798,percent,0.01,1% of pixels,1%,1% of pixels = 62 pixels (1.0%),"1%
62 px",6199,bootstrap_mean,Additional random bootstrap-mean quadrat selected with seed 20260703
10m,11_c,pct_2,124,0.020003226326826908,50,5.439736339433823,5.369263507723267,0.33297135780156756,4.845156320482627,6.171147587339241,all_sampled_pixels,124,124,0.06121093689555986,0.04708926100847613,5.345106926576474,5.534365752291173,5.409742057898886,0.029994281534936995,percent,0.02,2% of pixels,2%,2% of pixels = 124 pixels (2.0%),"2%
124 px",6199,bootstrap_mean,Additional random bootstrap-mean quadrat selected with seed 20260703
10m,11_c,pct_3,186,0.03000483949024036,50,5.444932120600548,5.435471597192544,0.2484782172754427,4.920506722356235,6.0704885612500625,all_sampled_pixels,186,186,0.045634768583310975,0.035140126482521974,5.374315392591682,5.515548848609414,5.409742057898886,0.035190062701661695,percent,0.03,3% of pixels,3%,3% of pixels = 186 pixels (3.0%),"3%
186 px",6199,bootstrap_mean,Additional random bootstrap-mean quadrat selected with seed 20260703
10m,11_c,fixed_1250,1250,0.20164542668172286,50,5.402963667808287,5.390295214510294,0.09582954574276982,5.209831156330016,5.592638425206186,all_sampled_pixels,1250,1250,0.017736477910028792,0.013552344326547797,5.375729212244607,5.430198123371966,5.409742057898886,-0.006778390090599551,fixed,1250,"Fixed 1,250","1,250","Fixed 1,250 (20.2%)","1,250
20.2%",6199,bootstrap_mean,Additional random bootstrap-mean quadrat selected with seed 20260703
10m,11_c,fixed_2000,2000,0.32263268269075657,50,5.404108168074086,5.410744996148001,0.07297383971576034,5.27195487385084,5.656797166939791,all_sampled_pixels,2000,2000,0.013503401013856229,0.010320059382446867,5.3833692322934175,5.424847103854755,5.409742057898886,-0.005633889824800065,fixed,2000,"Fixed 2,000","2,000","Fixed 2,000 (32.3%)","2,000
32.3%",6199,bootstrap_mean,Additional random bootstrap-mean quadrat selected with seed 20260703
10m,11_c,fixed_3000,3000,0.4839490240361349,50,5.407174192514809,5.400022709239477,0.04487307880914538,5.331972740659379,5.550620077635366,all_sampled_pixels,3000,3000,0.00829880399844775,0.0063460116637330125,5.394421404620838,5.41992698040878,5.409742057898886,-0.0025678653840772725,fixed,3000,"Fixed 3,000","3,000","Fixed 3,000 (48.4%)","3,000
48.4%",6199,bootstrap_mean,Additional random bootstrap-mean quadrat selected with seed 20260703
10m,11_c,fixed_4000,4000,0.6452653653815131,50,5.409742057898886,5.404656851508317,0.03709026505138058,5.30623024226858,5.480578562927877,all_sampled_pixels,4000,4000,0.006856198438745198,0.005245355586767524,5.399201121201781,5.420282994595992,5.409742057898886,0,fixed,4000,"Fixed 4,000","4,000","Fixed 4,000 (64.5%)","4,000
64.5%",6199,bootstrap_mean,Additional random bootstrap-mean quadrat selected with seed 20260703
10m,120_d,pct_1,71,0.010045274476513865,50,6.3192169486247725,6.243147409185321,0.4646729133931762,4.935514974936701,7.563386354777424,all_sampled_pixels,71,71,0.07353330597302901,0.06571467361880483,6.187158367804392,6.4512755294451525,6.43516713968838,-0.11595019106360738,percent,0.01,1% of pixels,1%,1% of pixels = 71 pixels (1.0%),"1%
71 px",7068,bootstrap_mean,Additional random bootstrap-mean quadrat selected with seed 20260703
10m,120_d,pct_2,141,0.019949066213921902,50,6.402476694466342,6.370075631358927,0.31434813673626016,5.615915414371911,7.011236077355773,all_sampled_pixels,141,141,0.049097896288783235,0.04445553982791313,6.3131399424749555,6.491813446457729,6.43516713968838,-0.03269044522203757,percent,0.02,2% of pixels,2%,2% of pixels = 141 pixels (2.0%),"2%
141 px",7068,bootstrap_mean,Additional random bootstrap-mean quadrat selected with seed 20260703
10m,120_d,pct_3,212,0.029994340690435765,50,6.446957249511351,6.445179686229379,0.22277984704703405,5.965118984261177,6.925837764859435,all_sampled_pixels,212,212,0.03455581267642494,0.03150582811173192,6.383643917512765,6.510270581509938,6.43516713968838,0.011790109822971573,percent,0.03,3% of pixels,3%,3% of pixels = 212 pixels (3.0%),"3%
212 px",7068,bootstrap_mean,Additional random bootstrap-mean quadrat selected with seed 20260703
10m,120_d,fixed_1250,1250,0.17685342388228636,50,6.442128204707524,6.436108456667448,0.11336416639106796,6.080456877167128,6.747127202456167,all_sampled_pixels,1250,1250,0.01759731610249982,0.01603211415973685,6.409910465093288,6.47434594432176,6.43516713968838,0.006961065019144286,fixed,1250,"Fixed 1,250","1,250","Fixed 1,250 (17.7%)","1,250
17.7%",7068,bootstrap_mean,Additional random bootstrap-mean quadrat selected with seed 20260703
10m,120_d,fixed_2000,2000,0.2829654782116582,50,6.43837860819015,6.426365260703022,0.0867341671901459,6.2932495825233845,6.729748829926316,all_sampled_pixels,2000,2000,0.013471430070889722,0.012266063556143986,6.41372903061067,6.46302818576963,6.43516713968838,0.0032114685017701206,fixed,2000,"Fixed 2,000","2,000","Fixed 2,000 (28.3%)","2,000
28.3%",7068,bootstrap_mean,Additional random bootstrap-mean quadrat selected with seed 20260703
10m,120_d,fixed_3000,3000,0.4244482173174873,50,6.4377842878325575,6.433080937817203,0.052013478602389425,6.338914250322447,6.620230553959719,all_sampled_pixels,3000,3000,0.008079406869952935,0.00735581668657019,6.423002220770364,6.452566354894751,6.43516713968838,0.0026171481441776834,fixed,3000,"Fixed 3,000","3,000","Fixed 3,000 (42.4%)","3,000
42.4%",7068,bootstrap_mean,Additional random bootstrap-mean quadrat selected with seed 20260703
10m,120_d,fixed_4000,4000,0.5659309564233164,50,6.43516713968838,6.442936283133657,0.04739236608682634,6.321228714920384,6.531786163168816,all_sampled_pixels,4000,4000,0.007364589770254405,0.006702292687294054,6.421698378272001,6.448635901104758,6.43516713968838,0,fixed,4000,"Fixed 4,000","4,000","Fixed 4,000 (56.6%)","4,000
56.6%",7068,bootstrap_mean,Additional random bootstrap-mean quadrat selected with seed 20260703
10m,1305_c,pct_1,80,0.009966363523109506,50,7.237556973809566,7.236816816659498,0.4392638686623467,6.117383906153642,8.21262006622576,all_sampled_pixels,80,80,0.060692284738055116,0.06212129205227646,7.1127195636028375,7.362394384016294,7.336866300077562,-0.0993093262679956,percent,0.01,1% of pixels,1%,1% of pixels = 80 pixels (1.0%),"1%
80 px",8027,bootstrap_mean,Additional random bootstrap-mean quadrat selected with seed 20260703
10m,1305_c,pct_2,161,0.02005730659025788,50,7.311949181959149,7.283884526445702,0.3496467464922159,6.524074450860432,8.339026949716665,all_sampled_pixels,161,161,0.04781854164890848,0.049447517092891906,7.212580676071749,7.41131768784655,7.336866300077562,-0.02491711811841224,percent,0.02,2% of pixels,2%,2% of pixels = 161 pixels (2.0%),"2%
161 px",8027,bootstrap_mean,Additional random bootstrap-mean quadrat selected with seed 20260703
10m,1305_c,pct_3,241,0.030023670113367384,50,7.263030461063186,7.274092568396112,0.26877809348685094,6.570978382936661,7.934642368930869,all_sampled_pixels,241,241,0.037006328822074955,0.03801096250778882,7.186644572068086,7.339416350058287,7.336866300077562,-0.07383583901437518,percent,0.03,3% of pixels,3%,3% of pixels = 241 pixels (3.0%),"3%
241 px",8027,bootstrap_mean,Additional random bootstrap-mean quadrat selected with seed 20260703
10m,1305_c,fixed_1250,1250,0.15572443004858602,50,7.3311931722915284,7.332522039370357,0.1002233615458026,7.120884444688566,7.588327904091511,all_sampled_pixels,1250,1250,0.013670811720607757,0.014173723716469615,7.302710008092999,7.3596763364900575,7.336866300077562,-0.0056731277860331275,fixed,1250,"Fixed 1,250","1,250","Fixed 1,250 (15.6%)","1,250
15.6%",8027,bootstrap_mean,Additional random bootstrap-mean quadrat selected with seed 20260703
10m,1305_c,fixed_2000,2000,0.24915908807773762,50,7.324716272124677,7.334645860168875,0.08144241466325965,7.162954966340936,7.518450995135155,all_sampled_pixels,2000,2000,0.011118849063574129,0.011517696736919521,7.301570593973399,7.347861950275955,7.336866300077562,-0.012150027952884557,fixed,2000,"Fixed 2,000","2,000","Fixed 2,000 (24.9%)","2,000
24.9%",8027,bootstrap_mean,Additional random bootstrap-mean quadrat selected with seed 20260703
10m,1305_c,fixed_3000,3000,0.37373863211660646,50,7.337966027329209,7.338984776360094,0.05639905717337912,7.231187211177094,7.510443545803981,all_sampled_pixels,3000,3000,0.007685925086506107,0.007976031155964835,7.32193759262761,7.3539944620308075,7.336866300077562,0.0010997272516473089,fixed,3000,"Fixed 3,000","3,000","Fixed 3,000 (37.4%)","3,000
37.4%",8027,bootstrap_mean,Additional random bootstrap-mean quadrat selected with seed 20260703
10m,1305_c,fixed_4000,4000,0.49831817615547525,50,7.336866300077562,7.328701902451491,0.05296287314307165,7.237373386928909,7.457494519939974,all_sampled_pixels,4000,4000,0.007218732218482945,0.007490081350117768,7.3218144180722815,7.351918182082842,7.336866300077562,0,fixed,4000,"Fixed 4,000","4,000","Fixed 4,000 (49.8%)","4,000
49.8%",8027,bootstrap_mean,Additional random bootstrap-mean quadrat selected with seed 20260703
10m,1315_b,pct_1,91,0.010025338768315522,50,8.330016357745878,8.318500854131607,0.6499199690992986,6.882807114197638,9.987570163404992,all_sampled_pixels,91,91,0.078021451721995,0.0919125634757331,8.145311146203975,8.514721569287781,8.356356383884748,-0.026340026138869987,percent,0.01,1% of pixels,1%,1% of pixels = 91 pixels (1.0%),"1%
91 px",9077,bootstrap_mean,Additional random bootstrap-mean quadrat selected with seed 20260703
10m,1315_b,pct_2,182,0.020050677536631045,50,8.472642615478755,8.494664057578538,0.4169706957919879,7.514800223868624,9.427409737021758,all_sampled_pixels,182,182,0.04921377127724236,0.05896856131011753,8.354140854900805,8.591144376056704,8.356356383884748,0.11628623159400675,percent,0.02,2% of pixels,2%,2% of pixels = 182 pixels (2.0%),"2%
182 px",9077,bootstrap_mean,Additional random bootstrap-mean quadrat selected with seed 20260703
10m,1315_b,pct_3,272,0.029965847747052993,50,8.32697710767882,8.332063616081285,0.27806158236294753,7.739428906659315,9.001349688922447,all_sampled_pixels,272,272,0.033392860190107856,0.03932384609526038,8.2479528803371025,8.406001335020537,8.356356383884748,-0.02937927620592795,percent,0.03,3% of pixels,3%,3% of pixels = 272 pixels (3.0%),"3%
272 px",9077,bootstrap_mean,Additional random bootstrap-mean quadrat selected with seed 20260703
10m,1315_b,fixed_1250,1250,0.13771069736697147,50,8.322685153935655,8.305421305157816,0.13278285928607994,8.040805190875838,8.599212372522759,all_sampled_pixels,1250,1250,0.015954329261547183,0.01877833204530525,8.284948682862819,8.360421625008492,8.356356383884748,-0.03367122994909266,fixed,1250,"Fixed 1,250","1,250","Fixed 1,250 (13.8%)","1,250
13.8%",9077,bootstrap_mean,Additional random bootstrap-mean quadrat selected with seed 20260703
10m,1315_b,fixed_2000,2000,0.22033711578715434,50,8.342416852895068,8.341216033463525,0.09799197573862588,8.153438588179604,8.540678768471452,all_sampled_pixels,2000,2000,0.011746233431696682,0.01385815810933,8.314567841526337,8.3702658642638,8.356356383884748,-0.013939530989679483,fixed,2000,"Fixed 2,000","2,000","Fixed 2,000 (22.0%)","2,000
22.0%",9077,bootstrap_mean,Additional random bootstrap-mean quadrat selected with seed 20260703
10m,1315_b,fixed_3000,3000,0.3305056736807315,50,8.342467736987155,8.35355977852926,0.08030629107398747,8.132533887756399,8.493109369773537,all_sampled_pixels,3000,3000,0.0096262033736063,0.01135702459807145,8.319644941587402,8.365290532386908,8.356356383884748,-0.013888646897592949,fixed,3000,"Fixed 3,000","3,000","Fixed 3,000 (33.1%)","3,000
33.1%",9077,bootstrap_mean,Additional random bootstrap-mean quadrat selected with seed 20260703
10m,1315_b,fixed_4000,4000,0.4406742315743087,50,8.356356383884748,8.369757099419578,0.08139373902529871,8.172241008028617,8.540680993628449,all_sampled_pixels,4000,4000,0.009740338406613045,0.01151081296218337,8.333224539196719,8.379488228572777,8.356356383884748,0,fixed,4000,"Fixed 4,000","4,000","Fixed 4,000 (44.1%)","4,000
44.1%",9077,bootstrap_mean,Additional random bootstrap-mean quadrat selected with seed 20260703
10m,1400_b,pct_1,68,0.00999118424919189,50,7.027376670532438,6.9969722184748875,0.5847984703552059,6.092622907686773,8.138260861050519,all_sampled_pixels,68,68,0.08321718014738179,0.08270299280313725,6.861178784158776,7.1935745569061,7.084336718392425,-0.056960047859987206,percent,0.01,1% of pixels,1%,1% of pixels = 68 pixels (1.0%),"1%
68 px",6806,bootstrap_mean,Additional random bootstrap-mean quadrat selected with seed 20260703
10m,1400_b,pct_2,136,0.01998236849838378,50,7.026567892583064,6.948265076458453,0.3498410871519842,6.3106577426988535,8.17072551404023,all_sampled_pixels,136,136,0.04978833087505794,0.049475001012568395,6.927144155691263,7.125991629474866,7.084336718392425,-0.05776882580936071,percent,0.02,2% of pixels,2%,2% of pixels = 136 pixels (2.0%),"2%
136 px",6806,bootstrap_mean,Additional random bootstrap-mean quadrat selected with seed 20260703
10m,1400_b,pct_3,204,0.02997355274757567,50,7.082323916054613,7.108701029005509,0.30071531137077745,6.381741822847977,7.7630501814074755,all_sampled_pixels,204,204,0.042459977111340384,0.042527567175380164,6.9968615701636185,7.167786261945608,7.084336718392425,-0.00201280233781187,percent,0.03,3% of pixels,3%,3% of pixels = 204 pixels (3.0%),"3%
204 px",6806,bootstrap_mean,Additional random bootstrap-mean quadrat selected with seed 20260703
10m,1400_b,fixed_1250,1250,0.18366147516896855,50,7.12044035096615,7.122207497443176,0.11618867769534445,6.818193235283504,7.373694656267092,all_sampled_pixels,1250,1250,0.016317625310853026,0.016431560379095246,7.087419894120926,7.153460807811373,7.084336718392425,0.03610363257372473,fixed,1250,"Fixed 1,250","1,250","Fixed 1,250 (18.4%)","1,250
18.4%",6806,bootstrap_mean,Additional random bootstrap-mean quadrat selected with seed 20260703
10m,1400_b,fixed_2000,2000,0.29385836027034967,50,7.076550577779667,7.0896823090925265,0.07090624179217753,6.898354086887082,7.226705073930013,all_sampled_pixels,2000,2000,0.01001988765752947,0.01002765687994034,7.0563992468273105,7.096701908732023,7.084336718392425,-0.0077861406127581745,fixed,2000,"Fixed 2,000","2,000","Fixed 2,000 (29.4%)","2,000
29.4%",6806,bootstrap_mean,Additional random bootstrap-mean quadrat selected with seed 20260703
10m,1400_b,fixed_3000,3000,0.44078754040552454,50,7.0679873825477175,7.063088706236669,0.06587196770642689,6.921324720307023,7.22623342570982,all_sampled_pixels,3000,3000,0.009319763058586951,0.009315703011063145,7.049266776460235,7.0867079886352,7.084336718392425,-0.016349335844707547,fixed,3000,"Fixed 3,000","3,000","Fixed 3,000 (44.1%)","3,000
44.1%",6806,bootstrap_mean,Additional random bootstrap-mean quadrat selected with seed 20260703
10m,1400_b,fixed_4000,4000,0.5877167205406993,50,7.084336718392425,7.0808392384168,0.04259904337582342,6.985291689912288,7.2352732156238275,all_sampled_pixels,4000,4000,0.006013130808029969,0.006024414488620923,7.07223020421789,7.09644323256696,7.084336718392425,0,fixed,4000,"Fixed 4,000","4,000","Fixed 4,000 (58.8%)","4,000
58.8%",6806,bootstrap_mean,Additional random bootstrap-mean quadrat selected with seed 20260703
10m,1414_a,pct_1,62,0.00995664043680745,50,9.259472803987439,9.16156020477419,0.847392401999032,7.809841472121676,11.242981906747387,all_sampled_pixels,62,62,0.0915162687916872,0.11983938275589448,9.018646547968341,9.500299060006537,9.171318468523044,0.08815433546439522,percent,0.01,1% of pixels,1%,1% of pixels = 62 pixels (1.0%),"1%
62 px",6227,bootstrap_mean,Additional random bootstrap-mean quadrat selected with seed 20260703
10m,1414_a,pct_2,125,0.02007387184840212,50,9.06350161056172,9.083829959661472,0.5445560538630938,8.06497990342883,10.22344787017436,all_sampled_pixels,125,125,0.06008230342547976,0.07701185568455608,8.908740492412667,9.218262728710775,9.171318468523044,-0.10781685796132301,percent,0.02,2% of pixels,2%,2% of pixels = 125 pixels (2.0%),"2%
125 px",6227,bootstrap_mean,Additional random bootstrap-mean quadrat selected with seed 20260703
10m,1414_a,pct_3,187,0.03003051228520957,50,9.167704122374488,9.137442608218917,0.5461559933192897,7.951279800958921,10.315166633766044,all_sampled_pixels,187,187,0.0595739114208926,0.07723812129234889,9.012488306462998,9.322919938285978,9.171318468523044,-0.003614346148555825,percent,0.03,3% of pixels,3%,3% of pixels = 187 pixels (3.0%),"3%
187 px",6227,bootstrap_mean,Additional random bootstrap-mean quadrat selected with seed 20260703
10m,1414_a,fixed_1250,1250,0.2007387184840212,50,9.168488556511244,9.162205567679365,0.21146517120955327,8.687342478899652,9.665289250503115,all_sampled_pixels,1250,1250,0.023064343692655392,0.029905691309409878,9.108390819806623,9.228586293215866,9.171318468523044,-0.002829912011799607,fixed,1250,"Fixed 1,250","1,250","Fixed 1,250 (20.1%)","1,250
20.1%",6227,bootstrap_mean,Additional random bootstrap-mean quadrat selected with seed 20260703
10m,1414_a,fixed_2000,2000,0.3211819495744339,50,9.157949203515777,9.156833378019947,0.09454646599140738,8.938621865366803,9.320148623323155,all_sampled_pixels,2000,2000,0.010323977987900454,0.01337088944794949,9.131079395182786,9.184819011848768,9.171318468523044,-0.013369265007266762,fixed,2000,"Fixed 2,000","2,000","Fixed 2,000 (32.1%)","2,000
32.1%",6227,bootstrap_mean,Additional random bootstrap-mean quadrat selected with seed 20260703
10m,1414_a,fixed_3000,3000,0.48177292436165087,50,9.198872752328242,9.201915411019767,0.0914214189230896,9.03929962291086,9.445160094417652,all_sampled_pixels,3000,3000,0.00993832846529492,0.01292894105324256,9.172891072545342,9.224854432111142,9.171318468523044,0.02755428380519831,fixed,3000,"Fixed 3,000","3,000","Fixed 3,000 (48.2%)","3,000
48.2%",6227,bootstrap_mean,Additional random bootstrap-mean quadrat selected with seed 20260703
10m,1414_a,fixed_4000,4000,0.6423638991488678,50,9.171318468523044,9.168464812275252,0.06666734752336016,9.04583658667839,9.319120526447703,all_sampled_pixels,4000,4000,0.007269112696519012,0.009428186703497632,9.152371817992664,9.190265119053423,9.171318468523044,0,fixed,4000,"Fixed 4,000","4,000","Fixed 4,000 (64.2%)","4,000
64.2%",6227,bootstrap_mean,Additional random bootstrap-mean quadrat selected with seed 20260703
10m,1417_c,pct_1,75,0.009982696659124185,50,9.52289407805992,9.579670173347651,0.4980162742399333,8.001842068524441,10.421200400265848,all_sampled_pixels,75,75,0.0522967356517519,0.07043013693126322,9.381359418935233,9.664428737184608,9.625425963323096,-0.10253188526317558,percent,0.01,1% of pixels,1%,1% of pixels = 75 pixels (1.0%),"1%
75 px",7513,bootstrap_mean,Additional random bootstrap-mean quadrat selected with seed 20260703
10m,1417_c,pct_2,150,0.01996539331824837,50,9.577103572254114,9.50619169227733,0.4259917256560215,8.831844103324359,10.990085864545035,all_sampled_pixels,150,150,0.044480225408667896,0.060244327588146435,9.456038063355473,9.698169081152754,9.625425963323096,-0.048322391068982284,percent,0.02,2% of pixels,2%,2% of pixels = 150 pixels (2.0%),"2%
150 px",7513,bootstrap_mean,Additional random bootstrap-mean quadrat selected with seed 20260703
10m,1417_c,pct_3,225,0.029948089977372555,50,9.536778245090021,9.472037414995565,0.3286825937417665,8.955550685712339,10.25111535720369,all_sampled_pixels,225,225,0.034464741162560604,0.046482738178557234,9.443367685492431,9.630188804687611,9.625425963323096,-0.08864771823307471,percent,0.03,3% of pixels,3%,3% of pixels = 225 pixels (3.0%),"3%
225 px",7513,bootstrap_mean,Additional random bootstrap-mean quadrat selected with seed 20260703
10m,1417_c,fixed_1250,1250,0.16637827765206975,50,9.593710968888503,9.596140115120487,0.14087969488788762,9.303251343704828,9.991874952085029,all_sampled_pixels,1250,1250,0.014684588199993426,0.019923397517343424,9.553673402598168,9.633748535178839,9.625425963323096,-0.03171499443459247,fixed,1250,"Fixed 1,250","1,250","Fixed 1,250 (16.6%)","1,250
16.6%",7513,bootstrap_mean,Additional random bootstrap-mean quadrat selected with seed 20260703
10m,1417_c,fixed_2000,2000,0.2662052442433116,50,9.596294068153304,9.597584947944824,0.10430501488146435,9.356128032398791,9.827778445974088,all_sampled_pixels,2000,2000,0.0108693016429765,0.014750956666889439,9.566650910911557,9.62593722539505,9.625425963323096,-0.029131895169792088,fixed,2000,"Fixed 2,000","2,000","Fixed 2,000 (26.6%)","2,000
26.6%",7513,bootstrap_mean,Additional random bootstrap-mean quadrat selected with seed 20260703
10m,1417_c,fixed_3000,3000,0.3993078663649674,50,9.599958110214802,9.609875562679374,0.07368350428542281,9.419094299074267,9.741192938556315,all_sampled_pixels,3000,3000,0.0076753985214810605,0.0104204211083621,9.579017489994978,9.620898730434625,9.625425963323096,-0.025467853108294136,fixed,3000,"Fixed 3,000","3,000","Fixed 3,000 (39.9%)","3,000
39.9%",7513,bootstrap_mean,Additional random bootstrap-mean quadrat selected with seed 20260703
10m,1417_c,fixed_4000,4000,0.5324104884866232,50,9.625425963323096,9.629412607912181,0.05173050855095918,9.510743521046804,9.731680732038104,all_sampled_pixels,4000,4000,0.005374360443690916,0.007315798678122384,9.610724315459718,9.640127611186474,9.625425963323096,0,fixed,4000,"Fixed 4,000","4,000","Fixed 4,000 (53.2%)","4,000
53.2%",7513,bootstrap_mean,Additional random bootstrap-mean quadrat selected with seed 20260703
10m,1514_a,pct_1,70,0.00996157677529529,50,6.889032526332526,6.794952784427679,0.572577619309905,5.8260231718645095,8.504643172057692,all_sampled_pixels,70,70,0.08311437304458842,0.08097470347393666,6.7263077673974205,7.051757285267632,7.019500699617886,-0.13046817328535987,percent,0.01,1% of pixels,1%,1% of pixels = 70 pixels (1.0%),"1%
70 px",7027,bootstrap_mean,Additional random bootstrap-mean quadrat selected with seed 20260703
10m,1514_a,pct_2,141,0.020065461790237656,50,6.9542365938425785,6.937264515760354,0.35745081683975227,6.328609964749642,7.79063967303517,all_sampled_pixels,141,141,0.05140043943230899,0.05055117930561188,6.852650195702341,7.055822991982816,7.019500699617886,-0.06526410577530761,percent,0.02,2% of pixels,2%,2% of pixels = 141 pixels (2.0%),"2%
141 px",7027,bootstrap_mean,Additional random bootstrap-mean quadrat selected with seed 20260703
10m,1514_a,pct_3,211,0.030027038565532946,50,6.999043212221414,6.994818651631757,0.333995745887656,6.363637724350529,7.8207028039814075,all_sampled_pixels,211,211,0.0477202005703362,0.0472341313609241,6.904122671491192,7.093963752951637,7.019500699617886,-0.02045748739647202,percent,0.03,3% of pixels,3%,3% of pixels = 211 pixels (3.0%),"3%
211 px",7027,bootstrap_mean,Additional random bootstrap-mean quadrat selected with seed 20260703
10m,1514_a,fixed_1250,1250,0.17788529955884447,50,7.017238246813872,7.003454089771404,0.11247963378702487,6.820617958507882,7.25327546087169,all_sampled_pixels,1250,1250,0.016029045876858387,0.01590702235923696,6.985271888584289,7.049204605043456,7.019500699617886,-0.002262452804013826,fixed,1250,"Fixed 1,250","1,250","Fixed 1,250 (17.8%)","1,250
17.8%",7027,bootstrap_mean,Additional random bootstrap-mean quadrat selected with seed 20260703
10m,1514_a,fixed_2000,2000,0.2846164792941511,50,7.006355880742482,7.013852001371163,0.08496534209230909,6.8056792394702414,7.186975575305374,all_sampled_pixels,2000,2000,0.012126894999131145,0.012015913911861312,6.9822089976937285,7.030502763791235,7.019500699617886,-0.013144818875404418,fixed,2000,"Fixed 2,000","2,000","Fixed 2,000 (28.5%)","2,000
28.5%",7027,bootstrap_mean,Additional random bootstrap-mean quadrat selected with seed 20260703
10m,1514_a,fixed_3000,3000,0.4269247189412267,50,7.006638351781571,7.003730470252757,0.06049053952351573,6.890145878679395,7.147312130579792,all_sampled_pixels,3000,3000,0.008633318359885787,0.008554654138942167,6.989447130661747,7.023829572901394,7.019500699617886,-0.012862347836315458,fixed,3000,"Fixed 3,000","3,000","Fixed 3,000 (42.7%)","3,000
42.7%",7027,bootstrap_mean,Additional random bootstrap-mean quadrat selected with seed 20260703
10m,1514_a,fixed_4000,4000,0.5692329585883023,50,7.019500699617886,7.026264249816794,0.05070251680008023,6.892810735000001,7.1234559346977715,all_sampled_pixels,4000,4000,0.007223094486313004,0.007170418690512315,7.005091203777584,7.033910195458188,7.019500699617886,0,fixed,4000,"Fixed 4,000","4,000","Fixed 4,000 (56.9%)","4,000
56.9%",7027,bootstrap_mean,Additional random bootstrap-mean quadrat selected with seed 20260703
10m,1516_c,pct_1,84,0.010050251256281407,50,7.5714555238141585,7.643233866362929,0.5079595183248699,6.444040052302687,8.684193987453622,all_sampled_pixels,84,84,0.06708875416717534,0.07183632399515356,7.427095025987105,7.715816021641212,7.651100104031485,-0.07964458021732668,percent,0.01,1% of pixels,1%,1% of pixels = 84 pixels (1.0%),"1%
84 px",8358,bootstrap_mean,Additional random bootstrap-mean quadrat selected with seed 20260703
10m,1516_c,pct_2,167,0.01998085666427375,50,7.601141229231434,7.528411505507892,0.3415867375228847,6.993233590376241,8.522581658446386,all_sampled_pixels,167,167,0.04493887525852788,0.048307659693164216,7.504063352548385,7.698219105914483,7.651100104031485,-0.049958874800051234,percent,0.02,2% of pixels,2%,2% of pixels = 167 pixels (2.0%),"2%
167 px",8358,bootstrap_mean,Additional random bootstrap-mean quadrat selected with seed 20260703
10m,1516_c,pct_3,251,0.030031107920555158,50,7.615681647989824,7.58788477748274,0.2979532968674752,6.97219171077191,8.327675732307043,all_sampled_pixels,251,251,0.03912365440670969,0.04213695933837604,7.531004257935502,7.700359038044146,7.651100104031485,-0.03541845604166127,percent,0.03,3% of pixels,3%,3% of pixels = 251 pixels (3.0%),"3%
251 px",8358,bootstrap_mean,Additional random bootstrap-mean quadrat selected with seed 20260703
10m,1516_c,fixed_1250,1250,0.14955731036133046,50,7.662053108938059,7.6554793868501445,0.10026416813066429,7.493072601329802,7.870247679566755,all_sampled_pixels,1250,1250,0.013085809600262696,0.014179494639044167,7.633558347636429,7.690547870239689,7.651100104031485,0.010953004906573582,fixed,1250,"Fixed 1,250","1,250","Fixed 1,250 (15.0%)","1,250
15.0%",8358,bootstrap_mean,Additional random bootstrap-mean quadrat selected with seed 20260703
10m,1516_c,fixed_2000,2000,0.23929169657812874,50,7.656559326016635,7.653563406456219,0.09010586824919412,7.318230446029523,7.879988006505629,all_sampled_pixels,2000,2000,0.011768454264178238,0.012742894092741356,7.630951521598501,7.6821671304347685,7.651100104031485,0.005459221985149476,fixed,2000,"Fixed 2,000","2,000","Fixed 2,000 (23.9%)","2,000
23.9%",8358,bootstrap_mean,Additional random bootstrap-mean quadrat selected with seed 20260703
10m,1516_c,fixed_3000,3000,0.3589375448671931,50,7.654816182511514,7.663463981511496,0.06556565101445797,7.498013494864783,7.782348630067575,all_sampled_pixels,3000,3000,0.008565280922649948,0.009272383289046773,7.636182630664674,7.673449734358353,7.651100104031485,0.0037160784800285285,fixed,3000,"Fixed 3,000","3,000","Fixed 3,000 (35.9%)","3,000
35.9%",8358,bootstrap_mean,Additional random bootstrap-mean quadrat selected with seed 20260703
10m,1516_c,fixed_4000,4000,0.4785833931562575,50,7.651100104031485,7.649779834287147,0.052076295295324704,7.525347401561505,7.762947713859766,all_sampled_pixels,4000,4000,0.006806380074400658,0.00736470030847944,7.636300184662687,7.665900023400283,7.651100104031485,0,fixed,4000,"Fixed 4,000","4,000","Fixed 4,000 (47.9%)","4,000
47.9%",8358,bootstrap_mean,Additional random bootstrap-mean quadrat selected with seed 20260703
10m,1604_c,pct_1,72,0.009959883801355651,50,6.652950004323304,6.592594025473233,0.4732965186933085,5.723844512090374,7.652806000086009,all_sampled_pixels,72,72,0.07114085005685372,0.0669342355760048,6.51844062199359,6.787459386653018,6.716466362301484,-0.06351635797818034,percent,0.01,1% of pixels,1%,1% of pixels = 72 pixels (1.0%),"1%
72 px",7229,bootstrap_mean,Additional random bootstrap-mean quadrat selected with seed 20260703
10m,1604_c,pct_2,145,0.020058099322174575,50,6.6372894194318555,6.651958726552564,0.36773131811490284,5.922857457138495,7.6138761634762435,all_sampled_pixels,145,145,0.055403839561117135,0.05200506173874306,6.5327813351563,6.741797503707411,6.716466362301484,-0.07917694286962895,percent,0.02,2% of pixels,2%,2% of pixels = 145 pixels (2.0%),"2%
145 px",7229,bootstrap_mean,Additional random bootstrap-mean quadrat selected with seed 20260703
10m,1604_c,pct_3,217,0.030017983123530226,50,6.784922743483718,6.781539375647384,0.28645325642222486,6.213501046451359,7.4310027893804484,all_sampled_pixels,217,217,0.04221908889048683,0.04051060802182482,6.70351362876201,6.8663318582054265,6.716466362301484,0.06845638118223363,percent,0.03,3% of pixels,3%,3% of pixels = 217 pixels (3.0%),"3%
217 px",7229,bootstrap_mean,Additional random bootstrap-mean quadrat selected with seed 20260703
10m,1604_c,fixed_1250,1250,0.17291464932909115,50,6.7255416246464534,6.7331061127685885,0.1311980617385194,6.438409881089859,6.980827460859267,all_sampled_pixels,1250,1250,0.019507434354094296,0.018554207826767675,6.688255548053232,6.762827701239675,6.716466362301484,0.009075262344969026,fixed,1250,"Fixed 1,250","1,250","Fixed 1,250 (17.3%)","1,250
17.3%",7229,bootstrap_mean,Additional random bootstrap-mean quadrat selected with seed 20260703
10m,1604_c,fixed_2000,2000,0.2766634389265459,50,6.724042382042229,6.727036297431271,0.0764404570218687,6.568849305387425,6.909941741459301,all_sampled_pixels,2000,2000,0.011368229508192388,0.01081031310343244,6.7023182445239575,6.7457665195605,6.716466362301484,0.0075760197407444,fixed,2000,"Fixed 2,000","2,000","Fixed 2,000 (27.7%)","2,000
27.7%",7229,bootstrap_mean,Additional random bootstrap-mean quadrat selected with seed 20260703
10m,1604_c,fixed_3000,3000,0.41499515838981876,50,6.712029934722124,6.704989039581274,0.05973170785984648,6.606853479111073,6.8632497797474254,all_sampled_pixels,3000,3000,0.008899201648497916,0.008447339135910248,6.695054371174966,6.729005498269282,6.716466362301484,-0.004436427579360469,fixed,3000,"Fixed 3,000","3,000","Fixed 3,000 (41.5%)","3,000
41.5%",7229,bootstrap_mean,Additional random bootstrap-mean quadrat selected with seed 20260703
10m,1604_c,fixed_4000,4000,0.5533268778530918,50,6.716466362301484,6.716104468944198,0.04650912556487304,6.597593375590416,6.8083881561707695,all_sampled_pixels,4000,4000,0.006924642074576859,0.006577383614795669,6.7032486150640915,6.729684109538877,6.716466362301484,0,fixed,4000,"Fixed 4,000","4,000","Fixed 4,000 (55.3%)","4,000
55.3%",7229,bootstrap_mean,Additional random bootstrap-mean quadrat selected with seed 20260703
10m,1606_c,pct_1,76,0.010007900974453516,50,8.307698778217533,8.334045414057469,0.5254049869000998,7.122955048309597,9.654417620492923,all_sampled_pixels,76,76,0.06324314361008027,0.07430348582125795,8.15838033307875,8.457017223356317,8.319786416278765,-0.012087638061231587,percent,0.01,1% of pixels,1%,1% of pixels = 76 pixels (1.0%),"1%
76 px",7594,bootstrap_mean,Additional random bootstrap-mean quadrat selected with seed 20260703
10m,1606_c,pct_2,152,0.020015801948907033,50,8.350191545091839,8.360471526960279,0.4184469748342813,7.629900453107811,9.47506822634308,all_sampled_pixels,152,152,0.050112260607990525,0.05917733869446338,8.231270230652235,8.469112859531442,8.319786416278765,0.030405128813074,percent,0.02,2% of pixels,2%,2% of pixels = 152 pixels (2.0%),"2%
152 px",7594,bootstrap_mean,Additional random bootstrap-mean quadrat selected with seed 20260703
10m,1606_c,pct_3,228,0.030023702923360547,50,8.371465494890055,8.34906031899883,0.3486829794092964,7.503156197392343,9.097346325354978,all_sampled_pixels,228,228,0.04165136673168307,0.049311219844928554,8.27237088857705,8.47056010120306,8.319786416278765,0.05167907861128995,percent,0.03,3% of pixels,3%,3% of pixels = 228 pixels (3.0%),"3%
228 px",7594,bootstrap_mean,Additional random bootstrap-mean quadrat selected with seed 20260703
10m,1606_c,fixed_1250,1250,0.1646036344482486,50,8.330106327985323,8.326931790724185,0.13474633977586808,8.040414687506201,8.651666794908717,all_sampled_pixels,1250,1250,0.016175824709845826,0.019056010119116586,8.291811841931462,8.368400814039184,8.319786416278765,0.010319911706558216,fixed,1250,"Fixed 1,250","1,250","Fixed 1,250 (16.5%)","1,250
16.5%",7594,bootstrap_mean,Additional random bootstrap-mean quadrat selected with seed 20260703
10m,1606_c,fixed_2000,2000,0.2633658151171978,50,8.325179824064035,8.319387098717762,0.09939691562386417,8.04621626784064,8.532967211959734,all_sampled_pixels,2000,2000,0.011939311549350101,0.014056846613332289,8.296931533197759,8.353428114930312,8.319786416278765,0.005393407785270199,fixed,2000,"Fixed 2,000","2,000","Fixed 2,000 (26.3%)","2,000
26.3%",7594,bootstrap_mean,Additional random bootstrap-mean quadrat selected with seed 20260703
10m,1606_c,fixed_3000,3000,0.39504872267579666,50,8.31740090662153,8.312519407578028,0.06500594483784242,8.159013110096346,8.43529392748717,all_sampled_pixels,3000,3000,0.007815656064635626,0.009193228882455403,8.298926421510087,8.335875391732975,8.319786416278765,-0.002385509657234053,fixed,3000,"Fixed 3,000","3,000","Fixed 3,000 (39.5%)","3,000
39.5%",7594,bootstrap_mean,Additional random bootstrap-mean quadrat selected with seed 20260703
10m,1606_c,fixed_4000,4000,0.5267316302343956,50,8.319786416278765,8.322239746111443,0.05097480016185512,8.188628035023623,8.418282387967215,all_sampled_pixels,4000,4000,0.006126936150922837,0.007208925372815375,8.305299538363242,8.334273294194288,8.319786416278765,0,fixed,4000,"Fixed 4,000","4,000","Fixed 4,000 (52.7%)","4,000
52.7%",7594,bootstrap_mean,Additional random bootstrap-mean quadrat selected with seed 20260703
10m,1701_b,pct_1,93,0.01000107538444994,50,6.412081452201649,6.498672570095168,0.4604505000617391,5.249165411298028,7.524209454967364,all_sampled_pixels,93,93,0.07180983328021184,0.0651175341988785,6.281222867972667,6.542940036430632,6.42336498789786,-0.011283535696210656,percent,0.01,1% of pixels,1%,1% of pixels = 93 pixels (1.0%),"1%
93 px",9299,bootstrap_mean,Additional random bootstrap-mean quadrat selected with seed 20260703
10m,1701_b,pct_2,186,0.02000215076889988,50,6.414651631037323,6.395796716705137,0.32825555478932833,5.8078403583766045,7.149862166952004,all_sampled_pixels,186,186,0.05117277970343116,0.04642234575073727,6.32136243456719,6.507940827507456,6.42336498789786,-0.00871335686053687,percent,0.02,2% of pixels,2%,2% of pixels = 186 pixels (2.0%),"2%
186 px",9299,bootstrap_mean,Additional random bootstrap-mean quadrat selected with seed 20260703
10m,1701_b,pct_3,279,0.030003226153349823,50,6.438280412672473,6.471090160571613,0.24005199826508508,5.879754719812973,6.88768047143634,all_sampled_pixels,279,279,0.037285110756063146,0.0339484791621246,6.370058389610069,6.506502435734877,6.42336498789786,0.01491542477461305,percent,0.03,3% of pixels,3%,3% of pixels = 279 pixels (3.0%),"3%
279 px",9299,bootstrap_mean,Additional random bootstrap-mean quadrat selected with seed 20260703
10m,1701_b,fixed_1250,1250,0.13442305624260673,50,6.433102280473351,6.413864069246392,0.11220118473804239,6.203375986667864,6.69444348148113,all_sampled_pixels,1250,1250,0.017441225064711168,0.015867643717086866,6.401215056587904,6.464989504358798,6.42336498789786,0.009737292575491274,fixed,1250,"Fixed 1,250","1,250","Fixed 1,250 (13.4%)","1,250
13.4%",9299,bootstrap_mean,Additional random bootstrap-mean quadrat selected with seed 20260703
10m,1701_b,fixed_2000,2000,0.21507688998817076,50,6.4318083573972995,6.42547523296931,0.09733786079535887,6.209071376731958,6.654895342214888,all_sampled_pixels,2000,2000,0.015133824794920925,0.01376565228691809,6.4041452434385775,6.4594714713560215,6.42336498789786,0.00844336949943969,fixed,2000,"Fixed 2,000","2,000","Fixed 2,000 (21.5%)","2,000
21.5%",9299,bootstrap_mean,Additional random bootstrap-mean quadrat selected with seed 20260703
10m,1701_b,fixed_3000,3000,0.32261533498225614,50,6.438594238650642,6.441015638680984,0.06462007508873778,6.308530599035078,6.567699021614274,all_sampled_pixels,3000,3000,0.010036363947401107,0.009138658659206074,6.4202294165085245,6.456959060792759,6.42336498789786,0.015229250752781809,fixed,3000,"Fixed 3,000","3,000","Fixed 3,000 (32.3%)","3,000
32.3%",9299,bootstrap_mean,Additional random bootstrap-mean quadrat selected with seed 20260703
10m,1701_b,fixed_4000,4000,0.4301537799763415,50,6.42336498789786,6.418556801327348,0.05396506054736764,6.334579868663657,6.559699003833886,all_sampled_pixels,4000,4000,0.00840136916538951,0.0076318120520372556,6.408028287383662,6.438701688412058,6.42336498789786,0,fixed,4000,"Fixed 4,000","4,000","Fixed 4,000 (43.0%)","4,000
43.0%",9299,bootstrap_mean,Additional random bootstrap-mean quadrat selected with seed 20260703
10m,1803_c,pct_1,53,0.010009442870632672,50,6.600394959177573,6.636421534720633,0.4311540179486541,5.689276523020007,7.4420782524391225,all_sampled_pixels,53,53,0.06532245730979364,0.060974385965463944,6.477862343042216,6.722927575312929,6.6695517963931605,-0.06915683721558796,percent,0.01,1% of pixels,1%,1% of pixels = 53 pixels (1.0%),"1%
53 px",5295,bootstrap_mean,Additional random bootstrap-mean quadrat selected with seed 20260703
10m,1803_c,pct_2,106,0.020018885741265344,50,6.695668450846647,6.7080956904722555,0.27586583316848673,5.966807686114442,7.142792424313269,all_sampled_pixels,106,106,0.04120064115982391,0.03901332026622275,6.617268248521453,6.77406865317184,6.6695517963931605,0.0261166544534861,percent,0.02,2% of pixels,2%,2% of pixels = 106 pixels (2.0%),"2%
106 px",5295,bootstrap_mean,Additional random bootstrap-mean quadrat selected with seed 20260703
10m,1803_c,pct_3,159,0.03002832861189802,50,6.651382570068583,6.613091966480043,0.31351163851831093,5.750877457904737,7.2992340135842895,all_sampled_pixels,159,159,0.047134807720897384,0.04433724111544065,6.562283548240366,6.740481591896801,6.6695517963931605,-0.01816922632457718,percent,0.03,3% of pixels,3%,3% of pixels = 159 pixels (3.0%),"3%
159 px",5295,bootstrap_mean,Additional random bootstrap-mean quadrat selected with seed 20260703
10m,1803_c,fixed_1250,1250,0.2360717658168083,50,6.6617837042788315,6.6612966183388265,0.09171632995426524,6.356450088068971,6.826307973102192,all_sampled_pixels,1250,1250,0.013767533445337812,0.012970647771240764,6.6357182117082205,6.6878491968494425,6.6695517963931605,-0.0077680921143290504,fixed,1250,"Fixed 1,250","1,250","Fixed 1,250 (23.6%)","1,250
23.6%",5295,bootstrap_mean,Additional random bootstrap-mean quadrat selected with seed 20260703
10m,1803_c,fixed_2000,2000,0.3777148253068933,50,6.664774653593624,6.6714440382226785,0.07213688248457165,6.491482372293457,6.8044336368806375,all_sampled_pixels,2000,2000,0.01082360413276324,0.01020169575569954,6.644273578426244,6.685275728761004,6.6695517963931605,-0.004777142799536449,fixed,2000,"Fixed 2,000","2,000","Fixed 2,000 (37.8%)","2,000
37.8%",5295,bootstrap_mean,Additional random bootstrap-mean quadrat selected with seed 20260703
10m,1803_c,fixed_3000,3000,0.56657223796034,50,6.674317044539382,6.674104625560564,0.04139656835107119,6.597222019988032,6.767524585301244,all_sampled_pixels,3000,3000,0.006202367684187245,0.00585435883977897,6.662552269985694,6.68608181909307,6.6695517963931605,0.004765248146221701,fixed,3000,"Fixed 3,000","3,000","Fixed 3,000 (56.7%)","3,000
56.7%",5295,bootstrap_mean,Additional random bootstrap-mean quadrat selected with seed 20260703
10m,1803_c,fixed_4000,4000,0.7554296506137866,50,6.6695517963931605,6.665871598169117,0.02596863187475828,6.605858383066154,6.7330221838463835,all_sampled_pixels,4000,4000,0.0038936097458305823,0.003672519139355741,6.662171592872828,6.676931999913493,6.6695517963931605,0,fixed,4000,"Fixed 4,000","4,000","Fixed 4,000 (75.5%)","4,000
75.5%",5295,bootstrap_mean,Additional random bootstrap-mean quadrat selected with seed 20260703
10m,1816_c,pct_1,52,0.010013479684190255,50,6.938888384350486,6.898278376331284,0.4533043575535077,6.016239794894054,8.156412067791779,all_sampled_pixels,52,52,0.06532809470978963,0.06410691703349933,6.810060711351267,7.067716057349705,7.095293498577783,-0.1564051142272973,percent,0.01,1% of pixels,1%,1% of pixels = 52 pixels (1.0%),"1%
52 px",5193,bootstrap_mean,Additional random bootstrap-mean quadrat selected with seed 20260703
10m,1816_c,pct_2,104,0.02002695936838051,50,7.102820514822216,7.099571241349874,0.3530091232888616,6.415797869687171,7.954900007709217,all_sampled_pixels,104,104,0.04969985128473958,0.0499230289796544,7.002496432022218,7.203144597622215,7.095293498577783,0.007527016244432971,percent,0.02,2% of pixels,2%,2% of pixels = 104 pixels (2.0%),"2%
104 px",5193,bootstrap_mean,Additional random bootstrap-mean quadrat selected with seed 20260703
10m,1816_c,pct_3,156,0.03004043905257077,50,7.052401590742605,7.056652530064891,0.33140482904524593,6.349903028243676,7.68223020533167,all_sampled_pixels,156,156,0.046991769368362024,0.04686772038717238,6.958217380431846,7.146585801053363,7.095293498577783,-0.0428919078351786,percent,0.03,3% of pixels,3%,3% of pixels = 156 pixels (3.0%),"3%
156 px",5193,bootstrap_mean,Additional random bootstrap-mean quadrat selected with seed 20260703
10m,1816_c,fixed_1250,1250,0.24070864625457347,50,7.06663925940902,7.070206212178769,0.09871004083203436,6.81071630050415,7.28977992050317,all_sampled_pixels,1250,1250,0.013968456179591292,0.013959707848706497,7.0385861761987005,7.094692342619339,7.095293498577783,-0.028654239168763418,fixed,1250,"Fixed 1,250","1,250","Fixed 1,250 (24.1%)","1,250
24.1%",5193,bootstrap_mean,Additional random bootstrap-mean quadrat selected with seed 20260703
10m,1816_c,fixed_2000,2000,0.38513383400731754,50,7.086717077361868,7.074319810305887,0.0727683968707868,6.936960791101167,7.2835856269413615,all_sampled_pixels,2000,2000,0.010268280231369964,0.010291005376681457,7.066036527791725,7.107397626932011,7.095293498577783,-0.008576421215915175,fixed,2000,"Fixed 2,000","2,000","Fixed 2,000 (38.5%)","2,000
38.5%",5193,bootstrap_mean,Additional random bootstrap-mean quadrat selected with seed 20260703
10m,1816_c,fixed_3000,3000,0.5777007510109763,50,7.090852457178105,7.094767577299457,0.04638984677963823,6.998067911325065,7.19764345814438,all_sampled_pixels,3000,3000,0.006542210130557371,0.006560515047217423,7.077668608596404,7.104036305759807,7.095293498577783,-0.004441041399678269,fixed,3000,"Fixed 3,000","3,000","Fixed 3,000 (57.8%)","3,000
57.8%",5193,bootstrap_mean,Additional random bootstrap-mean quadrat selected with seed 20260703
10m,1816_c,fixed_4000,4000,0.7702676680146351,50,7.095293498577783,7.095266589257317,0.02856314750600449,7.036941271773873,7.166204546281134,all_sampled_pixels,4000,4000,0.004025647073194341,0.004039439058705479,7.087175941873516,7.10341105528205,7.095293498577783,0,fixed,4000,"Fixed 4,000","4,000","Fixed 4,000 (77.0%)","4,000
77.0%",5193,bootstrap_mean,Additional random bootstrap-mean quadrat selected with seed 20260703
10m,1912_c,pct_1,55,0.01006036217303823,50,6.1914828034637734,6.216705465465108,0.4343721684226406,4.9384743253421615,7.03806070780518,all_sampled_pixels,55,55,0.07015640391985498,0.06142950117007086,6.068035599083197,6.3149300078443495,6.271897882020352,-0.08041507855657848,percent,0.01,1% of pixels,1%,1% of pixels = 55 pixels (1.0%),"1%
55 px",5467,bootstrap_mean,Additional random bootstrap-mean quadrat selected with seed 20260703
10m,1912_c,pct_2,109,0.019937808670203037,50,6.196818869146991,6.192297287748732,0.3308759302462879,5.5936020158910615,6.9897266198803365,all_sampled_pixels,109,109,0.0533944814642991,0.046792922801711455,6.102784970211772,6.29085276808221,6.271897882020352,-0.07507901287336072,percent,0.02,2% of pixels,2%,2% of pixels = 109 pixels (2.0%),"2%
109 px",5467,bootstrap_mean,Additional random bootstrap-mean quadrat selected with seed 20260703
10m,1912_c,pct_3,164,0.029998170843241266,50,6.261162684825044,6.201251067005684,0.2328438093589164,5.757128226602624,6.718400457873174,all_sampled_pixels,164,164,0.0371885895767014,0.0329290873109995,6.194989206383593,6.327336163266495,6.271897882020352,-0.010735197195307578,percent,0.03,3% of pixels,3%,3% of pixels = 164 pixels (3.0%),"3%
164 px",5467,bootstrap_mean,Additional random bootstrap-mean quadrat selected with seed 20260703
10m,1912_c,fixed_1250,1250,0.22864459484177793,50,6.243625350270269,6.256436243638229,0.09912129496410015,6.06643072992726,6.4065403792479065,all_sampled_pixels,1250,1250,0.015875599415940203,0.014017867965821438,6.215455389928808,6.271795310611731,6.271897882020352,-0.028272531750082486,fixed,1250,"Fixed 1,250","1,250","Fixed 1,250 (22.9%)","1,250
22.9%",5467,bootstrap_mean,Additional random bootstrap-mean quadrat selected with seed 20260703
10m,1912_c,fixed_2000,2000,0.3658313517468447,50,6.251608403836277,6.253839448501323,0.05680752884689737,6.1085122777894165,6.380814244469488,all_sampled_pixels,2000,2000,0.009086866159441086,0.008033797774018308,6.235463882769507,6.267752924903048,6.271897882020352,-0.02028947818407456,fixed,2000,"Fixed 2,000","2,000","Fixed 2,000 (36.6%)","2,000
36.6%",5467,bootstrap_mean,Additional random bootstrap-mean quadrat selected with seed 20260703
10m,1912_c,fixed_3000,3000,0.5487470276202671,50,6.268737131393652,6.272709370085423,0.04178260522517103,6.17607280973016,6.362187158248058,all_sampled_pixels,3000,3000,0.006665234855027652,0.005908952698071781,6.256862646374239,6.280611616413065,6.271897882020352,-0.0031607506266997376,fixed,3000,"Fixed 3,000","3,000","Fixed 3,000 (54.9%)","3,000
54.9%",5467,bootstrap_mean,Additional random bootstrap-mean quadrat selected with seed 20260703
10m,1912_c,fixed_4000,4000,0.7316627034936894,50,6.271897882020352,6.264708073799147,0.03013787312494426,6.213773457981845,6.348374895837224,all_sampled_pixels,4000,4000,0.004805223824090072,0.004262138891437578,6.263332793246914,6.28046297079379,6.271897882020352,0,fixed,4000,"Fixed 4,000","4,000","Fixed 4,000 (73.2%)","4,000
73.2%",5467,bootstrap_mean,Additional random bootstrap-mean quadrat selected with seed 20260703
10m,1917_c,pct_1,55,0.010088041085840058,50,8.276484606538316,8.292865057621956,0.611272824142319,6.870700119494295,9.462384007574215,all_sampled_pixels,55,55,0.07385657718246963,0.08644703182121713,8.102762792067075,8.450206421009558,8.220079162548453,0.05640544398986336,percent,0.01,1% of pixels,1%,1% of pixels = 55 pixels (1.0%),"1%
55 px",5452,bootstrap_mean,Additional random bootstrap-mean quadrat selected with seed 20260703
10m,1917_c,pct_2,109,0.01999266324284666,50,8.196310165299625,8.245051338400351,0.4320804200229908,7.462605873434977,9.474909131300507,all_sampled_pixels,109,109,0.052716455491432175,0.0611053990032377,8.073514268607816,8.319106061991434,8.220079162548453,-0.023768997248827972,percent,0.02,2% of pixels,2%,2% of pixels = 109 pixels (2.0%),"2%
109 px",5452,bootstrap_mean,Additional random bootstrap-mean quadrat selected with seed 20260703
10m,1917_c,pct_3,164,0.03008070432868672,50,8.1824949300777,8.15092439304042,0.32581459683303926,7.275594827704166,8.919702546659499,all_sampled_pixels,164,164,0.039818490523640976,0.04607714216604062,8.089899446183141,8.27509041397226,8.220079162548453,-0.03758423247075271,percent,0.03,3% of pixels,3%,3% of pixels = 164 pixels (3.0%),"3%
164 px",5452,bootstrap_mean,Additional random bootstrap-mean quadrat selected with seed 20260703
10m,1917_c,fixed_1250,1250,0.2292736610418195,50,8.202331101139176,8.192852740401381,0.10884112833866456,8.026460332122756,8.465113261648405,all_sampled_pixels,1250,1250,0.01326953606195539,0.015392459984053003,8.17139879471672,8.233263407561632,8.220079162548453,-0.017748061409276872,fixed,1250,"Fixed 1,250","1,250","Fixed 1,250 (22.9%)","1,250
22.9%",5452,bootstrap_mean,Additional random bootstrap-mean quadrat selected with seed 20260703
10m,1917_c,fixed_2000,2000,0.36683785766691124,50,8.225251461679255,8.231917714767079,0.08073224682196699,8.027396307801375,8.349746797091598,all_sampled_pixels,2000,2000,0.009815170660507055,0.011417263837647792,8.202307610995346,8.248195312363164,8.220079162548453,0.005172299130801861,fixed,2000,"Fixed 2,000","2,000","Fixed 2,000 (36.7%)","2,000
36.7%",5452,bootstrap_mean,Additional random bootstrap-mean quadrat selected with seed 20260703
10m,1917_c,fixed_3000,3000,0.5502567865003668,50,8.218644592139569,8.210556786553266,0.05819716055929297,8.112485824530523,8.381058358740695,all_sampled_pixels,3000,3000,0.007081114155362501,0.008230321375455669,8.202105142109838,8.2351840421693,8.220079162548453,-0.0014345704088842837,fixed,3000,"Fixed 3,000","3,000","Fixed 3,000 (55.0%)","3,000
55.0%",5452,bootstrap_mean,Additional random bootstrap-mean quadrat selected with seed 20260703
10m,1917_c,fixed_4000,4000,0.7336757153338225,50,8.220079162548453,8.208503294606986,0.04266819151157901,8.127381099373459,8.330973228000026,all_sampled_pixels,4000,4000,0.005190727566953344,0.006034193511760761,8.207952996691173,8.232205328405733,8.220079162548453,0,fixed,4000,"Fixed 4,000","4,000","Fixed 4,000 (73.4%)","4,000
73.4%",5452,bootstrap_mean,Additional random bootstrap-mean quadrat selected with seed 20260703
10m,204_d,pct_1,71,0.00993423814187771,50,6.578867764004951,6.554151126234368,0.49094971948535054,5.713402103940507,7.686679874512879,all_sampled_pixels,71,71,0.07462526031781494,0.06943077517394493,6.439341397520703,6.718394130489198,6.711258914347863,-0.1323911503429125,percent,0.01,1% of pixels,1%,1% of pixels = 71 pixels (1.0%),"1%
71 px",7147,bootstrap_mean,Additional random bootstrap-mean quadrat selected with seed 20260703
10m,204_d,pct_2,143,0.02000839513082412,50,6.662095014744286,6.677707829466941,0.2706370656879115,6.178219542318827,7.17906885878671,all_sampled_pixels,143,143,0.04062341727173633,0.03827386087767026,6.5851808116951895,6.739009217793382,6.711258914347863,-0.04916389960357748,percent,0.02,2% of pixels,2%,2% of pixels = 143 pixels (2.0%),"2%
143 px",7147,bootstrap_mean,Additional random bootstrap-mean quadrat selected with seed 20260703
10m,204_d,pct_3,214,0.029942633272701833,50,6.720892737035508,6.741898804642606,0.29654074562423055,6.176750513261712,7.34121253012242,all_sampled_pixels,214,214,0.04412222560704496,0.04193719442580169,6.636616789602742,6.805168684468274,6.711258914347863,0.009633822687645122,percent,0.03,3% of pixels,3%,3% of pixels = 214 pixels (3.0%),"3%
214 px",7147,bootstrap_mean,Additional random bootstrap-mean quadrat selected with seed 20260703
10m,204_d,fixed_1250,1250,0.17489855883587518,50,6.707086602545321,6.712347487834418,0.09632086320036515,6.477778013555413,6.906172410649573,all_sampled_pixels,1250,1250,0.01436105852037331,0.013621827107743996,6.679712516105142,6.734460688985499,6.711258914347863,-0.0041723118025425165,fixed,1250,"Fixed 1,250","1,250","Fixed 1,250 (17.5%)","1,250
17.5%",7147,bootstrap_mean,Additional random bootstrap-mean quadrat selected with seed 20260703
10m,204_d,fixed_2000,2000,0.2798376941374003,50,6.70191678794274,6.696550280442924,0.06992308698850878,6.569265218538392,6.854911382294884,all_sampled_pixels,2000,2000,0.01043329680164125,0.009888617794214282,6.682044866494052,6.721788709391428,6.711258914347863,-0.009342126405122997,fixed,2000,"Fixed 2,000","2,000","Fixed 2,000 (28.0%)","2,000
28.0%",7147,bootstrap_mean,Additional random bootstrap-mean quadrat selected with seed 20260703
10m,204_d,fixed_3000,3000,0.41975654120610045,50,6.713488129112017,6.716071058633724,0.053203137900420625,6.570307153763616,6.842625306694015,all_sampled_pixels,3000,3000,0.007924812985028354,0.007524059917958088,6.698367964618212,6.728608293605822,6.711258914347863,0.0022292147641538307,fixed,3000,"Fixed 3,000","3,000","Fixed 3,000 (42.0%)","3,000
42.0%",7147,bootstrap_mean,Additional random bootstrap-mean quadrat selected with seed 20260703
10m,204_d,fixed_4000,4000,0.5596753882748006,50,6.711258914347863,6.7150510840411775,0.04074836734940571,6.632455085989432,6.803844623376226,all_sampled_pixels,4000,4000,0.0060716428719938985,0.0057626893750090565,6.699678356480577,6.722839472215149,6.711258914347863,0,fixed,4000,"Fixed 4,000","4,000","Fixed 4,000 (56.0%)","4,000
56.0%",7147,bootstrap_mean,Additional random bootstrap-mean quadrat selected with seed 20260703
10m,217_d,pct_1,78,0.009936305732484076,50,5.6593418605195724,5.656439272802967,0.33034391326832174,4.80740939251428,6.365534645978644,all_sampled_pixels,78,78,0.058371436363095684,0.0467176842391462,5.565459159136561,5.7532245619025835,5.757658621510692,-0.09831676099111952,percent,0.01,1% of pixels,1%,1% of pixels = 78 pixels (1.0%),"1%
78 px",7850,bootstrap_mean,Additional random bootstrap-mean quadrat selected with seed 20260703
10m,217_d,pct_2,157,0.02,50,5.75834866774126,5.735248844796702,0.2566223816555743,5.286475407009832,6.526348285870532,all_sampled_pixels,157,157,0.044565273216815415,0.03629188525457978,5.685417393824921,5.831279941657599,5.757658621510692,6.900462305683419e-4,percent,0.02,2% of pixels,2%,2% of pixels = 157 pixels (2.0%),"2%
157 px",7850,bootstrap_mean,Additional random bootstrap-mean quadrat selected with seed 20260703
10m,217_d,pct_3,236,0.030063694267515925,50,5.732949990838997,5.723950089215795,0.19565151383177706,5.140217946745362,6.102649206129266,all_sampled_pixels,236,236,0.034127545878547626,0.02766930243597263,5.677346445835027,5.788553535842968,5.757658621510692,-0.02470863067169482,percent,0.03,3% of pixels,3%,3% of pixels = 236 pixels (3.0%),"3%
236 px",7850,bootstrap_mean,Additional random bootstrap-mean quadrat selected with seed 20260703
10m,217_d,fixed_1250,1250,0.1592356687898089,50,5.748401513198523,5.739952856280192,0.08865096074711097,5.550804512944841,5.9149653599370895,all_sampled_pixels,1250,1250,0.015421845628487396,0.012537139100596922,5.7232071889175185,5.773595837479528,5.757658621510692,-0.00925710831216886,fixed,1250,"Fixed 1,250","1,250","Fixed 1,250 (15.9%)","1,250
15.9%",7850,bootstrap_mean,Additional random bootstrap-mean quadrat selected with seed 20260703
10m,217_d,fixed_2000,2000,0.25477707006369427,50,5.751291457103307,5.743620789652656,0.06709763405816234,5.617736562646071,5.922558092678711,all_sampled_pixels,2000,2000,0.011666533431424583,0.009489038408820007,5.732222520492774,5.77036039371384,5.757658621510692,-0.006367164407384607,fixed,2000,"Fixed 2,000","2,000","Fixed 2,000 (25.5%)","2,000
25.5%",7850,bootstrap_mean,Additional random bootstrap-mean quadrat selected with seed 20260703
10m,217_d,fixed_3000,3000,0.3821656050955414,50,5.75400153188113,5.752288995008001,0.0592703682480756,5.601733277112099,5.90982690784077,all_sampled_pixels,3000,3000,0.010300721666422393,0.008382095862327616,5.737157079600953,5.770845984161307,5.757658621510692,-0.003657089629562016,fixed,3000,"Fixed 3,000","3,000","Fixed 3,000 (38.2%)","3,000
38.2%",7850,bootstrap_mean,Additional random bootstrap-mean quadrat selected with seed 20260703
10m,217_d,fixed_4000,4000,0.5095541401273885,50,5.757658621510692,5.7603042477847035,0.03362263411004782,5.68359383330507,5.8349817216679005,all_sampled_pixels,4000,4000,0.005839636616251125,0.0047549585161137855,5.748103174623133,5.767214068398251,5.757658621510692,0,fixed,4000,"Fixed 4,000","4,000","Fixed 4,000 (51.0%)","4,000
51.0%",7850,bootstrap_mean,Additional random bootstrap-mean quadrat selected with seed 20260703
10m,22_c,pct_1,71,0.009949551569506726,50,7.700949103362733,7.645381596453511,0.8405472042000902,5.752712492206652,9.233143448537145,all_sampled_pixels,71,71,0.10914852090543656,0.11887132559945549,7.46206823103334,7.939829975692126,7.727510319073131,-0.026561215710398045,percent,0.01,1% of pixels,1%,1% of pixels = 71 pixels (1.0%),"1%
71 px",7136,bootstrap_mean,Additional random bootstrap-mean quadrat selected with seed 20260703
10m,22_c,pct_2,143,0.020039237668161434,50,7.76272298745995,7.664252034803509,0.6089830564356981,6.624518083424138,9.32161588269564,all_sampled_pixels,143,143,0.07844966997012012,0.08612320976667841,7.589651917770746,7.935794057149154,7.727510319073131,0.035212668386819246,percent,0.02,2% of pixels,2%,2% of pixels = 143 pixels (2.0%),"2%
143 px",7136,bootstrap_mean,Additional random bootstrap-mean quadrat selected with seed 20260703
10m,22_c,pct_3,214,0.02998878923766816,50,7.629099456290587,7.622688789241936,0.4023159709592484,6.752820078258522,8.454430564340456,all_sampled_pixels,214,214,0.05273439850459914,0.056896070248986935,7.514762522428257,7.743436390152916,7.727510319073131,-0.0984108627825444,percent,0.03,3% of pixels,3%,3% of pixels = 214 pixels (3.0%),"3%
214 px",7136,bootstrap_mean,Additional random bootstrap-mean quadrat selected with seed 20260703
10m,22_c,fixed_1250,1250,0.17516816143497757,50,7.723568297029405,7.695202892339074,0.15531553569015838,7.4184691804190495,8.15483843908666,all_sampled_pixels,1250,1250,0.02010929789406989,0.021964933702026446,7.679428110176627,7.767708483882183,7.727510319073131,-0.00394202204372629,fixed,1250,"Fixed 1,250","1,250","Fixed 1,250 (17.5%)","1,250
17.5%",7136,bootstrap_mean,Additional random bootstrap-mean quadrat selected with seed 20260703
10m,22_c,fixed_2000,2000,0.2802690582959641,50,7.7088174673194,7.68562763579105,0.12800555010871895,7.473433778177561,8.004022503114998,all_sampled_pixels,2000,2000,0.016605082511213037,0.018102718502277914,7.672438692492501,7.7451962421462985,7.727510319073131,-0.018692851753731254,fixed,2000,"Fixed 2,000","2,000","Fixed 2,000 (28.0%)","2,000
28.0%",7136,bootstrap_mean,Additional random bootstrap-mean quadrat selected with seed 20260703
10m,22_c,fixed_3000,3000,0.4204035874439462,50,7.70974854239914,7.715205878187447,0.10609852822593666,7.473401129296398,7.9879421341898285,all_sampled_pixels,3000,3000,0.013761606833537613,0.015004597756494424,7.679595674304604,7.739901410493676,7.727510319073131,-0.017761776673991037,fixed,3000,"Fixed 3,000","3,000","Fixed 3,000 (42.0%)","3,000
42.0%",7136,bootstrap_mean,Additional random bootstrap-mean quadrat selected with seed 20260703
10m,22_c,fixed_4000,4000,0.5605381165919282,50,7.727510319073131,7.702253631003419,0.08028091110326913,7.5341888701938355,7.9100558183185345,all_sampled_pixels,4000,4000,0.010388974946447997,0.011353435328191198,7.70469473658125,7.750325901565012,7.727510319073131,0,fixed,4000,"Fixed 4,000","4,000","Fixed 4,000 (56.1%)","4,000
56.1%",7136,bootstrap_mean,Additional random bootstrap-mean quadrat selected with seed 20260703
10m,319_c,pct_1,90,0.010018924635422465,50,5.547014121427861,5.480233794376443,0.4213080325983487,4.567476756491485,6.349541433466289,all_sampled_pixels,90,90,0.07595221922562899,0.05958195336373107,5.427279703368319,5.666748539487404,5.5550026636677,-0.007988542239838914,percent,0.01,1% of pixels,1%,1% of pixels = 90 pixels (1.0%),"1%
90 px",8983,bootstrap_mean,Additional random bootstrap-mean quadrat selected with seed 20260703
10m,319_c,pct_2,180,0.02003784927084493,50,5.5382970002673435,5.5313977834162635,0.23611505694311324,4.987171441470821,6.030550610187331,all_sampled_pixels,180,180,0.04263315183922342,0.03339171158094464,5.471193843548916,5.605400156985771,5.5550026636677,-0.01670566340035684,percent,0.02,2% of pixels,2%,2% of pixels = 180 pixels (2.0%),"2%
180 px",8983,bootstrap_mean,Additional random bootstrap-mean quadrat selected with seed 20260703
10m,319_c,pct_3,269,0.029945452521429366,50,5.5702253220827025,5.558500754212593,0.21777207655307682,5.1677408249402,6.037198624729456,all_sampled_pixels,269,269,0.0390957392135893,0.03079762241675131,5.5083351827115425,5.632115461453862,5.5550026636677,0.015222658415002144,percent,0.03,3% of pixels,3%,3% of pixels = 269 pixels (3.0%),"3%
269 px",8983,bootstrap_mean,Additional random bootstrap-mean quadrat selected with seed 20260703
10m,319_c,fixed_1250,1250,0.13915173104753423,50,5.559234849574696,5.549026944614285,0.08887458726447439,5.29515874065209,5.772979224026645,all_sampled_pixels,1250,1250,0.01598683805762832,0.012568764665973084,5.5339769713406515,5.58449272780874,5.5550026636677,0.004232185906995589,fixed,1250,"Fixed 1,250","1,250","Fixed 1,250 (13.9%)","1,250
13.9%",8983,bootstrap_mean,Additional random bootstrap-mean quadrat selected with seed 20260703
10m,319_c,fixed_2000,2000,0.22264276967605476,50,5.547573551750527,5.5474505052453145,0.08537142342454651,5.385471391080684,5.7161016272840754,all_sampled_pixels,2000,2000,0.015388966478435913,0.01207334248460898,5.523311261664077,5.571835841836977,5.5550026636677,-0.0074291119171734366,fixed,2000,"Fixed 2,000","2,000","Fixed 2,000 (22.3%)","2,000
22.3%",8983,bootstrap_mean,Additional random bootstrap-mean quadrat selected with seed 20260703
10m,319_c,fixed_3000,3000,0.3339641545140822,50,5.543233871214416,5.538035654023005,0.05329819747318163,5.415472167445753,5.685810356631969,all_sampled_pixels,3000,3000,0.009615000685782905,0.007537503371661289,5.528086691088947,5.558381051339885,5.5550026636677,-0.011768792453284327,fixed,3000,"Fixed 3,000","3,000","Fixed 3,000 (33.4%)","3,000
33.4%",8983,bootstrap_mean,Additional random bootstrap-mean quadrat selected with seed 20260703
10m,319_c,fixed_4000,4000,0.4452855393521095,50,5.5550026636677,5.559685103228226,0.03269774551330352,5.500163397611264,5.625633639506401,all_sampled_pixels,4000,4000,0.005886179988204501,0.0046241595163937855,5.5457100672110196,5.564295260124381,5.5550026636677,0,fixed,4000,"Fixed 4,000","4,000","Fixed 4,000 (44.5%)","4,000
44.5%",8983,bootstrap_mean,Additional random bootstrap-mean quadrat selected with seed 20260703
10m,409_d,pct_1,60,0.010018367006177992,50,7.473913918736431,7.508665023631005,0.5693060878645683,6.084760758608722,8.446888335256887,all_sampled_pixels,60,60,0.07617241703003416,0.08051203905996414,7.312118918750746,7.635708918722117,7.504536806921068,-0.03062288818463621,percent,0.01,1% of pixels,1%,1% of pixels = 60 pixels (1.0%),"1%
60 px",5989,bootstrap_mean,Additional random bootstrap-mean quadrat selected with seed 20260703
10m,409_d,pct_2,120,0.020036734012355985,50,7.61982798416115,7.525379404232723,0.4257981491283738,6.575987102172001,8.830834550171234,all_sampled_pixels,120,120,0.05588028365121277,0.06021695173307079,7.498817489102964,7.740838479219335,7.504536806921068,0.1152911772400822,percent,0.02,2% of pixels,2%,2% of pixels = 120 pixels (2.0%),"2%
120 px",5989,bootstrap_mean,Additional random bootstrap-mean quadrat selected with seed 20260703
10m,409_d,pct_3,180,0.03005510101853398,50,7.56242086977199,7.541973842667705,0.3185910027555512,6.970377199268126,8.318718544338827,all_sampled_pixels,180,180,0.04212817670978908,0.04505557169469446,7.4718783085996305,7.652963430944349,7.504536806921068,0.05788406285092229,percent,0.03,3% of pixels,3%,3% of pixels = 180 pixels (3.0%),"3%
180 px",5989,bootstrap_mean,Additional random bootstrap-mean quadrat selected with seed 20260703
10m,409_d,fixed_1250,1250,0.20871597929537486,50,7.515597439618708,7.492554832207615,0.12882253531675755,7.252263772935557,7.803370807180066,all_sampled_pixels,1250,1250,0.017140691255982592,0.018218257658424553,7.478986480164698,7.552208399072718,7.504536806921068,0.011060632697640571,fixed,1250,"Fixed 1,250","1,250","Fixed 1,250 (20.9%)","1,250
20.9%",5989,bootstrap_mean,Additional random bootstrap-mean quadrat selected with seed 20260703
10m,409_d,fixed_2000,2000,0.33394556687259974,50,7.528348839849745,7.521976442170818,0.09099604327022523,7.312190224589088,7.745516685752969,all_sampled_pixels,2000,2000,0.01208711833178567,0.012868783851504152,7.502488050489793,7.554209629209696,7.504536806921068,0.023812032928677063,fixed,2000,"Fixed 2,000","2,000","Fixed 2,000 (33.4%)","2,000
33.4%",5989,bootstrap_mean,Additional random bootstrap-mean quadrat selected with seed 20260703
10m,409_d,fixed_3000,3000,0.5009183503088996,50,7.517154410140281,7.520733083557077,0.06041479190537398,7.395927213981239,7.628570244754141,all_sampled_pixels,3000,3000,0.008036923097372766,0.008543941808052817,7.499984716255345,7.534324104025218,7.504536806921068,0.012617603219213791,fixed,3000,"Fixed 3,000","3,000","Fixed 3,000 (50.1%)","3,000
50.1%",5989,bootstrap_mean,Additional random bootstrap-mean quadrat selected with seed 20260703
10m,409_d,fixed_4000,4000,0.6678911337451995,50,7.504536806921068,7.497491552645123,0.04137225916837673,7.420112161081752,7.593029265755412,all_sampled_pixels,4000,4000,0.005512966387242063,0.0058509210021933,7.492778940960661,7.516294672881474,7.504536806921068,0,fixed,4000,"Fixed 4,000","4,000","Fixed 4,000 (66.8%)","4,000
66.8%",5989,bootstrap_mean,Additional random bootstrap-mean quadrat selected with seed 20260703
10m,503_c,pct_1,74,0.009995947588815345,50,5.790352682357211,5.767475028026435,0.3899986123707416,4.15084297869661,6.65204478319438,all_sampled_pixels,74,74,0.06735317065556981,0.05515413269213903,5.679516303073748,5.901189061640674,5.733921182501138,0.056431499856072875,percent,0.01,1% of pixels,1%,1% of pixels = 74 pixels (1.0%),"1%
74 px",7403,bootstrap_mean,Additional random bootstrap-mean quadrat selected with seed 20260703
10m,503_c,pct_2,148,0.01999189517763069,50,5.645263230296185,5.69962658222237,0.25664157060156373,5.040694521397039,6.163264627149561,all_sampled_pixels,148,148,0.04546140013883795,0.03629459898134636,5.572326502941735,5.718199957650635,5.733921182501138,-0.08865795220495354,percent,0.02,2% of pixels,2%,2% of pixels = 148 pixels (2.0%),"2%
148 px",7403,bootstrap_mean,Additional random bootstrap-mean quadrat selected with seed 20260703
10m,503_c,pct_3,222,0.029987842766446036,50,5.742617647692237,5.747544728151708,0.2055528411928413,5.28710825530388,6.188297826370225,all_sampled_pixels,222,222,0.035794276025924526,0.02906956157992392,5.6842001765870185,5.801035118797455,5.733921182501138,0.008696465191098568,percent,0.03,3% of pixels,3%,3% of pixels = 222 pixels (3.0%),"3%
222 px",7403,bootstrap_mean,Additional random bootstrap-mean quadrat selected with seed 20260703
10m,503_c,fixed_1250,1250,0.16885046602728623,50,5.730184010810117,5.734970364917567,0.08557314274238431,5.491156292296632,5.960698060003031,all_sampled_pixels,1250,1250,0.014933751268885732,0.012101869904116868,5.705864392727844,5.754503628892389,5.733921182501138,-0.0037371716910215014,fixed,1250,"Fixed 1,250","1,250","Fixed 1,250 (16.9%)","1,250
16.9%",7403,bootstrap_mean,Additional random bootstrap-mean quadrat selected with seed 20260703
10m,503_c,fixed_2000,2000,0.270160745643658,50,5.743810727106791,5.740957716406243,0.05305993704274797,5.637815012921282,5.870296540507095,all_sampled_pixels,2000,2000,0.009237758617696434,0.007503808258451676,5.72873125984644,5.758890194367141,5.733921182501138,0.00988954460565239,fixed,2000,"Fixed 2,000","2,000","Fixed 2,000 (27.0%)","2,000
27.0%",7403,bootstrap_mean,Additional random bootstrap-mean quadrat selected with seed 20260703
10m,503_c,fixed_3000,3000,0.40524111846548694,50,5.733226292264457,5.727432410371953,0.044551887212091794,5.660835855415915,5.864430062485085,all_sampled_pixels,3000,3000,0.007770823083017555,0.006300588312465667,5.72056478601238,5.745887798516534,5.733921182501138,-6.948902366810117e-4,fixed,3000,"Fixed 3,000","3,000","Fixed 3,000 (40.5%)","3,000
40.5%",7403,bootstrap_mean,Additional random bootstrap-mean quadrat selected with seed 20260703
10m,503_c,fixed_4000,4000,0.540321491287316,50,5.733921182501138,5.7356999238114525,0.03282601473345221,5.665335092309222,5.825998264766149,all_sampled_pixels,4000,4000,0.005724880703563053,0.0046422995234707155,5.7245921323354345,5.743250232666842,5.733921182501138,0,fixed,4000,"Fixed 4,000","4,000","Fixed 4,000 (54.0%)","4,000
54.0%",7403,bootstrap_mean,Additional random bootstrap-mean quadrat selected with seed 20260703
10m,614_a,pct_1,71,0.009997183891861447,50,5.670686814245549,5.6588891762190885,0.3750717192914198,4.787230912233288,6.470056417941345,all_sampled_pixels,71,71,0.06614220315415548,0.05304315122845203,5.564092611037551,5.777281017453547,5.6806299889930125,-0.009943174747463424,percent,0.01,1% of pixels,1%,1% of pixels = 71 pixels (1.0%),"1%
71 px",7102,bootstrap_mean,Additional random bootstrap-mean quadrat selected with seed 20260703
10m,614_a,pct_2,142,0.019994367783722895,50,5.675859611644222,5.605520422581101,0.27903261012836117,5.126683361360909,6.378264551107443,all_sampled_pixels,142,142,0.049161295243440505,0.039461170158789256,5.596559421264976,5.755159802023469,5.6806299889930125,-0.004770377348790156,percent,0.02,2% of pixels,2%,2% of pixels = 142 pixels (2.0%),"2%
142 px",7102,bootstrap_mean,Additional random bootstrap-mean quadrat selected with seed 20260703
10m,614_a,pct_3,213,0.029991551675584344,50,5.691567703949564,5.6914387423350785,0.2222601084142409,5.154419990252119,6.175636281653403,all_sampled_pixels,213,213,0.039050771241815746,0.031432325969393396,5.628402080036096,5.754733327863031,5.6806299889930125,0.010937714956551048,percent,0.03,3% of pixels,3%,3% of pixels = 213 pixels (3.0%),"3%
213 px",7102,bootstrap_mean,Additional random bootstrap-mean quadrat selected with seed 20260703
10m,614_a,fixed_1250,1250,0.17600675865953253,50,5.704707847845969,5.706304223501943,0.07725721459520232,5.522931013494032,5.859238918781527,all_sampled_pixels,1250,1250,0.013542711854100248,0.010925820067170374,5.6827515903936545,5.726664105298284,5.6806299889930125,0.02407785885295688,fixed,1250,"Fixed 1,250","1,250","Fixed 1,250 (17.6%)","1,250
17.6%",7102,bootstrap_mean,Additional random bootstrap-mean quadrat selected with seed 20260703
10m,614_a,fixed_2000,2000,0.28161081385525205,50,5.671214829219964,5.6697270019328965,0.06280995169334676,5.536194307128144,5.806825708167088,all_sampled_pixels,2000,2000,0.011075219963406999,0.008882668553672993,5.653364438454876,5.689065219985052,5.6806299889930125,-0.009415159773048742,fixed,2000,"Fixed 2,000","2,000","Fixed 2,000 (28.2%)","2,000
28.2%",7102,bootstrap_mean,Additional random bootstrap-mean quadrat selected with seed 20260703
10m,614_a,fixed_3000,3000,0.42241622078287805,50,5.678465155940583,5.673435629320034,0.04590954660143276,5.575653484471189,5.79164557320237,all_sampled_pixels,3000,3000,0.008084851335823384,0.006492590344614584,5.665417807159221,5.6915125047219455,5.6806299889930125,-0.002164833052429316,fixed,3000,"Fixed 3,000","3,000","Fixed 3,000 (42.2%)","3,000
42.2%",7102,bootstrap_mean,Additional random bootstrap-mean quadrat selected with seed 20260703
10m,614_a,fixed_4000,4000,0.5632216277105041,50,5.6806299889930125,5.6772425672522875,0.0361737289484884,5.60557264875517,5.777663988663775,all_sampled_pixels,4000,4000,0.00636790796418353,0.005115737808056053,5.670349528974297,5.690910449011728,5.6806299889930125,0,fixed,4000,"Fixed 4,000","4,000","Fixed 4,000 (56.3%)","4,000
56.3%",7102,bootstrap_mean,Additional random bootstrap-mean quadrat selected with seed 20260703
10m,700_c,pct_1,76,0.009969828151646333,50,5.53979357384621,5.584321859374134,0.3984235640686989,4.731271046189603,6.619966548488955,all_sampled_pixels,76,76,0.07192029066745141,0.05634560078749797,5.426562849782484,5.653024297909936,5.600978914820233,-0.06118534097402328,percent,0.01,1% of pixels,1%,1% of pixels = 76 pixels (1.0%),"1%
76 px",7623,bootstrap_mean,Additional random bootstrap-mean quadrat selected with seed 20260703
10m,700_c,pct_2,152,0.019939656303292665,50,5.561181591169809,5.5690578741231755,0.2472472913807843,5.091818240226892,6.061112958546498,all_sampled_pixels,152,152,0.04445948892828281,0.03496604727307176,5.490914688429553,5.631448493910064,5.600978914820233,-0.039797323650424765,percent,0.02,2% of pixels,2%,2% of pixels = 152 pixels (2.0%),"2%
152 px",7623,bootstrap_mean,Additional random bootstrap-mean quadrat selected with seed 20260703
10m,700_c,pct_3,229,0.03004066640430277,50,5.649785168090228,5.637171836216758,0.21204478128656845,5.2675990299164,6.243603071535301,all_sampled_pixels,229,229,0.03753147685759617,0.029987660552590174,5.589522708024305,5.7100476281561505,5.600978914820233,0.048806253269994215,percent,0.03,3% of pixels,3%,3% of pixels = 229 pixels (3.0%),"3%
229 px",7623,bootstrap_mean,Additional random bootstrap-mean quadrat selected with seed 20260703
10m,700_c,fixed_1250,1250,0.16397743670470943,50,5.568518200490784,5.553952296102128,0.08072948561844466,5.40934948887176,5.751229242140191,all_sampled_pixels,1250,1250,0.01449748078606074,0.011416873344500816,5.545575134532235,5.5914612664493335,5.600978914820233,-0.0324607143294493,fixed,1250,"Fixed 1,250","1,250","Fixed 1,250 (16.4%)","1,250
16.4%",7623,bootstrap_mean,Additional random bootstrap-mean quadrat selected with seed 20260703
10m,700_c,fixed_2000,2000,0.26236389872753507,50,5.596051229106913,5.590893236732853,0.06375043676812564,5.479460943090801,5.732116806445417,all_sampled_pixels,2000,2000,0.01139203952182184,0.009015673228469169,5.577933555440932,5.614168902772894,5.600978914820233,-0.004927685713320251,fixed,2000,"Fixed 2,000","2,000","Fixed 2,000 (26.2%)","2,000
26.2%",7623,bootstrap_mean,Additional random bootstrap-mean quadrat selected with seed 20260703
10m,700_c,fixed_3000,3000,0.39354584809130266,50,5.600872348013372,5.6015221819953025,0.0452002637467194,5.508300311979744,5.710277364536891,all_sampled_pixels,3000,3000,0.00807021851921905,0.00639228260134515,5.588026575188977,5.613718120837767,5.600978914820233,-1.0656680686160769e-4,fixed,3000,"Fixed 3,000","3,000","Fixed 3,000 (39.4%)","3,000
39.4%",7623,bootstrap_mean,Additional random bootstrap-mean quadrat selected with seed 20260703
10m,700_c,fixed_4000,4000,0.5247277974550701,50,5.600978914820233,5.599480498043782,0.034987702660119434,5.51942751088518,5.685832486882593,all_sampled_pixels,4000,4000,0.006246712082336483,0.0049480083618218115,5.591035519743208,5.6109223098972585,5.600978914820233,0,fixed,4000,"Fixed 4,000","4,000","Fixed 4,000 (52.5%)","4,000
52.5%",7623,bootstrap_mean,Additional random bootstrap-mean quadrat selected with seed 20260703
10m,722_a,pct_1,88,0.010021637626693999,50,6.890334601363125,6.938930517540591,0.37564453133021597,6.121350509441734,7.6058022011749875,all_sampled_pixels,88,88,0.054517603725064624,0.05312415908384764,6.7835776067749105,6.997091595951339,6.9800533129109175,-0.08971871154779265,percent,0.01,1% of pixels,1%,1% of pixels = 88 pixels (1.0%),"1%
88 px",8781,bootstrap_mean,Additional random bootstrap-mean quadrat selected with seed 20260703
10m,722_a,pct_2,176,0.020043275253387997,50,6.9465049077493415,6.923444291415972,0.30762436116025443,6.3468097958874194,7.712614220339559,all_sampled_pixels,176,176,0.04428476841887445,0.043504654366919096,6.859079031633715,7.033930783864968,6.9800533129109175,-0.03354840516157598,percent,0.02,2% of pixels,2%,2% of pixels = 176 pixels (2.0%),"2%
176 px",8781,bootstrap_mean,Additional random bootstrap-mean quadrat selected with seed 20260703
10m,722_a,pct_3,263,0.029951030634324107,50,6.9897992984837,6.997357799203015,0.2288724716283769,6.363273116215718,7.546816075171457,all_sampled_pixels,263,263,0.0327437830265064,0.0323674553430702,6.924754461737379,7.05484413523002,6.9800533129109175,0.009745985572782168,percent,0.03,3% of pixels,3%,3% of pixels = 263 pixels (3.0%),"3%
263 px",8781,bootstrap_mean,Additional random bootstrap-mean quadrat selected with seed 20260703
10m,722_a,fixed_1250,1250,0.14235280719735793,50,6.977572000612162,6.972678099413393,0.10137984439345009,6.721070990312872,7.182781008967927,all_sampled_pixels,1250,1250,0.014529387068246052,0.01433727508924911,6.948760167624897,7.006383833599427,6.9800533129109175,-0.002481312298755256,fixed,1250,"Fixed 1,250","1,250","Fixed 1,250 (14.2%)","1,250
14.2%",8781,bootstrap_mean,Additional random bootstrap-mean quadrat selected with seed 20260703
10m,722_a,fixed_2000,2000,0.2277644915157727,50,6.988054946338676,6.9880522307077495,0.06651760272038332,6.7689891374282,7.118128467858553,all_sampled_pixels,2000,2000,0.009518757827631933,0.009407009590371157,6.9691508528104285,7.006959039866923,6.9800533129109175,0.008001633427758392,fixed,2000,"Fixed 2,000","2,000","Fixed 2,000 (22.8%)","2,000
22.8%",8781,bootstrap_mean,Additional random bootstrap-mean quadrat selected with seed 20260703
10m,722_a,fixed_3000,3000,0.341646737273659,50,6.996971378979458,6.998033902431489,0.051511154121599435,6.861979585980086,7.094723852476805,all_sampled_pixels,3000,3000,0.0073619215131208076,0.007284777277225667,6.9823320709551435,7.011610687003772,6.9800533129109175,0.016918066068540405,fixed,3000,"Fixed 3,000","3,000","Fixed 3,000 (34.2%)","3,000
34.2%",8781,bootstrap_mean,Additional random bootstrap-mean quadrat selected with seed 20260703
10m,722_a,fixed_4000,4000,0.4555289830315454,50,6.9800533129109175,6.9906443891188115,0.05179745319612751,6.846824292869643,7.0846446583345495,all_sampled_pixels,4000,4000,0.007420781887198255,0.007325266080634914,6.9653326395898905,6.9947739862319445,6.9800533129109175,0,fixed,4000,"Fixed 4,000","4,000","Fixed 4,000 (45.6%)","4,000
45.6%",8781,bootstrap_mean,Additional random bootstrap-mean quadrat selected with seed 20260703
10m,800_a,pct_1,40,0.01006036217303823,50,11.20769829968318,10.843950421318793,2.1448232322076057,7.314273118833359,17.759247518395313,all_sampled_pixels,40,40,0.19137053611339946,0.3033238103880894,10.598146281495591,11.81725031787077,11.572833517303478,-0.3651352176202973,percent,0.01,1% of pixels,1%,1% of pixels = 40 pixels (1.0%),"1%
40 px",3976,bootstrap_mean,"Original 10 m replacement: closest bootstrap-mean quadrat at or below 4,000 retained pixels"
10m,800_a,pct_2,80,0.02012072434607646,50,11.455983140641735,11.328646205675835,1.9379030953023122,8.891388456574852,16.158211472151226,all_sampled_pixels,80,80,0.16916078450109834,0.27406088399413303,10.905237174701375,12.006729106582094,11.572833517303478,-0.11685037666174303,percent,0.02,2% of pixels,2%,2% of pixels = 80 pixels (2.0%),"2%
80 px",3976,bootstrap_mean,"Original 10 m replacement: closest bootstrap-mean quadrat at or below 4,000 retained pixels"
10m,800_a,pct_3,119,0.02992957746478873,50,11.910438272016822,11.756759061529252,1.439312032151858,9.328808813145935,15.48527914569013,all_sampled_pixels,119,119,0.12084459020567477,0.20354945963559376,11.501390318402095,12.31948622563155,11.572833517303478,0.33760475471334495,percent,0.03,3% of pixels,3%,3% of pixels = 119 pixels (3.0%),"3%
119 px",3976,bootstrap_mean,"Original 10 m replacement: closest bootstrap-mean quadrat at or below 4,000 retained pixels"
10m,800_a,fixed_1250,1250,0.31438631790744465,50,11.509067045585429,11.475320145404666,0.3798910318256595,10.892464247750405,12.620497784642112,all_sampled_pixels,1250,1250,0.03300797799864895,0.05372470494317567,11.401103208909548,11.617030882261309,11.572833517303478,-0.06376647171804883,fixed,1250,"Fixed 1,250","1,250","Fixed 1,250 (31.4%)","1,250
31.4%",3976,bootstrap_mean,"Original 10 m replacement: closest bootstrap-mean quadrat at or below 4,000 retained pixels"
10m,800_a,fixed_2000,2000,0.5030181086519114,50,11.649701341678876,11.628036355612684,0.2366436573872951,11.12939940244009,12.12825069810282,all_sampled_pixels,2000,2000,0.02031328104014653,0.033466466972668474,11.582447958376397,11.716954724981354,11.572833517303478,0.07686782437539819,fixed,2000,"Fixed 2,000","2,000","Fixed 2,000 (50.3%)","2,000
50.3%",3976,bootstrap_mean,"Original 10 m replacement: closest bootstrap-mean quadrat at or below 4,000 retained pixels"
10m,800_a,fixed_3000,3000,0.7545271629778671,50,11.560090224533289,11.55772567089743,0.17378308929817804,11.213777431359619,11.988320426184346,all_sampled_pixels,3000,3000,0.01503302188155665,0.024576640179657806,11.510701617016412,11.609478832050165,11.572833517303478,-0.01274329277018893,fixed,3000,"Fixed 3,000","3,000","Fixed 3,000 (75.5%)","3,000
75.5%",3976,bootstrap_mean,"Original 10 m replacement: closest bootstrap-mean quadrat at or below 4,000 retained pixels"
10m,800_a,fixed_4000,3976,1,50,11.572833517303478,11.572833517303478,0,11.572833517303478,11.572833517303478,all_sampled_pixels,3976,3976,0,0,11.572833517303478,11.572833517303478,11.572833517303478,0,fixed,4000,"Fixed 4,000","4,000","Fixed 4,000 (100.0%)","3,976
100.0%",3976,bootstrap_mean,"Original 10 m replacement: closest bootstrap-mean quadrat at or below 4,000 retained pixels"
10m,914_a,pct_1,72,0.009972299168975069,50,8.098103041177987,8.092606430118689,0.721557707213245,6.700322881757663,10.223214941283537,all_sampled_pixels,72,72,0.0891020654521437,0.10204366955758058,7.893038609729275,8.3031674726267,8.058689342408943,0.0394136987690441,percent,0.01,1% of pixels,1%,1% of pixels = 72 pixels (1.0%),"1%
72 px",7220,bootstrap_mean,Additional random bootstrap-mean quadrat selected with seed 20260703
10m,914_a,pct_2,144,0.019944598337950138,50,8.121353172118608,8.132449837385703,0.4896064710872643,7.155023436323041,9.175667613871926,all_sampled_pixels,144,144,0.060286316911833206,0.06924081116372398,7.982208552605247,8.26049779163197,8.058689342408943,0.06266382970966511,percent,0.02,2% of pixels,2%,2% of pixels = 144 pixels (2.0%),"2%
144 px",7220,bootstrap_mean,Additional random bootstrap-mean quadrat selected with seed 20260703
10m,914_a,pct_3,217,0.030055401662049862,50,8.067760530022984,8.031903412077456,0.39674430483810263,7.349519790065684,9.157881555795772,all_sampled_pixels,217,217,0.04917650980859894,0.05610811766963303,7.955007046152155,8.180514013893811,8.058689342408943,0.009071187614040355,percent,0.03,3% of pixels,3%,3% of pixels = 217 pixels (3.0%),"3%
217 px",7220,bootstrap_mean,Additional random bootstrap-mean quadrat selected with seed 20260703
10m,914_a,fixed_1250,1250,0.1731301939058172,50,8.053818506843458,8.053151321368116,0.14782293961081577,7.7835607037579155,8.441552916774937,all_sampled_pixels,1250,1250,0.018354391706891366,0.020905320602747468,8.011807692235928,8.095829321450987,8.058689342408943,-0.004870835565485621,fixed,1250,"Fixed 1,250","1,250","Fixed 1,250 (17.3%)","1,250
17.3%",7220,bootstrap_mean,Additional random bootstrap-mean quadrat selected with seed 20260703
10m,914_a,fixed_2000,2000,0.2770083102493075,50,8.057939330462268,8.060366285405104,0.09434480526414628,7.878656955314903,8.246585711672589,all_sampled_pixels,2000,2000,0.011708304244421992,0.013342370314400423,8.031126833473841,8.084751827450695,8.058689342408943,-7.50011946674789e-4,fixed,2000,"Fixed 2,000","2,000","Fixed 2,000 (27.7%)","2,000
27.7%",7220,bootstrap_mean,Additional random bootstrap-mean quadrat selected with seed 20260703
10m,914_a,fixed_3000,3000,0.4155124653739612,50,8.062640876444991,8.074043239617243,0.06596318033886035,7.870976838074412,8.180818417034207,all_sampled_pixels,3000,3000,0.008181336779066002,0.00932860242524786,8.04389434801419,8.081387404875793,8.058689342408943,0.003951534036048088,fixed,3000,"Fixed 3,000","3,000","Fixed 3,000 (41.6%)","3,000
41.6%",7220,bootstrap_mean,Additional random bootstrap-mean quadrat selected with seed 20260703
10m,914_a,fixed_4000,4000,0.554016620498615,50,8.058689342408943,8.054650992908332,0.058091075491271196,7.95657198107572,8.195929492362914,all_sampled_pixels,4000,4000,0.0072085016586464325,0.008215318681259503,8.04218004142196,8.075198643395927,8.058689342408943,0,fixed,4000,"Fixed 4,000","4,000","Fixed 4,000 (55.4%)","4,000
55.4%",7220,bootstrap_mean,Additional random bootstrap-mean quadrat selected with seed 20260703
20m,100,pct_1,308,0.009997403271877434,50,6.574413178468417,6.589931593039014,0.25562101081155914,6.035775897778658,7.314109624772602,all_sampled_pixels,308,308,0.03888119043821778,0.03615027003172265,6.501766490997132,6.647059865939702,6.648688178269905,-0.07427499980148866,percent,0.01,1% of pixels,1%,1% of pixels = 308 pixels (1.0%),"1%
308 px",30808,bootstrap_mean,Additional random bootstrap-mean quadrat selected with seed 20260703
20m,100,pct_2,616,0.019994806543754868,50,6.622567564902679,6.608242621933233,0.18037997242046255,6.3417220669772005,7.03013782181851,all_sampled_pixels,616,616,0.027237166046657508,0.025509580337750297,6.571304143946377,6.673830985858982,6.648688178269905,-0.026120613367226042,percent,0.02,2% of pixels,2%,2% of pixels = 616 pixels (2.0%),"2%
616 px",30808,bootstrap_mean,Additional random bootstrap-mean quadrat selected with seed 20260703
20m,100,pct_3,924,0.029992209815632304,50,6.6249074736271,6.619524088943566,0.14557937423507364,6.309777815811765,6.894227409704803,all_sampled_pixels,924,924,0.021974552069535507,0.020588032544502945,6.583534273244456,6.6662806740097436,6.648688178269905,-0.023780704642805794,percent,0.03,3% of pixels,3%,3% of pixels = 924 pixels (3.0%),"3%
924 px",30808,bootstrap_mean,Additional random bootstrap-mean quadrat selected with seed 20260703
20m,100,fixed_1250,1250,0.04057387691508699,50,6.613613771754719,6.63363570879757,0.13297500581427393,6.295925240602204,6.918347632239197,all_sampled_pixels,1250,1250,0.02010625512819947,0.018805505667918734,6.575822693242776,6.651404850266662,6.648688178269905,-0.035074406515186674,fixed,1250,"Fixed 1,250","1,250","Fixed 1,250 (4.1%)","1,250
4.1%",30808,bootstrap_mean,Additional random bootstrap-mean quadrat selected with seed 20260703
20m,100,fixed_2000,2000,0.06491820306413919,50,6.621414455350642,6.622913526806595,0.09399981619057625,6.423927855263995,6.798420082531779,all_sampled_pixels,2000,2000,0.014196334759654978,0.013293581491729097,6.594700003172104,6.6481289075291805,6.648688178269905,-0.02727372291926322,fixed,2000,"Fixed 2,000","2,000","Fixed 2,000 (6.5%)","2,000
6.5%",30808,bootstrap_mean,Additional random bootstrap-mean quadrat selected with seed 20260703
20m,100,fixed_3000,3000,0.09737730459620877,50,6.624332242774811,6.624634052927422,0.07978777778937562,6.407887919198259,6.790398129462289,all_sampled_pixels,3000,3000,0.012044652180059434,0.011283695746134581,6.6016568072200785,6.647007678329543,6.648688178269905,-0.024355935495094627,fixed,3000,"Fixed 3,000","3,000","Fixed 3,000 (9.7%)","3,000
9.7%",30808,bootstrap_mean,Additional random bootstrap-mean quadrat selected with seed 20260703
20m,100,fixed_4000,4000,0.12983640612827838,50,6.648688178269905,6.645917563022458,0.05097444677878729,6.569839446465034,6.7811311563841885,all_sampled_pixels,4000,4000,0.007666842753340202,0.007208875396902651,6.63420140078474,6.663174955755071,6.648688178269905,0,fixed,4000,"Fixed 4,000","4,000","Fixed 4,000 (13.0%)","4,000
13.0%",30808,bootstrap_mean,Additional random bootstrap-mean quadrat selected with seed 20260703
20m,1201,pct_1,248,0.009998790468894892,50,6.323387749068836,6.358790810757737,0.2252845693288863,5.844416110424966,6.854817978909834,all_sampled_pixels,248,248,0.03562719514742095,0.03186004933382928,6.259362582873856,6.387412915263815,6.352822031496498,-0.029434282427661884,percent,0.01,1% of pixels,1%,1% of pixels = 248 pixels (1.0%),"1%
248 px",24803,bootstrap_mean,Additional random bootstrap-mean quadrat selected with seed 20260703
20m,1201,pct_2,496,0.019997580937789784,50,6.301799420346727,6.2778004331086805,0.13570736159552393,6.013135872232564,6.601803839867241,all_sampled_pixels,496,496,0.021534700256781145,0.019191919128225963,6.263231814913658,6.340367025779797,6.352822031496498,-0.05102261114977047,percent,0.02,2% of pixels,2%,2% of pixels = 496 pixels (2.0%),"2%
496 px",24803,bootstrap_mean,Additional random bootstrap-mean quadrat selected with seed 20260703
20m,1201,pct_3,744,0.029996371406684676,50,6.369502431945502,6.38575243474868,0.16202682964535178,6.047096052118246,6.722989906390505,all_sampled_pixels,744,744,0.025437910005768265,0.022914053995277153,6.3234549164543505,6.415549947436654,6.352822031496498,0.01668040044900465,percent,0.03,3% of pixels,3%,3% of pixels = 744 pixels (3.0%),"3%
744 px",24803,bootstrap_mean,Additional random bootstrap-mean quadrat selected with seed 20260703
20m,1201,fixed_1250,1250,0.05039712937951054,50,6.361554933941213,6.363164342416976,0.1012860743933615,6.1892144077038695,6.642017811628087,all_sampled_pixels,1250,1250,0.015921590781675623,0.014324014008662208,6.332769750093114,6.390340117789313,6.352822031496498,0.008732902444715585,fixed,1250,"Fixed 1,250","1,250","Fixed 1,250 (5.0%)","1,250
5.0%",24803,bootstrap_mean,Additional random bootstrap-mean quadrat selected with seed 20260703
20m,1201,fixed_2000,2000,0.08063540700721687,50,6.339005761030037,6.336299252787732,0.07658314799706953,6.168302732382684,6.523281202652999,all_sampled_pixels,2000,2000,0.012081255465624531,0.010830492654668166,6.317241071185306,6.360770450874769,6.352822031496498,-0.013816270466460168,fixed,2000,"Fixed 2,000","2,000","Fixed 2,000 (8.1%)","2,000
8.1%",24803,bootstrap_mean,Additional random bootstrap-mean quadrat selected with seed 20260703
20m,1201,fixed_3000,3000,0.1209531105108253,50,6.345867392583449,6.347682641562716,0.0612961205383037,6.230203535446779,6.456586095865936,all_sampled_pixels,3000,3000,0.009659218629425158,0.008668580498612511,6.328447227872376,6.363287557294521,6.352822031496498,-0.006954638913049038,fixed,3000,"Fixed 3,000","3,000","Fixed 3,000 (12.1%)","3,000
12.1%",24803,bootstrap_mean,Additional random bootstrap-mean quadrat selected with seed 20260703
20m,1201,fixed_4000,4000,0.16127081401443374,50,6.352822031496498,6.352650169258457,0.04873768967594096,6.245347878533581,6.4571811535053145,all_sampled_pixels,4000,4000,0.007671817254490301,0.006892550173844688,6.338970933346468,6.366673129646527,6.352822031496498,0,fixed,4000,"Fixed 4,000","4,000","Fixed 4,000 (16.1%)","4,000
16.1%",24803,bootstrap_mean,Additional random bootstrap-mean quadrat selected with seed 20260703
20m,1402,pct_1,271,0.010014411884261483,50,7.004516688605318,7.016825806395652,0.2883605255231965,6.198881486920633,7.682534067958968,all_sampled_pixels,271,271,0.04116779762867729,0.04078033660479375,6.92256553400253,7.086467843208107,6.9923879728523675,0.012128715752950825,percent,0.01,1% of pixels,1%,1% of pixels = 271 pixels (1.0%),"1%
271 px",27061,bootstrap_mean,Additional random bootstrap-mean quadrat selected with seed 20260703
20m,1402,pct_2,541,0.01999187021913455,50,7.0024585032050455,6.991264712493511,0.1936088801761824,6.62892155170888,7.525392503864625,all_sampled_pixels,541,541,0.027648700822370753,0.02738043041410246,6.947435468262925,7.057481538147166,6.9923879728523675,0.01007053035267802,percent,0.02,2% of pixels,2%,2% of pixels = 541 pixels (2.0%),"2%
541 px",27061,bootstrap_mean,Additional random bootstrap-mean quadrat selected with seed 20260703
20m,1402,pct_3,812,0.03000628210339603,50,6.990632307201408,6.982069732531709,0.14616289844431427,6.67907618362673,7.354795569044459,all_sampled_pixels,812,812,0.020908394551626523,0.020670555329571058,6.949093271073393,7.0321713433294235,6.9923879728523675,-0.0017556656509594148,percent,0.03,3% of pixels,3%,3% of pixels = 812 pixels (3.0%),"3%
812 px",27061,bootstrap_mean,Additional random bootstrap-mean quadrat selected with seed 20260703
20m,1402,fixed_1250,1250,0.046191936735523444,50,6.990272349699399,6.995992768700686,0.13628688547065954,6.707589346061057,7.260453105322201,all_sampled_pixels,1250,1250,0.019496648864692694,0.019273876180619542,6.951540045403331,7.029004653995467,6.9923879728523675,-0.0021156231529682046,fixed,1250,"Fixed 1,250","1,250","Fixed 1,250 (4.6%)","1,250
4.6%",27061,bootstrap_mean,Additional random bootstrap-mean quadrat selected with seed 20260703
20m,1402,fixed_2000,2000,0.07390709877683752,50,6.990967159741548,6.972442610070877,0.09184412821753128,6.779803543672739,7.1547603040098355,all_sampled_pixels,2000,2000,0.013137542505767786,0.01298872117495662,6.96486534730638,7.017068972176717,6.9923879728523675,-0.0014208131108190969,fixed,2000,"Fixed 2,000","2,000","Fixed 2,000 (7.4%)","2,000
7.4%",27061,bootstrap_mean,Additional random bootstrap-mean quadrat selected with seed 20260703
20m,1402,fixed_3000,3000,0.11086064816525627,50,7.004399254114011,6.9841267325987,0.07907673683273071,6.848459960489343,7.222489899652041,all_sampled_pixels,3000,3000,0.01128958158492825,0.011183139369705584,6.981925894163285,7.026872614064737,6.9923879728523675,0.012011281261643525,fixed,3000,"Fixed 3,000","3,000","Fixed 3,000 (11.1%)","3,000
11.1%",27061,bootstrap_mean,Additional random bootstrap-mean quadrat selected with seed 20260703
20m,1402,fixed_4000,4000,0.14781419755367503,50,6.9923879728523675,6.9860632928638715,0.057543732244712306,6.888517760182919,7.141226210996362,all_sampled_pixels,4000,4000,0.008229482183786607,0.008137912657003813,6.976034225094932,7.008741720609803,6.9923879728523675,0,fixed,4000,"Fixed 4,000","4,000","Fixed 4,000 (14.8%)","4,000
14.8%",27061,bootstrap_mean,Additional random bootstrap-mean quadrat selected with seed 20260703
20m,1512,pct_1,310,0.010005163955589981,50,6.873338820422002,6.86209194163116,0.21492141040466775,6.2157525523153945,7.293231746035503,all_sampled_pixels,310,310,0.03126885143012232,0.030394477343863514,6.812258831406288,6.934418809437716,6.910429898784886,-0.03709107836288439,percent,0.01,1% of pixels,1%,1% of pixels = 310 pixels (1.0%),"1%
310 px",30984,bootstrap_mean,Additional random bootstrap-mean quadrat selected with seed 20260703
20m,1512,pct_2,620,0.020010327911179963,50,6.87894540408037,6.891780079398433,0.15378634791916101,6.433972185655174,7.247490353493484,all_sampled_pixels,620,620,0.022356093686677594,0.02174867389351049,6.835239807583572,6.922651000577168,6.910429898784886,-0.03148449470451631,percent,0.02,2% of pixels,2%,2% of pixels = 620 pixels (2.0%),"2%
620 px",30984,bootstrap_mean,Additional random bootstrap-mean quadrat selected with seed 20260703
20m,1512,pct_3,930,0.030015491866769946,50,6.903201875502875,6.89690127579609,0.13770747231576616,6.604517372408387,7.212220341264797,all_sampled_pixels,930,930,0.019948347853543633,0.019474777498907404,6.864065844892469,6.942337906113281,6.910429898784886,-0.007228023282011442,percent,0.03,3% of pixels,3%,3% of pixels = 930 pixels (3.0%),"3%
930 px",30984,bootstrap_mean,Additional random bootstrap-mean quadrat selected with seed 20260703
20m,1512,fixed_1250,1250,0.0403434030467338,50,6.90888490660087,6.912642257856792,0.10003001694912049,6.73350400095354,7.1646728816186736,all_sampled_pixels,1250,1250,0.014478460460898696,0.014146380661385675,6.880456690328746,6.937313122872995,6.910429898784886,-0.0015449921840158254,fixed,1250,"Fixed 1,250","1,250","Fixed 1,250 (4.0%)","1,250
4.0%",30984,bootstrap_mean,Additional random bootstrap-mean quadrat selected with seed 20260703
20m,1512,fixed_2000,2000,0.06454944487477407,50,6.8924959168247275,6.8943805986543705,0.09199264177254747,6.667583600677838,7.067997160130695,all_sampled_pixels,2000,2000,0.013346782193659557,0.013009724163326635,6.866351897304225,6.9186399363452304,6.910429898784886,-0.017933981960158718,fixed,2000,"Fixed 2,000","2,000","Fixed 2,000 (6.5%)","2,000
6.5%",30984,bootstrap_mean,Additional random bootstrap-mean quadrat selected with seed 20260703
20m,1512,fixed_3000,3000,0.09682416731216112,50,6.889589105212295,6.899747549839174,0.04963300749179799,6.781370874943852,6.985582774401486,all_sampled_pixels,3000,3000,0.007204059158513286,0.007019167233626615,6.87548356055433,6.90369464987026,6.910429898784886,-0.020840793572591387,fixed,3000,"Fixed 3,000","3,000","Fixed 3,000 (9.7%)","3,000
9.7%",30984,bootstrap_mean,Additional random bootstrap-mean quadrat selected with seed 20260703
20m,1512,fixed_4000,4000,0.12909888974954814,50,6.910429898784886,6.914227703118932,0.05977078713735801,6.753800114084257,7.0514166788032435,all_sampled_pixels,4000,4000,0.008649358724826651,0.008452865780336704,6.893443229029945,6.927416568539828,6.910429898784886,0,fixed,4000,"Fixed 4,000","4,000","Fixed 4,000 (12.9%)","4,000
12.9%",30984,bootstrap_mean,Additional random bootstrap-mean quadrat selected with seed 20260703
20m,1518,pct_1,357,0.009996359868955283,50,9.62506559420133,9.503343342932464,0.6139512108892868,8.380377080751552,11.348421181345572,all_sampled_pixels,357,357,0.06378670408845473,0.08682581290750137,9.450582590638799,9.79954859776386,9.617691763509717,0.007373830691612682,percent,0.01,1% of pixels,1%,1% of pixels = 357 pixels (1.0%),"1%
357 px",35713,bootstrap_mean,Additional random bootstrap-mean quadrat selected with seed 20260703
20m,1518,pct_2,714,0.019992719737910565,50,9.637997652744263,9.683123395709345,0.2949661079267869,8.911564249229677,10.232701613160959,all_sampled_pixels,714,714,0.030604500909252673,0.041714507027046814,9.554169212393656,9.721826093094869,9.617691763509717,0.020305889234546015,percent,0.02,2% of pixels,2%,2% of pixels = 714 pixels (2.0%),"2%
714 px",35713,bootstrap_mean,Additional random bootstrap-mean quadrat selected with seed 20260703
20m,1518,pct_3,1071,0.029989079606865848,50,9.690571516936503,9.659359004495204,0.31479237137101956,8.964424886811011,10.39356927243256,all_sampled_pixels,1071,1071,0.03248439690278819,0.04451836409244839,9.601108514858815,9.78003451901419,9.617691763509717,0.07287975342678621,percent,0.03,3% of pixels,3%,"3% of pixels = 1,071 pixels (3.0%)","3%
1,071 px",35713,bootstrap_mean,Additional random bootstrap-mean quadrat selected with seed 20260703
20m,1518,fixed_1250,1250,0.03500126004536163,50,9.595245906858601,9.547822278361453,0.2579334908859299,8.937692566140136,10.117166971507864,all_sampled_pixels,1250,1250,0.026881384113518255,0.036477304100111914,9.521942019821783,9.66854979389542,9.617691763509717,-0.022445856651115648,fixed,1250,"Fixed 1,250","1,250","Fixed 1,250 (3.5%)","1,250
3.5%",35713,bootstrap_mean,Additional random bootstrap-mean quadrat selected with seed 20260703
20m,1518,fixed_2000,2000,0.05600201607257861,50,9.608860962209837,9.572325244667955,0.19201635446603096,9.227175573633334,10.136413536608233,all_sampled_pixels,2000,2000,0.019983258704772768,0.02715521326833006,9.554290518066837,9.663431406352837,9.617691763509717,-0.008830801299879454,fixed,2000,"Fixed 2,000","2,000","Fixed 2,000 (5.6%)","2,000
5.6%",35713,bootstrap_mean,Additional random bootstrap-mean quadrat selected with seed 20260703
20m,1518,fixed_3000,3000,0.08400302410886792,50,9.631999724191443,9.653644347994499,0.1471533183555249,9.256637434532742,9.967248740251856,all_sampled_pixels,3000,3000,0.015277545947799294,0.0208106218566589,9.590179213839042,9.673820234543845,9.617691763509717,0.014307960681726684,fixed,3000,"Fixed 3,000","3,000","Fixed 3,000 (8.4%)","3,000
8.4%",35713,bootstrap_mean,Additional random bootstrap-mean quadrat selected with seed 20260703
20m,1518,fixed_4000,4000,0.11200403214515722,50,9.617691763509717,9.622741542051967,0.11637812047721868,9.383069987762275,9.838471681720474,all_sampled_pixels,4000,4000,0.012100421113386736,0.016458351634237266,9.584617467621587,9.650766059397846,9.617691763509717,0,fixed,4000,"Fixed 4,000","4,000","Fixed 4,000 (11.2%)","4,000
11.2%",35713,bootstrap_mean,Additional random bootstrap-mean quadrat selected with seed 20260703
20m,1800,pct_1,300,0.010003334444814937,50,7.326901986259248,7.372679836595127,0.22762631829379512,6.8738444528191165,7.903173008695408,all_sampled_pixels,300,300,0.031067198485892372,0.032191222648414,7.262211302372081,7.391592670146415,7.342989732464572,-0.01608774620532394,percent,0.01,1% of pixels,1%,1% of pixels = 300 pixels (1.0%),"1%
300 px",29990,bootstrap_mean,Additional random bootstrap-mean quadrat selected with seed 20260703
20m,1800,pct_2,600,0.020006668889629875,50,7.334808207058306,7.310263882867768,0.17865063428394556,7.031828258395851,7.859389064932775,all_sampled_pixels,600,600,0.024356551560820578,0.025265014993091164,7.284036258562491,7.385580155554122,7.342989732464572,-0.0081815254062656,percent,0.02,2% of pixels,2%,2% of pixels = 600 pixels (2.0%),"2%
600 px",29990,bootstrap_mean,Additional random bootstrap-mean quadrat selected with seed 20260703
20m,1800,pct_3,900,0.030010003334444816,50,7.336760368735086,7.341073079904018,0.1243417209855606,7.0057078436557445,7.752312742736212,all_sampled_pixels,900,900,0.016947769142826464,0.017584574818659108,7.301422842624063,7.372097894846109,7.342989732464572,-0.006229363729485904,percent,0.03,3% of pixels,3%,3% of pixels = 900 pixels (3.0%),"3%
900 px",29990,bootstrap_mean,Additional random bootstrap-mean quadrat selected with seed 20260703
20m,1800,fixed_1250,1250,0.04168056018672891,50,7.321193380279039,7.307392837403452,0.12377122106070551,7.1094221225742,7.585764983801418,all_sampled_pixels,1250,1250,0.01690588058964618,0.01750389394555282,7.28601798845272,7.356368772105359,7.342989732464572,-0.02179635218553244,fixed,1250,"Fixed 1,250","1,250","Fixed 1,250 (4.2%)","1,250
4.2%",29990,bootstrap_mean,Additional random bootstrap-mean quadrat selected with seed 20260703
20m,1800,fixed_2000,2000,0.06668889629876626,50,7.336198805881261,7.35574674811788,0.08996334560102483,7.103014367917337,7.490625968724992,all_sampled_pixels,2000,2000,0.012262937248770207,0.012722738346542722,7.310631505951574,7.361766105810948,7.342989732464572,-0.006790926583311041,fixed,2000,"Fixed 2,000","2,000","Fixed 2,000 (6.7%)","2,000
6.7%",29990,bootstrap_mean,Additional random bootstrap-mean quadrat selected with seed 20260703
20m,1800,fixed_3000,3000,0.10003334444814939,50,7.34679658796901,7.34404615175311,0.07043763794125568,7.172044293114546,7.53876076840746,all_sampled_pixels,3000,3000,0.009587530714625089,0.009961386287804947,7.326778432757558,7.366814743180462,7.342989732464572,0.0038068555044379337,fixed,3000,"Fixed 3,000","3,000","Fixed 3,000 (10.0%)","3,000
10.0%",29990,bootstrap_mean,Additional random bootstrap-mean quadrat selected with seed 20260703
20m,1800,fixed_4000,4000,0.13337779259753252,50,7.342989732464572,7.347665776912335,0.06159184591981237,7.217542237160353,7.4708464495483815,all_sampled_pixels,4000,4000,0.008387843121651748,0.008710402383139262,7.325485523529983,7.36049394139916,7.342989732464572,0,fixed,4000,"Fixed 4,000","4,000","Fixed 4,000 (13.3%)","4,000
13.3%",29990,bootstrap_mean,Additional random bootstrap-mean quadrat selected with seed 20260703
20m,1805,pct_1,254,0.00999213217938631,50,7.6385128698130575,7.6112550866912745,0.38782832060038913,6.834631839151558,8.758565884378081,all_sampled_pixels,254,254,0.05077275213256016,0.054847207086545106,7.5282932806262375,7.748732458999878,7.575299712461588,0.06321315735146982,percent,0.01,1% of pixels,1%,1% of pixels = 254 pixels (1.0%),"1%
254 px",25420,bootstrap_mean,Additional random bootstrap-mean quadrat selected with seed 20260703
20m,1805,pct_2,508,0.01998426435877262,50,7.604628465991882,7.617838098618053,0.25339332377630996,7.038484275586969,8.164644254890852,all_sampled_pixels,508,508,0.033320934074490584,0.03583522750992544,7.532614880171043,7.676642051812721,7.575299712461588,0.029328753530294627,percent,0.02,2% of pixels,2%,2% of pixels = 508 pixels (2.0%),"2%
508 px",25420,bootstrap_mean,Additional random bootstrap-mean quadrat selected with seed 20260703
20m,1805,pct_3,763,0.03001573564122738,50,7.542912350389625,7.548788585143557,0.23839724711699187,7.068837417307713,8.10226908403753,all_sampled_pixels,763,763,0.031605464314413995,0.03371446201052601,7.475160602400138,7.610664098379113,7.575299712461588,-0.03238736207196258,percent,0.03,3% of pixels,3%,3% of pixels = 763 pixels (3.0%),"3%
763 px",25420,bootstrap_mean,Additional random bootstrap-mean quadrat selected with seed 20260703
20m,1805,fixed_1250,1250,0.04917387883556255,50,7.56285441132764,7.57335686078268,0.1517864614710365,7.284277377333795,7.867128589326205,all_sampled_pixels,1250,1250,0.020069996487528677,0.021465847239696106,7.519717176270748,7.605991646384532,7.575299712461588,-0.012445301133947595,fixed,1250,"Fixed 1,250","1,250","Fixed 1,250 (4.9%)","1,250
4.9%",25420,bootstrap_mean,Additional random bootstrap-mean quadrat selected with seed 20260703
20m,1805,fixed_2000,2000,0.07867820613690008,50,7.545382014310376,7.539311978093396,0.12061705033167912,7.286850762737373,7.7743140811362075,all_sampled_pixels,2000,2000,0.015985545874671415,0.01705782684324988,7.511103027886943,7.579661000733809,7.575299712461588,-0.029917698151211702,fixed,2000,"Fixed 2,000","2,000","Fixed 2,000 (7.9%)","2,000
7.9%",25420,bootstrap_mean,Additional random bootstrap-mean quadrat selected with seed 20260703
20m,1805,fixed_3000,3000,0.11801730920535011,50,7.587084645461995,7.57789544317345,0.12045060617119155,7.370744586289682,7.923716702014246,all_sampled_pixels,3000,3000,0.015875743029074515,0.01703428808433595,7.552852961945588,7.621316328978402,7.575299712461588,0.011784933000407172,fixed,3000,"Fixed 3,000","3,000","Fixed 3,000 (11.8%)","3,000
11.8%",25420,bootstrap_mean,Additional random bootstrap-mean quadrat selected with seed 20260703
20m,1805,fixed_4000,4000,0.15735641227380015,50,7.575299712461588,7.577544877951578,0.09909417412044941,7.396729325142875,7.82461512968358,all_sampled_pixels,4000,4000,0.013081221586181814,0.014014032499330052,7.54713745977861,7.603461965144565,7.575299712461588,0,fixed,4000,"Fixed 4,000","4,000","Fixed 4,000 (15.7%)","4,000
15.7%",25420,bootstrap_mean,Additional random bootstrap-mean quadrat selected with seed 20260703
20m,1910,pct_1,256,0.009994924452426503,50,5.621997840500597,5.595771929087196,0.2249642785371799,5.224111841455087,6.15430844813147,all_sampled_pixels,256,256,0.04001500621657096,0.03181475337567584,5.5580636999414645,5.685931981059729,5.640112177728435,-0.018114337227838284,percent,0.01,1% of pixels,1%,1% of pixels = 256 pixels (1.0%),"1%
256 px",25613,bootstrap_mean,Additional random bootstrap-mean quadrat selected with seed 20260703
20m,1910,pct_2,512,0.019989848904853006,50,5.607048976562603,5.614243619897994,0.17897799645098197,5.2118474786943665,6.147936759643676,all_sampled_pixels,512,512,0.031920177119748344,0.025311310994734236,5.556183992768308,5.657913960356898,5.640112177728435,-0.033063201165831835,percent,0.02,2% of pixels,2%,2% of pixels = 512 pixels (2.0%),"2%
512 px",25613,bootstrap_mean,Additional random bootstrap-mean quadrat selected with seed 20260703
20m,1910,pct_3,768,0.029984773357279507,50,5.607425535054315,5.616130705377223,0.13398948171623465,5.295143014011069,6.005636172049984,all_sampled_pixels,768,768,0.023895008659252183,0.018948974225844087,5.569346145681059,5.645504924427571,5.640112177728435,-0.03268664267412014,percent,0.03,3% of pixels,3%,3% of pixels = 768 pixels (3.0%),"3%
768 px",25613,bootstrap_mean,Additional random bootstrap-mean quadrat selected with seed 20260703
20m,1910,fixed_1250,1250,0.04880334205286378,50,5.63074507273287,5.6003900706663785,0.11617222198607262,5.423763209173083,5.943610859445858,all_sampled_pixels,1250,1250,0.020631767285761472,0.016429233190372174,5.597729292548476,5.663760852917263,5.640112177728435,-0.009367104995565256,fixed,1250,"Fixed 1,250","1,250","Fixed 1,250 (4.9%)","1,250
4.9%",25613,bootstrap_mean,Additional random bootstrap-mean quadrat selected with seed 20260703
20m,1910,fixed_2000,2000,0.07808534728458205,50,5.6459477302076415,5.645713192005355,0.06767524104045415,5.4417548472001265,5.789236066271406,all_sampled_pixels,2000,2000,0.011986515687768377,0.009570724371627854,5.626714639509029,5.665180820906254,5.640112177728435,0.0058355524792066404,fixed,2000,"Fixed 2,000","2,000","Fixed 2,000 (7.8%)","2,000
7.8%",25613,bootstrap_mean,Additional random bootstrap-mean quadrat selected with seed 20260703
20m,1910,fixed_3000,3000,0.11712802092687308,50,5.622134744955918,5.62548820286861,0.06856326554280735,5.448813448602778,5.7652538393589605,all_sampled_pixels,3000,3000,0.01219523697903561,0.009696310001122607,5.602649280486133,5.641620209425703,5.640112177728435,-0.01797743277251662,fixed,3000,"Fixed 3,000","3,000","Fixed 3,000 (11.7%)","3,000
11.7%",25613,bootstrap_mean,Additional random bootstrap-mean quadrat selected with seed 20260703
20m,1910,fixed_4000,4000,0.1561706945691641,50,5.640112177728435,5.639424570730164,0.05309828167727054,5.530941497302611,5.769172375858132,all_sampled_pixels,4000,4000,0.009414401700544894,0.007509231008670281,5.625021813043528,5.655202542413342,5.640112177728435,0,fixed,4000,"Fixed 4,000","4,000","Fixed 4,000 (15.6%)","4,000
15.6%",25613,bootstrap_mean,Additional random bootstrap-mean quadrat selected with seed 20260703
20m,206,pct_1,233,0.009979441493918108,50,8.374579862148165,8.356354049413032,0.30726477898567045,7.702618092618458,8.982306285512463,all_sampled_pixels,233,233,0.036690172407867386,0.04345380176811067,8.287256178155847,8.461903546140483,8.42020427433257,-0.04562441218440405,percent,0.01,1% of pixels,1%,1% of pixels = 233 pixels (1.0%),"1%
233 px",23348,bootstrap_mean,Additional random bootstrap-mean quadrat selected with seed 20260703
20m,206,pct_2,467,0.020001713208840158,50,8.366757888216203,8.406528145768839,0.25767777191701274,7.839056109123932,9.0584973036521,all_sampled_pixels,467,467,0.030797804282101653,0.03644113997671204,8.293526675706241,8.439989100726164,8.42020427433257,-0.05344638611636654,percent,0.02,2% of pixels,2%,2% of pixels = 467 pixels (2.0%),"2%
467 px",23348,bootstrap_mean,Additional random bootstrap-mean quadrat selected with seed 20260703
20m,206,pct_3,700,0.029981154702758268,50,8.465919151107586,8.473522206885267,0.21442756825564988,7.861443127958957,8.894293190955835,all_sampled_pixels,700,700,0.025328326957575135,0.03032463751738226,8.404979510477734,8.526858791737439,8.42020427433257,0.04571487677501729,percent,0.03,3% of pixels,3%,3% of pixels = 700 pixels (3.0%),"3%
700 px",23348,bootstrap_mean,Additional random bootstrap-mean quadrat selected with seed 20260703
20m,206,fixed_1250,1250,0.05353777625492548,50,8.4025946871083,8.39259232545596,0.13074295011192164,8.131687934560668,8.657601821489786,all_sampled_pixels,1250,1250,0.015559830621428678,0.018489845323294854,8.365437951808257,8.439751422408342,8.42020427433257,-0.01760958722426942,fixed,1250,"Fixed 1,250","1,250","Fixed 1,250 (5.4%)","1,250
5.4%",23348,bootstrap_mean,Additional random bootstrap-mean quadrat selected with seed 20260703
20m,206,fixed_2000,2000,0.08566044200788075,50,8.430507909221063,8.431436347033246,0.1127640587255353,8.23009768695583,8.75753290473642,all_sampled_pixels,2000,2000,0.013375713532300586,0.015947246119788816,8.398460718318331,8.462555100123796,8.42020427433257,0.010303634888494173,fixed,2000,"Fixed 2,000","2,000","Fixed 2,000 (8.6%)","2,000
8.6%",23348,bootstrap_mean,Additional random bootstrap-mean quadrat selected with seed 20260703
20m,206,fixed_3000,3000,0.12849066301182113,50,8.430958139050688,8.416746109886578,0.08873444061375549,8.289673053012685,8.621440138985024,all_sampled_pixels,3000,3000,0.010524834680740907,0.012548944936556299,8.405740090054087,8.456176188047289,8.42020427433257,0.010753864718118678,fixed,3000,"Fixed 3,000","3,000","Fixed 3,000 (12.8%)","3,000
12.8%",23348,bootstrap_mean,Additional random bootstrap-mean quadrat selected with seed 20260703
20m,206,fixed_4000,4000,0.1713208840157615,50,8.42020427433257,8.412627773899825,0.08123340021462717,8.202191258642108,8.60120829448306,all_sampled_pixels,4000,4000,0.009647438181785224,0.011488137630120724,8.397117997430346,8.443290551234792,8.42020427433257,0,fixed,4000,"Fixed 4,000","4,000","Fixed 4,000 (17.1%)","4,000
17.1%",23348,bootstrap_mean,Additional random bootstrap-mean quadrat selected with seed 20260703
20m,219,pct_1,294,0.010006807351940095,50,7.277884463333217,7.233756689363512,0.37968435473998896,6.631728907792013,8.152386284017751,all_sampled_pixels,294,294,0.05216960459497269,0.05369547638941697,7.169979363635187,7.385789563031247,7.2293456181855085,0.0485388451477089,percent,0.01,1% of pixels,1%,1% of pixels = 294 pixels (1.0%),"1%
294 px",29380,bootstrap_mean,Original random bootstrap-mean quadrat selected with seed 20260703
20m,219,pct_2,588,0.02001361470388019,50,7.223399530746778,7.231950115033619,0.24979200687050732,6.616419657684484,8.01176329754004,all_sampled_pixels,588,588,0.03458094845885993,0.035325924388866475,7.152409427866212,7.294389633627343,7.2293456181855085,-0.005946087438730707,percent,0.02,2% of pixels,2%,2% of pixels = 588 pixels (2.0%),"2%
588 px",29380,bootstrap_mean,Original random bootstrap-mean quadrat selected with seed 20260703
20m,219,pct_3,881,0.02998638529611981,50,7.246533485323097,7.243444851609674,0.19943693268323975,6.7600394049484835,7.758353827030177,all_sampled_pixels,881,881,0.0275217016642748,0.028204641503872762,7.189854136184806,7.303212834461387,7.2293456181855085,0.017187867137588242,percent,0.03,3% of pixels,3%,3% of pixels = 881 pixels (3.0%),"3%
881 px",29380,bootstrap_mean,Original random bootstrap-mean quadrat selected with seed 20260703
20m,219,fixed_1250,1250,0.042545949625595644,50,7.275345087045292,7.268942656478183,0.13201912342567673,7.067082000043702,7.633725191230434,all_sampled_pixels,1250,1250,0.018146097792770564,0.018670323484119962,7.2378256673024115,7.312864506788172,7.2293456181855085,0.04599946885978312,fixed,1250,"Fixed 1,250","1,250","Fixed 1,250 (4.3%)","1,250
4.3%",29380,bootstrap_mean,Original random bootstrap-mean quadrat selected with seed 20260703
20m,219,fixed_2000,2000,0.06807351940095303,50,7.2524111818125645,7.265367796545281,0.1340685589000186,6.902401289499269,7.499203375130199,all_sampled_pixels,2000,2000,0.01848606698365817,0.01896015742842224,7.214309318952335,7.290513044672794,7.2293456181855085,0.02306556362705603,fixed,2000,"Fixed 2,000","2,000","Fixed 2,000 (6.8%)","2,000
6.8%",29380,bootstrap_mean,Original random bootstrap-mean quadrat selected with seed 20260703
20m,219,fixed_3000,3000,0.10211027910142954,50,7.241052953590416,7.250502171449934,0.11112909844997508,7.016158210065649,7.4799583765632365,all_sampled_pixels,3000,3000,0.015347090977269077,0.015716027820224965,7.209470413256858,7.272635493923975,7.2293456181855085,0.01170733540490776,fixed,3000,"Fixed 3,000","3,000","Fixed 3,000 (10.2%)","3,000
10.2%",29380,bootstrap_mean,Original random bootstrap-mean quadrat selected with seed 20260703
20m,219,fixed_4000,4000,0.13614703880190607,50,7.2293456181855085,7.24374023656361,0.07666029366864209,7.053685457516856,7.367107493631461,all_sampled_pixels,4000,4000,0.01060404325888116,0.010841402700169795,7.207559003783501,7.251132232587516,7.2293456181855085,0,fixed,4000,"Fixed 4,000","4,000","Fixed 4,000 (13.6%)","4,000
13.6%",29380,bootstrap_mean,Original random bootstrap-mean quadrat selected with seed 20260703
20m,302,pct_1,263,0.009990123831953203,50,5.746093429174622,5.761245406562146,0.19239411807585236,5.365527939572612,6.193785622173,all_sampled_pixels,263,263,0.03348259481807419,0.027208637110368104,5.691415625801591,5.800771232547653,5.7970000221544336,-0.05090659297981137,percent,0.01,1% of pixels,1%,1% of pixels = 263 pixels (1.0%),"1%
263 px",26326,bootstrap_mean,Original random bootstrap-mean quadrat selected with seed 20260703
20m,302,pct_2,527,0.02001823292562486,50,5.790428462482183,5.803236400960553,0.12981351886902615,5.5495526809972695,6.103773527571558,all_sampled_pixels,527,527,0.022418637879757,0.018358403896395245,5.75353586861877,5.827321056345595,5.7970000221544336,-0.006571559672250871,percent,0.02,2% of pixels,2%,2% of pixels = 527 pixels (2.0%),"2%
527 px",26326,bootstrap_mean,Original random bootstrap-mean quadrat selected with seed 20260703
20m,302,pct_3,790,0.03000835675757806,50,5.78274507144811,5.784518483246841,0.11170282429887608,5.514583712081436,6.127994795458033,all_sampled_pixels,790,790,0.019316574208052294,0.015797164907884947,5.750999480032378,5.814490662863842,5.7970000221544336,-0.014254950706323655,percent,0.03,3% of pixels,3%,3% of pixels = 790 pixels (3.0%),"3%
790 px",26326,bootstrap_mean,Original random bootstrap-mean quadrat selected with seed 20260703
20m,302,fixed_1250,1250,0.04748157714806655,50,5.7903097832575545,5.794040459220399,0.10661521377786408,5.537901967944735,6.040730218996446,all_sampled_pixels,1250,1250,0.01841269599877672,0.015077668127996224,5.760010074753881,5.820609491761228,5.7970000221544336,-0.0066902388968790305,fixed,1250,"Fixed 1,250","1,250","Fixed 1,250 (4.7%)","1,250
4.7%",26326,bootstrap_mean,Original random bootstrap-mean quadrat selected with seed 20260703
20m,302,fixed_2000,2000,0.07597052343690648,50,5.7950271631731045,5.780961042217886,0.07684134127400742,5.620249129419379,5.97485757563943,all_sampled_pixels,2000,2000,0.013259875943693152,0.010867006698064077,5.773189095610958,5.816865230735251,5.7970000221544336,-0.00197285898132904,fixed,2000,"Fixed 2,000","2,000","Fixed 2,000 (7.6%)","2,000
7.6%",26326,bootstrap_mean,Original random bootstrap-mean quadrat selected with seed 20260703
20m,302,fixed_3000,3000,0.11395578515535972,50,5.803263423994287,5.80603765593272,0.05368192199460578,5.712611338111518,5.929636460003017,all_sampled_pixels,3000,3000,0.009250299025312455,0.007591770213902604,5.788007190566453,5.818519657422121,5.7970000221544336,0.006263401839853522,fixed,3000,"Fixed 3,000","3,000","Fixed 3,000 (11.4%)","3,000
11.4%",26326,bootstrap_mean,Original random bootstrap-mean quadrat selected with seed 20260703
20m,302,fixed_4000,4000,0.15194104687381296,50,5.7970000221544336,5.8026031169198795,0.04805894825217651,5.6873754094331925,5.877937524844742,all_sampled_pixels,4000,4000,0.008290313622306247,0.006796561641161478,5.783341820182733,5.810658224126134,5.7970000221544336,0,fixed,4000,"Fixed 4,000","4,000","Fixed 4,000 (15.2%)","4,000
15.2%",26326,bootstrap_mean,Original random bootstrap-mean quadrat selected with seed 20260703
20m,317,pct_1,312,0.010015408320493066,50,6.846609185278821,6.8529822227277934,0.21693077668785254,6.270835939197238,7.389207154726164,all_sampled_pixels,312,312,0.031684410606389574,0.03067864464880903,6.784958140683886,6.908260229873755,6.843957021790115,0.002652163488705561,percent,0.01,1% of pixels,1%,1% of pixels = 312 pixels (1.0%),"1%
312 px",31152,bootstrap_mean,Additional random bootstrap-mean quadrat selected with seed 20260703
20m,317,pct_2,623,0.019998715973292246,50,6.884919209208332,6.877605313249971,0.19553480842919319,6.495712624654951,7.30727462530091,all_sampled_pixels,623,623,0.02840045067887978,0.027652797799659,6.829348831512795,6.940489586903868,6.843957021790115,0.040962187418216445,percent,0.02,2% of pixels,2%,2% of pixels = 623 pixels (2.0%),"2%
623 px",31152,bootstrap_mean,Additional random bootstrap-mean quadrat selected with seed 20260703
20m,317,pct_3,935,0.03001412429378531,50,6.848754977170582,6.867710092155125,0.14768675108564924,6.542095549905682,7.136385502148826,all_sampled_pixels,935,935,0.021564029021032795,0.020886060636814457,6.80678286691366,6.890727087427504,6.843957021790115,0.004797955380467123,percent,0.03,3% of pixels,3%,3% of pixels = 935 pixels (3.0%),"3%
935 px",31152,bootstrap_mean,Additional random bootstrap-mean quadrat selected with seed 20260703
20m,317,fixed_1250,1250,0.040125834617360044,50,6.872185463185819,6.866741945491782,0.09499791464980233,6.687940367556019,7.117809196453044,all_sampled_pixels,1250,1250,0.013823537673525337,0.013434733929491217,6.845187354563693,6.899183571807944,6.843957021790115,0.028228441395703463,fixed,1250,"Fixed 1,250","1,250","Fixed 1,250 (4.0%)","1,250
4.0%",31152,bootstrap_mean,Additional random bootstrap-mean quadrat selected with seed 20260703
20m,317,fixed_2000,2000,0.06420133538777606,50,6.877308027926997,6.856010838006636,0.09807946426039774,6.670197492602238,7.123684902517169,all_sampled_pixels,2000,2000,0.014261316181000183,0.013870530854734173,6.849434152595486,6.905181903258508,6.843957021790115,0.0333510061368818,fixed,2000,"Fixed 2,000","2,000","Fixed 2,000 (6.4%)","2,000
6.4%",31152,bootstrap_mean,Additional random bootstrap-mean quadrat selected with seed 20260703
20m,317,fixed_3000,3000,0.0963020030816641,50,6.856185242880421,6.844116366985904,0.08710913354015462,6.679796383699299,7.08123679066145,all_sampled_pixels,3000,3000,0.01270518961409484,0.012319091805905572,6.831429101043351,6.88094138471749,6.843957021790115,0.012228221090305524,fixed,3000,"Fixed 3,000","3,000","Fixed 3,000 (9.6%)","3,000
9.6%",31152,bootstrap_mean,Additional random bootstrap-mean quadrat selected with seed 20260703
20m,317,fixed_4000,4000,0.12840267077555212,50,6.843957021790115,6.84877172568779,0.07425207246774625,6.6844552551584515,7.024863021313382,all_sampled_pixels,4000,4000,0.010849289706428455,0.010500828791819662,6.82285481628074,6.86505922729949,6.843957021790115,0,fixed,4000,"Fixed 4,000","4,000","Fixed 4,000 (12.8%)","4,000
12.8%",31152,bootstrap_mean,Additional random bootstrap-mean quadrat selected with seed 20260703
20m,405,pct_1,364,0.010009074160640142,50,7.379647013033145,7.419785757022814,0.2771472523720865,6.720365513949554,8.020003745893934,all_sampled_pixels,364,364,0.03755562452819472,0.03919454030790436,7.3008826353997165,7.458411390666573,7.426652543184888,-0.04700553015174336,percent,0.01,1% of pixels,1%,1% of pixels = 364 pixels (1.0%),"1%
364 px",36367,bootstrap_mean,Additional random bootstrap-mean quadrat selected with seed 20260703
20m,405,pct_2,727,0.019990650864795005,50,7.421442972717239,7.403311766321757,0.2288939494543973,6.962830463682143,7.915583423287414,all_sampled_pixels,727,727,0.030842243253213542,0.032370492766355036,7.356392032040301,7.4864939133941775,7.426652543184888,-0.005209570467648916,percent,0.02,2% of pixels,2%,2% of pixels = 727 pixels (2.0%),"2%
727 px",36367,bootstrap_mean,Additional random bootstrap-mean quadrat selected with seed 20260703
20m,405,pct_3,1091,0.02999972502543515,50,7.4160185083724395,7.4073000335269255,0.15603915571004484,7.131858302717575,7.821008764303932,all_sampled_pixels,1091,1091,0.021040826089347243,0.022067269026639257,7.371672670985436,7.460364345759443,7.426652543184888,-0.010634034812448512,percent,0.03,3% of pixels,3%,"3% of pixels = 1,091 pixels (3.0%)","3%
1,091 px",36367,bootstrap_mean,Additional random bootstrap-mean quadrat selected with seed 20260703
20m,405,fixed_1250,1250,0.03437182060659389,50,7.389923668657446,7.382738837020694,0.1467840109014124,7.09556579994356,7.693301399786133,all_sampled_pixels,1250,1250,0.019862723552066024,0.020758393895629765,7.3482081143222135,7.431639222992679,7.426652543184888,-0.03672887452744167,fixed,1250,"Fixed 1,250","1,250","Fixed 1,250 (3.4%)","1,250
3.4%",36367,bootstrap_mean,Additional random bootstrap-mean quadrat selected with seed 20260703
20m,405,fixed_2000,2000,0.054994912970550223,50,7.420902998545051,7.415621889539433,0.10210850879249043,7.207549710446507,7.679240653408025,all_sampled_pixels,2000,2000,0.013759580042012397,0.01444032379680324,7.391884081426867,7.449921915663235,7.426652543184888,-0.005749544639837012,fixed,2000,"Fixed 2,000","2,000","Fixed 2,000 (5.5%)","2,000
5.5%",36367,bootstrap_mean,Additional random bootstrap-mean quadrat selected with seed 20260703
20m,405,fixed_3000,3000,0.08249236945582533,50,7.387684909185597,7.387173197015729,0.0976498900082024,7.119183838793173,7.599190681505756,all_sampled_pixels,3000,3000,0.013217928377912793,0.013809779881384081,7.359933117505762,7.415436700865432,7.426652543184888,-0.03896763399929082,fixed,3000,"Fixed 3,000","3,000","Fixed 3,000 (8.2%)","3,000
8.2%",36367,bootstrap_mean,Additional random bootstrap-mean quadrat selected with seed 20260703
20m,405,fixed_4000,4000,0.10998982594110045,50,7.426652543184888,7.418943989482358,0.09888685290698479,7.225825699465058,7.640974040093944,all_sampled_pixels,4000,4000,0.01331513118891349,0.01398471285214512,7.398549210538854,7.454755875830922,7.426652543184888,0,fixed,4000,"Fixed 4,000","4,000","Fixed 4,000 (11.0%)","4,000
11.0%",36367,bootstrap_mean,Additional random bootstrap-mean quadrat selected with seed 20260703
20m,821,pct_1,292,0.010002055216825375,50,6.377410621455324,6.380690933025095,0.21995352822250594,5.946383740097037,6.948912558775671,all_sampled_pixels,292,292,0.03448947249570588,0.03110612627040812,6.314900520379297,6.439920722531351,6.371073290189662,0.0063373312656622716,percent,0.01,1% of pixels,1%,1% of pixels = 292 pixels (1.0%),"1%
292 px",29194,bootstrap_mean,Additional random bootstrap-mean quadrat selected with seed 20260703
20m,821,pct_2,584,0.02000411043365075,50,6.327395175941278,6.335661731861844,0.13181075381231716,6.079927325013646,6.549377390608941,all_sampled_pixels,584,584,0.02083175621992168,0.018640855570800006,6.289934974187295,6.36485537769526,6.371073290189662,-0.04367811424838397,percent,0.02,2% of pixels,2%,2% of pixels = 584 pixels (2.0%),"2%
584 px",29194,bootstrap_mean,Additional random bootstrap-mean quadrat selected with seed 20260703
20m,821,pct_3,876,0.030006165650476126,50,6.36618054732633,6.365574505923602,0.11558612953964854,6.141217652024151,6.554672508282572,all_sampled_pixels,876,876,0.018156275757556458,0.016346347201718438,6.333331332772239,6.399029761880421,6.371073290189662,-0.004892742863331634,percent,0.03,3% of pixels,3%,3% of pixels = 876 pixels (3.0%),"3%
876 px",29194,bootstrap_mean,Additional random bootstrap-mean quadrat selected with seed 20260703
20m,821,fixed_1250,1250,0.042817017195314104,50,6.3603654941206,6.370027391952423,0.114190308386864,6.099023315711069,6.672659033146853,all_sampled_pixels,1250,1250,0.017953419263785915,0.016148948281226923,6.327912967548966,6.392818020692235,6.371073290189662,-0.01070779606906136,fixed,1250,"Fixed 1,250","1,250","Fixed 1,250 (4.3%)","1,250
4.3%",29194,bootstrap_mean,Additional random bootstrap-mean quadrat selected with seed 20260703
20m,821,fixed_2000,2000,0.06850722751250257,50,6.367547892794298,6.352517487915187,0.07534004769336192,6.236751218171843,6.537060710655682,all_sampled_pixels,2000,2000,0.011831877664967216,0.010654691723778824,6.346136488146946,6.38895929744165,6.371073290189662,-0.0035253973953635054,fixed,2000,"Fixed 2,000","2,000","Fixed 2,000 (6.9%)","2,000
6.9%",29194,bootstrap_mean,Additional random bootstrap-mean quadrat selected with seed 20260703
20m,821,fixed_3000,3000,0.10276084126875386,50,6.375203921852983,6.38300834384686,0.06293967888703499,6.225675584160742,6.526441679230598,all_sampled_pixels,3000,3000,0.009872575004430803,0.008901014749345243,6.357316663027377,6.3930911806785895,6.371073290189662,0.004130631663321616,fixed,3000,"Fixed 3,000","3,000","Fixed 3,000 (10.3%)","3,000
10.3%",29194,bootstrap_mean,Additional random bootstrap-mean quadrat selected with seed 20260703
20m,821,fixed_4000,4000,0.13701445502500514,50,6.371073290189662,6.364351560360737,0.059973904487761846,6.2209828529409545,6.501481022636798,all_sampled_pixels,4000,4000,0.009413469560946845,0.008481590911506144,6.354028895122439,6.388117685256884,6.371073290189662,0,fixed,4000,"Fixed 4,000","4,000","Fixed 4,000 (13.7%)","4,000
13.7%",29194,bootstrap_mean,Additional random bootstrap-mean quadrat selected with seed 20260703
20m,905,pct_1,270,0.009992228266903519,50,10.392448683634598,10.409035232593435,0.7108506771376624,9.065660391052957,12.128292090749188,all_sampled_pixels,270,270,0.06840069157686265,0.10052946684301803,10.190427156465065,10.59447021080413,10.515310524801436,-0.12286184116683785,percent,0.01,1% of pixels,1%,1% of pixels = 270 pixels (1.0%),"1%
270 px",27021,bootstrap_mean,Additional random bootstrap-mean quadrat selected with seed 20260703
20m,905,pct_2,540,0.019984456533807038,50,10.535105804332597,10.564244983762084,0.6654777325713152,9.292382054161122,12.302764958237349,all_sampled_pixels,540,540,0.06316763637035665,0.09411276348596494,10.3459791253334,10.724232483331793,10.515310524801436,0.019795279531161114,percent,0.02,2% of pixels,2%,2% of pixels = 540 pixels (2.0%),"2%
540 px",27021,bootstrap_mean,Additional random bootstrap-mean quadrat selected with seed 20260703
20m,905,pct_3,811,0.030013693053550942,50,10.47122252933471,10.498634163187408,0.5782977358415241,9.169472630021454,11.420725178233445,all_sampled_pixels,811,811,0.05522733703934246,0.08178365011167368,10.306872131268248,10.635572927401173,10.515310524801436,-0.04408799546672526,percent,0.03,3% of pixels,3%,3% of pixels = 811 pixels (3.0%),"3%
811 px",27021,bootstrap_mean,Additional random bootstrap-mean quadrat selected with seed 20260703
20m,905,fixed_1250,1250,0.046260316050479255,50,10.497652740988514,10.45527549588801,0.4737568622175036,9.434435120840487,11.598716019334285,all_sampled_pixels,1250,1250,0.045129789859375005,0.06699933798153153,10.363012530476775,10.632292951500252,10.515310524801436,-0.017657783812921934,fixed,1250,"Fixed 1,250","1,250","Fixed 1,250 (4.6%)","1,250
4.6%",27021,bootstrap_mean,Additional random bootstrap-mean quadrat selected with seed 20260703
20m,905,fixed_2000,2000,0.07401650568076681,50,10.430995366812184,10.419967599476147,0.3406159294056446,9.776508208813798,11.065544503284338,all_sampled_pixels,2000,2000,0.03265421155198348,0.04817036669257793,10.334193390743344,10.527797342881023,10.515310524801436,-0.08431515798925204,fixed,2000,"Fixed 2,000","2,000","Fixed 2,000 (7.4%)","2,000
7.4%",27021,bootstrap_mean,Additional random bootstrap-mean quadrat selected with seed 20260703
20m,905,fixed_3000,3000,0.11102475852115022,50,10.434489360027769,10.428523768852475,0.26681375747667774,9.970876182031812,11.016170255057519,all_sampled_pixels,3000,3000,0.02557037036223186,0.03773316344512434,10.358661729149896,10.510316990905642,10.515310524801436,-0.08082116477366696,fixed,3000,"Fixed 3,000","3,000","Fixed 3,000 (11.1%)","3,000
11.1%",27021,bootstrap_mean,Additional random bootstrap-mean quadrat selected with seed 20260703
20m,905,fixed_4000,4000,0.14803301136153363,50,10.515310524801436,10.555040582706752,0.2103914492739705,10.031174573316454,11.017072493007447,all_sampled_pixels,4000,4000,0.02000810615889476,0.029753844097058012,10.455517936494584,10.575103113108288,10.515310524801436,0,fixed,4000,"Fixed 4,000","4,000","Fixed 4,000 (14.8%)","4,000
14.8%",27021,bootstrap_mean,Additional random bootstrap-mean quadrat selected with seed 20260703
20m,912,pct_1,296,0.009993922614626241,50,8.225568518494704,8.24338007536079,0.3268482729350444,7.569218953705877,9.02922010112646,all_sampled_pixels,296,296,0.039735645287027326,0.04622332604229628,8.132679267102354,8.318457769887054,8.237186350669466,-0.0116178321747622,percent,0.01,1% of pixels,1%,1% of pixels = 296 pixels (1.0%),"1%
296 px",29618,bootstrap_mean,Additional random bootstrap-mean quadrat selected with seed 20260703
20m,912,pct_2,592,0.019987845229252482,50,8.248655906630436,8.204133120403583,0.25080522980371583,7.7636641016891925,8.771203000644773,all_sampled_pixels,592,592,0.03040558760635336,0.03546921575025157,8.177377848978336,8.319933964282535,8.237186350669466,0.011469555960969657,percent,0.02,2% of pixels,2%,2% of pixels = 592 pixels (2.0%),"2%
592 px",29618,bootstrap_mean,Additional random bootstrap-mean quadrat selected with seed 20260703
20m,912,pct_3,889,0.030015531095955162,50,8.252740684880054,8.249652137822341,0.18836040339459328,7.854433703006862,8.731523210776942,all_sampled_pixels,889,889,0.022823981824570187,0.0266381837094701,8.199209250535404,8.306272119224705,8.237186350669466,0.015554334210587939,percent,0.03,3% of pixels,3%,3% of pixels = 889 pixels (3.0%),"3%
889 px",29618,bootstrap_mean,Additional random bootstrap-mean quadrat selected with seed 20260703
20m,912,fixed_1250,1250,0.042204065095550004,50,8.235415398614643,8.209503081056269,0.16050100157217823,7.946461641658457,8.605678641441052,all_sampled_pixels,1250,1250,0.019489120317983912,0.022698269319783988,8.189801518663915,8.281029278565372,8.237186350669466,-0.0017709520548230273,fixed,1250,"Fixed 1,250","1,250","Fixed 1,250 (4.2%)","1,250
4.2%",29618,bootstrap_mean,Additional random bootstrap-mean quadrat selected with seed 20260703
20m,912,fixed_2000,2000,0.06752650415288,50,8.201416331445662,8.196832392260593,0.12145544902061699,7.916887536004953,8.465400210896952,all_sampled_pixels,2000,2000,0.014809082250212758,0.01717639432290706,8.16689907475118,8.235933588140144,8.237186350669466,-0.035770019223804184,fixed,2000,"Fixed 2,000","2,000","Fixed 2,000 (6.8%)","2,000
6.8%",29618,bootstrap_mean,Additional random bootstrap-mean quadrat selected with seed 20260703
20m,912,fixed_3000,3000,0.10128975622932,50,8.268507242715284,8.2641798397387909,0.10131372729520417,8.00908582620885,8.572685224832066,all_sampled_pixels,3000,3000,0.012252964691355086,0.014327924719544697,8.239714199999435,8.297300285431133,8.237186350669466,0.03132089204581767,fixed,3000,"Fixed 3,000","3,000","Fixed 3,000 (10.1%)","3,000
10.1%",29618,bootstrap_mean,Additional random bootstrap-mean quadrat selected with seed 20260703
20m,912,fixed_4000,4000,0.13505300830576,50,8.237186350669466,8.238449886910267,0.07775217039235233,8.068630218775722,8.445387093541097,all_sampled_pixels,4000,4000,0.009439166128132226,0.010995817387280846,8.215089428335991,8.259283273002941,8.237186350669466,0,fixed,4000,"Fixed 4,000","4,000","Fixed 4,000 (13.5%)","4,000
13.5%",29618,bootstrap_mean,Additional random bootstrap-mean quadrat selected with seed 20260703
50m,sub50_15,fixed_1250,1250,0.0072345498952437175,50,6.804372714809742,6.818047549306782,0.1404071156181334,6.50321773182284,7.096515060166068,all_sampled_pixels,1250,1250,0.020634836083058297,0.019856564716085146,6.764469454061843,6.844275975557641,6.789539524328665,0.014833190481076564,fixed,1250,"Fixed 1,250","1,250","Fixed 1,250 (0.7%)","1,250
0.7%",172782,bootstrap_mean,Additional random bootstrap-mean quadrat selected with seed 20260703
50m,sub50_15,pct_1,1728,0.010001041775184915,50,6.79636622801331,6.805640005516193,0.10593096391479878,6.536318417513284,7.018356622739945,all_sampled_pixels,1728,1728,0.015586411967938365,0.014980900584356336,6.766260981169093,6.826471474857528,6.789539524328665,0.006826703684644997,percent,0.01,1% of pixels,1%,"1% of pixels = 1,728 pixels (1.0%)","1%
1,728 px",172782,bootstrap_mean,Additional random bootstrap-mean quadrat selected with seed 20260703
50m,sub50_15,pct_2,3456,0.02000208355036983,50,6.794868198874379,6.786198064210508,0.06992127826941513,6.674467375757539,6.9480313920536485,all_sampled_pixels,3456,3456,0.010290306776075233,0.009888362002707004,6.774996791457969,6.8147396062907895,6.789539524328665,0.005328674545713952,percent,0.02,2% of pixels,2%,"2% of pixels = 3,456 pixels (2.0%)","2%
3,456 px",172782,bootstrap_mean,Additional random bootstrap-mean quadrat selected with seed 20260703
50m,sub50_15,fixed_4000,4000,0.023150559664779895,50,6.789539524328665,6.784353237852159,0.06999863502693005,6.65007804225148,6.939074076246052,all_sampled_pixels,4000,4000,0.010309776498996278,0.009899301900268885,6.769646132365018,6.809432916292312,6.789539524328665,0,fixed,4000,"Fixed 4,000","4,000","Fixed 4,000 (2.3%)","4,000
2.3%",172782,bootstrap_mean,Additional random bootstrap-mean quadrat selected with seed 20260703
50m,sub50_15,pct_3,5000,0.02893819958097487,50,6.790777638478867,6.800315067551832,0.05515458630108199,6.6733943673360985,6.927139017951366,all_sampled_pixels,5000,5000,0.008121983848883116,0.007800036397406747,6.775102878485932,6.806452398471802,6.789539524328665,0.0012381141502020299,percent,0.03,3% of pixels,3%,"3% of pixels = 5,000 pixels (2.9%)","3%
5,000 px",172782,bootstrap_mean,Additional random bootstrap-mean quadrat selected with seed 20260703
50m,sub50_15,fixed_6000,6000,0.03472583949716984,50,6.799373400319273,6.794396968099505,0.059245666156925204,6.698655388626456,6.917369515364863,all_sampled_pixels,6000,6000,0.008713400878107864,0.008378602459095231,6.782535968295725,6.816210832342821,6.789539524328665,0.009833875990607588,fixed,6000,"Fixed 6,000","6,000","Fixed 6,000 (3.5%)","6,000
3.5%",172782,bootstrap_mean,Additional random bootstrap-mean quadrat selected with seed 20260703
50m,sub50_15,fixed_8000,8000,0.04630111932955979,50,6.784848504351806,6.784026512006557,0.05188931804613298,6.685080330287424,6.930373981612139,all_sampled_pixels,8000,8000,0.007647822646718073,0.007338257732313225,6.770101723329277,6.799595285374335,6.789539524328665,-0.004691019976859501,fixed,8000,"Fixed 8,000","8,000","Fixed 8,000 (4.6%)","8,000
4.6%",172782,bootstrap_mean,Additional random bootstrap-mean quadrat selected with seed 20260703
50m,sub50_24,fixed_1250,1250,0.007493286015729906,50,7.046662850156829,7.0484744563876625,0.14026990521888325,6.774174184052841,7.368569139450977,all_sampled_pixels,1250,1250,0.01990586298814643,0.019837160235333325,7.006798584172938,7.0865271161407195,7.060719739940533,-0.014056889783703674,fixed,1250,"Fixed 1,250","1,250","Fixed 1,250 (0.7%)","1,250
0.7%",166816,bootstrap_mean,Additional random bootstrap-mean quadrat selected with seed 20260703
50m,sub50_24,pct_1,1668,0.009999040859389987,50,7.0791675484841186,7.10018829735685,0.12458644429295584,6.817514794599771,7.3658144117165945,all_sampled_pixels,1668,1668,0.017599024664931667,0.017619183920693823,7.043760472778667,7.11457462418957,7.060719739940533,0.018447808543585964,percent,0.01,1% of pixels,1%,"1% of pixels = 1,668 pixels (1.0%)","1%
1,668 px",166816,bootstrap_mean,Additional random bootstrap-mean quadrat selected with seed 20260703
50m,sub50_24,pct_2,3336,0.019998081718779974,50,7.072931408090689,7.075367247522005,0.07582032599699944,6.8767818744057125,7.249380491788319,all_sampled_pixels,3336,3336,0.010719788107978676,0.010722613332850595,7.05138350985968,7.0944793063216975,7.060719739940533,0.012211668150156285,percent,0.02,2% of pixels,2%,"2% of pixels = 3,336 pixels (2.0%)","2%
3,336 px",166816,bootstrap_mean,Additional random bootstrap-mean quadrat selected with seed 20260703
50m,sub50_24,fixed_4000,4000,0.0239785152503357,50,7.060719739940533,7.058532960894386,0.0852354153220475,6.919277133294617,7.241915420445527,all_sampled_pixels,4000,4000,0.012071774331998252,0.012054108034294308,7.036496102929134,7.084943376951931,7.060719739940533,0,fixed,4000,"Fixed 4,000","4,000","Fixed 4,000 (2.4%)","4,000
2.4%",166816,bootstrap_mean,Additional random bootstrap-mean quadrat selected with seed 20260703
50m,sub50_24,pct_3,5000,0.029973144062919625,50,7.064001977827862,7.067318177859924,0.06908523804754044,6.941037674221583,7.274485393398102,all_sampled_pixels,5000,5000,0.009779900722618955,0.009770128060660544,7.044368170413578,7.083635785242147,7.060719739940533,0.003282237887329842,percent,0.03,3% of pixels,3%,"3% of pixels = 5,000 pixels (3.0%)","3%
5,000 px",166816,bootstrap_mean,Additional random bootstrap-mean quadrat selected with seed 20260703
50m,sub50_24,fixed_6000,6000,0.03596777287550355,50,7.064901270866846,7.077523194703389,0.06614232149937459,6.898966250014995,7.170778118661867,all_sampled_pixels,6000,6000,0.009362101317979082,0.009353936811125708,7.0461038310815365,7.083698710652156,7.060719739940533,0.00418153092631357,fixed,6000,"Fixed 6,000","6,000","Fixed 6,000 (3.6%)","6,000
3.6%",166816,bootstrap_mean,Additional random bootstrap-mean quadrat selected with seed 20260703
50m,sub50_24,fixed_8000,8000,0.0479570305006714,50,7.071685763393221,7.068578282461969,0.05684323875816981,6.961696805451906,7.212944896950252,all_sampled_pixels,8000,8000,0.0080381454521665,0.00803884791810157,7.055531093681957,7.0878404331044855,7.060719739940533,0.01096602345268849,fixed,8000,"Fixed 8,000","8,000","Fixed 8,000 (4.8%)","8,000
4.8%",166816,bootstrap_mean,Additional random bootstrap-mean quadrat selected with seed 20260703
50m,sub50_36,fixed_1250,1250,0.007175536586625948,50,8.226536009931378,8.217591131932583,0.16329075490955153,7.969928801222059,8.641301594594166,all_sampled_pixels,1250,1250,0.01984927248995457,0.023092800020322882,8.180129290854559,8.272942729008196,8.269576824222064,-0.04304081429068596,fixed,1250,"Fixed 1,250","1,250","Fixed 1,250 (0.7%)","1,250
0.7%",174203,bootstrap_mean,Original random bootstrap-mean quadrat selected with seed 20260703
50m,sub50_36,pct_1,1742,0.00999982778712192,50,8.330993360703943,8.321356318828016,0.17906989571049509,8.033330479238602,8.813053062492013,all_sampled_pixels,1742,1742,0.021494423048653618,0.025324307512651786,8.280102259429071,8.381884461978814,8.269576824222064,0.061416536481878836,percent,0.01,1% of pixels,1%,"1% of pixels = 1,742 pixels (1.0%)","1%
1,742 px",174203,bootstrap_mean,Original random bootstrap-mean quadrat selected with seed 20260703
50m,sub50_36,pct_2,3484,0.01999965557424384,50,8.324169286529747,8.320986297112366,0.08832456030524806,8.121258456809082,8.513692898550527,all_sampled_pixels,3484,3484,0.010610615577962324,0.012490979107432212,8.299067724227953,8.34927084883154,8.269576824222064,0.05459246230768322,percent,0.02,2% of pixels,2%,"2% of pixels = 3,484 pixels (2.0%)","2%
3,484 px",174203,bootstrap_mean,Original random bootstrap-mean quadrat selected with seed 20260703
50m,sub50_36,fixed_4000,4000,0.02296171707720303,50,8.269576824222064,8.274359573734287,0.11391356522963723,8.075543892773416,8.498390378023826,all_sampled_pixels,4000,4000,0.01377501747078253,0.01610981088860252,8.237202947185493,8.301950701258635,8.269576824222064,0,fixed,4000,"Fixed 4,000","4,000","Fixed 4,000 (2.3%)","4,000
2.3%",174203,bootstrap_mean,Original random bootstrap-mean quadrat selected with seed 20260703
50m,sub50_36,pct_3,5000,0.028702146346503792,50,8.29402877425416,8.290727167681805,0.09046178828523783,8.101261095642212,8.551473312137867,all_sampled_pixels,5000,5000,0.010906857300283793,0.01279322878695069,8.268319818480975,8.319737730027345,8.269576824222064,0.024451950032096548,percent,0.03,3% of pixels,3%,"3% of pixels = 5,000 pixels (2.9%)","3%
5,000 px",174203,bootstrap_mean,Original random bootstrap-mean quadrat selected with seed 20260703
50m,sub50_36,fixed_6000,6000,0.03444257561580455,50,8.296757790705643,8.308905800867054,0.08267065763841694,8.123811616500763,8.423909705799597,all_sampled_pixels,6000,6000,0.009964212494069417,0.011691396524255214,8.27326304976304,8.320252531648245,8.269576824222064,0.027180966483578928,fixed,6000,"Fixed 6,000","6,000","Fixed 6,000 (3.4%)","6,000
3.4%",174203,bootstrap_mean,Original random bootstrap-mean quadrat selected with seed 20260703
50m,sub50_36,fixed_8000,8000,0.04592343415440606,50,8.281317742347447,8.273246904867937,0.09253214347500008,8.072951433342915,8.514313998976549,all_sampled_pixels,8000,8000,0.011173601394597697,0.01308602122577982,8.255020398139573,8.307615086555321,8.269576824222064,0.01174091812538336,fixed,8000,"Fixed 8,000","8,000","Fixed 8,000 (4.6%)","8,000
4.6%",174203,bootstrap_mean,Original random bootstrap-mean quadrat selected with seed 20260703
50m,sub50_49,fixed_1250,1250,0.006039872824437809,50,7.395181793446394,7.380217956776018,0.20844411273975816,6.852431611909836,7.867802300915697,all_sampled_pixels,1250,1250,0.028186475811112745,0.029478449123339242,7.335942632059157,7.454420954833631,7.423923565115335,-0.02874177166894132,fixed,1250,"Fixed 1,250","1,250","Fixed 1,250 (0.6%)","1,250
0.6%",206958,bootstrap_mean,Additional random bootstrap-mean quadrat selected with seed 20260703
50m,sub50_49,pct_1,2070,0.010002029397269012,50,7.403868821660111,7.408662639242635,0.15755923813568673,7.076341314340149,7.735672728801345,all_sampled_pixels,2070,2070,0.02128066311422823,0.022282241144866034,7.359090981627646,7.4486466616925755,7.423923565115335,-0.02005474345522451,percent,0.01,1% of pixels,1%,"1% of pixels = 2,070 pixels (1.0%)","1%
2,070 px",206958,bootstrap_mean,Additional random bootstrap-mean quadrat selected with seed 20260703
50m,sub50_49,fixed_4000,4000,0.019327593038200988,50,7.423923565115335,7.412681913148784,0.10377933960453668,7.214637312836488,7.6446046940296695,all_sampled_pixels,4000,4000,0.013979042038119961,0.014676614956285904,7.394429803134303,7.453417327096368,7.423923565115335,0,fixed,4000,"Fixed 4,000","4,000","Fixed 4,000 (1.9%)","4,000
1.9%",206958,bootstrap_mean,Additional random bootstrap-mean quadrat selected with seed 20260703
50m,sub50_49,pct_2,4139,0.019999226896278473,50,7.3972086940055695,7.369343775828954,0.1065689107645458,7.1826190607186735,7.64580064269246,all_sampled_pixels,4139,4139,0.014406638391979585,0.01507111989305488,7.366922144672681,7.427495243338458,7.423923565115335,-0.02671487110976578,percent,0.02,2% of pixels,2%,"2% of pixels = 4,139 pixels (2.0%)","2%
4,139 px",206958,bootstrap_mean,Additional random bootstrap-mean quadrat selected with seed 20260703
50m,sub50_49,pct_3,5000,0.024159491297751235,50,7.420413448598869,7.419580364267082,0.10837109951857807,7.2121120402741274,7.667512696490393,all_sampled_pixels,5000,5000,0.014604455704424505,0.015325987870845749,7.389614722889075,7.4512121743086634,7.423923565115335,-0.003510116516466155,percent,0.03,3% of pixels,3%,"3% of pixels = 5,000 pixels (2.4%)","3%
5,000 px",206958,bootstrap_mean,Additional random bootstrap-mean quadrat selected with seed 20260703
50m,sub50_49,fixed_6000,6000,0.028991389557301482,50,7.411123291660019,7.4247014664441435,0.08473559663199329,7.216087350345789,7.6280212124393545,all_sampled_pixels,6000,6000,0.011433569959273117,0.011983422997274085,7.387041701548652,7.435204881771385,7.423923565115335,-0.012800273455316535,fixed,6000,"Fixed 6,000","6,000","Fixed 6,000 (2.9%)","6,000
2.9%",206958,bootstrap_mean,Additional random bootstrap-mean quadrat selected with seed 20260703
50m,sub50_49,fixed_8000,8000,0.038655186076401976,50,7.407005889461989,7.400306745766146,0.0837658341736065,7.255351284642632,7.587166845586053,all_sampled_pixels,8000,8000,0.011309000616940358,0.011846277875181,7.3831999027918735,7.430811876132105,7.423923565115335,-0.01691767565334601,fixed,8000,"Fixed 8,000","8,000","Fixed 8,000 (3.9%)","8,000
3.9%",206958,bootstrap_mean,Additional random bootstrap-mean quadrat selected with seed 20260703
50m,sub50_51,fixed_1250,1250,0.006230343266992638,50,6.7542065478090665,6.737643625430094,0.16386209455892076,6.432860405826935,7.100036505362631,all_sampled_pixels,1250,1250,0.024260746750789614,0.023173599648408826,6.707637455800477,6.8007756398176555,6.7780559109770095,-0.02384936316794306,fixed,1250,"Fixed 1,250","1,250","Fixed 1,250 (0.6%)","1,250
0.6%",200631,bootstrap_mean,Additional random bootstrap-mean quadrat selected with seed 20260703
50m,sub50_51,pct_1,2006,0.009998454874869786,50,6.7640882744065385,6.767606350819335,0.12165924083241786,6.554554953876621,7.058366014971355,all_sampled_pixels,2006,2006,0.0179860516150777,0.017205214837321996,6.729513100719967,6.79866344809311,6.7780559109770095,-0.013967636570471065,percent,0.01,1% of pixels,1%,"1% of pixels = 2,006 pixels (1.0%)","1%
2,006 px",200631,bootstrap_mean,Additional random bootstrap-mean quadrat selected with seed 20260703
50m,sub50_51,fixed_4000,4000,0.019937098454376443,50,6.7780559109770095,6.770353794826219,0.08037100097179149,6.623748161818245,6.940685610600063,all_sampled_pixels,4000,4000,0.011857529950679704,0.011366175959580872,6.755214725227782,6.800897096726237,6.7780559109770095,0,fixed,4000,"Fixed 4,000","4,000","Fixed 4,000 (2.0%)","4,000
2.0%",200631,bootstrap_mean,Additional random bootstrap-mean quadrat selected with seed 20260703
50m,sub50_51,pct_2,4013,0.020001894024353165,50,6.758226782869954,6.750622779341583,0.07474993228660293,6.592063568596939,6.934869262585354,all_sampled_pixels,4013,4013,0.011060583595103856,0.010571236802618435,6.736983087165583,6.779470478574326,6.7780559109770095,-0.019829128107055283,percent,0.02,2% of pixels,2%,"2% of pixels = 4,013 pixels (2.0%)","2%
4,013 px",200631,bootstrap_mean,Additional random bootstrap-mean quadrat selected with seed 20260703
50m,sub50_51,pct_3,5000,0.024921373067970553,50,6.747487993524791,6.755449707756955,0.06600819172456311,6.596690583405144,6.8570233465500205,all_sampled_pixels,5000,5000,0.009782631964355876,0.009334967996460065,6.7287286729997104,6.766247314049871,6.7780559109770095,-0.03056791745221865,percent,0.03,3% of pixels,3%,"3% of pixels = 5,000 pixels (2.5%)","3%
5,000 px",200631,bootstrap_mean,Additional random bootstrap-mean quadrat selected with seed 20260703
50m,sub50_51,fixed_6000,6000,0.029905647681564663,50,6.771267286216924,6.77895584053196,0.06931679120864302,6.595551248057768,6.942867295470723,all_sampled_pixels,6000,6000,0.010236900757076745,0.009802874622744708,6.751567672122373,6.790966900311474,6.7780559109770095,-0.006788624760085682,fixed,6000,"Fixed 6,000","6,000","Fixed 6,000 (3.0%)","6,000
3.0%",200631,bootstrap_mean,Additional random bootstrap-mean quadrat selected with seed 20260703
50m,sub50_51,fixed_8000,8000,0.039874196908752886,50,6.776063779053481,6.779516283629672,0.04972520017094024,6.624367393447779,6.873691664172369,all_sampled_pixels,8000,8000,0.007338360705023667,0.007032205247346063,6.761932033526004,6.790195524580958,6.7780559109770095,-0.0019921319235285395,fixed,8000,"Fixed 8,000","8,000","Fixed 8,000 (4.0%)","8,000
4.0%",200631,bootstrap_mean,Additional random bootstrap-mean quadrat selected with seed 20260703
50m,sub50_56,fixed_1250,1250,0.00859106529209622,50,6.969181589979257,6.9747405561666,0.12561517052109014,6.72574052983457,7.237536718596405,all_sampled_pixels,1250,1250,0.018024379032067096,0.017764667779073467,6.933482153514603,7.004881026443911,6.994452666364751,-0.02527107638549353,fixed,1250,"Fixed 1,250","1,250","Fixed 1,250 (0.9%)","1,250
0.9%",145500,bootstrap_mean,Additional random bootstrap-mean quadrat selected with seed 20260703
50m,sub50_56,pct_1,1455,0.01,50,7.00090622843068,7.0111380053711105,0.11434600470649098,6.729763304480576,7.2785844880876205,all_sampled_pixels,1455,1455,0.016333029035888503,0.01617096706590973,6.968409453454596,7.0334030034067645,6.994452666364751,0.006453562065929397,percent,0.01,1% of pixels,1%,"1% of pixels = 1,455 pixels (1.0%)","1%
1,455 px",145500,bootstrap_mean,Additional random bootstrap-mean quadrat selected with seed 20260703
50m,sub50_56,pct_2,2910,0.02,50,6.992630255717178,6.987736342933271,0.08435217154598988,6.809206769962771,7.21505505414188,all_sampled_pixels,2910,2910,0.012063010406852773,0.011929198501596077,6.968657633809571,7.016602877624785,6.994452666364751,-0.0018224106475726032,percent,0.02,2% of pixels,2%,"2% of pixels = 2,910 pixels (2.0%)","2%
2,910 px",145500,bootstrap_mean,Additional random bootstrap-mean quadrat selected with seed 20260703
50m,sub50_56,fixed_4000,4000,0.027491408934707903,50,6.994452666364751,6.994980406785867,0.055253068332995724,6.8223874005750655,7.093230345665951,all_sampled_pixels,4000,4000,0.007899555686279678,0.007813963859924992,6.978749918088023,7.010155414641479,6.994452666364751,0,fixed,4000,"Fixed 4,000","4,000","Fixed 4,000 (2.7%)","4,000
2.7%",145500,bootstrap_mean,Additional random bootstrap-mean quadrat selected with seed 20260703
50m,sub50_56,pct_3,4365,0.03,50,6.99645880455401,6.985227620860142,0.06495243998779308,6.885538015039411,7.143600993828982,all_sampled_pixels,4365,4365,0.009283616441150973,0.009185662153996152,6.977999525352704,7.014918083755315,6.994452666364751,0.002006138189258877,percent,0.03,3% of pixels,3%,"3% of pixels = 4,365 pixels (3.0%)","3%
4,365 px",145500,bootstrap_mean,Additional random bootstrap-mean quadrat selected with seed 20260703
50m,sub50_56,fixed_6000,6000,0.041237113402061855,50,6.984645579301653,6.984401385977304,0.06195915354526234,6.835655330832194,7.1213760043143575,all_sampled_pixels,6000,6000,0.008870765573112617,0.008762347525686703,6.967036982694912,7.002254175908394,6.994452666364751,-0.00980708706309752,fixed,6000,"Fixed 6,000","6,000","Fixed 6,000 (4.1%)","6,000
4.1%",145500,bootstrap_mean,Additional random bootstrap-mean quadrat selected with seed 20260703
50m,sub50_56,fixed_8000,8000,0.054982817869415807,50,6.980001387491742,6.9703803986507165,0.046240781392083534,6.902618662253439,7.085262486670889,all_sampled_pixels,8000,8000,0.006624752464225529,0.006539434017941398,6.966859902824447,6.993142872159038,6.994452666364751,-0.014451278873008455,fixed,8000,"Fixed 8,000","8,000","Fixed 8,000 (5.5%)","8,000
5.5%",145500,bootstrap_mean,Additional random bootstrap-mean quadrat selected with seed 20260703
50m,sub50_60,fixed_1250,1250,0.007599153758237482,50,7.6803977554528835,7.650903691187636,0.21866524825638461,7.326134005349774,8.209402186713694,all_sampled_pixels,1250,1250,0.028470563012330703,0.03092393597038589,7.618253779492226,7.742541731413541,7.635664502426679,0.044733253026204345,fixed,1250,"Fixed 1,250","1,250","Fixed 1,250 (0.8%)","1,250
0.8%",164492,bootstrap_mean,Original random bootstrap-mean quadrat selected with seed 20260703
50m,sub50_60,pct_1,1645,0.010000486345840527,50,7.603515247997846,7.604103336774218,0.15699714456460517,7.246759114626652,7.970137989863058,all_sampled_pixels,1645,1645,0.020647968662382256,0.022202749109711407,7.5588971531907765,7.648133342804916,7.635664502426679,-0.032149254428833096,percent,0.01,1% of pixels,1%,"1% of pixels = 1,645 pixels (1.0%)","1%
1,645 px",164492,bootstrap_mean,Original random bootstrap-mean quadrat selected with seed 20260703
50m,sub50_60,pct_2,3290,0.020000972691681055,50,7.674808088503344,7.674801356265819,0.11211473977967615,7.41604307262428,7.962836784399748,all_sampled_pixels,3290,3290,0.014608148957837918,0.015855418553834835,7.642945432003238,7.70667074500345,7.635664502426679,0.03914358607666468,percent,0.02,2% of pixels,2%,"2% of pixels = 3,290 pixels (2.0%)","2%
3,290 px",164492,bootstrap_mean,Original random bootstrap-mean quadrat selected with seed 20260703
50m,sub50_60,fixed_4000,4000,0.024317292026359946,50,7.635664502426679,7.613962871786855,0.10872196126123496,7.4481705218900265,7.886937392522021,all_sampled_pixels,4000,4000,0.014238703288585059,0.015375607214344071,7.6047660629129075,7.666562941940451,7.635664502426679,0,fixed,4000,"Fixed 4,000","4,000","Fixed 4,000 (2.4%)","4,000
2.4%",164492,bootstrap_mean,Original random bootstrap-mean quadrat selected with seed 20260703
50m,sub50_60,pct_3,4935,0.03000145903752158,50,7.658048215105688,7.657362794592533,0.0977661157351397,7.418078948231937,7.885256668135377,all_sampled_pixels,4935,4935,0.01276645340810125,0.013826216681317222,7.63026339243973,7.685833037771646,7.635664502426679,0.022383712679008738,percent,0.03,3% of pixels,3%,"3% of pixels = 4,935 pixels (3.0%)","3%
4,935 px",164492,bootstrap_mean,Original random bootstrap-mean quadrat selected with seed 20260703
50m,sub50_60,fixed_6000,6000,0.03647593803953992,50,7.655530820291595,7.653100839746267,0.07998789794789643,7.478611732804877,7.847654410207407,all_sampled_pixels,6000,6000,0.010448380370422143,0.011311997010363018,7.63279851121709,7.6782631293661,7.635664502426679,0.019866317864916105,fixed,6000,"Fixed 6,000","6,000","Fixed 6,000 (3.6%)","6,000
3.6%",164492,bootstrap_mean,Original random bootstrap-mean quadrat selected with seed 20260703
50m,sub50_60,fixed_8000,8000,0.04863458405271989,50,7.6627576523592245,7.661697812641408,0.0663694360615389,7.5319939994867084,7.8144524681294545,all_sampled_pixels,8000,8000,0.008661299113525396,0.009386055660528228,7.64389566732951,7.6816196373889385,7.635664502426679,0.027093149932545302,fixed,8000,"Fixed 8,000","8,000","Fixed 8,000 (4.9%)","8,000
4.9%",164492,bootstrap_mean,Original random bootstrap-mean quadrat selected with seed 20260703
50m,sub50_8,fixed_1250,1250,0.0066527225601805285,50,7.045415775324203,7.024158859640999,0.12504124580673606,6.818920720615735,7.288913743660839,all_sampled_pixels,1250,1250,0.017747887391497793,0.017683502567591405,7.00987944645866,7.0809521041897465,7.027437514436292,0.017978260887911546,fixed,1250,"Fixed 1,250","1,250","Fixed 1,250 (0.7%)","1,250
0.7%",187893,bootstrap_mean,Additional random bootstrap-mean quadrat selected with seed 20260703
50m,sub50_8,pct_1,1879,0.01000037255246337,50,7.051249821906867,7.035567973921534,0.12930229303225074,6.795469178193851,7.3342339183032506,all_sampled_pixels,1879,1879,0.018337499918175296,0.018286105645214913,7.014502516818714,7.08799712699502,7.027437514436292,0.02381230747057561,percent,0.01,1% of pixels,1%,"1% of pixels = 1,879 pixels (1.0%)","1%
1,879 px",187893,bootstrap_mean,Additional random bootstrap-mean quadrat selected with seed 20260703
50m,sub50_8,pct_2,3758,0.02000074510492674,50,7.0384845512675,7.042220931021686,0.07141335854761657,6.836845364926167,7.190385276912842,all_sampled_pixels,3758,3758,0.010146127057245066,0.010099374019265195,7.018189099327878,7.058780003207121,7.027437514436292,0.01104703683120789,percent,0.02,2% of pixels,2%,"2% of pixels = 3,758 pixels (2.0%)","2%
3,758 px",187893,bootstrap_mean,Additional random bootstrap-mean quadrat selected with seed 20260703
50m,sub50_8,fixed_4000,4000,0.02128871219257769,50,7.027437514436292,7.027657471677966,0.07179974025886732,6.888702377206004,7.141757636392968,all_sampled_pixels,4000,4000,0.010217058509786943,0.010154016644895568,7.007032254029311,7.047842774843272,7.027437514436292,0,fixed,4000,"Fixed 4,000","4,000","Fixed 4,000 (2.1%)","4,000
2.1%",187893,bootstrap_mean,Additional random bootstrap-mean quadrat selected with seed 20260703
50m,sub50_8,pct_3,5000,0.026610890240722114,50,7.042975663482714,7.04695816436205,0.06931090115598951,6.825418460979172,7.1870999525140125,all_sampled_pixels,5000,5000,0.00984113881230077,0.009802041643510138,7.0232777233226065,7.062673603642822,7.027437514436292,0.015538149046422589,percent,0.03,3% of pixels,3%,"3% of pixels = 5,000 pixels (2.7%)","3%
5,000 px",187893,bootstrap_mean,Additional random bootstrap-mean quadrat selected with seed 20260703
50m,sub50_8,fixed_6000,6000,0.03193306828886654,50,7.043029021630455,7.037213323152904,0.05478930870405282,6.925960320286139,7.149627564764441,all_sampled_pixels,6000,6000,0.007779225179363117,0.007748378344231775,7.027458072381979,7.058599970878932,7.027437514436292,0.01559150719416369,fixed,6000,"Fixed 6,000","6,000","Fixed 6,000 (3.2%)","6,000
3.2%",187893,bootstrap_mean,Additional random bootstrap-mean quadrat selected with seed 20260703
50m,sub50_8,fixed_8000,8000,0.04257742438515538,50,7.045789169436964,7.038770412937912,0.05169318292990943,6.937897867775001,7.193801590454738,all_sampled_pixels,8000,8000,0.007336748472994727,0.007310520038171128,7.031098129397718,7.06048020947621,7.027437514436292,0.018351655000672373,fixed,8000,"Fixed 8,000","8,000","Fixed 8,000 (4.3%)","8,000
4.3%",187893,bootstrap_mean,Additional random bootstrap-mean quadrat selected with seed 20260703
